x	y
0.295039044286361	0.315193118413401
1.55024601436018	0.771403364746472
0.293298497831847	0.312868041202896
0.430233238224466	0.173265323266744
0.500739872324725	0.672234404489441
0.311242295329533	0.307283747895116
0.652103216439262	0.206509657497921
1.31262627398235	0.575986404326764
0.416767136029826	0.166963950578058
0.643056711814629	0.808877476698472
0.42201668048743	0.169638953784636
0.670780204362144	0.313732636016028
0.800429657445199	0.336611255077566
0.262660921163019	0.218791662090914
-0.123094273170808	0.103859117025074
0.650802186307997	0.206632813066924
0.37490817997913	0.305972012010186
-0.0547857803962071	0.0359035479534293
-0.172004004929098	0.135600073652863
-0.548333448742304	0.550283978619059
0.176048956664204	0.144095716619028
0.122323457038	0.0468068087606287
0.427322831424436	0.307246655586158
0.583596294851237	0.439621204825681
0.932829613639135	0.244963311679429
-0.203858373760516	0.138852304475079
-0.213073290607664	0.11645263884113
0.428860994604476	0.308636001176709
0.516636658105464	0.295582863721255
0.151755695742407	0.0927692571212504
0.329333501547352	0.163965969532154
0.143801265477416	0.0820552094546513
0.300434781820384	0.179881947085029
-0.814556553300781	0.715808110150853
-0.643889763897163	0.156661592959279
0.271088632475486	0.202885499271931
0.0554684863685674	0.0356152937209327
0.69530356700387	0.454680204330638
-0.163793329784282	0.0597182116427333
-0.33394658667608	0.1557446928924
1.43146504336458	0.888349370461457
0.688707966315241	0.449601679432132
1.60077817935361	1.11772571249551
3.91920866228273	1.72418967780064
-1.00095912882492	0.503535816701849
0.713583232404216	0.59328274547064
0.979396298745559	0.797341603681345
0.017244309591115	0.00999318269891605
-0.160098384341429	0.0921394414394923
0.293491904064703	0.189521539637992
-0.563690687784925	0.362503691164952
0.317217413989239	0.175139024815237
0.817984460095064	0.856275215440077
1.06081124839686	1.23534145001724
0.496840500231397	0.426986111658857
0.509730325059622	0.183209946756868
-0.399409051664038	0.319569260217447
0.0330636799411073	0.0202461952258582
0.621265393599995	0.55765891804815
0.5205761872109	0.605064588714386
0.161756387520447	0.119061893047898
0.805356636757215	0.338552769608185
1.06216104169783	0.648006052299508
0.337620191934498	0.168504999859569
0.343485079370243	0.172045766003148
0.668934660984857	0.312187186591157
0.832121816886139	0.606168322057933
0.689928253510634	0.450762951486657
1.60250154184328	1.11909219815642
0.814363703205837	0.848486881296301
0.387812779890938	0.318448511610019
-0.144560916017579	0.102881110820218
-1.80368476738292	0.398254084963023
0.318019491187009	0.175655730711022
0.630519249015332	0.666591855615281
-0.354782720854907	0.217106690400285
0.481737282253308	0.302279381384333
0.806886142301205	0.340161855421042
0.50688951495116	0.182261063083595
0.134993392187805	0.0402831505348415
1.55265104250473	0.772528530641732
0.792145948552028	0.331531733820212
0.128350501127829	0.043512403302682
1.22681958697776	0.845307064723599
1.63707220902586	1.53566169484889
0.146774179931898	0.0369732700828277
0.879043619987642	0.472755150184904
-0.920673298295803	0.782332701317439
0.5885200200499	0.306560093369923
0.52509997633889	0.302589055268402
2.72478899231874	1.67702941617437
1.05220838758712	0.511294880010563
0.121728535790678	0.0581721897314501
0.299462331103762	0.179468115266097
0.29197636399526	0.188392504696062
1.34781648303053	1.24097361173751
1.43699269718358	0.893660742130789
-1.00095912882492	0.503535816701849
-1.18438075890342	0.671114459292441
-0.0286204237904597	0.014629810590741
-0.451464945514503	0.353828823949043
-1.1122698505976	1.08881602866391
-3.08991345953591	0.960747174631736
-0.334497208265933	0.155736500384637
0.273977904367951	0.195996981065812
0.77514488726241	0.731977315815666
1.21226256736868	1.45975064862058
0.711430655733659	0.589885797868723
0.834918997909731	0.759740234621419
0.856384824083186	1.08622592349245
0.825193080561394	0.747282604541994
0.436562015954118	0.408147670113149
-0.49201518565862	0.424668458207302
-1.06742243963506	0.86956342568814
-0.993198344299512	0.99774522656627
-1.63940804172935	2.3002807913119
-0.150653194786201	0.123765986941361
0.142469531863295	0.0268725113483955
0.168363051869556	0.133014021537284
-0.476321705852548	0.491118141917169
-0.953687771306689	1.10338790611558
0.555220687166363	0.44148565101564
0.0220364237902445	0.0172015041632696
0.13824848523441	0.078934692054516
0.971628203359002	0.788387598796028
0.177445075972379	0.131651996273895
0.306078037122	0.183945506222429
-0.822602246581283	0.553291962291517
-1.49251550051433	1.05360657313242
-1.4550446435164	1.5771452835219
0.636936652994927	0.450277421672273
0.031252825131395	0.0191296436367499
-0.363619197342818	0.105894774191241
0.440070944782276	0.295203432030458
-0.234573784530672	0.20230349228948
0.148457655218862	0.0907944674216916
0.404056709066868	0.304722530487939
0.0506909586679923	0.0326068194010786
0.881565295558775	0.474241349803956
0.32763567979911	0.162916256393037
0.24468437616247	0.242595497736252
0.12708393044821	0.0430466210562369
1.31176150416243	0.575573951673107
1.55125607563751	0.772432148878795
0.877473626421389	0.471687376025581
-0.263669088371171	0.133482410170888
-0.969961212425343	0.602394044508982
0.799168717349795	0.334783435258175
2.74534949223189	0.773319630917041
0.132888220671258	0.0450543248212034
0.33375938658025	0.166820837017448
0.133905570846249	0.057459032412891
0.126316936897212	0.0483286332675717
1.43834434492453	0.478363981232013
0.458079242407934	0.310775252407816
0.457842142549138	0.310901168112502
-0.0801383494630781	0.0354644295522104
-0.164563155166377	0.0598620402350741
0.127666695648323	0.0488134294645902
0.125491583405436	0.0374724453431106
-0.359168377924749	0.466470549730785
-0.0278341809142072	0.0190266963489952
-0.0515398263188266	0.0247757075133237
0.126029498362731	0.0540764454807436
0.651706549248349	0.206607040468535
2.10051794173385	0.942924711508684
-0.168621485035434	0.0613849497001624
0.450579139184349	0.304100665310755
-0.159202083037522	0.0913869955446447
-0.213493626722489	0.116726970187884
0.553905355003101	0.440646777165117
1.95062146582611	0.454190159391569
-0.626888696989402	0.521874313864196
-1.15889298235814	1.30446243076276
-1.07751743090716	1.15168669276582
0.525939714295871	0.302611339176848
0.671499016577812	0.584154510753373
-0.0279950885687093	0.0143100383846937
0.0741510474812355	0.053747784744633
1.05315319181955	0.640242320921769
0.62813612653503	0.443082230891468
0.877811694689677	0.471012161870703
0.523066517159591	0.300872324536928
0.610210470362185	0.720294913877851
-0.673745084064308	0.713205847791213
1.75955206319763	0.987433265790141
-0.6216793085348	0.301711881748498
-0.742182711888573	0.257807372285815
0.124429853890431	0.047598960284698
-0.206062423601742	0.14004188796551
0.350667766614902	0.305311112505398
-0.296457086013383	0.297427058991973
-0.0215712083514622	0.0147596896875988
-2.29873681238736	1.17708572497648
0.777288520897392	0.835820849847528
-0.553513973360332	0.558771050736451
-0.104658951730978	0.0956030025270246
-0.05264513787419	0.0345366860863979
-0.393438530825083	0.347294281710439
0.0363593955152465	0.0284792754148504
0.0562622589855557	0.0496014488674722
0.163505015042346	0.120492009720942
0.490327657740704	0.501872266854966
-0.49833654755029	0.43085892369836
0.41808235531016	0.414854375563627
-0.126414532695732	0.0759565310424735
0.626493287682634	0.564448105085503
0.288348706076884	0.207980274030489
0.319940641953838	0.300789488967956
0.048621598894507	0.0312513845392912
-0.536985981405509	0.654323365522638
0.168966456783137	0.129431303637636
-0.850817261770651	1.36158682447355
0.377755016402215	0.169490182835569
-0.561373053880694	0.568366993792073
0.176206797257312	0.156122390166318
-0.0644341284031498	0.0500156245940069
-0.2783240890733	0.258593067936721
-0.706232750621876	0.886237041710285
-0.122303575441941	0.0886932208296263
0.429243508488551	0.415508747046867
0.723928118278593	0.973296369368853
0.848663967701481	1.2259719820446
-0.408099563943258	0.328007646431057
0.404895448109378	0.305212907552219
0.151887428440723	0.0929098250702344
-0.0951586656806141	0.0590858747833137
0.696145196042996	0.947727956895833
-0.10599098995411	0.0784737809616684
-1.27619928038498	1.21834503739003
-0.449450759940087	0.395502163986864
-0.81436737019907	1.01496265933403
0.132055846316588	0.0447762654002208
0.745280258703808	0.906657204539248
0.174833071728794	0.158377769803553
-0.925389250236559	1.26215417170809
0.0304665605430173	0.0238025583951183
-0.126975918788863	0.105123754256922
-0.254191470506709	0.23786345599677
-0.198917980138807	0.204287616759887
0.661124199591496	0.843928998968133
0.342132312176614	0.400445611403907
0.806440620588965	1.11975700746071
0.166834411159832	0.123231519874232
0.167537218320978	0.123691974935029
0.172603315680489	0.132346937188301
0.388651977319626	0.389128903490866
0.263477370392976	0.212289440692969
0.0840266230066498	0.0631314783031249
0.367936268023931	0.38350521073746
0.788961890052265	0.852169665708145
-0.106325075665165	0.0786092726209495
-1.27151472948485	2.36567252684899
-0.0547360310399914	0.0482100603912841
-0.284700876960229	0.265742485053561
-0.805123103547341	0.441883797010483
-0.602027909152249	0.599570781621982
-0.506785051383498	0.620572547243423
-0.34300070234374	0.338385018623895
-0.776451770752585	1.07525725230029
-0.124666174066322	0.102957249930021
-0.451703603809002	0.525863591663369
0.519516170762122	0.659735599999272
0.174320765446537	0.138126540847719
0.39281198743535	0.393962209781671
-0.426215807142574	0.553776804455718
0.255275410646764	0.211733405195862
0.993922674071873	1.18670646834241
0.703963854845266	0.792144170997277
-0.392475315517897	0.441981899687233
0.428714574872803	0.413948113190318
0.179058991672494	0.14633881313627
0.519218112987556	0.523724804270334
0.23633854018287	0.222870869680271
0.398804492826316	0.389995103012431
-0.545680355371464	0.548373170689566
0.163399534318154	0.136329750013042
0.422022901559256	0.476245717871457
0.805769324127157	0.339679478238357
-0.73135120907778	0.712931805288885
0.311117763069149	0.314470663387459
-0.432763201729719	0.50897282201653
1.04597541486492	1.62299314442452
0.377837078048176	0.470188124932371
0.337877550487592	0.311945383331181
-1.14764371731412	1.75077117105117
0.107176841787561	0.0926377162693439
0.469344928825294	0.582349621167951
0.648976522912917	0.666018750527698
0.2758324858071	0.206742316744197
0.0836517203663154	0.0646670127628342
0.282732633851882	0.286186263871192
0.475938781244199	0.423193624097743
0.696963090158127	0.780933042887438
0.0951318296917669	0.0831599099894261
0.0797498825358979	0.055978032428641
0.282988099915504	0.318027195339303
-0.176666092194361	0.157690572519505
-0.156287636149312	0.153590184057356
-0.9654508935591	0.597166743612233
0.0952524781176987	0.074024855727391
0.0205114521670211	0.0188630143182158
-0.0916529241935124	0.0771483539435106
0.567192773785299	0.754880746228931
0.38872689662857	0.478194441283184
-0.123780690089974	0.114934512143226
0.409662110500862	0.404022789674267
-0.217402841992057	0.206878731556997
-0.398259581416841	0.413165835866137
0.109436251295483	0.0987962536871128
-0.220068486676191	0.226318337190326
-0.478225425856681	0.552276107549966
-0.265304797675985	0.250060311012337
0.736954374443052	0.810135562594148
0.926064992282139	1.41486221540225
0.261323343800961	0.210278735838152
0.856256526316777	1.24386710626842
0.459714650519966	0.421704995820458
0.11320101341656	0.108386430421101
0.465782945997287	0.411110551907513
0.167796532317851	0.132604311296064
0.179759595983207	0.159450082470356
0.648953030886045	0.76006397868675
0.401896555358616	0.302244778913112
-0.151910906104701	0.13872177976868
2.09851806560284	0.940645540920032
-0.161584569592389	0.130264738825777
0.437133461531334	0.410503775343875
-0.333921428875996	0.335387694140133
0.559358927498609	0.712362740340285
-0.754879197068618	0.990358772596304
-0.3385733662097	0.309378467943886
-0.310533599159256	0.30658882587351
-0.073051163326972	0.0557641200392765
-0.813759859411654	1.01503207980209
0.257714009914545	0.234014420116739
0.773061501499104	0.920894991355424
0.170023022326857	0.138663085335623
0.461841549679013	0.424105614967498
0.0915157059354908	0.0729485982880234
0.328057520874801	0.309982066768821
0.62782863109718	0.66221480490427
0.407676645206706	0.401902642434696
0.545971070345156	0.538504936649434
0.377414669597338	0.308774371540228
0.431006346355621	0.417044494028891
0.165544509891058	0.138153797569894
-0.0533433230550959	0.0411414652965983
0.551283863159247	0.437238491651591
0.758711720970357	1.08565534243848
1.24202583138759	2.83448663738674
0.123725372029728	0.117302319761667
0.122447566145219	0.12014422629644
0.426255170344838	0.171173986410682
-0.229139750653228	0.248682765096915
-0.149229113690019	0.122467777841231
0.122425779983124	0.123975256465497
0.388396702271513	0.467901019590754
0.244044802957584	0.247069876425219
0.102613063198786	0.0938129763502469
0.494922578959905	0.581000617897667
0.698141926617379	1.07522015618787
0.120702856058678	0.116286053239946
0.272058030744128	0.219891072233629
-0.167340641442121	0.135314652282734
0.0771160719217891	0.0741368864502355
0.285912462713427	0.290519919967037
0.166215439187821	0.131304086117342
0.494619686806383	0.595656138918931
0.0749734786636973	0.054362947228984
0.056590220890663	0.0500080804702982
0.557170282747308	0.692400301321249
0.415596583709246	0.397319744098546
0.403209698006569	0.408253226143678
0.0782674309621984	0.0753066040795101
0.28225936896907	0.323337042162065
0.300211969681155	0.293709592722318
0.169742652667017	0.166504980691327
0.413962380954191	0.312469971410617
-0.161184472095025	0.145363009905339
-1.51096972774495	2.97162596954672
0.542945037933615	0.603837775398199
-0.417252249812934	0.176263185871563
0.370289114906494	0.406378390070082
0.0951766318648923	0.0759918738151884
0.0373080714918006	0.0306918947147737
-0.182462668115722	0.176455367869072
0.634074899294888	0.758078084313418
0.170499203554769	0.150477746553486
-0.555409257407126	0.639529196002318
0.585157114049276	0.647197329752221
0.415246192176187	0.488653517151876
-0.0111310807646172	0.00916166546586235
0.701105665053049	0.786971880995675
0.177635923936327	0.136299665550047
0.511918760895106	0.530861214360956
-0.0147091023388004	0.0101898012215162
0.438030684472402	0.411852374407597
0.14457997116177	0.0929982959341904
0.630545129393881	0.569400560332407
0.144214818431366	0.0879601586649142
0.265864218385258	0.214571395543175
0.410932825591051	0.406062981376047
0.866393472417333	1.50307558011727
0.332265658450612	0.378764987602328
0.481629120439235	0.507167063869744
0.275045964458837	0.323816222585472
-0.0215630323870754	0.0211198266809706
0.172932849438321	0.202500598181793
-0.0415941580852593	0.032594033406725
1.25599581353607	2.17499915874645
0.166165660607878	0.149519284073021
-0.181696415633193	0.178912694552322
0.0739559924136291	0.0709419770875819
0.285174462073071	0.32143549287753
-1.29854797059543	0.594785420705011
0.175872629498596	0.169990020313938
-0.065437874744188	0.057058933375927
0.376364491861879	0.395263157290429
0.504606123893642	0.742138153787055
0.284142748596381	0.307781972482444
-0.689277316716091	0.959199548563647
0.236237685490632	0.275261010495138
-0.47483400333351	0.449485829506263
0.274284426943741	0.344453943947237
0.150004967546857	0.037720852406733
0.680720801510878	1.00418024388086
0.404305874833566	0.397046694030065
-0.10993786296125	0.0919576693334708
0.229376895467215	0.239523335472012
0.412043130772474	0.484047863292625
0.15538670010702	0.114017483630267
0.442419678241032	0.494141520232053
0.158940404980032	0.108057591919568
0.252916972311252	0.228873098014063
0.254519156972088	0.230209002715448
0.522142974184049	0.899735394125574
-0.172669120518596	0.168955133578313
0.44923310838708	0.561577158068858
-0.336943587347772	0.425572885786762
0.329549982655406	0.40403648383556
0.0814255448514153	0.079813212435455
-0.530577114030268	0.744146724486824
-0.147568656448696	0.141025496861012
0.265814184208474	0.221639343545055
0.445460879511078	0.567750933854205
0.173489840517014	0.191928311793579
-0.513307049659254	0.630166747545642
0.513791165711859	0.185017905562863
0.114582556287267	0.109837410533619
1.40100056794079	2.69433166585442
-0.808076570108955	1.05694817851938
-0.155701755212985	0.152921858603965
0.629135879904855	0.808803529765729
0.0486992238504972	0.0402876248850967
-0.238195507178053	0.260628479228555
0.034206812008844	0.0274664137152068
0.176314564648643	0.18982191614252
0.397985265603951	0.472738468081395
0.241890897827857	0.228902595476853
0.116069850646729	0.111311030341983
1.43834434492453	0.478363981232013
0.0960225476538629	0.0767417978160916
0.245529702973708	0.227302535078031
0.0299247691476413	0.0233985439576079
0.852264851087914	1.1742851091477
0.137221520413326	0.143023227999697
-0.111272440243265	0.102213166112426
-0.26576902502717	0.22741370409569
0.659062671014935	0.838055506932006
0.345115070927308	0.388883272832664
-0.207932400118918	0.19682149503901
-0.280134832230611	0.305616160905959
0.68884692945623	1.13794573457533
0.462716806404404	0.571579258060686
-0.185347660409473	0.194756116815188
0.494117491437407	0.594425035735095
-0.253511133924842	0.257387232816539
-0.806681941309439	1.00060001740181
-0.195729687815591	0.173206429170842
-1.01326686630769	1.55780410184595
0.606989634093353	0.788918836037066
-1.4980949987052	1.05802210409195
0.577404804786596	0.555972610248645
0.0332893328323054	0.0278911308514828
0.703188128424324	0.93085770673939
-0.0236213501703104	0.0195008461135694
-0.49564588032757	0.636706168456458
-0.15116561425573	0.138090035826072
0.659614724012047	0.840374687218907
0.565923292682947	0.618759356965309
0.716994597476182	0.960689844653188
-0.444981185502785	0.390169306450225
0.00901027925724953	0.00693410975690928
-0.06846625519542	0.0598420397741644
-0.296390282031289	0.296720137558712
0.156782833555765	0.114956538550603
0.851993203304817	1.07884483780666
1.55798441956255	0.77575008106174
0.161920771917598	0.114919332095093
0.398997029986992	0.316091986138039
1.51385004258176	1.29353948611012
0.647121236510106	0.662722131097622
-0.166199772129751	0.134484178153182
0.0976258628006565	0.0838289547221511
0.434722986276521	0.495128138107214
0.936470974664007	1.13875290076139
0.167219769850048	0.127734212716612
0.0577332984745115	0.0387856277941264
0.164654355166924	0.12991654981179
0.168179458824633	0.132924172459434
0.831818847667834	1.36361482894185
0.690635710741051	0.936745931120623
0.715209663796381	0.957304539997126
-0.148843208604317	0.147751722858743
-0.121307632550802	0.122900049879921
-0.69344560390403	1.0041642794338
-0.0474540816632901	0.0372742378526907
0.0278921233052954	0.021197398367249
-0.706717260590271	0.847925693337642
0.346856844548081	0.450624570078608
-0.696298475496712	0.829918844196306
0.0221064626092266	0.0199761798925714
-0.634263787854087	0.308499942543105
0.167036779111912	0.150434538728642
-0.14816882828188	0.121553378663028
0.69955352285757	0.856640246796276
0.478826440032396	0.646009862186413
-0.622372646120823	0.787152111493208
0.78220975150056	1.10495123400524
0.868557600558382	1.41997562103553
-0.172567499103184	0.153592876916673
-0.0501564357968213	0.0446554723906109
-0.108559265054974	0.0925721454288371
-0.345802477704043	0.341743346972999
-0.700455303499123	0.913451517296719
-0.653281080488757	0.819903729812356
0.259691296395392	0.222931192483054
-0.406890165320889	0.32718992308646
0.781557748837205	1.1016596513539
-0.644388443682788	0.157000626677781
0.128629618148228	0.0436530854985291
0.13305127857207	0.063681736605702
0.411290236996785	0.406422853858031
-0.0267994265542526	0.0179871165720599
0.68782244820855	0.44953172218757
1.31089635736011	0.57486221118602
0.477669422066237	0.500832294408317
0.0839041093770715	0.0647418990889415
0.621798612547939	0.739783843131777
0.357618657619782	0.300997261734013
0.081366783620859	0.0610736981929329
1.42024928906135	1.60916573790577
0.0902867905270129	0.0718858510957854
0.560279092565927	0.698104305699888
0.532659387817058	0.606597372514242
-0.074896136104197	0.0658545534588073
0.392249376640324	0.473799521357754
-0.0292383455064749	0.0287244132325
-0.207230940434812	0.195815452054777
-0.0683720975754369	0.0607801885438338
0.0944283663606617	0.0754283171902531
-0.340218787257347	0.31075077778963
0.913880607977179	1.85253170944279
0.360134545295906	0.457815825124236
0.173963324386382	0.164331154163122
-0.167527449292993	0.0610228882448846
0.244573252299622	0.242681643043158
-0.352979070849541	0.350208896248458
-0.108452125754208	0.101191010490204
-0.048349153034407	0.0455538421553433
0.734571311336817	1.35248864699558
0.0858953925838423	0.081783626821199
0.163125317640935	0.143164215994604
-0.226698939568917	0.217796666651347
-0.742289982974066	1.23519537671097
0.222378163040877	0.230598750287724
-0.719704396601315	0.993293167382451
-0.431541402551529	0.506789559709046
0.160692523699497	0.122278338362808
0.939900145393701	0.924265214143378
-0.271571719522281	0.205950926319151
0.481586821533247	0.66244315253336
-0.165368118811875	0.0602246818930713
-0.257730240193443	0.130573427525364
0.149133946075419	0.0912421646258114
0.0876603265234902	0.069619647749831
0.266521851070853	0.198734502271757
1.31554563205142	0.577850509647929
-0.413676432578041	0.333511329596399
0.385977253134785	0.407673200526014
0.221668892057289	0.220704316871142
0.254227922889284	0.210495671411547
0.261613828038444	0.224987538370393
-0.246332560448665	0.163168292001475
0.689316027411459	0.867021243464069
0.301787832348923	0.310254022052781
0.742567857718706	0.90189026730716
0.417010512694863	0.560723198125718
0.251889752193947	0.215397081311144
0.835605856151668	1.14395538802787
-0.295840430981822	0.296766162282096
0.344513865675028	0.387685623426859
0.454038031512136	0.497903416144068
-0.391452149388572	0.489387839360791
-0.0101035662406431	0.00920108912410232
0.0886644885942926	0.072278737025664
0.376601361334931	0.395496284606052
0.303037372485939	0.388492177589055
0.469558836491363	0.581497793556458
0.882580948043583	0.474988014574411
-1.41996054409525	2.28382897923715
0.163921096468091	0.136687959798128
0.952175613484838	1.43098923347691
-0.0858837942998562	0.0734664688215461
-0.0939486741797211	0.0893004178745681
-0.136197253889298	0.12294150462247
0.0855207252658555	0.0784503820775454
-0.105870627181025	0.0985426313487033
0.231495051481992	0.23214616735516
-0.399108612875479	0.414846983272149
0.58960622091094	0.631435331625607
-0.395312085782637	0.435718698550207
-0.408180346270868	0.426810851036176
0.958041388148776	1.03925796006556
0.687987604628836	0.688753144303795
-0.180487885786281	0.196999563234674
-1.807243397525	0.398882182291443
-1.10770626686442	0.762252411046854
-0.103628640629284	0.0645292931541381
0.171133562569526	0.135340554804732
-0.347833077885624	0.281554969611322
0.301233111570473	0.180507886597404
0.770395236331965	0.825022398308502
0.333486921131646	0.316323855505751
0.383356809655929	0.393176618097382
0.248249077299956	0.223922048646581
0.268530944771407	0.209102757038652
-0.126013216352975	0.091568458979476
0.545971070345156	0.538504936649434
0.676628505530635	0.777160578348951
0.242633957390692	0.22973246624444
0.165202895463276	0.141758099261913
0.338043456472886	0.302256337455149
-0.661729213734738	0.836141357360882
-0.140204025828882	0.14847406078606
0.118844866844984	0.125475887194875
0.261860760450707	0.300134451178381
0.168255582787557	0.124504348960516
0.325734308393604	0.307529732204665
0.402244894311404	0.469255055996808
0.0439491986169506	0.0362648552425727
0.318948088841377	0.323845672753499
0.136471442907569	0.0407207925774643
-0.554599136267265	0.560330105619572
-0.101759628604042	0.0862397815568165
-0.381094432670087	0.401844632267494
0.241918046983582	0.229014556698048
0.24365184731142	0.234948916836657
-0.0848621097021273	0.0738037144151659
0.669682609744337	0.920918911521624
0.168188441236988	0.154900972966156
0.270387759563163	0.312392961534356
-0.0834449897226969	0.062546922697385
-0.18057432414207	0.161743577927155
0.363611034375283	0.318681842179469
-0.430716536675182	0.476260102972382
-1.05798628944961	0.85602684525533
-0.133217574151214	0.107955885572372
-0.476749939324695	0.4913831096264
-0.35845544263212	0.104471490348146
-0.995629672520172	0.499802491735932
0.638578938019733	0.452465952877906
0.154208976141931	0.0944769705898114
0.890042969631415	0.767365998926416
1.12201441629343	1.14928600623099
0.476776064765072	0.299336237912131
0.510775598169453	0.441643461726601
0.246022449153223	0.21576448487512
0.00819875293515752	0.00578617156434367
0.234187968029129	0.214564389972326
0.168081693097197	0.136826886041962
0.156783191241373	0.106499298084389
-0.438714910159229	0.4207557286182
0.919542483388565	1.22677915823103
-0.0218315689483298	0.0112416004312396
0.133106834633412	0.0571283349527231
1.80429809838357	0.707492948913978
0.299479804464578	0.300584196377391
0.643366343145073	0.83500946581893
0.405972399065853	0.551066841398085
0.308473845345949	0.384885015925903
0.303317791477378	0.312343527864437
0.42887025944005	0.497744074260497
-0.485761053185785	0.563544905335177
0.233864693082459	0.23495683944682
0.411476614710866	0.47214279932603
-0.12366730457959	0.112748444354784
0.136471442907569	0.0407207925774643
-0.765802816253494	1.00854083050282
0.106970770832433	0.0902866111212587
0.768182736678028	1.07715074916345
0.70440864369788	1.02872993530637
-0.0603756895303717	0.0525010808949857
-1.42632475106406	2.13393170648303
0.299722992427816	0.314906114008787
0.563275341294612	0.682290624702608
0.0764477074595139	0.0572234483878737
0.304250106065973	0.30636594762526
0.630069722232957	0.666400871222095
0.474654187897836	0.421723582511149
0.169914949978495	0.138473583338137
0.122997653672727	0.118667076072141
0.139373629020068	0.0264474830594518
-0.64834559013069	0.157812973783057
-0.643123124462485	0.156504140249688
-0.0078343433131585	0.00409305352552906
-0.522575265630551	0.402106373289927
-0.417510913664091	0.17653594030981
1.54664859686587	2.13855448982663
0.450420857184911	0.426303305036944
-0.214024662470536	0.146191752906903
0.527067318978275	0.533125853507526
0.604515426077512	0.652600897728942
0.570005423956084	0.642095614282677
0.550782374817289	0.43591068419045
-0.240827119203632	0.228827609171417
0.176230371518631	0.159843602506475
0.167220370451683	0.136119161501306
0.739222747228525	0.723514824660663
0.270375121981706	0.218414637439009
0.900224354916067	1.00281013825883
2.09276253598417	0.936728533565338
1.80520382516112	0.709003956616184
0.673718391373836	0.315696987017925
0.125815709500562	0.0602475026853546
0.372067902001967	0.167202323796637
0.000623040959402253	0.000307726188463233
2.88361605607888	1.94661458581914
0.822692638363592	0.862768495572491
0.828458843072654	0.752231731004599
0.653790201953018	0.20742302218683
0.370205061874355	0.165907058237598
0.428630934573171	0.172329760022819
1.04502186505443	0.507130780035814
1.55501737702822	0.775774035017368
1.1024321521168	1.11458494214726
0.883372562971008	0.473889488903048
0.448143765473003	0.559994273319823
0.597194423044868	0.860639751040245
-0.680365241939388	0.905420003833741
-0.101337371683964	0.0747438069873505
0.17777712635161	0.178842991403443
-0.00878649574392419	0.00724391169092778
0.522632345782154	0.720124322230309
-0.785057527326456	0.346651150460079
-0.136204465125179	0.125121160290962
0.310208989055844	0.367811777967277
0.352815348171108	0.400025065204061
0.349087888392001	0.447496807813286
0.185531457028999	0.172945028448964
0.171315151784564	0.126960075356941
0.653826749716374	0.764816709989541
0.221677152309381	0.233951084713127
0.243669749742432	0.241482538509906
0.266961951693902	0.223023379151777
-0.362710949837822	0.10577213020672
-1.16257519536487	0.356251231866774
-0.785341943065825	0.346624841667728
-0.53183249414795	0.202771210569728
-0.10158639474516	0.0632341761033239
-1.69315932518094	0.970201353355085
0.378258891333145	0.169790397700139
-0.115243154263125	0.0464459414859408
-0.173024125485056	0.120712279296838
0.249063386603477	0.236207227883648
0.455413096776733	0.499348207623748
0.490912376435475	0.502887456467427
0.103442166299962	0.0911104029918698
0.373864030107266	0.318051152199655
1.37504510500998	1.06005247750653
1.55024601436018	0.771403364746472
0.0896794605238745	0.0695311268630583
0.0855411543914518	0.0679215791503378
0.167080652721982	0.139769947784782
0.565049687092429	0.540646712982211
0.112918005481311	0.100065093822441
0.422686954439335	0.406642694094434
1.01049503804238	1.30144129431053
0.446696708381518	0.42188776795069
0.713895094537024	0.883912009522635
0.119209923776022	0.0511702948748555
0.933579277174227	0.630060354373161
2.74534949223189	0.773319630917041
0.42756477352697	0.171975522232766
0.388583645388295	0.306160513064532
1.21580992935633	1.18575261982538
-0.212649572600948	0.145365017704771
0.55030758736924	0.4352371704141
1.85669749380724	2.04126787552285
-0.676067612116538	0.406304924872321
0.364321184609381	0.308453429063968
2.33631291955794	1.17363786775265
2.09861260850692	0.938820950420943
0.669203698295707	0.312886079456326
1.43804312020869	0.895846389022572
0.446290755259862	0.301497300183001
-0.60130206135924	0.44857916030069
0.805769324127157	0.339679478238357
0.165771555192787	0.126410965187818
0.768106428188366	0.604513200776063
0.274390810017483	0.196536757288375
0.488586675526889	0.307193847872988
0.376303584080857	0.307743999362724
0.83575651161277	0.760657033586052
0.715210248816183	0.884370828604759
0.477619935586335	0.300008101667547
0.595605680980158	0.717952297051173
-0.438047229735735	0.516972118712374
-0.00445247282076484	0.00372344007576129
0.64559347674232	0.204972394147955
0.034252930078497	0.0274930594841409
0.575048516330995	0.719009412163049
0.285537248215914	0.315994040261456
0.258514104830413	0.214924325826217
-0.139861738489078	0.099295662642909
0.294070779390682	0.314340046149973
0.447362972032156	0.569640736995846
-0.702573333147169	0.501876922794202
-0.361622063644185	0.105340752849314
0.139707318582232	0.0795797390083589
-0.675979333105837	0.406780571135179
-0.630855439029098	0.306392234871307
-0.266000919893915	0.250946681391179
-0.338730585784158	0.283112871391829
0.815833754505101	1.05119905556914
0.801199721108634	1.19220144998243
0.169333907245203	0.149324057253729
0.506604599175754	0.505292370853875
0.0376461790246586	0.0309476543254836
0.334516512375883	0.308226121577164
0.415619419037793	0.411108336302001
-0.353104661212849	0.215861645412072
1.02111307473612	0.386556758838255
-0.410287929413116	0.173525212006242
0.290372109376623	0.187231632471887
-0.0169302667062864	0.0116038493486329
-0.0717593053297367	0.0619295820883548
-0.655383503058181	0.788100596218966
0.416735522638314	0.412963784402891
0.0635331674530273	0.042771215800416
0.0661539883777157	0.0462311737826581
0.357960823237761	0.312992823792277
0.647551897056128	0.841777388373754
0.287033302823312	0.31720015828079
0.00412543385390653	0.00267492975234663
0.244341746680771	0.225903770439661
-0.529800424631709	0.498117160295375
1.13081429877939	1.39500850169209
0.284554161962779	0.194611949357318
0.389333275575673	0.306633418928625
0.360646590544143	0.315965456440698
0.488224278108148	0.516300713996456
0.678865789157059	0.676382957967784
1.21368827814848	1.58194377470115
0.892547278633011	0.771615945346395
-0.206989323797453	0.112658577952656
0.601528576407716	0.646886237508519
1.31032217925647	0.575449353150941
0.648941210685989	0.205808664712113
1.04755175750462	0.50839377452462
0.801189046347036	0.336764982262919
-0.333462346010832	0.15544043726936
-0.414302932155302	0.175032334301047
-1.18548762585227	0.670669199283097
0.69246815006152	0.694943332732908
-0.967540859921052	0.599887248924785
0.15775945245817	0.096729478027721
0.546602654054837	0.432392936393611
0.878766051989644	0.472006512812435
-0.401555870116616	0.321994477929974
0.92862160547707	0.625418191608055
0.122446721234283	0.0415515613395924
-0.0876321072750047	0.0387798763662611
0.42602159554764	0.493452377292118
0.989207421476733	1.17900232807414
0.00653451062793883	0.0046110155789641
-0.0623311657184293	0.0483865238354779
0.679310362578049	1.13729935468804
-0.576090379373987	0.868078747920739
-0.976242648465567	0.607264078744477
-0.42474134273204	0.467463190671703
0.0536449093559477	0.045482083399414
0.408062904149642	0.47814380971587
0.601705533948645	0.80074646620179
0.311791549584937	0.307518435283129
-0.0696947860458237	0.0668978276744106
-1.16902764684877	1.02964576684768
-1.85299712905964	1.17856607818259
-0.540858953642075	0.207531528161755
-0.516428912774355	0.275343199730869
-1.50063644843704	1.05849133122977
-0.812746231356804	0.449261673821129
-0.163247474500049	0.0595011381973
1.017401126811	0.384987280016856
0.648993667183473	0.205806233366664
-3.08991345953591	0.960747174631736
-1.69292090676293	0.972715968176357
0.0559448663242995	0.0360292306754837
-0.487978087196313	0.330990653140569
0.767456981416916	0.603160908526762
0.367162421844986	0.311056299088589
0.0859888575569684	0.0715916361942565
0.080917423998635	0.0606910713727902
0.0873351469948975	0.065709230384531
0.394472081932128	0.39715807063725
-0.300704249945642	0.2755555561299
-0.527175772665293	0.495093672785619
-0.632085560099039	0.307521696721065
-3.76450171843679	1.51272854782687
0.490047084984436	0.518839156292577
0.337716812907906	0.301280484998511
-0.0792889452214261	0.0607451641002948
0.515938043864493	0.598463504474509
0.0956386263319218	0.0783433834386652
-0.356300694426339	0.378039911647266
0.0141726469795995	0.0122626645805426
-0.103808203431473	0.0882714262543496
0.0576445851702968	0.0371219254801463
0.805583532990083	0.936703643557024
0.553264339848543	0.546843762833106
0.171796515273299	0.131659007897629
0.828627760458855	0.871532193246371
-0.40720786653857	0.395691479692338
-0.233042809542951	0.179122975441021
1.4352780288252	0.890976549579536
-0.918143424655079	0.778038653468405
0.123377590846112	0.0471404047648573
-0.0266479105032382	0.0136455833948669
-0.497605026359211	0.430324835516277
0.259514331049955	0.208648364978805
0.270886786116765	0.211197286377053
0.264124700094338	0.212960378542597
0.383426438439916	0.314717938268888
0.500414157359181	0.430654676705362
0.419869691676992	0.168463950453023
1.31554563205142	0.577850509647929
-0.788272066928701	0.34905422630462
1.31262627398235	0.575986404326764
0.822265189728111	0.862567614665133
0.966905817023184	1.05549590384528
0.688129634877176	0.449372943023226
-0.691011332507966	0.490943458706928
-0.482568166894817	0.327519066524591
-0.420168556573091	0.177832388607199
-0.786469190370634	0.347830565965969
1.75930782875001	0.985527496464087
0.808318634178711	0.338912337094952
0.935515179855096	0.245440180005837
0.146301463254213	0.0369121679082859
0.139373629020068	0.0264474830594518
2.74877977095104	0.77489585677119
2.09613747448195	0.939740505768579
1.95062146582611	0.454190159391569
1.43973986105876	0.479489791047764
0.650444653728205	0.206870989076807
-0.675698612107758	0.406426848048847
0.129503847038972	0.0556015256100624
0.523383169683843	0.434145930308916
0.500190931295993	0.431072998994449
1.05166013152136	0.51091249197187
0.522535057466131	0.300077497676447
0.879618026814195	0.472288549075475
0.8015591888658	0.337184142757606
-0.0505895186876131	0.0243568444600755
0.132055846316588	0.0447762654002208
1.31118731400187	0.576162678907346
0.127893945531545	0.0488715462219023
0.158728191607948	0.102983342111068
0.169447256865377	0.19503590977289
0.484694985496319	0.714525856796439
0.163725865597078	0.156754306459649
0.234831599446018	0.236311873301821
0.336187525150952	0.399654964222692
-0.161125556366899	0.186252634612841
-0.0600269438270798	0.057885836578485
-0.0760893469374424	0.0826234800036907
0.696188848889951	0.455026782542093
-0.192482268625466	0.223668431128374
0.189602413922841	0.199396872827168
0.249315941209206	0.236963791150178
0.634743289090211	0.894686827234235
-0.787547158483147	0.347401559914091
-1.29658388566081	0.592287523024036
-0.273551916860321	0.138800137968431
-1.70041190436572	0.978172041952356
0.932829613639135	0.244963311679429
1.02028601783919	0.386776796263063
2.54265145020253	1.41421387133784
-0.744670437196719	0.258381731549564
-1.04436802647587	0.420175062937639
-0.515374687303333	0.274640995826127
-1.11310146342685	0.768722205644249
-0.80359217848362	0.701187841106399
-0.0661161203616513	0.0422113737393107
-0.823912099597669	0.644759080193696
0.930090699100517	0.909666673117227
-0.596487498763977	0.683676224074088
0.358108387954626	0.301291996909414
-0.144360626854192	0.102623589597869
0.499271049438358	0.429860041625337
0.435085476483477	0.483350642457357
0.057522268576817	0.0517581822317762
0.486604996686542	0.528020271135239
0.127743989533485	0.0611671606313049
0.120708743143911	0.046117657606051
-0.504930570955569	0.653036491652246
-0.529579157236438	0.680052935222222
0.404448178792093	0.472285337882204
-0.690582756467836	0.820474449156865
-0.0242278144403194	0.0197675391534779
-0.365394300301721	0.328854094134805
-0.234221067421478	0.238887815425469
0.102068370320938	0.0879327541077679
-0.053085064103861	0.0410111819914852
-0.555823215616671	0.561315656626564
0.289127627486248	0.320756035056827
-0.108797726717475	0.101470690054811
0.30602609296129	0.300903287075614
0.17373228618553	0.174201936025918
0.092524027041978	0.075605381367092
0.142233248286261	0.0749775229289095
-0.215571956419325	0.117674018954725
1.75330180822584	1.3618269858155
-0.740705291977838	0.257263180060709
1.55265104250473	0.772528530641732
-0.334285003271119	0.278869414261305
0.58900733430932	0.306874433052877
0.605710544975617	0.566692592746793
-0.533650136701389	0.411696571427495
0.152209590367374	0.09321382059069
0.371606476441863	0.16672745564024
1.31554563205142	0.577850509647929
-0.0432958845902547	0.029030679136923
-0.307387385646412	0.283303369955718
0.343514451959959	0.308386396452956
0.100618113748883	0.084666795369565
-0.10624231533153	0.0885467220874609
0.591766182169745	0.550096578649224
0.420418606770294	0.168895551588938
0.517582841363913	0.186137922585082
0.372067902001967	0.167202323796637
1.06752135248012	0.653606071236275
1.11388718971164	1.13405357453344
0.96968930359004	0.78599515980456
0.810138323016016	0.340824772340884
0.767655596455633	0.604071201951071
0.967553184378298	0.784737700904318
0.650033924572401	0.666619492259699
-0.820560557473211	0.552086796957569
-3.05447798998316	2.48203003850487
-0.241751693846918	0.0791910993295349
-0.414031981947508	0.175185312090786
-1.15847376642875	0.355686548405735
-1.15799700419576	0.355156175000868
-1.04816955160128	0.42197561480355
-2.58428653566473	0.675727611967995
-0.64834559013069	0.157812973783057
0.927601018172465	0.243257788968905
-1.80379071234984	0.398266610487963
1.95062146582611	0.454190159391569
-0.230762727133645	0.0755782267206721
3.62755366930347	1.43264967739041
-0.787280243012554	0.348288022167107
0.140738272261544	0.0474656120077261
0.516226992645614	0.184789723194922
1.21322895304593	1.1826632174691
-0.515959772977289	0.275013669296319
-1.0403638965725	0.418077260779257
1.25749046690392	0.692757398548458
0.521855678155859	0.30022685241058
0.147685616873541	0.0372140815523598
0.591749628883051	0.446558980998179
-0.167241357027177	0.060748494424176
0.143665287756915	0.0427236629465922
1.0763600128143	0.811437826718573
0.506692260608111	0.523810040254065
-0.0754511924285698	0.0717232221607342
0.0331785797176955	0.030118122656757
0.120401014844698	0.119755506855723
-0.0776606637979343	0.0672961398111122
0.17832333490789	0.172737283461622
-0.243752795715023	0.250456361824542
-0.259992259336829	0.28425171229806
-0.330529730445557	0.371803598604256
0.881193168932766	0.472863758284986
0.0773641095951802	0.075582544383608
-0.144277572248071	0.11809314775983
0.00383650733626916	0.00311131004591555
0.00801429164169202	0.00696072372800556
0.10851121722147	0.103397715871098
-0.244263635699202	0.0799024242801564
-0.415354340451682	0.175826033861495
-0.170912764961516	0.0622636754540297
3.62943539911313	1.43554672159634
1.43517917219405	0.47735697092426
0.136471442907569	0.0407207925774643
0.138699758667585	0.0263265295910935
0.504293805962934	0.181091765107361
1.44256127788974	0.479253790855247
-1.19784105562099	0.678919463010039
0.14311796249796	0.0361933240878638
-1.29798623806601	0.594484945125978
-0.165627450344726	0.0602663481172659
0.765792770778959	0.601299087999675
-0.0555748722851275	0.0266435265652621
-0.676431466005152	0.407234724661624
-2.24964403175275	1.89449751169
-0.00427981979482927	0.00303703653008833
-0.40644516877952	0.424823550162866
-0.240382263443739	0.158807460689465
0.315015674688382	0.174080775343973
0.25323073021327	0.216563203568116
-0.218253060388214	0.208324317129347
0.173258981994415	0.141573725357074
-0.0796638717767028	0.0353385202788546
-0.35900113863639	0.104616647983879
0.296819744028128	0.29655550329193
-0.33502468962032	0.328511051290816
0.243202282454637	0.218834224842476
-0.811155574561898	1.16297422730218
0.233354041408601	0.208241808679534
-0.668727700122688	0.705533513656464
0.178173077992102	0.169051327898063
0.395481564313811	0.469109984114856
-0.694220077002168	0.827955944833825
0.0500690313013199	0.0440566342892372
0.0901376048433211	0.0699331464653751
0.17523095965403	0.155106948433565
0.571935023952389	0.699056916350427
0.283810719482683	0.307346597959078
0.279237617863242	0.209934116566871
-1.2059673725498	1.26430701094467
0.334232767721973	0.167008288783323
0.66946355892512	0.312949470582969
1.31012134843669	0.574818428531195
-0.787466869404932	0.348223508763215
-0.421652444519215	0.242081870810067
-0.0381110378360654	0.0255202932498736
-0.527788736358774	0.406496561129645
0.265137215939128	0.188160695239027
-0.126813515060648	0.0762022829568521
1.31069635629646	0.575154297721853
0.624639613619697	0.439268099940756
-1.11838618894526	0.775915614450835
0.292868992853369	0.174807967513615
-0.0764636479201082	0.0585276891467627
0.478690879243019	0.569437817390118
-0.002738409994387	0.00143251287733692
0.979575667947155	0.798352502965345
-0.163490220489382	0.0941554710313477
-0.74268646139225	0.257731156830762
3.25219401652934	1.09882975306147
0.651349240994328	0.207129762624853
0.67346002449245	0.315470259796261
-0.13215172864115	0.0530341043730813
1.59846090246586	1.11152144779777
0.477131758355756	0.424468260954581
0.58904695505403	0.443900334330811
0.683140916439965	0.443491778681187
0.127401176765911	0.0486776025592294
0.132692238421375	0.0635373715053659
0.126029498362731	0.0540764454807436
-0.329317511719044	0.153288395629677
0.425961192082242	0.171382412553361
-0.742182711888573	0.257807372285815
-0.357909997986639	0.104187393238945
3.91920866228273	1.72418967780064
-1.80368476738292	0.398254084963023
0.645241128115201	0.204592987808019
-1.83391433948043	0.756511402066625
-0.361622063644185	0.105340752849314
-0.23399197044413	0.0766065031875398
-0.240013977717379	0.0785174191900241
-0.996675484119628	0.500920171091431
-1.04816955160128	0.42197561480355
0.484246160002221	0.304586655996596
0.315821128912115	0.174394804317433
-3.76450171843679	1.51272854782687
-0.746480385939584	0.259149400296474
-1.2562278265619	0.963363167340893
0.432356857759282	0.173735785154606
-0.80714911285625	0.445060429873085
-2.29900129298328	1.17810099608835
0.806321704852719	0.339346488308648
0.138615830801986	0.0467946202516679
0.315853830534275	0.312765534731643
0.323709728906561	0.313850490811184
0.342556089977276	0.317041326337126
0.66184106950119	0.927790685035129
0.847581169881063	1.45132477261035
0.130062599242315	0.144712380143985
0.205824288099073	0.271602613022235
0.0389503741193616	0.0403503950923068
0.10069183153216	0.106355877399717
0.337958608466022	0.386848803757041
0.501894105769237	0.592462859031383
-0.241554499562855	0.276447830801116
-0.658556596062623	1.15828453154309
-0.33985486030747	0.404564196098114
-1.85778557311896	1.18542503264011
0.0603025843748874	0.053378652214414
0.362572808828801	0.46161447160967
0.374099163535896	0.472740090696041
-0.416187669213876	0.238284350034563
-0.54298951890346	0.208686132634316
0.128193918224566	0.0489929274062112
0.142308105244619	0.0539799510169189
1.01830704707751	0.385838023767281
-0.181112256864264	0.0657412657365149
0.139369721109985	0.0415084196349322
2.74534949223189	0.773319630917041
1.8126593939658	0.711373352606016
-1.53273207896643	0.55406409993797
0.129624311850209	0.0438791575725967
0.136471442907569	0.0407207925774643
1.043973276843	0.506180750770939
0.132470697385617	0.0633545235740238
0.628392192511547	0.443127406443663
0.689101127544199	0.449793880421466
-0.244406171495054	0.189083534306829
0.942748880001549	0.927608959672771
0.154443689787494	0.100002455293866
-0.422472396931365	0.464067272022126
-0.576734207672516	0.532253079173371
0.970355965599178	1.06141880571017
0.0972661657121991	0.0835043747224445
0.5197256847299	0.60463169717387
0.12845523613475	0.122126486935261
0.774693073751106	1.09067864148492
-0.258128463689775	0.130796319195178
1.25051875853412	0.688969463483089
0.10461666292168	0.0882658257475893
0.343062815993448	0.307800057483253
0.17035315799191	0.138886732976552
0.856403405300904	1.56025155549761
0.0961475269794856	0.0768449032848825
0.0360085273387193	0.0289214713237082
0.942815699855097	1.58526487955984
0.506421885660252	0.582189783151584
0.286124336060265	0.297631593004871
0.226603969994855	0.23600222986423
-0.965637039723414	1.42986163753131
-0.20183374429231	0.194305543886086
0.213662199270304	0.224158809183484
0.51566183491187	0.517665574815364
-0.107491926984823	0.0669866796582543
0.843251098854018	0.618382438593253
-0.473491566072442	0.319034945688907
-0.262919081299533	0.133449867985665
-0.672779142044464	0.404667128086811
-0.691562322833609	0.489877348252566
0.336941103092997	0.168320673222094
1.37471448277166	1.05819041037015
0.760422089133744	0.594624842937164
0.586083964059253	0.442002615984571
0.286883104509494	0.195533570130331
0.402415658426192	0.303010710265503
-0.178117152878933	0.124590931502322
0.262820439570586	0.195342115638667
0.526320724772511	0.532699879820721
-0.241336512737932	0.159306457025024
0.573170130786989	0.629911896757729
-0.571529336545667	0.368823371165
0.635328047426165	0.449757979171913
-3.08953695583634	0.959084825597379
-0.236606371241214	0.0776017669502627
0.146774179931898	0.0369732700828277
0.513791165711859	0.185017905562863
0.129425010246068	0.0618624382421176
0.595976545784612	0.554112186176152
-0.210970826948052	0.114835371908292
-0.333205889240617	0.155237905681961
0.144816855539053	0.0429958878810455
0.421516010647194	0.169186449309691
0.389427735221793	0.30695835748442
0.874284558443684	0.468251773578699
0.672932319558158	0.315270459352306
0.372399343899737	0.167140159545225
1.22402611520947	0.841323046661068
-0.170912764961516	0.0622636754540297
0.338640851098284	0.169378175243113
-1.03865945292652	0.417336231168104
0.42808311482521	0.172136637320523
-0.362166381635235	0.105626912484328
-1.15392338036234	0.354212278509058
-2.5921020928315	0.67750903851891
2.74877977095104	0.77489585677119
0.147685616873541	0.0372140815523598
1.95135265955319	0.45428366780025
-0.419373905236508	0.177724611943894
0.656959166697518	0.208411137309888
0.14311796249796	0.0361933240878638
0.139947662100296	0.041632372501591
1.31218361078243	0.574223274299761
0.656959166697518	0.208411137309888
0.337111207711417	0.168806178196531
-2.04815253039454	2.1820770793727
0.136934224057857	0.0463018278790837
0.66517550328096	0.310695427495322
-0.333462346010832	0.15544043726936
-1.52845204149787	0.551521368985269
0.376384113127572	0.169188919067443
0.651349240994328	0.207129762624853
0.511862538139479	0.183741470132812
0.129250339089754	0.0493813338422963
0.155271077886647	0.100458481862831
0.48740420717136	0.515300919017632
0.518608579490186	0.522124486839375
0.432999206124179	0.67271742369045
0.233008359977232	0.257360365649276
-0.311608298223007	0.422166378048336
0.607202382371817	1.0525253011628
-0.391341894583608	0.526029466184061
-0.398173534397572	0.572865405478551
0.176277865580539	0.186538996300476
-0.010312840312852	0.00850636440679665
0.221819848315022	0.238606963976678
0.346426436857435	0.465440303782482
0.342440482067537	0.408524108509857
0.0304424649996026	0.0237870478410072
0.126517413282581	0.0542784291940882
-0.077491034428491	0.0726353650390687
0.55368709182488	0.621290195043375
0.133184693597689	0.045081783840785
3.92900949406686	1.72052742532989
-1.15345350292765	0.353548980162923
-4.01355559579839	1.7650763449388
-0.35900113863639	0.104616647983879
-0.242323132990394	0.0794545395999312
-3.08953695583634	0.959084825597379
0.802584969004989	0.337412275736925
-0.640433285495798	0.155891307450366
0.650444653728205	0.206870989076807
3.25586177376341	1.1013084673078
-1.29372102355982	0.59176400453293
0.374205910369784	0.167925767406721
0.457319411122746	0.418991856820049
-1.18947603356569	0.675456843276044
1.93949545737623	1.21385852905807
0.131574483881423	0.0692144463168308
-0.798938525709818	0.935683693475822
0.932242075758659	0.915120697172989
-0.918346463395733	0.779152955431656
0.779734622883856	0.932290074733046
0.268951452053293	0.20108211834621
-0.119954847046272	0.0868963956518672
-0.0673271225067823	0.0512401889882092
-0.14849062362754	0.144872543487169
0.347246634621535	0.392140703956625
0.0238764928838846	0.0181184538559154
0.137207143819927	0.072388080306388
0.125748892146592	0.0601693829615274
-0.0552359696993554	0.0427196880124666
0.249672177465748	0.225429185613075
0.376629733429968	0.405344801305955
0.31795652181172	0.306760149528887
0.25097516250833	0.227125057097848
0.316085955886924	0.312833429203285
0.175526007628145	0.143514924546194
0.353070916753168	0.382196914719841
0.550874409386497	0.437380943558032
-0.411364566275804	0.289276946449264
0.277110349443015	0.208082108337517
0.646495256830482	0.205229626326689
0.13345272036125	0.0452283641533281
-0.1645988737961	0.0599392345868267
-0.208907423225282	0.11379305315571
0.303674176796485	0.18227905308411
-0.123672328980103	0.0742332030869972
0.369609597440143	0.16563504821207
0.519771125090738	0.298412908391346
0.294736185225928	0.176219689059632
0.885346736336874	0.76369100034821
0.597136820563203	0.554441478918534
-0.00667125921493261	0.00467109813890425
-1.0329071582376	0.948999733461556
0.935918827038624	0.921236572289907
-0.0969764198237554	0.0602721052864116
0.136370194837747	0.0461713984476248
-0.997198553489377	0.501228101461149
-0.741848012858367	0.258096023054699
0.140130255519626	0.041673932144754
1.8098322354038	0.711329755606344
-0.0523120035954756	0.0251719917512493
0.036736265221499	0.0224153041579407
0.425881311150255	0.305114694881613
1.43333633877384	0.890093279773427
-0.741276499011426	0.25781621104378
0.136156966750329	0.025975077128062
4.98988830572721	3.57272580511017
0.822649488739332	0.860868235819033
2.09658939646862	0.939089142469547
0.932664846450677	0.629179705841584
-0.67330416056563	0.403735130011356
-0.626781417742501	0.304966990645863
0.586038828074614	0.305252918237039
-1.53127286779506	0.553105673100975
1.43882340562666	0.478615560848155
0.646143141275968	0.205158328067658
-2.58428653566473	0.675727611967995
0.142727172563101	0.0269105320645235
0.139373629020068	0.0264474830594518
0.150481785037224	0.0377820806483386
-0.64477214166203	0.156983480169134
0.801714657256735	0.337060528420653
-1.30752186935926	0.597663647277694
-0.644006342900786	0.156718049862583
0.891413171270999	0.771522391953081
0.483260430487162	0.303281805655163
1.01970949094797	0.387091911393297
-0.787825204296024	0.348755440723153
1.9403546767328	1.21220041489638
2.10728907694066	0.942398481241156
0.367012791636214	0.164496405706213
0.142206421270329	0.0359541333965371
0.139947662100296	0.041632372501591
0.145145665393506	0.0430929431178775
2.30981141941478	3.40970120332024
0.0214272622349809	0.0162639056910843
0.913493078402111	1.02383535953669
0.224876871011761	0.27907092649192
0.363787130529354	0.396525499755114
0.528534259163769	0.692542778803954
-0.538275211179795	0.656032822520885
0.124199275862846	0.119861639190354
-0.592548279629027	1.04311772548129
-0.0806329493872263	0.0896891463949168
-0.20653726872826	0.217336920955255
0.375614613370567	0.474936846347009
0.155552082212236	0.141941043877465
-0.18805444042027	0.220206740170816
0.109622927360149	0.104614602833338
0.063791786932609	0.058725823720838
-0.293017450060642	0.187531969424905
0.399835048496414	0.475787512320939
0.11318585388465	0.104381288892577
-0.00857607414485527	0.00709860618264009
-0.166720587533231	0.0607503375240969
0.932829613639135	0.244963311679429
0.147685616873541	0.0372140815523598
1.01434409747765	0.383184221370158
0.147685616873541	0.0372140815523598
0.144816855539053	0.0429958878810455
1.80556115744	0.709204238553249
-1.30033901897267	0.593918250484935
3.62559622686951	1.43343777832231
0.137049883482728	0.0408453847208138
-0.415337954656273	0.175690846010217
0.127222675433409	0.0431873188523152
-0.218029071089602	0.119158352030413
0.775311634198947	0.611555230663374
0.131976766260658	0.0631291092268192
0.125993483634561	0.0480831645922953
0.0811075233550967	0.0569292568641772
-0.513306787006796	0.591203435704842
0.582967372992113	0.438431819039869
-1.24906884319548	0.957481398405293
0.826806985724304	0.749340483272535
0.265560999128	0.206426943711201
-0.581909059260435	0.628817654009154
-0.865683606708414	1.0031030951361
0.234227353277753	0.209157290948878
-0.0202011362805861	0.0103960681868265
2.10253395692356	0.941133902192606
-0.0603827675909303	0.0467926463573617
-0.478334226677044	0.620094840003381
1.20190511197904	1.78491259494043
-0.367462643839247	0.357851973206003
0.657894334725286	0.837911143273176
0.0846388854483853	0.0634360673040313
0.534775766216607	0.5228550194233
0.354676829538629	0.385175404999856
-0.0265925938095202	0.0214142378573902
0.435874194978564	0.408893491623464
-0.399696349659185	0.415007671516019
0.115487717240965	0.106766378436833
0.32620539689595	0.316768733774253
0.161693242852063	0.151100169472371
-0.63834423529818	0.310498619783995
0.287116859276592	0.206555356554322
-0.0715515382463574	0.0457512007334784
-0.976104159759752	0.607863548771747
-1.04550658635032	0.420677883175507
-0.176208202634952	0.0641050752213532
-0.236036093012264	0.0773277810609913
-0.818859242316597	0.550569231340529
-0.0854251761604191	0.0378431603717914
0.510303034449659	0.183694667904733
0.933710809861868	0.244826616527384
1.05641898436849	0.643594491249836
0.634887267889544	0.448713045248483
0.528708687071154	0.438289713047516
0.0165531170271207	0.00961582075447917
-0.0223341961173025	0.0114901591613412
-0.797852608973324	0.759989002893961
0.903493151328944	1.00776614337787
1.11599421008176	1.13389894821974
0.29644576980618	0.177517993138957
1.42406848236877	1.61310819368674
-0.242894765745569	0.0796348330145537
0.127401176765911	0.0486776025592294
0.146737983479964	0.0369987654124611
1.01848780387876	0.385379695632112
2.7206388829003	1.67178105024174
0.162621958908416	0.115374825221369
-0.00442398560381994	0.00231489503702054
0.118557737580892	0.0453545359029781
0.135571700409456	0.0404808758649131
0.429138140572359	0.17277091636147
1.55234099320278	0.77224776836491
0.767799701970214	0.456310591846597
1.05880217319283	0.645852805003892
1.24786396898851	0.686013215629264
-0.796486970484447	0.352949680519547
0.585159836822729	0.440117588164827
1.75698973117459	2.17573851479012
0.661398301017794	0.308247379431543
1.51263468891789	1.29204146375449
1.04920833219117	1.2180819609337
0.636920350753912	0.450711159687956
0.8046399083955	0.338558034322969
1.55669334526495	0.777212571863682
0.936401569876498	0.245675339056074
3.92214982720788	1.72640548457834
0.931950133432299	0.244413497437813
1.02349375759299	0.388665902021623
0.13912027261828	0.0264101516649031
0.139373629020068	0.0264474830594518
-1.04760025472461	0.421186788735924
-0.644388443682788	0.157000626677781
-1.15392338036234	0.354212278509058
3.2530948013434	1.10108931722157
1.03081139411301	0.389320059416978
1.0760950986513	0.808335483696283
1.3701013311771	1.05047690194352
0.879043619987642	0.472755150184904
-0.328193586945169	0.152640949899418
0.139930142590356	0.0265210820862786
0.125033555630444	0.0536132882647469
3.918269745807	1.72279408442701
-0.36125776400353	0.10521302829144
0.513590209315232	0.18438558203944
-0.356965077552923	0.25833440666705
0.86394891400909	0.992061122949011
0.329498319086532	0.311944252324728
0.0729111577179399	0.070845544922686
0.455796328769857	0.417295556110763
0.238756689884738	0.250605749090221
1.19939536788342	2.19265629291256
0.00517418028980089	0.00452781422345371
0.169975424902172	0.160239212487006
-0.0457103011904617	0.0411535460920059
0.528244675437124	0.676938599502153
-0.177516842963498	0.158576404991772
-0.0737133804527452	0.0637057714431867
-0.338654859372203	0.332955398251838
-1.1051146987327	1.82026319443379
-0.0584620641174677	0.0515951359266548
-0.140673069880113	0.127461546387855
-0.126485801905899	0.0508562919545225
-0.679941289759576	0.761776843637958
-0.870513005392854	1.13497047740443
0.157098563399224	0.137228161615289
0.558666294308224	0.627625539802527
0.339465232683179	0.170007150064114
0.13912027261828	0.0264101516649031
0.123286164203852	0.041829315160709
0.652253897170883	0.207102973093912
-1.80379071234984	0.398266610487963
-2.58428653566473	0.675727611967995
0.139373629020068	0.0264474830594518
-1.15847376642875	0.355686548405735
1.43554514923892	0.477898562880183
2.0947784487372	0.938173333818132
-0.541581111975942	0.207841648639235
-0.115696238437404	0.0466631346161035
-1.17791398604503	1.04389558544663
1.21314312456691	1.33069521119008
-1.1899788926319	0.676049157069752
-0.424515811354497	0.243698900283125
-0.00217123781900996	0.00113503979606285
0.450981215080449	0.411267577497106
-0.171887184042315	0.0991955389268433
0.0750567062256575	0.0544496098646785
0.26051739787219	0.209434808055566
0.374560153817211	0.306158619719942
-0.0714516228477726	0.0545393363953279
0.160198071239171	0.14028597168936
-0.117970559146625	0.0992594428971582
1.07077597861305	0.655279265099486
0.317509374975161	0.297726597870713
-0.148751053580526	0.135528214150733
-0.0694991338359347	0.0609004685882729
-0.179748314087533	0.173549608950846
0.534545785113554	0.610666019778485
0.265290454320214	0.221048630602662
0.382241995713622	0.313356587871838
-0.0810725178847856	0.0621186484998913
-0.692902056293906	0.82488290504026
0.778903467079579	0.735308545275604
0.695874160968935	1.01002273693118
-0.143728222884525	0.117260736971459
-0.38811032284766	0.483576046613496
0.284063065014825	0.194197856991342
0.497388827531239	0.427904305805742
0.596280729127287	0.554143748324508
-0.127102642166469	0.051045177797486
0.580668368877439	0.301192966399282
0.583253175817435	0.303635376955792
1.94275657918988	1.21869028381565
-0.519224045859249	0.398146714525337
-0.0858970926150639	0.0380543051371307
0.633661732537626	0.447606325115653
0.691321993936727	0.450352727854758
0.336629451938788	0.167942510333458
0.143912405765303	0.04271032796887
0.553839511668672	0.440205270180382
0.411806947785865	0.311894484765428
0.832941551587924	0.609678219275722
0.42935743640721	0.308308035658501
-0.931579532180146	0.793369349881783
0.268826769785246	0.209040115898139
-0.00448019444119675	0.00234673580736617
-0.416656038729352	0.294247442497655
0.00275815424759118	0.00144978096031532
-0.117372225466347	0.0472598191570808
-0.788370303416665	0.349083376814077
0.651896042016441	0.207030647505349
1.80801736892668	0.709604687458265
0.654507105141339	0.207585170258097
0.134973859505914	0.0456812873652998
-1.27561551221541	1.21409568912028
-1.75167604745947	1.49348916483073
0.668934660984857	0.312187186591157
0.131138830447316	0.0501120794034004
0.126692208147247	0.054228740462092
0.672404499639589	0.314853050257832
0.802584969004989	0.337412275736925
1.26225642784415	0.696475552291052
0.304257767941556	0.183054885441808
0.472674709500514	0.295698527157199
0.473214944040325	0.295461014547099
0.802103696082994	0.337395004387402
1.02349375759299	0.388665902021623
1.04400368535142	0.506262468035714
0.478052525741582	0.300187170258448
0.937290825720367	0.924252979551444
-0.166497369023468	0.0958503913127137
0.668563488583708	0.581523190166805
1.22518545072261	0.844831390413282
1.59806246758055	1.11099694574422
-1.51189009914363	0.776699805727303
0.124956377934351	0.0477451436314427
-0.644388443682788	0.157000626677781
0.935515179855096	0.245440180005837
0.140184451576725	0.0265585662587612
-0.743325166733626	0.258205235128744
1.604076053077	1.12118556156772
1.31554563205142	0.577850509647929
0.420839113677415	0.168996516764758
0.147211981908801	0.0371529932006973
-0.132741134377317	0.0797790166701484
-0.424180796187914	0.179791775745621
2.33717496213582	1.1741606507875
-0.537769173978919	0.206050731976013
0.164595321449421	0.121573500139814
0.617303963389459	0.731793332783139
0.0257664848701018	0.0260669285213088
0.31218467821442	0.384291699624521
-0.174601736535424	0.155687353789337
0.134457822905184	0.139875255441632
0.686644849808221	1.21083038367101
0.00108449980455329	0.000890694669570816
-0.614210342250718	0.9840532796714
0.166993134115767	0.166516456509127
-0.550293250066212	0.631402856056433
-0.0682761899853142	0.0735434720148858
1.05547436812554	2.22112076498143
0.465428898871367	0.710546584063077
0.126343212728425	0.0542090070051475
-0.37986819414361	0.424925157226014
-0.644971807823541	0.771835539033767
0.280218475428731	0.314292519247347
0.493324846184815	0.658788426048106
0.282353239895782	0.340028232916478
-0.237779905435115	0.0777921527193649
0.146737983479964	0.0369987654124611
0.650444653728205	0.206870989076807
0.510378193206749	0.183446434041979
1.80556115744	0.709204238553249
2.74877977095104	0.77489585677119
0.126946639547592	0.0430503638905684
1.55290923344353	0.774094456806211
1.30634143324578	0.572549276189887
1.31069635629646	0.575154297721853
0.51174254082849	0.184178364192085
-0.123808008048592	0.0498697573908732
0.28280800102338	0.193164994605362
0.897529929063349	0.777614964362679
-0.162408415527757	0.0935889214282717
-1.00176141169685	0.503164984634554
-0.251756235866597	0.167394040735218
-1.02509428694504	1.24780382615998
-0.231619206888509	0.177930629630803
-0.161247640124062	0.130078019146286
0.440085099021762	0.414069934653866
-0.280486905961855	0.260594029979457
-0.280473821069208	0.260940497107164
0.100101493977435	0.0822575244788322
-0.152591985808587	0.136715807042553
0.522087002325555	0.665645752733181
0.107683001148277	0.0989590081350333
0.415928166510146	0.566980485388009
-0.0681200553447258	0.0596383088941454
0.0459515151669139	0.0379547033603665
0.238968963761472	0.225292145860811
0.774654761204505	1.00964556609687
0.4666351768485	0.50155071120895
-0.652273090784799	0.910256065414499
0.87297327212625	1.33624474128583
0.163017176366761	0.15597522009021
-0.0385522897329659	0.0306697711618946
0.767041046673795	0.603157682414088
-0.602303376132717	0.601649325128602
0.139761803036897	0.0797870154426448
1.60077817935361	1.11772571249551
0.133155287376562	0.0451076874905746
0.932444120238111	0.244842742206832
0.808014555014014	0.340242153110097
1.85179735213817	2.43113070973151
0.484679687301166	0.304685570609467
-0.478495965868861	0.32398896964286
0.398615262006233	0.315196094833071
1.12653303565086	1.27835988199909
0.37262170263716	0.167157964409165
1.22080858533411	1.33958394120928
-0.304768034669786	0.28022263678477
1.88067704474166	1.61540932636206
0.525414215793944	0.435459816071407
0.914439005909715	1.02637942916998
-0.404808051081007	0.324399283029405
0.626632023694259	0.56274429593632
0.360211883583509	0.16062723692495
0.0254915798851385	0.0146982497080158
-0.518936084730039	0.397981087178748
0.803413969531267	0.33795722026847
0.87854997581586	0.470666224785593
0.653242855413462	0.207522075223881
0.137049883482728	0.0408453847208138
0.522640376246534	0.299876057481626
0.156328507423482	0.106083430232634
0.817612106088555	0.855521068993818
1.31789761977354	0.578952002833974
0.134563969088954	0.0577312509779058
0.80479293401228	0.338642479380608
1.50562956873678	1.28272876127892
0.931565691852841	0.244293555241305
0.768272511200723	0.81983953304266
0.743476988941516	0.904809210350462
0.622938064978234	0.559820746838243
1.10926696135999	1.13003193746319
0.476343160018263	0.299002158650091
0.304569065574823	0.166448473355553
0.675815123800668	0.316193629588926
0.979002739307094	0.797667435034895
0.642169232846576	0.203375103078369
0.664817703265583	0.576876182683339
0.988616529666472	1.16759567141149
0.891308179071883	0.771861208907275
-1.36668063494706	1.14530556676767
-0.130917833352046	0.0785949367216675
-1.35068980266143	0.854265483356601
1.87172668887313	1.59783123244624
0.426509628253346	0.171575902443478
-0.238833324354039	0.078177897824965
1.80892476946184	0.710964612544011
-2.0948354143142	0.969898927194453
-0.362166381635235	0.105626912484328
0.147685616873541	0.0372140815523598
0.299785654251045	0.193547055380783
0.881286403279908	0.474171043642113
0.509139648815982	0.183001422100664
-0.805857661586363	0.444252595919224
2.74877977095104	0.77489585677119
0.158057967109606	0.096823916721919
-1.0055170664969	0.505458413299925
-0.742182711888573	0.257807372285815
0.506598335865915	0.182050842131562
0.16712129968885	0.136069194955979
0.165844868875622	0.152474446448407
0.941885275595297	1.14826850337351
0.694250658977496	0.942097005257743
0.143850754333077	0.164354811949871
0.581021972704328	0.84609686996883
-0.0802049167137301	0.0754743734145201
-0.221400280745953	0.242432502278246
0.365487584548826	0.474828961849693
0.123839480855935	0.125686470745089
-0.496244547366069	0.691960311391168
0.177212447965744	0.171339148103395
0.169090680490775	0.168867746835
-0.175767288466692	0.19390180341419
0.323526825085587	0.451414118158406
0.688665650650358	1.07998158662507
-0.499768529452907	0.263327347742248
0.225966752413395	0.256873528429245
-0.0527916244569969	0.0512415120811152
-0.217472533835639	0.222903058597736
0.393785024299536	0.528759192454451
0.591467396911487	0.800690948513807
0.246900236434832	0.306651752316057
0.129881955529576	0.0620681178684851
2.34027363336522	1.17732300328594
-0.538440187846927	0.206758866526095
0.13912027261828	0.0264101516649031
1.31349145731342	0.576107730106197
0.147685616873541	0.0372140815523598
-0.236907687744681	0.0776141769879425
1.06207900872097	0.648167066708205
0.512726693567501	0.184215879834536
-0.998309395168808	0.500810095205061
-0.538426497779039	0.206144426509371
1.06673009337599	0.652523229571815
-0.3156265127217	0.234574486848528
0.450347788598596	0.304834314884381
0.411364388286303	0.311585327713803
-0.823507201917016	0.554201521926923
0.248235833137074	0.211392628754834
-0.697553276226342	0.833283400211198
-0.603489353893064	0.602489015824438
-0.552501039018844	0.469863677971919
-0.231090773785708	0.177402106595976
-0.327288540687517	0.272393994139152
0.0827954350599017	0.0602145716147136
0.154269265568087	0.140372834036874
0.343795736682887	0.17232092686562
-2.07622753842788	3.34869430250589
0.23448987431746	0.236129547570581
0.315710662264361	0.304324330580921
0.248449990275728	0.23618306164344
0.23087972656479	0.221846316707986
-0.109955619146785	0.0919941374156021
0.657881385830411	0.976853315979234
-0.34717149018572	0.415784093151162
-0.0900511452301194	0.0557500335121938
-1.0242851722614	0.940398491491294
0.267664794081037	0.199799059174089
0.314138210934332	0.173229697495593
-0.270455915837464	0.137560678546677
-1.11107455966828	0.767286650117805
-0.518353194371524	0.275184234358395
0.398607815530012	0.315041478250682
1.37496741888115	1.85691644511242
1.12039313910147	1.26454238849053
0.271858086332181	0.203548603559404
1.01053601609861	0.381608755274311
0.510875541395758	0.183928738190787
0.574214461548967	0.552256616808287
0.90836269506811	1.20732127087334
-0.029282660672187	0.0196492009120603
0.290466857965786	0.199111500733002
0.39120052470528	0.30863400427881
1.0320876284222	1.09061618211843
0.700891078916577	0.783877522089795
-0.0976644832508798	0.060665157512771
1.59156458555912	2.48223592218151
0.0372575263547729	0.0228037321590057
0.76892380878715	0.724084369276662
-0.238833324354039	0.078177897824965
-0.427948777596741	0.180984885677579
-0.367917894368281	0.107101339671787
-1.83043986388187	0.753760008449951
0.31746701683622	0.175460816325038
-0.36074984535245	0.262247174798839
0.394777004595595	0.312038187579661
-0.792008151205469	0.350994474519001
-0.115985853788578	0.0467592443534002
0.722962330932226	0.701399474211711
0.667422614864151	0.579885907034878
-0.953869768025825	0.708605008785887
2.10962599424013	1.46708753284854
1.76247234606925	0.991053637235418
0.859421389780456	0.985559575747883
0.843504978184567	0.62063086860616
0.52509997633889	0.302589055268402
-0.427995683243534	0.246428763687643
-0.57394575517597	0.370488862890823
0.593123804348407	0.447959276583287
0.351790664443166	0.306524285638871
0.66811171096078	0.312502608734609
-1.0049723971438	0.506574590675267
-0.815569611429598	0.715824053208696
-0.746151045211633	0.259667037559905
1.21656359337104	1.0206978837929
2.34113999779321	1.17846776749802
-0.359365673988087	0.104727737543846
-1.53273207896643	0.55406409993797
-0.640820070260403	0.156173374069777
-0.362530893266771	0.105463937638037
0.933710809861868	0.244826616527384
0.13912027261828	0.0264101516649031
0.933324263209431	0.244705909364566
1.31732394649098	0.577596717444378
1.45734193810928	1.45763312506936
2.54143053736101	1.41366414462609
1.45030706190974	0.900556831668805
-0.210613866730403	0.115019043052998
-0.622477540161479	0.302164540797342
-1.35213894457686	0.85806919903808
-0.747630638147624	0.259859955972283
0.509711928103931	0.182972477684844
0.424138358301413	0.170604635851743
-0.566853449756993	0.684548373175808
-0.0679557422819459	0.0584868414141504
0.169976803468688	0.156938407340548
-0.347674053011893	0.343782327872552
0.0686910256371097	0.0511756456649244
0.0583327162285613	0.0495233167560703
0.0452549996315759	0.0381036259352743
0.700990198202718	1.08464597505856
0.0484379160738939	0.0408972997775272
0.177854111576485	0.149795986429762
-1.15392338036234	0.354212278509058
0.402967915985456	0.407906103634384
0.121425993278517	0.122955028605464
-0.386437554400524	0.434115303803304
-0.00656305881943685	0.0054368734397635
-0.199858532103731	0.20594150991629
0.553969255197266	0.621425682243132
0.2339786096343	0.219887689557648
0.239905704676343	0.215525793335656
2.34667387613367	1.17835245415946
-1.04729435938822	0.422179438065331
-0.643123124462485	0.156504140249688
-0.995905784334288	0.498589766225226
-1.83482918178446	0.757249944313784
1.9537169353899	0.454657075827859
2.74700474235958	0.773735225227364
3.25676960114744	1.10310692759313
-1.00444860123223	0.506172705694347
-0.740705291977838	0.257263180060709
-1.0424602576406	0.419767093556931
2.74617618045436	0.774720201883077
0.131222837903894	0.0444544196344765
-1.0441657216201	0.420510686701662
-0.237176848830075	0.0778020280962772
-1.19653849196474	0.67893050621098
-0.0168248467277179	0.00874631728717136
-0.088877893182034	0.0550781713047544
-0.564538919849453	0.362617937023838
-1.36468198093943	1.14483842502197
0.241004620395585	0.222064972661841
-1.10818586598708	1.32735064311602
0.401277504464219	0.404277906906275
0.410469431261036	0.310831173674477
0.0576136928427417	0.0387077390931027
-0.438705145804091	0.455316181344383
0.356347177171838	0.311538481231562
0.608209111899286	0.792805774117092
1.43554514923892	0.477898562880183
0.736299652704607	0.810171068821835
0.605049450509089	0.71095348260544
0.0978782768755085	0.0802716968633211
0.243459077129435	0.230639678391321
0.0195747439494038	0.014861413352422
-0.250566141098425	0.253723512927665
0.488332257005278	0.307451067711674
-0.00255402711776291	0.00132024126001138
0.153040202040008	0.103665601372253
1.30974779582566	0.574099743860578
0.93726848422184	0.632555942065029
0.419618254784318	0.168333362933497
-0.809989203905682	0.446628653615682
0.838623549051767	0.616261842505013
0.147938435146347	0.0845599555243272
-0.204725609914693	0.139461035042668
1.43602101245823	0.478148523404795
0.593732041838964	0.308752145092098
0.310624048002776	0.186976955936175
0.496921789184658	0.427332356382876
0.0572172711364347	0.0368009253781684
0.0413244996827721	0.0252438909145358
-0.0947712062084044	0.0588465325858817
0.762094945250504	0.452563243844072
0.983481236225006	0.80221209017828
0.503923892940617	0.433910343446289
-0.000335139710887725	0.000195833996884898
0.435386214637724	0.422421144843339
-0.135053073802534	0.0813969902478834
0.16605878411088	0.126787165742421
0.933119843099792	0.629104362144839
0.127222675433409	0.0431873188523152
-1.5369997817935	0.555799845674469
1.01938669987078	0.386305411802006
2.33251869782319	1.16992749953419
0.31918898016885	0.176637487240638
-0.251380752007047	0.167042726934062
-0.398591930424848	0.319062853763372
-0.416187669213876	0.238284350034563
2.0967159187814	0.940286941886901
0.432903576451917	0.173744486867223
0.448035688222442	0.302958591633664
0.453384691781008	0.414068025036934
1.4367565283313	0.893596215237905
0.476822692621015	0.299103377807117
0.317952059667506	0.175850913156667
2.74617618045436	0.774720201883077
1.63585400481737	1.53232297999951
0.77940873581878	0.930731447109441
1.11568990735709	1.13762333090518
1.0216909072254	0.38745924007158
0.484458390158705	0.432204134144551
0.167707171567302	0.147709306915014
1.42430149054016	2.16074259611999
0.602816410165602	0.917966340627286
0.411667628715319	0.541428803071578
0.640690869333616	1.03366897261889
0.367051438641607	0.392933964077131
0.428547980276864	0.548933117536512
0.5589380785411	0.693940882566397
-0.0275428959942039	0.0221633450047389
0.638341743886712	0.742575548883385
1.35405824204578	1.95466090721759
-0.157213035987655	0.112534119409312
0.828062258557687	0.751684583880432
-0.486023939109371	0.330088675844576
0.148268739583159	0.0846392038767642
0.126517413282581	0.0542784291940882
1.31069635629646	0.575154297721853
1.33767230698202	1.22273734889169
-0.0199500397132367	0.0102982882266228
1.08051363788408	0.815942169867022
0.841179166423249	1.05687496067068
0.730878593005251	0.79963595543009
0.664393594923852	0.57663255714753
0.286241720249683	0.195894254938166
0.956615000553446	1.25215714149417
-0.314527196023622	0.233832497350094
0.168550174606857	0.129035665731017
-0.465851471899981	0.477396422603868
0.218195252154926	0.261747736273814
0.104936246531774	0.117165016903685
0.668868537294837	1.05816998461223
0.0198281693629171	0.0114713518887423
0.0547502422623511	0.0474098338337143
0.16604326559195	0.134850179539734
0.0418380453550007	0.0359233684121452
0.379748625401956	0.311194420045691
0.166201207836255	0.122467678146055
0.120396933870279	0.04599646860365
-0.014883277950424	0.0121357527746632
0.0375839819140705	0.030205189553798
0.104209027533715	0.0917221178182095
-0.367084794250807	0.405950971271918
0.388317459920022	0.467143573819298
0.541155664830747	0.532301975401416
0.322665962126033	0.386295423106864
-0.0865338867203056	0.0650380506707858
0.367114619565743	0.460945156883156
1.01823421957205	0.385718705291343
0.88100741426741	0.47353915513862
0.589314961272051	0.307055679365578
0.409475600340558	0.309341077059805
-0.164999660616136	0.114209461109454
0.162938339513854	0.115519896617829
-0.435535601215787	0.416985751103889
-0.177043160538305	0.123594283361855
-0.0282439131918164	0.0143973364469483
0.408137238375638	0.306963052986171
-0.802037617373082	0.698358418204612
1.02824861551622	1.08510999558192
0.92862160547707	0.625418191608055
0.160535702434217	0.109110065200588
0.15411893566921	0.112916746673305
0.935387871287868	1.13777845853724
0.875953989099127	0.893190418322219
0.395445176179447	0.312504191153899
-0.660269520724621	0.832354429906583
0.637025676625594	0.824176510256456
-0.513918581953517	0.525113596096428
0.443347740677256	0.563144604133061
0.536461265445112	0.629276837254585
0.747798538003061	1.27361417848597
-0.10726206440351	0.0793649631790383
-0.398587386582849	0.53955549470025
0.0574798541580089	0.0558899648494797
-0.0888387980468977	0.0901272168509794
-0.116500516605726	0.109332911669787
0.0611490616466141	0.0639242280685182
0.169465298878392	0.142042127463383
0.322351384463467	0.303054357003202
-0.0136275154153641	0.00936806132364266
0.430485762153355	0.173362486516208
0.138791573856085	0.0413094962520647
0.963079670056049	1.04952246030196
1.27697893204797	1.87780996080561
0.380706758177829	0.389644445561407
1.09857088154426	1.68894432937196
0.0346622093883107	0.0284281912328494
0.573903503899601	1.01683573268766
-0.607984619364205	0.608491574378965
-0.0438026004086022	0.0293605434985617
-0.3579368429569	0.380368629492098
0.381417149866792	0.312679868466069
-0.0351649920133338	0.0278970807016538
-0.301742767479737	0.222847072303912
0.6002231336024	0.647928642529242
0.331533657817855	0.313972586259177
0.25135465202937	0.220901722293944
0.276229943726594	0.206929443601
0.0541903701659271	0.0348808308061263
-0.0564093767705803	0.0436592117628909
-0.29715237910462	0.250902973389695
0.39415730294546	0.40762174227193
-0.116824630348937	0.0868949588450441
0.596057521529566	0.641167145301156
0.320272190763982	0.382432413491233
0.565339817833754	0.540758949134487
0.0810802224151888	0.0589382333950339
-0.248115872493489	0.236797552267884
1.14586965651488	1.73282849274041
0.462419488297366	0.424955139482428
0.163075544855009	0.120306262373029
-0.725672556153313	0.755223889099772
-0.329084959897103	0.30655707097013
-0.0324614448705317	0.0217077647577439
0.866507116710142	0.879475717721782
-0.051259150636683	0.0336006225950452
-0.454455051020703	0.356739126969782
0.0729054666878728	0.0528507115809401
0.155189249595527	0.105240998080517
0.313900678402477	0.302254630526259
-0.667191784500565	0.659449565060052
1.07441518558804	1.3599376023653
0.661220629601341	0.752934377185426
0.260020249943206	0.216426242927863
0.160068861364255	0.108936373103898
0.329927304652786	0.312169699488374
0.786089766737324	1.0292339259177
1.14548252548387	2.01146356988941
0.307728490096023	0.302624669929488
-1.82471271141926	2.88344415758892
-0.31131105564261	0.28769248685656
0.471591697294079	0.573011642957468
0.691931847707384	0.939528085097999
0.442269768899251	0.561937006124826
1.39912890717651	2.24023433524288
0.57865019321329	0.63792362124814
0.44285948332876	0.494831570808464
0.356249873847901	0.311506237581791
0.334706063803406	0.167046127155523
0.682730173019659	0.444633188072717
-1.07057580485867	0.871078977515594
0.140363211069199	0.080127952299821
1.07376635588495	0.80765941801337
0.499347486491498	0.430064344293384
-0.0956004804466292	0.0594717406706462
-0.126438124149418	0.0757961777413725
0.772284044368868	0.4605558268554
0.372399343899737	0.167140159545225
0.431832015172235	0.17369222265597
1.31497186902393	0.578443560062359
0.146774179931898	0.0369732700828277
0.139369721109985	0.0415084196349322
-1.15884840067313	0.354739594018442
2.7496138177855	0.775189687209382
0.508075647691215	0.182571813788913
0.42791787344274	0.17200805643275
1.55265104250473	0.772528530641732
0.552588882463588	0.439121492924698
-1.34954877146842	0.856405778113439
-0.213482815072204	0.116597699939508
0.504392064423055	0.434728645685552
-0.238350157281475	0.0780664823782393
0.037744432724408	0.0230916527316639
-0.115985853788578	0.0467592443534002
1.60377896100003	1.1185895828954
-0.263371280760334	0.133765420256284
0.552563371595105	0.636340124378978
0.410912272952756	0.662142794158912
-0.130822332062924	0.119911355562045
0.120392518082344	0.117976885047022
0.00308325681067409	0.00249073926280501
-0.502053779623645	0.704031455203739
-0.184963267332278	0.226448415910357
0.179456762595447	0.219696186110685
0.188519660938959	0.204641026489247
0.252591449161093	0.301533400127506
0.0912671297930722	0.0967991481394828
0.343959548835265	0.403363853268192
0.018001061741438	0.0159445885552502
0.13073663562064	0.137645501603586
0.293333137475629	0.306740371191137
0.509435415274993	0.183330389793874
0.125844984126146	0.0601592866492844
0.136892927228732	0.072003535810358
-0.625757758019945	0.303604442542415
1.01921235268527	0.386192849735264
-0.0900127577315339	0.0397339052558118
3.02949036814685	2.24722349602299
0.136934224057857	0.0463018278790837
-0.644388443682788	0.157000626677781
-1.2907900581269	0.589216258109716
-1.53073128975546	0.552070871461178
0.139884098064408	0.0416988824150201
2.3435042061304	1.1776183138615
-0.538151618981623	0.206588191897496
1.24889803627846	0.687849919556878
1.05220838758712	0.511294880010563
-0.634872872189998	0.308594355757245
-0.165914588337371	0.0604424067058836
0.14575993281085	0.0834298188868844
-1.36270319009209	1.38206141001009
1.4756144528479	1.94039858001095
-0.213493626722489	0.116726970187884
0.484216842101631	0.304598477743333
0.413200122460172	0.408785898453101
-0.0116087813035539	0.00955172263201753
0.305237586506572	0.299365098290549
0.754282367535887	1.07834101322741
0.69979493458053	0.785783978517206
0.163353272913563	0.173660435122524
-0.0978291267532285	0.0842797963770424
-0.57309135325356	0.369731885444551
0.127039346781078	0.0546228640259558
0.095569974118229	0.0819411385155257
0.113629182321837	0.100787105113731
-0.520183479255408	0.665245530656166
-0.362658912079207	0.409640068859005
0.315662892002348	0.304112017345699
0.439590752202425	0.412845023321062
-0.944712150997333	0.699091537347029
0.802396290093584	0.33767488408751
0.528789678885501	0.304883219663731
3.25399732634696	1.10138712863889
1.87620780221081	1.60847815030018
0.266628567500356	0.214897372814473
0.161646303462185	0.119089926645401
-0.33079105980079	0.154021700613525
-1.04349362118201	0.419740113125698
0.449702699205443	0.304292859965443
-0.206612191966703	0.140625905615028
-0.127140851734517	0.0925266166896872
0.437335545298454	0.48593199354711
-0.0973744280798694	0.0824424091633141
0.638589684288523	0.826815062377529
0.429038490103361	0.414437226148295
0.25686337962642	0.213132618210542
0.0237410372827709	0.013698920535394
-1.18498216471043	0.671126215295338
0.122735008135336	0.0415982226749248
0.132192663108907	0.0505233330425467
-0.64477214166203	0.156983480169134
0.598993911091589	0.557900553552815
-0.935203732778008	1.14377889269418
-0.461270018144212	0.363951324555055
0.764309662952334	0.59858710883467
0.376384113127572	0.169188919067443
0.134557255638044	0.045467327673794
0.625910618300154	0.440205964973333
0.986079796328577	1.16977003907574
-1.07900705519467	1.36822386367076
0.590973623508583	0.633917138917325
1.38000096129197	1.06457325114248
0.932829613639135	0.244963311679429
1.36940322947114	1.04953202093928
0.585242601647037	0.304704976759703
0.298264138765928	0.192958124391263
-0.123335549182747	0.0740194998609851
0.140741997582296	0.0802372577321425
0.301968123620357	0.181149724345899
0.771694334317528	0.608114556844904
0.259373036541485	0.222352309499473
1.26329949401268	1.84081874860021
0.834269710910844	0.610300857516869
0.303996506617212	0.182724806004269
0.775927989386051	0.462881583169237
-0.644388443682788	0.157000626677781
0.839109573507581	0.615479154671335
0.124167375830671	0.04745294502351
2.7496138177855	0.775189687209382
0.420967379737451	0.16913923643217
1.95062146582611	0.454190159391569
3.2530948013434	1.10108931722157
2.74617618045436	0.774720201883077
-1.52899469498403	0.551909382987037
1.80429809838357	0.707492948913978
0.385979228167174	0.329418303602766
-1.04541383059298	0.419021029250977
1.56115507305794	1.68982972257465
0.670261397806108	0.312920763191569
-2.09059152506555	0.968842590571424
0.863285471689914	0.992194288033312
-0.270645631537424	0.13735426173563
0.512435401210267	0.183778778238332
0.131976766260658	0.0631291092268192
0.0853578940737869	0.0640989000323228
0.0907798725221635	0.0923062630152686
0.0950241781383269	0.0984537057292976
0.282032447900526	0.323135130461781
-0.0845543533470953	0.0798119450773658
0.182036406812121	0.209152100049628
0.286845046056812	0.317693268740491
0.573534563289775	0.846849117063934
0.116934687853533	0.130488918414158
0.873255908383565	1.65462954066241
0.170388211511806	0.179527548673635
0.310215547501583	0.305892044052483
0.690031023970804	0.935767328475996
1.01450480132645	0.384141080456392
0.6865887395412	0.446825443151748
0.429980032800171	0.172888778729521
0.320110213399774	0.176819704123081
-0.0859929980420126	0.0380909456295751
1.01913264922984	0.38618919405726
0.380135878970675	0.170864492809039
-0.118964218175896	0.047911892474698
-0.974593354794338	0.606479876865919
-0.414031981947508	0.175185312090786
-0.362710949837822	0.10577213020672
-0.644006342900786	0.156718049862583
2.74700474235958	0.773735225227364
0.14311796249796	0.0361933240878638
0.691648349271718	0.452159334074961
1.02118575779327	0.386986467154184
1.63612320346705	1.53476775578654
0.764892022433821	0.601087272979331
1.75913150813218	2.16465303924077
-0.198416563882529	0.13461615332412
0.284458706727624	0.194463902721332
0.304403745181337	0.290636192190901
0.355054782096352	0.309766994019979
0.59214940936391	0.712851850704523
0.585675108175826	0.441758020648757
0.166436281836672	0.149895130960563
-0.137478843069561	0.1452348108029
0.121887497381429	0.115409369395103
-0.112409998134035	0.113283647619265
-0.190279254971024	0.214983846942197
-0.108713140846841	0.0806040679700944
0.62968424118528	0.568573812639791
1.00617710734964	0.948938187599022
-0.419105204222685	0.177722426333996
0.128363820773288	0.0614168176521562
1.60623255227419	1.12214382178989
0.522153746950068	0.432962544040715
1.25664969996917	0.694322095482239
-0.416426702650503	0.176259986735965
-1.35229239339305	0.859899438808084
-0.169155791101971	0.0975769914389703
0.502549042818593	0.519211634995888
-0.14720570312182	0.120710018351174
0.25734040838235	0.220463578430635
-0.0523763230252733	0.0343363567043543
0.841394241201289	0.618390737951893
0.0234073167922776	0.017195432084954
-0.157267647633465	0.141392997336932
0.238812338823761	0.225601544062621
-0.642663816990053	0.767349530354928
-0.874326926415453	1.08278843022176
0.28485428328304	0.19467387994222
-0.797005001771687	0.35221208137405
0.508940667886974	0.183098517310394
1.43882340562666	0.478615560848155
-1.69239843499757	0.972196555916096
-0.00360970847117332	0.00188983352709106
0.260473759483852	0.216863848874713
0.729221165673432	0.710369777298441
0.802018704154821	0.337633996400516
1.04429005735424	0.506486200775635
0.653242855413462	0.207522075223881
0.280771081064882	0.201932356892969
-0.0751698761929118	0.048040032233604
0.628848742537252	0.567762102819949
0.0878063359503377	0.0660472642148029
1.05721347961289	0.64454097511936
1.33726223076226	1.22424020798112
0.70985975711367	0.876173570368276
0.528518520005386	0.601036260356176
0.9127040284163	1.02319782064356
0.0639979682953306	0.0430222171538884
0.767324663656749	0.456194424229063
2.09703789272299	0.940172538936034
0.665703957845918	0.310599041466911
0.368596073882526	0.165384111372272
-0.787825204296024	0.348755440723153
1.75851136347314	0.984599486680148
0.134607242487656	0.0513708533944172
0.373031874628391	0.317229516859339
0.63215571019249	0.73108166481607
0.244344825800185	0.225805285767082
0.322327791604333	0.30264121394352
0.393092894232378	0.310527323368617
0.271088632475486	0.202885499271931
0.662661607510942	0.572348174230697
-0.252018446855697	0.167333570434589
0.123191188174252	0.0527785084808239
1.10097034512634	0.986123817952379
-2.00618581130363	1.41729171372677
-0.0501491505356046	0.0241354461302173
1.80610961993801	0.709606900893752
1.43693291937878	0.478412112216202
1.43693291937878	0.478412112216202
-1.15300618747366	0.353816991053109
2.09851806560284	0.940645540920032
-1.80368476738292	0.398254084963023
0.147135239147529	0.0435839099617654
2.74877977095104	0.77489585677119
2.74534949223189	0.773319630917041
0.843222818912835	0.619315376070086
0.150443359742849	0.0377633287087368
-0.542426008365989	0.208214347777777
0.136181721877305	0.0518856090147792
0.148598486564552	0.0373599031239063
-0.538151618981623	0.206588191897496
1.7478294181817	1.35844613396543
-0.237477952696761	0.0778886575961749
1.31176150416243	0.575573951673107
0.443264460105601	0.417321789059406
0.732931711618039	0.988845773497643
0.18593745418353	0.201794602256171
-0.231299481123876	0.235340972988784
0.184068616933361	0.186055418006934
0.835274954193837	1.37312928064956
-0.182936532586259	0.203142729375322
-0.0222056237458441	0.0199570520773954
0.235606550232084	0.278469101951735
0.0457207779507028	0.0440691701591863
0.0406129946692632	0.0389790805471265
0.0607892178370738	0.0548591411210087
0.367748975286319	0.462218667288427
-0.0258239185740087	0.0176348512398058
0.560663864145341	0.837747951459188
0.100216159890185	0.0802528606530855
0.826353614381678	0.86791929106995
2.33676481628703	1.17407183630699
0.483516921708815	0.430276849212611
0.122142529512072	0.0524123751417834
-0.537877518920207	0.206535210663043
-0.916286323847953	0.775638838313048
-0.356189321077493	0.103630136124459
0.1413598194657	0.0421025960431846
-0.788092149452314	0.348156649758313
2.74700474235958	0.773735225227364
-1.35856864236078	0.863582017918103
-1.0392274109635	0.417783469942854
-1.53219054338251	0.553674997524989
-0.35900113863639	0.104616647983879
-0.116033719222949	0.0467572714803211
2.74617618045436	0.774720201883077
0.650444653728205	0.206870989076807
0.677180218439038	0.317153998655436
0.933710809861868	0.244826616527384
1.02118575779327	0.386986467154184
-0.239975824588399	0.0786192096818251
-0.207370205994783	0.113151432978337
1.08229598017167	0.817442851514003
0.51849975615393	0.297649932802865
1.14983999665135	1.6412266065234
0.522287381963753	0.749737845056095
1.20916695299955	1.91124786878569
1.74831808077506	1.78135491201238
1.01392445389193	0.383875412660928
0.303611905948336	0.296985889821923
0.628964570833473	0.749660961286195
0.165587572344421	0.145608093248453
0.227927912172302	0.213444561120326
0.161901286033501	0.12745057752267
-0.115891213501424	0.097329355335449
0.694091091742357	0.454335057245326
0.154906044608345	0.0948306489671582
0.477814704875071	0.42461606924064
-0.256458963778181	0.129892797556252
0.66863919469988	0.312403307344703
1.0057749721856	0.947725672880914
-0.3120632708351	0.231904772212138
-0.751027518459726	0.261129168281002
0.421766683738154	0.169549998799388
-0.234561901877787	0.0768788971748607
-1.95953996036672	1.94964427015197
0.132790251127428	0.0635599150245549
-0.178529344313583	0.124762664379528
0.381605025129177	0.313080060480721
0.0305272258767563	0.0187172800799601
0.303268937261927	0.182083606671216
0.512881237394653	0.421869765486236
0.165426689454579	0.122240723238811
-0.444825206500491	0.428226370559131
-0.44199006966967	0.45946382228746
0.519902766262459	0.429124877145351
0.135344827059028	0.0258639507496658
1.02118575779327	0.386986467154184
0.42756477352697	0.171975522232766
1.43517917219405	0.47735697092426
0.482945087403693	0.303571184783113
-0.128623863372941	0.0936916276144549
-0.0185563578418591	0.0096085574412858
0.630977936438423	0.445767760385309
-0.534955549485768	0.20533826801366
1.30691674991167	0.572884622733256
-0.575504093346355	0.371208004988234
0.595752810992385	0.55500135493123
1.56145727962183	1.69007150289357
0.669151543748022	0.313192415379282
0.521398703422547	0.300058571133355
0.650991162239829	0.206772040177897
0.29468556285202	0.190392037569764
0.338069700540764	0.302278838178709
0.015614761849113	0.0114753465067388
0.720579443674816	0.966996263330384
0.326070223131831	0.307907483347179
0.485083686622257	0.305168589718544
-0.0719567043058774	0.0460478590672015
0.510875541395758	0.183928738190787
1.43463558957201	0.476840630255681
0.512922403195653	0.184486383498599
0.629031220510818	0.567913987475475
0.452755676346	0.306389744755825
-0.062017726778198	0.0296587307673772
0.299884283134766	0.1800490351667
-0.6904959799627	0.489771115117119
0.272774011895504	0.212473126986517
0.28389208094925	0.301071323583436
0.478429470357746	0.583870007985852
0.555719705750839	0.6888902822051
0.55427988902309	0.68487853094244
0.161184242752399	0.114385752860301
0.160462223034087	0.108700589897616
-0.482913358924217	0.32751803905727
0.0160650148238843	0.00932540233945597
-0.503580026606934	0.266818232084057
1.06406959060774	0.650815518251999
1.31069635629646	0.575154297721853
-0.238619080974611	0.0782457591467586
-1.15345350292765	0.353548980162923
0.148123932113398	0.037298775193441
-0.367012159161167	0.106980484577588
0.656959166697518	0.208411137309888
-1.52899469498403	0.551909382987037
0.509139648815982	0.183001422100664
2.34056471803493	1.17779626883001
0.934386155720539	0.629978954438725
-0.354613475522796	0.288562031545279
0.510007909511423	0.183564268952108
0.521480313566538	0.298902370812974
1.55099663855325	0.769795744475616
-2.58428653566473	0.675727611967995
0.14185077328711	0.0810504155746807
-1.15345350292765	0.353548980162923
0.801831777002685	0.337763886330832
-0.0868685038769552	0.0383847566392366
0.701217823685589	0.787439179143666
0.747849662837157	1.20703669535234
0.0962334574750332	0.105196316575827
0.125689616123694	0.133580579610248
0.109700009178435	0.104668779860309
0.666367051342926	1.05242167170428
0.0183371613766605	0.0162169716659861
0.0824455714464888	0.0795616070780238
0.549411393479899	0.695849763057631
-0.0762722171613865	0.0735638181852836
0.074384311029037	0.0701029066079485
0.038923375033264	0.0333751145146474
-0.053183703962834	0.0522359303119912
-0.224366608282578	0.19735769889486
0.140456543581057	0.146816229864373
0.162706805983455	0.139317862994969
0.170429612553805	0.150357395493373
2.33734042346698	1.17474168939723
0.139293618940717	0.0666620928182684
-0.0124257615838384	0.0102251963620601
0.482687795938809	0.639609790407714
-0.358839825346028	0.25983808811104
0.303709629723606	0.182262827591708
-0.742753785982603	0.258086652205378
-0.0816959967335446	0.052348642950987
0.139333258450746	0.0470277427412695
2.34494472236283	1.17920351477426
0.373655585306158	0.167151212890848
1.43333633877384	0.890093279773427
1.24252111634941	0.68076506086045
-1.15345350292765	0.353548980162923
0.132620364305083	0.0449502398034842
1.8046556556941	0.70860181691833
1.43882340562666	0.478615560848155
0.128155030260719	0.0490071563328754
0.652695254572546	0.207024892635355
0.139556940401302	0.0415648034416572
1.76484406348662	0.989739098820334
1.01938669987078	0.386305411802006
0.510875541395758	0.183928738190787
-0.0914278912593698	0.0404130731559572
0.783208235798491	0.617308761781972
0.301713150910634	0.31038594251405
0.620422467297486	0.814416778277344
0.480921527017502	0.302663010387787
-0.54029754085068	0.207542814541063
0.544743642799058	0.536537775889748
0.168955340081272	0.159173785340544
0.16668120354977	0.156758775125958
-0.162052890173695	0.130771697784547
0.288301421749644	0.337685662879159
0.3806805062333	0.312002609112355
1.43973986105876	0.479489791047764
0.772589862383645	0.46085706692606
1.88677052022927	1.62255484282594
0.767017493878968	0.455786822564774
0.129524436565753	0.0556472582299233
-2.08945711423755	0.967729012291542
-0.081719354505596	0.0361575846622964
-1.27700628206754	1.2142070293095
-0.118598895585534	0.0881332971447795
0.342660853435292	0.306764741099324
0.649899051972439	0.667158743376127
-0.0108309622517064	0.00752868433496922
0.524168118007528	0.301510101538754
0.815830963197969	0.954695009762978
0.44619496478049	0.421406614290224
0.725454677795145	0.791330321089124
0.262160760476686	0.210961994449004
0.651349240994328	0.207129762624853
1.30634143324578	0.572549276189887
-0.543823047707367	0.208731068675775
-0.809504211025334	0.446125750750635
-0.272804518185235	0.206866102165156
-0.570690622395242	0.524799869471903
1.08146654994019	0.816574200762526
-0.742182711888573	0.257807372285815
-0.234259276164921	0.0768738569502217
-0.168274022273368	0.097114833745703
0.287344699861364	0.185053695102771
-0.0277998007786	0.0141803540641122
0.423340247364099	0.170060647086572
0.15501391827437	0.10526848812281
-0.486496328329464	0.418018606747348
1.26158931927767	1.96066671281107
-0.141023969758545	0.1151563790138
-0.525987440252548	0.567723021300655
0.594845782415656	0.639404039932212
0.820132591313963	0.857486157349394
-0.497965404572713	0.431303786178181
-1.29260010942573	0.590704652352426
-1.53327386150544	0.554071585244721
0.672095466963017	0.314172645990361
0.313946106554452	0.172773834503057
1.21532330855692	1.18494067742628
0.550874409386497	0.437380943558032
1.51363003561238	1.82364607456225
0.704612901892113	0.792838248816775
0.806502301380369	1.20571360796991
0.161741271738096	0.114873247679273
-0.264030967847463	0.225083291889285
0.495987412818231	0.426375708241701
1.00521502759725	1.29008476702275
0.522668643078456	0.300880070035023
1.00420046846126	0.946472390856947
-0.514904041419268	0.27427589806961
0.477563883097637	0.299205855652326
0.931565691852841	0.244293555241305
-0.640433285495798	0.155891307450366
2.10286368043863	0.942244458681702
-0.366106353055766	0.106564775009011
0.932444120238111	0.244842742206832
1.43693291937878	0.478412112216202
-0.237964363432232	0.0779752644503507
1.43602101245823	0.478148523404795
0.687430568044997	0.448422932499836
0.524629236110906	0.43512304613751
0.277892302209006	0.199568086848458
0.689928253510634	0.450762951486657
0.402838041608909	0.303323162600243
-2.58817701744193	0.677412741892899
-0.0255316945053369	0.01307431395949
1.55474449208561	0.773193910609808
-0.419630490333242	0.177957182429578
-0.41323615205198	0.174757850001927
0.181184011349485	0.148541946725174
0.299781855430566	0.314733963972388
0.0791497446044027	0.0796911476718138
0.0409928215980933	0.0344902336530957
0.107073288554263	0.113735674343536
0.11396940547226	0.109137903801209
0.263291080254378	0.307284383225653
0.373602414889625	0.401315506552348
-0.120843240437987	0.120959093665627
0.440025222192521	0.61921999137388
0.674772736687066	0.990538879194996
-0.593464233530562	0.860722337877651
-0.483405106020965	0.596201252007575
-0.00582287622816924	0.0057973441176463
1.15246722137787	2.03276233094824
-0.0696239412465861	0.0609932240978251
0.553063121393812	0.763222591760114
0.481598148076982	0.302860431618565
0.428884876273104	0.172685936510533
0.11630995398256	0.109622401273226
0.0891065205580705	0.0892867233671803
1.28806313842167	1.77328409876889
-0.35526236611385	0.216992953646152
-0.0036822523867903	0.00190468297811807
0.138201307816304	0.0788578953344826
-1.24019824691033	0.942725666081356
-1.83909918131213	0.759394746718806
-0.515374687303333	0.274640995826127
1.43657196137551	0.894571483632581
0.668674674115125	0.31247028693812
-0.541581111975942	0.207841648639235
0.581774610950595	0.302164579711831
1.60456588331303	1.11943238378158
0.647947354529066	0.205390836628303
-1.19027641893015	0.67509725393745
0.140184451576725	0.0265585662587612
0.805769324127157	0.339679478238357
0.513219052715781	0.184783577478651
0.875071683919781	0.468631271585506
0.47236064827702	0.418290023306458
0.142943852061268	0.0815903350447064
0.346551620196609	0.311192671834615
0.17514611207941	0.161924528432764
0.425709719180389	0.585728124112407
0.33126567095177	0.384943768649261
-0.593095070152735	0.678019797453624
0.422565108326337	0.169882850838849
-0.543266856350763	0.208763548655505
0.970436726130938	1.35405703920019
-0.144337057802267	0.11806348582029
0.168622985608323	0.155550792957761
0.830252222561927	1.13407581975746
0.983625785089344	1.16624640544239
0.476776543992177	0.424251784778968
0.445508653180534	0.420069829370525
0.689269691539857	0.692312365454865
0.0509042385038829	0.0327593890964717
0.375371225326836	0.168758685101821
-1.00444860123223	0.506172705694347
0.527619336636657	0.303321841287121
-0.337946147853262	0.308584105808121
-0.256269431560933	0.217915360123009
0.267260644933692	0.199521200283251
0.68227639739888	0.680443789007965
0.886793169050014	0.764239534648982
0.172200744033292	0.136159506104148
0.655005413745758	0.674829089973334
0.366922302062615	0.310530757109847
1.31089635736011	0.57486221118602
0.653790201953018	0.20742302218683
0.718094269198659	0.597390871424977
0.360768013418724	0.382725377829147
0.674160147367802	0.585721295372627
0.68909570356792	0.450009514471468
-1.29686332448285	0.592787178090948
-0.35845544263212	0.104471490348146
1.09951104844177	0.982031526661265
1.08191165988021	0.816543204815855
0.520806320574851	0.29857985882571
-0.121968457227465	0.0491257814845276
0.275376857031303	0.206069065821586
0.913504836435454	1.38664304081648
0.182200664509683	0.14028546374575
-0.360353968581653	0.383566027882258
0.123019708029228	0.112051487379045
-0.296391490175812	0.297266315983046
-0.446703280656707	0.429922360079257
0.632513327787088	0.447516466195101
-0.543951619434175	0.208833717025581
0.510303034449659	0.183694667904733
0.646143141275968	0.205158328067658
0.345638457501671	0.310234351122961
0.24589020062575	0.227522008374239
0.275642208951616	0.441411967613523
0.291989961327488	0.497376535368561
0.631672350338298	1.57446353148379
0.419429768102782	0.679694317443197
0.384071237037602	0.510588439893614
-0.0938511305900957	0.0806543579380738
-0.128160978771048	0.10622313036879
0.245736060617587	0.22072334204009
0.430142574967938	0.309695293948343
0.8242402166953	0.746083312815787
0.696968694110226	0.456450963094663
0.559892072690677	0.445805022858881
-0.16698064175195	0.0608045830755468
-0.787466869404932	0.348223508763215
-1.05786876096851	0.424996473716097
1.43511052997664	0.477089390053173
1.31032217925647	0.575449353150941
-0.64834559013069	0.157812973783057
0.137209797477049	0.0464410009267909
1.310612918568	0.574810701056327
3.25955780844985	1.10146325935908
0.308812924456669	0.186001729619242
0.715924895381961	0.59519386013481
0.735055623449772	0.808181868704292
0.688985785320075	0.450568865019983
0.361314271588282	0.316248758429063
0.672932319558158	0.315270459352306
0.0586446321798623	0.0377292567766023
1.22464461272006	1.02920942611124
0.124956377934351	0.0477451436314427
0.0284273792558734	0.0163629157031595
0.108439328379185	0.103377024921179
0.175886134078356	0.155796074914596
-0.00601729272003621	0.00497489410315996
1.06167426189688	1.81964114125943
0.31477424380243	0.407254912405494
0.32183098559323	0.39236826021545
-0.10868013701481	0.102991347820387
0.0507681745947282	0.0429101268874588
0.644073614066371	1.15893333830338
0.0548666942833748	0.0474975360566197
-0.0422095477969001	0.0374293493803256
-0.42546513215277	0.552410004524548
0.166697254575259	0.175014636597691
0.260671053011683	0.323188125315843
-0.588637280493871	0.918565912749693
-0.178213099732493	0.196799902199862
-0.0993001113178377	0.0857384301620342
0.937208440497546	1.5061005256958
0.368596073882526	0.165384111372272
-0.325687072850655	0.15152504926479
-0.101094775466114	0.0937407193071532
0.213504209218805	0.258329833971317
0.0840264880355021	0.0649231622672356
0.386018260229984	0.300302014484545
-0.701072220313012	0.499947101575825
0.520115661244673	0.430761794555719
0.588228430096678	0.443369104862481
-0.210595420265559	0.114214848918775
0.841519854755515	0.618121432341251
-0.418054965375392	0.176960828068412
-0.327127692777193	0.152095231450226
0.509711928103931	0.182972477684844
-1.00253996429338	0.504337690350287
0.835492938159897	0.610789526965992
0.324664885775615	0.179604414389216
-0.0304155706878245	0.0155157196452509
-4.57826895779232	2.55969523698993
1.01791216425444	0.385692179378926
0.697239065042702	0.456783682694367
0.376384113127572	0.169188919067443
0.395328314887285	0.312631084604016
0.404215285014636	0.304660572379163
0.687934375226568	0.690069098921019
0.159391836806984	0.157817798856737
-0.278340580008398	0.258442853019761
0.574724355105285	0.631126684448089
0.519992657182611	0.429915142657008
1.31291742676874	0.576696640316621
0.0919811532187067	0.0750559476209609
-0.130222235172018	0.119356278364911
-0.0245696439432754	0.0218428267171563
0.536467061956418	0.800900399156868
0.523067725919567	0.667142872853511
0.499754405781423	0.848006489592241
1.21249123837074	1.01468298340654
1.07757888042094	0.813064462300337
0.529139050238398	0.305036430403964
0.0477811354924123	0.0307237078023862
0.93357873346762	0.629157097920762
-0.16484652798714	0.133197400497944
-0.470188755971956	0.57329537269057
0.343800731207721	0.308660406594619
0.344267910454491	0.172556784683622
-2.01267178473828	1.41808001606861
-0.576510064887802	0.532787771317728
-1.15569498299053	1.30560645092014
0.0354447511424032	0.0283997870655401
0.494177650981131	0.579729799048476
0.224280562336449	0.266630746347699
1.31202221805047	2.24261604406199
0.508648817829669	0.18261000234337
0.488347861820474	0.585716006481219
2.72827447237498	1.67849006425861
1.55585578875958	0.776687781318743
-0.980867068592221	1.06694531903208
0.472870957851062	0.419678296804281
1.45890227786577	1.46243400224782
-0.0247241130067706	0.0168705660097845
0.765133424361134	0.455487920457593
-0.569630247908531	0.523314657632363
-0.303742048698261	0.324288365108258
0.578724829216525	0.841498758594455
0.221556565913111	0.254960238282926
-0.414898813475648	0.56834341478917
-0.209142620827989	0.202387700583965
0.0902867905270129	0.0718858510957854
0.0960331417523365	0.0767610985598001
-0.0505549455342573	0.0242766100529617
0.472082333990634	0.509159947140454
0.792231845489615	1.54565079750946
0.195026874670237	0.310534849816001
0.290689803823718	0.562368977945928
0.784449498052346	2.28682824383407
0.452492718976249	1.009916049232
0.274043619185434	0.4275991161454
0.557515525210322	0.846393555089041
-0.00367318886771474	0.00348103756158229
-0.457298435284176	0.564585110083566
0.818973163992857	0.856679181030355
0.322667209026804	0.30318093209421
0.145896602326247	0.0889602851296402
0.177086616461143	0.131407434178185
1.22837414891058	0.847367504278335
1.0221273100189	0.38678380018213
0.14103192177006	0.0419706320314239
0.124414046641939	0.0421948283698795
-0.538714119684408	0.206903909568311
2.0967159187814	0.940286941886901
0.765133424361134	0.455487920457593
0.651349240994328	0.207129762624853
0.517582841363913	0.186137922585082
0.12996442533122	0.0683406580921383
0.592591024984963	0.551195724694991
0.392472527050275	0.405853440353645
-0.627284383604873	0.305293930755849
0.687750228907579	0.689716631679103
0.119870775452816	0.0458419996163068
-1.51227541381265	0.780507768949503
0.562104983537311	0.537058813090854
0.177575413595736	0.206069220691341
0.415078062360915	0.465459089140765
-0.0936043519929697	0.0790101164850414
0.476117338547673	0.514219369747442
0.519149819643768	0.602206109496153
-0.0191399794804956	0.0155599301621776
-0.0275110607835819	0.0221601202157454
0.239367068352832	0.236721530944678
0.0676830270699983	0.0456055335470147
0.0702927896990467	0.0638253253415266
1.04106867438447	0.503955622708007
0.160396370718745	0.129672860261573
-0.016083355027166	0.0130596411263899
0.694040136748332	0.873819688277868
0.217050963857025	0.236813354848354
0.112846804677057	0.108021583274078
0.116289059231034	0.113383902933057
0.552616323763425	0.762274277171206
-0.0964781760826983	0.0816219442280868
0.273570932174911	0.299375965615722
0.106366435344708	0.0898751460925394
0.331250181232908	0.304385906559878
0.133148229099586	0.0637613248523892
-0.234829575212863	0.0770304092976012
-0.184168086722311	0.165089234360593
0.0770540635756525	0.0963675237274732
0.271307490183034	0.329327616900876
-0.16160920218752	0.0929372392075116
-0.359336608275026	0.260932499209311
-0.106213506706816	0.0904632336714822
0.266642690589366	0.207353189684054
0.418991742148097	0.318054922892456
-0.174598504753129	0.100814689571145
-1.18202390554992	1.04567641839569
-0.482568166894817	0.327519066524591
-0.120584193892094	0.0485468247237062
0.348382195440722	0.174521165096728
-0.0814625770543385	0.0360704631690969
-0.16156361377829	0.0929506529548481
0.979280815423017	0.799405180451673
-0.747055356811924	0.259655588067032
0.50688951495116	0.182261063083595
1.76143357424468	0.987698652920751
0.881794437377797	0.474364913068797
1.50264604364955	1.27627584160828
0.362336046484254	0.306276932812392
0.527162343110914	0.30349158733189
0.676377608478058	0.777940687008157
0.00413026503762993	0.00313149234655148
0.268881897676556	0.224813238079483
0.172614460778224	0.179258702561545
0.268409497169638	0.303749942145011
0.0579636568790701	0.0512695292740785
0.670948636495921	0.768545303246414
-0.250082697826632	0.233195570545963
-0.0218097945603004	0.0112328716230358
-0.741611944171996	0.257255485732723
-0.587454110322879	0.745911778344577
0.303874914857525	0.305224865045476
0.084898359215579	0.0617331081360769
-0.173854772389031	0.157512985105985
0.597313401953661	0.643778661129171
0.598657033611225	0.793828434883768
0.715706490438842	0.594338567753316
-0.325813755829624	0.243178985579902
-0.500797212732264	0.6104646211786
0.278383822917745	0.225380811290556
-0.411546375163595	0.431104773905609
0.0538954040006281	0.04660967239846
-0.527055621194014	0.613061160555974
0.1248360377403	0.059683162121877
-0.35910395528351	0.260766919075179
0.779408273829482	0.839002158674167
0.490477780503117	0.419862188014623
-0.285013270286967	0.306217691320837
0.481081770066344	0.506243601549246
0.691650492336018	0.450665654530484
1.37873449500217	1.05925029700648
0.274265608555398	0.300123563858893
0.11177466086813	0.0944815010533404
0.455022697818793	0.55910939823634
0.267570558488451	0.207986802035652
-0.214353793683466	0.117184360036161
0.370744644765898	0.396743128591551
0.226869847884258	0.236413600137562
-0.0127937773174118	0.011618989568502
0.0417001016840791	0.0387626513548237
0.652609016436928	0.966394148101967
0.302477096721002	0.393444241301549
0.0040653894270057	0.00346464831072288
0.168345180567975	0.140767329033703
-0.209815507355244	0.114542030630631
0.137299077094998	0.0722981969022883
0.293710567410209	0.189402624395836
0.478312674252505	0.643947077902131
0.41159875200151	0.569664238496059
0.438762428900863	0.488702016755294
0.528941688615172	0.692826100477771
0.1742619314577	0.168202140112617
0.622639238773376	1.34265312103434
0.369777355061362	0.762724222939162
0.396887931732849	0.824124294575955
0.468124930405849	1.18810257122747
0.255959822364718	0.4805351925951
0.0899874426064279	0.115143041598501
0.609867954403293	1.34918122888066
0.266479408556536	0.428384182607395
0.0250539939390378	0.0276848285395094
0.0255822566147204	0.0307386162836773
0.696029625348047	1.6638918055881
0.309993572454785	0.380232717282906
0.482205054983493	0.638492278327511
0.173736086956873	0.164210606185418
0.776238987531215	0.926785902660221
0.430473786891214	0.476582283464642
1.05743830899494	1.32261782142332
-0.634853088102568	0.309008180667536
0.423888224590472	0.17030431327899
0.838746519595934	0.614584650330661
-1.50353020356154	0.772614705719597
-1.00469749739312	0.506244413010356
1.21715669075632	1.18802415417252
0.526351589807608	0.302937607918793
0.419477473756149	0.299896798636014
0.410439855830349	0.404838822403169
0.376284317991256	0.394240419556956
-0.232138885448207	0.218925710733411
-0.0577396099815809	0.0276504579827319
-0.142423339647526	0.116316304384044
-0.245451398762788	0.162525086579522
-0.527861208042533	0.406018623746158
0.174390598724016	0.12936254321981
0.300697874227231	0.454942155276526
0.340995873360111	0.609520807484778
0.0788614129396155	0.0572705237112711
0.247870289999452	0.204392357367555
-0.00562148244462411	0.00395116205680674
0.0963839897365646	0.0808307581630381
0.0893898650573016	0.0711837658593326
-0.524818590259339	0.403674453582712
-0.729283783629595	0.711237206283772
-0.526380277222659	0.405641679173073
0.464858765752875	0.498471894629837
-0.179319049190617	0.142144413329616
-0.273830586836403	0.253391046485276
0.146346358967967	0.0368510834186678
0.412897788378664	0.407774349526472
0.739398294417067	1.11783046555648
0.359483895724264	0.465144740080585
0.0634112998187726	0.0562799064718305
0.247466594704287	0.245943991143108
0.0983544685687096	0.0844996436876691
-0.0688267684206094	0.0602817462262702
-0.335429456239717	0.328586373533572
1.19493246538871	2.36859329717448
0.174860618469707	0.134353285699236
0.0835366401389901	0.0645868583356075
1.80928263677467	0.710925581726897
-2.58817701744193	0.677412741892899
-0.146354818461721	0.15580604025856
-0.508167891325842	1.01069371666221
-0.0463443594250509	0.0517184702340042
0.450078451974899	0.550514708452107
-0.681235936596215	0.765214729662277
-0.463577455025003	0.510650091454963
0.688158454676744	0.688195581835227
0.435562706102029	0.313622436474727
-0.0727591894565378	0.0464656066156683
-0.894721388860922	0.835201680947124
0.162593743930872	0.110605310785318
0.0249557518744538	0.0143807846797225
-1.17676274419733	1.03978506785883
0.0328279758170174	0.0200395550405721
0.778127859733891	0.734536439958668
-0.290614684253768	0.185752871740338
0.329490563813095	0.164219181257904
-0.512210393105524	0.272112497617259
0.315594171719568	0.173873461823536
0.573833769168747	0.297022225294694
0.302044757977397	0.181522955355119
0.975297882406601	0.79302903992525
0.551731296425512	0.438301088791615
1.06821426320574	2.18523021905903
0.294615373236599	0.301516179142896
0.468443041141918	0.580552497798404
0.441080360676669	0.599208673714829
0.315323079139109	0.388860815483374
0.167150269050494	0.160450573055819
0.241863290442909	0.228889420132171
0.355734020016271	0.310655617927543
0.516080440025964	0.518066264123508
-0.330063867706529	0.153962418762864
-1.53327386150544	0.554071585244721
-0.0713899337338609	0.0456327300868065
0.0781182235246702	0.0566686151854396
0.350219838485495	0.304986772464415
0.0722372471225008	0.050450595302369
0.571809255588806	0.62737316196325
0.57396843252751	0.550845915018935
0.307171187564241	0.309871377589236
0.349157554543882	0.393928821013272
0.74370561135044	1.05664181435677
0.316961598342579	0.314132047745666
0.776729165810423	0.835879940534267
0.1700871867472	0.138618083860431
0.232333840046038	0.223324317889931
0.16013749737914	0.146628596011315
0.0546934578961129	0.049132081156103
0.16646632348568	0.16238795492574
-0.605457990283822	0.807942859697936
-0.989449891242961	0.991290314281778
-0.55297820747951	0.470354793557149
-1.07936990694016	1.65643393723881
0.244384269505064	0.231703139738776
0.270781571932017	0.318353446514714
0.316800095780217	0.305316847044913
0.935977856034173	1.56209018990202
0.226121470646489	0.211323355753239
0.305442284409703	0.299650087704169
0.487306530250013	0.648064923871381
0.905775051818634	1.00861583101232
0.230295526640995	0.226053285482207
0.585869567755696	0.976733451128242
-0.0726858820451432	0.0689679899220874
-0.904891432389814	0.850287198216678
-0.601501022593033	0.447812996109977
0.658292836107415	0.679590960052764
0.354377308291369	0.393690224906606
-0.0624483040548581	0.0610694868008298
-0.0221137711537057	0.0182502104347506
0.361313463198297	0.315848982738654
0.22489921904425	0.242519841847791
0.272231025570105	0.203951125594071
0.577752848169503	0.557008163057458
0.607310145029401	0.568490547415997
0.871452434232052	0.883304510176041
1.22518545072261	0.844831390413282
0.8727821769633	0.889328978134953
0.82761013157388	2.12427901094599
0.508598547888613	1.18383650394862
0.283076439815071	0.534276746269533
0.310807603626079	0.513495556750066
-0.00539442230446197	0.00537446300091392
0.303350011629519	0.46570350243052
0.227400713536411	0.305722457426222
1.01311668782658	1.99071150364934
0.308795240126887	0.397546520676963
-0.0302816618859158	0.0319525852269995
0.219226591754366	0.352757850943525
-0.160644804467751	0.232252696815986
0.25962084619377	0.393126443248365
0.174029731383332	0.289244728142481
0.452886257034141	0.752912079241422
0.476980468341161	0.7764355250556
-0.0566299902801421	0.0655152020393735
0.216130125804023	0.269470868790518
0.113732523813566	0.129401682180077
0.347849171380038	0.392280385554838
0.824352321391963	1.12199651420992
0.785321303304452	1.02638645535666
0.172623473022806	0.132393714457243
0.254615540432688	0.203749563764875
0.614530243110487	0.991820384601184
0.6048123445839	0.807081636288888
0.551126816311319	0.68224763181716
-0.193555788431287	0.213806039728152
-0.377116498113456	0.488685199637939
0.348548188660135	0.483634785883359
0.0503266091460955	0.054626504236287
0.402654897788539	0.772912857814144
0.116886809302206	0.156933057428248
0.12116734866123	0.0520148566274755
0.587249502412299	0.441539501162282
-0.0561262222616034	0.0269413885054257
-0.630284880323079	0.306652124632153
2.10347172977382	1.46578530302154
1.2552816479958	0.690623831710968
0.491112237378057	0.309657642705774
-0.632017737562649	0.527754436858566
0.482896727036272	0.304072680901645
-1.5375444255416	0.556007810250909
0.128271118804624	0.0674292810718705
0.0407044446609579	0.0249080899255413
0.280741036962261	0.201532827143555
1.34117725269258	1.23021218316387
-0.265983727488892	0.135177195179416
-1.67560279306004	1.75953877576628
0.272394429849432	0.212621045006716
0.631418545330463	0.44632424182692
-0.0244648659590765	0.0125531302328612
0.884245502838912	0.475637672854852
0.391694597927434	0.308943709588728
1.95135265955319	0.45428366780025
0.931565691852841	0.244293555241305
-0.0235576898467126	0.0160854401607118
-0.470673624011142	0.786360288654489
0.0775836496039174	0.097078733117657
0.353106845433071	0.573513682079668
0.290263267542127	0.400585776983567
0.00756953603791074	0.00712344323016402
0.352981089779454	0.566892042824648
-0.658645278569848	1.34777672472396
0.355370474698517	0.565032237607112
0.197094580814969	0.267058600523324
-0.0679831822874855	0.0651454536333067
0.182991474450906	0.188231812199579
0.00770138491278428	0.0073865864164611
0.606487437804784	0.989970832260638
0.256972995273944	0.312595943980213
-0.38333626191166	0.476685506458838
0.164255226518241	0.136885204171674
0.17126890046083	0.135525573192577
0.242526249149058	0.205583287476208
0.332265658450612	0.378764987602328
0.176225819839446	0.192589247707141
-0.505787587447988	0.618330639408743
0.893649360107186	0.774165447368298
0.521398703422547	0.300058571133355
0.933324263209431	0.244705909364566
-1.80368476738292	0.398254084963023
1.0524546418399	0.511237241963224
0.141709051040129	0.0808950908494816
-0.539839679278571	0.207260587364668
0.930241850617246	0.627270983084251
1.55347727946598	0.773183811517379
0.146737983479964	0.0369987654124611
0.342412731496043	0.171595922056465
1.50435422389684	1.27813618783083
1.63333939710776	1.53107685433736
0.498316550399351	0.428046001488347
0.673753063217412	1.43472897842308
0.873280955172148	1.33804156019186
0.0412406578531061	0.0410596801436029
0.165135967371372	0.199603828803228
0.453715239588712	0.497537809511245
0.243175315536521	0.218991854956773
-0.131946944958299	0.142097477861469
0.0909963029290022	0.0760778044867084
0.812816001012377	0.9501642606879
0.957381746523249	1.03875122253872
0.102392923139034	0.11401883650264
0.354674116702741	0.471985853843373
0.0763932045166107	0.0831076962517239
0.020697516972811	0.0157198046255102
-0.150597879405278	0.107562726905708
0.168860416218824	0.162253763104452
0.0691467469198711	0.0483534982471456
0.523840334281764	0.434743240816449
1.06354449561341	1.42765576119262
0.8835782885717	1.51192643456352
0.185555975097622	0.242751123938108
0.148900247675365	0.166373803748822
0.631649040674129	0.57008061614475
0.976600791768951	1.36716288888071
0.0107597847580516	0.00759567062065462
0.357258940174674	0.379254319521504
0.515584346854909	0.886002503672832
-0.195116301378987	0.238179072101577
-0.899628676943044	2.03178609075022
0.0666236299885739	0.0448876484843456
0.599412332094851	0.559602487002225
0.278171028683717	0.199610622519772
-1.11841235803356	1.09976817766515
0.369757102362948	0.31333903006121
-0.539276806409919	0.207127681793212
0.668943430071024	0.312477322619706
0.663491411661443	1.73382392556873
0.368638466176021	0.717790818299642
-0.138750275754936	0.163027401920531
0.173521447911919	0.180198474063323
1.25605883159638	3.00916028823599
0.224262886173931	0.250510468663191
0.540984287226388	0.620058879869631
0.660481243376661	0.842773203504931
0.176330585757235	0.189792758223337
0.143594828181505	0.198649639264474
0.0942546386603249	0.115246600602529
0.00583547528524723	0.00662004155215788
-0.173401379570864	0.27744046684779
0.0357002341972197	0.0489946003311989
0.0210521592421583	0.0243359747853199
0.571580987337113	1.09856263374695
-0.366076321074374	0.497833290034588
0.030023493278894	0.0318030194730927
0.0553237976545071	0.0505235199585193
0.237939032400939	0.235056547949187
0.941140721447751	1.74153220180573
0.61155855415483	0.870748463060279
-0.190717762216383	0.221189024269195
0.538622566147449	0.750389452305103
-0.114614764297925	0.143604658345242
0.17876310437888	0.231920186404565
0.133225339958502	0.188968409658526
1.80590455375819	0.707633639150203
0.582263873693322	0.30247836051595
0.127719963165928	0.0547407336260323
0.129250339089754	0.0493813338422963
-0.238535498919549	0.0782368452146959
1.09014798614159	0.824745216282819
1.30604144910472	1.53159267197875
-2.58478470503525	0.675813541092272
-0.818859242316597	0.550569231340529
-0.701416321164767	0.499667969277479
-0.206468078192164	0.112480890961526
-0.164951273694065	0.114401863727306
0.478938117240805	0.300551817160667
0.312557081316641	0.172318164884384
-0.294983558186378	0.189166791589634
-0.235132025937081	0.0770784326047616
1.60574320404846	1.12152613973547
0.532930722232485	0.307094638575834
0.381145512812164	0.312441604181574
0.928514800310416	0.624316628496044
0.935126029437946	0.245318397037238
1.95062146582611	0.454190159391569
-0.220762847228963	0.173969149881438
-0.43502999590753	0.611441272887681
0.0465738779473428	0.056861897857344
-0.345230760997541	0.615010842006008
0.38321975294442	0.71080670569226
-0.291611740042196	0.371488618495229
0.374354437623334	0.602541296530868
0.224204260073076	0.348699435514061
0.147479377505418	0.199253584203304
-0.121432407729142	0.167184228270744
0.8932577733683	2.49436216296542
0.221430850751694	0.302455781923374
-0.35725439610105	0.525018945036874
-0.0221200070758448	0.0232286344294338
-0.079030852498996	0.0902267456002151
0.617093642707089	0.997503682422855
0.598405774784016	0.86212799884354
0.644473702644629	0.836967545845986
-0.232180701538545	0.252430950601708
0.576922910753326	0.55574298484639
0.484522078250024	0.304569511122316
1.95062146582611	0.454190159391569
0.510875541395758	0.183928738190787
1.02201384172153	0.387406801790706
3.62559622686951	1.43343777832231
0.803676101253231	0.338560822354516
0.63690530264879	0.450273822601776
0.529950054663375	0.305537045368029
0.589557642056652	0.444749868301316
0.0350747589889987	0.0330342190377842
-0.101453270133208	0.0632066368295137
0.650246636396176	0.761336222690716
0.0872895884030273	0.0845645405214747
0.327507604616157	0.414572544747206
0.121292875668091	0.128330264677345
0.555556115116255	0.442078158385959
0.222782887077656	0.217461735545278
0.216865920947554	0.259046287166353
-0.11702477374933	0.124588620560725
0.00638219845889414	0.00656667043695254
0.0566784708258201	0.0380945530422138
0.161301758839126	0.114305112679582
0.327853530260072	0.40163215163946
0.381151766410086	0.523458110602756
0.499933731712283	0.589277541231781
1.74803618771384	1.77143334322464
0.389427735221793	0.30695835748442
-0.278162835863666	0.211269896441551
0.346764650753412	0.407660342046701
0.735210702980449	0.808276470361915
0.277644421043333	0.208579693299906
0.848823624359695	1.07231899068182
1.00593562950093	0.94909482697633
0.134498920562447	0.148246603970951
-0.0596835820772115	0.0693463812145221
0.137053154177044	0.157531908369384
-0.993429442838051	0.998790464460616
0.166818542608921	0.113716360287872
0.1327804685098	0.0699521051087503
0.931383781127963	0.626232464892094
0.370813114838721	0.166248752720769
0.12579104349061	0.0480783438748669
0.378247120201616	0.16988613293118
0.42396780410884	0.823022974464312
0.543804638153038	1.12327792944968
0.393341651131436	0.723611498935415
0.740584013879202	2.00353490329951
0.169099167359513	0.244045210592886
0.652993415600611	1.25399589929317
0.110561515584403	0.134853096710394
0.443815601656508	0.772250476792783
0.0680990555797784	0.0778097193178328
0.0363402192910493	0.0410485812123101
-0.00176647957266471	0.00202434128762629
-0.184595821724536	0.272278385956644
0.300985367365495	0.518655216455684
0.544539987426006	1.07653609858644
0.0421947910804011	0.0550160917786351
0.464713837419819	0.802334280618125
0.746202617694091	1.48465880266834
0.229539882495432	0.301684809628165
0.238211946273446	0.298613245865547
0.226460506148867	0.240374600971182
0.557232552709335	0.844333837684689
0.472263016826085	0.508297911691536
1.14652812366036	1.52639645904442
0.884330243210961	0.761083224423051
0.670729404153168	0.768720018468112
0.580386520507156	0.777990434118912
0.731421251939694	1.37759014783656
-0.297369327089799	0.298514133885702
0.616063735444574	0.927955453395434
-0.371930223004476	0.363370282482976
-0.397631822487959	0.602720092729348
0.0198077915377514	0.0182148378789682
-0.0893283488762284	0.0905991207262041
0.395834039312824	0.616713380137441
0.165737095981642	0.117917102776211
-0.596233495458931	0.44293333728265
-0.704991775107266	0.569772563374431
0.168261568174437	0.114930320825906
2.09613747448195	0.939740505768579
0.169273509613488	0.125111982129466
0.164566793986286	0.133522077502974
-0.743011057515739	0.829553256722366
0.52770540734639	0.437401229017097
0.691944861696976	0.695009168197061
-0.266439606363367	0.135325923039364
0.433614514928665	0.312866711075659
0.475982685290656	0.29840326487106
-0.545618240343201	0.461632740366727
0.134734829655547	0.0708652924828543
0.317078556630449	0.305587389838726
0.932829613639135	0.244963311679429
1.95062146582611	0.454190159391569
-0.740559403908017	0.873883421189031
-0.403678173172601	0.614947912177686
-0.392596699024307	0.684049324484969
0.586585816791786	0.993852183099718
-0.0664361913275371	0.0683507504456638
-0.422586605838524	0.570516673826486
0.789766857796732	1.56493567271615
-0.188262166920261	0.217763108984059
-0.0929264715383451	0.106589643366387
-0.322414662930063	0.425127149613146
0.339245477327217	0.493506793136904
0.282365803542473	0.303627613298114
0.458465225923389	0.632499789019501
0.491923546333865	0.716758892742566
-0.466086660127329	0.659206073617068
0.491692858537819	0.656049801953315
0.336382337136777	0.309953890566033
0.545572572311013	0.60846449090532
0.230503615825898	0.215725305218936
0.266164553331061	0.221881205510238
0.237292995771748	0.229122610093337
0.416989883868622	0.529647046652819
0.168932046905686	0.155852117792888
0.881409184179063	1.50642674662438
-0.0704334958672199	0.0537186453798915
-0.141751515912374	0.100804961227175
-0.0830649824458007	0.0709838149406252
0.118122937901362	0.11739269894573
1.07813389202998	0.811403772964124
1.50894517631999	1.28736755008458
1.55290923344353	0.774094456806211
-0.644770889342653	0.156875139887313
0.127222675433409	0.0431873188523152
0.422201655376124	0.169390571401141
0.891275945205707	0.770028466569087
0.174876342790902	0.161707333929676
-0.168062866925196	0.116834041168512
0.0854808885040731	0.0659432156538609
0.982688645849314	1.70418815080864
0.103403862169856	0.0849951986767678
0.233940079450565	0.249850520555997
0.00867487393433525	0.00752721470670723
0.961604552969752	1.26063152871344
0.172833192110202	0.132631477525426
0.0216720448076694	0.0125278918780342
0.447924544193309	0.423219575770159
0.0506502592056439	0.0461693665556928
0.597522861793252	0.793734571800726
0.636812898044344	0.577110366544265
0.0184983014916997	0.0140066327155662
0.431351934064382	0.417490294855461
0.0208645282139249	0.0207154674842353
0.260173738882286	0.302730760352115
0.17066793898267	0.143031063307073
1.48658553013734	1.96332575914506
0.162688026077915	0.110724936583464
0.341707067457472	0.171235638787958
0.942721819967064	2.05665806672435
0.779694414872091	1.39748609736356
0.249505839147963	0.353899412890666
0.227243992675997	0.3446885894328
-0.0347032526960655	0.0462557075303417
0.15719350898657	0.228804695304245
0.0792467836152335	0.105681936596414
-0.115770311859576	0.148912397281193
0.0943613792239047	0.11764704556044
-0.250079422199626	0.315233644233847
-0.363881986678644	0.620367721128627
-0.194970556594304	0.311653149520705
0.150299476587812	0.19625700169951
-0.194156420678096	0.293589445929056
0.158939938064094	0.215744495742955
0.150497410375092	0.183789128322128
0.192147680001057	0.253144477287531
0.0426508006814144	0.0415725593301406
0.112704912352245	0.131522397418539
1.05170227281021	2.13610643645793
0.837081287879208	0.611990570031395
0.692869143548405	0.453092897754655
0.421659540691942	0.405528281316662
0.684791866968693	0.859609632873917
0.638825039029774	0.74198688829968
0.646038441421109	0.839363742685211
0.797423963366531	1.18379145486599
0.124118630790068	0.117679080114643
-0.144634916707621	0.143198514641649
0.840744858384087	1.05511299723819
-0.54081310472168	0.901120702980915
0.164020213240775	0.129372262069336
0.318744731922677	0.308109106611421
0.279866752689812	0.325621624089026
0.00165589943404727	0.000850994157986901
0.546698349065313	0.432614831301857
1.37263430906275	1.84906474132365
-0.350199992192173	0.213844306594528
-0.00445149901933759	0.00229455740592862
0.482541496021525	0.303348073204068
-0.404704043619976	0.32515946576357
-1.75396464144982	1.95427402619947
0.140458165206262	0.0418615852654621
-0.0526715845501298	0.0344762809672798
0.0531285267549526	0.0341792387555158
-0.418463735878195	0.295228820110425
0.343961884036248	0.297825243251188
0.0178280186054877	0.010346328539861
0.559367012678829	0.444947263036033
-0.292208585872193	0.186882213579439
-0.41554616177798	0.293130589321008
-1.47717850471867	1.34248936015583
0.29267985140529	0.188977842980007
0.0422715487813524	0.0271547813826518
0.156444871004917	0.106287666763636
0.476309946040657	0.298475962156606
2.09861260850692	0.938820950420943
-2.08465629694215	0.964135619256246
0.147685616873541	0.0372140815523598
0.220682031857103	0.210189414938145
0.00634778376320211	0.00755722389500224
0.685772303934868	1.35835935565536
0.445472369964604	0.567086984928287
-0.25689570539813	0.266083938131215
0.271739059380637	0.308707611822611
-0.468286146263586	0.551240614566921
-0.294614189583422	0.294833744926122
-0.00989366090583565	0.00814373058656947
-0.185187183683543	0.166224161147243
0.352824422537475	0.399507997665653
0.252579603376324	0.215953885659654
-0.139211971039277	0.116111021765518
0.171797105863824	0.174864364208148
0.0337363823063174	0.0277079062567406
0.348160867479783	0.313311491033881
-0.363413784596574	0.264296642090917
0.388037718962972	0.305241355533489
0.287081453035729	0.195955291931297
0.171161373583184	0.143442754522626
0.277475720586198	0.208329169413323
0.673119878618227	0.772792170878
0.061903343917743	0.055924207804369
0.165669590133764	0.149085827125786
-1.18425786498787	1.49402447488247
0.593284824678268	0.714234746434094
-0.122567753248896	0.122377253774411
0.135344827059028	0.0258639507496658
-0.0565015927823578	0.0271097109598829
0.273282385673225	0.204741528992272
-0.292001568458105	0.291915521297674
-0.0153014675305799	0.0124697269130873
0.49478504951426	0.594359676723776
0.2861866967917	0.297597850238457
0.430216059613117	0.488715185279417
0.561111037861423	0.631147710326633
0.589624551098742	0.727732450842795
0.772906122639163	1.16426557968333
0.660865687518812	0.841925546713442
0.417940015205683	0.401270832289008
-0.0767680725902356	0.0491251835780735
-0.0358591285688677	0.02402978034351
0.843654476263259	1.30588361142302
0.440308988318827	0.546245028569222
0.671300643333148	0.313935554689604
0.490233782420362	1.22901030430325
0.465310011376498	1.22777728560309
0.197958607748582	0.338115764970233
0.265107134740063	0.442361143317561
-0.00709543940162184	0.00587143056356767
0.275709703269769	0.346463353630923
0.653828006650354	1.06447836165505
0.39503043632902	0.468140041300138
0.165360132234384	0.158528410206439
-0.274955994063355	0.331929862755935
0.406580075247448	0.895059049332522
-0.0768456384561332	0.096421762592442
0.407976185399758	0.708164906278431
0.0527057048843418	0.0744490048311525
-0.205078668206216	0.337829386628007
0.137728999274069	0.182978353528304
0.0316677839410418	0.0411765500779102
0.32263717937877	0.449894812222115
0.153911462431672	0.209837542728868
0.619330588836921	0.955910664007777
0.373622008290303	0.401418575448208
0.323744166537713	0.476178093657657
0.688966643527636	1.36819946785489
0.600440235865391	1.1890532644292
0.501484947992274	0.805621942238233
1.19739486441044	1.8836352478359
0.478125917886762	0.736366275723583
-0.0806712983136147	0.0711620095776499
0.0601587920961496	0.0522285506450333
-0.188136394986726	0.253108459490699
0.060105468430635	0.0620198963504261
-0.10497186888127	0.14196443385176
-0.0516343062477515	0.0620445110366094
0.0546755972002594	0.0703503065240187
0.353000436447768	0.552495777075194
0.447621229307202	0.302548924036817
0.135241571366043	0.0457978406238609
0.510580201392862	0.183534349617947
1.59201498846704	1.10526655849506
0.133155287376562	0.0451076874905746
1.03529538389013	0.499923143845385
1.55474449208561	0.773193910609808
1.37090615842183	1.05179708294221
0.338513170226462	0.169233151440634
0.299824779781125	0.17924794395242
0.672082084811952	0.314450435705214
-0.260708401770924	0.132238128884491
-0.806118391147591	0.443922395997206
0.802018704154821	0.337633996400516
-0.619707870158474	0.30020422367339
1.94412999344553	1.21615322701341
-0.428125873049856	0.246249807356666
1.44186900755889	0.898971030095399
-1.12059502965776	0.77572648504661
0.650802186307997	0.206632813066924
-0.0717517522685249	0.045894682325093
0.60584605532431	0.566037844104283
0.646495256830482	0.205229626326689
0.344578707090317	0.172755209033255
0.936011360767503	0.245553152580958
-1.15392338036234	0.354212278509058
2.74617618045436	0.774720201883077
1.31360495314514	1.37742309671142
-0.644512095542011	1.00818219365652
0.281161774195953	0.42906631136671
0.234513802265161	0.340771183749087
0.30179127857378	0.478841525008308
1.00874762837272	1.9174000639606
-0.0124986748274175	0.0147568403799625
-0.28502468274889	0.558617030152106
0.216948791613528	0.388287355237934
0.298739171282409	0.550905184312721
0.0273256407728199	0.037111352535345
0.289293004222721	0.493436397313795
0.267361269807528	0.417858877098116
0.232479336137328	0.329219370059646
0.116218615859381	0.154287190298795
0.257836787197954	0.332929986887545
0.125276597449661	0.148045606739617
0.789687859627116	1.46124799619331
-0.299642171326784	0.334721881792101
0.311403508621503	0.460579546029012
0.507812080953071	0.809236003639983
0.240078904257551	0.221461649490161
0.566732624307075	0.978311675012119
0.272307157659502	0.203978035740155
0.301838804123502	0.317616338902291
0.119781832789302	0.111036360232393
0.0206907645193318	0.0119605472282306
-0.699740246298238	0.498755226956105
0.169046734627505	0.137708806364272
0.0798643082724433	0.0782063254127643
0.254320147240165	0.224316438958738
1.21292741244067	1.01571172266306
0.232137425249812	0.242588737566783
0.314499034882684	0.173570367910719
1.22377450758216	0.841135468705538
1.9537169353899	0.454657075827859
1.80520382516112	0.709003956616184
-0.417786932135046	0.176984940608897
0.680111576820627	0.318077190993223
1.94328717744986	1.21688419942877
1.80499981726189	0.708186089434867
0.12406017577192	0.0532801367426926
0.828543081453149	0.751950404315165
0.172352580679671	0.140752889599828
0.212822514095238	0.281761065389819
0.0512684470109501	0.045132204890592
0.26092553800323	0.333478462927852
0.542287929906018	0.621404053163112
0.331673819306943	0.526796309985552
0.972230749499487	0.788188372710802
0.181847950224159	0.179517077095024
-0.065954231909646	0.0575970668327411
-0.0560123645059726	0.0493385207154877
0.352178403148871	0.490109452091218
0.126346136685917	0.0482983004587781
1.02991663235028	1.08485530074809
0.674503668410309	0.315980036042274
0.516143076925989	0.185425376730081
0.650444653728205	0.206870989076807
1.31012134843669	0.574818428531195
1.0186324361341	0.385926866869133
2.10142264111892	0.943067738907912
0.163170400786791	0.275877537457495
1.04422631618873	1.61785436638541
0.160174079345076	0.14334121453084
0.604462635726804	0.653858339687328
0.936374321223535	0.92040340026944
0.506203638650839	0.523152523347382
0.32338978945357	0.313425337089843
0.681181596915957	1.41866548503645
0.0362371371101999	0.0451525355795732
0.130702782954452	0.189060984180031
0.216916880457226	0.294981284506357
0.711413610053064	1.30981367106964
0.315502594161641	0.382808227251318
0.0599252932104343	0.067197437871686
0.276167099676663	0.336757116990106
-0.589149818763201	1.22385113210728
-0.635046487989217	1.50215730241723
-0.0962629933727388	0.144386642097034
1.43602101245823	0.478148523404795
0.665961191700831	0.311172226911801
0.131140754867742	0.0501024106510988
-0.242894765745569	0.0796348330145537
0.932444120238111	0.244842742206832
-0.164339324198145	0.0599109386152847
0.139369721109985	0.0415084196349322
1.06614447210105	0.652625234867664
2.10084257816429	0.942518600567556
3.92108680118811	1.72391382633942
0.425706706311112	0.171161852825946
0.80424232840057	0.338337566370001
0.655055294702571	0.20808355560833
-1.83391433948043	0.756511402066625
0.13345272036125	0.0452283641533281
0.14103192177006	0.0419706320314239
1.94490896214274	1.21884737925609
1.56345814986432	0.7786084851261
0.167314787869271	0.114129700477283
0.140785309842846	0.0419396944428236
0.147211981908801	0.0371529932006973
0.929363107220915	0.243670370746797
-1.80368476738292	0.398254084963023
0.803937433966823	0.338472481863912
0.800950021572533	1.19404463616371
-0.429730195402794	0.650634507350836
-0.117373059908266	0.154833985924303
0.194840687516414	0.292527708478646
-0.123083364222264	0.114173846069643
-0.769356548261604	1.70888750389881
-0.00380973723440657	0.00501949034044297
-0.139767431194489	0.23139555426903
0.203833503425829	0.35102252989334
-0.0833467330389532	0.119140517910781
-0.399786479791573	0.789303662631715
-0.301673308073243	0.534794093486034
-0.245793688965638	0.343911294997047
0.193262456537798	0.293380714042725
0.0727996792138278	0.0898461387756351
-0.508918931539942	0.768997599095409
-0.261003073756298	0.298551316800119
-0.0939075848429277	0.09427846509664
-0.774399614618367	1.6693321097612
-0.521754086370838	0.868888214268455
0.593134205735413	0.551241908425951
0.323331276816919	0.380069201492711
0.232358153036665	0.336148123863363
0.991913861449402	1.18404973104197
0.333285920359292	0.16655605601407
0.331064822978576	0.165127670876216
-0.113603959338451	0.0457674827167539
-0.123808008048592	0.0498697573908732
0.377058814328918	0.321116309402751
0.0174206317736167	0.0101121681992761
-0.643506271279338	0.156786530055825
0.335992292917797	0.167787995620869
2.74877977095104	0.77489585677119
2.74617618045436	0.774720201883077
-2.58453548475525	0.676764203908389
0.510007909511423	0.183564268952108
-0.171715828002281	0.062535222119982
0.64559347674232	0.204972394147955
0.805204693550491	0.339371994678625
0.139373629020068	0.0264474830594518
0.651349240994328	0.207129762624853
1.80429809838357	0.707492948913978
0.387311899330513	0.399415237299862
1.07875871510607	0.813415497518512
0.0247445353083406	0.0278305240655622
0.567760179959076	0.710351022291799
0.934388995646441	0.630795607175262
0.584446343651271	0.30420040934434
0.652800991167172	0.207004492672909
0.290823598359424	0.379368370524368
0.154971960406864	0.152838082293392
-0.0511846209465683	0.0496080125122128
0.288609582536073	0.307543772011569
0.142727172563101	0.0269105320645235
-0.367012159161167	0.106980484577588
0.680232414984775	0.442160160940287
1.95135265955319	0.45428366780025
0.1393097200573	0.0414857340564309
0.932829613639135	0.244963311679429
-0.743325166733626	0.258205235128744
2.10233110047747	0.942219643817662
1.95135265955319	0.45428366780025
1.04422282616674	0.506574585851397
0.079808645354403	0.114388629596964
0.161953566140518	0.287200468458538
0.359630444259281	0.792671971458234
0.941395703734515	1.58098968717463
0.446886971924574	0.568946830748032
0.565314430634937	0.70664633841754
0.0850118098651646	0.0955374321227355
0.0738371801945166	0.105685497149058
-0.762595643822482	2.02738696017317
0.756449955620732	1.80698961847439
0.231116186563906	0.369330964018337
0.12277998873084	0.122550299683972
0.303505108045721	0.5206290530144
0.0997120911058559	0.135753253599421
0.596551403162998	1.01692213203743
0.590996439906931	1.13502704912422
-0.0254876000144533	0.0309640179184571
-0.0500608903307798	0.0667421211848049
0.318034987823317	0.640150558077943
0.508940667886974	0.183098517310394
1.0683124931025	0.654397108616216
0.135189465080025	0.0579626919594455
0.580067076859295	0.301043244198346
1.37307194745151	1.05400217713735
1.31410625822521	0.57783656828618
1.02201384172153	0.387406801790706
-0.746480385939584	0.259149400296474
-0.652722162914945	0.158602682980072
-0.356816563654204	0.218076993681217
-0.329413480128871	0.153520212605846
-0.222837653101813	0.175802256005319
0.669472463310192	0.312312770004252
-0.362166381635235	0.105626912484328
-0.0863690925012887	0.0382537768846042
0.936401569876498	0.245675339056074
1.80892476946184	0.710964612544011
1.9537169353899	0.454657075827859
0.144594418075166	0.0762352232222532
-0.332974086492856	0.375491003418672
-0.142198349355424	0.167465630221728
-0.445769723208071	0.925715091634289
-0.0213515725093612	0.0252138305614237
0.240313074308509	0.237667097802392
-0.175429898962964	0.250809408298031
-0.205577245054064	0.348760808555729
0.378208503517613	0.883208769927263
0.848836058302896	2.63879764197752
-0.0618684462032316	0.0861351436635288
0.36916257318456	0.695380308897409
-0.0907112989341037	0.125881669918865
0.128328012842136	0.160722271542394
-0.108401854473682	0.143958690470014
0.460439017138187	0.792025955933065
-0.0139104559300099	0.0146270603526069
0.138802741893698	0.147137502888544
0.0878154405187073	0.0976682801400062
0.0072711384058664	0.00809271148773714
0.29171193877108	0.43952551918511
0.457319411122746	0.418991856820049
0.0931109410402886	0.0722963669885045
0.695467907370407	0.944812960845758
0.649980000295493	0.667428401488855
0.131096686988753	0.0627875294801685
-0.53915289328281	0.538780302646753
-0.21303576485683	0.116307001582815
-0.236876597981329	0.0775723615768606
0.593246024279312	0.30891697445765
-4.2389400639945	2.02064999199279
1.43602101245823	0.478148523404795
-1.80368476738292	0.398254084963023
0.140184451576725	0.0265585662587612
-1.54037392610232	0.555673685460265
1.31732394649098	0.577596717444378
3.91920866228273	1.72418967780064
1.02060878637423	0.387301323550052
0.350575452912104	0.305408234591823
0.38092355637333	0.171206719978089
0.146737983479964	0.0369987654124611
0.129193281029703	0.0437930146230249
0.807174604124676	0.339947339299481
1.44292071441083	0.896175443906821
0.371845336738013	0.167081892675487
0.0279870374751024	0.022413782746464
1.22837414891058	0.847367504278335
0.806333800206404	0.339453483429282
-0.149214540400842	0.17491207360499
0.713379291363458	0.954165888117448
-0.068297035768615	0.0606892229226182
0.0316390446472854	0.0287037422155165
-0.145054374169241	0.151939131622504
0.13912027261828	0.0264101516649031
0.650444653728205	0.206870989076807
0.932829613639135	0.244963311679429
-0.367917894368281	0.107101339671787
-1.15300618747366	0.353816991053109
0.932829613639135	0.244963311679429
-1.06811520279447	0.868744350099341
0.150921468814773	0.0379194736694598
2.09276253598417	0.936728533565338
-1.80368476738292	0.398254084963023
-0.740705291977838	0.257263180060709
-0.239106827612661	0.0784166702528438
-0.741276499011426	0.25781621104378
0.225676485542393	0.433077212747154
-0.0768467124481123	0.0731913811240351
0.117001736106914	0.116104307392521
0.00720920475476112	0.00608419777883061
0.558924212191952	0.816978322020909
0.413668022195916	0.475674374863128
0.335071959018311	0.518190366988342
0.31097531038269	0.645879900128256
0.345736000174497	0.651139030843905
0.602096824158272	1.30152436911008
0.0936604158854072	0.10719679874501
0.0929740132966523	0.107634167180982
0.369874115530578	0.527191857753934
0.835602764408736	1.14458430482002
0.597815244189039	1.08229263388682
0.467043890536093	0.735920802385769
-0.0870067492629762	0.111130079086074
0.475454424618648	0.834522304662328
0.42943252525579	0.172879165160614
0.140785309842846	0.0419396944428236
3.62943539911313	1.43554672159634
0.522211946238341	0.300712114293047
0.426016478187089	0.170647231635653
0.315151234118044	0.173651993144452
1.08395669053078	0.818453697145933
0.68320653580633	0.445112031541202
0.122944079655302	0.052782961192424
0.417834759836567	0.167613298310707
-0.115696238437404	0.0466631346161035
0.772757682750293	0.460669166802962
0.980459897085341	1.07452748344247
-0.63407862906445	0.308143409796788
0.128350501127829	0.043512403302682
0.932776123284965	0.627941530324704
0.648390697278338	0.205622460530046
0.371519533850382	0.315703010099466
0.0623619973327925	0.0563561931541471
-0.340306789939728	0.516390286352996
0.0385259151934935	0.0435538495139118
0.356153077245503	0.63806714473343
-0.0494944256363183	0.044088847816828
0.285589769124381	0.397635130187144
-0.0928551135867878	0.127680099114143
0.272442980475373	0.472914350351136
-0.0428350869728048	0.051616807373153
0.0126243547266404	0.0176415474064154
-0.240958252072831	0.325264459410285
0.279501067082438	0.439973084243636
-0.328478197217972	0.512237141127851
0.155199899941481	0.226929079707606
-0.22964341262367	0.301143342708099
0.2310748213036	0.26394548094496
0.267280927748203	0.333588058508024
-0.00170389054357386	0.00153058715155119
-0.402918370266268	0.498862478099282
0.668595294945555	0.976023886793764
0.9649625603539	1.26829369724528
0.929431528480217	0.626445264407106
0.160058894117297	0.129536748565476
-0.297300936133846	0.190862435839799
-0.329803919740083	0.15352662064583
-4.23431671645728	2.0226310215273
1.04422282616674	0.506574585851397
1.95062146582611	0.454190159391569
-0.746480385939584	0.259149400296474
-1.04873903928095	0.422350290876866
1.05220838758712	0.511294880010563
1.59378864879594	1.10717273223495
-0.537877518920207	0.206535210663043
0.496080362452922	0.426296505588016
-0.456060346325445	0.357695833847813
0.139556940401302	0.0415648034416572
2.74534949223189	0.773319630917041
0.134082192845823	0.0511497929953536
0.426509628253346	0.171575902443478
0.647045217228672	0.20541570040493
0.506315898519982	0.181852445327471
0.524273381401809	0.301389366158578
-0.628984680809603	0.832119351788164
0.340313318556945	0.170581749630853
0.26707244064981	0.207847149823286
0.152433977858658	0.18915782518581
0.669151543748022	0.313192415379282
1.55430286855383	0.773539156640171
-0.269141886560879	0.335945154940301
-0.192225001242377	0.169471771136156
0.117615334998146	0.110996129246244
0.027102621832969	0.0241148575991309
0.314948975777062	0.381883663600888
-0.000845946241298996	0.000656293017402277
0.654012718379003	1.14418224123399
0.64559347674232	0.204972394147955
1.31262627398235	0.575986404326764
0.131870569010978	0.0446938595709682
-0.64834559013069	0.157812973783057
-0.35845544263212	0.104471490348146
-2.00783590589231	1.41567571788007
1.94275657918988	1.21869028381565
-1.83539757756382	0.75750800966345
-0.643506271279338	0.156786530055825
-3.47414611089268	1.25522564037755
0.142261903209059	0.0422917434711763
0.143912405765303	0.04271032796887
0.224872896962727	0.23842543487288
0.480198983888323	0.634702415435753
-0.0610325149602932	0.04729405342708
0.509054811453002	0.52716629867893
0.669658036766856	0.832114564375515
0.214362442302476	0.270482039132615
0.263507011314051	0.332422219498528
-0.192472150080787	0.187512025889742
0.473520724405313	1.00164929965827
0.24368495875313	0.336617479900407
0.328745154321149	0.569387722944321
1.22781408596345	0.84607433395072
-0.239404477826605	0.0784394742303508
0.140184451576725	0.0265585662587612
0.126580946763741	0.0484205414565657
1.43892275613071	0.477499573026536
0.804935270649123	0.338847883265319
1.08013413529735	0.815600635129121
1.04794260318453	0.509335640030191
0.12618122970232	0.0603883919734327
0.876887253617658	0.470314566786984
0.156797616013259	0.0958542899115174
0.339979621958501	0.170244998076203
0.175331668654789	0.124864161368399
-0.534955549485768	0.20533826801366
-0.806554475631239	0.356184562095772
0.430780575206884	0.17327437496946
-1.807243397525	0.398882182291443
-1.0441657216201	0.420510686701662
-0.0139892559978271	0.011512691672519
0.0990763841479128	0.108609156394616
-0.829669054848306	2.01032744933021
-0.266285124169604	0.432354197660843
-0.433904326506152	0.56704303791531
0.542412923206184	0.894927229737303
0.0133049434295548	0.018648309548831
-0.304203451457947	0.628416197565072
-0.152497930466445	0.226504796373992
-0.0752993980106634	0.11311045233515
-0.121151982433849	0.190363957528703
-0.548810135117719	1.18399634400761
-0.621044613067968	1.39950395502172
-0.347249343289282	0.733764208512752
-0.479412509554242	0.805797500723038
-0.259188880861317	0.371510644447276
-0.587602503858857	1.02969705175375
-0.0271172841595399	0.0278484402762461
0.0322595633603732	0.0346943857398494
0.328837089558896	0.499132510530298
0.0967528968340007	0.0774033943737937
0.43785734963289	0.31574319238657
1.26088719907814	0.69661470718865
1.31410625822521	0.57783656828618
0.936401569876498	0.245675339056074
0.933710809861868	0.244826616527384
-1.29050862589699	0.588908618687569
-0.237096024560027	0.0776212713222976
0.128065802893217	0.0434680575192894
0.166801023395393	0.131724239233808
-0.0505895186876131	0.0243568444600755
0.136370194837747	0.0461713984476248
0.140184451576725	0.0265585662587612
1.01450480132645	0.384141080456392
0.140184451576725	0.0265585662587612
1.43708163641992	0.89510606428613
0.431580235911828	0.173564286037184
0.651896042016441	0.207030647505349
1.01970949094797	0.387091911393297
0.00569412373118305	0.00401828212094226
-0.823013007353879	0.553077496434102
0.156498202285681	0.106123834930853
0.688310418231544	0.448584600167604
0.452022769923995	0.494455542235206
0.971932920692796	0.79113031656176
0.0832764553794334	0.0606243652434295
-0.155453066813422	0.152633917488297
0.642339792347058	0.749384032151045
0.39589647798367	0.479908855517179
-0.047609507225996	0.0416568735634513
0.0360666418726963	0.0344587405840138
0.0755340566965881	0.0725528644034145
0.809574821393993	0.341052482546636
0.933324263209431	0.244705909364566
0.14311796249796	0.0361933240878638
0.129067851333879	0.061655916881879
-1.5369997817935	0.555799845674469
-0.641207204081918	0.156050090719873
1.8046556556941	0.70860181691833
2.09613747448195	0.939740505768579
-1.83334580943494	0.755859310527549
0.932829613639135	0.244963311679429
-0.643889763897163	0.156661592959279
-0.235735416566093	0.0772160964519024
-0.234259276164921	0.0768738569502217
0.397431094485202	0.545112769226535
0.229712431972902	0.235159098554836
0.591294383966376	0.848949292601213
0.521764653052469	0.607994312998937
1.0568687962624	1.80508206700067
0.497713140439902	0.854196418063982
0.321275120611001	0.502433386065099
0.304729434449645	0.431631709516069
-0.611456701178626	0.739303113641269
0.616282343932716	1.40735468422119
1.80801736892668	0.709604687458265
0.812541070481671	0.341407291129688
1.01450480132645	0.384141080456392
1.01881061691072	0.386619941894425
0.588914131414879	0.306214193913604
2.55083408135923	1.42124747789109
1.43645613213741	0.478161609320723
1.09506155990807	0.975392128952493
-0.124096004424277	0.0499597341644889
0.844458986635483	0.620564905599378
1.04349636547056	0.505780061795033
2.74877977095104	0.77489585677119
2.10503012668155	1.46753102104443
0.931950133432299	0.244413497437813
0.139930142590356	0.0265210820862786
4.16533428985269	2.00705039999307
0.13345272036125	0.0452283641533281
-0.00932364709252959	0.00767801219133159
0.332379960585022	0.474301552283601
0.0891075409234957	0.119230571690846
0.439084832851348	0.877978564331224
-0.769024071960969	1.19217161037042
-0.0550813617119046	0.0679049491239411
-0.28078977596294	0.563268057689382
-0.148798385789316	0.246181114961267
0.18862044072987	0.332923315165423
0.05986847040959	0.0924132403375207
0.438782475510516	0.90077560978152
0.335700214328988	0.62793826203473
-0.135039751029439	0.163144007835838
0.405452341783101	0.817080484266753
-0.572927106022725	0.969150336121707
0.138869251452327	0.173974497020153
0.349064248932803	0.476940429001554
0.376331298506062	0.523258218279607
-0.0969531297026823	0.111703770488457
0.158360385969917	0.210730912209311
0.146921438337441	0.168346124572209
0.769221801756966	0.604407610223958
0.556257239319555	0.623988383891809
1.31876238356208	0.579389020639623
1.95135265955319	0.45428366780025
1.95062146582611	0.454190159391569
-2.58817701744193	0.677412741892899
2.74700474235958	0.773735225227364
0.932829613639135	0.244963311679429
-3.08991345953591	0.960747174631736
-0.647852271039411	0.15768507802046
0.154883514392946	0.0948699242167653
0.93312210258772	0.629860080054714
1.43973986105876	0.479489791047764
1.02111307473612	0.386556758838255
0.146301463254213	0.0369121679082859
-0.741276499011426	0.25781621104378
-0.167480401240338	0.060980256624027
-2.93429238052161	2.19176600184108
-1.53273207896643	0.55406409993797
0.0199980099438852	0.0169688042042341
0.140655940345198	0.067272381327114
0.306940285540547	0.18458164099003
-0.00903412679688139	0.00990312704077752
1.51174489503742	1.2883636279429
1.08848796496852	0.823300441768411
1.31847109511742	0.578360020930028
0.932829613639135	0.244963311679429
1.43973986105876	0.479489791047764
0.457380194544904	0.418343757650245
-0.284784769153423	0.320878768356995
0.44376003684067	0.564703792532868
0.173087632979108	0.194227861212876
0.670179255448717	1.06153300220456
0.0715293527279437	0.0673092993579282
0.0640934080489868	0.0569264198057668
-0.119550391817488	0.122694128116763
1.02349375759299	0.388665902021623
1.80646672530512	0.709284888569376
1.02226842375779	0.387145037531902
1.80520382516112	0.709003956616184
0.125467988725029	0.0538443674612276
0.140278152655359	0.0417161885567244
0.504647904803176	0.181052956645613
0.145913540346097	0.0367609236539561
-0.643506271279338	0.156786530055825
-0.741514061952099	0.257437556377308
-0.234259276164921	0.0768738569502217
-0.363074920327927	0.105749762822137
0.64559347674232	0.204972394147955
0.515488341766714	0.668453945970346
1.69518133480051	2.58660316422673
0.453425487407242	0.706750697767427
0.775261445564112	1.51599337443741
1.43463558957201	0.476840630255681
-0.360493352613086	0.104831768918573
0.764351915362705	0.454558031328869
0.770787161779999	0.459592605278785
1.20883273457038	1.1763190153545
0.485389100351855	0.305139293253115
0.391401614442754	0.308916898173719
-0.0233944506480208	0.0120012521313342
0.519468286699577	0.60423732734199
-0.211475305846475	0.115572051561274
-0.172128094804216	0.0625981612410313
0.026279891324313	0.0151003891368668
-0.640433285495798	0.155891307450366
-2.58428653566473	0.675727611967995
-0.643889763897163	0.156661592959279
0.50262023725137	0.433636377474115
0.357160361447561	0.540043318927541
-0.298060164379707	0.475955619045821
-0.02266299294823	0.0248872861619473
0.0868045693511044	0.102108809617514
0.132730146361844	0.14415109733819
0.22169452579887	0.295904785369034
0.182147020287822	0.259332849533298
0.334689836490579	0.532551654788523
0.194428412203129	0.253008388190165
0.25807766286467	0.397172432136204
-0.00379415736871087	0.00376213112097289
0.0933545404956438	0.112909120913224
-0.0254192335304105	0.026748140033248
0.753956562224459	1.57098843711382
-0.353778807195033	0.437890784644159
0.951208663141301	1.77095214169532
0.55800896925587	0.626789906839977
0.80226787402222	1.10757158345688
0.467275085870097	0.636940629505648
0.395208614378469	0.4580398138821
0.585361323794659	0.788908447271226
0.222527247632411	0.235292403075989
1.94275657918988	1.21869028381565
-0.644770889342653	0.156875139887313
-1.80368476738292	0.398254084963023
0.51408721869374	0.185096174251148
0.429460962904884	0.172293691650035
-0.793381333108006	0.351169698411901
-0.164225487551096	0.0598078265496197
1.31118731400187	0.576162678907346
0.485415829693572	0.511404702987788
0.159610003008621	0.108621617515179
-0.479317113728079	0.324783440417666
0.127786664589047	0.0433722500849783
0.139369721109985	0.0415084196349322
0.147135239147529	0.0435839099617654
1.25293242809067	0.690747702125752
-0.113518067496478	0.0456999683938652
0.77707921207011	0.463524048802663
0.378112269597556	0.30969288354706
-0.015623939185312	0.0129099332033928
-0.0467221729418109	0.0305826635432099
0.726639425706065	0.792741031052637
-0.360569204819919	0.495366412565312
0.710557790386151	1.0140497370595
0.125026208475109	0.131022872033116
0.543784313768507	0.899422728169493
0.334726061850505	0.382345938282404
0.0851162775368082	0.0658589440729851
0.0941520271250368	0.0708910747188629
0.0246532596067428	0.0192396027243036
0.385338385645534	0.472587765679111
0.171089981800267	0.143563472748641
0.577511095956787	0.555491353504911
0.714033057328022	0.593034737079036
0.0433550720894614	0.0349214841913301
0.287917192932154	0.427735207631492
0.283214087510011	0.399307087664203
-0.806587844316867	1.00005855038179
-0.672029332814329	0.402939799809457
-0.45087540014203	0.353368818716187
-0.35717100516053	0.259045242560856
-0.00105988019018053	0.000569179802950734
0.170939221755279	0.170290860521086
0.0471418239561701	0.0303133449809032
0.173441814086269	0.153226117332175
0.568938102204656	0.81640011797008
0.378257947758889	0.397923149795344
0.279372863173237	0.306956873898259
0.103265888329164	0.0870386694948263
-0.0186135449479004	0.0168892862629947
-0.00242199648037984	0.00232656711758521
0.444283746786885	0.628561787271091
0.226129425749452	0.25682790711166
0.00334346205197885	0.00283814277050454
0.589367355607225	0.86244370996252
0.23401426600467	0.258785346940607
-0.0189847148804227	0.0154645568499544
0.191497257675555	0.236978970303694
0.146301463254213	0.0369121679082859
-0.788637278420783	0.348623215590649
0.0475167177245507	0.0304924759299675
0.427789153719485	0.171911586753605
-1.51037574582068	0.777682475780668
0.136471442907569	0.0407207925774643
-0.23399197044413	0.0766065031875398
0.511170021003071	0.183944282461123
1.37586294838366	1.06022696493202
0.135249930542085	0.0403117237041322
-0.415679734053833	0.175565249793468
-3.76450171843679	1.51272854782687
1.07775087498376	0.810949720400606
0.427723812483605	0.307332691951584
0.908190205681201	1.01806475820752
0.886623440709753	0.765601456923303
0.523458422720671	0.529052770789892
0.163762249013248	0.124816528469822
0.500565212875112	0.431336227782786
0.81880896619303	0.85746653699291
0.661838880003597	0.681261439214333
0.48242386657017	0.430227548185751
0.380346369068862	0.297394735884318
0.432998311064261	0.41977082088878
0.26582251310295	0.206504629324183
0.558704810549828	0.443674912983453
0.268008801420255	0.20017890300231
-0.534198469911262	0.580681475459261
-1.53327386150544	0.554071585244721
1.76143357424468	0.987698652920751
0.132192663108907	0.0505233330425467
0.0483291484830227	0.0408388175557555
-0.193244596539754	0.265999089739352
0.520177092343033	0.871403212931287
0.992709994205574	1.18442619969459
-0.403680631053425	0.391455570878237
-0.216301869019675	0.205775955454792
-0.433079088064576	0.447437527036519
-0.0694475746413079	0.0443659235264945
0.361734520553484	0.304825012570656
-0.646780987685471	0.59136768522857
0.94099685726431	0.927202230312855
-0.484430269072482	0.328344077078277
0.396836744326278	0.313989798558109
-0.340730003299023	0.311800835223221
-0.0317863488864478	0.0213056650035361
0.528512887639528	0.438940659762261
-1.29882524856631	0.59401691909246
-0.817154992443334	0.549271059856392
0.515653637680753	0.295422205184155
-0.918609828773932	0.778939558106272
1.05300272515888	0.511619527545487
1.38783364821119	1.71706161441741
0.77215178080456	0.606718862578097
0.134755095073932	0.0710449511306935
0.266147404498659	0.198335872335502
0.155429763531491	0.100274401545206
-0.262640212961371	0.19772528190142
0.511170021003071	0.183944282461123
-1.80368476738292	0.398254084963023
0.142897284341229	0.086830439830256
1.20763079348428	1.32019249650753
0.307361917090723	0.18479277739206
-0.717620441265531	0.643282087077265
-0.953447339320849	0.70934701447738
0.601547749923795	0.648802199469353
-0.597282186817924	0.594124159708156
0.250927621750753	0.200219400694927
1.50901326470632	1.81213887836119
0.551399042304105	0.437632063723275
-0.524678588571255	0.403893670074437
1.76111253202121	2.50065091947624
0.568683325315344	0.545818556443284
-0.872713706628039	1.01804769484771
0.53432752715678	0.758530810263
0.0119218728258483	0.00910492280609095
0.0999079337278391	0.0821069395181621
-0.0815113771130665	0.0694876452371949
-0.505869748185492	0.439241963560309
-0.123244773316182	0.0893030830723452
0.454036601312899	0.307381818159999
0.019039301010113	0.0110241858847713
0.26079385343019	0.216333812128517
-0.191495365117158	0.199345042895479
0.270190194083861	0.342980924366753
-0.170565710338913	0.15482385369542
-0.251714393592792	0.306959027193206
0.0260743452059568	0.0208686466073428
-0.125894230841771	0.133267638260285
-0.0347217993381151	0.0306299903348435
-0.583305734594978	0.88252215102359
0.457428439591841	0.704353730499301
0.0626711482186446	0.0421605618336228
0.271869148516271	0.219554266710056
0.164149558976115	0.153976995251072
0.0885966088764708	0.0686497815262269
-0.471166109929582	0.483542492407756
-0.531181894847331	0.497905438560419
0.339211963381363	0.303708715119866
-0.099946634965688	0.0737435607109634
0.321035502970882	0.31892464737687
0.374896565107332	0.45567204733712
0.170131692080352	0.138753153760559
-0.075857290780139	0.0823442628812471
-0.0403755378328904	0.0400510185097307
0.320568499940215	0.383326272692703
1.58523346510429	2.46995283036102
0.501003689611301	0.59122516301623
0.232014222640269	0.233025344951594
0.783059516063463	0.74202060221773
0.32964294406886	0.311828446892472
-0.741904931934989	0.828385682928936
0.291664521627852	0.311311790599559
0.178706086298534	0.150580424761048
0.291568890474247	0.188172085309918
0.936910995527012	0.919189755731893
0.360321621313307	0.304127653611604
0.144217144858761	0.0880214423009574
0.403527942497017	0.407560127383521
1.22189454015199	1.02457869621826
0.484679687301166	0.304685570609467
0.763161972006629	0.598687803324843
0.164415498810602	0.129646159752963
0.429021967064629	0.308323360665114
0.28663676375765	0.196210546778162
-0.297562938595895	0.190368988694118
-0.948892739393451	0.703715445188025
0.479180614370884	0.300737938127851
-0.10314417175174	0.0642483755206395
-0.0890137614968704	0.0393450668165432
0.715929046804911	0.594653754481795
0.473764543370907	0.419740796351706
0.297924835567615	0.178773797310339
-0.483896359617179	0.327872504006225
0.657047191478972	0.677518711522493
0.690909165969375	0.693117754319484
0.548945863368697	0.61377920063847
0.64546632069929	0.837459869495851
0.769402394557819	0.9992029427691
-0.0531528618989397	0.0255569082141609
-0.422096010126586	0.297698795302514
0.305303692302831	0.291716362029292
-3.46630912179766	1.25319506698382
-1.00122021034096	0.504272179395878
-0.419362064307265	0.177688744777064
0.117434429478951	0.110846281108543
-0.55528371683701	1.18571834294027
-0.142433280625528	0.165774173648377
-0.344890400738793	0.340568142422624
-0.233233680046498	0.22030424861058
-0.0856016779273694	0.0876360139901816
0.409000241489149	0.414739549933768
1.03583815122297	1.09858225317153
0.362869477887834	0.318272743942913
0.15916521253626	0.103230500515435
0.821989168085723	0.862104032006484
0.425234023420767	0.304685163514499
0.162605759174549	0.119914042820508
0.842534011096727	1.06029515044497
0.447682855121006	0.406947240300248
1.39925098207531	1.74614682696129
-0.553604876581888	0.470240857850338
0.127666695648323	0.0488134294645902
0.766648666103879	0.453945632773058
0.881565295558775	0.474241349803956
0.130256020145757	0.0685451578432979
0.287468272902164	0.196532910287958
0.270636965475086	0.202342991819618
0.131085041753703	0.0690559722113202
1.47745159274578	1.94835792193261
1.00581351861131	1.2896402337299
1.00732690855601	0.951449103609722
-0.100168314019616	0.0738401697972461
0.422390983862351	0.406589456948431
0.26780179959166	0.208565153678408
0.769418096456464	0.458596726853371
0.933324263209431	0.244705909364566
-0.0082413528972514	0.00430500329769488
-0.00111225577947155	0.000598271436337382
0.898698954624363	0.77896721891166
0.169264523469887	0.120525951989595
-0.476583733786694	0.451294157800951
-0.28288743545378	0.237173125759288
0.233790989767238	0.208804166599802
0.255639547385527	0.21880450383561
0.76602154600452	0.816956591989547
-0.564748688398248	0.482017684215423
0.278126184263072	0.208845712467381
0.550888048675027	0.437186390416702
-0.907407194701316	0.85368768889623
-0.187744285500935	0.165029403825516
-0.746009870570696	0.883807745428262
-0.194120007997056	0.171296963640174
0.430813358328038	0.489462592968018
0.662773495767586	0.906963975608781
-0.62732330469205	0.523501908989461
0.436916803727323	0.472138693146094
1.46921592963909	1.92584201683699
0.0695158357583026	0.0486610923143549
0.126697676952086	0.128921635682029
-0.144207460896093	0.11799147457863
0.177853405769686	0.197733624153808
0.00484676754281477	0.00489668965783497
-0.26176419520874	0.29411051161369
0.311455413354288	0.389405949438869
0.120856933558033	0.118463821065814
0.529623730049966	0.734626718728504
0.365392502837275	0.458486384467492
-1.39364615279024	2.9844876884129
-0.142270319301715	0.131451240423269
-0.0190340439937973	0.018787896398278
0.157077491699858	0.106668165884903
-0.0288636237916177	0.0197096680732823
0.348523742567562	0.303039477305896
0.705152867676931	0.583324634292795
1.14168359504856	1.62454092251251
0.284193788355946	0.307908856273438
0.382281080884282	0.476743314466758
0.102392943000847	0.0936938674659808
-0.220762847228963	0.173969149881438
-0.104542593662791	0.0870437266106621
0.690371292441905	0.692308635998597
0.133475524689031	0.146990857250566
-0.0400596785907418	0.0359318353499249
0.381511200567405	0.549396333894757
0.572227803568486	0.975414063742488
0.27103579623342	0.290367559872782
0.792964971936986	1.25193218816068
0.0034499994693315	0.002931666436226
0.0564541892971341	0.0378626662179887
-0.318741619113782	0.264020484176048
0.783428795712867	0.93638743379329
0.109847166821333	0.103041257998959
0.280864301010564	0.297037470468849
0.260046064800155	0.208757582966056
-0.0464805387895051	0.0304504574522698
1.29277974106041	1.65052468033202
-0.0804804504025256	0.0516126422135788
0.0338334870439256	0.0207400662751052
1.01123132442821	1.30081697515713
0.425255449360555	0.410380431388194
1.44992775044151	1.44697630143717
-0.569367443147163	0.366744808241688
-0.0448027196124069	0.0215936735271683
-0.168901691557673	0.0974282902157682
0.166434167472131	0.118416179113992
-0.0000205015999277597	0.00000913543806162896
1.37505829288325	1.05931325318098
0.143627766763784	0.0875090860707269
-0.412129670752577	0.332187775663781
-0.145201823624707	0.102978090354895
-0.695601357647644	0.495704568357971
-0.0798839157771234	0.035357985930909
0.390186930530771	0.307627891434341
0.906912273010697	1.01511863525381
0.67727898955097	0.438688004877911
0.47417112227608	0.49557930422715
-0.153069854292412	0.10947856274672
-0.804739378454071	0.771477188949016
-1.05382055914584	1.4919831639924
0.761525973130467	1.13673706557385
0.935472163861575	1.13845584363029
0.834044026522781	0.758665095924791
0.598631657184929	0.557621164224684
0.91127780931554	1.02106948313955
0.731642188276225	0.713131970854157
0.487001259800188	0.514630548943157
1.1953886222923	1.97931294306088
0.63795033276419	0.741930985951902
0.457619747292691	0.500742017390056
1.01270172885628	1.29998019036606
0.245294659575053	0.221029447721199
1.24728602221067	2.25027363593461
-0.289254446284199	0.288603234725641
0.287103065831988	0.196597836204805
0.719884863765272	0.598301532071516
0.773473002874502	0.921671804966783
-0.362166381635235	0.105626912484328
0.510007909511423	0.183564268952108
-0.787558915132848	0.34862507972379
0.557700339051023	0.62615493391952
-0.19239277396051	0.283202410197763
0.326222423291018	0.481765717698373
0.98068104292717	1.16029564032249
0.0788769685956332	0.055339370480712
0.0982140048013955	0.0843969369506755
-0.0545288540454392	0.0429699576730155
0.667599326890242	0.690676747027976
0.0433142529925362	0.0278496506868382
0.77040547450088	0.722943853346383
-0.0563048832358627	0.0369598442213335
-0.078877013603363	0.0350056526528531
0.395241746773646	0.312616994250361
-1.09492637804003	1.40142372745561
-0.885744871894246	0.9718121679507
0.471854840682663	0.417996214763376
0.803676101253231	0.338560822354516
0.483736981734943	0.30480571624168
-1.18927474093894	0.674314702205785
0.429193225214241	0.309061264801632
0.287595177707212	0.184991064122565
0.45320603245538	0.306678894605356
0.351753779298895	0.31738471614703
-1.37039642504938	1.15008342354273
1.21148387825655	1.32371999725545
0.614750755945554	0.804674051933003
0.266555503695159	0.306776738301558
0.776958913689135	1.1702618401067
0.751274151420609	0.916307074403715
0.148457655218862	0.0907944674216916
0.278474649166616	0.189392957126403
1.03633548099757	1.43304974877778
-1.12061218211489	1.10323637584555
-0.543671293584342	0.208484820382793
3.9269871417736	1.72604412293863
-0.156259537401569	0.111815219579232
0.272340451521755	0.203733972385433
0.62434841863495	0.562236060022747
0.779436472745309	0.838604341458396
-0.412014418659254	0.290196546065999
-0.36805556903118	0.382882526638523
0.231047846304697	0.21684451160793
-0.0201903993128705	0.0138161159435324
1.38148922114853	1.063441305059
0.937621583755988	0.921168271147296
0.710194224123202	0.589639002174049
-0.486999936028877	0.330484040626199
-0.267265889644586	0.202151875598491
0.468632105543313	0.413962524429397
-0.334268548745977	0.377290274151763
-0.721684450859322	0.956109262548549
0.163530409549314	0.153233019402376
-1.46476095164198	2.79759273968419
0.315899220689657	0.174634344932958
0.579986727355765	0.712765937068929
0.156171108776616	0.101179533168929
-0.357535556540051	0.319650580397867
-0.265483316391673	0.250245626204519
0.0987727454565531	0.0810351863553032
0.0824098011059251	0.0636636162715777
0.302307260519064	0.303866023868225
0.119478099007799	0.120809133791557
-0.77607568315675	1.16513749948218
-0.214303150278096	0.271912872695532
-0.634656465453283	0.87431573947292
-0.108311593736319	0.099151389971158
0.0569853541719133	0.0570853608747046
-0.291526651213959	0.351598630232013
0.0696511265195839	0.0675904597133143
0.0333051789252239	0.0318049648738153
0.368215887271033	0.393560518814966
0.152649207846134	0.122872616629139
0.163099938953084	0.12445314209823
0.858852266457113	0.985169226333126
0.45978596127787	0.50581187370667
0.0721541852662516	0.0668423139552365
0.901596373748606	1.46158063931215
-0.0118866794750238	0.00978075255479945
-0.065861122179987	0.0500687380479098
0.778576471894745	1.01579118325049
-0.261235741539503	0.245944593196091
0.596694075593954	0.719644773185544
0.417609194850001	0.400794745014577
0.505170594201809	0.52242487298616
0.358036129662618	0.462341070392658
-0.416991667680715	0.511497158994675
0.227512126174815	0.22271415609132
0.0248241179110473	0.0224718722731128
0.171504559705694	0.147668298599238
0.378978603233858	0.408298420283895
-0.250033768845928	0.232964799413187
-0.317079694177777	0.262131021352094
-0.268156824758551	0.202998500814919
-0.0913223281443142	0.0687584724189716
0.265414952142	0.21418804112393
1.02327546225573	1.40948259021431
-0.549779331171793	0.466412974666188
-0.241454744059281	0.186569909632445
-0.520050495796917	0.486283105960369
-0.239031878419564	0.184350577445026
-1.08536896462756	1.38371161576195
0.290350084402391	0.296106658588924
0.318003549868606	0.314999352804021
0.16012281129491	0.133229364752639
-0.871893675620584	1.01667673846281
-0.0787148754430803	0.050459419644398
0.00103015381863663	0.000519125737344713
0.554813880237227	0.440194319527504
0.0417722287372362	0.0268458323057122
0.501034985838807	0.431989070526119
-0.669580170829187	0.40165662591247
0.521043116714587	0.29945439789823
0.856675779559494	0.979685156343044
0.146466012446776	0.0891573718086193
-0.0152569793548806	0.00795367507075669
-0.57497485453754	0.530046543717559
-0.260672495273471	0.132299262543906
0.0410849611483651	0.0251463359329139
4.71296024431463	2.88392426889578
1.04714491608127	0.508623915304983
-0.0839878828407929	0.037152443352735
-0.812504712990437	0.448798442507963
2.33424386790496	1.17094696945816
-0.407960648622366	0.363873935331229
0.392681750911039	0.308785564201671
0.498972962531912	0.429686741825389
0.055495655331432	0.0372791314789089
0.782597957875625	0.937617880808474
0.813095348556759	1.04579178114419
0.776373980013471	0.732839923245559
0.00657793953875629	0.00343632753841476
-0.485322964951936	0.329298571416239
0.624155578133471	0.561049965477123
0.161671662335877	0.119063849836471
0.959483979877394	1.2573733065253
0.666093883004767	0.578864117994099
-0.0631455686769254	0.0414323498464956
-0.477088897355888	0.452097843134675
-1.25238673886545	1.65927696649601
0.00136921319589338	0.000990907044398659
0.507012700186816	0.436867302448899
0.673160958479594	0.772340712161774
0.286592420189757	0.195846779500452
0.387288335461605	0.304278863365482
0.350210599417019	0.387942329944994
0.412165787947779	0.407642074151612
0.319329887852886	0.176440025578113
1.20800847168472	1.57529120002786
0.603068337849618	0.563215035154246
1.43602101245823	0.478148523404795
-0.746726771319564	0.259871772377509
-0.745246297326046	0.258886832464192
0.111591110939984	0.102884363478249
0.110980256722897	0.144087695300565
-0.212450732508188	0.230974113452657
1.21609834830453	1.46774475023956
-0.00279442320341231	0.00147592986923765
0.42377858129432	0.490513899427954
-1.7761001257678	2.3643979780402
0.576006851123718	0.298216734610286
0.314618665353831	0.173876596048657
-0.814565946664142	0.544987134640147
0.552985363567466	0.439322215110142
-0.627611402148862	0.304233027488454
-0.0859929980420126	0.0380909456295751
-0.55297820747951	0.470354793557149
0.139999650892089	0.0799698361988006
0.286662461737564	0.184071957874846
0.427097446110771	0.171480372082308
-0.3320813235788	0.154825471157972
1.0216909072254	0.38745924007158
0.126084342711983	0.0481371101439267
3.2530948013434	1.10108931722157
0.34696896486847	0.17382514087119
0.276183075577064	0.197765400250717
0.582444937112915	0.301896260089269
0.177068698845628	0.144886256651024
0.0757883065648276	0.0531309949465516
-0.496066093947635	0.429390917714873
0.039415746874191	0.0241295347103151
-0.363050841017638	0.297282635944711
0.500117346204139	0.430591636523853
-1.36802856836374	1.39381257008911
0.427535153338574	0.171836431360724
-0.643123124462485	0.156504140249688
-0.16156361377829	0.0929506529548481
0.710723485651236	0.878059405151004
-0.657616029330962	0.64840317687333
-0.181248300298362	0.126930376130464
-0.711011533824102	0.575912533400273
-0.00129940152192325	0.000678102576780624
-0.404682840635286	0.450308861965203
0.0181116865063596	0.0104820567119408
0.312891222089629	0.172626690728688
0.636482504841986	0.450254526673034
1.00280658370382	0.942403340304798
-0.0209447271792606	0.0108001532239382
0.151941335781433	0.102810225121655
0.358892620630941	0.31390183680856
-0.0748080188534204	0.0572125189208995
-0.686722620084216	0.811809975229556
-0.0853028870235156	0.0654660497283568
-0.069705981666643	0.0530931118998393
-0.520879427459397	0.400422583867332
0.381141329658525	0.312140687707521
-0.209801038913459	0.143244257324195
-0.129308042309047	0.077866823572451
0.174275536887414	0.174884741135719
0.16555481581876	0.121901637576304
-0.108167140222156	0.0920514235751717
0.0222021844604931	0.0173032517408815
0.307782757692522	0.389468548437551
-0.482421660727775	0.647541911041845
-0.404077097557109	0.572097986709858
-0.499297316609018	0.697210401991724
0.817006665927508	1.1934268196456
0.301708578268065	0.295536933492593
-0.277059761884115	0.301609630929865
0.269636269422734	0.310767394836355
-0.494311857862606	0.817370382453105
0.0217951579096106	0.021379821818704
-0.0472325125252038	0.0466762910408886
-0.325725365281967	0.346008826135544
0.160204973316398	0.155780546163616
0.156112904553606	0.100977072177745
0.151726262187627	0.0928681248804158
0.317217413989239	0.175139024815237
0.758721543464276	1.23139242299597
0.0887388700915088	0.0902138890623161
1.1969529396995	2.08636449644448
0.325092048849671	0.306692709683953
0.696037448449146	0.850360862672963
0.692816230774207	0.695525026253865
0.227428719942051	0.232239057573831
0.369224935576003	0.454746969169595
-0.139604110170602	0.113805004570529
0.446648543223714	0.421873669940934
0.224395013356669	0.246122724069421
-0.161982522601003	0.0930640466027613
0.524731278321754	0.301514378584443
-0.649929941210548	0.593704429324644
0.544664402162581	0.536107255120247
-0.472603159435582	0.446030580775007
0.172603315680489	0.132346937188301
-0.353545722228741	0.256181554013611
-1.36507116925416	1.14086403368177
0.576911131071864	0.299225559875542
-0.242900926341604	0.160677388334789
-0.513748460953491	0.392444317026704
-0.267821352871891	0.229551458459195
-0.220050222260893	0.192860228814095
-0.655413442273196	0.822915002243825
0.256042590675617	0.212450581637034
0.0639979682953306	0.0430222171538884
1.09656918976806	0.97816354575028
0.0514354276200746	0.0331033987319268
-0.167566275494749	0.0965649227937705
-0.69655195998385	0.494973638218056
-0.130105266257843	0.0783269166463944
-0.742446797495732	0.780146887442075
0.801189046347036	0.336764982262919
0.0729903195669949	0.0510868457710112
0.600221555830745	0.647579626076384
0.89041602739857	0.768413888281145
0.452300644483013	0.41272289895266
0.527678041443745	0.437786580417771
0.159340302844418	0.112899395042575
0.466149274514598	0.411474539355701
-0.128647093140611	0.0935459829216498
0.118697367457351	0.107845451387228
0.725201548143296	0.705875480967012
-0.0383668279048486	0.0257073272804342
0.073667269904853	0.051648459140157
-0.042465471043904	0.028449936782768
-1.37949630065661	2.16134066450601
0.0904212606074786	0.071999131535274
0.099715759787646	0.0818937203312601
0.227261956791451	0.232279512962148
0.670715753050998	0.313490080498114
-0.815027284580639	0.63485540312633
-0.0266627977350392	0.0217167042580347
0.252381499283753	0.234544706278814
0.229872891979175	0.230371041772481
0.162443947137682	0.142408634082794
0.520098506743836	0.524458835773449
0.483709516708197	0.431463532469591
-0.488767296836408	0.531396530103423
0.244994116078153	0.220761346208928
0.0686859200728535	0.048062080735925
-0.602394105525362	0.447718872760402
1.21050620812388	1.45837447595269
-0.0775920169922353	0.0594239333323099
-1.15300618747366	0.353816991053109
-1.15345350292765	0.353548980162923
0.50458600582036	0.181242123664178
-0.510611895133972	0.625840159284424
-0.0788197409894036	0.0959203982549254
-0.375441485050655	0.546480703899885
-0.0657355071030707	0.0500089437036235
0.340335802554618	0.31479785516488
-0.32409373144459	0.269369794714095
1.00345541943633	1.28522578238899
-0.458022149348875	0.360963328428813
-1.0403638965725	0.418077260779257
0.0667040937384065	0.0449023405461077
0.0633654788872913	0.0425382749716376
-0.328831196592297	0.153006686566565
0.713849679408883	0.592988576174527
0.0847374256463124	0.0617229172694538
-0.806394956202714	0.770451765333239
0.583424343014802	0.438820546883317
0.510580201392862	0.183534349617947
-0.167527449292993	0.0610228882448846
-0.741848012858367	0.258096023054699
0.281032714704836	0.201669275209491
0.127796667597495	0.061016840931796
-1.11692042706974	0.77449411465634
-0.0998927301626401	0.0622175607573766
1.45358384623465	1.45203646012972
1.08345575093579	0.818112303423998
0.492910521176008	0.591874699146094
0.105101943278518	0.0924730128457719
-0.122126405246297	0.102979763206136
0.0267125279909499	0.021366914472431
0.269330825528883	0.217513714608921
-0.0527822421394352	0.0345438623653805
-0.521619686534486	0.487056634486885
1.38009683740828	2.32388744453791
0.569510149191732	0.547083503345527
-1.15347733768864	0.353947479713194
0.655055294702571	0.20808355560833
0.481329574844521	0.302972226147493
-0.123352149747829	0.0739526155515499
0.134338666604224	0.070820346228789
0.829431363653612	0.752364704682191
-0.921338385887924	0.78052966047328
0.628731037763371	0.663100436212084
0.380817391900216	0.312432424581335
0.314875130393597	0.294346167513306
0.662315346124096	0.574286472081365
0.0597671287109535	0.0384590901944283
-0.0377482878436934	0.0252808439403185
0.155500602887669	0.114073373840307
0.149839015204778	0.0967127572295943
0.176162669890144	0.144169012299397
-0.596949027487702	0.765266805893661
0.263782362643338	0.291976493778054
-0.504284514175638	0.651216484423225
-0.46256420036436	0.54178811074607
0.0642542735492562	0.0448779593030167
0.16975114604305	0.134371107731075
0.42909946726829	0.400370247947617
0.843463626617784	1.06220579517905
0.389009327533642	0.400626256784775
0.547938820250847	0.809388271839208
0.257336844655197	0.233374672164365
-0.870414594300972	1.1911687008824
0.255846834319952	0.339006503570768
0.363091994707761	0.386534090480816
-0.492367889535225	0.716386437147584
-0.283754675194391	0.339935015445899
-0.218123363917779	0.238474563744576
0.108133056416586	0.101089735142524
-0.202048815449246	0.220943865764894
0.128096224965316	0.132426464859055
0.0176504982422032	0.0169960578779746
0.145499411029744	0.170743458119205
0.364145841846625	0.546529062955509
0.940352766894468	1.57322011727921
-0.069307392787912	0.0664575380225816
0.930574745838572	0.625675036487908
0.689732555145301	0.692782588349181
0.303161357608198	0.381926096442491
0.297103403004763	0.303819609369078
0.770749603712283	1.30456456584695
0.240085918112261	0.221212785376876
-0.0962315736765389	0.0725622504885212
0.16422646914618	0.121196951091875
0.168425552032018	0.141038708665231
0.464809407770565	0.63241861771981
0.35212574869814	0.475497887710927
0.100550209461057	0.110385854889985
0.349485193651551	0.377791664248594
0.648923096893663	0.819991028422477
-0.147901290522451	0.12122493221818
-0.106879814534612	0.0995367293365159
0.840092544960166	1.15162913361235
0.413361518271031	0.313197674624883
0.478915477732267	0.425788200652239
-0.153452391927214	0.109633661383804
-0.281150182288767	0.30041130691502
1.38866349693985	2.21106094509614
-0.994740505600438	1.00001748541286
0.265330233079234	0.213729539940328
-0.521785700395357	0.487272327238061
0.291742601920864	0.188264592513655
-0.366025458591685	0.299965437287815
-0.66984651567486	0.885983448717459
0.714690988732764	0.885155882154191
-0.203576335869702	0.180860868854096
0.0666833214831185	0.0465999026220039
0.43478381028566	0.407106975135221
0.0424429842845287	0.025936761645145
0.394862506475323	0.312275903992725
-0.0573836399036133	0.0275088151786514
0.711993604568552	0.590717777393513
0.250402868843606	0.213546841878533
0.037983010079434	0.0231626803365473
0.303691276493537	0.182400235690839
-0.409019466449205	0.287641280363231
-0.921628606836559	0.783859866557854
-0.516533035419486	0.395815025197784
-1.10943109662913	0.763600397819092
1.45569832979999	1.45198733657515
0.463502551790891	0.682633734164795
0.868245296840514	1.59257979173473
0.477892954534606	0.643641052395725
0.348342007183425	0.461428239707671
0.603771480629678	0.564348213551392
0.259355061878562	0.207947695426207
-0.17226279513517	0.0627452428304373
0.301622184105977	0.194857446741814
1.55333720124025	2.15440168044838
0.358705558697297	0.301942006660186
0.692774075860661	0.45336940835747
0.260275397370948	0.20920321845352
0.299721265912911	0.180016394501858
0.551002296576812	0.436797157791919
0.136091441543412	0.0717761886159093
0.523036525530438	0.43365602993165
-0.643506271279338	0.156786530055825
1.41470896960682	1.59090234516613
0.263493786316842	0.219365440949145
0.261953034603733	0.210743245464486
0.281949347033362	0.192396954134721
0.313873152106197	0.172842978782065
0.774315565186234	0.461856338196739
0.894009406801621	0.775504488773466
-0.0137889311099453	0.00956422617012146
0.432042959986238	0.418168623415298
0.921014805322954	1.46437299047133
-0.525204415602742	0.404572879701223
-1.11655499362889	0.771873690730263
-0.16809591626138	0.116607205475351
-1.5338107001665	0.553849543857526
-0.537315035936971	0.206219810031048
0.515231212929482	0.185298370736687
0.258606106822481	0.19966058329755
0.0462303771615347	0.0521882686743938
0.407747185534278	0.77147447248218
-0.26567251104401	0.346981512479797
-0.0777450661525192	0.0844974610037972
0.495269925962259	0.674982357408643
0.642215266372609	1.10801894746437
0.119167276987467	0.1543989240491
0.159179402605436	0.194045422839771
0.0623736679448365	0.0627131797867518
0.254577005543622	0.341191147294686
-0.475332389326673	0.662030576300409
0.725978310338332	1.32787481669591
-0.133617896005753	0.14434318427941
-0.0488958607573794	0.050050317652841
0.00794620206421955	0.00778413349064827
0.114350960189723	0.103409804505827
0.0295254049703485	0.0230600889300501
0.168004263998755	0.151371519279144
-0.181370351156586	0.16244310857711
-0.201137994753183	0.17357491927719
0.168424412397235	0.128873364368502
-0.267419906582656	0.201943017910106
0.174854107266398	0.184305825128573
0.506380535998101	0.667043573046042
0.389481802220045	0.469711532708103
0.243270725461346	0.230490276660421
0.0564171050593781	0.0488939715519425
0.771064878934909	1.23373876424202
-0.303139312268012	0.383528384172354
0.252553538454722	0.222475748488572
0.571166208708795	0.549085249113539
0.176828698442444	0.167448201566665
-0.00990156756110085	0.00688066726982899
0.308639224697833	0.169598585569409
0.168372600606373	0.119926347950418
0.406644259096619	0.307195070153278
-1.04987858754822	0.422210250802028
0.140184451576725	0.0265585662587612
1.77354890161437	0.991975889229261
1.33659929861094	1.22152181477695
-0.0249128789322577	0.0127848895471163
0.258043767748972	0.234409856019226
-0.0128995742499118	0.00895412981319514
0.583187975533522	0.439115908001073
0.673718391373836	0.315696987017925
-1.34695222339459	0.853685943676208
1.21122056038223	1.01080366775012
0.339826507971333	0.170075550682373
0.589149666141989	0.444506360783733
0.338070871058521	0.302351123912268
-0.294070551196628	0.248211192778685
0.275413534694844	0.32966941766249
-0.457966343899975	0.501730224558362
0.155795204635871	0.110145209100496
-0.183738568136371	0.189791034871015
0.218185791504302	0.216599899099187
0.0753544301834124	0.0699444177424921
-0.168100265576698	0.152315329751499
0.241625484251795	0.223074362030266
0.0977566588155254	0.105770197477712
0.481984829339372	0.651078535885077
-0.0221159719351454	0.0214541169538309
-0.701732010887372	0.982072838795852
0.239206036392872	0.22549560170126
1.38839960027989	2.3573149388971
0.279686034626292	0.307728265507895
0.342818026575219	0.472806087862035
0.719945237872532	1.03579352568121
-0.0802856234621403	0.0696369209732764
-0.0569616313621208	0.0373548510259851
0.603728256573506	0.731179309754634
-0.208385004984676	0.215888493076354
-0.450278966885138	0.521975682954996
-0.676763022384675	0.716354160630296
1.04391842409604	1.61763417821881
0.239526776182796	0.283982219543428
0.472884861324642	0.725622673613995
0.360585502918349	0.392738894447169
0.353314330653167	0.400800573955815
0.452875928361967	0.567901871152631
0.465544306489906	0.427535775284348
0.278016938381199	0.208911570710557
0.479337058232579	0.426345280318386
1.05883974541374	1.23636447124516
0.243507481407832	0.219334793210369
0.625004963590835	0.562681296334618
-0.0747980546651944	0.057165042193497
0.595524265251339	0.554054084576805
0.0972125980949133	0.0797357338529739
-0.123456181448238	0.144301873316674
-0.115106580080486	0.114549250408611
0.101447490809387	0.104087381006358
0.377654788611474	0.460530276967156
-0.428840076975761	0.55842358417921
0.81552060062873	1.18971950430684
-0.026450360479254	0.0240988647219622
0.56361944403175	0.826558384269247
0.323318445883335	0.394005200132634
0.106579667432494	0.0959796449606492
0.330506283701487	0.40510730087622
0.00170952948309674	0.0014780554761777
0.47567591761429	0.579277913163171
0.606239129579213	0.858167859522434
-0.819932588559555	1.22735140119619
-0.272567128084914	0.328240404820878
0.352695498564307	0.399855525854352
0.879975922529347	0.897941009175961
-0.136960299973677	0.0822188673027716
-0.874455124794248	0.952836480129017
-0.303423590095303	0.19488424883281
-0.16778819317702	0.0610148001515819
-0.355078268244401	0.216914568343052
0.371339507699115	0.166627357327187
-1.47488982036873	1.34062448034424
-0.673232035186901	0.405043182518226
-0.207311513823846	0.112993032487741
0.170734042565721	0.130746388711793
-0.0218097945603004	0.0112328716230358
0.336951372798464	0.1688159810196
-0.0530946678995782	0.025503851221442
0.329017570950008	0.164002961688612
-0.358542592798069	0.219317376486287
-0.208874926282994	0.113660783988606
-0.514433477555663	0.273807799168182
-0.538988830342672	0.206637222810477
0.139653465068351	0.0668013240460939
0.231326244852294	0.2965460377935
0.645488095045674	0.752751800510355
0.526824116895025	0.303234821271494
1.6639634179305	1.92946061313931
0.141240119988702	0.0807195126366614
1.2151159954454	1.01471598824275
1.43412178636911	0.891195052836483
0.306538525851271	0.184203161508218
0.132828486087372	0.0699098231211162
0.147938435146347	0.0845599555243272
0.00135431423615835	0.000709696366935989
0.15396209475978	0.0938939184408683
1.94275657918988	1.21869028381565
0.0473164745300005	0.0303828868919461
0.136860484341062	0.0655443762181278
0.058082798326395	0.0390204741417685
1.59530088090086	1.10961241541736
0.741886629392927	0.817957867406521
0.38092355637333	0.171206719978089
0.983975764536698	1.16506777667177
0.148889485173442	0.0959943415434619
0.169894512641873	0.138521068146599
-0.295529214670966	0.189302698437486
-1.33950316089453	0.843440819719383
0.0443376642106519	0.0284805841990325
-3.08991345953591	0.960747174631736
-2.58843250021574	0.677477739401539
-0.233957416924537	0.0766762835938485
0.0547829026377325	0.0352245257236038
-0.585261562363143	1.08636700736783
0.256694086556456	0.420459820755432
-0.256824803205075	0.34835514343205
0.154359290084521	0.19408501466358
0.448365876202971	0.63484639833008
0.0779990552070217	0.083701632587361
0.148287442696135	0.178858133196604
0.521187608497375	0.886459612264341
-0.20827334878985	0.241810347823491
-0.17237960567389	0.210020583870191
0.319633633425984	0.381660752987182
-0.0259911497052013	0.0236847168871027
-0.229384500670853	0.263917754460729
0.123931329926275	0.139079759466765
-0.14442754714278	0.14504003637614
0.233803544805543	0.22519292643749
-0.296933429049635	0.271670141639478
-0.0592264622506206	0.0523290037436062
-0.474424931012252	0.546326536009597
0.0268588730684928	0.0209612953664459
-0.0592804541443971	0.0389211548682275
0.407667012045455	0.46658893046415
0.714838279576624	1.17853424100753
-0.501807359738256	0.703499029432617
0.219660682137196	0.259925923814786
0.357398242916942	0.460990709558895
-0.0256897524887696	0.0231151903303367
0.462253116102083	0.570984228064982
0.164896311225367	0.129924910313163
-0.31704625349674	0.314494835164482
0.265448822455749	0.294361097604237
-0.173345390858708	0.154400515821248
0.547909008746837	0.539840332473597
1.21626418341459	1.01838826656207
1.30074822236487	1.51391161678014
-0.204499284305239	0.111286467502418
-0.163793329784282	0.0597182116427333
1.31118731400187	0.576162678907346
1.74390000169562	1.34842883728366
0.13345272036125	0.0452283641533281
0.30612320298405	0.30089007980626
0.292338462443149	0.220006699321669
0.585217555416773	0.441030513842188
-0.80975183070554	0.447464688239979
-0.784081161574614	0.346813224493689
-0.118383339275328	0.0476570875994882
1.74628223594615	1.35694199738541
1.75373619862224	2.48390941705236
0.0360158139339222	0.0220448970136924
0.265167433670766	0.358649197725613
-0.936583020897769	1.21355330618863
0.271322296228391	0.211547588903918
-0.176645275310709	0.207530638355029
0.32699593858736	0.377592421976291
-0.149808031898941	0.148300832048048
-0.0878283608437646	0.0901075620913016
0.671760785816888	1.06306530363915
0.468009388317608	0.567227293531475
0.530088565033041	0.817257134712112
-0.160187005354131	0.179231880185316
-0.278162846949821	0.29669401463803
0.0134830258213158	0.0129325645342863
-0.456612744634146	0.564920260616525
0.297114599303723	0.311404131504775
0.30009842781461	0.308593641961043
0.59364266370418	1.11234968946823
0.164594382149715	0.154437239337012
0.0739922736634042	0.0517696928807283
0.558379994763521	0.628191808941699
0.546966800396294	0.751555467050089
0.327635630834157	0.309762778345492
0.0247160305288739	0.0187755984669097
0.53750680608725	0.61510508445806
0.322426955454647	0.393272070336167
0.226400453736893	0.281289978495953
0.576657018413524	0.772190801170878
0.0262904696453729	0.0151212015315194
-0.360913650445347	0.323599805442572
0.416420595688389	0.55015265824652
0.0671718968003307	0.0469051670150092
-0.110884564771148	0.0961829996397696
0.928780908433134	0.90786803802932
-0.367051130290228	0.330800517113147
-0.187211976065484	0.149064133979994
-0.207223829607367	0.180161231319503
0.292344248184699	0.387257129271363
0.403118229485596	0.605933771966557
0.288534159020134	0.300640377022889
0.0749074902541472	0.0707555426937754
0.494659769653895	0.734549755097983
-0.0305734285983975	0.0282029898823525
-0.0967283709145099	0.103454498469179
-0.469230090927561	0.635926538354103
-0.302668620900816	0.362542373623736
-0.433299630792076	0.537580161029491
-0.212832940420509	0.221398109677205
0.290730469871827	0.362387084311622
-0.252209345258178	0.307617616364169
-0.464807503411948	0.628086734345031
-0.37539404645653	0.472566687655006
0.044765628204793	0.0437559051537178
0.16564868045133	0.164082095737816
-0.458662968099261	0.616700478015065
0.576111645072311	0.705617466985093
0.358534496535892	0.302142228084999
0.482881346093803	0.430440612927939
-1.06498897340969	0.864791744887504
0.481624082738004	0.302939183075725
0.12684271834842	0.0485397725759886
-1.15392338036234	0.354212278509058
-0.115696238437404	0.0466631346161035
-0.788370303416665	0.349083376814077
-0.0506283754352685	0.0243740931314148
-1.49298237194552	1.05433194656706
-0.414828580143038	0.175497670231101
-0.0804597775733724	0.0356488635584389
0.678494693051985	0.780404422742378
0.851773516668893	1.2338524852045
-0.15827972209557	0.113404411566323
0.667178483141402	0.690438389818728
0.290147888238247	0.198846522950892
0.373135653183135	0.304592927388198
0.876087660250681	0.469994226747451
0.288287384008404	0.197389110913651
1.25422639727206	0.691131199114982
-0.210803078447852	0.165384639393772
0.0749201733135944	0.0543296440374665
-0.213745014254848	0.168026311328207
0.576720990144909	0.555140648158332
0.950839363940611	1.23765856693846
-0.0637511357480841	0.0418599312839801
0.17463012377107	0.146794720219633
-0.305976460634691	0.250378454947088
0.934696126916242	1.13455995551655
0.164911897907634	0.148397044860765
-0.570521331233175	0.524863892467625
-0.634872872189998	0.308594355757245
0.776729165810423	0.835879940534267
-0.798671862468584	0.879385029811053
1.95135265955319	0.45428366780025
-0.644006342900786	0.156718049862583
-1.35509533740331	0.860817801471382
0.31722258252705	0.306058564648322
0.248384999377141	0.347615228574004
0.153453085420537	0.190217294929254
0.626918961679361	0.661874401823859
-0.722567927419936	0.647636520316034
0.0919312490404447	0.0801533436147994
-0.203424050857073	0.180646419431374
-0.971964775943762	1.05311000494839
0.155312008427989	0.1054489550382
0.170755656573379	0.130930193669971
0.0647317717291783	0.0435825749749362
-0.57223441001551	0.369333114028188
1.05721635877648	1.23084481195334
0.629031220510818	0.567913987475475
-0.0509740965637072	0.0334089298259558
-0.310429312561365	0.230762224894338
0.93104546723947	0.626992796900101
-0.119502036025581	0.0482059612807356
1.56597215933247	1.69884173053405
0.318790652403905	0.176397973097876
0.532829828416848	0.307269792080727
0.315899220689657	0.174634344932958
0.162989025256211	0.111108080832762
0.424908527234846	0.305258342232963
-0.279442665474253	0.212644507168207
0.52841828673753	0.438934423889337
0.709180342741251	0.875606420282051
0.277137177582814	0.292336685840961
0.326562952834032	0.370033792795751
0.488196081965983	0.516140705230171
0.176002222213675	0.194835484586626
0.350845040689449	0.388753783926834
0.0836510430985862	0.0833574448224608
0.1664204077943	0.127007352202741
-0.130562390264996	0.108405768515985
0.921969026748889	1.47071341767644
0.276976500107064	0.207634574814025
0.770085962947365	0.605037125853386
0.279967505507444	0.201146841158086
1.02349375759299	0.388665902021623
0.670330256639419	0.583695162391476
1.33167242405586	1.41025883916864
0.343863761723627	0.308611273475111
0.827515397474125	0.869717505217319
0.846620834790065	0.961481581614188
-1.52876856561126	1.74354507468595
1.43109558532018	0.887592406503195
-0.0508893906578469	0.0244400256139729
0.378482238193629	0.309868114441303
0.0372607654117648	0.0227581651254975
0.827189545250638	1.1274025118351
0.619102279629451	0.81253280095661
0.586262590203366	0.702447235200884
1.20250796795982	1.6786639990486
-0.72252396436405	0.701019863056627
0.257738139882991	0.199106526499221
-0.449510133819991	0.352021071325776
-0.204739229392446	0.197312110545734
0.44228705109853	0.494030162198094
-0.650277263985305	1.0783124854166
-0.56396047773086	0.792730994651125
-0.315227819491092	0.312905439686488
0.172801913455517	0.132240370668109
0.169861725758946	0.134196065478513
0.356156204874081	0.443138512050558
0.478600620820985	0.658043603579175
0.0676081230318831	0.0634856618754878
0.437547916716833	0.498323614740355
-0.460401770559666	0.619743748195931
0.178395113524718	0.169012736385602
0.533117447061923	0.683111191468443
0.0977904266216073	0.101580970681859
0.634763695560921	0.448461500273885
0.161672210393119	0.110168416611325
0.241621326588873	0.223089914387382
0.024051029742012	0.0182554157724226
0.25603698033275	0.219476045834429
0.90925419446794	1.01793504839601
-0.0886942203703835	0.0760716438256347
-0.425114510726663	0.525171583986657
-0.686268375988548	1.11274169017498
-0.154185932150669	0.138105005633047
0.0984490797672562	0.103778559436677
-1.35374930464607	2.67552543354011
0.445089158170093	0.420227912904785
0.650876558879504	0.825250969697377
-0.265996882489177	0.227501024907627
0.655608989639241	0.994528231377459
-0.668943442597421	0.704658620393016
0.693956198818039	0.697431213014883
0.552588882463588	0.439121492924698
-1.29878500990931	1.62196628748337
-0.162577929101005	0.131097461204989
-0.88311005677552	0.969371252539141
-0.340473261903451	0.335354925722871
0.828913341658207	0.75207649262399
-0.10326131665004	0.0763009963929583
0.702823122867673	0.788807619980965
0.011072365305977	0.00846837478250252
0.330044297711783	0.366601943758544
-0.0117368421774904	0.0082032537631456
0.932863740938857	1.13208196452922
0.396384156777765	0.313565659454182
-1.14930066145734	1.29401301172077
0.379236003759235	0.453493319497446
0.350190872321626	0.304738963934064
0.267814810064509	0.208388378454512
0.424905428924362	0.409150082306659
0.168773377021557	0.129187048156174
0.173626830481495	0.145952832335645
-0.0211647523406477	0.0144683678598267
0.48071737482325	0.506046877814077
-0.0336659299353374	0.0225804426017835
-0.20649957069294	0.161448777376192
0.107011776865014	0.0925217617147702
-1.17401673675957	1.03554273782882
-0.505468032553043	0.513686250386576
0.331762030075501	0.304817799544833
-0.037658226459263	0.0299800225747577
0.689152069673721	0.449890979820051
-0.247871640678559	0.164328232373901
0.3997211516462	0.404040070646117
0.139373629020068	0.0264474830594518
-0.742419833798786	0.258214778445979
0.13912027261828	0.0264101516649031
0.531540883810072	0.738289984232905
-0.171490276642851	0.243327472606309
0.0361713677125514	0.0358357977263812
0.0129903338969085	0.00917480569698287
0.172383358283722	0.148496259023428
-0.27911394724235	0.282666715744655
-0.730409709763163	0.971205841565628
0.0450040835998955	0.0289474541955492
-0.0580781531478786	0.0381230332433184
-1.67108474714946	1.75189142525541
0.0270778882267681	0.0155685084810777
-0.263525383338003	0.134033111124304
0.271234231076726	0.211565789476933
1.21434508486605	1.18015485966907
0.802055176929092	0.929984617567563
0.821802727147939	0.859129758811453
0.586526888369375	0.305406263082896
0.517584002334826	0.296854079056497
0.934735632517969	0.630560640602842
1.44186900755889	0.898971030095399
-0.333372300116353	0.15549695719915
0.165181211425485	0.11747174732897
0.414249705371525	0.313787414097276
-0.249235552160037	0.165582718769405
0.15783515557919	0.102195303123644
-0.642623547459538	0.585525466701431
-0.291344250017826	0.245577039851488
0.0778409778928757	0.0748386245979211
0.637434262658276	0.740229095574211
-0.490563302694636	0.571753828926631
0.254101236405677	0.217503691553718
0.441088989690703	0.415516549521975
0.4414133567013	0.296721533393957
0.034802418346662	0.0213259118902505
-1.051316261446	1.20684219835704
0.0628631924892634	0.0439017192183771
0.967375676169664	1.05619424907237
-0.209706540097915	0.142961772188054
0.781861406505758	0.739847691267763
0.457765183358938	0.419491053090807
0.051540606436372	0.0331585809227804
0.294376957786505	0.202071440342932
0.289267648507752	0.185813211556423
-0.148362181711567	0.105628913161532
0.291696279552179	0.199492864814877
0.376963980029527	0.477444473810948
0.719220504156557	0.959946476119945
0.25189073509755	0.227825499430225
0.552509932221581	0.744722467140098
1.47790007825897	1.94788199063072
0.463875742580496	0.42642323094458
-0.0212817939210668	0.0109353075274669
-0.480869731901139	0.325878215490744
-0.107763217865465	0.0899729847829763
0.0182126445335406	0.0137961258158523
-0.601291201503545	0.80274166396917
-0.208822436259151	0.201915839054176
-1.08059395388444	1.83775879720302
-0.407128943174159	0.285952571310409
0.368351806507473	0.312083792451418
0.0387072321767672	0.0365136905737185
-0.0583489686019584	0.0554706042368606
-0.132034345894716	0.109555320833514
-0.0414270883837644	0.037208028678307
0.071065967889564	0.0656377800869034
0.0208619505619119	0.0184704386629965
0.217215027844868	0.256608127766269
0.155587638150022	0.179398425654982
0.525748671981882	0.613174650815482
0.482556057432557	0.303490703518192
1.30389702489048	1.52656726825462
0.89345018877201	0.773030190192413
0.466209141031879	0.500652626959548
0.736779446152725	0.968614815472025
-0.0863802529573214	0.0816795824087554
0.073322249882916	0.0734232221854487
0.0285615367327802	0.0263187265239614
0.592278903214188	0.711332669762608
-0.136129027766978	0.143575493551864
-0.0270706455301354	0.0244020418535046
0.542312611234449	0.533830095676264
-0.635603875665133	0.874569982636988
0.176347973928023	0.144225388543258
0.0564958020729314	0.0489574286993507
0.158985030642694	0.112299080054429
0.168694585077214	0.124622479150322
0.695676820706579	0.777152589154465
0.950859935273227	1.24022233617072
0.215826573407571	0.217553328796626
-0.132110224509137	0.109497779910536
-0.0779306152522819	0.0499334311469761
0.0631703563640106	0.0425092171963015
0.566341531043072	0.542823115002558
-0.125347821673925	0.0753685038534664
0.478203093671056	0.425372461675329
0.15454716992256	0.104912427736827
0.131929033420281	0.0504202941929281
0.0834633672341933	0.0606429850879303
0.503565129744626	0.43461987119411
0.861549615662988	1.15524775467712
1.01134969359031	1.38251618917269
-0.5260340905301	0.568482241644197
0.334712346122117	0.307946713654783
-0.110342095381859	0.0837153747705889
0.093245973172639	0.0702962742013153
0.484194773490824	0.432526509934866
0.659749013985305	0.681196653530021
0.160999493016762	0.109488179049003
-0.760223946757376	0.953581069069854
0.169554710636157	0.159685738676089
0.890431153431873	1.27703302684303
0.344578707090317	0.172755209033255
0.0659681914799788	0.0460506436675546
0.278354323225989	0.199889244724864
-0.363074920327927	0.105749762822137
-1.51591355638878	0.782037064263787
0.793817890914881	0.332936080025089
0.606123956620838	0.734768486356568
0.370508137069791	0.630802977193798
-0.315008732207107	0.374402429662793
0.848140691431358	0.966169502670743
0.826353614381678	0.86791929106995
1.0522943710935	1.6351134863166
0.939835960855637	0.927397405917315
0.28160398908368	0.202222200983385
0.446664246663786	0.300926685503679
0.489740163588209	0.41814848149283
0.718656922869067	0.598712673086608
-0.256864792226199	0.129649444793861
0.524057114003086	0.300414817046401
-0.277225579650436	0.257154904903315
0.0186596056633463	0.0108294237672016
0.132367614636866	0.0634460402588909
0.12684271834842	0.0485397725759886
-0.295240886324857	0.189372875343123
0.767076771122553	0.602858381095297
0.672932319558158	0.315270459352306
-0.675328720416174	0.406177812408653
2.72811489623801	2.97455127696086
-1.6233486245472	1.96677265650312
0.135714375938121	0.0713490233639453
0.324290774805074	0.179134327125505
0.366801242991948	0.310638139591021
1.00430926921083	1.28578747607282
0.0512305561258674	0.0432526958470278
0.492812114498405	0.657147485918765
0.507575221357936	0.525620384550923
0.0206907645193318	0.0119605472282306
0.518856090042811	0.297921407183168
-1.11564259708101	0.773503107616302
0.15783515557919	0.102195303123644
-0.186458960011191	0.130800498738171
0.63433352909347	0.669638479811139
-0.33741563775192	0.157371459850069
-0.0782559838576269	0.0347243488220265
-0.173395213983193	0.121029647306276
0.14658563992258	0.0838846772758408
-0.307346961156392	0.227824917634546
0.0702542027399428	0.0523711032937735
0.131421460112159	0.0628886084869292
-0.241539055219722	0.209398588556149
0.0181116865063596	0.0104820567119408
-0.812520561922945	0.711574606424209
-0.3213145525539	0.339665389319588
0.0348169651336398	0.0279588909225442
-0.0307931566439061	0.0248102443745221
-0.888254099649034	1.52231600330946
0.809099614067379	1.12724146396114
-0.313830943218029	0.233794404301881
0.669209402034774	0.940676137210508
0.258427578457716	0.300374929435087
0.122737085181672	0.130153415674174
0.390982035478826	0.550330443926826
0.461016942563704	0.568780777688582
0.600945089756716	0.559831141202935
-1.84393807230923	2.17098196435673
0.974195814449881	0.792186182363781
0.290407181341389	0.296276067353547
1.48263650538767	2.33785317384076
-0.0580845652611406	0.0458613048005343
0.172370742655719	0.155925777161822
0.135168190037578	0.140638445008928
0.124681358847067	0.128689982081118
0.252899637606816	0.229096283390346
-0.102830188244587	0.105531623012044
-0.159975954639941	0.167317656771783
-0.260437237409032	0.222116049341144
0.230306540054472	0.23103700716089
-0.255596549641271	0.239665503820958
-0.433638918876341	0.510337327260256
0.17708366922454	0.140617315664096
-0.179283160947411	0.125473032066585
0.36445805188488	0.308308962011711
0.838189507723025	0.615807196745499
0.327241473413506	0.30817685704878
0.272968745437896	0.2043831146137
0.267007678061747	0.207598425006081
0.97345290960684	0.791987340860401
0.280720138781887	0.191558910202027
-0.0232302778035654	0.011933724605513
1.30925947150867	0.574216413367679
0.632100955683932	0.570064209161635
0.298726004900701	0.313580875171329
0.260522273579985	0.201535947434512
0.0915450970944603	0.0689140039693571
-0.179495260230147	0.125441810931723
1.00584709684433	0.946603637736331
0.0653869340692572	0.0456983396145102
0.156976892756594	0.114945959677043
-1.26897676367446	1.84471928763629
1.37500865453637	1.85491401315526
-0.439994850284789	0.38489408972971
0.736808224070835	0.811092612663342
0.0507024004470466	0.0437658513056406
-0.124064151874363	0.0499563084162275
0.15141705390759	0.0977457084555372
0.172316438219554	0.148295985619001
-2.58453548475525	0.676764203908389
-0.333462346010832	0.15544043726936
-0.79229075965778	0.35123286452189
-0.820363483599072	1.18194438827548
-0.0654526500082702	0.0810650635012323
-0.224311328462716	0.305056485416983
-0.0875940963934477	0.0656459953219121
0.508724502518018	0.587079743455075
0.0664229332352651	0.0623126795010481
-0.00664622935426487	0.00461046808128975
0.962159185122335	1.04827898106547
1.00859886341643	0.953148343760137
0.348343930900263	0.313374779728545
-0.0573215267581808	0.0443499875202056
1.51837010519093	1.83746298238655
1.50990090059962	2.23668471568344
-0.410235341974042	0.429650180671726
0.745173001877569	0.985743269754424
-1.00536909134105	1.29492598418344
1.21244814843981	1.01122596058456
0.820876170554695	0.858689533458636
-0.673227652897237	0.403977062519987
-0.574364832663463	0.370368096427752
0.144615475180464	0.0762505901843707
0.527759821469865	0.438484737985137
0.870537225179879	0.883373737796939
-0.203863406951735	0.138670381136546
-0.337817278437897	0.331122922725831
-0.749477771329655	0.839849523666688
0.311225152287594	0.290321268977631
-0.496355143539082	0.692756963160795
0.354465120035248	0.37509731441645
3.25399732634696	1.10138712863889
0.582511569941944	0.437779410471726
0.0244908579285263	0.014086876515191
0.551378158554229	0.437225316001497
-0.522960739304901	0.400880670669184
-0.316747271835381	0.235955301025977
0.6941441834365	0.453995421485407
-0.134476078516676	0.0809931554793501
-0.215553440045284	0.147394380463622
0.111996723794433	0.0992500101480596
0.572113139136128	0.628634017391432
0.280192046424965	0.210637906903708
0.904795220917887	1.46755949679471
-0.285409236730749	0.306762886426604
0.0359921308220237	0.033921118826847
-0.567868620127496	0.871729619789035
0.0328104561085347	0.0263243557508545
-0.0189350445481798	0.0131211407005634
-0.373014651512216	0.365133545972257
0.453096961140846	0.568120772908913
0.497782148511902	0.652520828539971
0.549901680441112	0.83051784358681
0.648240858520488	0.95513636392557
0.245787879747356	0.238716851640071
-0.00233531145166792	0.0012349996339652
0.172957179381765	0.128218666085205
0.24850052222329	0.230504405846305
0.496510400692082	0.510719446655761
0.655437078858704	0.672117525270072
-0.322825205567953	0.342189490356205
0.63984258154217	0.960879732314307
0.337250764186087	0.476435889870209
-0.119448451131088	0.12750586030754
-0.0242302992753252	0.0197067206536529
0.641228017181317	0.831073084636137
0.0460995084037488	0.0380752625674388
0.233745694122979	0.230161699817536
0.471508057946785	0.506916609223395
0.661635439214586	0.75181893530371
0.177356409556572	0.149085028033268
-0.00507471916719366	0.00262641229126847
0.0578021348992004	0.0371812405782441
0.839181684773765	0.613864244358836
-0.605344079237436	0.451175677223091
0.126725259833707	0.0544667367116844
0.570471401388903	0.547566266542131
0.313697127913738	0.173036236322936
0.523420355152178	0.434207376753301
-0.259400372425109	0.131595577211311
0.938075586271819	0.633287392340961
0.764670208910958	0.453380083282818
0.12552900766566	0.0480228464408457
-0.908000524574349	0.85590584352245
-0.674053607868128	0.404582342737541
0.630488387747516	0.666708098824596
-0.528136731341893	0.407260940111919
0.399285050740893	0.316124744092101
0.521264959162377	0.299100283161986
1.01830704707751	0.385838023767281
-0.245528513399082	0.162646511420096
-3.09066749133914	0.959393078286489
-1.83585483071607	0.757054768382734
-1.15347733768864	0.353947479713194
-0.0440133121161105	0.0295203770572921
-0.0456545133883614	0.0466781549570982
-0.0702954749297561	0.0840298535136564
-0.147395361502462	0.186929510712166
-0.14157328967185	0.171598542629086
-0.0317607987676017	0.0293124486727034
0.130211664735323	0.164877693111067
0.351965543179055	0.62102094694518
-0.0569309767329126	0.0682432477427112
0.0607253618250924	0.072337379648831
0.321850488112505	0.526934738886477
-0.350872595808455	0.522212328435159
0.212944022659225	0.274931781775608
-0.410157289145702	0.663501115808363
-0.0314384806465259	0.0332697630989119
-0.193601327908414	0.221733531158167
0.224922889954182	0.238354421594735
0.534223871537835	0.743741800536594
0.922977010064251	1.23165910541131
1.06708405675647	2.52245203503946
0.0923752360922035	0.0941609685112065
-0.173546575657581	0.121008819936418
0.162959642386786	0.139518932549136
0.449568318225154	0.638715894958409
0.159821198222062	0.182672170573344
-0.431232134263563	0.714975923421216
0.271218257700101	0.339635723430849
0.794516210862345	1.33570508481893
0.886465935749596	0.764760808963862
0.802584969004989	0.337412275736925
2.74877977095104	0.77489585677119
-1.18867257192957	0.675253221058509
2.09185664329429	0.936292324337415
-1.29428175562447	0.591951812360937
0.130187649341207	0.0441073748021701
-0.16382224894315	0.0595653230127558
0.166509422771895	0.138720098151304
0.582263873693322	0.30247836051595
2.34287085894135	1.17891344564012
0.0250452053883237	0.0245995431276788
0.129495002902734	0.147704796924136
0.373504026395165	0.391186431148633
-0.804996837067445	0.890643788614213
-0.0242867706686725	0.0166052649846932
-0.0208440481662073	0.018754110134374
-0.0381971741819242	0.040714729716821
-0.276023122572409	0.359432983910007
0.162935940057624	0.12001753520438
0.235586686725472	0.247105796110849
0.488208183529531	0.81185215379163
0.341241681462404	0.477520383749284
0.858553900191219	0.984399436306818
0.774686968754766	0.730401714726765
0.585816731173941	0.700203033350598
0.478938117240805	0.300551817160667
-0.475438483892902	0.321040613216921
-0.322003215849369	0.320693356319009
0.655603229435312	0.207984052388229
0.513494339007861	0.184455433484267
-0.120267226298741	0.0484135417622034
0.334685668445654	0.298157725704932
-0.793098515782442	0.351690335205156
-1.00898937625135	0.508451599615989
-0.270001791219375	0.137293794870631
-0.265529205083784	0.134894773822222
-0.361622063644185	0.105340752849314
-0.0585911013627047	0.0280827703710243
0.932660869082509	0.628654911341168
-1.85847259814763	1.18359679426815
1.25743094700247	0.694462877643055
0.577114074915536	0.299506997669905
-0.421292989171606	0.177626907051446
0.67613829682479	0.3156505936988
0.277255327147194	0.19832486880386
-1.24425259404811	0.948169895757633
0.671580739332145	0.585253630510615
0.128629618148228	0.0436530854985291
-0.264541749279335	0.134177627646742
0.521371121939305	0.299070007115997
-2.58817701744193	0.677412741892899
-1.80379071234984	0.398266610487963
0.931166434102395	0.244280970808413
0.315594171719568	0.173873461823536
0.413497889925315	0.554851286625045
0.352268827646626	0.511465053667218
-0.121019774372826	0.153484205914073
-0.675672428874897	1.48446359346749
-0.923068512361245	1.79319356744829
0.0156451030683701	0.0168121168959153
-0.437943240031707	0.91147090427697
-0.118368521930738	0.172086854079455
0.169789251481354	0.249562667691586
0.00162479747787006	0.00214409517899755
-0.0410835064455168	0.0508564126935562
0.566813383901574	1.19405204627873
-0.580462429777548	1.23628559287812
0.470743903225008	0.896963542674899
-0.355416252391944	0.554353527249746
-0.139020386336143	0.156395777638397
0.330952215021669	0.420265043219843
-0.0461311392086819	0.045496984464726
0.1754888421136	0.203096690002161
-0.127646338943976	0.128378759226476
0.0789307477544993	0.0573717116674585
0.227150318915179	0.245317706392235
0.0709126565300226	0.0802565260839913
-0.0720881502550979	0.0809991884351721
0.185847685459381	0.246057295267067
0.0891579810316161	0.0931861568498089
0.126205198575887	0.0603818643082294
0.51174254082849	0.184178364192085
-1.04359703690809	0.420463940972424
-0.644006342900786	0.156718049862583
0.130303709031769	0.0496994612386136
1.43511052997664	0.477089390053173
-1.04672508023987	0.421388808602623
-0.631568377012149	0.307429315176704
0.150443359742849	0.0377633287087368
0.0590700925297355	0.0397070666829845
0.123138165145486	0.145267748404742
0.106028314433139	0.093283769119991
0.0699909175191063	0.0489994327408382
-0.612511066090827	0.457826461181966
0.0433068252519936	0.0264635050186201
0.300004078475522	0.412327972109149
-0.0793458735763911	0.0746075684360118
0.168886078778843	0.174647884895594
0.0673201939820856	0.0453680190468717
0.769724706576117	0.458806726041265
-0.0213886904962738	0.0110238927597154
0.128239874527195	0.0550562993102236
0.530525702963369	0.440814183668295
0.255773071335512	0.394527355137891
0.313715469054626	0.429033340425573
1.5178760587093	1.83226577903447
0.689821430936147	0.451415715627807
0.0296865106751797	0.0170817707721777
0.336154912344645	0.167776511440563
-0.0578513571999126	0.037957910947537
-0.126012878597003	0.10433085873665
0.38252167542125	0.477369217390137
0.154130443216448	0.189152160545567
2.74700474235958	0.773735225227364
0.513791165711859	0.185017905562863
-0.404175860462929	0.323675470562008
2.38257733373364	2.02349746087387
0.147211981908801	0.0371529932006973
1.43784625468668	0.477947615428851
-0.326156286738261	0.151481333021704
-0.326736226100362	0.151788918588291
-1.0430285489592	0.420216988954647
0.334072823446583	0.166986809158879
0.513299538191439	0.184252704596469
0.132433406062052	0.0448790682365348
-1.29658388566081	0.592287523024036
0.377253606064543	0.0825544535265068
0.144241227938778	0.0428872731898325
-0.519629895298546	0.275996429091213
-0.415608883219363	0.17598019938734
0.156689832519472	0.115100477739804
-1.53273207896643	0.55406409993797
1.75930782875001	0.985527496464087
0.638013969192827	0.451434665635899
1.95062146582611	0.454190159391569
0.139930142590356	0.0265210820862786
1.9537169353899	0.454657075827859
-0.573084100585291	0.369466865846762
-0.199205866177007	0.176356072982101
-0.90302331807882	1.50390818885068
-0.383715400407371	0.52032370123992
0.26515373859002	0.340142955407622
0.597483741054583	0.86138464152353
0.264822028779018	0.314909387032865
0.186653538094803	0.238631989005737
-0.618033790908118	1.11075667163651
0.515675416749344	0.944098070208141
0.414465868872535	0.62747544601436
0.276097316257227	0.324770725854995
0.495918626279855	0.794051216071742
0.0537788394791969	0.054461330691905
0.407384679250257	0.613119907917904
-0.266726064175313	0.319769674967972
0.55565635246786	0.689358741439148
0.0396373891896481	0.0340041088371487
0.57723862980165	0.636217160156413
-0.0711652195256378	0.066401883358243
-0.546799774710699	0.462367871990009
0.595828787702411	0.45053150435858
0.162141793471893	0.115088285814716
-0.71573790280192	0.904387970613841
0.453826956486509	0.567389603021357
0.151931982216902	0.160275245724516
0.130930392317291	0.0562124990464871
0.142589738884711	0.0814316419637201
0.826918401047527	0.749282041681644
0.931565691852841	0.244293555241305
1.95062146582611	0.454190159391569
0.508648817829669	0.18261000234337
-0.359911076994201	0.104872867536805
1.80610961993801	0.709606900893752
-0.118167975302211	0.0475958821832056
0.13345272036125	0.0452283641533281
3.25767918892079	1.1021663566718
3.62466075691912	1.43256044684919
0.223878778510812	0.218552401469845
0.0362193395736646	0.0283825874812643
0.29457821534031	0.190025392801872
0.00620613342265715	0.00437963528953875
0.467437240494815	0.412998343794783
0.126525268251177	0.0603145427221704
-0.246143476597121	0.162753399090604
0.287009652637607	0.305136361161943
0.496619740382788	0.584517432925056
0.153631978660649	0.0939843495842792
0.340137787520046	0.17037003822384
0.336742044259037	0.392804973209156
0.338942788959256	0.395709710217943
0.582052993045506	0.715464492070935
0.287130695684581	0.196540456967355
0.587931126060058	0.793299766726227
0.332972645992842	0.166339734751262
1.0645593686776	0.651526517990408
0.297752120849866	0.17841726522758
0.527227182474365	0.437268059466504
0.636920350753912	0.450711159687956
0.392423546568708	0.30984883885138
0.587269888595691	0.793627944934471
0.0179745642030605	0.0159040182513533
0.408957456414079	0.489966533578068
0.125266506300847	0.0538369509352683
-1.37125708160177	1.15148651640731
-0.67120865532771	0.402318761760601
1.02028601783919	0.386776796263063
1.04928845669154	0.510185199589409
2.09914313406806	1.45894879993974
2.74617618045436	0.774720201883077
0.312014244670936	0.308173022445116
0.165758435930177	0.13090676870235
0.0128763208921711	0.0101060843043177
0.388999268540632	0.478652298532601
0.26743714684654	0.208228176895935
1.43237272946104	0.476285559011928
1.43925987176693	0.479237157391687
-1.15486421229877	0.353960755591684
0.66946355892512	0.312949470582969
0.150004967546857	0.037720852406733
-3.09408861819707	0.962829753125291
4.37294520639831	2.28827124905151
2.54405181873108	1.41563589394824
0.1413598194657	0.0421025960431846
0.124429853890431	0.047598960284698
-0.242894765745569	0.0796348330145537
-1.04729435938822	0.422179438065331
0.125438755776582	0.0539125712291976
0.650444653728205	0.206870989076807
-0.329579122799	0.153749164617559
0.806045844413056	0.339866638922853
0.5885200200499	0.306560093369923
1.86476974705752	2.0570157620697
0.644967858114693	0.204258055343195
0.13675853400581	0.0778831664256827
-0.943888381394465	0.700893340508326
-0.130743161774545	0.0786193669269362
-0.414557503610828	0.175513398695098
1.01881061691072	0.386619941894425
2.2423537621573	1.71967263483173
1.95062146582611	0.454190159391569
-1.80368476738292	0.398254084963023
-1.80379071234984	0.398266610487963
0.622689383800212	0.436798200298472
0.239631619935904	0.220943964986267
0.351897519236455	0.503625401221543
0.182011019159791	0.217846559093043
-0.0700793952567595	0.0754883316358489
-0.0577782863153873	0.0549097929726793
0.226704254439113	0.285739556249576
-0.324467409391371	0.562378253822479
0.227025749126582	0.321776189733389
-0.161749883126232	0.217823005459149
-0.598452977627054	1.21326913717006
-0.247478522722957	0.336197790045244
0.169743343499195	0.240593439397374
-0.0201983375256924	0.0229368475238325
-0.138217196646035	0.172245126962938
0.0237175896026106	0.0239747599371756
-0.547453072239785	0.737279819698833
0.347509708829544	0.399893140572346
0.0596690013613597	0.0538064506855039
-0.342311278213031	0.426291800973909
-0.173492587626573	0.154184799136857
-0.210649005590217	0.183666328047596
0.513562563965605	0.594481655436046
0.366799152873036	0.401798661849754
0.397137957905942	0.544699602870176
0.126580946763741	0.0484205414565657
0.363167885068934	0.162171445318078
0.763634192416686	0.599129431415121
0.270338640322448	0.20154722072303
1.31583685770224	0.578688566094146
-0.363619197342818	0.105894774191241
2.11090996100517	1.47213344364022
0.430485762153355	0.173362486516208
1.44207806938141	0.479000178026844
2.10051794173385	0.942924711508684
1.06376665328447	0.650646572566012
0.144816855539053	0.0429958878810455
1.01848780387876	0.385379695632112
0.973334088196028	0.790948386031988
0.423622680217736	0.408447190053172
0.528914217712053	0.440169187969985
-0.100629592544061	0.0626615473339464
0.182396628773021	0.206713353217207
0.216740712405279	0.223235617414719
0.0466689775369011	0.0442663388741899
0.324332845306919	0.305881178712374
0.489724106725808	0.437768322504795
0.0339181978626017	0.0207937130097881
0.340346370569709	0.447083134084569
1.62691289588379	1.51745519569848
0.480921527017502	0.302663010387787
0.425246720293625	0.305466765544975
-1.49194236598658	1.05036065731085
0.478655133844108	0.42645622559264
-0.286026509858913	0.356648973665734
0.222622310064014	0.275288716024685
0.513996772805117	0.853834998426532
-0.0905531250070489	0.0986342150372218
0.555735301322068	0.439879840468916
0.408778521635545	0.309182851474101
-0.127823861791305	0.0766947501954519
0.480409266683388	0.648494790863723
0.166618212562766	0.169178781414948
0.317784882434611	0.379354751734049
0.170107353436204	0.130410589841014
0.0153437103684596	0.00896196451323234
1.43831427726801	0.894246817980482
1.96063651098188	2.31806357336112
0.0756200318868856	0.0548926746758588
0.0603333553782556	0.0596469685783782
1.21682514596701	0.832354746074099
-0.809504211025334	0.446125750750635
0.335019133812588	0.167438875167252
-0.163793329784282	0.0597182116427333
0.337896000734069	0.169268131169997
0.317609844269653	0.175428151551465
0.273762168686796	0.205097795466285
0.878600540442999	0.471543293851663
2.34056471803493	1.17779626883001
0.167418695008807	0.127980779892997
0.938530879699204	1.14351901580267
0.109580495951299	0.0969238277528513
-0.00931797674264102	0.00764077967182959
0.458843031105996	0.490158746930807
1.02028601783919	0.386776796263063
0.653601146228235	0.207521943701603
0.134284439062011	0.0454806903417194
-0.367559864207876	0.107030285212501
-0.238048417060954	0.0780891030505443
-3.46538037258837	1.25291021678476
2.09851806560284	0.940645540920032
1.01791216425444	0.385692179378926
4.17024392975285	2.00620342888275
0.133592638462362	0.0573486605282302
-0.41213126151368	0.174476836425326
-0.416151941981587	0.17593761095921
0.806333800206404	0.339453483429282
1.02028601783919	0.386776796263063
0.426509628253346	0.171575902443478
0.512350271865968	0.184252494024572
0.872938218032899	0.467535703773636
-1.18977537313876	0.67461924225308
1.01253161271418	0.957626534781734
0.76834868992731	0.458017918262384
0.274294765569728	0.205208128131699
-0.644388443682788	0.157000626677781
1.81210894888404	0.710969215120519
-0.791598038937749	0.349550463559034
0.139373629020068	0.0264474830594518
-1.80368476738292	0.398254084963023
-1.80368476738292	0.398254084963023
0.310388696153602	0.170793839641061
-0.812146271221689	1.35106209470039
0.508202804313586	0.73605929517597
-0.0722059977493667	0.0835514391701472
-0.287142344388511	0.410115329791691
-0.396090446565746	0.48637022784122
-0.254465082712685	0.354380061957561
-0.0899236231987274	0.130605917325174
-0.197805857237219	0.3070972309788
-0.238081807036767	0.354495389811506
0.208812762568808	0.331345215579023
0.0636128809202069	0.0739019408923269
-0.0530614669566713	0.059634370331564
0.311802510153424	0.483145240975542
0.362504889003318	0.550448885348869
0.123988637947536	0.152882316940034
0.181769159416256	0.196431430114492
0.122057952721962	0.121685650896084
1.15702947461681	2.47858492568418
0.0632276219232739	0.0670705534456266
0.131886539362261	0.138909090930719
0.272603910357393	0.204304779325424
-0.761494166297225	0.956290129687787
-0.0820227518362567	0.0825327607567633
0.841954360160779	0.618433741270062
1.84458451887692	2.41514595760346
0.176046483456911	0.139582930455961
0.901135642912056	0.781683576077029
-0.116490965625942	0.0469648901038593
0.163608075759927	0.128898835270769
1.43602101245823	0.478148523404795
2.7496138177855	0.775189687209382
-0.35845544263212	0.104471490348146
3.6323526351016	1.43428043299558
0.799437652307309	0.33605302588236
-0.746726771319564	0.259871772377509
0.147685616873541	0.0372140815523598
0.139556940401302	0.0415648034416572
0.806886142301205	0.340161855421042
2.74617618045436	0.774720201883077
0.503603237825447	0.663279733817814
0.701179427371127	0.859221576735991
0.483596888998853	0.669697278025791
0.144942985780397	0.0764917830193136
0.268944414617474	0.209471688141595
0.154769594791612	0.0947881824788093
0.369475851931437	0.165638940795963
0.585111541146331	0.304070838052135
0.837875938977779	0.614294859195611
-0.692302989032314	0.492485866913609
0.942368318047879	0.929046612367794
1.06415630110461	0.648364836528776
0.571651435349401	0.548477382314135
0.837842881769057	1.58441333180249
0.0672154021748809	0.0724186123184685
0.225852065806945	0.260315881010589
-0.099761395885503	0.104376829312998
0.479945413869762	0.427697384610554
-0.719251994934559	0.644747614095852
1.12596901470476	1.15363159233969
-0.52184271862826	0.762885024270109
-0.136293286968772	0.152775611797563
0.317249507560929	0.439319460530029
0.0744194026189951	0.0556429502096254
0.490008507869966	0.308374466410618
-0.293266096271285	0.187199337540062
-0.0811454814620396	0.0359345049697033
0.478097085582399	0.300003356698702
0.894973909141436	0.775913229132036
0.371022062714156	0.302377065265966
0.37797599945219	0.321636995372943
0.768106428188366	0.604513200776063
0.758301029838298	0.44911371540257
0.87618005349909	0.470500034350522
0.125479832180241	0.0479193358256835
0.764351915362705	0.454558031328869
0.479303135067159	0.503873307652306
0.579484873900345	0.300917818223586
0.692820901981993	0.452792749199212
-0.631064140132954	0.307206484600334
1.55546429217251	1.67183859406843
0.837042561438009	0.613122780259345
0.347359757191527	0.31256689020912
0.521011016622151	0.663650768042569
0.817366708422517	1.68980503034645
0.943717950492939	1.58577548483191
-0.026652697526838	0.0217645241915936
0.932829613639135	0.244963311679429
1.76594373027782	0.990847446672898
0.150004967546857	0.037720852406733
2.74700474235958	0.773735225227364
0.142469531863295	0.0268725113483955
1.04873940580309	0.509802214935004
0.335853488924423	0.168089705119674
1.0216909072254	0.38745924007158
0.65469668159777	0.207920986734369
0.139556940401302	0.0415648034416572
-0.644388443682788	0.157000626677781
1.31410625822521	0.57783656828618
1.31847109511742	0.578360020930028
0.797468141763966	0.335094894845618
-0.414031981947508	0.175185312090786
0.337111207711417	0.168806178196531
0.809011166414321	0.3407453913173
0.671617393759094	0.31428154536115
1.02349375759299	0.388665902021623
-1.01273996973095	0.50969386444819
0.520230958727072	0.298423027286059
0.307945304004161	0.185453724390369
-0.402163436449159	0.322414336748857
0.50458600582036	0.181242123664178
0.805204693550491	0.339371994678625
0.767655596455633	0.604071201951071
3.25586177376341	1.1013084673078
0.140184451576725	0.0265585662587612
0.293428080827541	0.211508325862634
-0.673368326882758	0.892613859008748
-0.0333161075712662	0.0340621246606788
-0.254671608246484	0.352669846989773
-0.144934810472129	0.169299388223867
-0.489665975235133	0.626597996078444
-0.18108253342069	0.21075019827591
0.00630423644996871	0.00705172642086525
-0.287813996999452	0.435155967823662
0.189889098508634	0.234255872058981
0.0214659982486436	0.0250540639393842
-0.0867492530863302	0.0898062113081102
0.0256247505958461	0.0262556347436144
0.577200477046522	1.04213384882011
0.676261756244529	1.25628042312291
-0.240794869085698	0.246418330575834
-0.629653152245642	0.832628195200867
0.942495360977937	1.58335207251862
-0.274624029780964	0.298043870233687
0.536474222857486	0.673988173728783
0.311067525050938	0.187256455498485
-0.961235298041476	1.11107490187892
0.170232319484669	0.16355204149655
3.03553353232191	2.25440889846893
-0.419630490333242	0.177957182429578
0.0518300773084951	0.0333041879728201
-0.0269234318928467	0.0137413748324584
1.21836310186488	1.02025747599786
-0.248779889576317	0.165212010595355
0.375813152930812	0.168875781639582
0.143089034703473	0.0425083446227902
3.25219401652934	1.09882975306147
-0.00383532892537924	0.00199251939409464
0.289422821483261	0.186501159162085
0.8046399083955	0.338558034322969
-1.53273207896643	0.55406409993797
0.650802186307997	0.206632813066924
0.148598486564552	0.0373599031239063
0.128350501127829	0.043512403302682
0.93298336064769	0.917437337590007
-0.151566181019285	0.108366170842771
0.267903982835547	0.333993291366913
-0.00897233352662964	0.00739307121136714
1.28498803818474	1.76950846642898
0.30590962534858	0.399059387226996
0.627731961893218	0.566254131885966
0.126110187619287	0.0603326852409792
0.0341108980529901	0.0208739049161699
0.928957875277714	0.624058977193149
-0.0220790037866854	0.0113610459895753
0.27003952375885	0.210547495697558
0.191579835712444	0.214601364310513
-0.0840040293597443	0.0869038008774196
-0.74723275580572	1.35699356080081
0.170866345470895	0.182503237535271
0.41163649019514	0.311678598625336
0.591649793850067	0.446212204890821
-0.289443375513316	0.184695463619325
0.572706314886687	0.764957561837676
-0.392458979103149	0.491850435619866
0.172498333741257	0.199090492138634
0.923099417154927	1.30130831079075
0.301738729794259	0.195161028353055
0.523025592862322	0.301268472256706
2.13325757343428	2.82803132232445
0.165696449698062	0.134738723102821
0.48705115164126	0.840697477544529
0.217950717728119	0.220869108830984
-0.165914588337371	0.0604424067058836
0.12179621988377	0.0465965388459672
-2.13418095034524	1.65219759720791
0.650444653728205	0.206870989076807
0.673332650376279	0.586029421889618
0.117605184932596	0.0504523008438201
0.765283945694606	0.454637883125644
-0.510103942178652	0.271244570970159
0.457178049681527	0.418604701574348
0.518255696608434	0.675124382340189
0.244466998811509	0.226170283632737
0.300116695890061	0.308436933597833
0.173900897050782	0.149616401131154
0.0423355100772775	0.0259154997883487
0.879618026814195	0.472288549075475
0.801452247780404	0.337326448224681
-0.362530893266771	0.105463937638037
0.145145665393506	0.0430929431178775
-0.361622063644185	0.105340752849314
0.124414046641939	0.0421948283698795
0.425961192082242	0.171382412553361
2.75223851146771	0.774442567945191
0.509805060222284	0.183409050611913
-1.80368476738292	0.398254084963023
-0.239106827612661	0.0784166702528438
1.31497186902393	0.578443560062359
4.16627077487027	2.00755618620192
0.145429742663103	0.0366530573157977
-0.360456731308573	0.104884503482122
1.04161868378568	0.50491356149762
0.342229417703049	0.1711513787006
-0.0480423282539362	0.023140441947529
0.708844050246888	0.587431075273842
0.433176610413336	0.311488118457952
0.400594937732687	0.317543601703209
0.584969644832194	0.440665121245856
1.95062146582611	0.454190159391569
0.645241128115201	0.204592987808019
-3.76557168292632	1.51230600255237
0.254517888680328	0.211026011077299
0.127815676385406	0.133918555094885
-0.224009008825842	0.316880359587429
-0.0075403363048533	0.00795940436096926
-0.0939540887853361	0.089243736980097
0.0640127374924459	0.0635396738569535
-0.311365195319359	0.37548095356039
-0.00176199065192682	0.00164106868748773
0.228890598706799	0.256357384826352
0.0986288297098082	0.105390175078836
-0.325179274542255	0.429752846255945
0.16854278335368	0.165057480234049
-0.0948092220341607	0.0900586903560785
0.316706901281107	0.389903854844517
0.172659918688021	0.13670834711023
0.396024689357207	0.410081979843256
0.316537084391564	0.305430175876181
-0.445063825272659	0.389876257780976
-0.0660966025960904	0.042059039672086
0.632125332381096	0.57110375524402
-0.449607797265524	0.433779974738728
0.33045364371688	0.312043494827898
1.0568573385567	1.23239168093114
-0.131956233266615	0.0962646969320589
0.0961712479978529	0.0806667936377651
0.497538556304053	0.58488490015867
0.266141082756886	0.21423134276648
1.51035250983663	1.28780844062106
-0.00232775678517048	0.00158578272638158
1.56274784703341	1.69037237142839
0.882580948043583	0.474988014574411
-0.424972439428344	0.180102117573295
1.31291742676874	0.576696640316621
1.95135265955319	0.45428366780025
0.8727821769633	0.889328978134953
-0.7389639873091	0.256670839118185
0.769221801756966	0.604407610223958
1.30691674991167	0.572884622733256
1.04557188016202	0.50751321134606
0.336941103092997	0.168320673222094
-0.268444229881229	0.136444586750133
-0.698060694440821	0.496624608557692
0.392456824882778	0.484174988382394
0.453540691135941	0.414521086960225
0.775510208833916	1.31608757696848
0.515695458904499	0.613355822851439
-0.012020539283684	0.00989741731699915
0.481384241536016	0.636539937908788
0.487279775497336	0.583739664936339
0.959689164546897	1.25574793379663
1.14072948929709	1.62132223237002
0.45122998151347	0.493833939094676
0.36266543368325	0.30652743004316
-0.874642677153871	1.02004831569768
-0.616517311227334	0.859583417696784
0.225841809833396	0.234462482623623
-0.101942203320789	0.0945341982613272
-0.445498887133238	0.546482475502011
0.959776550419925	1.44849452546636
-0.00988503297846562	0.00686382677963326
-0.555081682273881	0.638928302349151
-0.440916687912959	0.56830651468507
0.0466754424366582	0.0393923103158683
0.0851813832109787	0.0837002316854408
0.699691919253014	1.01901133347603
0.742259529955083	0.818128463374052
0.683322186125653	0.857421470491364
0.335920774915845	0.319076812726839
0.665109329756755	0.911752747243338
0.34746562291981	0.391802041020538
0.301585685994115	0.310197654409058
0.931729895259928	0.912750988354999
0.545365825839344	0.538026894726218
1.0070931245343	0.949785575406108
0.674167416871113	0.587821866295053
0.501505686887924	0.4324368331557
0.706432294132379	0.869713267291623
1.08727888596449	0.82187760906779
0.276606529308115	0.198337707025957
0.0426756787588319	0.0260802279437921
1.21376587543686	1.45875829419556
-0.100234981228569	0.0998734396624429
0.322445985139677	0.419858875918995
0.396135656471366	0.398902625095761
0.46233390006921	0.508508396644351
0.796271113412309	1.18369347587021
0.0875730250360542	0.0678644904810829
0.253852667035609	0.210152296559088
-0.0986125786789774	0.0927455465335918
0.327601331184781	0.401230847888731
0.00825309308142243	0.00636746525870497
0.312114662326805	0.172010728971765
0.132963636043676	0.0754113616021695
0.585241780380197	0.304695889810787
-0.629760757383075	0.306527018012954
0.967306136611405	0.782832158435436
-0.411082008987883	0.173889028123327
-3.47414611089268	1.25522564037755
0.514659313486759	0.185330599053687
0.874724950839696	0.469148563345109
-0.265529205083784	0.134894773822222
0.509435415274993	0.183330389793874
-0.079515907274068	0.0352711953292249
-0.787013983945816	0.348297448415918
1.55316662143204	0.772603111741906
-0.56284182205905	0.3619596795759
0.139884098064408	0.0416988824150201
-0.327540557729094	0.152267111977313
0.423888224590472	0.17030431327899
1.06049120977716	0.646472232759089
-1.29893151931874	0.593283740429466
1.44207806938141	0.479000178026844
0.74262181918498	0.819157356523744
0.140184451576725	0.0265585662587612
0.932444120238111	0.244842742206832
-0.367917894368281	0.107101339671787
-1.10382259379225	1.62401177574087
0.22449373395805	0.274492816986503
-0.167147831357838	0.188086182277064
-0.131656980386527	0.120761346484332
-0.125096597318771	0.103456612603257
-0.291068643318099	0.35094380948596
0.647191621198087	0.899563000401952
0.96410387359113	1.05126670821379
0.0528127414621288	0.0339811447406333
0.62141286053867	0.654171450665997
0.779033546835326	1.0178523016063
1.38125755249734	1.06514638789649
0.808054581855633	1.037487102047
0.530982275178602	0.442119607458823
-0.164209148095099	0.0946300359290445
-0.211954126747118	0.115662227962299
-0.294770641177525	0.189031510474115
-0.73966906819375	0.826210564787099
0.543762916537017	0.535805061265964
0.356496269834775	0.387805678243996
0.388410519485155	0.388983141546048
0.0871098526162325	0.0709516983167545
-0.522760536174542	0.489416579768537
-0.637235863726514	0.96119033379088
-0.363403014389029	0.325367276435853
-0.201117583615452	0.156734836144481
0.149958658824102	0.101442784333475
-0.514798805696446	0.274335851889969
1.33542042578716	1.22297664499456
0.154725948866798	0.104911479428802
-0.0827248743193607	0.0366231336985067
-0.54860408816929	0.210474050651976
0.650444653728205	0.206870989076807
0.132417308884049	0.0696781035421786
0.825177432603172	0.747125778965071
0.0375438187836208	0.022932105090755
-0.948439063514634	0.704651681557884
0.670261397806108	0.312920763191569
-1.34695222339459	0.853685943676208
0.806045844413056	0.339866638922853
-0.105222338903976	0.0655942342316331
-0.111922965170182	0.0830275451995377
0.0800796145500749	0.0581489702202368
0.0920932836383231	0.0752987689659086
0.163478067705802	0.165228250325226
-0.230452614945541	0.198339554210609
-0.594309058611741	0.956448152541267
0.779848309195181	0.737176429994091
0.473829350426308	0.420650901591646
0.370315551529702	0.314416902564814
0.435721586158104	0.423016374252157
-0.720105403386162	1.17052286963356
0.0949722567673621	0.0969092415154094
-0.256507907337885	0.337120351988754
-0.684405754037965	1.17251354607084
0.256312068642549	0.205621490570078
-0.140669638380907	0.148923911323033
0.358349763584199	0.389840575296213
0.570639489561501	0.623686674315491
0.405391721433225	0.306116256773647
0.666131156273195	0.57707653590084
0.416782954895651	0.540086235198096
0.513588260448529	0.515585739180505
0.161533305955807	0.144904183825975
0.316354944950401	0.304946400465365
0.686250660436244	0.685835462841555
0.65413780773902	0.672769334594495
0.765440985791128	0.456016644643099
0.140458165206262	0.0418615852654621
0.380135878970675	0.170864492809039
0.13033881931918	0.0622518710002887
-0.420694214773728	0.17814154213963
-0.0522709545453327	0.0251356166625939
0.622187804623698	0.559114550341412
0.282806976004929	0.203514007622439
0.33663866679337	0.168619278509984
0.134869413308307	0.0514538660077764
-1.62113456343391	1.25751612846262
0.518041920294969	0.297327512194329
-0.270104747643631	0.204637812987928
0.372351065137621	0.16738222942482
0.526368559655683	0.303371242405286
-0.211402770228878	0.115136591950371
-0.632379526065138	0.307406332232206
0.8830886188897	0.474571024627739
1.51675954382315	1.29425928333981
0.932829613639135	0.244963311679429
-0.538714119684408	0.206903909568311
1.8126593939658	0.711373352606016
0.183719279918322	0.16736545367239
0.0900862982089542	0.0955256407026446
0.0420332958752698	0.0404116692542603
0.588482884909248	0.705613211236057
-0.353049612390096	0.255263783334031
0.818044468672022	1.28081376131302
-0.128958475859446	0.0773886114206873
0.605104882020857	0.565796898153954
1.08146654994019	0.816574200762526
1.21823432409185	1.02241474474924
-0.0208185860337012	0.0107308910483985
-0.974593354794338	0.606479876865919
0.429685760035668	0.173072121254546
-0.294103139098892	0.188481004625142
-0.816278822930133	0.548407197236424
0.407167705594933	0.307583836573859
0.78055969843621	0.736560763708639
0.61627435630775	0.949416155971837
0.384064238519787	0.404816017308075
0.413971602024176	0.565663845873562
0.029761515828389	0.0274735316075346
-0.687249176470001	0.954835546476635
0.172208616788552	0.144588076100281
-0.195129076954786	0.172349905131743
-0.505246276936376	0.617266116503306
0.16686412953077	0.139520490154237
0.0426064555444645	0.0260513619080913
0.270158851759414	0.210660377562167
0.771507358641468	0.606264608518362
0.166434167472131	0.118416179113992
0.132055846316588	0.0447762654002208
0.475380773082331	0.421277841664154
0.312114662326805	0.172010728971765
0.149765897734425	0.0856935174883304
-0.142945669688532	0.101345260889041
0.161315008148189	0.130813211530781
0.413098409365613	0.31302767492067
-1.8548611117631	1.71476046573216
-0.573088863416466	0.369435091659672
0.597058208367919	0.554743721623547
0.491110279505104	0.59032481643952
0.0929473836461802	0.0795117538974469
0.932663209736385	1.13295711501216
0.257917273622988	0.220975808499254
0.228800620868131	0.238599973270513
0.166127166676959	0.159344245321871
-0.0988375848618332	0.0614690813569979
0.319329887852886	0.176440025578113
0.41838027739936	0.16771050497688
-0.135053073802534	0.0813969902478834
-0.366160149125749	0.436064989820605
-0.398040409811014	0.636811621247798
-0.142623955743187	0.160979548535319
0.482202385369583	0.430342828349231
0.770684867884664	0.917516676465134
0.492776939057164	0.577511457189934
0.154475064929225	0.100030680292443
0.7155480628366	0.595592441852302
-0.0280402772515594	0.0252817817110316
0.357403620981819	0.388624685121713
0.160984995929927	0.122697889602141
0.259514331049955	0.208648364978805
-0.436332044603044	0.380135458679959
0.164118412082781	0.12113411242269
0.914303705539992	1.21811447989348
0.0463969471041925	0.0298479554985819
0.598212646947283	0.558059059956128
-0.280176876418903	0.213314753134533
0.0493742089360534	0.0317591990701917
0.477461749241492	0.425056554532301
0.6052897242221	0.732926535329569
0.174192280501227	0.164762306921642
0.627452855283261	0.564796835601975
-1.06374092659084	0.864603129554404
-0.215590439583362	0.117756328191704
-0.0995051413441562	0.0619596864889702
0.588212547234133	0.306237313929983
-0.372361283982359	0.336704652727845
-0.522183101902769	0.401792337373683
0.816591030583453	0.853124378899965
0.453380618775007	0.307488816047019
0.683986869429094	0.445660297309107
-1.36839044154989	1.14778498936341
0.62902255055725	0.567813262037727
-0.131863203400867	0.0529412015084634
0.142642450203666	0.0752155365522563
0.310437249983851	0.170989939476552
0.121969436589159	0.0523853124302879
0.571314297613428	0.697899035224317
0.134672383551299	0.0401871605730982
-1.5318146928413	0.553494474919415
0.136443796470351	0.0519967726500959
0.706331302879358	1.03277647003306
-0.21050513869095	0.288985405764416
0.122115567015912	0.142034117651166
0.0147168861817128	0.00857758394952884
0.00329976700037981	0.0023385594507151
-0.379936179797298	0.425188722499786
-0.0426382602947725	0.0334272907268218
0.278275427354863	0.199612148923583
1.04557188016202	0.50751321134606
0.135538095266814	0.0458551699678765
-0.508518334792099	0.270216667097813
0.300332782484573	0.18036389679232
0.0716529894848229	0.0482868676352164
0.471831816332591	0.294914648105951
0.52482187459577	0.53074558472397
-0.0679614444753265	0.0659013832498583
0.0192187849868982	0.0173457848452985
0.127044150683724	0.127287634835363
-0.14973367408088	0.1365648648814
0.0820487178186984	0.0840598040997977
0.112318131397941	0.10540797214317
0.042537776636188	0.0365591588122008
0.626246713306495	0.825417331698139
-0.187742435801975	0.209472305231197
-0.275469727448542	0.278197991574775
0.550875409707101	0.543530033210718
1.13064298568893	1.28478155208421
0.522297773408663	0.590967166890278
0.107060706829053	0.0942634153367371
0.365764886168532	0.30957015873279
0.337253092201084	0.168566323584193
0.935515179855096	0.245440180005837
0.628113180841277	0.566381325646886
0.407917008256071	0.308426505636592
-0.281481217997387	0.214310926811869
-1.15101593332101	1.29632428324803
0.494817193427995	0.524883675027928
-0.0837310684943166	0.062730467548551
0.283075906608594	0.192821157329924
-0.0975788467883945	0.0606585709372977
1.214506986635	1.46651385189911
0.0642261585192598	0.0432319312871427
0.408193179400842	0.402228429636464
-0.076008681748135	0.0581562421562523
0.33834756979938	0.38739631214648
-0.147978740451767	0.13486966335603
-0.0496852555679455	0.0434958714167341
0.356542681084461	0.573967885852912
0.0645135562400624	0.0724469421741194
0.399240018141878	0.403360544917471
0.267375558019193	0.22314196347212
0.0408725532988949	0.0262723936555696
-0.0152569793548806	0.00795367507075669
0.163262296100868	0.105654871544254
-0.195142274497166	0.224012812761756
0.395000986514073	0.737107722195776
-0.132874901013951	0.169235510215768
0.0720397800073513	0.0643090376876757
0.163440400312023	0.124563895643005
0.130106262151522	0.158150325189603
0.794837731004021	1.09709165637049
0.456316691833566	0.501129517586716
0.0663256555679834	0.0463660979686924
-0.661169279696652	0.65194682270831
0.173869869036867	0.141970007555688
-0.201963997244771	0.194427876904803
0.552579364681613	0.619680833496243
-0.0201903993128705	0.0138161159435324
0.276905172071737	0.20789636183903
0.247733856477709	0.217648980917008
0.0474080363722582	0.0304738952112909
0.076939947975328	0.0591653027145131
0.444324769395185	0.496762904625338
-0.863047634460621	1.17791566490736
-0.12656973750952	0.10697898203048
-0.0922619956570877	0.0710477995027737
0.485440477325195	0.511539537444873
1.03123405852426	1.08883442487078
0.172627769326618	0.140873892828269
-0.260343307939345	0.221954773535427
0.447343170791555	0.301700305010227
0.81538183593553	0.850959146720667
1.2140526804588	1.18402790134359
-0.331987671897356	0.30202663237536
0.163357705389823	0.116038479663808
-0.347689166608331	0.211493469787556
-0.914817814088485	0.773865175361803
1.23183293232349	0.850249471494147
-0.141347154186054	0.100282858118154
-0.309779994497578	0.230242303825032
0.408306750147274	0.308797135742006
0.724079452677162	0.704381953438608
0.145346966014353	0.0831691474284333
0.281914810590044	0.191976924071929
0.13692844508394	0.0462929840650054
-0.124279792653101	0.0500417642888447
-0.325035175033878	0.15125996636252
0.2430051810884	0.224389536088006
0.0630469886429084	0.0717091617715268
0.461069581465733	0.712132877969475
1.05047408254553	1.22194475165782
-0.599823346340424	0.598369507352816
-0.522870702373081	0.605642702113944
0.00513287830384643	0.0038534909972809
0.0130826974235576	0.00768090067295054
0.333088152004562	0.166474713949407
0.278562211179688	0.209107373853706
0.59745811703104	0.451530104661253
1.21739865228017	1.02171068889621
1.55965785379346	0.778082411244399
0.373733594612056	0.167657500409807
0.877760908562707	0.469797798369719
0.340922485782012	0.17083254012451
0.50187363885788	0.518176488327378
0.882580948043583	0.474988014574411
0.457842142549138	0.310901168112502
0.39937029978356	0.566100001090124
0.348872514456338	0.376868899388324
0.172018589516424	0.155576202390614
-0.622413506397301	0.901847625485781
-0.80927078043865	1.10868087504412
-0.572203366788848	0.613181785793064
0.171606171715722	0.147746626438243
-0.146029043442822	0.119656235064132
-0.0768146802723976	0.0588080844945554
0.551240804296081	0.616479318512014
1.30925947150867	0.574216413367679
-1.15439361670696	0.354342573020678
0.409511975299936	0.309203740141342
-0.729246076228161	0.710486369312119
0.0545194843865762	0.0350217497735334
-0.801925236177704	0.94000207657305
0.7268787130545	0.70842916436592
-0.86847662965367	1.13241743750138
0.498908895551776	0.587494293725814
0.270645722434646	0.193287120290057
0.662427804358283	0.573409416657134
0.701878513536452	0.707860956031064
-0.299956978131125	0.192292382337376
-0.400656421574237	0.35599581069447
-0.0686075255228585	0.0437218816575107
-0.435290512515541	0.416703494683507
0.0413527410629087	0.0340763044106412
-0.213548960183295	0.203062830827351
0.0428523635249707	0.0519541956736582
0.578508079740895	0.30029882335315
0.688440908551804	0.689636519255804
-0.263761420429711	0.332579988325542
-0.160180010995045	0.235249173633921
-1.02524240200207	2.4445296536865
0.459293659453936	0.490779865800605
0.289699496503149	0.425403189535504
0.241429698732101	0.222437263364157
0.265385026929608	0.21401020684161
0.0454839742074242	0.0534393840791067
-0.0792213107335965	0.087150273793702
1.2170952989123	1.01952518355885
0.524658118670165	0.527900826261699
0.4215771970098	0.47573349129189
0.626175873519384	1.13060319731477
0.230318511859057	0.220607039010982
0.133056468361802	0.142427245948157
0.518961712742863	0.523155814725688
0.895431660127987	0.777068741132391
0.26984187067921	0.209720163724663
0.241834802393027	0.204807460525088
0.800052882892285	1.19193613491737
-0.167790465310275	0.151980341462921
0.377091683148251	0.308392529055834
0.148068513307385	0.0847572593389026
0.882879738602933	1.09112270165646
-0.0466682399252735	0.0305314391826002
0.0720757238802222	0.0521886078625826
-0.532953374797175	0.577802480692317
-0.450494633760165	0.523909111783177
0.452059169729153	0.566816323142867
-0.748207198009364	0.932558463059591
-0.905708343566005	0.850859557222097
0.837440523485923	0.61369105818902
-0.751537049757568	0.843570507335341
-0.806354951886972	0.704579965200569
-2.14379271273522	1.66370399551453
0.935652227552906	0.629893542962557
-0.669560756830165	0.40159438682992
-0.013585589808726	0.00935089101485853
1.03636563173148	1.09600582780753
-0.628093550241032	0.52380354664405
-0.244065232289765	0.161685972019216
-0.161943323940092	0.0932192943078339
0.478347155971393	0.299964486865327
0.685318735750015	0.446811628375789
0.16437903371659	0.111875723513917
0.830050954313142	0.605886893739456
0.428792677213487	0.308652506187098
0.00367611570993342	0.00194294283093013
1.31176150416243	0.575573951673107
0.430099833409523	0.172780336117568
0.770202029534037	0.914272373907588
0.202102162443422	0.273621637825038
0.310995240688797	0.382494874185508
0.513391262507776	0.514392263389007
0.49391005864623	0.311505928367437
-0.569583064338324	0.689593349934084
-0.0741365633572241	0.0566835099339729
-0.00228609056763642	0.0011593360230913
1.22062518827603	1.02510528535836
0.161877111990202	0.114890266447979
0.726225097628937	0.707015718596919
0.681455217152718	0.442381621524147
0.284324507787294	0.204026983866799
0.776373980013471	0.732839923245559
0.551756098003941	0.437207597393834
0.125637876250559	0.053904539706314
0.77197854482534	0.459785346642973
0.53838390863334	0.527232080288029
0.238067716149651	0.229490311894958
-0.536290889841493	0.582614616202981
0.556350091331471	0.62474377063081
-0.12946840748266	0.0778067891240492
-0.333073121863677	0.302585643836615
-0.153253250235931	0.109459888138074
-0.709943187790914	0.632054915444424
0.147649013295955	0.0371443901885897
-0.37188304563938	0.108148706742955
0.454209155356141	0.30808113517504
0.428184064751756	0.307514011981059
-0.520606903854398	0.398606651885874
-0.404693417383915	0.359766199056696
-1.66726620928637	1.74097365093468
-0.297300936133846	0.190862435839799
-0.214625391733936	0.168480403468651
0.347280348386263	0.301756744149761
-1.62547652189325	1.26368704598349
0.131984800643426	0.0694630070667678
0.0675130494598218	0.0454418732968266
-0.024185695920818	0.0165355236938402
0.0443281972384779	0.0285031371041836
1.14847274951321	1.73710184379722
0.340137787520046	0.17037003822384
0.715147029892062	0.594878256387928
-0.680182395277965	1.13058175545778
-0.341689828878583	0.47847509830133
0.383211132327115	0.544022374738508
-0.284953433309054	0.305605111112026
0.163357705389823	0.116038479663808
0.970737694624708	1.06146041915148
0.0610011493347344	0.0560435066897513
0.174514550259786	0.168361834645769
0.0577756628299729	0.0617261833153888
0.238662012144176	0.282898297124935
0.229273150300367	0.220014451524432
0.00638611289769909	0.00450853658917137
0.00151651788138022	0.00120347775887026
0.173144358927283	0.14147431158535
0.323143575200383	0.380403103738049
0.0994859259487058	0.111840534151532
0.183171702563863	0.241604529479717
-0.00793373425975694	0.00728942760142484
0.0936038282044334	0.108380183393511
0.18888735637769	0.224417113645904
0.217810808698888	0.253713388088282
0.123628014388009	0.119362348663565
1.29028862566771	1.78114830869765
0.81676998731524	0.957822309830729
0.24685645047333	0.203389923374389
0.322349490350393	0.303371256326932
0.410362927069482	0.405008046135467
-1.74521019769584	3.49071730507904
-0.0712950115824913	0.0543527420708417
0.578689454503165	0.433857404653826
-0.410802725006491	0.28872585117075
1.52086833184427	1.83972331964442
0.960563400382629	1.25892228088209
-0.0999594233140761	0.0737301661271258
1.65721026731378	1.9112929279307
0.57434530478541	0.552077109937949
0.164093242664648	0.116615049954796
-0.812940479560655	0.902001567444034
-0.25096646223514	0.234276638048544
-0.595754720205194	0.711268573275424
-0.521856091501838	0.626381134151667
-0.803777727130229	1.09758329234508
-0.216763570396787	0.189747700791939
-0.0972479451656337	0.0605020176843847
-0.0217363373806518	0.0111634921659665
0.299278828439955	0.179653830955647
0.136914228909403	0.0780586476348921
-0.460132834546928	0.363086295207991
0.587249502412299	0.441539501162282
-0.800868597232268	0.354117914341103
0.39111868969298	0.308528575186083
-0.674780334967344	0.406000676566792
0.137315356908544	0.0657497491531512
0.293815222188397	0.189681595389424
-1.49495442836617	1.05492672297778
0.283385088645613	0.181767107391617
0.425818751482983	0.304719967971613
-0.250256332808269	0.166125649466017
1.04910495228599	0.634865948233931
0.160544425555813	0.109274124738219
0.594655412178474	0.553354468362954
0.806061655567071	0.938789430346715
0.935515179855096	0.245440180005837
0.131929033420281	0.0504202941929281
-0.643123124462485	0.156504140249688
0.101120616142756	0.0921296527309322
0.0914202983802176	0.106969197023171
0.142278801746139	0.149017525005803
0.59571897728782	0.640442533163983
0.681953989399998	0.681425496514444
0.87352233102779	0.888868427714933
2.43116748223154	3.08442791093121
0.145046429165729	0.0764581334360187
0.775311634198947	0.611555230663374
-0.815247496922606	0.636517957056218
-0.629969348089191	0.30650127053813
0.581466167304335	0.301893876436452
0.878829699673846	0.471757404673678
0.411497071701996	0.406249404814527
0.478191071415122	0.517120484704077
-0.30819163605283	0.284471013572141
0.322377897971389	0.293926638382929
0.284137282015035	0.194000939656424
0.713731712823833	0.593806609477342
0.159151748157013	0.108317041475187
0.554916988798561	0.549737955565862
0.502246560226453	0.433258782574279
1.25207815834684	0.690106296456495
-0.644770889342653	0.156875139887313
0.150422357445119	0.0860317102118231
-0.363809910593807	0.222880839535173
0.410057884427881	0.309690970996154
-1.36425339619593	1.77827339441217
-1.2112644302325	1.27056848216014
-0.352531061949516	0.286697201645708
-0.473737479953747	0.487619846715191
0.482419578521295	0.429707789461306
0.00339592985097663	0.00176308797912311
0.632513327787088	0.447516466195101
0.134322023723613	0.0642547632240443
1.02877515576166	1.08680967071442
0.0482014166619429	0.0309798476176015
0.500800068944974	0.515514055418214
0.2882786349512	0.313489737063706
0.421428372519929	0.301623070861805
0.430619007832423	0.309709053719199
0.142111611188773	0.0812465718862454
-0.766094344547002	1.18296184437339
-0.646650630212518	1.19945371942266
-0.232681752054561	0.28286978959827
0.320862017189468	0.310379431028059
-0.552171899522312	0.469473304172373
0.269692240638087	0.209475717383056
0.560971958052223	0.853575459286677
0.0398029231842123	0.0387214670750806
0.425353932831478	0.49287237611571
0.694063399718982	0.698520976951454
0.0264663987366795	0.023045362271047
-0.367694289070983	0.301491984824074
-0.212308596286775	0.23485263994803
-0.342518034687584	0.427696380395113
-0.195609987403738	0.238756968998702
0.0467225862063461	0.049367627982712
-1.32374716421558	2.96027784086947
-0.164333838027082	0.181979092765584
-0.343128851529002	0.463477977500924
-0.308899108063422	0.38757275485105
0.590321572706456	0.444781921742737
0.385573854190807	0.316754308854132
0.484391705084732	0.510434953485452
0.719152205160982	0.891641676047011
0.249168163876882	0.212298996532532
0.0263254012344974	0.0199415379687163
0.413714054328115	0.475256603838547
0.756799806982337	1.26540365601924
1.19161301179439	1.97087786415358
0.859157857553156	1.2501233813909
-1.23308407118988	1.46812781783063
0.0249595174160882	0.014363056964679
0.28965768359573	0.198246739613027
0.37427547117805	0.305738266836598
0.824225329330142	0.863983820662747
0.773464753540346	0.728827122517628
0.15793317603796	0.107380422351092
0.470816544597419	0.507071309615107
-0.65475371151964	0.788453577668617
-0.236165363086025	0.204116751699028
0.766342258794222	0.72003841632854
-0.241246781211484	0.159457073660677
-0.619870929638361	0.51453064158893
-0.708731567733777	0.572210647316688
2.00380085055369	2.91423303269587
-0.972050476357458	0.603141239346648
-0.631572116092899	0.527441641884527
-0.0770875846773537	0.0493907016391024
0.312160850306665	0.172074787324587
0.883880368341794	0.760422453552807
0.00172680894329217	0.000906006465665525
-0.484913143323381	0.328824973773313
-0.506098909507631	0.268137735867381
-0.0297598705130503	0.0151702511340095
-0.816217301442169	0.546007905051065
0.826808682705961	0.750722923010367
0.931052571913607	0.627908649940581
0.129326205294533	0.0617931920954467
0.64556599711717	0.812158044236941
-0.165655895636883	0.0602718278176269
0.93475950280045	0.244755261118093
-0.168280676624519	0.0613309275118674
0.0280445056089683	0.0254117468946822
0.288475730650942	0.307112217399754
0.578075909441748	0.555626789418666
1.52078098484343	1.82997535932204
-0.238524654181754	0.184101853435094
-0.131391566161697	0.0791473739406891
-0.829349068797371	0.557863797411005
0.370327829657047	0.314496004940725
0.00591969721704942	0.0048288390309382
0.825117392870655	0.864704568824666
0.351343370332613	0.389457929354202
0.266724918386991	0.222593773425314
-0.483064001023009	0.45919619175737
0.671580739332145	0.585253630510615
0.0518148534349816	0.0333088322912497
-0.174077558932862	0.121380336871612
-1.58328847115178	1.55536780629421
-0.544114473045216	0.20913830975888
-2.58453548475525	0.676764203908389
1.09137844579706	0.971796004864275
0.42942355056596	0.308685735647307
0.138114355887596	0.0727579392024548
-1.24861191779523	0.955665226495054
-0.817295738060577	0.640315226666251
-0.140718865855251	0.102909878728188
-0.147475418546796	0.104979889947172
-0.45509783634905	0.358124967007804
-0.814174791691304	0.545741864693927
-0.628073115938553	0.304686019659584
0.770229199719344	0.605102812710474
0.664768675331475	0.577137432440464
0.816085562637166	0.852741703467546
-0.0428568957410172	0.0287322440389985
0.861520092012722	1.25390135491377
0.52789028114148	0.688760454134316
0.571989779513122	0.549847603726405
-1.21769046168085	1.27875933225409
0.27094545148874	0.218876765902533
-0.201906645798057	0.208190848778488
-0.416815975073229	0.609597496522026
0.00118099923448561	0.00107838442504072
-0.283617953036473	0.304191455236673
-0.699235189050708	0.835570383711686
0.0983004870934371	0.0786650379412717
-0.509144784436428	0.770863599549654
0.172342041254649	0.169149032872636
0.527359114798207	0.674494898532121
-0.653743075580086	1.11678426986347
0.732845159969417	0.714896791400679
-0.00292060632551677	0.00242721296080082
-0.230497831810877	0.279614896369339
-0.625233780414478	1.06110032879929
0.223203093732665	0.272616530777325
-0.619682875030223	0.998067142936313
-0.121484855275048	0.143364551914731
-0.701061933789427	1.12533007576713
-0.164448067364503	0.179322143625138
0.409511975299936	0.309203740141342
0.0566784708258201	0.0380945530422138
0.425353690839281	0.410549432481632
0.262126934141085	0.2251573775117
0.260699721648494	0.216635435772762
-1.01564599678575	1.56314810334704
0.230772903059281	0.231735709133734
0.228243726380169	0.255492243141355
0.224504306166221	0.26284819379534
0.397612062687284	0.401047808964586
0.173318359036667	0.173457644933249
-0.373082040816511	0.365420170416004
0.0816864028019848	0.0612181485902597
0.15317272281081	0.0990802257984524
0.333768569473549	0.316551647916332
-0.212222654796991	0.166680080740828
0.0796149658222484	0.057883180026431
-0.49483755184004	0.57830934089451
-0.0614541678791868	0.0476385846487563
-0.55124642562522	0.554026826453305
0.0763490196626855	0.0571547952154286
0.0398346584134098	0.0243676034214996
-0.0464215519544774	0.0223559231530069
-0.0295738630228777	0.0150902383928221
0.160156152392529	0.108837550943964
-0.945596003793965	0.703234895496371
-0.788533957754407	0.348337246229929
1.37136747621917	1.05289629957517
-0.207786062537232	0.113300236793391
-0.0861682017004297	0.0531777821542847
-1.12282383404613	1.10428195225052
0.448646890308524	0.30330401972869
0.134418430783318	0.064353321654288
-0.631374236293283	0.306721357200256
0.374295571977022	0.167948463931965
1.43657196137551	0.894571483632581
1.95135265955319	0.45428366780025
0.650991162239829	0.206772040177897
0.65414904119533	0.208020876626531
0.227572875531763	0.223084057882563
0.468276981306659	0.919234743015975
0.500252838351939	0.860930736241464
0.00882804036325791	0.00911172645605325
0.402526969086803	0.571049634752692
0.277663965143194	0.333149583701128
0.532783690463214	0.822735653696715
0.269240671128561	0.326050854165548
0.28942798860126	0.399095648468107
0.165933505419966	0.152729756833093
-0.759584407728829	1.53726458423338
0.641313188677867	0.909222368026663
-0.247943972339105	0.231126912646705
0.540934320761967	0.682442794113443
0.163289842143126	0.12043976444562
0.674582419242191	0.587701282815395
-0.0229474249266244	0.0117900085238985
-0.253763605398698	0.168606937702176
0.147685616873541	0.0372140815523598
-1.80368476738292	0.398254084963023
0.126830956660733	0.0544283366570393
-0.0785270027512396	0.0348483624062221
0.143397297243698	0.081992152640904
-0.820155212970797	0.64218153559076
0.480868619272809	0.301709551999364
-0.132803297416443	0.121981382454649
-0.986443421063413	0.985692828783015
-2.80316712397605	1.91662729706006
-0.67487533421092	0.405801360945323
0.139329269268943	0.079465989853137
0.125218312834546	0.047871267490977
-0.114902015993657	0.046336907676958
-0.0260161083092343	0.0133132786866008
-0.346853521445297	0.317970665549923
0.242914464382167	0.212212821887167
0.0716469762035449	0.0686075598119489
0.096254307209653	0.101299105022429
-0.041504980488306	0.040401121640664
0.131818047220935	0.150750089898933
-0.418212417288228	0.513577171997752
0.496365995562411	0.712399197663397
-0.0911134531173453	0.0922643919664463
0.155512556809041	0.193387897515052
0.133728406701878	0.143304282720673
0.122777367025263	0.126451497810176
0.349670964928815	0.498646528299492
0.502887065962018	0.784876745860631
-0.0722498490192985	0.0828672370026117
-0.467924225726407	0.632483450279443
0.181427716021079	0.244234231354
-0.590558664366064	1.12307817369488
-0.0823822872779317	0.0890101355268971
-0.8459937140488	1.44983243057073
-0.155795340980333	0.167174451970962
0.176190624421084	0.152115011043478
0.109389109707464	0.114731453969988
0.316332534081235	0.328108185242649
0.556428587701404	1.04761032800796
-0.105000123448945	0.119656505854074
0.367500034489663	0.530914661265486
-0.190447006086402	0.241662920363681
0.113091835912289	0.100177882576432
0.527003350716755	0.533742823765334
0.415428900475688	0.602574675495593
0.285790616272398	0.339872240808754
0.624403704179	0.965475541042041
0.081406863896253	0.0798075321879426
0.374359860115803	0.544101316305931
0.0484707494847668	0.0417970163618312
-0.608694870238842	0.963337082474218
0.76629124711747	1.22088519786899
0.054303883337695	0.0349337447746441
-0.171909158277604	0.152813267910588
0.148241179745442	0.0955929343631011
-0.0539365254459317	0.025910439297914
-0.0240442266189825	0.0123482432289098
0.663546937124024	0.309571686481876
-0.16617394898698	0.0605322426701329
1.43882340562666	0.478615560848155
-0.0803043962779948	0.0355992518776308
-0.0876418744019045	0.0387176997412197
-0.166461197604221	0.060635495321787
-0.40277639657136	0.323130936962902
0.510007909511423	0.183564268952108
2.72454553804581	1.67587785041191
2.33969833333524	1.17665219536596
0.79887233154086	0.336139804071938
-0.217180176706973	0.118696914771803
-0.124064151874363	0.0499563084162275
0.137491058495855	0.0464919533469216
1.30777883892102	0.573295283481806
0.434367118118492	0.684296292586164
0.156972932563399	0.200082056060879
0.400265696852257	0.475269535750434
0.168300385084622	0.176961557143366
0.0467816392615712	0.0395093249127528
-1.10801827566609	2.18939087606711
-0.413942124036866	0.463120118182177
-1.36929686927144	1.60534187653649
0.255416208471517	0.225133982468232
-0.204351322813502	0.139018579703184
-0.252229554077975	0.167753441100378
0.052347407428661	0.0336250880783876
-0.71875376614018	0.583525243621539
0.13692844508394	0.0462929840650054
0.146774179931898	0.0369732700828277
0.293600308790097	0.188793035259934
-0.328290720757545	0.153037061163128
-0.340315227624554	0.356044569372812
0.00786284902304894	0.00582465569385901
-0.0628408195718984	0.0412381231285639
-0.78543539970003	0.347149797386619
0.479715398023099	0.300734245534795
0.484216842101631	0.304598477743333
-0.921943307878058	0.782212199001562
1.87990896135353	1.61301450016571
0.565281943003828	0.541468210795612
0.49878159201012	0.428550278170517
-0.00080264227973509	0.00069859080984337
0.0601012212352766	0.0628250218782776
0.219234040226949	0.281757946381907
0.677386283817964	1.26149334144818
0.383638739212039	0.553845422472592
0.286053936701006	0.418864186382827
0.0836683114573814	0.0821063529734644
-0.869065770578516	1.85541476215031
0.127631264722568	0.161460668204156
-0.145348231621429	0.166055819183296
-0.179833373716117	0.225660238913107
-0.484616134082442	0.760997484692366
-0.437913081664799	0.516533706633915
0.369971769829091	0.455944071885288
-0.361670398730638	0.4500828940728
-0.929707366554465	1.64712678667329
-0.373049346201198	0.437178430770565
0.105191331518621	0.116123395521318
-0.251165500495382	0.284935698826012
-0.471296668754731	0.608582884102066
0.458234168475745	0.642873154653029
0.295831351732554	0.310097152968201
0.267539193559732	0.208119066185692
0.883024776661966	1.09201323440051
-0.14187115826864	0.172159368554698
0.370292064338318	0.528096721162706
0.161443332526933	0.165866005017152
0.708635035818384	1.10189272887412
0.0587925701111301	0.0613339402385614
0.227288531735217	0.245771984206303
0.235632966490777	0.227161797081953
-0.521541433408422	0.604731942810495
1.11820061628732	1.14332891205686
-0.334388061971385	0.279275209536181
-1.36867963486933	1.14738714732195
-0.458514382095855	0.361447097675396
0.376668032478417	0.169399934512036
0.342179805360015	0.17147170131989
-0.0564983366124284	0.0270892472757595
-0.351680415641253	0.214629120620702
-0.630768616520417	0.307077689658054
-0.975636462179707	0.607504737708737
0.0361590246979091	0.0220348316089284
0.839027456170114	0.616720617336749
-0.0825395420491026	0.0366252099743335
-0.425867844283664	0.244980604998569
-0.111213621492892	0.044757407301104
1.04557188016202	0.50751321134606
2.3420057408371	1.17899400091788
0.252737577392551	0.296508774283816
0.491483376113643	0.713812635210841
0.306807672375372	0.393093915004679
0.0854570643460565	0.067812084268334
0.16289819167534	0.170418024913117
-0.809473560415201	1.34216995379223
-0.230100349830829	0.216517219769179
-0.270228833443739	0.204655164142384
-1.27228692156254	1.84766985812592
-0.168028064175905	0.0968759148707574
-0.16027978086649	0.0921993335364128
-0.0310285686813331	0.0157937314616634
-0.411113823800828	0.173658606889148
-0.741276499011426	0.25781621104378
-1.807243397525	0.398882182291443
-0.793098515782442	0.351690335205156
-0.668676791169252	0.401253917708374
-0.367917894368281	0.107101339671787
0.129927317712827	0.0622759845878981
-0.238862668273336	0.18448093973519
0.122547948102337	0.0585838766486467
0.57899652428056	0.300703641435945
-0.0544720556699378	0.0261482483837493
0.284922920619474	0.194870384134808
0.243212666651885	0.219017768707291
0.115194625842489	0.112339242369919
0.392770699759765	0.406197716350379
0.117480983796212	0.118583467116863
-0.0369868286086293	0.0366148612132898
0.081753875722723	0.0923769654975867
-0.0328791026816573	0.0398545720360357
0.374602427026803	0.527924615597243
0.821606069621513	1.41726425757966
0.0916576029315425	0.103531083538393
-0.646066618440166	1.22814094037953
-0.35118957429549	0.452731229350648
0.484674674780622	0.847088967223509
0.436881665610204	0.69165252252345
-0.542192384030305	0.826394631468166
-0.667141972018211	1.18328046139409
0.0506305864317434	0.0561903465388267
-0.28722172148812	0.382737498697161
-0.632290659364325	0.837599061486354
-0.361071364598747	0.428583720047217
-0.0858246774043695	0.0867705006136879
-0.179270855900812	0.19854073340962
0.42548130516032	0.665417521641752
-0.275096583585681	0.283230927492696
-0.0430496321530873	0.0381613105266091
0.125892982977888	0.127977021014168
0.229671347156518	0.220290002512521
0.342552548078017	0.31673051453713
0.496171369926688	0.426469089212131
0.674666054262727	0.586418953764282
-0.00159069247601084	0.00152501380857321
0.420219458697319	0.602395054670821
-0.0106543317036022	0.00740504489580119
0.00392749901538691	0.00278097424624479
0.2889056252752	0.185269848019946
-0.912754569627888	0.861457485574819
0.770198998039201	0.459187799080587
0.51849975615393	0.297649932802865
1.04161868378568	0.50491356149762
1.25422639727206	0.691131199114982
-0.822171667985324	0.453115929568514
0.513219052715781	0.184783577478651
-0.672029332814329	0.402939799809457
-0.246315011704383	0.080633175235185
0.253727486243793	0.195281811422631
-0.625966193544888	0.304092312163021
-0.242894765745569	0.0796348330145537
0.126877274988045	0.0484309004795556
0.801831777002685	0.337763886330832
0.650991162239829	0.206772040177897
0.358548419045396	0.788002033100232
0.113339527080945	0.106599469873989
0.165165966823649	0.126220131494322
0.527224602239127	0.674751664671263
-0.613611174840011	0.852849536508227
0.233513954326679	0.224697748183381
-0.0208653795660449	0.0142768925635482
0.0923486945471004	0.0736942877593327
0.352860219784402	0.306785699922282
-0.115746222115478	0.0466618853064903
0.126239101106392	0.0542789650402848
1.02407216663448	0.388349697761366
1.02028601783919	0.386776796263063
-1.35018391583421	0.856342220204093
1.51773696349394	1.29731472380545
-0.567756513188924	0.364797938322773
-0.0480854179732315	0.0474993431383472
0.614286960521947	0.80437580942849
0.2957568263106	0.404708771473091
0.216667259704974	0.248302234535088
0.0961524327577347	0.0875173591569405
0.393863208949079	0.395763236958761
0.256207757067388	0.357242910602395
0.21603289269131	0.262095001355713
-0.234319767757858	0.382895053972147
0.394709456877908	0.638869832818951
-0.264767431554698	0.465045856361857
0.176822476770358	0.216034834833708
0.0619609263737744	0.0538731268721657
0.633690908294018	0.893276430240903
0.768379972376497	1.22730153667454
0.553835831099922	0.892859148079817
-0.223836659009594	0.291859150726222
-0.0893376832246333	0.116269842490109
-0.660793838971345	1.29690737507793
-0.380206736703711	0.632709967780343
-0.315894145627975	0.465128103719338
0.0670977202220897	0.0608223966794201
-0.625129213719668	0.906576114217761
0.170383834942717	0.15023367319259
0.864964653598868	0.99354877481787
0.409611856899424	0.404323874068779
0.809688433790867	1.25975791207251
0.0298162339456401	0.031623452101253
-0.082729967010632	0.101837117103689
0.128668462915317	0.169324427221462
0.141139335679655	0.197928699928192
0.519752597712673	0.524130568981439
0.446316046823976	0.405473060425514
-0.617373602855903	0.511232341363617
0.426509628253346	0.171575902443478
0.768576472103438	0.822042123182071
0.232142202071736	0.265147980124276
0.419425897993788	0.318562431073393
1.22029344772404	1.02375143570491
-0.809504211025334	0.446125750750635
-0.127106956860848	0.0764597986509808
0.376095084698205	0.169013174675967
-0.54298951890346	0.208686132634316
3.25219401652934	1.09882975306147
-0.166643179688577	0.0606842388424716
1.95135265955319	0.45428366780025
-0.120051743877925	0.0482363512097597
0.509513819382944	0.183136146303308
0.275948432706964	0.197636218491732
-0.168535700512318	0.0614396736428628
-1.04359703690809	0.420463940972424
-0.115406714289766	0.0465279298350222
0.50688951495116	0.182261063083595
0.334492569904513	0.167052648996824
0.652800991167172	0.207004492672909
2.88199356986416	1.94695832287589
0.81312141758948	1.50130745849105
0.268392393471237	0.216853080646662
-0.569318136663946	0.523531290319613
0.0778944009538209	0.0565737033051662
1.62124516097399	3.02381362585053
0.813259830359308	0.950804379089511
-0.968802161946401	0.600415318814821
0.301878376308301	0.295352026549684
-0.557781840392748	0.474351848622149
0.315497311298715	0.173895622539201
-0.568518507775559	0.365979438888063
-0.242894765745569	0.0796348330145537
0.125552145919766	0.0479427958915315
-0.415634602521529	0.17611682369115
-0.117662313502902	0.0473730863080942
-0.793507528998074	0.351437351531063
0.369386961871294	0.165738601158534
0.344917906211702	0.172881198750586
-0.117877731994865	0.0474656693086417
-0.42508286799778	0.244774726639616
0.065698531366967	0.0634685174007313
0.165274156140046	0.117587707912173
0.434516026367187	0.56014428205495
0.157848784867496	0.169609159704116
0.212456396010253	0.23056819137464
0.766556839508693	0.993850572949096
0.428061496085486	0.661690960789779
0.355726216992445	0.386274633489496
0.606574535501184	0.655879621959562
0.162245544930801	0.119653157764576
1.21633439976812	1.18807412281616
0.630477520400462	0.831771523175065
0.310260872863092	0.305922280104126
0.113381237748762	0.141131698340708
0.1980250579095	0.282135506270249
0.360227934606395	0.588875495722574
0.222545437759254	0.217082520213445
0.505116859377256	0.521758771449543
-0.12641421069283	0.0919295316680242
0.167671561861622	0.136546830578044
-0.288717433650601	0.346976778848336
-0.0411292980734773	0.0403642272955778
0.117534556337718	0.154814472445495
0.378576366728398	0.527407869754709
-0.258559819610484	0.36618450011408
0.112456367235891	0.101739586368216
0.462314572170525	0.509381539676171
0.400016665859105	0.404327822366221
0.0263609129299465	0.0151966231884216
0.0168496226593094	0.00977192624362893
0.073465293786244	0.0494969711296381
-0.208852554176323	0.142633324635976
0.493332882765224	0.719232746547391
0.363209602376741	0.566041323268447
-0.127661281834452	0.175637176613577
0.230426607489723	0.339508387683028
0.349864169978562	0.304502037482345
0.765283945694606	0.454637883125644
-0.292522489859769	0.18736082143881
0.299126734029055	0.193273938720756
1.22283908208415	1.34550867848786
0.822671619507514	1.36707192921781
1.32906036081857	1.40494399673093
0.455010661266118	0.430229494619467
1.02753361077715	1.08511362438935
-0.612734148870519	0.739440833524037
0.097554220377263	0.11186712690697
0.352392203135461	0.390990451827741
0.933010060795782	0.628636743093999
0.931493603239347	0.626178102770126
0.139333258450746	0.0470277427412695
-0.327221920674157	0.152122620223386
1.01881061691072	0.386619941894425
1.04557188016202	0.50751321134606
0.131403007248952	0.0502411654303301
0.515231212929482	0.185298370736687
-0.174002678241949	0.0630927739160552
0.150004967546857	0.037720852406733
1.46046952839686	1.4607608890133
1.59674514857488	1.11242629920527
-0.627284383604873	0.305293930755849
0.131596687374881	0.0392828969566221
-1.83277758245026	0.754444070298794
0.14103192177006	0.0419706320314239
0.137544770231396	0.0523698783608667
0.14103192177006	0.0419706320314239
0.566480451419325	0.61905985794871
0.0182842544648584	0.010604611788146
0.25948871779546	0.215696100599953
0.389271641306004	0.479057683257592
-0.0060845276756307	0.00426570543868673
-0.31159956885191	0.23176995067446
0.074089933500908	0.051936640890599
-0.165627546166019	0.0953834649955937
-0.127063540239845	0.0511115997929757
0.27719539364973	0.198589502979811
-0.508014720052232	0.270071788281819
0.131271041698143	0.03920116252469
-0.167527449292993	0.0610228882448846
0.138983315146558	0.0414025350222139
0.127222675433409	0.0431873188523152
0.426509628253346	0.171575902443478
0.129379052429454	0.0619611830049989
0.12499120955633	0.0656116467357191
-0.208585615783043	0.113708800471962
0.112577634759412	0.101816553986236
0.0876888140594477	0.0679452475258286
0.107508825166135	0.0885989692831206
-0.0143233873519951	0.0143926968231045
-0.756992398593451	1.3101343283301
-0.136716894284783	0.134324620194499
0.210340671963891	0.231876993133174
0.0966473138157026	0.0792489201633112
0.0741021707784551	0.0710579969080565
0.458657590361218	0.644900865807191
0.449939767385796	0.491360781838368
0.739148441592146	0.814460958633363
0.623871044382801	0.657205880643144
0.63594257889927	0.821926364894546
0.0864457255300829	0.0669486279322664
0.396205397169819	0.626132063720847
1.37575025662905	2.85896569676294
0.322285055853538	0.312193038351908
0.0284533083934414	0.0257634862401208
0.0419820819167338	0.0467115239239425
0.363484790268823	0.530652940820972
0.115591971016971	0.132141046466617
-0.0983404691785244	0.0924685027708053
-0.184370545750622	0.128827596869926
-0.274487762381155	0.276950008271968
0.561372961456483	0.680028557391037
0.175346089401416	0.194365485040902
0.0861726118198073	0.0921095545248257
0.496796058012044	0.807907577528917
0.411140322175202	0.53992645112274
0.565054127636573	1.05697477901477
0.237322102857175	0.253943665067416
0.633219954133828	0.81594467786988
0.566042208029003	0.618282194912012
-0.898914868171536	0.920366919384876
0.50074896504227	0.430796368047379
-0.218544784659526	0.191553644069121
0.498104945857308	0.511728673324639
-0.306491293827467	0.345141753675322
0.942279627907013	1.84438695037924
-0.439391335008903	0.632301347043495
0.565838130259474	1.02962318484904
0.988217759609506	1.17375613506537
0.762763581716964	0.598330586308054
0.142233248286261	0.0749775229289095
0.316296949065931	0.174848732322315
0.156112904553606	0.100977072177745
0.171087776884847	0.15804571280579
0.592715651799992	0.447318868067272
0.158589788820643	0.107858175499345
0.309922613663978	0.17073180445554
0.0668921448898011	0.0449894501018328
0.88856120905275	0.765117727206042
0.388827459730353	0.319624433233202
0.557937030894326	0.756056966556236
0.378411813114348	0.470162124030597
1.04623591938558	1.70172835845246
0.387292355977076	0.630985073198202
0.488225355359473	0.307978054241694
-0.644903022621455	0.587062031196717
-0.172809901996153	0.0629242283980546
-0.0205467232657782	0.0105992695562528
-0.171715828002281	0.062535222119982
-0.979799333773772	0.610188567526422
-0.115480842244231	0.0465373051421577
0.51408721869374	0.185096174251148
-0.788092149452314	0.348156649758313
1.01450480132645	0.384141080456392
0.129518429603928	0.049416130913416
0.514109655933582	0.293552771899832
-0.237477952696761	0.0778886575961749
0.649897891813891	0.206374526154303
0.650802186307997	0.206632813066924
0.136647163468063	0.0462674600791703
1.02259212061632	0.388312776500153
0.337727189507284	0.168802351707471
1.23015515976844	0.846407709494512
-0.129388927332729	0.0778893460392726
0.392461263819063	0.474502402200921
-0.106800804392182	0.0791095942640187
-0.822602246581283	0.553291962291517
-0.607371843740345	0.699027841637764
0.480896571426451	0.302573886639475
-1.29191114365573	0.589347285103776
1.04477301317624	0.506956885971242
-0.33434410647939	0.155866546092207
-1.80368476738292	0.398254084963023
0.144569280114635	0.042929282273931
-0.362710949837822	0.10577213020672
-0.363074920327927	0.105749762822137
-0.787013983945816	0.348297448415918
1.02028601783919	0.386776796263063
-0.418836909369002	0.177528026956452
0.146737983479964	0.0369987654124611
0.525083611534692	0.302161439128028
0.111368753894201	0.102578703350326
0.0155781926841822	0.00905259477261177
-0.0578513571999126	0.037957910947537
0.0234778251590453	0.0250491381697065
0.101852333762712	0.101224706970408
-0.0821670036858954	0.0804596242028753
0.212195555481839	0.259538845757
0.768343279146627	0.721838268716056
0.495194952208706	0.793177229236988
0.310300238329873	0.29767644867499
0.493282250938329	0.422725411148164
-0.907403810683552	0.853725127363566
0.706945433003318	0.582369653800048
0.363706815030587	0.307340645321276
1.21646750199865	1.46353076226147
0.455867439428164	0.308758158326572
1.08517443568451	0.820708436746008
0.164026317737962	0.121012451018573
1.49181296178604	1.97218841846008
0.13060556588141	0.170969486625422
0.0839062418500591	0.100320386178003
-0.05752136745574	0.0593771275685964
0.0244631508324225	0.0185563014410971
-0.11517573260145	0.0966968819691179
-1.01963364797447	1.23947295191545
-0.361818808316306	0.552535767788573
-0.167260084992893	0.212079813715274
0.259667161973792	0.43460623460515
-0.0375847361570659	0.0299030635885034
0.272132919672001	0.212312467818409
0.0420875716605113	0.0256839883446879
0.773147741199208	0.729385720985392
-0.0502949621140747	0.0454138669230364
0.613703187506634	0.874805600240972
0.837294108167972	2.06916132796193
0.784333935908257	1.37996448998082
-0.234229505539708	0.32116842737178
0.184364321263258	0.186272276776288
0.374646273011586	0.306234593275136
-0.0700478694258167	0.0447991566683796
-0.297394274449346	0.190758023302189
-0.123268639679827	0.0496614187106757
-1.11675787721635	1.09634682160894
0.812020933733189	0.845424226187653
0.102303238695042	0.0899306485994658
0.623634820155807	1.20521895251313
0.112155341209048	0.140010936451584
0.238849905161127	0.287414218574657
0.446705563396553	0.301783679625724
-2.01293638515204	1.4185059555973
-0.113518067496478	0.0456999683938652
-0.67232632574182	0.404169806350819
0.371562012619632	0.166997408838697
0.376822686302085	0.405884259392532
-0.216318642295139	0.118088187176581
0.148782087708463	0.0909305125564468
0.516714904121659	0.18565931107904
0.933579277174227	0.630060354373161
0.673718391373836	0.315696987017925
-1.50325714123151	0.772634118505595
-0.0684346056063755	0.0532599972226293
0.466997822665404	0.659173835111628
-0.0498720201928389	0.0326597478743849
0.173836938989257	0.167677614912562
0.145391258807696	0.16420237009693
0.588742771682171	0.628090405395183
0.140173902757806	0.079988212378527
0.660359896031745	0.307183740820248
1.04794260318453	0.509335640030191
0.432379010945771	0.173700912322605
-0.0514305548208297	0.0247511118428318
1.55347727946598	0.773183811517379
0.65414904119533	0.208020876626531
2.54786101163614	1.42033620813082
1.95062146582611	0.454190159391569
0.653790201953018	0.20742302218683
-0.535921830813524	0.20531687711624
0.52589424032571	0.302813570212805
-0.173066900958544	0.062952678461674
-0.363619197342818	0.105894774191241
0.800994500180805	0.337272485795403
0.513590209315232	0.18438558203944
1.31069635629646	0.575154297721853
0.150274849131294	0.109820746617822
0.27370430050821	0.204562747856501
0.262936445804382	0.211843119615247
0.930879776362498	0.914828113907999
0.509386043855969	0.439813236851317
-0.0870055372202187	0.0385076917078775
0.670460913680602	0.313777246022022
0.883645166984712	0.475488777627596
-0.17226279513517	0.0627452428304373
-0.644006342900786	0.156718049862583
-0.647461655721112	0.157598110120326
0.135657006966392	0.0517493578514948
-0.630264637780198	0.306854983141789
0.144241227938778	0.0428872731898325
-0.131035140018832	0.0786290418402383
-1.29826368209722	0.593438485703413
2.10051794173385	0.942924711508684
-0.0846351485350611	0.0374911557959136
0.14314513878265	0.0481683870473341
1.25483077342271	0.692626429783641
0.833741911267511	1.14010772802954
0.174888676520105	0.134198561727161
-0.0498805803413678	0.0326730272594126
0.307986776171029	0.318003355456505
0.131481155240847	0.138540756429386
0.680158935494293	0.851118187786938
0.539111556546133	0.529754908170428
0.439663494188571	0.502022835525207
0.413785376475239	0.408680550982643
0.736859571340854	0.890789430524386
0.244144365485269	0.225824304455009
0.325919379009036	0.316366331799758
0.667878513565932	0.579965705045948
0.0473509403864076	0.0304451773871673
0.865418563840368	0.876232882053729
0.448278493346997	0.489490667162344
0.33584933566324	0.30993073414918
0.310880129366064	0.171296868312414
1.19468099230064	2.17691719584232
-0.212991068215624	0.235510280348265
-0.721422458917425	1.3106649716237
0.00906930572262512	0.00868486787537444
-0.0202758607933264	0.0167160068843141
0.51024760483967	0.528915642273602
0.173170459680643	0.170259357107683
0.0460995084037488	0.0380752625674388
0.187365028441201	0.200177784475568
-0.228811060204524	0.277159750805009
-0.0119930028343483	0.0110560262648074
0.525590400444515	0.741916569883521
0.254721751761566	0.230970016426496
0.0714916551524032	0.0533293067204848
1.29172155410836	2.52792957910217
-0.107944346505597	0.108268717440638
0.177934057932016	0.185295953258838
0.406437158210104	0.612763461852612
0.413998355773863	0.618966787195321
-0.0802887224872189	0.083720721016298
-0.332698991091852	0.355116450107895
-0.093667502669542	0.0705875867824269
0.578894657107503	0.638323860855784
-0.0252879286524562	0.0172690064447874
0.2608245876649	0.217195216325905
-0.073937887876233	0.0473569188426019
0.483729061813591	0.431874983311483
0.719340020377836	1.03232483463795
0.558572590258384	0.771326561660689
0.00724649732454587	0.00696269768250458
0.403268705604915	0.491232619153208
0.159493130255416	0.112975210140943
-0.137430134177932	0.0827689259960034
1.07747907927022	0.811908590326422
0.138710364560111	0.0791900793479856
0.339826507971333	0.170075550682373
-0.244480035677213	0.212246008396642
0.481018686013472	0.301405129888427
0.0343359405485381	0.0209937258153405
-0.62546181692	0.303728034164568
0.136068458377573	0.0651858141604036
0.634221531435227	0.448028134607302
-0.404858474462395	0.325441499439409
0.421466074242136	0.40568351881649
-0.173002690378388	0.180160842750787
0.600326625305124	0.725412052068247
0.3303823674675	0.375868443825469
0.17339607888612	0.19748868256938
1.22759693013115	0.846475145188653
1.067666537093	0.653303113065229
0.663601771884021	0.309215512116845
0.769973933216113	0.459259347568662
0.135805977315208	0.045997318265274
0.140458165206262	0.0418615852654621
-0.363305030281797	0.105822190302149
1.43381145245587	0.891421421266468
1.31353227787851	0.576480757103141
0.14311796249796	0.0361933240878638
-0.738391052425425	0.256391693854344
1.94621674798553	1.21857506477159
0.651896042016441	0.207030647505349
0.513791165711859	0.185017905562863
0.802847723592207	0.338179963633335
-0.53973627715052	0.207373309478453
1.4406577565604	0.479253975897627
2.71629079980507	2.94163857448371
0.773911422190913	0.608592444454149
-0.737482026667645	0.256039848593742
-0.193129756682353	0.154528426189837
-0.290769100235238	0.186073116272895
1.31032217925647	0.575449353150941
0.131592549884353	0.0446096178723685
0.150481785037224	0.0377820806483386
-0.643889763897163	0.156661592959279
-0.644770889342653	0.156875139887313
0.129471724631548	0.0439089865174185
-0.08379947197434	0.0371644470058304
-0.534681401761577	0.204992678078054
0.1413598194657	0.0421025960431846
0.14311796249796	0.0361933240878638
-2.58478470503525	0.675813541092272
0.136156966750329	0.025975077128062
0.138515396205365	0.0351017639698387
-0.741848012858367	0.258096023054699
0.879109335937713	0.472093996764405
0.135249930542085	0.0403117237041322
-0.196793109535762	0.187898763330343
0.420079703738835	0.300567744462167
0.590523639529456	0.445543069437749
0.849112778646579	0.96704224113359
0.307857310994048	0.40228057360269
0.37541508658123	0.319578559853339
0.41258435678562	0.312722327398807
0.139884098064408	0.0416988824150201
0.336941103092997	0.168320673222094
0.507328004644309	0.600089772252345
0.545312483341987	0.429402773503734
0.928660019786011	0.624380948316695
1.55938679196028	0.776395777340408
1.88848941494755	1.62111943001097
0.42705792213615	0.171587416236939
0.140176586815333	0.0473370975808659
-0.0898390164692808	0.0556239436995875
-0.0180003775336748	0.0214985510633426
-0.0285084120022016	0.0352507984863751
-0.581758731670467	1.19522912672999
0.132314287414956	0.164832616629815
0.336014443915731	0.167781364490103
-0.172767576070044	0.0997680416112932
1.43003270812342	1.6231208655653
-0.0426278509676255	0.0465900681002286
-0.386868320955317	0.579021533820224
0.165206087434494	0.226254372962828
0.0221519344521713	0.0127586358640967
0.934386155720539	0.629978954438725
0.880778265284383	0.473618441757393
0.290466857965786	0.199111500733002
0.248829549263171	0.19816595631897
-0.0584574610013944	0.0382993710947077
0.493184187319683	0.80166001531857
-0.350815251886206	0.370996031878616
0.11221538986494	0.145671636406683
-0.0998743891228002	0.084584116053223
-0.0238057239927134	0.0122155729033545
-0.162460702333171	0.0936309083645252
-0.681080608861042	0.409868511232307
-1.35058811839982	0.857426271224634
1.94007270007186	1.21146695546508
0.421766683738154	0.169549998799388
-0.0111627262120926	0.00774846060402939
0.0116024402054036	0.011138550986629
-0.225780383756286	0.328228846133175
-0.172996965063641	0.225973244862865
-0.626781417742501	0.304966990645863
-0.237964363432232	0.0779752644503507
0.140184451576725	0.0265585662587612
0.506598335865915	0.182050842131562
1.31468004021919	0.577244755259019
0.889036776390907	1.10093320276267
-0.514433477555663	0.273807799168182
-0.815818131620311	0.450159389415913
0.504293805962934	0.181091765107361
-0.239404477826605	0.0784394742303508
-1.28966970485695	0.588161935203646
0.592759913813547	0.308765946031014
-0.270104747643631	0.204637812987928
-0.254425821311923	0.289553690066499
-0.820104057903624	0.55068031955956
0.30557041384741	0.183924288432693
0.173597246909366	0.20872574159087
0.0951869881092197	0.0779868671717394
0.369982365412819	0.165938093028186
-2.58453548475525	0.676764203908389
-0.241961538743644	0.0791051075646371
1.43693291937878	0.478412112216202
4.37509767788677	2.28550634802119
0.139373629020068	0.0264474830594518
0.147685616873541	0.0372140815523598
0.935126029437946	0.245318397037238
1.43602101245823	0.478148523404795
0.139373629020068	0.0264474830594518
-1.15392338036234	0.354212278509058
0.524287428057032	0.301844309721881
0.653242855413462	0.207522075223881
2.74617618045436	0.774720201883077
1.43973986105876	0.479489791047764
-0.36125776400353	0.10521302829144
3.2530948013434	1.10108931722157
0.655055294702571	0.20808355560833
0.942097467470465	1.15014506495278
0.666474413503521	0.310788094713713
1.01733621069892	0.384794828984133
-0.78918254545158	0.348950710156185
0.146774179931898	0.0369732700828277
0.145145665393506	0.0430929431178775
-1.53645538754434	0.554877978644979
-1.15755644738434	0.355289941594665
0.925865972564793	0.621008867449667
0.124414046641939	0.0421948283698795
0.139373629020068	0.0264474830594518
0.65469668159777	0.207920986734369
0.653790201953018	0.20742302218683
0.935515179855096	0.245440180005837
1.55558357995564	0.774858404813003
0.134672383551299	0.0401871605730982
4.16533428985269	2.00705039999307
0.0170086880926	0.0129199135052343
1.93741168054473	1.21146420139108
0.130187649341207	0.0441073748021701
0.549301148263136	0.542220209858838
0.129503847038972	0.0556015256100624
-0.328290720757545	0.153037061163128
0.429281233011579	0.172600500387818
0.25992622580806	0.37174850915027
0.816752341621703	2.31839864257922
0.201370873211613	0.273779957303209
0.417065282294889	0.580185705131908
1.74146638834828	1.34755345808019
-0.424515811354497	0.243698900283125
0.768162249016594	0.457472168467014
-0.0658703229291924	0.0677013272411256
0.0694735021811913	0.0692053211920931
0.189846368597558	0.27121623134005
0.28626614130368	0.195796455800316
1.31789761977354	0.578952002833974
0.65414904119533	0.208020876626531
0.367520125992465	0.16470162537914
0.0835186409810484	0.0676336182695951
1.20158621504895	1.67609201312186
0.778599413974079	1.59462968175621
0.157381095514591	0.11547436298029
0.169849218820741	0.205533853789636
0.155847130857485	0.110277102309285
0.145429742663103	0.0366530573157977
1.55414544114458	0.772807603108612
1.01913264922984	0.38618919405726
3.62755366930347	1.43264967739041
0.80062257086113	0.336458128515234
0.426763417978963	0.171717622830452
-0.0197646187759796	0.0135262086081023
0.31785043402268	0.529488069603378
0.0600545328588881	0.0737200918163506
0.308367426499876	0.490468572248281
1.44017683745973	0.479001218015642
-1.04276979621639	0.418727010408207
0.510875541395758	0.183928738190787
0.649540136788795	0.206300566749324
-1.52899469498403	0.551909382987037
-0.815700090548173	0.546080287940496
3.25399732634696	1.10138712863889
-0.356187588698288	0.218022662260378
1.05641898436849	0.643594491249836
0.805769324127157	0.339679478238357
0.146774179931898	0.0369732700828277
0.513791165711859	0.185017905562863
0.483409250823885	0.303918384421321
0.0356948149375719	0.0279526205333181
2.11515719336378	2.15387077293835
0.986491682041528	1.17391726371988
0.234482846722432	0.220754642255096
0.52340095366661	0.433351400934776
0.380562728656889	0.311530406313947
2.10051794173385	0.942924711508684
2.10051794173385	0.942924711508684
0.132620364305083	0.0449502398034842
0.936401569876498	0.245675339056074
1.0186324361341	0.385926866869133
0.936401569876498	0.245675339056074
-0.359365673988087	0.104727737543846
1.95062146582611	0.454190159391569
-0.643889763897163	0.156661592959279
3.25676960114744	1.10310692759313
0.936401569876498	0.245675339056074
0.511447846039878	0.183898335950935
1.43693291937878	0.478412112216202
1.43602101245823	0.478148523404795
1.95062146582611	0.454190159391569
0.936011360767503	0.245553152580958
1.9537169353899	0.454657075827859
-1.807243397525	0.398882182291443
1.95062146582611	0.454190159391569
3.25955780844985	1.10146325935908
1.95062146582611	0.454190159391569
0.139373629020068	0.0264474830594518
-0.0245180734424828	0.0125834361673329
-0.364212438746839	0.106078206157018
0.510875541395758	0.183928738190787
0.932829613639135	0.244963311679429
-2.58428653566473	0.675727611967995
0.143337222216575	0.0426016228100372
0.150481785037224	0.0377820806483386
2.0938720506377	0.93633407764444
-1.53645538754434	0.554877978644979
0.669472463310192	0.312312770004252
0.251654458616398	0.221495562908439
0.42943252525579	0.172879165160614
0.166554875693507	0.14649419354935
0.128343911234542	0.061422669414122
1.3804550580107	1.06332792046666
0.325417970331714	0.397546575542979
0.590064470461574	0.445632182745991
1.25536026137475	0.69181356761285
1.80218392775286	0.706553037006594
0.259455993750767	0.222759414642965
0.650991162239829	0.206772040177897
0.127786664589047	0.0433722500849783
-0.0720369535469034	0.0319496928258303
0.166819741530192	0.219317737025769
-0.219771162041959	0.366989705324782
0.0312185019855141	0.0373926284338665
0.0379627130361918	0.0406524419500548
-0.330868247851591	0.154319001711918
-0.124064151874363	0.0499563084162275
0.807174604124676	0.339947339299481
-0.123451918905825	0.132158209769646
-0.0556593812082352	0.0603555905115187
0.179728227693294	0.239493943555491
0.0093969099063586	0.00494159565355474
0.137315356908544	0.0657497491531512
-0.16698064175195	0.0608045830755468
0.516714904121659	0.18565931107904
-0.311318030588811	0.231459681226891
-0.397838557724702	0.412053834506578
-0.233646318756112	0.307898584078596
-0.573688599625133	0.617745601805829
-0.376393954334486	0.612237594563316
0.770558405262917	0.726324322824287
1.43306139967158	0.887425945143281
-0.268444229881229	0.136444586750133
-1.83818577064438	0.758655290136435
-0.242323132990394	0.0794545395999312
0.341084239858133	0.170770850451968
-0.421503614822152	0.178445740141716
0.156322953479196	0.110587900143149
-0.254326841101869	0.305981835832291
-0.397167516073451	0.820760072443781
0.129889391123504	0.155861633418783
-2.01069642765636	1.42192631413653
-0.17892444341039	0.0649063291043227
1.43882340562666	0.478615560848155
-1.04729435938822	0.422179438065331
1.43882340562666	0.478615560848155
-0.264797170976212	0.226268394761526
-0.35845544263212	0.104471490348146
0.136975222622787	0.0655858288961661
-1.8342610889082	0.756597291586424
0.648390697278338	0.205622460530046
0.931565691852841	0.244293555241305
-0.534393347384375	0.205023861194337
0.361971170489139	0.305784186367384
0.229800628703499	0.235293637660753
2.3414304812252	1.17832238721082
0.86738461764334	1.4128613175083
0.516169155719824	0.424738173727187
-0.17048124136	0.179536197556416
0.0338953129028504	0.0207734888644616
-3.08991345953591	0.960747174631736
1.01540222010121	0.384610211569901
-0.644006342900786	0.156718049862583
0.13912027261828	0.0264101516649031
-3.46538037258837	1.25291021678476
0.139373629020068	0.0264474830594518
-3.46584456958788	1.25353297605489
2.09961472965319	0.942156643014485
0.144569280114635	0.042929282273931
-1.80368476738292	0.398254084963023
3.62466075691912	1.43256044684919
-0.238048417060954	0.0780891030505443
-1.15707876120986	0.354760041850164
1.95135265955319	0.45428366780025
1.95062146582611	0.454190159391569
1.9537169353899	0.454657075827859
-2.58453548475525	0.676764203908389
-0.0730401481062962	0.0323512437063406
0.133184693597689	0.045081783840785
-0.644388443682788	0.157000626677781
-1.80379071234984	0.398266610487963
3.62849380145916	1.43519617024906
0.936011360767503	0.245553152580958
0.151399210332705	0.0379807126979956
-0.64834559013069	0.157812973783057
0.650444653728205	0.206870989076807
0.385193597301201	0.316155089645213
0.883878135870586	0.473586207191076
0.806333800206404	0.339453483429282
0.511491124250911	0.741792015556967
1.59520491422439	2.48470497473186
0.0998920937788799	0.0944500940966427
1.42072213530858	2.47274948036068
0.414238310009972	0.395759969136601
0.526602847444374	0.303173063305891
0.763456537917784	1.16836262028615
-0.366509193284238	0.437204829329736
0.451220875272064	0.305573386049504
0.674245853668489	0.315896632523772
0.421516010647194	0.169186449309691
0.650444653728205	0.206870989076807
0.648993667183473	0.205806233366664
0.931950133432299	0.244413497437813
1.08146654994019	0.816574200762526
0.142171051073889	0.160112863320649
-0.428347428940816	0.744821239502215
-0.0545265731709127	0.0578255137437441
0.134438400575457	0.137731331438199
1.76088266689704	0.989015530338265
-0.80975183070554	0.447464688239979
-0.0446594575376513	0.0215121564854798
0.298727426802238	0.333114950699062
0.0673493500774881	0.0621840450061295
0.419309326636501	0.564979219651137
0.889435757611172	0.766828177512601
0.65469668159777	0.207920986734369
1.01970949094797	0.387091911393297
0.65469668159777	0.207920986734369
-0.127516907075266	0.0764923813833498
-0.00319898856410294	0.00229622861681251
0.73786622432837	1.20583978947432
0.55130413405862	0.435902762360513
0.827456717315866	1.61863397819071
0.280139568455252	0.190759065962555
-0.427948777596741	0.180984885677579
0.800429657445199	0.336611255077566
-1.00069761368402	0.503871862860633
0.516098724393322	0.185406782776247
-0.741848012858367	0.258096023054699
0.931950133432299	0.244413497437813
0.294298235720278	0.201883322171735
0.102691584982859	0.0956754596352445
-0.472590759656032	0.733607865661977
0.589188640765775	0.964107689317882
0.579588298657047	0.30039156985733
0.140458165206262	0.0418615852654621
1.02439581816121	0.388554234754345
0.649540136788795	0.206300566749324
1.80892476946184	0.710964612544011
0.303836478869034	0.182823771442824
0.136443796470351	0.0519967726500959
0.513791165711859	0.185017905562863
0.148123932113398	0.037298775193441
1.9537169353899	0.454657075827859
1.80556115744	0.709204238553249
-0.35845544263212	0.104471490348146
0.525083611534692	0.302161439128028
0.485370639066411	0.510702619792999
1.43146070068228	0.47602253118107
0.528367574520531	0.677060679891804
0.0591751227296671	0.0397497165013135
0.78063087473125	1.10131046199302
1.32427380617866	1.3959855196073
2.09581547295033	0.939333405111585
3.25586177376341	1.1013084673078
2.74617618045436	0.774720201883077
0.933710809861868	0.244826616527384
-0.643123124462485	0.156504140249688
0.656959166697518	0.208411137309888
1.9537169353899	0.454657075827859
0.935515179855096	0.245440180005837
1.95135265955319	0.45428366780025
0.646143141275968	0.205158328067658
0.14311796249796	0.0361933240878638
1.43693291937878	0.478412112216202
0.142206421270329	0.0359541333965371
-0.741276499011426	0.25781621104378
0.140184451576725	0.0265585662587612
-1.15847376642875	0.355686548405735
-0.643123124462485	0.156504140249688
0.146301463254213	0.0369121679082859
-1.80379071234984	0.398266610487963
3.62755366930347	1.43264967739041
-0.0927510866537951	0.0575512516503994
1.03503341530907	0.49946489455338
-0.126558730999753	0.0508587813074084
0.0581044771710193	0.0511560640297966
-0.602323936538509	0.601014311923271
0.322227977889027	0.370572697446991
-0.879047731259231	1.02478944047578
-0.0230483766726907	0.0117396566141967
0.321932370072733	0.293313160199971
1.04106867438447	0.503955622708007
0.577896123097105	0.432610352900506
0.169460021204117	0.174849533828282
0.0406121296374895	0.041183906242999
0.990453740014761	1.73076219841674
1.22317039410137	0.839940976390302
-1.17782318871434	1.04238377136992
0.806886142301205	0.340161855421042
1.2510477708057	0.690276905484279
1.43602101245823	0.478148523404795
1.31205222453913	0.576575770191727
0.651896042016441	0.207030647505349
0.375309286528683	0.168145021655962
0.00951075874964684	0.00963204279231711
-0.113123902461306	0.138586187692778
-0.235148499387493	0.296681092521155
-0.1307207981729	0.136757309900246
0.342491531144225	0.171570981982343
-1.34776444927957	0.85447733162647
-0.246315011704383	0.080633175235185
0.243791803871221	0.271227716271147
0.400700946284078	0.531310925763212
-0.0428112779535669	0.041161041000793
-0.354997848576256	0.257166079354438
0.512350271865968	0.184252494024572
-1.30724702654521	0.595961233036638
-0.362530893266771	0.105463937638037
0.672785461103812	0.584953451243018
0.591455818636518	0.547997508358634
0.168550330743131	0.174059160777465
-0.908559188390794	0.854316578114802
-0.693725888107735	1.19659295381149
-0.40673299939572	0.285574879524085
-0.551976760937971	0.211617485920026
-0.537589304181351	0.206094574742513
-0.789622472173722	0.349483656755185
-0.644770889342653	0.156875139887313
-2.09002422236249	0.96852720746282
1.80610961993801	0.709606900893752
-0.563270322657586	0.362374074628472
0.40620332356581	0.551723919509935
0.434814880917923	0.706926923012309
0.235750421413211	0.256128957642643
0.877195544444157	0.470564932212988
-0.362710949837822	0.10577213020672
-0.644388443682788	0.157000626677781
3.62849380145916	1.43519617024906
0.805356636757215	0.338552769608185
-0.235759619070709	0.181627746360745
1.55642181666941	0.775769693892146
0.340611056318224	0.170606212003357
1.9403546767328	1.21220041489638
-1.80368476738292	0.398254084963023
1.43511052997664	0.477089390053173
0.125266553220913	0.0478855000109743
-0.981139482905362	0.61029537176324
0.386886102128442	0.398323851824081
0.473296898167506	0.575847488839978
0.354744563572025	0.449078503103425
0.741820275452702	0.818350574867933
0.536275755196954	0.613252223511139
0.55695506771313	0.688277704090213
-0.264893792583042	0.249216711229904
0.571114947695289	0.643968570372951
-0.187467663761377	0.182031309638269
1.21699883674334	1.0208400080725
2.74617618045436	0.774720201883077
-3.09370472754254	0.961571400894305
1.43602101245823	0.478148523404795
0.809574821393993	0.341052482546636
-1.83391433948043	0.756511402066625
2.74534949223189	0.773319630917041
0.650086353252472	0.206202657488722
1.43511052997664	0.477089390053173
0.139373629020068	0.0264474830594518
-1.80379071234984	0.398266610487963
0.140184451576725	0.0265585662587612
0.147211981908801	0.0371529932006973
0.931565691852841	0.244293555241305
0.146774179931898	0.0369732700828277
1.95135265955319	0.45428366780025
2.74700474235958	0.773735225227364
1.95135265955319	0.45428366780025
-0.747630638147624	0.259859955972283
-1.29445922726731	0.591331147636597
0.14311796249796	0.0361933240878638
-0.644770889342653	0.156875139887313
-0.357683317284399	0.218612575121549
0.805182027509365	0.336990923617777
-0.266497359831929	0.134968169635434
-0.248976196388868	0.193074312765755
-0.931099560833947	0.793713435711191
1.06490010859099	1.34293272527398
-0.587030027517331	0.54558767799444
0.142185918422229	0.0422239014432829
3.9240314702215	1.72721837440263
-0.528000048801543	0.571228518298482
1.66072127760494	2.70483778727805
0.451751476499831	0.411271269477377
-1.74532708888853	1.48564966705623
-0.363305030281797	0.105822190302149
-1.53219054338251	0.553674997524989
2.0967159187814	0.940286941886901
1.9537169353899	0.454657075827859
1.80801736892668	0.709604687458265
1.01450480132645	0.384141080456392
2.74877977095104	0.77489585677119
0.14103192177006	0.0419706320314239
0.139373629020068	0.0264474830594518
-1.04333787761146	0.419567920605661
0.992052827422807	1.73600802923998
-0.163396155415132	0.131931888786536
-0.143749595425201	0.117573700698967
0.475938167648943	0.498640481059884
0.512314858404992	0.184147765390866
0.325018070492517	0.297492348782268
0.837941991998027	1.14838520819744
-0.430511626381916	0.475326044301645
-0.974372775631767	0.60628690596641
-0.648735146604395	0.157899750679971
2.0967159187814	0.940286941886901
0.650802186307997	0.206632813066924
0.928150039928483	0.622980927952328
0.294719950103901	0.176128825612309
0.156967109666712	0.122851775597409
0.151534754060682	0.0927948013920574
0.647890820655624	0.977040278690397
0.475913032816443	0.422978706257798
-0.625984455329668	0.30451398202405
-1.03979555880417	0.418029576607972
0.150921468814773	0.0379194736694598
-1.15847376642875	0.355686548405735
0.931950133432299	0.244413497437813
-1.04390615555555	0.420016956092299
-0.163105144813379	0.0938952325139926
0.00250285208036433	0.00178466547573221
-0.301270081259686	0.303356186240339
0.549316001961094	0.542046614599514
0.144816855539053	0.0429958878810455
-0.751027518459726	0.261129168281002
2.74617618045436	0.774720201883077
0.936011360767503	0.245553152580958
0.647045217228672	0.20541570040493
-0.17020486208774	0.0618312748089812
2.34113999779321	1.17846776749802
0.371562012619632	0.166997408838697
0.142727172563101	0.0269105320645235
-1.80379071234984	0.398266610487963
1.8098322354038	0.711329755606344
-3.08991345953591	0.960747174631736
0.509139648815982	0.183001422100664
0.519750604908612	0.29723255151532
0.452909678243632	0.428596261823942
0.161672210393119	0.110168416611325
1.0937473118443	0.976792280778864
0.315393034943282	0.173911509970003
-0.131391566161697	0.0791473739406891
-0.214866718329436	0.146976728300833
0.369102886589994	0.165589244155417
-1.807243397525	0.398882182291443
3.25399732634696	1.10138712863889
-0.644006342900786	0.156718049862583
0.146774179931898	0.0369732700828277
-2.58428653566473	0.675727611967995
0.932444120238111	0.244842742206832
1.95062146582611	0.454190159391569
1.95135265955319	0.45428366780025
0.139373629020068	0.0264474830594518
-0.366464707125696	0.106727724314083
0.932444120238111	0.244842742206832
1.95062146582611	0.454190159391569
1.95135265955319	0.45428366780025
0.932444120238111	0.244842742206832
-1.15394884803957	0.353566779644249
3.62466075691912	1.43256044684919
0.65469668159777	0.207920986734369
0.14103192177006	0.0419706320314239
0.173547322973167	0.173943979916519
0.144099061357285	0.0760086180089651
0.891062033486147	0.771418255005181
0.0182477738165218	0.0178568806945081
-0.410476939663851	0.458486847602532
0.56052400976082	0.962797369976022
-0.19536574997396	0.224033478114518
-0.81254779826364	0.780838789048979
0.406657479712453	0.412599074691866
0.361031979187955	0.315705680414495
2.00222508034666	1.88221855009131
-0.464691298321842	0.366797077602347
0.331998879272352	0.552651903487445
0.10624422879154	0.126183123310841
0.332661231944785	0.475165747845769
-0.623264196633593	0.518796337297259
-0.0855785303794775	0.0379012028368277
-0.358104927055554	0.218922314310668
1.60270159457216	1.11828930111398
2.54405181873108	1.41563589394824
-0.17226279513517	0.0627452428304373
-0.669926886653881	0.401137573033332
0.00860540975627597	0.00449369108164062
-0.0659140322804978	0.0777436805047113
0.065845977950076	0.0858192801901264
-0.401355303836083	0.724031135783836
0.163376952439579	0.209580955683508
1.08268128683155	0.817556508766256
0.334689239421073	0.503769631277705
0.422664162220323	0.765696915366562
0.535554851401858	0.543981985003313
-0.420168556573091	0.177832388607199
-0.710894071671822	0.634153707730782
1.37021252598654	1.05340760036227
-0.428826820877781	0.473193846106049
0.436748346772903	0.48542924623861
-0.658347955954841	1.0954766705672
0.830249377258145	1.13477560162314
-0.141755704370447	0.180283847168325
0.0904307797714329	0.0701248440992055
0.523125258913614	0.300747875819562
0.37262170263716	0.167157964409165
0.769279920054774	0.45702792510715
0.371606476441863	0.16672745564024
-1.86752901517597	1.19039080364317
1.43855046399891	0.895062462437981
0.630373567514411	0.666879967752656
0.294813316837864	0.385772449994962
0.226061534000657	0.321271249961697
0.557020762192127	1.04942351037109
-0.626262289418769	0.30408029518159
0.513791165711859	0.185017905562863
0.132888220671258	0.0450543248212034
-0.544950665032821	0.209183918510228
1.25932812295724	0.695796600619346
0.96291383273897	1.04786036469691
-0.787466869404932	0.348223508763215
0.375026250762712	0.168444419353064
-0.629760757383075	0.306527018012954
0.506598335865915	0.182050842131562
-0.644388443682788	0.157000626677781
-2.65135544923114	1.64926091899801
0.268881797563276	0.209372707416166
0.603559043990858	0.8038122837261
0.929080124853228	0.625620439663351
0.774238753720374	0.922676458379222
0.263390166717004	0.322477910702734
0.505999746205023	0.652275301443643
0.213483420245813	0.22757324620009
-0.0798142526924591	0.081199917002353
0.419177450732032	0.656738591376323
0.243207003436699	0.32579900248516
0.498900423265638	0.652999590932917
-0.488887023877051	0.625655503235084
-0.355391917124297	0.25753188074049
1.4406577565604	0.479253975897627
0.136149693891106	0.0406054953419776
3.62943539911313	1.43554672159634
-0.742753785982603	0.258086652205378
-0.366464707125696	0.106727724314083
0.516714904121659	0.18565931107904
-1.0437990322046	0.419389325806142
0.142727172563101	0.0269105320645235
0.657867026628534	0.208713496770991
3.62466075691912	1.43256044684919
-0.115480842244231	0.0465373051421577
0.932829613639135	0.244963311679429
0.932829613639135	0.244963311679429
0.927601018172465	0.243257788968905
0.148598486564552	0.0373599031239063
3.2530948013434	1.10108931722157
-0.539276806409919	0.207127681793212
-1.15345350292765	0.353548980162923
1.9374752930303	1.21003056738308
0.426509628253346	0.171575902443478
0.628885528531277	0.80867076080767
0.126553365684675	0.0544127338379484
0.468778617961865	0.414442201599728
0.268900552703417	0.330806577061798
-0.252933591147582	0.256511623072096
0.182594849223138	0.209876228258349
0.167286479199397	0.181292063425975
0.122501515524795	0.0526153176067675
-0.113510461004695	0.112618413286312
-0.111903359958933	0.0830911398581244
0.669093449850521	0.580895765361068
-0.250970115456774	0.166903468182741
0.099659680707766	0.11182255344053
-0.182708499161308	0.246909127018414
-0.119860437731516	0.127903318737533
-0.119269346332379	0.0863256483650437
-0.569390592689001	0.367218368520605
0.144293478190614	0.0823788436963291
0.936352717175404	0.632056238505232
1.50455079394046	1.27711918077923
0.427641662602157	0.171722585313014
0.123087634667095	0.0588347146431992
1.3244240246972	1.39627551423875
0.0421896154104732	0.0479346674027726
0.399236551935992	0.622949909954461
0.0854269874529244	0.0987624133061841
-0.00378609529541342	0.00399371826426898
0.770257541899527	0.606697651213091
0.536503033588696	0.612641366245157
0.588380026013922	0.444421037268368
-2.49131257186728	1.41100596028916
-0.349134495643894	0.212732005673433
0.637667816502083	0.955764874306214
-0.153063867631045	0.139928417569972
-0.085872117787631	0.0879482001566022
-0.534216494289739	0.649359342723666
0.0801834429411766	0.0954532097886134
0.548972927271858	0.755879560575222
-0.519788863152693	0.277117875134294
-0.160738777409609	0.0924608237976326
0.933858289774667	0.917870442567844
-0.516491382687855	0.274660763036948
-2.08522203444905	0.965065541609483
0.581172565734394	0.302435725175897
0.915599302425028	1.02806663173505
0.00711661268035032	0.00638266723401523
-0.0669560136338627	0.0777123625341691
-0.175879915137834	0.193739759892763
0.672932319558158	0.315270459352306
-0.671503920206736	0.40370347871096
0.879550525052603	0.472452129300027
-0.361622063644185	0.105340752849314
-0.329803919740083	0.15352662064583
-0.317520303944685	0.26265218599051
-1.18307379902449	0.668782044270569
1.05611561255868	0.643619634618428
0.508940667886974	0.183098517310394
1.05220838758712	0.511294880010563
0.695746251438888	0.454968980314489
-0.213450520995095	0.116510386917313
0.683478215292104	0.682687212631289
0.281998310509275	0.305200107399643
0.48332942550093	0.304206385843172
0.458414326096984	0.420313884106183
-0.593105741154485	0.928192723258714
-0.336274265821694	0.306755787425572
1.08010015476756	2.17819564926511
0.797525768483366	1.10311768465821
0.162022151145278	0.184687958562415
0.0288130153153469	0.0225163100034519
0.0325855867636555	0.0261386399644615
0.0292054750341254	0.029219662881077
0.116903129178283	0.114084884515863
0.462296240890339	0.582496438506062
0.175156802936093	0.181801953182021
-0.294377962227754	0.188352247245162
0.361282992963018	0.161259950071589
2.09761678300046	0.940719512481992
-0.0760072504735029	0.033651301090915
0.140458165206262	0.0418615852654621
1.80610961993801	0.709606900893752
-0.742182711888573	0.257807372285815
0.142469531863295	0.0268725113483955
0.151399210332705	0.0379807126979956
-1.16718846579584	0.356851555859617
-1.80379071234984	0.398266610487963
0.508648817829669	0.18261000234337
0.932444120238111	0.244842742206832
0.932829613639135	0.244963311679429
1.8046556556941	0.70860181691833
1.43511052997664	0.477089390053173
2.74617618045436	0.774720201883077
1.95135265955319	0.45428366780025
1.43146070068228	0.47602253118107
0.147685616873541	0.0372140815523598
-0.538151618981623	0.206588191897496
0.231658146945884	0.217590478717599
-1.50770651710592	0.77579719922961
1.94621674798553	1.21857506477159
0.369814328835777	0.550584912519073
-0.177736209644591	0.158852932743169
-0.0543233040984682	0.0565228145010075
0.230313895009149	0.240543664499555
1.55528960401594	0.774834518798244
-0.0813774925673111	0.0693959505218248
-0.490904105619046	0.333631856468578
-0.516428912774355	0.275343199730869
0.150736274827939	0.0922492661618864
0.257134712889216	0.362882880466964
0.502269977808714	0.825566815021021
0.143085623665701	0.156865107742238
0.0236116577640642	0.0135896312092298
1.2545041269188	0.691039692171147
0.33868067619272	0.169671215736971
0.527621085024039	0.30335736266075
2.0947784487372	0.938173333818132
1.43864734539735	0.896810421374381
-0.0876772745294584	0.114008603812099
0.232374753826136	0.346509071946577
0.55662428718529	1.12373381786465
0.26018487245554	0.336815768846333
2.01014041584104	2.9230508696167
0.809574821393993	0.341052482546636
-0.123304293445297	0.0496585218826265
-1.18470369059946	0.669481129970968
0.512769641230946	0.592138727063746
-0.516139379604174	0.527471693938805
0.263653750160234	0.336508749274098
-0.809293735595863	0.836324678544685
-0.0552140256816175	0.0549491510579699
-0.485168479733241	0.416550211231237
0.874218477705803	0.468334747019468
1.07145006060288	0.654425885585691
-2.09281896488141	0.966813809104745
0.126535075051622	0.0428324222765126
-0.416158815280474	0.176424715546526
0.797468141763966	0.335094894845618
0.331463237720844	0.304922550190223
-0.6209241193383	1.09809131007234
-0.133424638307892	0.191365171803123
-0.241614735475096	0.329876484857693
-0.333691830091661	0.155561116107088
2.09961472965319	0.942156643014485
-0.644388443682788	0.157000626677781
1.02028601783919	0.386776796263063
0.500010731829777	0.179062223234985
0.0615222028159005	0.0413732306009733
-0.236907687744681	0.0776141769879425
-1.7550357244696	1.49651636593699
-0.747055356811924	0.259655588067032
-0.792553264813643	0.351420601868644
1.04714491608127	0.508623915304983
0.141706129525731	0.042013169534679
0.628088767774161	0.566790861178702
0.407368618034482	0.497400980000497
0.316383174746181	0.174505572715383
0.255220316673224	0.211757934821646
0.365020048619838	0.474307456615313
0.630509095767152	0.66620315880998
-0.449112741779994	0.521564901663177
0.0751630682268345	0.05455327071834
0.277955562285982	0.441734976684441
0.188255931645012	0.232387394389681
0.725413075888205	1.11359072522088
0.490866173229486	0.518696909335078
0.5394583511069	0.857863059992726
0.557662071447376	0.443625537977043
-1.53273207896643	0.55406409993797
0.653790201953018	0.20742302218683
0.648993667183473	0.205806233366664
0.652654881222183	0.206696241994432
0.139930142590356	0.0265210820862786
0.140184451576725	0.0265585662587612
-1.80368476738292	0.398254084963023
-0.643889763897163	0.156661592959279
0.141726775817505	0.0358473898154438
0.146301463254213	0.0369121679082859
1.02291503169053	0.387759077614948
2.74534949223189	0.773319630917041
0.933710809861868	0.244826616527384
-1.53219054338251	0.553674997524989
0.511170021003071	0.183944282461123
0.140458165206262	0.0418615852654621
0.139373629020068	0.0264474830594518
0.143337222216575	0.0426016228100372
-0.213923671410864	0.116973254700961
-0.162988659613012	0.0594305969388654
-0.171459560951733	0.0624735259319497
-0.54298951890346	0.208686132634316
-1.0430285489592	0.420216988954647
0.135892687142016	0.0405226661566277
-0.365558029148795	0.298481177009159
0.26923109390509	0.209111947817345
0.446398002923651	0.405332501625835
0.263286671571706	0.341447123583417
1.07555358436073	2.01073509487943
-0.155089933319742	0.154189228354021
-0.256736190675615	0.310117207498447
-0.502113290999012	0.508311463991168
0.537781689496749	0.676675325810312
-0.122637591517495	0.101180974061497
-0.549522286970834	0.465899619387689
0.0548920176829673	0.0352598671318659
0.419493691128381	0.630279516536923
0.0908675051918174	0.068481795281582
-0.0588722750182441	0.0385579846938954
0.160796482115005	0.109128786492047
0.391684459868084	0.308148014656864
0.519607839274064	0.429612608740097
0.483812550935694	0.304355174727422
0.0685842174165932	0.0479900953993296
0.175854072816192	0.225673612335343
0.427384788408749	0.804210322722152
0.42943252525579	0.172879165160614
0.0689137986001472	0.0482357618192054
-0.0939592996294251	0.0707944538806146
0.499123736511024	0.514392463412795
-0.328292919194797	0.328219163535482
0.104104940785902	0.11620010897077
0.406183574937599	0.542164824191714
0.11290557848881	0.131432283002901
-0.813343250163531	1.16661111643128
0.480552820312974	0.301356035046884
0.626219367287761	0.563752598784082
0.900075777583532	0.780344268098189
0.71333016210318	0.593567700494632
-0.173230418360005	0.0999795300825696
-0.903578763811468	0.849375303321084
0.342405861197486	0.306638017244533
0.229575984721735	0.286124528631134
0.19361722935481	0.266957927010215
-0.437636789749326	0.656418562904596
-0.162671524121592	0.0935059973099624
0.522993256420394	0.300342281240617
-0.324550046423997	0.150926811049504
-0.787013983945816	0.348297448415918
0.274390810017483	0.196536757288375
-0.050159388125245	0.032804062038433
-0.256495548387	0.129932248741133
-0.947298437341152	0.703381616680874
1.07597452845738	0.809912028222417
0.425961192082242	0.171382412553361
0.801189046347036	0.336764982262919
0.371562012619632	0.166997408838697
0.638288670843786	0.742676537185219
-0.0793752814165224	0.0688668683192987
-0.70885160533571	0.57503496800899
0.438411416147699	0.487442142607678
-0.214169529511311	0.240041186228847
-0.32886011092934	0.35015493231986
-0.0816241934281444	0.0869698559666
0.0215935280627269	0.0187589513291467
0.226239639896891	0.280829897365111
-0.0924199176731276	0.111225185237821
0.445755077644152	0.699800234561082
-0.0997839974004213	0.110433810548328
0.229424882808848	0.243618379118446
0.13689552853939	0.142725104710331
0.0622404669587526	0.0625789831515206
0.0654465697712369	0.0556815193647085
0.514749579925641	0.720277026140066
-1.12010442797343	1.09985266885338
0.420418606770294	0.168895551588938
-1.04390615555555	0.420016956092299
0.138983315146558	0.0414025350222139
0.509435415274993	0.183330389793874
1.75749014161533	0.98540509845969
1.31291742676874	0.576696640316621
1.04714491608127	0.508623915304983
0.50202048301266	0.180006090084533
1.43602101245823	0.478148523404795
0.140184451576725	0.0265585662587612
0.665703957845918	0.310599041466911
0.937618020528456	0.633237826439244
0.509711928103931	0.182972477684844
0.879109335937713	0.472093996764405
0.428630934573171	0.172329760022819
0.652695254572546	0.207024892635355
-3.46630912179766	1.25319506698382
1.0743145958812	0.656165497583102
0.425511754110216	0.305316750232576
0.14835187328372	0.0848300857046985
-1.14972585591097	0.352042822396007
-1.15300618747366	0.353816991053109
-0.643506271279338	0.156786530055825
0.135344827059028	0.0258639507496658
0.0952793285661161	0.0759869363028413
0.0625657041866408	0.0421160300213856
-0.127355277971263	0.0927130443423588
-0.436429654269514	0.613389252750699
0.516774841984107	0.672367157887834
-0.108058443208234	0.100739917741801
-0.19453881803105	0.186072577037984
0.026196549148937	0.0192759886276896
-0.196212584702068	0.205089395263178
-0.36670462817856	0.38234557203596
-0.554884138920686	0.472222096608798
0.0911416102499353	0.0707201977780136
0.12110023277718	0.122671547997581
0.231749003217737	0.222835939788468
0.282121974719215	0.202972725979095
0.371395975467623	0.315677900315962
-0.146219749851774	0.104118795494969
1.20832550950338	1.57590879819861
0.877811694689677	0.471012161870703
0.2917997190674	0.200160479507711
0.387083142582816	0.304178283165541
0.149949185295295	0.0914547681400242
0.164483292181687	0.137392811425048
0.0958530103202674	0.111404392574886
0.172054665841601	0.178371047797827
1.34952742522624	1.24285061398348
0.890855919008793	1.27790528021522
0.148585866998194	0.0958581883095159
0.373626376169998	0.317491622569977
-0.0261587838813426	0.0178651115632664
0.334842513811842	0.382458024109417
-0.118293057706785	0.118124341830905
-0.16088837990274	0.188408424271801
0.116719224511533	0.107972921656005
-0.405470010769924	0.527894574119521
-0.0448597266659482	0.0358131332166086
0.651869529019429	0.669346449798133
0.272320623597895	0.220153149624445
0.289984387615035	0.198425522251122
1.00937075032014	0.952002189156873
0.630443252363084	0.569545052563323
-1.64717341967577	2.32138783887147
0.338166112828649	0.302480124446945
0.0110699200393161	0.0108206090117695
-0.594835073498283	0.999129424682078
-0.120443135917338	0.128611347381945
0.596026497924525	0.555221499022383
-0.0873938091861494	0.0387009198959374
1.99679252677699	1.86761651280874
1.43432010058299	0.893143282214638
0.279393662651561	0.190417889388524
-0.317666007706988	0.262588611650448
-0.250648282850407	0.166441460167152
-0.648854402391363	0.592770814761692
0.314618665353831	0.173876596048657
1.76143357424468	0.987698652920751
-0.815085990245285	0.450205040172316
-0.265736025372121	0.200751907250672
-0.363161759276777	0.326166869938561
-0.242647250220209	0.210564818313981
0.964663559028286	1.05270495043487
0.232102580744794	0.238074647126129
-0.542654243111068	0.663303739867952
0.238476992426934	0.23541646398873
-0.367565604029379	0.416502208277984
0.463690822577587	0.64279909671192
0.00979326499308301	0.00941640855865303
0.0206144045290576	0.0207914095325217
0.122872921270064	0.126618837436721
0.223932841941029	0.232663414152851
0.186601889364265	0.192201153431336
-0.178215191273496	0.175107202675947
-0.0442364832495655	0.0392263105917579
-0.318198076169047	0.237341347066975
0.334546021044325	0.167251619809368
0.839027456170114	0.616720617336749
0.377457833359352	0.169712274475596
-1.04158325318629	0.418585395243696
0.127786664589047	0.0433722500849783
-1.15067412918645	0.352834915266282
0.935515179855096	0.245440180005837
0.416767136029826	0.166963950578058
1.31324002887349	0.576609113923133
0.139947662100296	0.041632372501591
0.420839113677415	0.168996516764758
0.332972645992842	0.166339734751262
1.81018987136438	0.710369632471059
0.800885599752655	0.336516454156011
0.132055846316588	0.0447762654002208
-0.739537230825823	0.256790305287863
0.146301463254213	0.0369121679082859
0.28701485983211	0.206507512258413
0.141075126493884	0.0805463351870129
-0.0513335278614842	0.0246569383652387
0.136934224057857	0.0463018278790837
0.136647163468063	0.0462674600791703
-0.673148314076184	0.404127529077265
0.100547221365682	0.0880241427968569
-0.163335301593548	0.0941504450244576
0.453097577611853	0.41401509815832
-0.106850740985158	0.126841059836082
-0.46161983316002	0.507306443531616
0.0566888316177215	0.0640342993758276
-0.400583828468963	0.494896537344313
-0.0172221910523823	0.0118102873553356
0.0399734766174426	0.0342555422353724
0.331891318369257	0.30516041456328
1.09720185866913	0.981530177971579
1.06951973076404	1.44113507028068
0.0783462029672743	0.0864031990451629
0.0999632859795862	0.1107405671833
1.09626916743755	1.58940351085272
0.37303641684818	0.304223134721661
-0.568694436343754	0.365874590612047
0.938066399120121	0.633582875322882
0.52175310745072	0.432511154330132
0.667266011719185	0.579331542479939
1.45571502994853	1.45674173005846
0.280147911656446	0.210380306413122
-0.277823756460745	0.391051529348057
-0.0502171182623903	0.0596596400719893
0.0819612922942345	0.0884032108267952
0.18420404241337	0.245599543545258
0.514809440278907	0.517104415667968
0.829477813416153	1.13246924776235
0.365196046757343	0.387594012313005
0.400762651956421	0.317350562838017
0.920923259689335	1.03606568080546
0.535409918831004	0.799093273576288
0.499577517875121	0.703584931907838
0.313425599977599	0.474508063575556
0.273079622312611	0.320350038393869
0.202007006489884	0.286863650880684
0.274374388606086	0.300933551858466
-0.0803078486955595	0.051476854938923
-0.117184497122425	0.0847765926996037
0.163579575205029	0.111505486001761
0.371606476441863	0.16672745564024
0.271192833525521	0.202654273817649
0.123003504610651	0.0587802644431533
1.10802562992089	2.05354637778445
-0.0659458260571172	0.0730435537300083
0.144809861948518	0.186784780485798
0.463655263786302	0.787915770750981
-0.647490785686472	0.591309309354237
1.55191461761552	0.772830828457177
1.51856438388474	1.29769256604856
-0.166720587533231	0.0607503375240969
1.32978479207523	1.40582143888046
-0.0453000979312977	0.035545428588244
-1.74661424715197	1.48786638780032
0.393471606246076	0.310819587878789
0.809574821393993	0.341052482546636
-0.788272066928701	0.34905422630462
-0.172519762711266	0.0627427399008346
0.126517413282581	0.0542784291940882
-0.135051450456835	0.121757609310132
0.533419608025943	0.742231073761286
-0.622132103126339	0.517709878991026
0.751228244761293	1.07192688214941
-0.0379168381471146	0.0408410935035686
0.318043348379052	0.36317966624521
0.183507905795623	0.198693724220991
0.155115028228799	0.197301190226762
0.118842857138202	0.114316359243133
0.23097686211918	0.28359937711172
-0.162303251027145	0.160071798785217
0.527794632108819	0.902441124846461
0.380820139015523	0.311013968610828
0.307104181981768	0.184931688603339
0.804935270649123	0.338847883265319
-0.0859929980420126	0.0380909456295751
-0.537877518920207	0.206535210663043
-0.366106353055766	0.106564775009011
0.651896042016441	0.207030647505349
0.65469668159777	0.207920986734369
-1.04215155805216	0.41903356624497
-1.15392338036234	0.354212278509058
0.424935578467476	0.170987715399205
-3.76799522552508	1.51241274258477
0.483304434145333	0.304530075622095
2.74617618045436	0.774720201883077
2.10435250286334	0.943273587622899
0.484145541828921	0.30516110038687
-0.249172316764781	0.165437311541506
0.312160850306665	0.172074787324587
0.519183355744899	0.297110497532405
-0.0112369604964972	0.00586896309101436
-0.48705790177705	0.33062602610242
0.480007824925946	0.406507315549591
-0.118964218175896	0.047911892474698
0.833270620955651	0.609970916648292
-0.412957346086127	0.290315451403616
0.67346002449245	0.315470259796261
-0.946875829010271	0.704131126132554
-0.326902933737032	0.151787009947412
-1.11445430607988	0.769726422269136
0.167540134895638	0.119253939478103
-0.0576228433127611	0.0445540519150527
-0.317870124097265	0.315747299434614
-0.258352028430582	0.242747791144192
0.503819631222617	0.60959194022167
-0.0787203368451723	0.0603054271058984
-0.236680246731894	0.224220445443854
0.162000865340081	0.127548312822751
-0.12512184196556	0.12361958007378
0.0637360224498828	0.0586734266401559
-0.0275891551012617	0.0251086841884612
0.234279556035467	0.259154938939122
0.213034144435759	0.243266010506889
0.167946416312094	0.182184068628575
0.450080183149297	0.55034369443522
0.404222438641048	0.472386243340081
0.281597558111095	0.298277260427251
0.33438259767602	0.317393815639528
0.341958172737378	0.316262946605095
-0.45393956268159	0.528256715308638
0.287484965078937	0.298823954926088
1.26851635456274	2.09070737435828
0.43151502692837	0.417848133590382
0.0589449517667293	0.0530968942463291
0.283869915021581	0.378867149515295
0.358710103597037	0.39085140816507
0.524946813374219	0.774756632714531
-0.0273742983712503	0.024364351520418
-0.518640785835556	0.69891819503422
0.165184824526618	0.145254379038313
-0.9085012592402	1.46352549807909
-0.17861119010158	0.197640451727647
-0.637235465345611	0.991488298231256
-0.165322294247155	0.173762170104882
0.695304992621458	0.777934056091916
0.603568274528098	0.65139419507686
0.162388688805738	0.127661500560425
0.542521029587273	0.5342995577305
-0.341573235212754	0.336641498847667
0.667199779860355	0.763053099917041
-0.219979799692835	0.173018812352519
-0.588415084904251	0.670677836142315
0.175191302179743	0.138940081654062
-0.581272997571938	0.53895146483533
0.159758636922738	0.117575484583567
0.159776544417124	0.108545721056698
0.486520492845845	0.306728508369005
0.332725270208996	0.314911985998281
-0.475122647409049	0.582567584441065
0.0454801508193827	0.037534951748265
0.417919746949272	0.48220735947169
-0.172441960448366	0.208138154262031
0.497172743532466	0.652043011477162
-0.475863079338583	0.616141495730873
0.477381581388757	0.699457633363018
0.323695751614698	0.30523742026988
0.036515531852016	0.0293168301585889
0.406615687130866	0.400434532690574
-0.045175432117536	0.02958866271592
0.690821774280637	0.693001217050767
0.171425595692807	0.12210497832261
0.00475706851298153	0.00252229596488427
-0.153054269317361	0.109370976341821
0.393183291602652	0.310452070688215
-0.238048417060954	0.0780891030505443
1.31381382996212	0.576020696597725
0.660870338708907	0.307677250044138
0.120853079986566	0.0518132311403125
0.127492959158853	0.0546002304756779
1.31554563205142	0.577850509647929
1.45701001287243	1.45844185353965
0.68792173022994	0.448306819717164
1.08006928635491	0.815765590126917
0.146655243893275	0.0837510572636256
-1.69292090676293	0.972715968176357
0.903051148452691	1.00752985559979
-0.478635065094043	0.32369908899489
0.163360228306715	0.10606146491757
0.572658287664524	0.550039371913764
1.51060386122827	1.28990563669357
0.142111611188773	0.0812465718862454
0.429980032800171	0.172888778729521
0.127666695648323	0.0488134294645902
0.135185751667125	0.0712924517504353
0.937136570186458	0.920632934006696
-0.327150972780185	0.296296010090184
0.461549476393088	0.423534865356206
0.490452242190128	0.438644315519458
0.756443189340456	1.05092208266275
0.168320776300431	0.171120671245042
-0.525966919857096	0.568162624902164
0.302952726883193	0.304291749467961
0.481008106859181	0.429076466089552
-0.171050853773076	0.138671176989946
0.228312360741127	0.228442731879297
0.332055629117018	0.40093305861341
0.0631424343134626	0.0600050036662984
0.180150659982901	0.188077183032652
0.362252305150024	0.404519234975652
0.232663806250416	0.248040991840372
0.51852609601242	0.601090678492432
0.492560553504657	0.642816463187229
0.0979655577269194	0.0858795574257065
0.27163967727299	0.308202263437624
0.304179145135062	0.290435366153578
0.993438897462243	1.18430066900298
0.169474348674955	0.166296002074597
0.393851028557977	0.555134080941189
0.31730517740365	0.313850570434636
0.0438977646780889	0.0440748208835042
-0.594693550294151	0.888508059578938
0.222537103353949	0.275562971268513
0.0408600715799341	0.0379504508047053
-0.150739968289591	0.13477359068961
-0.272814661653346	0.309856061388123
-0.302973648037671	0.339944866437728
0.435072190550517	0.549747055190095
-0.432714363993626	0.413451557030765
0.164227899984147	0.106691613253463
0.538202887791147	0.615706147829136
0.906158224677605	1.20269644829868
0.0911495963145941	0.0707416294832339
1.05487932352525	1.22733333516142
-0.0562797479049555	0.036870698426766
0.632954162091681	0.448041864561159
0.522539147223661	0.43317181214071
-0.408267628578395	0.328711276348891
-1.22870426484495	1.46144617921847
0.776301321185633	0.733607314954054
-0.723037280480724	0.648867959059333
0.276116404092875	0.198013872209296
0.0458974427247668	0.0435553990811611
0.677136014724552	0.995624640988961
0.175028794567126	0.143117785083954
-0.198586487173127	0.220421515882484
0.768590312248534	1.36439696786978
0.336252070777579	0.407207263008018
0.094951447690165	0.0997983343541075
0.317965361349782	0.412606759939221
0.546968631617433	0.60961570919471
-0.112543208975858	0.083447979977733
-0.128263056879094	0.105872063532691
0.232985128633069	0.202014600620492
0.77017535688934	0.91566446522083
0.652138530184398	0.670544741063485
0.304976022127	0.183216303803791
-0.7184943796794	0.644155748430151
-0.524527133298421	0.402454350066853
0.127796667597495	0.061016840931796
-0.948016472884898	0.70442183242374
0.510875541395758	0.183928738190787
2.10476185913215	1.46448841996599
-0.298367776466473	0.191352259602545
-0.329732141053397	0.153276899040855
-1.18468253728705	0.671335078239347
0.721011535536228	0.698299205450673
0.877251546132768	0.470203510037352
1.9403546767328	1.21220041489638
1.80218392775286	0.706553037006594
1.02154758643863	0.38651810839574
0.805070042197189	0.338557112187809
-0.334751086755625	0.155939922480283
1.59299813864547	1.10633787367475
1.046183010469	0.50725584732565
-0.809268580489396	0.446833435822016
-0.315496044145671	0.312150631464733
1.08307142853954	0.817900032432567
1.43597684438283	0.892719605342506
0.132888220671258	0.0450543248212034
1.55501737702822	0.775774035017368
1.03966010583349	0.503047835256445
-1.04272005949682	0.419280018630572
-0.362710949837822	0.10577213020672
0.764500985065272	0.453848266495726
0.893143195599601	0.774404603503963
0.702569560480191	1.02536266463671
0.465040796257856	0.427751879504148
0.501504424044006	0.517570578582566
0.539247625596875	0.871033201892148
-0.0181568545181801	0.0149455226364264
0.134381852980561	0.144085213039898
-0.118595741796634	0.118492743100563
0.30620022922081	0.31601673385269
0.15675215073667	0.193051145384919
0.991642817320256	1.79852594102751
0.462331338187355	0.424494442420525
0.326143336619938	0.324391810396359
-0.119910345971904	0.0868894000800742
-0.324163297605172	0.370332033642595
0.466361883141334	0.49905356973433
0.374646273011586	0.306234593275136
0.158377797978419	0.0970172405202542
0.17798854999937	0.178998117194373
0.315640741879565	0.408628520584023
0.728380851890929	1.75320495547971
-0.305924470512951	0.397557509116846
-0.103730791052162	0.134673775267251
0.93405371023068	1.66481199141996
0.727928392401684	0.949790426595622
0.780247753146471	0.93100670497458
-0.71684181410431	0.640632042656403
0.658001090601727	0.678891991409796
0.460808487694534	0.422934161227591
0.735435583055805	0.806276221327896
0.61454137818992	0.944315084676661
-0.215711086884394	0.267809875928751
0.215593360120017	0.298622391019978
0.768065338030416	1.52656533691487
0.285713728040776	0.195346111364838
-0.414448879451464	0.291480214172299
-1.87260243124695	1.1950224515091
0.405391721433225	0.306116256773647
0.279768630764339	0.200679112006247
0.267501594516076	0.215730693583385
-0.17064668295159	0.0984519660026756
0.680913241719257	0.783878367087485
1.50894517631999	1.28736755008458
1.3763271791086	1.05926877858327
0.355222778033488	0.310358316149331
0.275194583513338	0.214812714221284
0.0984188108942729	0.082704391005694
0.69614013715464	1.24192908508587
-0.58790463013755	0.637389285006336
-0.277564325335253	0.348869755620703
0.360714300018965	0.554074616944216
0.0306593978925783	0.0297695508699974
-0.0352127253627372	0.0344497755000043
-0.146300596652215	0.16369056602239
0.218052043859556	0.238185528444976
0.236522537105538	0.2530282271015
0.12835913817762	0.126562944106076
0.183552317601168	0.178351034559023
0.815858789371758	1.138120060925
0.302105554307221	0.181477145478105
-1.18338044715413	0.669966188981274
1.05086472132527	0.51029188793242
0.135538095266814	0.0458551699678765
0.649540136788795	0.206300566749324
0.378258891333145	0.169790397700139
-0.248565890807159	0.0810945452552151
-1.15019981108223	0.352703694647943
1.31497186902393	0.578443560062359
-0.0768003375370736	0.0491106864062668
-0.120006383191874	0.0484050147154472
0.646143141275968	0.205158328067658
-0.117040473860693	0.0471715774952561
0.147685616873541	0.0372140815523598
3.62849380145916	1.43519617024906
0.318052278187828	0.175705979127066
0.140184451576725	0.0265585662587612
1.63711848553097	1.53136234315761
-0.159258857961297	0.0579860696129807
0.730059279747225	0.710191168345749
1.21235674929699	1.45939264096415
-0.167188873627767	0.0609436443586466
-0.293489772720128	0.188016417185402
0.807450425661511	0.340469425958749
1.04349636547056	0.505780061795033
-0.236036093012264	0.0773277810609913
1.80556115744	0.709204238553249
-0.550373940248271	0.466813476176057
-0.511417147047862	0.271769410653297
-0.869707722255074	1.01105889693881
0.265958008517353	0.198148817515077
0.0918006996921408	0.066877562452585
0.963960699377975	1.26546576616151
0.244037114728098	0.236665621552313
-0.198850449068497	0.176238425713804
-0.501268154063691	0.549727713405046
1.20175751781108	1.99352765896012
0.171578817463803	0.177959961063841
-0.0388784919463261	0.0314332383597624
0.53103120934242	0.538352756661461
0.893031597462099	1.28046412932279
0.830962480819342	0.87367895604858
0.7772451393337	0.735282292318581
0.504678720285488	0.435641450067161
1.28949118958658	1.77986646194003
0.172847280154347	0.14112461631917
0.575539725534586	0.553911623721973
0.84365693009986	0.618583803122781
0.343084595935919	0.317537210303417
0.836093963321407	1.37306534917531
0.714952061805276	1.11474568322542
0.147771528708376	0.162527117918269
0.288341958048308	0.325730589786251
1.15278839056856	2.11757159261199
0.0810097914706601	0.0754509537630768
-0.156769629514883	0.143494100718088
-0.125075303195032	0.0909166336488062
-0.0392997549858235	0.0263291754593966
0.0122817648478007	0.0086568037651389
1.71607904155288	3.41888820960909
0.566435530260498	0.542820074036357
0.0578225563870642	0.0490941693633331
0.612504779865174	0.79971532974449
0.267370271016511	0.307513375505162
0.695532080673942	1.15430441068475
0.0543449556826531	0.0364607645453633
-0.245548743614596	0.162667561825759
0.579973128626267	0.300809716483461
-0.720063696913645	0.645984930565938
0.130808254732932	0.056187977847189
-0.473239862710735	0.447074021377981
0.827600374253801	0.749875497890366
1.10400265762451	0.989542093638696
0.310928563180702	0.171131364213821
-0.0972938630236725	0.0605297912588546
0.282214267556541	0.212170839765822
0.257512161376727	0.220853900909669
-0.0229058827781422	0.0186767923906262
0.888344033445782	1.42853185209964
0.185619785253772	0.191053180596098
0.166901289686169	0.14967479860208
1.14405625124691	1.82447921982699
1.51148402638911	2.61695638739608
-0.097945510764016	0.0845331734716591
1.05371620134989	1.31570706510633
0.972656088396821	0.788913910932241
0.52543680880182	0.302548653932377
0.287589588220401	0.184555766888866
0.140176586815333	0.0473370975808659
1.55430286855383	0.773539156640171
0.128629618148228	0.0436530854985291
2.73152697313695	1.67865690242221
0.514020851416308	0.294148517547115
1.75851136347314	0.984599486680148
0.881286403279908	0.474171043642113
-1.86375370217085	1.18916521029531
0.66841428029343	0.31227672090307
0.672414069874032	0.31387722819826
0.510007909511423	0.183564268952108
0.507502281349303	0.182163208828957
1.0130279017246	0.382955756204677
0.139373629020068	0.0264474830594518
0.936011360767503	0.245553152580958
1.21975631783189	1.02393078378304
0.519313648492476	0.298243904974846
0.136753683144099	0.0779359311513021
0.766696081603449	0.456823048063763
-0.6210276033259	0.515840255197199
-0.0282220380600341	0.014423711144673
0.514363083274015	0.184986043370105
1.31176150416243	0.575573951673107
-0.41386264296032	0.291800858054016
-0.742419833798786	0.258214778445979
0.425961192082242	0.171382412553361
-0.266714417473639	0.135463626962931
0.667704800367389	0.580301965312047
0.629228642261074	0.567948849781943
0.163723357744505	0.14363933810888
-1.17748385503639	1.48156831718474
0.0947293958259091	0.0793713803970929
0.292487984930318	0.31813350531303
0.39433161316467	0.396345366659701
0.165188700860173	0.141694189604062
-0.152698956225779	0.136694384750623
0.10618133456677	0.0936728543865976
-0.029807971674211	0.0303778508462329
0.368887251098533	0.464322036152467
1.02991098636973	1.86016292385541
1.03209942979876	1.42603533764397
0.501821363718349	0.517821922950256
0.379012665807343	0.471587866264958
0.760680146557051	1.13529389504291
-0.549475198049343	0.62950261853607
0.572526203521341	0.629027039771782
0.490196279779844	0.588622858072782
0.824458746925291	1.11887442577358
0.85885803029556	1.6162625684159
0.0709073537834995	0.0667599195730207
0.351153376797097	0.450636208955889
-0.16346794215229	0.171630815558235
0.869264213934802	1.64931083716034
0.00722632055879279	0.00645000420627035
-0.131049219045588	0.137474718367704
-0.18585746288993	0.162947831723202
0.170392674477437	0.160730359044155
-0.802523954050168	0.992978561961745
0.542199838958105	0.622189012460489
0.0195373234603355	0.0148172044598907
0.86178454325116	1.25580229245721
-0.204767986744943	0.211594656033195
0.652591713838691	0.82720361665409
-0.0418937157799506	0.037636488698936
-0.453223776657388	0.527234560360516
0.733898858298851	0.805874417121427
-0.211931047095676	0.14475137350339
0.400052616669882	0.316714982341677
0.280139568455252	0.190759065962555
0.287888123874221	0.207340494371176
0.255190424739708	0.22512138032635
0.461932606940004	0.424254101425654
0.162050405395949	0.110428972938985
0.313396511122421	0.172757315023759
0.76530845828703	0.601414095474471
0.0619914159825768	0.0579116720511773
0.237443205163061	0.218505617532637
0.608030802921898	0.863308753911989
0.0402871983883306	0.0374445561567152
0.107503031135496	0.0967867445579983
-0.0129838020166503	0.00900670505749959
-0.00851586037329967	0.00702511190314346
0.375308450248779	0.16867150412803
0.136386878073706	0.0584130592500724
-1.51672370337924	0.781246735871237
0.126873713953215	0.0484980742887475
0.135241571366043	0.0457978406238609
2.09961472965319	0.942156643014485
3.62943539911313	1.43554672159634
-1.00846605927864	0.507906940676498
-0.0956526515483877	0.0594145725259751
1.08229598017167	0.817442851514003
0.126205198575887	0.0603818643082294
0.80424232840057	0.338337566370001
1.01682123680428	0.384721876109016
-0.745575630010693	0.259159802580382
-0.73458295394823	0.25438535250158
0.510580201392862	0.183534349617947
1.04057927720315	0.503738838632077
1.43882340562666	0.478615560848155
1.31353227787851	0.576480757103141
1.95135265955319	0.45428366780025
1.95135265955319	0.45428366780025
0.146774179931898	0.0369732700828277
-0.644006342900786	0.156718049862583
1.80801736892668	0.709604687458265
-0.814055450078584	0.635418053445669
0.134384135477397	0.07086677688299
0.147649013295955	0.0371443901885897
0.142469531863295	0.0268725113483955
0.935515179855096	0.245440180005837
-0.362756437456456	0.105570984853003
0.141934018068002	0.0422115362011609
-0.790938963532835	0.349958502886818
3.2530948013434	1.10108931722157
0.632028426731328	0.446522426661519
-0.134650359983486	0.165702506598976
-0.166115155850936	0.0958677484952514
0.93850664624161	0.924653987645042
0.579611655823118	1.12150112988196
0.517390954397634	0.581531556495409
-0.391729944618705	0.535282821461011
0.22385571686864	0.244961411322377
0.0232697650676645	0.0134312586341144
0.316016374167135	0.408733841834146
0.665000614602026	0.687561398104618
-0.351706739499246	0.214535726946394
1.43344344868085	1.62807465963561
1.31390623522406	0.575763852388588
1.0633629189959	0.648001216653991
1.60328885958318	1.12034036401
0.803676101253231	0.338560822354516
1.21860341219946	1.59273242124888
0.00938788765976882	0.00813919275464309
0.613015675568349	1.14779544387229
0.75276648212867	1.11539148490623
0.237059127188749	0.36222760955877
-0.692006507673628	1.03475953070641
-2.64703785362141	1.64312474908238
0.670521006679873	0.313565928273777
-0.741848012858367	0.258096023054699
-1.49588973845055	1.0567077456611
-0.600055898532961	0.447466179895317
-0.438133354929416	0.252185677911264
0.459937336827595	0.421854975374712
0.0809741184182873	0.0905499781133599
-0.0987379825436642	0.126561497478187
0.28025070918084	0.477626198677374
0.126582820515257	0.0541941265116456
-1.34679751197469	0.85300178559701
-1.83818577064438	0.758655290136435
1.02317008310264	0.387996770477132
-0.507875270594465	0.269800585196273
0.428804525140962	0.498304733990486
2.09903484483183	0.941607866167158
0.629068752001954	0.564936163106967
0.142206421270329	0.0359541333965371
0.248965660916797	0.205614479191258
0.524602584293591	0.593509681230034
0.331781756022348	0.465655947227026
0.183393631035762	0.201235782268694
-0.0815105165280947	0.0931184770829457
0.467359565766596	0.563309244194106
-0.0525828041013551	0.0539265763990119
0.273282385673225	0.204741528992272
1.04422282616674	0.506574585851397
1.43925987176693	0.479237157391687
0.800994500180805	0.337272485795403
3.2530948013434	1.10108931722157
0.935126029437946	0.245318397037238
0.146737983479964	0.0369987654124611
2.10142264111892	0.943067738907912
0.636172186776913	0.449439295451667
0.130612563424312	0.0499328947737428
-0.419373905236508	0.177724611943894
0.139930142590356	0.0265210820862786
-1.53645538754434	0.554877978644979
-2.08945711423755	0.967729012291542
-0.745246297326046	0.258886832464192
1.01881061691072	0.386619941894425
1.95062146582611	0.454190159391569
2.74617618045436	0.774720201883077
-0.742182711888573	0.257807372285815
2.74877977095104	0.77489585677119
0.13912027261828	0.0264101516649031
-0.643506271279338	0.156786530055825
3.62466075691912	1.43256044684919
0.523477950188806	0.434232350789536
0.0745580606477945	0.0522436848349606
0.332025091426309	0.165734557684956
0.881794437377797	0.474364913068797
1.07763650510238	0.812980070481568
0.931734212759022	0.625767524539594
1.08146654994019	0.816574200762526
-0.511218585972841	0.272330654250048
-0.133281635310985	0.0802197820494928
0.157833642717603	0.107344039254317
0.631572250479667	0.569818443162764
0.368311756557434	0.165178121048922
0.159939840790746	0.103730959629012
-0.672395102105229	0.402783609543071
0.143019717253537	0.0872195442555176
0.308667020541555	0.185677540668702
0.834945336531989	0.612128714904014
0.0752681956535487	0.0527396151446703
0.27296391901073	0.316078443968251
0.174370023526938	0.12926246464973
0.307723560228045	0.389481966895565
0.218665002839707	0.239030451835153
-0.53068011748432	0.683248871398722
-0.564423077617988	0.681144209488259
-0.0999788477164379	0.101079259313573
0.248345000146159	0.294837013014836
0.0976470431500905	0.0856192617733158
0.234754929178377	0.250787239209724
0.0654259060917002	0.0677885077468248
-0.0895363292702506	0.0984164208799112
0.0721748692594589	0.0701514475586296
-0.831327743739578	1.67629412247326
-0.168846383226543	0.167491078057539
-0.404818080564109	0.359810855504063
-0.0639164591226554	0.0566378753364971
0.0684510113511869	0.0495054931399803
0.358004208447011	0.379831019226146
0.529850144293268	0.602902752500676
-0.00803111683155809	0.00667271613172551
-0.0776729539001382	0.0739710405635414
0.235887918376357	0.222337468017814
0.218040180173394	0.261588575142392
0.00341242726050485	0.00276459708552647
0.333290752530301	0.30704723001199
0.0255027961119783	0.01466340149248
-0.79937885656242	0.82299231413508
0.318887768013145	0.176218662928312
0.042571719199283	0.0260013074652884
-0.653886456172581	0.786059161733193
0.16656971147897	0.118524404788967
0.486809521128016	0.97133713553082
-0.219689567429391	0.285430078451678
-0.0421663649279077	0.0410196482433036
0.311860594588693	0.389996857828075
0.101872038200605	0.0913721474235695
-0.0153276008263297	0.0140379265195232
-0.22215941088054	0.121366692030042
0.813941154748216	0.341859346832418
0.135233102927473	0.0647208671830805
0.661926149270296	0.308255415749718
1.43602101245823	0.478148523404795
3.25676960114744	1.10310692759313
0.524629236110906	0.43512304613751
1.04342291796372	0.505798804146043
-0.123268639679827	0.0496614187106757
-0.237176848830075	0.0778020280962772
2.34056471803493	1.17779626883001
-0.410018726098829	0.173284845006694
-1.2931604748656	0.591359256359774
0.884245502838912	0.475637672854852
0.128065802893217	0.0434680575192894
0.510375697542916	0.291026220111839
0.514382494097747	0.184718068254562
0.127666695648323	0.0488134294645902
1.43882340562666	0.478615560848155
0.585730929358622	0.304858619306994
0.342179805360015	0.17147170131989
1.31554563205142	0.577850509647929
0.42808311482521	0.172136637320523
0.620900785357662	0.889672073918809
0.663228745339288	0.573328907993864
0.672862708270601	0.314790699989907
0.310322737100773	0.170792720930891
1.31468004021919	0.577244755259019
1.43511052997664	0.477089390053173
0.932829613639135	0.244963311679429
-1.049308717888	0.422479383129619
0.129193281029703	0.0437930146230249
-0.219456513614085	0.192465466055787
0.998537587584535	0.935707332816964
2.33849736371749	1.1750977249438
1.01791216425444	0.385692179378926
0.13912027261828	0.0264101516649031
0.138460679810576	0.0412231247306769
0.653790201953018	0.20742302218683
0.429005684878874	0.172292773737297
0.667274055445359	0.31143985410283
2.09433789137339	0.936812512867778
0.170018219527832	0.187395971858065
0.377871405440875	0.308539804027745
0.274352750824685	0.359138528706506
0.612982411696499	1.05076496186777
-0.585373956191277	0.542982807978564
0.216428952966549	0.262634401384534
0.440689549458471	0.414635278199674
0.154530072554801	0.100056741251018
0.150796331398351	0.097458713210974
0.123573346195222	0.0530704722631677
0.297055851156959	0.178172130380708
0.27985865946506	0.190843112005215
0.684536690500303	1.22821923827946
0.455549876901514	0.559516966124345
-0.410881304160502	0.892500523886365
0.260671613724215	0.303782439369983
-1.12258869049289	0.779354444218934
-0.934011817006785	0.796615862530011
-0.292050472813752	0.187057146538845
-0.511588582627762	0.270579689054284
0.143386816909437	0.0818244575075854
0.370772445163882	0.16653895651824
0.382864843898944	0.326594979545611
0.272046839564365	0.532394050806167
0.200086487417527	0.347726140516184
0.132230276050016	0.20043220556162
-0.624661830631615	0.303154266509194
0.340611056318224	0.170606212003357
-0.259763055595591	0.13174781977542
0.432609510903912	0.174064034612515
-0.338542302151307	0.157633600768127
0.502949867952543	0.593143755453507
0.118543987707058	0.0565495324217527
0.171241043482725	0.122018755100853
0.665432866912069	0.31086957387882
0.566904452650874	0.543443119131363
0.717818557961494	1.18552911296907
-0.0109993037012247	0.0126051707266646
0.405862094744848	0.609237486600487
-0.0483482195714386	0.0526073132046807
0.417572468837566	0.62571304637693
0.0897912868376948	0.101112726708042
0.261384137397184	0.309733537204556
0.674484220161804	0.314687155328599
1.43777185015725	0.894537489531786
0.382808995105302	0.171438903356354
3.25219401652934	1.09882975306147
3.2530948013434	1.10108931722157
1.43511052997664	0.477089390053173
0.142206421270329	0.0359541333965371
0.140785309842846	0.0419396944428236
1.02640136155337	0.389250316085842
0.14103192177006	0.0419706320314239
0.122850580679262	0.046993631496274
0.928481199205008	0.243805258274956
0.134284439062011	0.0454806903417194
0.142261903209059	0.0422917434711763
-0.367559864207876	0.107030285212501
0.936011360767503	0.245553152580958
-2.29985279094791	1.179082966891
-1.80368476738292	0.398254084963023
-0.643506271279338	0.156786530055825
-1.80379071234984	0.398266610487963
0.651349240994328	0.207129762624853
0.533123099322485	0.608390800703087
1.25416233435581	0.691089430657865
0.807450425661511	0.340469425958749
1.95135265955319	0.45428366780025
1.04873940580309	0.509802214935004
1.04137435639643	0.50429075034658
-0.740705291977838	0.257263180060709
-0.000401103158098159	0.000397713031946685
0.581172565734394	0.302435725175897
0.37290675093707	0.167394912335294
-0.170912764961516	0.0622636754540297
2.1024525955178	0.938434018339148
0.137772279789603	0.0465706419319888
-0.788272066928701	0.34905422630462
-0.79390713873614	0.351551459161185
-2.30026144678854	1.17897142873893
0.373414055043821	0.167570580005263
1.05638269548351	2.22444411015952
0.524794215401579	0.531002749783534
0.296290792280996	0.483910684155424
0.138489462268603	0.157411563131198
0.00154879777935295	0.000921144918327891
0.209029311120633	0.251927614007188
0.32914384085234	0.302279194190148
0.297181990223282	0.191587762012136
1.07763726371234	1.36257021239287
0.636365882179388	0.450177880824947
-2.00721161871535	1.41581502506207
0.145990377071024	0.0834029100578717
0.52706120109362	0.303292007053032
1.51398761201603	1.29102418727686
0.5924443972488	0.447400278450923
0.932959124906348	0.915610314127173
0.183546033256237	0.192211993631871
-0.00537831990157038	0.0065519497661338
0.0583338887933363	0.0543311247197704
0.147441568448723	0.0842507952371637
0.0232697650676645	0.0134312586341144
0.86920621022571	0.882453198248982
0.127022328643685	0.0607773445202976
0.0185126724509308	0.0106767994320738
0.299701093320772	0.17988531920564
1.0585553371045	1.73252491020173
0.443676285137997	0.791386989543917
0.144674403498318	0.222731354205919
0.304889949268652	0.494788443058269
-0.33305241037182	0.155303528575634
-0.50880527478414	0.270551875544077
1.80892476946184	0.710964612544011
0.672145456483834	0.314698451840055
-0.0506610586325342	0.0243468331007717
-1.15131399776812	1.75818841668711
0.152816018152018	0.0874412450342797
0.244540144485726	0.213866537177075
-0.742347989383004	0.2578806198378
0.587417647292986	0.305327540354158
0.260892340436804	0.217086149644017
0.0351925177506675	0.0431438046867404
0.0520081779297622	0.0518393366954297
0.181018206318243	0.204701491583802
-0.66848271149259	1.27064303767274
0.0120423357475454	0.0127636480787886
0.0489033322132358	0.05302114490277
1.04673585619928	0.507760119787638
0.511447846039878	0.183898335950935
-1.83448317285978	0.756769538624434
0.362709097413956	0.162184143382456
0.648941210685989	0.205808664712113
0.134284439062011	0.0454806903417194
0.13903860694883	0.0413471671998274
1.43834434492453	0.478363981232013
0.42943252525579	0.172879165160614
0.420839113677415	0.168996516764758
0.13345272036125	0.0452283641533281
1.0267313634856	0.388380604391945
1.56105813745983	0.77746395735957
3.62372673657912	1.42967681844102
0.139373629020068	0.0264474830594518
0.140184451576725	0.0265585662587612
1.43645613213741	0.478161609320723
0.931950133432299	0.244413497437813
2.74534949223189	0.773319630917041
0.931565691852841	0.244293555241305
-0.644388443682788	0.157000626677781
1.80837546568447	0.710560744847372
-0.37188304563938	0.108148706742955
-3.08953695583634	0.959084825597379
1.31032217925647	0.575449353150941
0.66391172137458	0.575876616843455
2.09761678300046	0.940719512481992
1.80556115744	0.709204238553249
0.627032613148989	1.02155639484318
0.729490394886823	0.711944639988513
0.140184451576725	0.0265585662587612
1.95135265955319	0.45428366780025
1.74657880808717	1.35717428952253
1.43837405811374	0.8948801692274
0.371278595961925	0.166743904522789
0.130790400866663	0.056150506849424
-0.700186956873654	0.836275601315335
0.277347718147571	0.198959391777419
-0.411352170618303	0.173573788349064
1.31439790772862	0.577085966346076
1.05116547519093	0.509068516410268
0.12406017577192	0.0532801367426926
0.967746073801574	0.783180087009859
0.841215578382248	0.617162735253156
-0.623189260072258	0.302530137598059
0.0177499302143673	0.010306811793335
0.336932548791777	0.489748238265591
0.459441347635618	0.421438641601409
0.168567758908214	0.161964510636605
0.228675095926519	0.340452145936515
-0.000671760741279498	0.000431301799212114
1.12665115242495	1.38420258171745
0.0487377447102293	0.0312725123819641
0.261752816613937	0.194465130807251
0.138808928414028	0.149368141821389
0.174795218416855	0.142789315712966
-0.0808096939208594	0.0358093487069885
-0.602377880217644	0.448857871636189
0.345770765869182	0.3107609082491
1.06163007232166	1.23801229868413
1.07845218438648	1.46067050576881
0.0484069176796725	0.0493532959280262
0.0648581907239048	0.0653743232205548
0.126388091984159	0.179070210390594
0.211950270051795	0.249116133857516
0.00438582335826429	0.00618859893724359
0.190126069675872	0.244335288710379
1.27708638936615	1.87567032585932
0.298794288086314	0.193327258675941
0.263814716677916	0.219409378458527
0.707133155296468	1.2390994811297
0.174576606112389	0.277276409723097
-0.153240087763946	0.261827942620452
-0.308161282551318	0.623079679197073
-0.354020940109915	0.28784578609934
0.0710315803885591	0.0497562766922136
1.63306017362621	1.52779206720682
-0.794998393770754	0.35148898220198
0.259734392152465	0.208819909681314
0.129805600414071	0.150220762619669
-0.460627252410743	0.363458042286477
0.228963079290725	0.229457376678342
-0.122689221253698	0.0493866228349881
0.630995660889372	0.446022362978462
0.226836938304106	0.289838410751594
0.0944041893075024	0.118785739483846
-0.0990735964941733	0.132510617402935
-0.107640445122534	0.145984112165151
0.321971246973003	0.616932780922157
0.929431528480217	0.626445264407106
-0.324231931616721	0.150813949836436
-1.10988250838453	0.76408440507573
-0.234259276164921	0.0768738569502217
0.808014555014014	0.340242153110097
1.04536696090478	0.507463819772555
0.651349240994328	0.207129762624853
0.509805060222284	0.183409050611913
-0.253148108734915	0.1278622930242
0.671308628101791	0.313932827924554
1.88471645433859	1.61972075337796
0.801452247780404	0.337326448224681
1.76010341944513	0.986120994847678
-0.64477214166203	0.156983480169134
1.5546086335245	0.773342529579661
-1.04349362118201	0.419740113125698
0.511170021003071	0.183944282461123
1.43554514923892	0.477898562880183
0.344106715510026	0.17245670996245
-0.364163724519504	0.105904858966181
0.424609350616232	0.170668515007686
2.34011219483534	1.17437569713748
0.800055903640412	0.335651406839938
0.505733117049643	0.181688891875415
1.07223914082932	0.655416677772452
0.131138830447316	0.0501120794034004
0.140856107682898	0.0418399406262348
1.01630401569638	0.384821506664436
-1.04672508023987	0.421388808602623
1.24510866261676	0.683141041126509
0.650444653728205	0.206870989076807
4.54829806998555	2.56246777279751
0.67346002449245	0.315470259796261
0.577889008184146	0.299844258167883
0.655603229435312	0.207984052388229
0.127368387880844	0.0487264991670796
0.524676286794934	0.53090929397642
0.676910781112861	0.316879457877734
1.55965785379346	0.778082411244399
-0.121679107565761	0.0490070456376892
1.04477301317624	0.506956885971242
0.682567799254312	1.14275267685487
0.688282135061596	0.686842843276824
0.0755891312216851	0.052992195797666
0.368596073882526	0.165384111372272
1.76619355220641	0.992787073850311
0.637282029890872	0.576779361855821
0.275662633053178	0.206498146732085
0.171674080243939	0.127235473153405
0.421466074242136	0.40568351881649
0.168096445704169	0.128626060809104
0.702648154633772	1.28795867664875
0.095366433395463	0.0834641086454059
0.0016851605083451	0.00101758677292802
0.824700323456452	0.748196541393091
-1.27175190999433	1.20647010629501
-0.599211441125277	0.597200861003922
-0.346820894922187	0.249914615437794
0.0150425149810035	0.0110587070461703
0.524227233190603	0.610151976356775
0.385339417352193	0.547934745324829
0.347348068291357	0.466389878849251
0.312836697126728	0.410329530042928
0.0787055248854243	0.0878843159732055
0.172019201898493	0.184311964558717
-0.158799913912925	0.174704978104573
-0.54316506898843	0.730502046488516
-0.0920777425915858	0.0936821509339026
-0.712885818356992	1.34425697149293
0.363823534283546	0.45589877772112
0.318251825924563	0.507886854632162
0.440963369811317	0.653323109636679
0.0221247446529804	0.0238934788089911
0.4287913237993	0.764417455079201
-0.0403107510459896	0.0443485276807023
-0.795333594706131	1.94159284367042
0.319698452973764	0.456633095679408
-0.522339656221777	0.669427919533155
-0.0776487065705184	0.0729073259014216
0.454668569593148	0.498304330258965
-0.414826111634626	0.46400829875703
-0.120902600947532	0.136612871070949
0.960290918546509	1.51616439161525
0.337485592629465	0.442620882787872
-0.347838193769257	0.343929161145129
0.916800408155352	1.3962504608153
0.16417478086521	0.213222278265093
0.421626629251699	0.604996013784647
0.250081979414165	0.337683874496444
0.593998979836363	1.09329681442805
-0.0563402431736172	0.054132776955716
0.473924415183626	0.779967042248314
0.347482641555535	0.392674397183694
0.911970472357526	1.54683438626909
-0.807779330918475	0.893302309751992
0.0972061484302094	0.0777814643161698
0.98057857200143	1.16098577184952
1.31179074610864	1.3726501684563
0.964857863525039	1.05033655150277
0.690004147965516	0.692590503533864
0.267785535941412	0.208420994294055
0.485851359371579	0.306097661241084
0.55679736200421	0.44231145724765
0.27603040299309	0.197776977143578
-0.104596189843545	0.0773748278004503
0.927351230398855	0.623468606272222
0.828443991440908	0.603844410584309
1.13398312367952	1.40222614024145
0.160584152654745	0.113945283916281
0.889228083451654	0.768582126472935
2.13236561720721	2.81507740515439
0.874494904364565	0.888733996370871
-0.597680211335387	0.442954406487352
-1.02059494547094	0.93350596872388
1.20759590154349	1.57189417459768
0.588683881851139	0.443740219636773
0.674033452397214	0.586418682878349
-0.333372300116353	0.15549695719915
0.411684485910338	0.311417890247276
-0.16264728859867	0.0936365618149416
0.125541488754479	0.0538572524062044
-0.482348771363629	0.326252128491284
0.125252276713513	0.0424487602780733
-0.669107210766456	0.401175977581011
0.292031820935436	0.188518920613282
0.130086183242594	0.0497328022504383
1.34556064593428	1.23990581252089
-0.26298354769403	0.133627508680891
-0.327084153271864	0.15227087480589
-0.324716887197225	0.151093847468854
0.482809553070128	0.30372205915212
-0.119976357247685	0.0483101990534039
0.871910713643859	0.886367087337751
-0.117072624076426	0.118339411378561
0.427505958664211	0.307196924526868
0.312489648000398	0.172440980377961
0.445610441097472	0.300034531450285
-0.702719022732418	0.567364982539586
0.661081205453278	0.570253644453283
0.524979295216652	0.302161920704832
0.242776299353362	0.235392262479594
0.672025960486828	0.924016940115173
0.693375960245984	1.06615887051285
0.115671790991524	0.109026159277647
0.671567285471957	0.313972657940135
1.94250741000641	1.21573727265346
0.604562429283974	0.653773409030656
-0.0541205311608756	0.0418350417739277
-0.429945107465625	0.443163062696275
0.103876783105405	0.0933902149882044
0.245043973064318	0.226658140888658
0.402299180242105	0.47993869915295
0.447912315459805	0.571611284639965
1.09387415132858	1.76155675694238
0.244875879694898	0.207597417615803
0.0580864373628536	0.0503799544534053
1.71831960506996	3.17516275316422
-0.550736665424362	0.631814422728163
-0.0473180890518585	0.0371620599497439
0.298984034735617	0.369412471553847
0.111297133174835	0.132606093751634
0.224044880522292	0.274211108043425
0.244212756201683	0.302654808814067
-0.411092174384927	0.575650675512613
0.255007793694101	0.342019671038536
0.159649550065288	0.212937056270307
0.297400182633935	0.38447417627483
0.0571785014951841	0.06862912912751
0.384379884782135	0.662977730721516
-0.0641324093592026	0.0793431086624948
0.175642455709298	0.185901635666455
0.151506408568969	0.187707712906182
0.113656839714872	0.132742683420437
-0.0974555305157878	0.115667247843369
0.175817440925354	0.15569859114642
-0.102983083827495	0.0855760303050343
-0.394927237516939	0.461765233238975
-0.447242001521209	0.755791866170035
1.21152723339138	3.15519543129949
-0.00855762595235162	0.00780833292647798
-0.279779166318077	0.283581819728999
-0.00287064112140843	0.00269312585900877
0.110948148790864	0.104068208286059
0.217474722934523	0.264563422608947
-0.589548121374993	0.921901219649624
0.855858758757766	1.46484534802195
0.105880415036657	0.11534335716012
0.147167789078941	0.168469774768424
0.141624218115689	0.150404331583167
-0.0521572352043435	0.0471760183085853
0.828369499716067	1.22019732123206
-0.176252558452646	0.157364767973904
0.56551784953982	0.541661243279844
0.0991341779043166	0.0833058578613867
0.313410209604266	0.309397399610564
0.964433470312642	1.26512728631187
1.02035298612371	1.40447819773218
1.06917924628068	1.35193045460753
0.678822639124159	0.937613960130945
-0.359956702090215	0.293651165392569
0.249331597484453	0.212399333050303
0.256018334393387	0.205128691483658
0.348961951655975	0.314058900512006
0.168165018577757	0.132555246106897
0.383824048926759	0.314895220492066
0.262734523425851	0.225727477527081
-0.425402091195103	0.244206165925495
0.548752854374888	0.613185261419789
0.942809807782511	0.930927789871136
-0.556480429982308	0.473866177709518
-0.242753004170862	0.210684355661618
0.715877432466902	0.595577854249314
-0.322640885573327	0.267882513423264
1.21139037566189	1.1776395823733
0.50266000990795	0.519170092139872
1.12333150559699	1.26960759684868
1.39520223479176	1.73796100346195
0.928729863268474	0.909933818792814
0.830690608105733	0.755868704838401
0.168379602215923	0.128749918585072
0.155394539106402	0.100634805751289
-0.693854552721159	0.493746266752254
-0.0735601476152151	0.0471163432851591
1.21303969687387	1.46003108309919
0.077669565652565	0.0545391994246389
-0.292522489859769	0.18736082143881
-0.128423148852494	0.0934830999786638
-0.427614326446807	0.246287966585501
0.0661994405571238	0.0445325922091458
0.111536484102616	0.0988079173644165
1.06981500540695	1.44388100600841
-0.0753763218998411	0.0334522299294391
-0.071587079409576	0.0458256393041404
0.349778471541891	0.303859617286879
0.854207299128158	0.97453165176381
0.310880129366064	0.171296868312414
0.55260890488756	0.439058396368489
1.04849182639768	0.509718584989272
0.438882006974913	0.489020049923796
-0.0106179679902688	0.00873437139291737
0.742278252247953	1.21970367592956
-0.873044135784801	1.08168293593304
0.135616330056619	0.0715157945083218
-1.15347733768864	0.353947479713194
-0.984056243084301	1.32718676639714
-0.455296538377806	0.562036433103528
0.243578113700192	0.219219682190004
-0.52620766051684	0.676077259362582
-0.0536311092775625	0.0422075619485323
0.0490511124392607	0.0431371520255842
-0.0803349789955931	0.0767123857249965
0.388914705908852	0.400155740675521
0.304560056321008	0.306707304298255
0.0874695769081749	0.0677423531126483
0.597013090097777	0.556208349454928
0.169411172492391	0.159671649983635
0.00340025478358866	0.00275291835704543
0.28414794765114	0.307234206734141
0.312749439095761	0.371064085956656
0.620007127585246	1.08872452238726
0.429499099356531	0.486739282971003
-0.292504439519529	0.246590862605539
-0.356632216152988	0.378290727286319
-0.376382784624685	0.44315172282323
-0.440089483063264	0.646133061044015
0.425912004002415	0.555999701600361
-0.193078689877988	0.213330331071995
0.360370155236461	0.392913737112864
-0.536921742666788	0.653763858048793
0.825150879711415	0.970720091005144
1.75297807801351	0.979734572545576
0.158223962270913	0.102448484029271
0.0514354276200746	0.0331033987319268
0.0455934687077877	0.0278625173911377
0.161899895417552	0.12746398176231
0.504526805166866	0.580338299875542
0.507811458527124	0.684627080712158
0.0773528569670106	0.0561685257728103
0.024822522998552	0.0228528191668357
0.316936061733164	0.398271557093481
-0.388247892440202	0.529506764818774
-0.664924000499217	0.698327385450301
0.521855678155859	0.30022685241058
-0.0710420961456	0.0454205463621097
0.0702032775791219	0.0638008651595811
0.0513891463527988	0.049731755637427
0.359789563123732	0.409599903988999
-0.265732243689533	0.286531009398642
0.28284123324053	0.312164174185397
-0.214200359834224	0.187333053969701
-0.302978406219718	0.278542991249127
-0.44601667567533	0.547244415019459
0.368682151112824	0.461708086119446
0.304654856906089	0.365874994779692
0.521867645887188	0.665481976848884
0.225494109503714	0.283692207113945
-0.0629661758997681	0.048895063641874
0.449384548444174	0.424619622857938
0.736692515800852	0.720971388190271
0.963833801490543	1.05085692406533
0.0581736615908846	0.0374312918729571
0.405579567304454	0.484066424703031
-0.531463710316028	0.644695720883914
-0.570573638559233	0.688764290813901
0.740022323162255	0.9751277144238
0.169740810773773	0.138155884180311
0.282885838433409	0.203620566333431
0.410060734485581	0.416710086957045
-0.235402515537586	0.181209891658874
-0.0801831884681175	0.0614370435583589
0.498141790247763	0.512272296912973
-0.18518276777705	0.147423443977854
0.820336933518049	0.859698348754118
0.826808855664768	0.750777169765258
0.526405269674601	0.436516063487841
0.780595566700032	0.84121428563998
0.579398391272899	0.558338656718478
0.372368393420383	0.389912045199052
1.14028765216741	1.52013654093985
-0.62414182133824	0.519169159909664
0.634763695560921	0.448461500273885
-0.358003742941143	0.292023382029772
-0.126625677313857	0.0761793358417465
0.732961894053854	0.716407972884293
0.84283489523829	1.06231477588848
-0.412948613572158	0.17469914287046
1.0169346641537	0.962666535384786
0.822142497295275	0.744580190781271
0.252215360470486	0.222133922771495
-0.0223171089591307	0.0152585859382768
0.146372497759795	0.0894532810843813
-0.459807439249918	0.362068183826153
1.28614654993852	1.77105560445394
0.159270227704584	0.124882429079024
0.0287926673200327	0.0165476262980053
0.0553573611819224	0.0355981150778353
-0.747542871331766	0.837148131015535
0.255111405033017	0.218466384130815
1.30612252889976	1.53184048139537
0.73210072696825	0.714022470868662
1.59625475756063	1.11356271123862
0.696201158329775	0.455492416696961
1.30806502302727	0.573080429177984
0.819504640856088	1.7138618875083
0.524056223803428	0.668100446389981
0.137019321415819	0.155531514691863
0.290179301619048	0.309507361116928
-0.266401313516906	0.306282958422265
0.611055467862483	1.0657813723476
-0.537646419769481	0.780341769889661
-0.627439714123129	1.09671668624179
0.669503198186961	0.582968884603681
-0.475249943907421	0.321055120057898
-0.136219156207032	0.143654333349892
-0.373086168746962	0.502244253026359
-0.134429798526827	0.145415416607311
0.138447320693277	0.155209380760966
0.130554125248866	0.136907657175306
-0.144358549428416	0.131018480467802
0.482270840660081	0.694889900710967
0.274572080393549	0.333464741002017
0.434706947037381	0.620020517205769
0.194147921611463	0.2705007890764
0.453586504154336	0.30690096287828
0.571166208708795	0.549085249113539
0.522020749648923	0.607849402575175
-0.263258677547415	0.247712841207431
-0.451963869104474	0.557244939042327
0.680562522300825	0.941323947209546
0.267336052876545	0.208117676973992
-0.676855499060141	0.757692077058483
0.446036199046718	0.498579122971101
-0.694928847272618	1.04261289581869
0.272013755624112	0.330706130474467
-0.170572205050462	0.166565630319619
0.117832163917251	0.102454646055089
0.628467607908443	0.664404980916347
0.097412739648864	0.0779400318283165
0.929877831662863	0.624563113609127
0.47978177596986	0.299747239532135
-0.511540845871858	0.272261220085654
1.04002906383149	0.503996705620562
0.424549627872323	0.303592828210331
0.874513952307573	0.469084640096652
-0.449807592354119	0.395912160557633
0.480580894522101	0.504173067384078
-0.185419655472573	0.182769197876629
0.00303945154910719	0.00234989955156621
-0.127595829332854	0.0929103638627029
-0.200983624929378	0.136515239001703
0.170628368301434	0.139025536964956
0.45740608059147	0.419051973592847
0.174111139121947	0.171422501517988
0.175386761018615	0.17617495476788
-0.335163927206449	0.378418850635608
0.251025371510576	0.232843130192667
1.21714517899423	0.833086686884778
1.94222586199365	1.21560681941746
-0.356246616979435	0.257762307494892
-0.717119392781466	0.948277819929756
-0.186072899684168	0.180340795681129
-0.0433503385148483	0.0384505951223333
-0.233119893396774	0.279434992945717
0.110265231812211	0.10331793180272
0.556185725993209	0.624946105106916
-0.200557817403742	0.242490728997017
0.171687212253096	0.175078605574771
0.178540291427092	0.198672245320947
0.884759343153795	1.91404627339698
-0.115013107834772	0.114331325337526
0.177204156120222	0.216218415525241
0.693836769945913	0.942925936005934
0.336941103092997	0.168320673222094
0.16800416251021	0.119668987595269
0.158020783448094	0.116052263677175
0.71363125317576	0.591557164400746
0.138138662426263	0.0727757093724884
0.425648123303212	0.305874244005969
0.819872878911897	0.859070532375851
-0.126537352574152	0.0920596040166258
0.432738220629349	0.312081404653655
0.152411971885896	0.0933698155168374
0.632784154639049	0.571539734964471
1.1156354183821	1.14113812058611
0.25000030383011	0.219740499624475
0.179088340906286	0.150863426378818
-0.403013563099126	0.570050879046595
-0.428859958752203	0.599367295123126
0.410908628091973	0.56943117418274
0.0889329308659092	0.0941667196115304
0.129708726856552	0.128053217930963
0.00552890315894541	0.00536947192521493
0.0674134411873979	0.0632889232054388
-0.594097700907162	0.862650117890974
-0.000334647118530908	0.000226308764310425
-0.606566028840672	0.915406779622583
-0.208866199760475	0.202047994741357
0.430259292757461	0.550516504190429
-0.264799307790801	0.249907338019623
-0.000655732609949287	0.000666202121361146
-0.516310218609818	0.715164468285934
-0.629837542610158	0.801810385175116
-0.236610575223764	0.224139819136151
-0.395812475980966	0.463065641087925
-0.555535400862215	0.638566284762978
0.576623368476644	0.723995333585423
-0.465011412612997	0.627607564463412
0.252103747991213	0.222018638025245
0.0191821534480422	0.0145692656761764
-0.655567967992077	0.824460238782949
0.218231152820903	0.22998396600358
0.18329541454949	0.178039879269586
0.429677280699877	0.487602321041591
0.0458870380242696	0.0395219416832045
0.10107203165884	0.0939437672018257
-0.445488584499724	0.60360477407765
-0.494691966295331	0.540561209073418
-0.119720613407416	0.119667144765573
-0.501276955415557	0.434818770192265
-0.641196848658892	0.72888718991494
0.344862889107917	0.309935767861965
-0.0374580442540811	0.0335258312821095
-0.337441386213699	0.330858055962278
-0.0194122209088103	0.0158207251623013
0.339905222034988	0.389688584904272
0.684026615288696	0.684036732403576
0.879198961266198	1.08357859223229
1.74324121952047	1.34719351415615
2.0938720506377	0.93633407764444
1.43517917219405	0.47735697092426
-0.797005001771687	0.35221208137405
0.929363107220915	0.243670370746797
0.42539857728503	0.410562045192743
0.591699728240531	0.711473151279333
-1.24645293620001	0.950343240679811
0.557416921406261	0.442744000770358
0.00352444525477899	0.00249965158013812
0.00225237480432919	0.00177992464973112
-1.10158042056934	1.41227672828452
0.0155090791144368	0.0117962987835072
0.182703760099566	0.184490594667959
0.324856438780336	0.383006008514814
0.859715949086676	1.48532016188957
0.145293467209067	0.0828071477835608
-3.76960824963311	1.51539382282941
0.635782396191964	0.898697270026597
-0.00216216829779973	0.00180741497963414
0.292033813617898	0.305269108248958
0.613282796218971	0.724546415509172
-0.1716597894227	0.139351555674528
0.364067646031016	0.307955229581084
0.108805672776129	0.0981737501783984
0.547485706949305	0.540699486958443
0.0377687186978561	0.0231307768733319
0.802281286210352	0.337872104439243
0.362993143688798	0.162241468784145
0.506073392217131	0.436794827679024
0.0676451615971982	0.0472528136744544
0.408421377329601	0.308896976370531
0.136172752460106	0.0715230032340353
1.11859581505282	1.14464434960655
0.633555306210581	0.447990247732638
-0.700858229962881	0.500320536758081
1.33593340340955	2.05058997720086
0.150258921236902	0.0919329137782775
0.406692291373282	0.307227579299913
0.461992980332628	0.423577591795825
0.148457655218862	0.0907944674216916
0.139950112757962	0.079934146675876
2.0947784487372	0.938173333818132
0.802847723592207	0.338179963633335
0.146301463254213	0.0369121679082859
-0.361622063644185	0.105340752849314
-0.419643010030779	0.177380066723619
1.31176150416243	0.575573951673107
-0.155167549626161	0.0890095550927191
0.513791165711859	0.185017905562863
0.932829613639135	0.244963311679429
0.142814016661559	0.0870371689224669
0.688894979550436	0.690208942275829
0.305942448395632	0.300857322489829
0.0536183447846943	0.0359977386080467
-0.171328103259379	0.119403524503773
-0.354071219979953	0.256307856490758
1.04137435639643	0.50429075034658
1.60077817935361	1.11772571249551
-0.534955549485768	0.20533826801366
-0.821777624597093	0.552108193868137
0.157475056960489	0.102129723689388
0.266643071582214	0.19888719028582
0.291790207652821	0.297902017438874
0.0415749360788233	0.0254430320385975
0.133108596883096	0.0701318499339329
0.594797378909413	0.717111285671694
0.732605407494891	0.803968255038346
1.07173940601752	1.44804826876575
0.171146395880071	0.171273843250617
-0.13561002334253	0.0990716184744547
0.15725594773299	0.123339945226338
1.75077160192684	1.78139005578709
0.76485984214219	0.60031148070611
0.379125334343994	0.170435339282331
1.43864734539735	0.896810421374381
-0.237779905435115	0.0777921527193649
1.20888631167261	1.00766975155781
0.37689040414072	0.169208369761286
0.797194402815309	0.335204194265314
-0.0766338338993835	0.0339871076908376
0.144668169933244	0.0826029582436468
0.151399210332705	0.0379807126979956
0.337822356790565	0.168999663221514
0.42943252525579	0.172879165160614
1.74497231380171	1.35194363960834
0.127544085718749	0.0610523382765286
0.596073100927157	0.640292925300565
0.580788567580595	0.714182879946635
0.104777576205382	0.0862412343739619
0.317782392051619	0.298325676923458
0.037553347147083	0.0308839991711056
0.0795536321253321	0.0628750149955607
0.692242224506277	0.771009948177081
0.0801683426551502	0.0618264065863105
0.260804119960382	0.217072557894861
0.174909953877184	0.154762676753309
0.639363480196563	0.744058458468113
-0.308196294020868	0.283859619913441
0.162991572154127	0.136027982955918
0.174510838662411	0.15047883575685
-0.50047623614901	0.507175264030036
-0.171887073740801	0.119727532853027
0.240775212111125	0.210404865443432
0.0532040255897068	0.0340861012937115
-0.553353441590412	0.636377263675831
0.490668703171371	0.419863512395385
-0.238803714142797	0.261408066969223
-0.677101893556378	0.716986871475629
-0.371550483061799	0.334210204365152
-0.465250244379963	0.476189646817225
-0.409602240485932	0.365194464120582
-0.505468032553043	0.513686250386576
-0.892402126878103	0.9121234437788
0.163236532717219	0.146651150001608
-0.399901342547563	0.35511352939161
-0.86749895565853	1.00631910496217
-1.12477177054214	1.10604639174344
0.501617867612449	0.516681746802065
0.297425433453321	0.304791741711961
0.14209890683371	0.0865053393433504
0.332972645992842	0.166339734751262
-0.162408415527757	0.0935889214282717
-0.0325893932169801	0.0218485306693549
-0.212167730290733	0.185082987147914
0.383174401281306	0.314713776074821
0.397040070629659	0.313678133760905
0.841954360160779	0.618433741270062
1.55099663855325	0.769795744475616
1.06502459071705	0.651804364766914
4.55307453647842	2.57248084555003
2.34027363336522	1.17732300328594
1.80892476946184	0.710964612544011
0.413279997456046	0.407155052424922
0.386319426560573	0.173232860606005
-0.124096004424277	0.0499597341644889
1.31089635736011	0.57486221118602
0.510875541395758	0.183928738190787
0.520906449709833	0.430965010906791
0.923709662195209	0.901880377992465
-0.362689623026391	0.296997614278126
0.239367715981006	0.236610489211701
-0.535076846990944	0.581304471439875
-0.495959324900058	0.428888139602015
0.0063465171723417	0.0056874220334895
0.174738634244381	0.15084631810079
0.166424189628803	0.139170497694083
0.11368166528194	0.112443425438124
0.345059701849155	0.463174810355269
-0.342421961947014	0.445938983685146
0.0213965958554941	0.0185953416801823
0.167267121149076	0.119087985691926
-0.594611210779946	0.44147216433518
-0.716395117107432	0.986156614665479
-0.352081450829891	0.414038250796024
-1.06357727075679	2.48259487613277
0.141296368297378	0.147784671231229
0.0177337268430755	0.015705442049535
0.496041685425835	0.508941831238072
-0.00166869968304953	0.0018380049398739
1.74821129702169	1.35858368362421
0.11934450509656	0.0456447312335263
0.163435599843958	0.120567128724545
-0.582642399681772	0.661358856423182
0.163202764438391	0.11126102162094
0.172054881507319	0.140457563626338
0.599750977238016	0.453918851367031
1.30386420628672	1.67288273883673
0.976760310122021	0.794697591752206
0.679724632335542	0.782897157355144
-0.721819190611547	0.70110256601117
0.145815917649571	0.088801744623139
0.0758153132652471	0.0566763047646755
-0.0871140112095983	0.0653454633981711
0.156584610963622	0.101324029537217
0.634887267889544	0.448713045248483
1.25267810736268	0.690636942339763
0.300782391248642	0.180543895050797
0.902601191425378	1.00668052898702
0.285421312040318	0.205695001463377
1.05220098349345	1.22469610083328
1.22734330447182	0.846982663609958
0.876966092458338	0.471322763193848
0.140187892215764	0.0739472300403528
0.319329887852886	0.176440025578113
1.56049326653269	0.778383401013812
1.21066949976682	1.18135036371749
0.415862851800295	0.4120874034714
1.20665781956817	1.5713892874729
0.778192852356139	0.928724727343869
0.0828481856069026	0.0621995031334919
-0.237110509693112	0.182413878090382
-0.297556344776363	0.190696297081701
1.43786474996169	0.896112083814067
-0.543951619434175	0.208833717025581
0.925379046260629	0.620969129098102
-0.287710568086006	0.241877241126892
-0.0142756421245964	0.0116415559173286
0.252706946063455	0.228778325654632
-0.240718923813231	0.246859386560412
-0.266681281733252	0.228379178707788
-0.812478816817061	0.54400538628868
-0.421461843268561	0.569206922093334
0.256374892803007	0.212905273769595
0.117388801740479	0.118502070883608
-0.453495470417006	0.635683681210415
-0.142783365306056	0.116726129008862
-0.72534810921824	1.04366975632803
1.0301101366224	1.50581230561839
1.50908007128039	1.28654292334755
0.502545210708175	0.433366048351765
-0.24889378401053	0.165309354960778
1.55585578875958	0.776687781318743
-1.35569098209261	0.86044074834901
-0.478685795808702	0.323796315856957
0.846022266226504	0.621798370913053
0.345212005646327	0.172732977532952
0.300419254118202	0.179891640216695
1.635981652598	1.52856871513932
-0.422092422370994	0.242362397626299
1.55456853536803	0.774473279453066
0.309339403197145	0.186096256730086
0.542402853812501	0.427663662124329
-0.113045037712028	0.0946921292831708
0.360896394330022	0.458732834476948
0.175098556908172	0.185223798965038
0.35733962102343	0.38892065784039
0.21826016121135	0.261879314272036
0.000124459248176644	0.000155938087714458
-0.736041984387706	1.14549023010309
-0.0471012045694486	0.0375597017862845
0.349676911008727	0.386916301777099
0.118305733072347	0.107456916367365
-0.430069961969662	0.560433157489283
0.157215019205729	0.149514511042824
0.336071107844352	0.391250449672827
-0.154831435636343	0.151751698377796
-0.31186086859964	0.334937915923804
-0.376143746971042	0.515568589271315
0.568342114609834	0.62273879576732
0.372711618883587	0.390404618638633
-0.213105694812698	0.202748787888138
-0.454457873856	0.528046642684787
0.435987352562591	0.550877250985811
-0.133581459182226	0.122680203146355
0.236614378001077	0.223156743082038
0.00092505846155073	0.000910094078119969
-0.152133490810459	0.138871810897935
-0.43102737525943	0.505768448409605
0.414342094379882	0.48778044593347
-0.806029260466403	1.0528816358948
0.144217144858761	0.0880214423009574
0.549990141120617	0.434945447332705
-0.170950798233205	0.119085940062221
0.174137332655792	0.181016110221524
0.392625847154876	0.310048349854776
0.684406772675854	0.446279924290354
0.31634086496846	0.174804883011722
-0.194671782328661	0.171918564637499
0.536897024045176	0.65515074786192
0.603063822984762	0.853084872088252
0.512726693567501	0.184215879834536
1.01823421957205	0.385718705291343
0.647045217228672	0.20541570040493
0.582637682001108	0.302420936523096
0.276915878427045	0.188386656223206
1.07959528125995	0.814166466236841
0.98035915632308	0.799939927821021
-0.73304997308559	0.812586606902294
0.828521736228448	0.751994300642807
-0.439668555486234	0.421461318108463
-0.26458174431648	0.226314387320755
0.432487397933083	0.479595514854374
0.276813684969321	0.216104381873938
0.171152656313248	0.171137165777335
-0.182113321392351	0.190971731485506
-0.359284921279058	0.426414773902949
0.111392352811968	0.098662801742678
0.876966092458338	0.471322763193848
-1.49588973845055	1.0567077456611
-0.1651572637366	0.163112097008007
0.387534012994148	0.527016002556815
-0.399360466064015	0.517447460836553
-0.117804400620451	0.119069949797624
-0.0493346016988856	0.0387628425728614
1.00525684611607	1.57919150562422
0.586990496735006	0.839397878379891
0.143694999555249	0.148243384334063
1.43511052997664	0.477089390053173
0.130086183242594	0.0497328022504383
-0.823889842288179	0.554139603055844
0.0728518072943192	0.0491078798146314
0.503839141848784	0.434873520305365
0.686987250628924	0.448779095668122
0.427918841757298	0.30774357125603
0.296380494379256	0.177367225213746
-0.252250129104006	0.167729317132738
0.158639636151464	0.0973149015541109
0.14630704767175	0.0893286798563931
0.0603738732279789	0.042118465144529
0.161454714398683	0.127012925970859
0.362926736979423	0.30650080328365
-0.0766338338993835	0.0339871076908376
0.927389471757175	0.623511534436502
0.936011360767503	0.245553152580958
0.932444120238111	0.244842742206832
0.515231212929482	0.185298370736687
-0.744670437196719	0.258381731549564
-0.206940351583884	0.112861456564984
-1.0254799646305	0.939533982792432
0.522542125821563	0.432254325319039
-0.527706135418257	0.406484132610667
0.149178521267507	0.0853115774351098
-0.816203301211474	0.546620696133472
-0.168245370183385	0.0611894002358974
0.303674176796485	0.18227905308411
1.80520382516112	0.709003956616184
0.841019763078507	0.617374489928582
-0.523314625272485	0.402441429851246
-0.654898899367887	0.644779701480219
0.781000757538712	0.738810676535071
0.353010524906944	0.307170667965306
1.34739146451674	1.24123127154654
-0.724900598588828	0.650170765847364
1.08102135031497	0.816051837784031
0.805769324127157	0.339679478238357
-1.50824890096741	0.776614223925892
-0.167814284601087	0.0611122958404124
-0.489112023561661	0.421376052724928
-0.440810501499823	0.385291335760798
0.301562614144413	0.310150423979321
0.742372337653277	0.979063878136878
0.87389480848386	0.890596878191305
0.122059773437828	0.0466416573476415
-0.206195603430017	0.18353495996796
-0.873201663577649	1.0181138269293
0.559205273978002	0.628199100502464
-0.553953984639254	0.559404611031354
0.268289184549399	0.216515758251843
0.27897586734445	0.199769221773255
-0.0553758095403994	0.0363367882397174
0.339826507971333	0.170075550682373
0.521675710718164	0.431978472127625
-0.59398290823639	0.440745965611853
0.147685616873541	0.0372140815523598
-0.504369728850588	0.267295883983355
1.37632285087998	1.06032095897084
0.315457490605058	0.174389651558313
0.316037022001491	0.174026313204182
0.65414904119533	0.208020876626531
-0.0479982753818084	0.0231082525611488
0.521371121939305	0.299070007115997
0.974748333291533	0.794602054910456
0.768468892705089	0.457572730208444
0.132055846316588	0.0447762654002208
3.92214982720788	1.72640548457834
0.381035617562645	0.401613114960957
0.454547787400998	0.415669212283908
0.270793350123857	0.288999540339304
0.166449362674739	0.135236586456603
0.885362190284554	1.60591927775855
0.625361941278304	0.659271990759515
0.0191095154075256	0.0172583441371764
0.513740948964015	0.666849362353013
0.0313202335170253	0.025110317381781
0.315310413562944	0.395153404541732
0.393997711790726	0.417790403065479
-0.0456397381264165	0.0298552210882248
0.2514426732116	0.227259561794898
-0.196733754082824	0.192083466272527
0.0279138151726635	0.0217976835035756
0.328096877670806	0.310250354005233
0.280272270407993	0.326475044459777
-0.0307932236789731	0.0248279375902265
-0.156828005345035	0.15414008193908
0.920596240356352	1.23052628221956
0.928640627103955	1.12543232944907
0.90861194127003	1.0165062947749
-0.445658821270052	0.46428316488796
0.360217334184826	0.38324078795611
-0.43744087443848	0.485361451984262
0.38061655218813	0.465289335382722
0.42112614189756	0.557548167717847
-0.477782234504516	0.453253367040834
0.161905396197606	0.138569495906195
0.417939917033651	0.414364145466856
-0.385458703544733	0.432089373353113
0.04359136903649	0.0280048293386876
-0.466911941260107	0.368908625224192
-0.990812311930355	0.994052248428648
0.0224998978258364	0.0170743191725261
1.51625806613631	1.2934567146167
0.808014555014014	0.340242153110097
1.75979561952892	0.985274425825268
0.649540136788795	0.206300566749324
0.643480448344564	0.751484092627998
0.258385556199213	0.214817771681862
0.455155359344911	0.498220107533943
-0.000546474828148155	0.000404719354880213
0.303624404299052	0.312765389964031
0.0388749013571522	0.0312763084698126
-0.18487638919747	0.16574509604122
0.00827746304358801	0.00583687588242639
1.0216909072254	0.38745924007158
1.43554514923892	0.477898562880183
0.688651651717137	0.44929837238098
0.792509951234996	0.856564404161771
0.37531926507585	0.393997237545843
0.906913461511052	1.01614795970679
-1.36618679048549	1.78139845238321
0.0262157220552121	0.0209834327734662
-0.26039098295071	0.245109940885748
-0.644903475033069	0.735516216476856
0.708713697545907	1.24598779898766
-0.475110989636599	0.546913229121474
0.144240058535078	0.171156736210043
-0.0684817426091863	0.0599120474714366
0.0636334074653655	0.0427798015255364
2.73150669830517	1.68155985135066
0.0199941105772301	0.0192927915492735
-0.181468093689848	0.190216261607731
0.229429871106446	0.261636807088135
-0.294798219994288	0.371104943256703
0.297838699335109	0.312188333223234
-0.252584215871254	0.214061337499602
0.288294915910296	0.300093029235822
0.125245901283513	0.130941093808027
0.0508226166898673	0.0439040507530099
0.56854157102263	0.911525883988942
0.0278541484475687	0.0217703564875331
0.334431684037637	0.404269430471102
0.801831777002685	0.337763886330832
0.65414904119533	0.208020876626531
0.130009568369876	0.0558574013678145
0.131616992421733	0.0748263442456858
-0.969533550813465	1.04980079475833
0.139287016282452	0.0794065587307691
-0.116998188782078	0.0843331521349632
0.172332740927884	0.136530788359424
0.886918625361492	0.765111008781665
-0.0798323227211098	0.035395033779357
0.410858513019164	0.311202291694849
-0.202567727548846	0.137861916297097
-1.08117140893123	1.15598391858863
-0.411001704382183	0.330322997198823
-0.489446925977608	0.421909963135318
0.138164173686856	0.072689685842058
1.05799367807516	1.32664520117306
-1.04390615555555	0.420016956092299
2.09185664329429	0.936292324337415
0.137049883482728	0.0408453847208138
-0.135836213097344	0.0818326314899303
-0.347524934896682	0.211595046798826
-0.426712035513248	0.245597852297579
0.409286974940486	0.30962008490437
0.375877720199591	0.169013848826421
0.296464348905808	0.177497272241728
0.127222675433409	0.0431873188523152
2.10707603356579	1.46591428278852
0.126611907931373	0.0483937912962149
-1.83448317285978	0.756769538624434
-0.632890176538285	0.52848674927543
1.45438617407905	2.06274218128643
-0.814871598628622	0.636786427145472
-0.712243502101828	0.635019490868494
-0.0765742098117725	0.0585934410892389
0.418527495877734	0.317500038472721
0.840152517195892	0.616841904070699
-1.5360848806456	0.555230368935604
0.148123932113398	0.037298775193441
0.525083611534692	0.302161439128028
0.4366817661083	0.315292355071404
0.253306706579605	0.223290708887628
0.306422972851553	0.316308675537353
0.322845463862809	0.304258172762306
-0.232284852509094	0.178460827191093
-0.26261780359056	0.133509087957349
0.420212339840534	0.485446159767394
-0.033861543706935	0.0227010581995346
0.536092198609256	0.690401980160456
-0.603519242382102	0.601800174954125
0.0591388379442241	0.0397651982334374
0.814363660795171	0.850157215857844
0.239927823635849	0.19631501657099
0.137706219346659	0.0725476903197983
0.0714558226491713	0.0517015535273198
0.494112713423824	0.42370696065341
0.135396832233716	0.0457734074737837
-0.516791104462457	0.274972035671268
-1.0049723971438	0.506574590675267
-0.356409778854671	0.217875936072871
1.54686211618613	0.767708335789702
-1.15847376642875	0.355686548405735
0.512922403195653	0.184486383498599
1.05220838758712	0.511294880010563
-0.0892639340349504	0.0553343564326386
-0.263588703942151	0.133713358669305
-0.262251173676553	0.133278699219635
0.687490982634317	0.447333519361467
0.296634068516612	0.177850134800089
0.549680943697314	0.757055597918385
0.234049608058387	0.230514580552533
-0.790820357979565	1.32748665673684
0.0491902301486847	0.0424461680702293
0.693246443049878	0.942165270708143
-0.00310309026231542	0.00287232476615453
0.0355674947294893	0.0292205221284832
-0.584487628592361	0.81520593953951
0.378539024427177	0.408096489757413
0.450461309702968	0.492804791343898
-0.090475819201122	0.0776789954897355
-0.0981303231418553	0.0831204682732016
0.459517682699172	0.566445378130626
1.4306373502721	2.50843595888682
0.227256700859175	0.227441016555529
-0.363193767670612	0.297541600536486
0.372927969374273	0.400762623339621
-0.155524065504346	0.139521386214313
-0.174713643592273	0.15902068475833
-0.354438477808331	0.397909828771158
0.317312994610134	0.321988091715181
0.227476548088451	0.217994964460911
0.0939957776628713	0.0769685369551383
0.219820292177651	0.232116569154254
-0.183151500423397	0.203420900737289
-0.283010918572602	0.263464691546988
-1.17793767342872	2.25800398363783
0.472868816366341	0.574955294102703
-0.329188758478417	0.369943968951728
-0.32799815321551	0.272915171154994
-0.0700114392988015	0.0446974716937965
-0.624519010839308	0.519937169832511
-0.0267525626318292	0.0218262461691917
0.60373725825521	0.804699141290366
0.243653827250318	0.212849744045358
1.22235999871078	0.841611880836867
0.133638310884369	0.0640574649001698
1.80892476946184	0.710964612544011
0.398240520033209	0.473327101692676
0.186319607187519	0.177440916093152
0.317433122170861	0.371622905316863
-0.0262384178819563	0.0236452903985455
0.174745548010892	0.146971770562635
0.798306856068644	0.335480314702849
0.906177271684751	1.0145658274217
0.361737332748705	0.394150086730839
-0.0351860356793553	0.023596283513214
-0.437035728095132	0.484484901498075
0.587136308481848	0.793440813689517
0.223929679824642	0.213872759745378
-0.5179135025533	0.698659673874334
0.53414376171317	0.811342217857965
0.480654331747952	0.71859146458223
-0.433429355208062	0.55427456865706
0.747254494707037	0.910915158300495
0.34505061477752	0.172991011390092
-0.298675907094325	0.340559862161137
0.273900530051856	0.367836702035504
0.0855183627024872	0.0813633335250879
0.0896099970151289	0.0910639676753277
0.541075958229581	0.682890406765883
0.181724071011311	0.161499817772088
0.136200313006177	0.143895751991741
0.418350145809268	0.553657424204705
0.417899801474203	0.542022788742222
0.314150172590098	0.424541468997022
-0.535774273804036	0.777170438122299
-0.544011548502356	0.814319057376386
0.234366451543342	0.271851649703788
0.965791832106809	1.99584663187274
1.22712089037952	0.846331341436971
-0.418836909369002	0.177528026956452
-0.169100004676222	0.0975866210297446
0.760769918111719	0.5941180000023
0.567890904827823	0.544732887869069
-0.816520683750835	0.546457935220895
0.288684012237208	0.185985075412692
0.0459999539481418	0.0295176199291566
-1.57070025167901	1.53061403873539
0.836651457511108	0.761047365384627
1.13390589309025	1.39871535062269
0.248187172541326	0.224132748046539
0.336231486548306	0.309343602334244
-0.549883541422256	0.629230383597451
0.501490932868072	0.431470231900388
0.28025422846657	0.19118449735468
-0.200475989794399	0.10887983727779
0.672932319558158	0.315270459352306
1.25477585205491	0.690733785453618
1.26356128708033	0.696441810161482
1.55501737702822	0.775774035017368
0.53084419120303	0.305394715097755
0.725943184559143	0.707298677226751
0.630428013014714	0.56858688065988
0.454471635728006	0.415382571843394
1.03590183834061	1.0993027304003
1.12161044611867	1.26535298566394
0.76591481357108	0.456231402749793
-1.36629243574917	1.39160142318489
-0.74811529363826	0.259686588298319
0.302829327101963	0.181801162246728
0.161084920037883	0.109512036303512
0.560795322473716	0.698691927691447
-1.02902655569429	0.943446181788462
0.599801448361466	0.559228815948599
-0.342776125254708	0.313209883322945
-0.303391554956007	0.224643165214892
-0.249186574690542	0.165466796457475
0.509711928103931	0.182972477684844
0.131403007248952	0.0502411654303301
0.428630934573171	0.172329760022819
-0.687280335287286	0.773583080338466
0.614656091312895	0.803284411678663
0.500988693461284	0.517127624975054
0.738698690069095	1.14233513598228
-0.00665522781987459	0.0046602445727228
-0.723234424765419	0.750889646604983
0.00814674237831298	0.00723494545950686
-0.909690278178678	1.22659386017196
-0.199277142615232	0.205138101837644
0.0833926242187074	0.0677774128160154
0.671638814667043	0.834904606927072
0.642475374022966	0.749075497769373
-0.90449946208904	0.927247667980285
0.626892793883794	0.565088716196544
0.808450946467057	0.942860111857105
0.463410714561971	0.313617071102014
-0.624979331852907	0.303373276786645
-0.215900064582492	0.117914771253869
0.310832902308994	0.171144863091285
0.9787175292347	0.797646693029707
-2.65106220047226	1.64846590374731
1.30777883892102	0.573295283481806
-0.213108702604764	0.1160640274711
0.9734638305345	0.792894426638103
-0.425890240578216	0.244734781643349
-0.354363088204908	0.216877282376883
0.522181986978062	0.299750023874981
-0.0872812170949147	0.0386532224049683
0.831333429471739	0.874161700554674
0.323972314978171	0.30538933815621
0.345155362269678	0.455805717772822
0.213923304194367	0.220331602814263
0.259548019896896	0.306608417157589
-0.104464106264739	0.0984883191595905
-0.520152339523736	0.601687448796971
-0.109736385792741	0.11024898842516
-0.049330754827329	0.0477681074852564
0.0736246268567597	0.0682838374483333
0.183676001207217	0.198844366737532
-0.640301043356429	0.886334818753467
-0.101275032189719	0.0858961556795041
0.411604803978857	0.483701510679464
-0.373321286957144	0.438792200916087
0.964391139650947	1.52666899560366
0.035301955674457	0.0332596594395412
-0.47585425907236	0.594775147815439
0.0263160991459555	0.0229369365519251
1.20572090146761	2.10827380145796
-0.337623236227786	0.331767138454125
-0.0992373420295644	0.0857109700467465
0.662226107456084	0.904581338191876
-0.0132958712919139	0.0108433832682503
0.92463308607709	1.47612302246764
0.100842103714254	0.0886342621721469
-0.42711601007116	0.471096707925579
-0.529699842373719	0.681836452761484
-0.454084458238609	0.589827862046579
-0.472492099049896	0.577970109031674
0.314890947532371	0.367690062279502
0.171724026406981	0.144134553808289
-0.489810740118918	0.422356953740791
0.162682679804558	0.105598301979621
0.0843054627268774	0.0651206681881278
-0.870576867953321	1.25082588965771
-0.243894149385202	0.274736751188509
0.535274281838571	0.689059030087951
0.174864993975228	0.134245192360926
0.546685932120523	0.432370190347944
0.758775229417159	0.448900125152291
0.940140331148307	0.634584963338625
1.25614341202314	0.692818894948525
0.42705792213615	0.171587416236939
1.02407216663448	0.388349697761366
0.648388375433408	0.900759564767001
0.103011692859284	0.086841126225191
0.368793271210234	0.385157976171306
0.119154413672892	0.108184922477525
-0.196232187106489	0.173577241102486
0.572715368954202	0.70012598619449
-0.105305275218989	0.0976394922870153
0.161589770182487	0.151339101662202
0.634700981904565	0.895292238312473
0.366023466354908	0.474700925564862
0.282291073258814	0.305326076986073
0.374266367118359	0.402127567326794
0.878766051989644	0.472006512812435
-0.119286327715509	0.0480352069460871
0.627469084576905	0.442626278642732
1.3441618133616	1.23598391369931
0.58358081686721	0.439014044258327
0.76450555211873	0.599768704691979
0.33851877871954	0.312859951779903
0.268130935724849	0.297958383058505
0.165922057207514	0.173949003386951
-0.298293049536599	0.299708737733291
0.416865075753371	0.549860420330614
0.262136010939371	0.325568767289315
-0.262949119494568	0.37362496369275
0.661418705936152	1.18724999826729
-0.249765804680578	0.165770089116241
-0.315119948104653	0.234571998118102
0.123500002465215	0.130991863284104
0.098015633833702	0.101880108893628
-0.303455302559327	0.384725136363638
0.222707363574691	0.268275540592833
0.189056512908186	0.215202070584155
-0.124737182655427	0.125258313978486
0.427823782639376	0.484591983105082
0.123692619212091	0.154239671063724
-0.0194122209088103	0.0158207251623013
-0.734697652317634	1.25196690216506
0.277014253795117	0.321747771715925
0.0645072800812924	0.0659254280718023
-0.0773983591842457	0.0796290048957561
0.0926464610714691	0.0944928347398153
0.566025775348651	0.831019184352637
0.896707691640081	0.778650350911288
0.646143141275968	0.205158328067658
-0.252420209852752	0.127398788589495
0.273616799689093	0.204978906436827
-0.213176432707299	0.145675441298828
0.263385598684299	0.212288282497084
0.459667582109636	0.421719907632093
-0.202166644623797	0.157680980228687
-0.0960420485624835	0.0596870329797363
0.938062887863069	0.923584023845902
0.37575615659661	0.31952130818284
-0.446636930398327	0.391938030146237
-1.07897299068782	1.15181840219217
-0.365726703568026	0.328211196075325
0.447978196777798	0.422574138607912
1.21500711964305	1.70461365885795
0.410943267394121	0.311171981510261
2.34027363336522	1.17732300328594
2.72445726251061	1.67433670370675
0.453339794883257	0.30734348019939
0.444606939674369	0.29980009304421
-0.474402082004964	0.448291518361111
-0.354083708909622	0.256423260663531
-0.175738042447328	0.101505013308755
-0.170967496325118	0.0985343874821425
0.973339207927881	0.791145359207196
-0.415083137355912	0.175775517043565
-0.97571835338528	0.605753934992484
1.07930096896876	0.814959072485239
-0.212316230346659	0.166197036070483
0.442733285867721	0.41721572630411
0.618908888916029	0.733296840699318
-0.145492662130417	0.119087276291502
0.838113641198008	1.14984621944065
-0.339117477523708	0.333587375450261
0.948003328306229	1.15680330866622
-0.361802623855853	0.105358062763741
0.125925184076674	0.0541003896105203
0.131516546146559	0.0693026647781535
0.729480530040453	0.876807300745053
-0.435801463514655	0.415967111643954
-0.383616384704797	0.454564672272206
-0.206931878142815	0.214228214953583
-0.193042216933078	0.170261551475105
0.835298140923576	0.758478497899257
-0.765068291356574	1.09798542676484
0.235724225646579	0.232333501965661
-0.0986821197116054	0.0912690762531279
0.257080680489846	0.219604015254432
-0.418819823571932	0.295663502130944
0.13824848523441	0.078934692054516
0.665703046149985	0.578284445088945
-0.92327881210719	0.785748017144391
0.686848259662122	0.448453284462032
-0.161093972936187	0.0586029891357528
-0.0918342594570754	0.0568765874703751
1.22759693013115	0.846475145188653
-1.35180934443412	0.859632448827886
-0.257220256833007	0.129985411418302
0.305149468171013	0.183633159572949
-0.0216863759637496	0.0111591525281239
0.310042605825403	0.170715217773834
0.481824921464758	0.30223928955749
-0.0582629063228724	0.0279124201344089
0.0433142529925362	0.0278496506868382
0.053084210865976	0.0341584756997144
1.12000891358797	1.26437871946429
0.305908994898319	0.300664556466778
0.692800184842281	1.12280469531524
0.179425844772745	0.202807592888811
0.300962176912016	0.425057179046425
-0.224853173131515	0.232180209549032
0.132824402783522	0.142281423421748
0.847324091460735	1.53693428001086
0.366600468774087	0.410160549459796
0.366119092603372	0.476060439730792
0.62771468459215	0.827372362977687
0.379726575131799	0.473003041855338
0.0115175283780367	0.00998081503299036
0.169666045717452	0.169514845893007
0.0908588698005277	0.0742050430753654
-0.241572065616627	0.30661949830845
0.308899729296354	0.31938610314664
-0.450692618724564	0.434791412515726
0.231442786653984	0.246741703169586
-0.228312006073539	0.251635327357291
0.0660456619257853	0.0598319712892091
0.576416651104066	0.83552796741366
-0.535311727140761	0.812515373493895
-0.0100024004832777	0.00824005490171627
0.225770732770475	0.230513864642092
-0.0544428529515482	0.0420375720634559
0.558992181042346	0.757850125651251
-0.360915538364229	0.449472362321551
0.372906595102033	0.304297022754524
-0.0271916390147548	0.0185724069403011
0.251316141821818	0.221221156446259
0.727181029888178	1.11673146806528
0.406214125252336	0.464187800433912
0.408745402289977	0.478981069578922
0.036873632226107	0.028894011684115
0.667885013934878	0.311861513229069
0.507594243362556	0.438822550651475
1.31107389357514	1.53783811307221
0.293956519596325	0.189050860441019
0.888763249600626	0.478179456657525
0.803413969531267	0.33795722026847
-1.15392338036234	0.354212278509058
2.54182412365095	1.41309083330818
0.29338370734613	0.30001481381382
0.26807671889473	0.32441804575036
-0.888862758682939	1.46990584341204
0.0304348046030165	0.0243933149029907
-0.143475436162821	0.139218132224894
0.0601050401365913	0.0628205318702196
0.886070570650385	1.26675925089777
0.119032356699127	0.114530683033158
-0.11354504818502	0.11609540597241
0.871576874250603	1.51618096570295
-0.160735951617298	0.170849167045778
0.456162169678707	0.640207334844929
0.333779128762093	0.388674911327327
0.0678916163214517	0.0637272562009253
0.168710364055402	0.171551975320673
0.121528853861925	0.110559699213108
0.171575639551892	0.158643202893972
0.577114074915536	0.299506997669905
-0.814277736318746	0.450336369915053
-0.0564582592487645	0.0270828886825568
0.863285471689914	0.992194288033312
0.584937477833783	0.76903875565368
0.548333077560732	0.541456694176825
0.332260598290165	0.314769648601796
0.170127022718721	0.130367679945125
-0.753945787537814	1.03004185909768
0.375625584177267	0.483688579480635
-0.15233293860212	0.17928103876323
-0.234477669380523	0.255708720394076
-0.203683209425089	0.159123970222272
0.636513946707224	0.44949817518346
-0.154953665894675	0.161356879831256
0.315307707008216	0.436196685376436
0.0260901912315342	0.0240422424812114
0.454671016393471	0.698541976603906
-0.108628287460785	0.109107556061879
-0.677148943703494	1.02567401349216
0.109414420525189	0.102473248601775
-0.232889123225618	0.297082162779859
0.00369284001917062	0.0032621673683855
0.361588391602417	0.476458055508497
0.379896154606173	0.538335350320498
0.940606020383646	0.927128270641616
0.877668807086902	0.470848662264155
0.67025166489187	0.313316478720409
0.938883076028722	0.633795583191566
0.0432063055175628	0.0264452481360175
0.521434211176669	0.526668631395539
-0.432470208074961	0.413166957202499
-0.458178213885868	0.36001036183029
0.287031742574841	0.196476423700606
0.295582484260242	0.176854721221248
-0.14939844676863	0.106606060525599
1.13029697481911	1.28179733330389
0.267201608269973	0.215436967162112
0.161569328533418	0.141661842851889
0.250415428844256	0.232413918477879
0.63446511006792	0.573662234855033
0.085180299068484	0.0639718191766186
1.4590742656292	1.45908105459137
0.578885111722839	0.300308968250174
-0.350697766006207	0.253547420459236
0.428955776701867	0.308123334271961
0.409524892551887	0.30965143724848
0.263084219912141	0.219382898617069
0.0359671092941577	0.0219714394096576
-0.257766257656852	0.130593069898911
0.709224858800882	0.586622944933259
-0.15556227853648	0.0891029506378963
0.803956948567366	0.337872662277252
1.03678917081113	1.09830404082401
0.0826878593032564	0.0601288525012883
0.362577749824706	0.306045865495822
0.775077701980808	0.924746207018103
1.1508722715389	1.74131547619923
-0.614645130267738	0.654254927446873
0.25161782851148	0.221478020867766
0.772894052847122	0.921297071465333
-1.50395587319255	0.771144581610075
-0.239106827612661	0.0784166702528438
1.2481163389551	0.687285853301533
1.01572157174082	1.30938425649349
-0.667194755409039	0.846046221844867
0.17224710993027	0.151903530512581
0.718737513507021	1.12434651391601
1.15802972324545	1.75747283723044
-0.205109815652802	0.139829053625007
0.306706102106501	0.308858012234111
0.112049756250127	0.10137198129076
0.173118769580009	0.166800107083039
-0.0720919958137493	0.0683900918731373
0.739778162354892	0.898477954972382
-0.311759971101387	0.231908737398101
0.343001055656578	0.306266615891105
-0.359956702090215	0.293651165392569
0.340611056318224	0.170606212003357
1.07008001208217	0.654361795029991
0.872650405914256	0.467274605252256
0.00165589943404727	0.000850994157986901
-0.631359736133	0.306840471126535
1.55347727946598	0.773183811517379
-0.626781417742501	0.304966990645863
-1.11630206941658	0.771539480032065
0.891062033486147	0.771418255005181
0.0211600780410905	0.0122251856423097
-0.671956462790676	0.40420043143652
-0.265075641958226	0.134597312887235
0.324664885775615	0.179604414389216
0.586711645984528	0.442668868597779
0.733595697846806	0.71638740253107
-0.0377073036708997	0.0300033938425305
0.406124839226069	0.540834300504165
0.65607718282112	1.26188079591732
0.611242494931965	0.935938552752806
0.0627828364677272	0.0576065561473557
0.860235384477995	1.15335587668672
0.369595432181851	0.465509941913261
0.26175155555105	0.319942112323321
0.218183550303585	0.238334091677823
-0.402076485600039	0.545461211594684
0.396993376114985	0.470861758690963
0.653475979669549	1.11683469530656
0.404351496262671	0.548361646389036
0.0239420737598218	0.0216544966261727
0.295891048216466	0.295501578026775
0.603035459327706	0.937278842919795
0.497841479746329	0.667167397097961
0.412916534357052	0.474531500213577
0.372196439772609	0.460202598760661
0.104964897666807	0.0978220182807002
-0.11242014637396	0.103430547451858
-0.809363832684089	1.15675896123834
0.233941399979926	0.254406190230749
0.032645060402292	0.0248324395183295
-0.524124433430349	0.671565283788013
-0.0382651048798724	0.0342774242159789
-0.232396577584352	0.241251369627327
0.392581922563376	0.536233746811879
-0.237077604898254	0.27030194175105
0.685249416483928	0.926497453739361
0.2329130562424	0.248473987936952
0.0626169526857976	0.0585646211960997
-0.490517029924356	0.694248723181904
-0.741816707678286	0.829136678003699
0.403152216849185	0.395880974795115
0.247344659427723	0.234426062667676
0.372941381294417	0.390789606911545
1.37855480311085	2.74768668700592
0.431818896175928	0.311266890777554
0.260074255553837	0.216188166748795
1.74216803994385	1.34892348369032
0.137209797477049	0.0464410009267909
1.22967977725159	0.8475433058154
0.270841745636311	0.312961668379758
0.134746549582843	0.146378142174619
0.0233568028135777	0.0211283636616087
0.262586971852168	0.29588695528184
0.116860080476671	0.117923549955283
0.0539763426255984	0.0476244780882306
-0.363713455666826	0.411120231246889
0.236515542651292	0.228136298459241
-0.00996829029679057	0.00831053234729645
0.127489567969496	0.131725642788075
0.167484375351091	0.169951307490271
0.341882912127593	0.384005144922361
0.82072007847591	0.963008151721601
0.828601584260109	1.2200441741789
0.103844076402285	0.0876004007034914
-0.123496694091307	0.125416873315007
0.614351452301367	0.873854395516717
-0.0941230982928452	0.0823959156939171
-0.0684755789117575	0.058940546723824
0.0317027139534474	0.0302478003366702
0.135016150309604	0.146917062455655
0.314904399102011	0.388420962989864
0.510875541395758	0.183928738190787
1.80128084073667	0.706472447716932
-0.411606579711645	0.174215663689476
-0.210655933955094	0.114877472810644
0.891932149260213	0.772312739759625
0.85029537540566	0.624773777955286
0.139736942867493	0.079733024554624
0.401546881656863	0.406184152188098
0.252702007929414	0.222134462255447
0.493923207418928	0.59445471996964
0.931703860282566	1.49451157660799
0.261979975881377	0.218223602022411
0.0439079056417966	0.0416018978866471
0.137709287647164	0.143658082019527
-0.368335219527616	0.439906057310712
0.0620051866119237	0.0538711954276554
-0.599861524690722	0.447205212856043
-0.0277998007786	0.0141803540641122
-0.341486694128772	0.387501181517816
0.127427608385866	0.133566893691671
-0.362434092323447	0.408996746960355
-0.853068809418513	1.56028378345276
-0.146283138468329	0.133049146036932
0.166097327066833	0.126963925274471
0.633976251877904	0.894198255335993
0.00244924408608882	0.0022246314751716
0.121468405270084	0.124500535848811
0.500622873246869	0.590933674785597
-0.818801570441061	0.640686447443346
-0.213269597756384	0.167330265399891
0.580937256944908	0.435824076586388
0.359925801557364	0.314742691406544
-0.621523383521096	0.516993526720192
-0.0212098255497389	0.0109274954164842
0.162455193615577	0.110599273450135
1.20804473694657	1.32164044527254
-0.291538468886475	0.185629860835608
0.613818457603013	0.726266527849288
1.13869776601933	1.51590590872034
0.286241720249683	0.195894254938166
-0.819438493251505	0.642346795698942
1.45804496821528	1.46080568464011
0.68775971739354	0.44846356672248
-0.575645455391484	0.370747331023191
0.294338758958237	0.20154707916099
0.294376957786505	0.202071440342932
0.134104853699212	0.0705531119627899
-1.00043487315502	0.503226775995486
-0.209337718644038	0.114213727419208
0.137638529203684	0.0726247477081587
0.128908083304086	0.0437239734052277
0.315899220689657	0.174634344932958
1.0337967962804	1.09346364158804
-0.154267546052442	0.110422641838339
-0.140718865855251	0.102909878728188
-0.472477963785217	0.318189973346359
0.161598459832472	0.110084690701925
-0.299619880759779	0.192176955466653
0.159554414775207	0.125309211448772
-0.324347313385307	0.150645328655296
1.31032217925647	0.575449353150941
0.653790201953018	0.20742302218683
-0.354363088204908	0.216877282376883
-0.516968256027439	0.597443971163743
-0.523992775147649	0.491300619432875
0.628049235569043	0.954744760624787
0.17084138403706	0.12657391513577
0.147772699597282	0.0903400768836524
-0.0113121927352988	0.00929440178323329
-0.928305464035381	1.26796427965184
0.709825461343257	0.876494948694475
0.310763180848568	0.298600396185765
0.40033176133578	0.392358923765345
0.833399736993904	0.609764994780127
0.130396150838963	0.0685368583627842
0.691052324562596	0.45200231065933
-0.0257807732248852	0.0132177728106672
0.136149693891106	0.0406054953419776
0.839979406510925	0.616396412895242
-0.418044110583143	0.176914284742955
-0.79809571563025	0.353262454270147
-1.51091888098795	0.778169586560806
-2.65452692260464	1.65450383238421
1.22394942931186	0.841185243096645
0.508940667886974	0.183098517310394
0.520228519856601	0.298285417853477
0.481762497377179	0.303247905535412
0.453171129291156	0.306695045227595
0.338405649671475	0.169174983306139
-0.332400861175524	0.154909270721447
0.296428675564789	0.191647410007465
0.039415746874191	0.0241295347103151
0.815174291408239	0.955061751345238
0.116934004411071	0.101634515223199
0.234377563487311	0.235891330125023
0.390415449250248	0.390074257770934
-0.147387973801527	0.146161195500572
0.178273063674938	0.175978153392916
0.841721319347307	1.75579931328727
0.131531107843209	0.130014786242311
-0.407693988173525	0.480822669937267
0.567358407888707	0.619984278225188
-0.0649002078949129	0.0566751731685211
-0.314902882569536	0.374150436508672
0.604238905384626	0.941188842349365
0.169745500262497	0.17256502532508
0.33907095021297	0.380583834841779
0.21590890839268	0.239485529151242
-0.16770580925674	0.176505116359312
-0.124457584905482	0.102920436861358
-0.309675193685352	0.349678592039613
0.329013754851482	0.381358932053039
-0.00797292400441496	0.00659438721619061
0.183258931234306	0.174273311119107
0.356853397373502	0.395816798191496
-0.313865458484776	0.355546381837614
0.567639358727533	0.774242225833492
-0.0651000990046003	0.0505609788773226
-0.0669705765676426	0.059414674630203
-0.65365143171257	1.00480838364605
0.527140664272727	0.674565097159388
-0.46547664217694	0.477096439657803
0.238442115957675	0.22476188474654
0.445894153660555	0.483815105554386
-0.218571738059641	0.191704919442699
0.228654613655016	0.233905205738168
-0.6960736415081	0.829912852039772
0.305041337048636	0.306956478387857
0.250701583435133	0.232464296474253
-0.132080678154509	0.121064362691087
0.168626720541975	0.145010834114862
0.39745054947297	0.472092867209151
0.0641273345311652	0.0447392097261012
0.96884108521705	0.786606742343485
0.844057464785146	0.620030018133497
0.527871694444926	0.304035267248013
1.31118731400187	0.576162678907346
1.80128084073667	0.706472447716932
0.134502678047699	0.0400692936198656
0.177939784108569	0.185581470719151
-0.729222726956392	1.12943546368562
-0.509084066732296	0.736808454603277
-0.223455438523739	0.230392383954598
-0.348452093837972	0.389172136107871
-0.179167443849725	0.125198164806653
-0.710173762606882	0.97365910289603
-0.430375570157443	0.475307829567201
-0.107958416932452	0.092079303097971
0.732049518450942	1.19240487202952
1.1401915142156	1.61705480108455
-0.274519327381557	0.208474920933461
-0.436878379686882	0.418284842827237
0.0615822744605557	0.0546019075219975
0.299808802889757	0.314836036777777
0.573174153758028	0.550772981668403
0.357336259751286	0.39767923123102
0.705919326159441	0.793573372673285
0.67978712581693	0.91491152580665
0.689673808482332	1.1415728135553
0.0818787572405179	0.0595934189774525
0.140856107682898	0.0418399406262348
0.666746090606477	0.311537467124405
0.800994500180805	0.337272485795403
1.06535197542335	0.652185919390961
1.31112052191546	1.53812417930771
-0.608714701471549	0.454767278617341
0.711634066333848	0.588300215329592
-0.628960241484822	0.525314399565666
0.873532432998993	1.17855935559908
0.300017491609026	0.300815924169221
0.317864370740663	0.399724489941389
0.508745930728493	0.602289940960119
-0.514904041419268	0.27427589806961
-0.674504745611929	0.405310312748073
-0.213484850797978	0.232361621391338
0.324656948929708	0.389551543380419
-0.0687278374866976	0.0659215539497384
0.322682019728828	0.407257756060612
-0.100615705763485	0.0851333405856679
-0.0574669889640755	0.0444592366995557
-0.373897936348409	0.365423894908111
0.524324564505241	0.739391880632454
-0.451276217577382	0.524720101683918
0.305281111599763	0.328585710304627
2.0967159187814	0.940286941886901
0.136471442907569	0.0407207925774643
0.293021338972476	0.200812815702689
0.604734209549498	0.565442988858005
-0.623063274037091	0.518761436550762
-0.0298644077482613	0.0199918119198777
0.477864491352511	0.425036927491138
0.018992830335112	0.0110065661152362
0.00310017769061093	0.00162663152690224
-0.695525650163983	0.495174980690219
-0.463931214249038	0.366247828124558
-0.250103193346879	0.166266803859234
-0.358976550918786	0.293282915241526
1.13678241179142	1.40654249231776
0.0210561960427682	0.0121163635463705
0.930337682816138	0.623860032008468
0.792982349984888	0.332391988346622
0.836249290046522	0.61348689437313
-0.996125980311203	1.0004904333498
0.485083686622257	0.305168589718544
0.144184442104643	0.0760223882107043
-0.1733571486512	0.0630524433066962
0.586893018006052	0.441893479049583
1.75900056028283	0.985012470419425
-1.69720730503155	0.975333759899732
0.136471442907569	0.0407207925774643
-0.0828804805816946	0.0366843167603586
0.665784153329668	0.687524728255961
0.661015853417878	0.751259042802486
0.016205641385179	0.0123219475890227
-0.670909501213506	0.708314068081449
0.459887306486773	0.42170500895152
0.903012370872825	1.0087546310474
-0.340894784083095	0.206103026089698
2.34407919420168	1.17828821559008
-1.052139438368	0.423871922375229
0.583650791945988	0.303564709794427
0.400527080829469	0.317078755096313
-0.936120574922141	1.14627386396042
0.309414883587825	0.312204653233544
-0.28471638346512	0.238614988234453
-0.487130459810736	0.417235882926433
-0.417579777861624	0.294311227032112
-0.64890029918635	0.737231371522057
0.539111556546133	0.529754908170428
0.438717822197033	0.488605984321068
-0.0363775371860297	0.0243946027595046
0.468064808313618	0.503228587246795
0.285421312040318	0.205695001463377
-1.49438345425432	1.05471566229978
-0.336609567506129	0.156963649053611
0.525912922473505	0.303204653358295
-0.3007710928726	0.19297874922202
0.768805855444616	0.456640737141498
0.139556940401302	0.0415648034416572
0.422565108326337	0.169882850838849
0.768637074359308	0.457853056401832
-0.0957251827288236	0.059467182423345
-2.64979356915223	1.64496258529221
0.132433406062052	0.0448790682365348
0.371606476441863	0.16672745564024
-0.973796169452033	0.605537456656926
0.12788985360505	0.0612012128308745
1.47707314573856	1.94796863040887
0.385504372684912	0.316603473027169
0.103592555953359	0.0873422546446315
-0.229949653486445	0.233760959199772
0.399703434737501	0.474583147920377
-0.356997065893708	0.441451275700036
0.49519034873024	0.648317966854868
0.234972897683438	0.221232132960073
0.642185091560121	0.74868815231544
-0.0172779764074543	0.0140709798461668
-0.0207092629606734	0.0168660830519189
-0.366838425751114	0.330393615476155
-0.109716224909723	0.0918207931395512
0.116993266738879	0.112392330871343
0.0379825150086758	0.0319026479033904
0.549566512603448	0.755061687741894
-0.864789796325488	1.23561835270307
-0.319861592045516	0.381646143547653
0.808070536623548	1.03648249162301
0.0192631400720994	0.0146351542025622
-0.625004142663427	0.759645889268687
-0.40182243143679	0.357382496569016
0.172805329315179	0.159804035257908
-0.54799843868716	0.55121914885005
-0.301929553279454	0.321830689190671
0.250812161207287	0.23268035750185
0.501925959838213	0.517020721930334
-0.00386260867342149	0.00317277373298947
-0.412215066935783	0.432297583581215
-0.437927697939312	0.419783403579436
-0.242522550139957	0.210393409391545
-0.296589745385966	0.271154650238054
0.719225101561457	1.16356232015411
-0.545421418148034	0.59562849915439
-0.030677655794372	0.0273618773073494
-0.47864306912106	0.588019072442977
0.162138433953971	0.138682581508611
0.587364622055201	0.442399408037529
0.420418606770294	0.168895551588938
1.94808582772913	1.21760811078598
1.04849182639768	0.509718584989272
0.651349240994328	0.207129762624853
0.140458165206262	0.0418615852654621
-0.239189944575117	0.078331525521977
0.234708566143317	0.220768833904606
0.250380921115188	0.220218868633219
0.84698724860691	1.21973087694361
-0.19620229737517	0.19177829637738
-0.203530665149529	0.196302857474488
0.00370100822827711	0.0026227251173228
-0.537804245209813	0.655457631148172
-0.375888238848198	0.442401024592966
-0.349097348334727	0.368095518356607
-0.304603623085396	0.280421183243313
0.175419051783487	0.162258156092651
0.656790777887558	0.835882606202274
0.271097432547231	0.202607049869268
0.310132783634738	0.29763919026594
0.308927104837789	0.30435146448199
0.879665940759366	1.35032757185986
0.0719380827944763	0.0484830549365706
-0.930852629798337	1.20452139453979
-0.155072336893767	0.139087218927322
-0.532781995090274	0.646632525777851
-0.308102779962704	0.303780163896279
0.0227771762118545	0.019803911559467
0.810790923531153	1.04163185865342
0.425412613553604	0.171082204341707
1.01881061691072	0.386619941894425
0.588032611645296	0.306086559756984
0.428337085783734	0.17238502095994
1.76022847887356	1.79627877053245
0.285375315091711	0.19483383087322
1.4356911679036	0.89258300243904
-0.810797787040443	0.446399906865364
0.378790643620542	0.310281208902301
0.283061902178563	0.212857532159594
0.35355293115093	0.392559866515964
-0.206806404094003	0.199973862368569
-0.150037675338673	0.14912401708508
-0.817547743862611	0.549237105011524
0.510303034449659	0.183694667904733
-0.528433379002827	0.639402294550763
-0.0641294165622584	0.0549779487506235
-0.535118823651577	0.728307246495655
0.134931906643391	0.138248685761765
-0.432848602924497	0.478295086342498
0.136091441543412	0.0717761886159093
0.106059295329958	0.0915082027391688
0.0362519375361286	0.0297953423241877
0.36983413860883	0.405737023131721
0.512099824155361	0.608444126784553
1.25614341202314	0.692818894948525
0.657867026628534	0.208713496770991
0.766857001013945	0.602182163594673
1.45844574254739	1.45653006056468
0.515653637680753	0.295422205184155
0.136914228909403	0.0780586476348921
-0.218741898549813	0.119402975389951
0.683986869429094	0.445660297309107
-0.407811243076809	0.285669116461878
-0.0960813194068808	0.0597695543347006
0.670754078086955	0.584145754804724
0.321338953662323	0.177704982400412
0.299278828439955	0.179653830955647
0.684486046708031	0.446179738104794
0.13912027261828	0.0264101516649031
2.09903484483183	0.941607866167158
0.666489401463363	0.311075097187264
0.505733117049643	0.181688891875415
0.650802186307997	0.206632813066924
0.649294064553561	0.206116617727131
0.133973111041317	0.0706248092852747
0.458255526992355	0.31100525885268
-0.044839183580717	0.0216190819216746
0.373733594612056	0.167657500409807
0.760861407757693	0.595056228817654
0.423340247364099	0.170060647086572
-0.168074397032081	0.0612163017428414
-2.29955953562649	1.17846115038366
-1.5332649245173	0.553641542884682
0.367804682936512	0.164972913507321
-0.249317733942344	0.165625363042229
1.06581598709525	0.652053385873205
-0.50983094544039	0.270635095407691
0.145746314272818	0.0831967129968251
0.731904414654714	0.713835418268927
-0.511688134628304	0.272694362663271
-0.950168059437885	0.706357054533118
0.126607666522723	0.0483216953353984
0.129294713966626	0.0493809262988417
-0.20250426410084	0.109891921928298
0.518144304032287	0.297138357745275
0.862190014256035	0.989747669269248
-0.713000458830082	0.636203282419388
0.343452185382511	0.308323007453167
-0.129787589105425	0.0781609247813671
-0.248423077084192	0.165010023212326
0.652633727220258	0.827614998355594
0.0227995528106024	0.0131582988479702
0.174334900197853	0.15410809295303
0.169109098373846	0.145463555984994
-0.0167649120304709	0.0115001911315487
1.03320517630984	1.09311628897832
0.828848988243137	0.604660682318086
1.08180234011826	0.816019198017224
0.140938372349076	0.074294485853967
0.377680200594884	0.169593695008375
0.131222837903894	0.0444544196344765
0.130612563424312	0.0499328947737428
0.51174254082849	0.184178364192085
1.4335387523959	0.892446383955669
0.672082084811952	0.314450435705214
0.132433406062052	0.0448790682365348
0.342851136697145	0.171653676642799
0.124371617277642	0.0474801167616187
-0.942282560835125	0.698386515616471
0.318839840584094	0.176064942881597
1.31526291532979	0.577331121752138
-0.742419833798786	0.258214778445979
1.01970949094797	0.387091911393297
0.505320444114992	0.598201376877603
0.0963786935458153	0.0807637221159458
-0.185261660619346	0.162203831070368
0.909334105250695	1.37713534415995
0.978591414295781	1.62718592715184
-0.589902649950319	0.672818783077509
-0.0414561956021156	0.032481590907959
-0.308490655486686	0.330525797884571
-0.235603208712278	0.222391470308493
-0.234009329624203	0.221224482440491
-0.362288367151118	0.325613652209152
0.312514598718492	0.316295499105279
-0.241764547119866	0.229845832169038
-0.583851323589156	0.542146630140011
-0.465673319881696	0.476738340851614
0.0113185554711369	0.00956786646393548
-0.326357010483044	0.271601551497674
0.372200234532553	0.316337537629374
-0.50728815789791	0.515487722073978
0.0896327897455249	0.0731824187736197
-0.233952864907304	0.220842278714971
0.403559167464634	0.408560765144032
0.251544753216936	0.215062406499337
-0.434950194580326	0.41640037028266
0.522217683111004	0.526547912127467
0.168238347032214	0.128780032712155
0.462904517252149	0.496252116167121
0.323705382785051	0.304862991445154
-0.145939790234632	0.119479028926459
0.100527418489611	0.0805708402358794
-0.933312581376115	1.33690058375393
-0.30702376678471	0.328531787783909
0.166178757933749	0.13105629656543
0.166691933948696	0.153472891563907
0.171405639527604	0.147452294405618
1.44293692082978	2.85526048161022
3.62849380145916	1.43519617024906
0.510095510521518	0.183107702258822
0.133719957549112	0.0453066786126365
0.646143141275968	0.205158328067658
-0.367559864207876	0.107030285212501
-1.15394884803957	0.353566779644249
0.649540136788795	0.206300566749324
0.487113087172966	0.513584328474095
-0.169391881008108	0.13729554258073
0.46532961659512	0.499023863050283
-0.109477410761351	0.091594946669308
-0.268047494313506	0.229771796191208
-0.0519889244096717	0.0401125727121279
0.403595383827247	0.396599167158424
0.497211757548461	0.511509406348351
0.943153655309298	1.5840310957469
-0.311203034886782	0.306741389447989
0.309485925465075	0.304812794609293
0.2507504802865	0.220588076596827
0.630287372576114	0.565180052710511
0.663801079304584	0.309562276874094
0.161378851063481	0.104772105032459
-0.108564271066844	0.0906844736503166
0.248521356266676	0.218443203017079
0.230441472016011	0.216279848473723
0.164285519187622	0.137186600011712
0.079091693890844	0.0592584712524859
0.0807321231254881	0.0586823773682867
0.0272085326661712	0.0212525238258645
0.882580948043583	0.474988014574411
0.765283945694606	0.454637883125644
0.929079478569565	0.623636303038695
0.650086353252472	0.206202657488722
1.04873940580309	0.509802214935004
-0.973796169452033	0.605537456656926
1.05739759631228	0.644189705779026
-0.152128695750582	0.108556270889029
0.363621562563587	0.319033276337863
0.667422614864151	0.579885907034878
1.5136908795865	1.82581403902568
0.666863088637284	0.997328050733639
0.522834131935123	0.750969169784202
0.0483542762740506	0.054146989867678
0.0869195400600303	0.0881866697261746
0.434624998500843	0.406853129988962
0.115566217080711	0.044104328012605
0.231150679177405	0.259714927305251
-0.116996858493654	0.124584857607361
0.328242718349587	0.429068750422096
-0.288771696456917	0.371470940757526
0.53416147357965	0.743700710218297
0.105334053885702	0.0889236055793467
0.87804087192212	0.47107414988874
0.928743416465672	0.623259459612396
0.887980807686953	0.477499352009551
0.770448790009643	0.606249204408561
0.770567756668215	0.726290288574334
0.500856692849702	0.431651720252883
0.171870611293175	0.143955995357366
0.0627421804723502	0.0420394447864204
1.46294486200248	1.46706640178266
-0.744698432802345	0.833186492928499
0.436483676605099	0.409722870384011
-0.170914115742346	0.138587815598802
1.33993127825989	2.05768212590723
-0.0697041119256324	0.0531132255695317
1.59822781631279	2.03977578301923
1.13158839927008	1.28470699380472
0.125844984126146	0.0601592866492844
0.932829613639135	0.244963311679429
0.133273399379646	0.0451030381230293
1.30519070528047	0.570883719304841
0.876624390956094	0.893230242766381
2.34436975438509	1.17853313606867
1.9403546767328	1.21220041489638
1.94568712334882	1.22038407487912
0.567433012264297	0.542511220889399
0.435155049745056	0.422070496504634
0.538280858610134	0.61611584469221
0.631386131021996	0.570525727306387
-0.613488506032432	0.506803841127463
0.373129160958494	0.167180597765499
1.45381555132628	1.45085303032153
-1.04390615555555	0.420016956092299
0.582083399407935	0.302184062039937
-0.0519925825160232	0.0340987822231707
0.321253173205011	0.318934517336808
0.503465707373897	0.434611394103324
0.623270821339129	0.656516323773982
1.52265098669355	1.84333997256077
0.396640860349435	0.313269188302659
0.0939039381265206	0.0729718655396561
1.75749014161533	0.98540509845969
1.05315319181955	0.640242320921769
-0.419899321881331	0.178034045801847
0.42533898930534	0.304254962939286
-0.275881624257494	0.27887702252815
0.185717368591937	0.17301480634134
0.656732534709281	0.744540646973193
0.240959799695052	0.227871131589897
0.862843465750115	0.990105245235544
-0.0936705624106016	0.0805927708352329
-0.287148412225678	0.241031679140958
-0.0797902380397717	0.0679683429622834
0.644868937350302	0.753455132122373
0.35412723441543	0.309080580653827
0.66517550328096	0.310695427495322
0.144887227748965	0.0829104102959631
-0.981970242235779	0.611265510976064
-0.927886514921565	0.791540802841439
-0.561932157356934	0.36051731761339
-1.50593021452689	0.774912353400658
-1.35147937653146	0.85910561299321
-1.0430285489592	0.420216988954647
0.596430031108795	0.449855770392711
-0.361772228463586	0.262782170171091
1.43326595346983	0.890667406674398
-0.511340151221931	0.271895618876989
0.551352453585933	0.437924066903955
0.296022281524834	0.191427960499397
0.422874214839943	0.302567235937285
0.373178967403857	0.410064724384226
0.515451162244416	0.735964705261748
0.229779868439269	0.225289005168826
-0.389262763312132	0.509283265983212
0.0983420735387139	0.0895423199671582
-0.0235440399789823	0.023465895818637
-0.360419643950592	0.448573540259709
-0.593691280825712	0.78798535804165
0.0495069697092097	0.0418742404485176
0.0815270625068992	0.0811338527488844
0.433795895436125	0.493693265115273
-0.108305292615479	0.10879390413239
0.890234115510351	1.2769839170302
-0.0134663908059702	0.0122299213140762
-0.214682599635415	0.237935634060324
0.310295126945534	0.306106599186886
-0.309565847792974	0.365800071775574
-0.0844055216829104	0.0720903398260494
-0.30096389154299	0.34385286993563
0.125289920173877	0.125354731537525
-0.0867682259060939	0.0878506432511737
-0.81027089346948	1.38798769039927
0.635098934081863	0.872103275521973
-0.0117379592816575	0.00957719096189595
-0.487190001957855	0.566965714828622
0.356518814429204	0.452097547153785
0.168626720541975	0.145010834114862
-0.33423860014348	0.327551454712677
-0.0990825417573577	0.0839990101305188
0.0466262107053197	0.0393614617131152
0.386410116998765	0.464540082923963
-0.287713429550375	0.309687352066918
-0.432575145612829	0.478726646269059
-0.630810019329152	0.976845654485573
-0.760270482583906	1.12753255551481
0.443322421285642	0.625962642602788
-0.132674725473316	0.121787570974147
-0.143144021729628	0.141540488357017
1.34245652907834	1.23388952213425
2.32686578770213	2.76071170400082
0.688265534100553	0.449174051718398
0.832444705502486	0.607211335361865
0.46969343422631	0.415960867945601
0.560226745163642	0.63002814880389
0.927955475256344	1.12304082235307
0.802281286210352	0.337872104439243
1.77219332776211	0.992646502979859
2.74877977095104	0.77489585677119
0.876887253617658	0.470314566786984
0.140738272261544	0.0474656120077261
0.209653225672249	0.234744808748034
0.275113390008922	0.319022281773707
-0.73868566788979	1.11039513065145
0.262721750938545	0.311840949623222
0.0136900507190818	0.0120919238205975
-0.131265895644567	0.148180508191371
0.232682275236261	0.229026683062759
-0.545144846571216	0.733848968659815
0.375447236969362	0.394178985803362
0.289805617440187	0.295088442206383
0.840076018280007	1.46588884745271
-0.297294006386263	0.354184449512178
-0.155725630583297	0.139894047969025
-0.869403193046397	1.24858918284238
-0.121127201172407	0.0901912840325685
-0.437403748677051	0.485575273730543
-0.206975062646647	0.179863991464259
-0.397474675550742	0.537309489959362
0.230680601216505	0.226579377754395
0.590320236887844	0.7093582379746
0.373505961525894	0.401221666734759
-0.0220353518334458	0.0179346214675352
-0.0869385289011012	0.0822623254978416
0.421218083319536	0.169306142598634
0.126205198575887	0.0603818643082294
0.429193225214241	0.309061264801632
1.04928845669154	0.510185199589409
0.879550525052603	0.472452129300027
0.139947662100296	0.041632372501591
0.765591317344616	0.454650803598253
-0.00233159481178964	0.00121998576866893
0.568001056465507	0.622071374654234
-0.127575207942524	0.0927376758426806
0.821441517321242	1.05931690901003
0.315060626262257	0.174121322137803
0.0283974274171365	0.0257485661678278
1.52054468398818	1.84019859210623
0.881565295558775	0.474241349803956
0.163737125371652	0.162713563256439
0.380304187850772	0.481604540813304
0.549781316400263	0.757397154210749
0.381801748573031	0.457555320542029
0.659299545234716	1.0353043255548
0.696814254812349	0.780568584496942
0.16694750684407	0.118567263821403
0.945523949544646	1.58962154436987
-0.40619896340578	0.326645574642985
-1.17259990190027	1.71042585713356
-0.147982187039744	0.137177936991634
-0.541534850856412	0.541949895133413
-0.14091335232433	0.114999639935809
-0.728444235900693	0.708645680975645
0.573300241352426	0.550848268935445
-0.489995141583284	0.332480855499552
-0.415880213118191	0.176088333213337
0.578198367883177	0.300213667840215
-0.954577720382025	0.710364264971693
0.0475050369456049	0.0305429742048696
0.695170645094337	0.69815190568225
0.581172565734394	0.302435725175897
-0.126558730999753	0.0508587813074084
0.409168060095895	0.309553590730346
-1.00472376913968	0.505185473688007
0.0189662839451877	0.010980558968787
-0.0611503396314424	0.0464115026222851
0.616764126102799	0.73123191668714
-0.0304758915135013	0.0204449081298918
-0.324942005056823	0.269769316696448
0.804862936359842	1.03054868164153
-0.332543195821913	0.302408283604859
-0.234737101798252	0.180789745098169
-1.00524561024655	0.5061589926653
1.43973986105876	0.479489791047764
0.133995379685463	0.0705262896684815
0.240536594269204	0.21611941198857
0.103950043910248	0.0912801953895625
-0.898619381999546	1.44133428651491
0.308312882337867	0.377917131834107
-0.870696911680353	1.24924763791057
0.591165093093528	0.548310225586923
0.0586809875944913	0.0537946433059866
1.1385853906769	1.51605673857166
-0.116721676158151	0.0981379226021111
0.00460981209758376	0.00375025136720944
0.436866887414194	0.497114033558564
0.272394429849432	0.212621045006716
0.128193918224566	0.0489929274062112
-0.117791663752341	0.0474150223758553
-0.0750808728926545	0.0333021890830134
0.408225839911795	0.308452067858833
-0.212266896740048	0.115654738063251
0.42201668048743	0.169638953784636
0.79887233154086	0.336139804071938
-0.412896419429608	0.291071700742681
-0.559943513263338	0.35861302218192
-0.0685133568249908	0.0436985974949564
0.686543845686121	0.448646658280833
-0.265529205083784	0.134894773822222
0.131403007248952	0.0502411654303301
1.34221067448207	1.23312914839866
-0.516662448594394	0.48136915873902
-0.0770189383384503	0.0493776790031854
0.0452594117351534	0.0435666528330969
0.0367204405266289	0.0356814806609606
0.354371371214446	0.393662361731006
0.219152618764938	0.226635223878116
-0.520823973773681	0.66668487964856
-0.911790739893515	1.47099591634185
0.0587852273629231	0.052008525662468
0.183717000746394	0.185667456478139
0.123358571678246	0.118998541610007
-1.03404297456267	1.92808200278662
-0.335715668844756	0.359098366205075
0.382226877229978	0.477030970795597
-0.288538053496077	0.303615739073957
0.115568960283443	0.108881960560559
0.442808485364001	0.493917851495856
0.210497964697993	0.235972337430668
0.169176464004398	0.183570162427753
0.443961869351637	0.552685468065145
-0.524976556588511	0.769968685429595
0.174229135044348	0.168219672384627
-1.04399464431063	1.55111137760447
-0.296014484805808	0.277920795732631
-0.108704738936038	0.103020589358905
-0.300753191087914	0.302554044457719
-0.181913277898015	0.175905952044195
-0.170915691729377	0.169510260563405
-0.405417283207318	0.42331792231984
-0.818959143240294	1.27026683748125
0.384906338949484	0.416083235230528
-0.390695574038623	0.375046393319656
-0.108333873283868	0.0903329494365513
-0.0573215267581808	0.0443499875202056
0.519858517980094	0.6618705895357
0.175004181864249	0.178832723420316
-0.643956223546646	0.768666897523504
0.0051457584556392	0.00450403902422126
0.427337060501475	0.425617699804672
-0.194475332462958	0.189813850776581
-0.256842099877848	0.241102390997369
0.0461264759771171	0.0451497088383804
0.733335209736111	0.716826585895515
0.391233736166453	0.308113420487383
0.507572362905618	0.52526062207453
1.38447129739081	1.06793598251781
0.634905855749967	0.449456472477466
1.95062146582611	0.454190159391569
0.356884257456322	0.397166994373276
0.395338405616345	0.479159837636962
0.0562565227732361	0.0497035473257288
0.180623878332294	0.188506310729882
0.164864685776804	0.133935246126366
-0.488641095516604	0.624867574136558
-0.356813450992784	0.401353627063442
0.0999828750820265	0.0841181268996198
-0.296974705300732	0.250855444230022
-0.701098444854716	0.878453389846298
-0.664379092397355	0.840776312478449
-0.462495300377503	0.592508946949493
0.327403868599897	0.400315075494057
0.832265596539925	1.22854905273967
-0.300698559838997	0.32678390154763
0.860423275434574	0.986344695253725
0.366139228491848	0.459836077088794
-0.473870622113609	0.487844761043907
0.685956748629279	1.13199687765951
-0.212540474843438	0.20182572159758
0.43831924376383	0.487787953565183
0.337300293764131	0.385767982318065
0.251216317820518	0.227292223517608
0.765440985791128	0.456016644643099
-0.16972625540888	0.117977408609032
0.554368475392085	0.44103175384885
0.427394005527684	0.307484771399375
1.9493900351896	1.22204696893279
-1.52195794043022	0.782784949740279
-1.00656187038526	0.506311819403069
0.711601362112497	0.590939681626092
0.161026908359665	0.114247479264997
-0.00170593947340217	0.000890054282130826
0.340744008130205	0.315103826295821
-0.131305513978117	0.0790860082527112
0.557866489019054	0.755064806432579
1.00708905576663	1.36795836920016
0.893299898318755	0.773374658177398
-0.681514876485514	0.651666215401414
-0.693689396570572	0.824407660544472
0.730802255479945	0.712313687244663
-0.230419431742872	0.198060911300759
0.572703786915519	0.699190736104349
0.369659269853093	0.405265022488484
0.571190342817249	0.547283335255907
-0.361905561740644	0.263101796389916
-0.944312272832795	0.701189699835829
1.76167794936984	0.990257765141138
-0.542704791685888	0.208593778995558
-1.04359703690809	0.420463940972424
-0.541858189636432	0.207923122154612
-0.351530303443161	0.214076759299922
-0.0702859849900904	0.04489599208673
0.477507633230133	0.424658214593537
1.2545041269188	0.691039692171147
0.824495369862716	0.864285981179643
0.771909316843018	0.917503495505037
-0.570880835770938	0.525137531751175
0.135925985237089	0.0774181000538343
-0.0348038164648098	0.0232953052526284
-0.00655384645226721	0.00342021163218084
-0.241961538743644	0.0791051075646371
-0.676676642340628	0.405974247796505
0.0163176497074142	0.0119956774454813
0.226956921534311	0.227103733418554
0.822595880748185	0.862977362025659
0.0919268780638867	0.0751452809135821
-0.240502925160044	0.185914598575899
-0.538122496114275	0.585810093264037
-0.443318500622666	0.426210696657079
2.54265145020253	1.41421387133784
-0.617698805319684	0.298396042299957
0.517374538781925	0.296681690097502
0.353751495459316	0.30789007680407
-0.0155842934101622	0.0128320717686651
1.143742270385	1.72820501527842
0.175721665837293	0.162825641538874
-0.101583268163302	0.0862497296928023
-1.16022347976875	1.31010220127764
0.271739059380637	0.308707611822611
0.0447094558991537	0.0376955705983958
0.0674909739788061	0.0633805554818256
-0.06151053528064	0.057707828886238
0.228401478322241	0.213905562369751
0.787756783229899	0.746509421603448
0.841138548122115	0.618408071862383
0.431566029736444	0.310423123801215
-0.94185411455639	0.697828580555987
0.337727189507284	0.168802351707471
0.449740793265576	0.304469487751762
0.892277784145868	0.773087888380571
-1.37563716294322	1.15407298346289
0.602489713258401	0.563481564177832
0.527516693943899	0.303824568313358
0.579973128626267	0.300809716483461
-0.952157822309055	0.709158410862093
-0.455526350720737	0.357954437520084
0.990844635711106	1.18106208940247
0.318824579263793	0.29933948549546
0.0185892664522645	0.016471405596981
0.491939945394986	0.656367533706825
-0.343384598121201	0.447501415830838
0.512192461143897	0.743539893580165
0.661316618844652	0.904120582462147
-0.218671950596498	0.253128251946508
-0.168213222522448	0.163998920914573
-1.0010581972509	1.59919202246445
-0.350988520184214	0.371013643650696
0.114492463041618	0.103698920573095
0.514692691840062	0.668343804192073
0.320465184076611	0.383430480186005
0.388376003460157	0.458014671971279
0.0290727232704729	0.0227190937943535
-0.760427465225548	0.906029035074601
-0.51542480118203	0.694098820004865
0.226163668084927	0.235190078015914
-0.760371333459692	1.12777676541956
-0.435108320705061	0.450654628288441
0.29156946108169	0.311181234995879
0.303623497249496	0.297674980965347
0.919332853488754	1.5665399374282
-0.216677857402677	0.20668964546432
-0.466883094292779	0.51525003369725
0.509204127931078	0.588127576275386
0.384620873911024	0.461815300163992
-0.0860420636851254	0.06459999469525
-0.0695689995233199	0.0597573770788375
0.537371123799004	0.749363882955209
-0.125553483580835	0.106122626632583
-0.249100090208892	0.251896383328639
-0.733162701398823	0.814581815987883
-1.38004746087236	2.1657285701413
-0.323295290391212	0.342861773701991
-0.197632599432624	0.18974352164943
-0.679198332458751	0.939731942161229
-0.707713631056074	0.891789171842273
-0.167227886676155	0.151280345001459
-0.6064700299229	0.730401480156392
-0.247776962879799	0.249953803987665
-0.320727784972516	0.265896923748254
1.22090959524566	1.5985209828874
1.25346251138485	0.691203628034591
0.670780204362144	0.313732636016028
1.02697965062158	0.388934365978234
0.789957474825715	1.31958011802666
-0.519409539685069	0.601381154044126
0.113985722184589	0.105252672385316
0.247243014177307	0.22905841727914
-0.0848985972915279	0.0725811434744183
0.436074169572457	0.484907543327609
0.41117212571573	0.471870396330655
0.719525804344478	1.09960409803554
-0.585135558036002	0.743960049741454
0.0988983060306733	0.0791928359497646
-0.220693701834426	0.227004003967803
0.324323493347864	0.314648174742469
0.464767225936645	0.498614516919043
0.323635946932424	0.304919120736961
1.53443540836993	2.89200531688571
-0.346527608951227	0.36530280673897
0.165919063114727	0.155472538162163
-0.44147358490623	0.424357915050995
-0.221964278604012	0.174884501152978
0.0186443892086533	0.0141448435283995
-0.0473195224537427	0.0371760379118176
0.234519971856971	0.236012917187685
0.529493861174753	0.30514954825973
1.95135265955319	0.45428366780025
2.74700474235958	0.773735225227364
0.140184451576725	0.0265585662587612
0.80254307274593	0.337440554502806
0.42201668048743	0.169638953784636
3.25399732634696	1.10138712863889
0.931565691852841	0.244293555241305
0.798306856068644	0.335480314702849
0.336466741210172	0.168084657147668
0.139930142590356	0.0265210820862786
0.139373629020068	0.0264474830594518
-0.792008151205469	0.350994474519001
0.139884098064408	0.0416988824150201
-1.83933150009103	0.759192863567997
0.374016221329526	0.167939855816183
1.55725919812634	0.776293467065032
-1.53327386150544	0.554071585244721
0.652654881222183	0.206696241994432
3.62559622686951	1.43343777832231
2.74617618045436	0.774720201883077
1.95062146582611	0.454190159391569
0.42943252525579	0.172879165160614
1.31497186902393	0.578443560062359
-0.367012159161167	0.106980484577588
0.147685616873541	0.0372140815523598
1.43554514923892	0.477898562880183
1.9537169353899	0.454657075827859
-1.80379071234984	0.398266610487963
-0.241453949883888	0.0791674426738944
0.139373629020068	0.0264474830594518
-1.15707876120986	0.354760041850164
1.43973986105876	0.479489791047764
-1.83818577064438	0.758655290136435
0.657867026628534	0.208713496770991
4.16324783230665	2.0033382080549
0.14311796249796	0.0361933240878638
0.580994033496902	0.30185852248959
0.142206421270329	0.0359541333965371
-0.644770889342653	0.156875139887313
0.509435415274993	0.183330389793874
-0.362166381635235	0.105626912484328
-0.415100345459572	0.175724403640198
-0.742419833798786	0.258214778445979
-1.15394884803957	0.353566779644249
0.140826180408369	0.0804599415722357
-1.0014834948517	0.503689162250359
0.593732041838964	0.308752145092098
1.43266099186786	0.888442827401319
0.419869691676992	0.168463950453023
0.932444120238111	0.244842742206832
0.140184451576725	0.0265585662587612
-1.15300618747366	0.353816991053109
1.43645613213741	0.478161609320723
2.74534949223189	0.773319630917041
0.140458165206262	0.0418615852654621
0.140184451576725	0.0265585662587612
0.142637387713013	0.0360861991956938
0.13912027261828	0.0264101516649031
-1.53127286779506	0.553105673100975
1.95135265955319	0.45428366780025
0.132055846316588	0.0447762654002208
-3.08991345953591	0.960747174631736
-1.04786382925772	0.422554751457188
-1.04359703690809	0.420463940972424
0.426763417978963	0.171717622830452
0.367804682936512	0.164972913507321
-0.0273804169229996	0.0139731811594775
0.124371617277642	0.0474801167616187
0.130658112595085	0.0442562319396043
0.885814780397653	0.476941286014485
0.76043310113217	0.451039423473922
-0.321250645201412	0.149179792176392
-0.532556235592668	0.203847975527694
-1.29613754169707	0.592228930202827
0.938075586271819	0.633287392340961
-0.237667142195238	0.0778820329379753
-1.00365027729542	0.505622069288915
1.25801897563274	0.694425653582333
-2.58478470503525	0.675813541092272
0.312114662326805	0.172010728971765
1.59609148573164	1.11075111535149
-0.237747525916144	0.077958682705542
-1.28994819211541	0.588720908127976
-1.19245782213711	0.677457942080815
-0.0831977721764975	0.0368280039842016
-0.125476938440412	0.0504568446196476
-0.749539777911785	0.25991574817577
-0.408389278763485	0.172521995430745
-0.236606371241214	0.0776017669502627
-1.5081031271544	0.776833803061459
0.524273381401809	0.301389366158578
0.132323532241134	0.0448554349010625
0.13623553417659	0.0460102685662514
-0.239975824588399	0.0786192096818251
-0.745246297326046	0.258886832464192
1.25958016502306	0.695917467871454
0.373644966086393	0.16789882897663
-0.519172963197523	0.276454359043213
-0.531995963675557	0.203626498317514
1.81066294932657	0.707054052469961
0.680111576820627	0.318077190993223
0.67266312264444	0.314512022315772
0.140130255519626	0.041673932144754
1.02028601783919	0.386776796263063
0.509435415274993	0.183330389793874
1.02788817722787	0.388969986257071
1.02111307473612	0.386556758838255
1.01540222010121	0.384610211569901
0.648941210685989	0.205808664712113
1.80646672530512	0.709284888569376
0.528328438853882	0.304422442030384
0.808014555014014	0.340242153110097
0.883738283061313	0.475085282279967
0.504647904803176	0.181052956645613
1.60388371233309	1.11812429020838
-0.119470237064633	0.0481183717796714
-0.366464707125696	0.106727724314083
1.0216909072254	0.38745924007158
1.87655033312677	1.60637313133325
0.510007909511423	0.183564268952108
0.131403007248952	0.0502411654303301
0.428337085783734	0.17238502095994
0.142727172563101	0.0269105320645235
1.30691674991167	0.572884622733256
0.802018704154821	0.337633996400516
-1.86097593875218	1.18674355617267
1.31324002887349	0.576609113923133
-1.11585217308554	0.770775847900721
-1.00417383279281	0.506023554653868
0.143665287756915	0.0427236629465922
-0.0831977721764975	0.0368280039842016
1.25346251138485	0.691203628034591
0.128629618148228	0.0436530854985291
0.148598486564552	0.0373599031239063
0.138699758667585	0.0263265295910935
1.95062146582611	0.454190159391569
1.95062146582611	0.454190159391569
1.25879997521194	0.695340728531382
0.933324263209431	0.244705909364566
-2.00214457094021	1.40967212858521
0.844458986635483	0.620564905599378
0.510572055444376	0.441336695486784
0.172996009920666	0.132625391270429
-0.304302737516014	0.195509442502522
-0.725179049955279	0.706003598496575
0.40700741835248	0.412629986899212
0.344544727835683	0.379698018924772
0.285613733003271	0.194719459455358
0.262961679027828	0.211737901692956
-0.213136977452922	0.145781452702937
0.232189019656067	0.218124681096167
0.24336787385881	0.22491269910207
-0.505386907911974	0.513978766219474
0.437901023836047	0.315723465975772
0.0514425253542772	0.0330809766079715
-0.0517417723924164	0.0339082867103905
0.433408130247116	0.174404659142942
-0.643506271279338	0.156786530055825
0.129471724631548	0.0439089865174185
0.65469668159777	0.207920986734369
-0.212179613452465	0.145002491791413
-0.0205238304090963	0.0105914690640525
0.38187982261379	0.312905313464363
0.371845336738013	0.167081892675487
1.08307142853954	0.817900032432567
0.015971503119403	0.00927500702590441
0.479564058747256	0.42696953267342
0.401443344077614	0.31832219045306
0.927515251528936	0.907643974074583
-1.37376520313882	1.40311098368365
0.273329401174937	0.213438836551087
0.508567167120095	0.182768045936491
0.833672620423049	0.60963204939947
0.910505709138743	1.21137115300014
0.851077522420725	1.07606080178988
-0.430637757791542	0.476191900297935
0.227650338240508	0.218072116200895
-0.954364362522492	1.1014421282539
0.523527699668359	0.529234303048659
-1.45886573977437	1.58422322529189
2.8894857388393	1.95601529995023
-0.168299754161335	0.0611479485409157
0.933932101635886	0.630595689162009
0.665718963951316	0.688655132701546
0.24066020548696	0.216135069671304
0.0929286009167842	0.0760257686495216
-0.217139190950223	0.207243104714025
0.344341489402557	0.309348761127039
-0.188904913935367	0.150668020155061
0.00636727381103062	0.00474918834762704
0.366229956224744	0.310187285711853
0.00474124877003222	0.00385419185789221
-0.029475159609991	0.0266094674907195
0.476998580918094	0.500615474708494
0.524055362295667	0.611048277796476
0.83740881478175	0.61379396835607
1.44992775044151	1.44697630143717
-0.67068109745064	0.402941002501857
0.576615974684914	0.431546281994253
0.141933840276114	0.0810052961429279
-0.00105317283007023	0.000551053165926976
-0.78918254545158	0.348950710156185
0.128119709905925	0.0549646122828988
-0.0476014008626157	0.0229316892611167
-0.569785675103167	0.366820940833732
-0.708761257954528	0.574950236341639
-0.421251670083349	0.241931417385535
-0.0844592858325983	0.0373695325651941
-0.477208328721879	0.322725712807897
-0.256858336243323	0.130045005509461
0.878301907699174	0.895222063624803
-0.243643900737199	0.23159446021842
0.0779884319419802	0.0738002930289393
-0.0959710673092192	0.0900864051751274
0.10078638318655	0.0903355456925389
-0.674176673566076	0.928980702945523
-1.01184180264925	1.62418020604017
0.0698303588045172	0.0666762676488753
-0.124639982968921	0.126921392449023
0.742255965301434	1.05246179283002
0.0931375878023017	0.0779338475948458
-0.742422828087604	0.875205809271039
0.295306163322628	0.322410857984469
-0.370056575859295	0.464322092595099
0.163173763435939	0.153074150148656
0.935539460938724	1.32878740738411
0.926178440145684	1.6440165120697
-0.211756936891835	0.216325268558281
0.110326621373487	0.0996781412340802
-0.106925983760357	0.0908398794275416
0.285687612917009	0.303320472550669
-0.0116987257615433	0.00969219911118805
-0.486800487475339	0.528678193249061
0.465489906902237	0.428381065426897
-0.102163318174895	0.0948600635536754
0.0353874391516716	0.029043172937228
0.0617412171292938	0.0547706838542525
-0.377720967640731	0.370761142346337
0.344872348748775	0.299050252643821
0.168117627546323	0.148088966734631
-0.452666997531839	0.493864541225942
-0.145660870040604	0.103516256348805
-0.107444882339561	0.0795634086303566
-0.492551361233143	0.537163192804806
0.0231964021092874	0.0170545324096948
0.223756795576517	0.208563811394736
0.0314812660372895	0.0251486101764629
0.542019927527648	0.683848978178578
-1.20187178606714	1.66503031536988
-0.687757171296418	0.815342967496567
-0.227618741821805	0.218876937317549
-0.261792291001066	0.26744312587608
1.0147870777305	1.31002270651787
0.665703046149985	0.578284445088945
0.877022348679029	0.470329226343215
0.556427450617458	0.691276153200881
0.0563751337712553	0.0488758133561813
0.0658921807636786	0.0596472706793073
-0.406816566699817	0.327108072047091
0.00502640497115375	0.00409159003936796
0.270869463077291	0.211289634051544
0.541639564667429	0.683107263953878
0.177460874195011	0.160922697199522
-0.269538323999096	0.255114713967418
-0.811938343034213	1.11489252380179
0.737396465725557	0.810234307733061
0.186860153036917	0.153224900845775
0.157970531270842	0.111901816976591
0.769794418937553	0.823200980031402
-0.186962266540033	0.148976956451508
0.23558688677712	0.227149751434266
0.311504643089389	0.307411112856171
0.597196695759806	0.556884483253973
-0.194346876962929	0.186030383346624
-0.756631040770161	0.900986899583094
0.0800837423089486	0.0617617793325782
0.234639378831273	0.215500189157355
0.0570036688744619	0.0503863031118593
0.0905347899973569	0.0739076978015557
-0.436094195624856	0.417686426674597
0.689860627078545	0.692528806740866
1.04294695174601	0.506041139211412
0.143397297243698	0.081992152640904
0.273349640689729	0.204430984487535
0.169449756374857	0.133998817491504
0.41161836549141	0.311175634743664
0.519757958844786	0.604658761378171
0.932174427334892	0.916381235096507
0.0197196070442949	0.0171076030649085
0.218657782551809	0.234800962523605
0.251623201659421	0.22115970026559
-0.00407294491090226	0.00213339943931759
0.234656956437005	0.231334516134444
0.513099166743009	0.514316753319252
0.253309615974584	0.216674481378373
0.546984002079741	0.538309526676585
0.0659345510584363	0.0461022495990771
0.33950792197492	0.1700588612151
1.06693685728534	0.652795537426211
-1.18498216471043	0.671126215295338
0.835095790514344	0.609734631028286
0.162688026077915	0.110724936583464
0.819883426502822	0.858653555333219
0.270171323663468	0.202156503707143
-0.410018726098829	0.173284845006694
0.773715481037369	0.608759614478051
0.586214617928842	0.30531588979889
0.283201726712887	0.203693416643543
-0.302488326228649	0.223593469857764
0.169481641958074	0.12064505076265
-0.144081257454596	0.117849804501134
0.0548862382999934	0.0352954167097081
-0.922762135296609	0.78444015855771
0.160389976873996	0.103987532752476
0.0143054236905818	0.00833095386564257
-0.115406714289766	0.0465279298350222
0.856004181513701	0.980283127863684
0.392763946677894	0.323160723512172
0.681608515089387	0.852351429273739
-0.0880122045167258	0.0754743137810161
-1.02156897221497	1.24081744891768
-0.244228701195695	0.211569608005946
0.12870096247532	0.115132668328953
-0.357890853889411	0.29226076432291
0.692815029628414	0.453158485002263
-0.816367189577852	0.716541495260259
-0.132071856715445	0.0794756162402632
-0.490204764369328	0.533731805045137
0.384016708211497	0.405218832881727
-0.17492702311764	0.155831513617373
0.636698007991869	0.823342157276697
0.0902177236334982	0.069886082019181
-0.261806899861852	0.223196821351433
0.306123043106858	0.30850348611785
-0.233912330389387	0.220612279332059
0.175470907377055	0.162605163217428
0.290872112199257	0.3099826823699
0.329197402033708	0.311437600288767
0.368765318138805	0.394929586456636
0.605784585013401	0.734484433965893
1.04557188016202	0.50751321134606
0.140369378009766	0.0801709730822064
-0.304645063394277	0.195353467757436
0.281951678892684	0.192261883204845
0.154477341617622	0.0998068013521246
-0.32563272308196	0.151477531492349
-1.17857493266572	1.0424315993237
0.00206274232387492	0.00106305644001115
0.277892544441588	0.199164324414616
0.59862278225956	0.558147035750859
1.12698816497059	1.27873132083293
-0.00314529577618373	0.00164490127502343
-0.695797786497771	0.493610748275208
-0.614278749131225	0.652235510273156
1.01074016597182	1.30008257021055
-0.550551096782637	0.554794133362882
0.381640796311924	0.390725793904035
-0.50819694713184	0.622702818771813
0.177923441661146	0.175673124905845
-0.105754355393305	0.0984322207363885
-0.529091548372187	0.497391048123229
-0.399160483358917	0.562542367785165
0.550895671079738	0.680879250506157
0.364409695024619	0.397872076392328
0.423720712717946	0.408609715867597
0.0691841985445844	0.0628262594036723
-0.273130885382328	0.296391232147988
0.786441795435739	1.07898586754255
0.167441834646649	0.150529757072886
-0.376592504071477	0.395766764809136
-0.618614983368411	0.659956727942522
0.0424368964186786	0.0349597029058232
0.1887796286347	0.194889542322364
0.170493640237498	0.160888707970483
0.278832125261514	0.300499137777903
-0.00073631128917866	0.000756071108676973
-0.0521679655958115	0.0402754065984253
-0.849151798681661	1.40840591345964
0.167957444365919	0.147847809874905
0.68573450727813	0.862161100176033
-0.123940726918747	0.1023988230302
-0.692082148054342	0.781310708572241
-0.590930481672326	0.674919340603687
-0.429777597857937	0.443572094268838
0.900503079589448	1.00022078517164
-0.578219485711064	0.622987579173655
0.00637650257332942	0.00474471366864763
0.390002645378532	0.402122150891479
-0.43129584958534	0.445566812779633
-0.404695262775032	0.39202668236989
-0.118480571892082	0.0995553415332023
0.118835975532582	0.107681694011739
0.0105776461759371	0.00780051702221189
0.594800584942611	0.715877744984291
0.0810227745041674	0.0608109036119237
1.32589315126741	2.15710577742727
0.664109542027615	0.686430065232667
0.778548901083665	0.930589090859182
0.807069713262457	1.25319572399723
0.148457655218862	0.0907944674216916
0.736535975716428	0.809848803664636
1.21612308440586	1.33684471075799
1.02122213309023	0.386053669499024
0.257099407891466	0.226544730588183
0.289270607088346	0.308195440617757
-0.167217764363983	0.13532349630576
0.965187087970668	1.5319108110762
0.314975840511616	0.318959501762392
0.556185725993209	0.624946105106916
-0.40019733394699	0.386653361386273
-0.353252660905627	0.374098632315777
0.224241786881407	0.224009400554252
0.158676305538587	0.116658393960796
0.158643856927144	0.14806717755834
0.420332134734412	0.404439750335263
0.561483169649967	0.63235116351581
0.0758476800152521	0.0550087375568834
0.179430055685844	0.146826170340107
-0.563782024478746	0.481190748478444
0.687201870640599	0.93018155124107
0.153789093006508	0.104306282654993
-1.00773616521698	1.29823400024875
-0.570968150152668	0.612649096434585
-0.722034042879619	0.957785412703101
0.112351324779191	0.105572546754907
0.531912434980286	0.606585084084878
0.346277489779634	0.311459839662934
0.0152029175967349	0.0111754055775725
-0.0577099802607667	0.03787918132769
0.165550037126583	0.145513989191419
0.689871470496928	0.451085824694749
0.662594938159402	0.754245613747779
1.01335889507143	0.957758201054408
1.13986710045372	1.41298905736137
2.04415436087824	2.55410946382847
0.367075857461076	0.392927483156636
-0.121780885036674	0.12365789603333
0.174080708030336	0.157690799996692
0.228832000759261	0.247748944868339
0.915141410791085	1.02744982765292
1.12008296609164	1.25905361892376
-0.235689534265843	0.18157698542193
-0.239493358733162	0.227190790874727
0.359296457832526	0.302228187060724
0.848983328987514	1.22730994187923
-0.0745229280870134	0.0568546386602376
0.825916909512776	0.866980882808185
0.991370785256391	1.18012218813715
0.135805977315208	0.045997318265274
0.140785309842846	0.0419396944428236
-1.29910988710549	0.594809212556218
1.75955206319763	0.987433265790141
0.155728913403193	0.100865326585969
-0.108713140846841	0.0806040679700944
0.861389355811141	0.988565212041529
0.592256281074592	0.447278506393742
0.365585726229573	0.163667154476849
0.13399505078176	0.0452824652766507
0.0168512751651258	0.00977238677660615
0.899666945095005	0.78054981595577
0.85797590560245	0.983551224155416
-1.45427007027037	1.57840004287544
-0.807329620049789	0.705341396359281
1.00450624332348	0.943781427155014
-0.26298354769403	0.133627508680891
0.128655290790324	0.0616557066164373
1.55347727946598	0.773183811517379
0.549668344334657	0.435683535443379
0.392201797614998	0.393139080376779
0.0198047473006508	0.0150351244499051
0.865824753018786	1.26283070207732
-0.258816187019938	0.243329743863544
0.341420209105606	0.315406503778076
-0.807210739723728	1.0533463797661
0.499442200520295	0.430208248398482
0.309081411365846	0.170101085972183
-0.320766612276399	0.148849706516837
-0.164339324198145	0.0599109386152847
-0.366900349420648	0.35687084567446
0.0514812107938517	0.044454360823125
-0.0304690156350742	0.0204110662111598
-0.453282712065025	0.588336508610015
-0.0814519254544283	0.0624681493381996
-0.552869326425068	0.468894335783846
0.101918377115573	0.0895925171198191
-0.00284889844157621	0.00193649234162053
0.565167188426577	0.616051907879497
-0.269574548942497	0.291830680782104
0.644964216857549	0.837278081650899
-0.180715970708	0.174568439028738
0.880679411481972	1.08714503016723
0.472674709500514	0.295698527157199
-0.159687229681479	0.0918739804739914
0.499532667959178	0.429513977066229
-1.06626473497019	0.864347317150076
0.888763249600626	0.478179456657525
4.71075738912173	2.87654935532244
0.304113534133139	0.182666392281207
0.338513170226462	0.169233151440634
0.449740793265576	0.304469487751762
1.03503888142337	1.09501518318168
0.714860682358837	0.594812085430637
0.00132099596051338	0.000694278634320255
-0.121874142108768	0.0731024052999853
2.38257733373364	2.02349746087387
-0.207374443431451	0.162444151375329
-0.296105223101688	0.250065073501028
-0.135142604087735	0.134830218766316
0.0823971073649264	0.0820629660223011
-0.128112723231879	0.117173772526097
0.0582622578065008	0.0515378393954395
-1.05024091096258	1.20447452485454
-0.10157425229607	0.093990865646177
-0.519862047593142	0.702665881034653
0.734986151178307	1.13556013233579
0.535897420106305	0.523194262063325
-0.161915569720874	0.146148554228723
-0.754336207943776	1.03239434134499
0.167428875297981	0.160845852411208
0.156868502540349	0.146115665118594
-0.590896490931111	0.753886171254899
0.984220777335905	1.45679467829929
-0.368819433799838	0.418126459250216
0.0467215375748978	0.0376808182244766
0.179992638116352	0.170605432760012
-0.066420098812962	0.0580326076131713
0.573201333696536	0.630189996318053
0.317461337947732	0.306493026927909
0.71001637300188	1.0401184854787
0.173578872386933	0.16068619825794
0.522772199127506	0.528291022676311
-0.883596952832764	0.969793367812208
-0.26045724042186	0.245098515667791
-0.441210962164878	0.45817314952031
-0.0487148484834223	0.0375542907450242
-0.587553048736323	0.669544800562836
-0.0105073517757205	0.00728792189467614
0.936369653731734	1.13869000387638
-0.0444879076345663	0.0298452133180721
-0.408733394736182	0.427578603240266
-0.0173155912526166	0.0139446241556233
0.350839403292182	0.305431725392259
0.0116667152010489	0.00859037725652331
-0.0721279650288683	0.0461463193257393
-0.133046429219767	0.122043181356591
-0.0762351743446733	0.04882584961066
0.274445263749307	0.205464008545202
0.415268403079938	0.314839259359501
0.438173257458441	0.425567482438165
1.01992133998563	1.40355670020267
-1.06001817290748	0.858150438614069
0.934306065083921	0.918818687279633
0.52509997633889	0.302589055268402
0.649540136788795	0.206300566749324
1.25235627602433	0.690487755919548
0.0813220626929776	0.0627827845476632
0.364189053581058	0.319379806256614
-0.0726804505039221	0.0627249330230888
-0.899245484512811	1.49845999701971
0.0982242958536358	0.0805596056863511
-0.464052163440496	0.510966003495582
-0.810185235014698	1.0072788725357
-0.133731393584315	0.111155830763653
0.25631212981115	0.205090892433299
0.0395841635329264	0.03395854619911
0.361974662589906	0.305959954917287
0.667836086942405	0.917461113809112
-0.317865951078785	0.335119721220515
-0.0158075652357616	0.010839375712321
0.73986177518936	0.815868831218852
0.346250180758229	0.320894963465449
-0.0372008184668879	0.0296105485550397
-0.563492759509814	0.602165062228875
0.0346949042294551	0.0212524396865102
0.503145873091349	0.519486270513596
0.509762995007141	0.528625210057049
0.339545669351116	0.313999184063124
0.255456714996756	0.211886896836124
0.350383686983878	0.315718876630328
-0.42095988576299	0.241564440834387
0.1706803774729	0.130859185410847
-0.0379153701599359	0.0254205314629355
0.832524025842938	0.876334325258502
1.0973398658889	0.982165535298496
-0.036743079381463	0.0292346400205522
-0.613906551818796	0.855285708775508
0.10416109934695	0.0878804862434778
0.396976006090619	0.46097017825657
0.0467149946260168	0.0386004267717248
0.495218654408939	0.596293902897577
0.394665480409657	0.310775946713124
-0.874905256806337	1.01947358706531
1.21712955657866	1.81983413023839
0.574315905443231	0.552506486954322
-0.205578609569872	0.160476504330923
-0.69261739434591	0.823906269108172
0.172007132065628	0.16248587708829
-0.0291731460636437	0.0238398267837272
1.12485982157777	1.27531306293355
0.140130255519626	0.041673932144754
-2.30520355701273	1.18371915202431
1.310612918568	0.574810701056327
-0.078572371521343	0.0348537957440428
0.0921646915542721	0.0694295517197806
0.955674110597962	1.25076854524521
0.146705617033306	0.09867743781148
0.759896003484561	0.450310262098262
1.08152832396168	0.814337429400341
0.505733117049643	0.181688891875415
-0.919228639643595	0.780568909450876
0.777307728991395	0.734989212546669
0.668424178120346	0.764861056711982
0.0943614789553363	0.0733506154212089
-0.505503033534813	0.438812395320601
0.00141524750314463	0.000744194477126029
0.526270828760216	0.303384007751867
-0.0817702934712246	0.0524292282472936
1.25528185102602	0.691948679154516
0.556067382704877	0.44187776499257
0.858852266457113	0.985169226333126
-0.0399632868310137	0.0312663512117098
-0.323706342561567	0.269028795445025
0.682009465049317	0.855122971904581
-0.216166912221549	0.206153681172993
-0.0292308282240442	0.019971005795513
-0.807467776981834	0.77425224878516
-1.00123691845556	0.502856258630045
-0.233387135509462	0.0765198473617531
-0.0780607985092838	0.0346414562587008
0.239486663076898	0.214917238110042
-0.155681532377656	0.12488939248329
0.355559972472291	0.386058190068577
0.00972942325415286	0.00821674754289534
-0.0118170327101185	0.00965402571409796
-0.028318610762784	0.019345350559415
0.116225854014546	0.107511888901054
0.237770544329106	0.224387149566987
0.171331014440561	0.158288818128725
0.810272197779278	1.34230039659938
0.434161781969695	0.48206232723416
0.301115167863749	0.309556534743208
0.512908003967131	0.53268628374303
0.306236889147517	0.184315578094952
0.173599624543885	0.141681621321047
0.831997139473857	0.755339460232647
0.284903156152469	0.204981237050081
1.60043552762109	1.11392324023582
0.570037554617546	0.545606847197053
0.295707547003765	0.19099684573838
0.290187587322576	0.186784819399803
-0.115480842244231	0.0465373051421577
-0.0732497916671639	0.0469048678122015
-0.408674227961948	0.328909433326352
0.982602313512445	1.16540065947029
-0.0687524957203963	0.0640478649657765
0.0232995119772957	0.0210711738412365
-1.20532375848984	2.46083810412605
0.0746052781336799	0.0704578403516381
0.338380511559066	0.379160554687745
0.0679623838000375	0.0657608917503697
-0.183388290494111	0.185785889026501
-0.312548455582263	0.393207198348478
0.803604699397012	1.11625035399757
0.0896748200850019	0.0695344273655607
-0.302125604742319	0.36156423193118
-0.327139108105053	0.398665439240711
0.0950445117662656	0.0797112492507847
-0.661813798641472	0.99350063496832
-0.573637652266153	0.69685716500967
-0.599796030605465	0.898942076679032
0.445640828250421	0.595032549640423
0.556556096712935	0.691660426503144
0.0821723160467933	0.0805433387415062
-0.427052346422651	0.555253973804855
-0.751058842047111	0.982544849856078
-0.21338551171581	0.21074922780192
-0.309544445703236	0.349361182652229
0.459822758869422	0.505698469362493
0.360306312421418	0.393085263537106
0.892177652274948	1.28019794593113
0.279868869351183	0.302192411816852
0.589041959862248	0.775653079889456
-0.156356049447123	0.153582084799513
-0.531465211801933	0.499935699299033
0.42885424346486	0.486425860785291
-0.649690811600712	0.779900753712915
-0.597026122977803	0.6845172770674
-0.590101931571774	0.752488666566403
0.171108863275188	0.139592869727115
0.0767800489747006	0.0726276579930089
0.59367162903097	0.71453190339992
0.122991648255884	0.114376535654599
0.602732937635508	0.563398382802842
0.477995954906723	0.516767680861305
0.783893509771912	0.844727770460685
0.815710179485352	0.953898659360804
1.29350015413824	1.78478747884646
1.59378864879594	1.10717273223495
0.297739671471134	0.305406986092119
0.44932465710187	0.490830803906189
0.426520663994385	0.306716930207088
0.763404124871014	0.598344209343012
1.25397620967572	0.691529582110652
0.933324263209431	0.244705909364566
0.669732606178604	0.313086579259695
0.352366777576688	0.317633546209632
0.0630606285545122	0.0559858554117663
0.160721223168755	0.130235360114989
0.17042178242312	0.164063505227104
-0.443599335087606	0.543135996913876
-0.259310100586324	0.277683136882772
0.774210724674958	0.921216040958899
-0.194944057618606	0.172227299870006
0.81311880825626	0.951598365278182
0.391051343493136	0.403916404057656
0.22775030996898	0.259343907175364
0.913054621682156	1.21606491530869
0.0259091541446529	0.0202358960656446
0.164281993911312	0.160411326919304
-0.232788822662243	0.178808609284382
-0.862807133612239	1.06179049750983
0.896932788351593	1.45094064656678
-0.821486183203265	1.13332162662565
0.351130510214619	0.305706092795235
0.350976481384148	0.316319027432128
0.918424056079718	1.39918370730433
0.308649105989572	0.303828942958745
0.878103639017466	1.18756094074043
0.126205198575887	0.0603818643082294
0.319723884136191	0.176676881594154
-0.335639829102268	0.156419014421404
0.684803499522351	0.446675106022347
0.4633646322204	0.425378529500115
-0.575705096905566	0.531729698204457
0.0618969118714184	0.0416522245999968
-0.522491481028057	0.401586482525716
0.0539499727408123	0.04670285295615
-0.268766568581414	0.269711913065115
0.173164426446354	0.153028961308403
-0.468830838424417	0.517622791797639
-0.424578255472882	0.496500768970331
0.12997178070838	0.134768739462501
1.0579193816233	1.32822042014797
0.74581286596606	0.90624141968833
0.243014844646307	0.206225688240955
0.769287687389774	0.457898177265002
0.528144680755117	0.43918215737513
0.270869463077291	0.211289634051544
0.406998775718343	0.400939105542797
0.68292627805433	0.855455377182183
0.556400008868175	0.441989653927873
1.87540481189896	1.60669887944173
-0.411606579711645	0.174215663689476
1.3094564119373	0.574146809919677
0.802847723592207	0.338179963633335
1.23699797017344	0.852697595911952
0.143557028177284	0.0874457424268251
0.441239631958313	0.415312647546401
-0.816301549133525	0.451135099974843
-0.805697128108322	0.443931812866606
1.81210894888404	0.710969215120519
-0.0000468484499912456	0.0000130725793986449
0.261504298060988	0.217809329073091
-0.291469010492807	0.245735357166824
0.0892417983809557	0.072720695971215
0.828123052209897	0.752799414169096
-0.675231987473448	0.406320059916783
-0.561932157356934	0.36051731761339
0.145303062474096	0.0886335879037226
-0.207742581417144	0.113237977784389
-0.300561951669916	0.192629297900125
-0.275985029337423	0.255939490999202
0.339385472610603	0.389110802067846
0.343460147729174	0.317991598590232
-0.234133635348549	0.220940808588879
0.150727801341315	0.0921749042569801
-1.00858401992922	1.54472067765003
0.570107307083478	0.625529599048994
-0.5632620356358	0.361984105265148
0.511447846039878	0.183898335950935
-0.409904854402401	0.288101451482763
0.443361430628485	0.417333107477248
-0.400239205802223	0.416258667260673
0.0609384450318221	0.0409866279048405
0.343127503481008	0.386403924074622
0.997665826027089	1.48426127520219
-0.880200094936779	0.963793966383533
0.329428601242593	0.382368513772286
0.17105437649973	0.143439224201368
0.548318153279487	0.434566962343324
0.159227029346076	0.121142668434973
0.689209613252743	0.448467020529016
0.48816691464112	0.307229799442434
0.775199648491042	0.732841045865455
0.517277122295976	0.296814066447471
0.486543240967563	0.306710473803373
-0.625984455329668	0.30451398202405
0.453621355867187	0.307076532137305
0.712792433123748	0.803992492183954
-1.11369230032909	1.33428371835683
0.466428598842934	0.500772376200858
0.127788052599193	0.130111569952755
0.236321623863377	0.23813681804018
-0.0710986058350168	0.0727565927350398
-0.233210703659978	0.237644471928867
-0.00623233392607211	0.00575194958298011
-0.5567162539541	0.712907718863737
-0.407062408564281	0.48057795939018
-0.496991777373318	0.693862558046391
-0.211567506526397	0.216073510414529
-0.0742620109761552	0.0567223631008768
-0.132540973544785	0.141200474479937
0.109779011740134	0.10105079138251
-0.0545913456212165	0.0480959365227821
0.461342686601461	0.569361908338177
0.163932271923955	0.168871106034001
0.287384913474648	0.324039150835584
-0.0970123526408608	0.0895806990983413
-0.013622112226405	0.0124781279749198
0.571569321027409	0.696815237275661
-0.243126944278209	0.244589211401085
0.158951105185761	0.138737772671207
0.288876059205697	0.307695697051738
-0.496045818385405	0.542187375063155
0.466392311688573	0.500606286949028
0.440179311643635	0.490574193427373
0.228770834185787	0.24338082258938
0.0472722261437604	0.0399208769553087
0.636383081417878	0.822588268065491
-0.309280681810528	0.331019426287453
0.398924819759526	0.46411922454091
-0.407522644184263	0.453919374086115
-0.173378606435982	0.169608906625608
0.298159929344839	0.305548723840919
0.031098382279007	0.0260638554030554
0.477863631862811	0.516628730919101
0.684131404670607	0.683653462255952
0.171436509259978	0.158179508706498
0.272372676927016	0.212343614689875
0.507304092990551	0.66919082200684
0.963833801490543	1.05085692406533
0.525715604131761	0.531353765911165
0.418478376940016	0.298954155716483
0.282793407732411	0.212556760361152
0.240456134262022	0.215898559797627
0.317681243226353	0.306103658788835
0.167737589470536	0.151193360854153
0.146466012446776	0.0891573718086193
0.529595438323228	0.305300903042476
1.22992820781522	0.848361585992025
0.357551841711517	0.31184568607343
-0.427151908658671	0.245912854816931
-1.03953690806935	0.417771635817701
0.150004967546857	0.037720852406733
0.13513218051545	0.0515708994954218
0.140184451576725	0.0265585662587612
0.453380618775007	0.307488816047019
0.308451546854848	0.310905722971438
-0.687089635408527	0.953606333644255
0.399042873655067	0.484271902083906
0.708227945364893	0.873077254495861
0.400908645336045	0.477632815236668
0.0932042037139224	0.0742503745919669
0.658872663584277	0.898922540258067
-0.980302432257801	1.39295294178018
-0.327651388293676	0.348612013575196
-0.484483802452921	0.328569436675866
0.120912472400584	0.112238445312463
-0.229579960433711	0.197390316447556
0.0629631321534376	0.0536504638947046
-1.19356044337922	0.676953901998479
0.367012791636214	0.164496405706213
0.148123932113398	0.037298775193441
1.05735363775023	0.511845151795033
0.0362895407101318	0.0222260469018138
-0.560607024335563	0.56794180351618
-0.302572718299558	0.223498512156231
-0.498761972286984	0.432265758734079
0.0168852114962338	0.00981804655279809
0.52221169414806	0.608481720838371
0.22014069518047	0.240837222214033
-0.0431331017052094	0.0387934717182742
0.161931215821305	0.123497769319264
0.528839903663925	0.600517573633697
0.173526690645742	0.174003477450056
-0.0117763988853257	0.0107001995005815
0.915857181910182	1.39340334943372
1.12707271877376	1.27506405130858
1.27990165834859	1.88611877835202
0.461216263478361	0.423071205964104
0.689269691539857	0.692312365454865
0.493808429920996	0.506973464847313
0.7740334357003	0.923130010394955
-0.279227883948049	0.233191424559489
0.183208531339124	0.162791525148932
1.60184429349292	1.11550775035629
0.931565691852841	0.244293555241305
0.670205643389993	0.313394528867609
2.09523747403063	0.938787999909388
-0.823912099597669	0.644759080193696
-0.52474601468864	0.491903665740719
-0.00578487548554679	0.00400116374838023
1.22062518827603	1.02510528535836
-1.50797963865712	0.776533934641885
0.425961192082242	0.171382412553361
-0.718158176512526	0.642149785410656
-0.695627282807476	0.829278374770073
0.779967191629058	0.836724448122588
0.629931279850844	0.665871066275276
0.291804347996612	0.188375403899114
0.817057219751498	0.85442943862514
-0.166720587533231	0.0607503375240969
0.625578679175928	0.440517588608262
0.147685616873541	0.0372140815523598
0.27449042059547	0.196717765510604
-0.263942569112288	0.19903130687395
-0.306687364556167	0.282654230961246
0.557373278747256	0.530486952355676
-0.811702608323418	0.901103397526639
0.509998508575557	0.528268940221745
-0.476590088232298	0.451402876190548
-1.00685405468798	1.29828001377612
0.529244533633617	0.305048764673768
-1.8396714502032	0.75990222543046
-0.170912764961516	0.0622636754540297
-0.298179164027918	0.191512673391345
-0.0107871256734292	0.0089373278922348
-0.207513470395036	0.214904344795412
0.32272049578732	0.400228456929993
-0.524983122026356	0.491969677030449
0.524301726001601	0.433283555119811
0.0432570743342638	0.0364182731089086
0.326573646588088	0.316975972800886
1.22283566885198	0.842115585187827
0.487872401343173	0.307309787071352
-1.35277553099781	0.859897434488365
0.319329887852886	0.176440025578113
0.543330192579394	0.428067002796132
0.895331614997479	0.774526178340725
-0.218054678773484	0.19107299384688
-0.131304058726901	0.132320164585025
0.359208993109587	0.464658929578336
-0.46059901891112	0.619338064015734
0.329913999745375	0.375298715540618
-0.0861350955148505	0.0750572461825205
-0.215550996287383	0.238622520300157
-0.587792304076169	0.749656633266552
0.0129912260447394	0.0115094784601976
-0.455479977436775	0.639438512780739
-0.000969616708886023	0.000637601702318958
-0.492407626655697	0.536994681691014
0.359052309600055	0.400021136825054
-0.189740756274739	0.167068459868001
-0.149547749951702	0.13646755565838
-0.718202341486335	0.98959292411081
-0.0231367968225737	0.0210442042899759
-0.358598481011257	0.425277873067222
0.565202131230283	0.684976804657944
-0.220454744944872	0.241542264208201
0.039127538043181	0.0306697330160192
-0.00846919711219012	0.00703712518248044
-0.411155126577045	0.474176881863458
0.0588472253285637	0.0529713189121267
0.372201093338375	0.389757177523732
0.179059402036183	0.142199130483205
0.511264301209842	0.728252314162947
0.384677628160378	0.395912341239292
0.97311574508975	1.61569897536147
0.494378793875149	0.507907127329387
-0.0609470168310261	0.0400221006020817
1.27922112523402	2.00106095565878
0.396272550943525	0.399369506525755
0.158795063586409	0.148284707384341
0.421659540691942	0.405528281316662
-0.649995802406673	0.905505587715656
-0.552747649053308	0.558058279263278
-0.0864180261497342	0.0649249909200118
0.476899568004846	0.581578408398913
0.615750987052153	0.879333495165012
0.698389441403744	0.783371410757754
-0.103404271954579	0.0859726427361971
0.551271302965504	0.437582397119879
0.544626760951558	0.536252049539561
-0.61024867055233	0.610799494017006
0.352613004435195	0.307493325783346
1.21102194586729	1.91639090246541
0.165461744092485	0.141745520357448
0.165421157214874	0.126509727815501
0.517074316419104	0.520279512707812
0.175872730302496	0.147823409253259
1.75830468017165	0.986217056022245
-0.0530946678995782	0.025503851221442
-0.338221792687656	0.157700309603686
0.676653719812964	0.316955102147894
-3.08991345953591	0.960747174631736
-0.234829575212863	0.0770304092976012
0.510875541395758	0.183928738190787
0.729398907244541	0.712221328591226
0.254197891446675	0.216623548933369
0.307456314547571	0.369952358817451
0.168104360920671	0.158199605670517
0.348039058533142	0.393333935154924
0.26066887609	0.2168781550477
-0.63161751239644	0.836878556863824
0.459331511523836	0.565708940793815
-0.467966248172695	0.479590069852383
-0.762980655947861	1.00609766306443
0.67247997952379	0.768796922000177
1.08150177578665	1.55892522980679
0.175376078931462	0.162288168218655
-0.541066451685159	0.726350717941147
0.107628267984673	0.100773332798227
0.0482602718950767	0.0416196510985599
1.32016227056851	1.55139663971033
0.260158884481476	0.20915408218501
0.178276987919385	0.165526255190122
0.457156611908014	0.562745645664364
0.155252826985019	0.100332810996664
-0.743262218330639	0.25823540605921
0.304887947043318	0.167164387973694
0.314708209169352	0.173375059755402
0.133184693597689	0.045081783840785
-1.29501851864946	0.591906870943179
0.00103943183796946	0.000563470862564907
0.33375938658025	0.166820837017448
0.735210702980449	0.808276470361915
-0.0826319177067281	0.0529209513601677
0.739463335764322	0.896970747794018
0.258328749603924	0.199624856953543
0.860865475955989	1.65388412071297
0.404107314105311	0.482707173114552
-0.203722957464297	0.210276000781826
0.571706946964108	0.696325755800117
-0.625492914846359	0.795276135624917
0.0813690169511519	0.0591249358611721
-0.36805751783787	0.301810197195935
-0.239277763342603	0.207218729046196
0.249531696589307	0.225589258206835
0.257979313227158	0.221013763297719
0.771259968203342	1.00370969733937
0.660215430903426	1.03707358338572
0.592273710417284	0.308452056647202
-0.244877582433325	0.0800015969224816
-0.632379526065138	0.307406332232206
0.519251689712159	0.429856056858596
0.385619467134454	0.396730536013274
-0.100292808125758	0.0624486995240805
0.768637074359308	0.457853056401832
0.872880027594769	0.467145468900672
0.65414904119533	0.208020876626531
0.299996245150454	0.179626106762996
0.50424363804939	0.435119179158996
0.0818166563444323	0.0614384366605944
0.429144217205092	0.415105127866884
0.146933681907061	0.0946843227651011
0.145784006507001	0.0890394689562894
-0.0234135637727193	0.0120042422461527
0.129472063393939	0.062063215488071
1.06770820909034	0.651958691158333
-0.022362465295926	0.0114987448718425
0.34662560499112	0.311856393282111
0.235887918376357	0.222337468017814
-0.496835384407019	0.580602552367333
0.0239602454015533	0.0187186082231037
-0.590320584310038	0.674089048178548
-0.214791186808839	0.187871183939915
-0.116437053298476	0.084239540233276
0.429138140572359	0.17277091636147
-0.74268646139225	0.257731156830762
0.126343212728425	0.0542090070051475
-0.416345118683867	0.437132450232375
0.156345320297608	0.148677558729001
0.295969942797695	0.329692866238355
0.399873836659654	0.485989178910918
0.299125095467055	0.314017886764376
-0.45461255857041	0.356664467001928
-0.206648555847773	0.227460966575285
0.41934207043277	0.494950653181655
0.0211654569333513	0.0190989243521998
1.34738725371321	1.23737232323969
1.12362415607145	1.26681061741802
0.285502417920286	0.18346473283706
0.33663866679337	0.168619278509984
1.07836638583028	0.811672028996172
1.37550356052858	1.06063115225588
-0.491726220648361	0.334276927300043
0.284458706727624	0.194463902721332
-0.547096195429687	0.550122812268057
-0.712977210397825	1.15408987846989
-0.405315911591623	0.573494847482205
-0.1833255450289	0.189271465663556
-0.224727086113311	0.247172113142235
-0.146966019947993	0.13384169794644
-0.743997907605014	1.16210382543488
0.235915306394154	0.242697430887713
0.168530993327279	0.168060573701624
0.452623002792143	0.495989395631334
0.35056156607156	0.396550501395604
-0.149066584082173	0.135736501892874
-0.0671992421346045	0.0643643737408695
1.03306005458565	1.51269715031301
0.37735877130027	0.406248150740924
-0.00451722520587113	0.00376599457194031
-0.247343593339889	0.235997562249467
-0.237244547222019	0.275048775444558
-0.504958828434228	0.617295523349339
-0.140442261725997	0.114576175828721
-0.197359041147558	0.189328507710415
-0.211111866769769	0.204459574590312
0.481936584521367	0.429870576214203
-0.183772849266017	0.17795104608666
-0.354648376708876	0.375816099502803
0.0888047101348883	0.072366490233151
0.123543532202524	0.117143262455425
-0.403938014230247	0.421437260899678
0.471445383227024	0.572382637006542
0.171159960603951	0.161274098744892
0.587727415703796	0.649875490302597
0.715592229420425	0.885454525349829
0.502308234428819	0.519092880339347
-0.185122438647823	0.191571065895438
-0.00881745877960801	0.00613255703111826
0.0507299958240586	0.0454115039859042
0.718712362105586	0.890951010616001
0.82057546179451	0.85867269359516
0.358345838467571	0.31349352771921
-0.51345818058846	0.524500329558483
0.175530025030224	0.147668557361923
0.104208422362338	0.0857802651105982
-0.338839445316548	0.309627675769247
-0.417122913613595	0.407114449763776
0.17556685497145	0.151203717945326
0.289631112740656	0.185848678829469
0.270869463077291	0.211289634051544
-0.447981051592419	0.393167587344929
-1.00365027729542	0.505622069288915
0.932829613639135	0.244963311679429
1.75636377521505	0.982315879610136
0.478427255770433	0.582819146812537
0.744438104385286	0.984140065878797
-0.117360453968457	0.108439191193631
0.0257747207945371	0.0228923748796856
0.30383591047661	0.31308953354794
0.455422888384923	0.499752150083926
-0.0232961163150946	0.0189849384068942
0.733067846549545	1.0606051910742
0.178079825234859	0.168941226937602
0.290639224303691	0.309887013386025
0.719504432850654	1.0349344994647
0.381625857529162	0.391150364514902
0.00822141569397555	0.00609383202360802
0.376918566474537	0.405666120647193
-1.83100980576584	0.754410690712334
-0.790655928288034	0.349811250163246
-0.163793329784282	0.0597182116427333
-0.359911076994201	0.104872867536805
1.06128515818229	0.647419172283466
1.0695918106287	0.655105894682204
-0.242894765745569	0.0796348330145537
-0.783976795150802	0.345517641452315
3.92214982720788	1.72640548457834
-0.680063341742333	0.409422319839808
0.596571176410387	0.555374150642625
0.504582890334274	0.434759610222676
0.169649959401304	0.125612652985726
0.0435120015538958	0.0265976971575964
0.226537783722053	0.226614464463542
0.175760229309159	0.173296718608878
0.303421918445277	0.305314468881841
0.167805338501368	0.11944268453585
0.290066336575415	0.295357639933722
0.114838250167721	0.115374097730384
0.246304075049982	0.228146241730255
0.373922450422188	0.305385868423122
0.279101981491564	0.200497609179945
0.843623500575596	0.620057834548339
-0.355202345554962	0.289243044664468
-0.00532348343214332	0.00368222079933063
-0.0781518807911389	0.0500854765328945
0.640919215767267	0.746774034627932
0.781348401624416	0.840158433075306
0.430485762153355	0.173362486516208
-1.0260611419064	0.942299897190115
0.392625847154876	0.310048349854776
-0.652678725445592	0.597227936186459
-0.970640715548483	0.602070267812576
-1.00444860123223	0.506172705694347
1.42626953030405	0.882296571978431
-0.671051454226434	0.403051590422899
0.276872494317175	0.207560226124474
-0.181090006997143	0.126782059815086
0.36019798705294	0.303878791656538
0.689378690701622	0.450777595759185
3.02117226387497	2.22869620906693
0.128343911234542	0.061422669414122
0.427641662602157	0.171722585313014
0.65469668159777	0.207920986734369
-0.0573419886825821	0.0274914974024202
0.468209162104076	0.431299904651733
0.521748954523629	0.589533738452822
0.410978268050955	0.31056237407064
-0.358736562238359	0.321546181671718
0.238502153517955	0.230403019881037
-0.12300088615506	0.0893500945299861
-0.294713432153755	0.248799433224233
0.877251546132768	0.470203510037352
0.13298152746469	0.0507632417340983
-0.53832996700255	0.206517294988811
0.019039301010113	0.0110241858847713
0.613046062105479	0.725247942394131
0.377938896755832	0.397598882854974
0.16049712618439	0.133663676077186
-0.261025072253368	0.222612005105525
-1.0733123608928	1.1448987687061
-0.0929795009119298	0.0799894110662057
-0.160831276646377	0.129638465671943
1.03542127571276	1.59498043764624
0.79887233154086	0.336139804071938
0.37285669292651	0.167587042469164
0.135252692340797	0.0647692705047279
0.308897835837145	0.185669908095926
0.402396856633438	0.303017987871501
-0.571806394275462	0.368884343128635
0.981525832141558	0.800667652976452
0.664593852195107	0.575241660612583
0.394696448942974	0.311718611512291
0.631929823076661	0.571466881283024
0.712475940373878	0.881537754473563
-0.593569538215968	0.677493932200468
-0.607237542825683	0.760779266237042
-0.147064464315927	0.143352238642725
-0.763237838877362	1.05063325980344
0.284190243984846	0.33764791194412
0.359117960049449	0.381862654016246
-0.499632114249182	0.58577238565817
0.422315244389699	0.488380815818947
-0.242041348483423	0.187212777005553
-0.89289434315759	0.912072659634598
-0.336668043293778	0.380412938715256
-0.678166292398221	0.971166163484973
0.112319499158328	0.101602630175592
-1.1879307228874	1.49899015864337
0.0830616942005127	0.0623965320357621
0.235511870336487	0.21622540606229
0.167462387695898	0.136341056707608
-0.733528999881819	1.09996340037687
-0.481129783680019	0.557350470341137
0.411969182940825	0.407245005507225
-0.577958397635578	0.623359443546451
0.241438980340704	0.239071097092477
0.0875086348500277	0.0695206883786189
0.725204418275368	0.790368544020167
0.173292403767501	0.128339058546839
-0.0147430263550502	0.0101290687570473
0.56042850494181	0.776904142753288
0.776380966072838	0.926839417769678
0.367936268023931	0.38350521073746
0.502405453398561	0.661265862733619
0.392887263187775	0.310170513258102
-0.17915654117472	0.103420393931061
0.372644040925029	0.303564620270328
-0.537712534982725	0.536780240159249
-0.208284962670546	0.181344042260223
-0.410882077488418	0.458627407857536
0.171434681834709	0.135632234292742
0.836290193562039	0.611484316077264
0.584039190037573	0.30296801215544
0.135805977315208	0.045997318265274
0.384392559480275	0.301055916846481
0.251372912075935	0.208032966114471
0.932302088142636	0.626734945136324
-0.630264637780198	0.306854983141789
0.500872832716147	0.179613727366856
1.43973986105876	0.479489791047764
0.933893785411424	1.32438589685904
-0.958948699706672	1.41133726309121
0.441801786810003	0.504244889087853
0.427245707504484	0.484274546587858
0.26192824766483	0.218258005537384
0.245854866009196	0.227621381035378
0.354512227018372	0.309515525826545
-0.809066004172902	0.538717346052391
0.93475950280045	0.244755261118093
-0.814277736318746	0.450336369915053
-0.00616501494278601	0.0032287321469607
-0.161409800498605	0.0587422036398654
0.317860956807519	0.175418364668669
-1.0055170664969	0.505458413299925
-0.0230955023516862	0.0118691073178671
0.0654818314201345	0.0457854427456847
1.01152623956107	1.38380423411881
0.733467304389104	0.886859693750945
-0.814061118763841	0.780106841218164
-0.401098077709104	0.471089302942983
0.406373481263434	0.561145081322544
-0.0559282720067783	0.0492593099236016
0.470426903217879	0.416391523058715
0.141021405646186	0.142569808796089
0.134217073109655	0.14789059607992
0.00611433926103867	0.00533089055887747
0.309896536753204	0.313063287140746
0.55158659688674	0.545659702169882
0.0553817447118089	0.0371916203901097
-0.648036611527015	0.809497959862586
-0.632307202529389	0.716069679933124
0.371941847621128	0.399267935320029
0.159500743352069	0.136044345208361
0.491544042399923	0.439200390058803
-0.165981829640727	0.115186524112244
0.728933094547084	0.711361531147383
0.503549389538274	0.433813390104404
1.33726223076226	1.22424020798112
0.128239874527195	0.0550562993102236
1.43708163641992	0.89510606428613
-0.0908656025000799	0.056368331749361
-0.579712264006645	0.536693109973384
-0.564685743731595	0.481663004403142
-0.873983095667384	1.08290900607223
0.162917747345455	0.132092834512804
0.778927845615618	0.737488911416155
0.371562012619632	0.166997408838697
0.490274094220257	0.309086054211516
0.767884784188888	0.602189476843951
1.25606719893295	2.06133214943273
0.940367658743888	1.14621296827656
0.105926209582229	0.0871923218546993
0.479258514031042	0.518616351178793
-0.295020362156051	0.295482192105141
0.248346761430378	0.211693774970113
-0.565730519039716	0.605982729797767
-0.519604168247363	0.485249733160958
1.06201255951532	0.646390130536578
0.669203698295707	0.312886079456326
0.762928551762843	0.452763971895155
0.0538679770432956	0.0466260911203363
0.417884877476525	0.492872653753032
0.165805246608538	0.149156239917982
-0.145690809696677	0.146554568366221
1.146552340406	1.42081750773295
0.368832121994821	0.299551557655481
0.294207818549595	0.379167042102205
-0.6064700299229	0.730401480156392
0.259136670028856	0.301372150474674
-0.11967156674634	0.126063003990939
0.388057875029792	0.400200525992026
0.764500985065272	0.453848266495726
-0.102062451340279	0.0635318007318604
-0.290769100235238	0.186073116272895
0.448668378740829	0.302433725219327
0.141025049871822	0.0805782650954042
-0.526195711913276	0.404803015637336
0.14597916947973	0.0939846023588188
-0.131861864414433	0.0794029894591629
0.144902372889366	0.0883731677560006
-0.116490965625942	0.0469648901038593
-0.169980105337823	0.0981862224127838
0.483496919187567	0.431588798788402
0.000395565641254657	0.000139685606026495
0.176862342602987	0.152559460446203
-0.207300195333325	0.214692741553107
-0.164848232517746	0.175563619285391
0.211616878140848	0.233706454177932
0.383025260851541	0.535846506710188
0.176955730629378	0.177874687638195
0.125050767326813	0.13102776193865
0.49811626990938	0.66762626355095
0.11047669066215	0.103673924532774
-1.03662577150095	1.70323004766144
-0.455041011675116	0.530710912584106
-0.153666916824681	0.140596074021837
-0.168254275248423	0.174513086388797
-0.820826211016454	1.13046419995738
0.262924144656217	0.312152372031524
-0.0745577770441689	0.0708619894652
-0.375704310575132	0.418894543859658
-0.13821330277746	0.124934005553566
0.0486294764467885	0.0469482490111499
0.109911289406559	0.103028350842988
-0.0141261282706328	0.0116268373298471
-0.269891636130922	0.27152569983809
-0.0124875522272112	0.0103562142010518
-0.119038026774628	0.122126746026772
-0.237385138067974	0.225029606441496
0.630913156588374	0.666274812944609
0.677932052569125	1.13443482315863
0.874734813892869	1.34160530755803
0.593649130481568	0.785609042428386
0.926055892615437	1.48135213245978
0.590597201272336	0.632460473298651
0.00340481734581494	0.00241607403457607
0.0395219672945109	0.0325483775685908
-0.160917163491884	0.129760857163005
-0.802505341367403	0.94044894336117
0.113419951716987	0.0984320167773748
0.43592880365019	0.40852981001806
0.30930786358175	0.304571518481854
0.940512515620936	1.14527420177324
0.76834868992731	0.458017918262384
0.130130225074194	0.055891225054438
0.425483209780123	0.171231898189555
1.31304524468309	0.575330243550069
0.234330999739547	0.230860429860315
0.227025323308003	0.226875227206546
-0.043662596567331	0.0342472576170055
-0.136701171617709	0.134185959657093
0.264809941416851	0.314964629395366
0.376665445364799	0.468189994224609
0.466027019516193	0.646602448116059
0.121710349520572	0.0463665683176548
1.55669334526495	0.777212571863682
-0.551976760937971	0.211617485920026
1.75144568353669	1.7799560885534
0.124952234774902	0.053702608099986
-0.420694214773728	0.17814154213963
1.63490943923829	1.52775750535249
-0.0484393436399602	0.0233229051181171
1.37534331197402	1.85524116261487
0.919147731512933	1.0334682234187
-0.272171615357409	0.206374802014972
0.446130042447091	0.30007110269768
0.702552816196885	0.959273955837266
1.21229140489417	1.70112980620025
-0.000295123952408609	0.000328097316480195
-0.323437205128944	0.26861592967413
-0.218670957818295	0.208794507621747
0.110554002615583	0.0913869959446777
-0.218846679522627	0.20902339732422
0.22893436820777	0.203529670608014
0.587724964741842	0.305923177107741
0.455626296082997	0.416362998242821
0.896187526901375	0.991002571402877
0.0379551307257382	0.023213358997992
0.489306492895194	0.43657469645119
1.21452626704733	1.01628462952598
0.168830293815043	0.129138459852345
-0.0999457785248762	0.0621363715596965
-0.937367101201301	0.691253619979083
-0.791745678755755	0.350963339322673
0.765591317344616	0.454650803598253
-0.507867922426657	0.269727702712876
-0.67315108405344	0.4043739639361
0.0670607783169325	0.0469005620542482
0.904119744773931	1.01074033522011
-0.413380121168497	0.291521804079312
-0.702785273524643	0.50148767634592
-0.478906503239187	0.32442574394216
0.583253175817435	0.303635376955792
0.140458165206262	0.0418615852654621
0.288879167108026	0.186059412167855
1.11138339556249	1.12861737501575
-1.31545349756948	1.65105217570227
1.32949080190994	1.40659602302241
0.164073436444866	0.116634476818804
0.163067018920415	0.110997876600829
0.358086803864524	0.313227443722719
-0.0556183204186848	0.0267012708067225
1.25854736828994	0.694881226930905
1.94197656574233	1.21753974055079
0.373362220133253	0.167630063347766
-0.556231042903518	0.473675838927427
-1.21113973133154	1.69049572662284
0.23873369957871	0.214085504114025
0.972420182084011	1.61257381142912
-0.284633637818863	0.238818753240503
0.0211487476711722	0.012220073649308
-0.0576730005981104	0.0455105961617925
-0.196495288009276	0.157373715801158
-0.0959513579556016	0.0706241916379702
0.0794346016955051	0.07526714474474
-0.40103712383753	0.321569932626149
0.0633987015390637	0.0426838840890909
0.147482611322424	0.084312312418276
0.690706651172775	0.451932423801335
0.878829699673846	0.471757404673678
0.840586180850867	0.617295890665467
0.764658733143141	0.60036505101847
0.126830956660733	0.0544283366570393
0.371189823682536	0.166278585591159
-0.114686627932393	0.0462360546775005
1.21591299631835	1.18894986464239
-0.117791663752341	0.0474150223758553
-1.1909529851966	0.674842563928738
1.59299813864547	1.10633787367475
-0.0369526133927556	0.0247156228408408
0.28370356430111	0.193786612136246
0.304703069560387	0.183403322487961
0.325825979900212	0.307638252831847
-0.469175973836196	0.518167963060669
-0.651417140614713	1.05360909101816
-0.852850993861709	1.31736166127029
0.0573589154953623	0.0486892709731208
-0.130068860906723	0.0946623174531427
-0.0527617343779883	0.0463262800002975
-1.32812036160566	2.00539086416926
-0.0183847217461376	0.0125979779429063
0.0874638759753349	0.0712768477653189
-0.25815771325725	0.219593267774948
0.165723315805218	0.142091065864784
0.469495306937158	0.505247567041733
0.547840612089561	0.541060429014763
-0.455212863574175	0.357973058856577
0.324963267189167	0.306399945233593
-0.36360912323282	0.353563577736388
0.0374901457264255	0.0308266100391463
-0.971420703206949	1.44080896024605
0.706618846490213	0.795281496676979
-0.307971299205887	0.28362262057746
-0.534548169538927	0.503032957576609
0.500663665650323	0.51545464338519
0.743069757738901	0.979237982518617
-0.813853308021313	0.904508830924259
0.434238416607286	0.312856456939333
0.174045924472171	0.150228348817707
0.268826769785246	0.209040115898139
0.437161167386175	0.315719464387564
-0.2679142146772	0.136267959689995
0.0558474894153133	0.0375230566859936
-0.214886867892506	0.146962684976593
0.505459282875825	0.523202704274564
0.667782922951546	0.580963693833453
0.583649841069347	0.303094166465855
0.869780606567842	0.881299795624121
0.373476592419735	0.167453590695361
0.677180218439038	0.317153998655436
1.93526014043643	1.20792977232801
2.10286368043863	0.942244458681702
0.0181862964090771	0.013340082805233
-0.982274892563603	1.3225804794526
0.644561818713436	0.75310790869403
-0.101818849773858	0.0943738852004038
0.567658774456292	0.543047762828349
-0.47835428823739	0.453710760118142
0.416549172070801	0.412223053510142
0.238953133772439	0.231041406291455
0.642628651752359	0.582697149501581
-0.047204598215313	0.0308778737743291
0.73696150986364	0.719493903916236
0.139536938917222	0.0797102884462011
0.271403821166952	0.210678426602035
-0.362483687413419	0.263105714505226
-0.269414074102983	0.203725625084215
0.159068722388397	0.117012476140537
0.0984693195057215	0.0827473488510711
-0.985505797400987	1.33048476413845
-0.737327883581986	1.06904258299446
1.08526230540168	1.47507589127969
0.384248587604592	0.395164378294971
0.316511417249956	0.3049856962211
-0.258428804350865	0.263005366675707
-0.261277907063671	0.27146731746309
-0.0274170860758437	0.0220709482599556
-0.338616599384795	0.383518166830462
-0.124966930144594	0.123575888317827
-0.326266095199683	0.37203641012612
0.386396431871906	0.408462246436523
0.332674057910975	0.379116153321026
0.600531016351318	0.647093495520016
0.344308865912438	0.309214064606123
0.158121334929178	0.107403721242523
-0.402070296011416	0.322081419468634
-0.495408420367521	0.579354776497783
-0.0358766851798627	0.0240444043286618
-0.0611225250658867	0.0473367147192832
0.0801965569236529	0.0561512432729055
1.215232374856	1.33351542339228
0.930889642181425	0.914376167926837
0.159792757388344	0.117457652451035
-0.0536756400162953	0.035181147893471
0.725454976299758	0.790807449504401
-0.857712640889742	1.1687475692546
0.66556320625255	0.760168013874625
0.163625523695934	0.124355761652954
-1.27211651357296	1.21203686762046
-0.29633547903619	0.250546214222108
0.593036561006819	0.55007603770829
0.509597247963974	0.51002602541291
0.72018366667215	0.893147503440507
0.177854079546554	0.145550274469636
0.419602869691448	0.416524484001896
0.964969284269106	1.26339676290128
0.0899546151941172	0.0716085102420184
0.829490247838233	1.13295371327969
0.371286364377758	0.315335944986313
-0.888619220887865	0.971325299767327
-0.991130018190439	0.994158465859399
-0.372361283982359	0.336704652727845
-0.127817013532068	0.0929216274878574
1.0578260604671	1.72804260190445
0.329579584048312	0.311794292519947
0.0588607821730962	0.0499769659780175
0.0405962051013179	0.0334482810567878
-0.244124321848276	0.211718654151529
-0.100859022366787	0.0855190104506192
0.272503714679281	0.241933633591772
-0.0017941764497893	0.00134479680097921
0.349910464973579	0.404231349451341
0.176776718602746	0.152716432258298
-0.00434523675999439	0.00363732323341646
-0.98314816135061	1.39876615933885
-0.00253866832795963	0.00173200599068732
0.0801244285357407	0.06004489303118
0.249650098956036	0.212329394538213
0.726047423572696	0.706715831095584
-1.2759357557119	1.21575749815298
0.878491335380218	0.897137920354422
-1.49749165570243	1.05613757128881
0.148889485173442	0.0959943415434619
0.307506239721306	0.302022219122304
0.939446025572772	0.926389640999306
1.42024227658478	1.60571117360355
-0.736331947846028	0.769753092941909
0.552853995295656	0.546795101420041
0.455899177826691	0.500181225612037
-0.879859312314973	1.02669094749965
0.439039263746747	0.412884978907971
-0.204517314082377	0.197225880315762
-0.585664544741083	0.818365047547891
0.244416288431756	0.231196252624387
0.233867204985691	0.214688010942423
0.250363261565818	0.226429266154896
0.0445821034444445	0.0375299872642216
0.74810280164295	0.989828310202194
-0.554136995993454	0.637514536330782
1.24259354367779	2.13054411651565
0.26364603957539	0.219747469366561
0.312485952702926	0.300613891214136
0.0298600825496675	0.023353484363576
-0.529748290667207	0.574083417922764
-0.246177913482302	0.248074201946239
0.247029907422724	0.228556298850848
0.0832321645005198	0.062501655805625
-0.0843344606282171	0.063233241090419
-0.736686797810445	0.865751312436767
0.170449019527766	0.153938417441848
0.0103673188112738	0.00765170948495876
0.621482366055695	0.738526872649149
-0.404564253516577	0.392234613029911
-0.633118881500317	0.7158353235274
-1.23085087546767	1.46439379037507
0.468566282517104	0.412842519340582
0.350064781338	0.314998628153912
0.592769552167909	0.635756863981994
0.165227798253802	0.126237780314093
0.829905173199335	0.872455816598814
0.515473703673545	0.425111965441371
0.753045429137681	0.918561652093249
-0.525627410344055	0.492980375831774
0.161227909476832	0.10978347409263
0.147107660280117	0.0898716602483647
0.493559783989579	0.423650560095456
0.959062004117211	1.04092202092369
0.286241720249683	0.195894254938166
-0.0362711773490082	0.0183723928337311
0.158347243408766	0.0969483730711539
0.411773328262352	0.40661727644417
0.905391776931842	1.0131497510618
0.086898378662452	0.0673106781920469
0.272351739356176	0.194510529229312
0.173410519871486	0.13301335348079
0.0373020574309163	0.0228513109026515
0.167768342291896	0.124108308700476
0.364351820313707	0.308139069598645
0.0666200330210805	0.0465395308440422
-0.0369323407180711	0.0293852936031841
0.17452122549469	0.154289116049305
-0.480861154756123	0.456898023276973
0.230319496220313	0.231211277207592
-0.330073899874395	0.275054654722757
0.378601768476166	0.397570316920091
-0.239404477826605	0.0784394742303508
-1.19276289415058	0.676292194116559
1.08134552619231	0.817228950689772
-0.204894186885269	0.111480217397769
0.944612883110077	0.637955775186262
0.247997443378618	0.211184687029616
-0.287890159078589	0.183558352847125
1.522550197917	1.84262701315209
-0.478140793267092	0.322432241701431
0.545427782657412	0.5370835935073
0.0969850864950083	0.0832301013305641
0.502369933161608	0.516940853489753
0.052003899087469	0.0449018307873814
0.394822615178142	0.39707496819913
0.0662724219141894	0.0610888221818375
0.51767655330543	0.803236914353022
-0.142896669885108	0.132179321277605
-0.490833543110665	0.572637843932176
-0.600669331691681	0.799297818134731
-0.0675810034686383	0.0655561095457958
0.423957498532054	0.571883972807682
0.235808983409605	0.222040106844921
0.0160756156563935	0.0145153588644339
0.325524118165662	0.398041802730887
0.404668979001321	0.397184939948738
0.24066578594181	0.210145235171292
0.332450460372488	0.314751861147594
0.338165740740253	0.302326348556415
0.0901997540298363	0.0679534512234613
0.0479903122026104	0.0308585710177597
0.894834738520663	0.77479739953716
-1.36709557477604	1.13915371665083
1.8555503907979	2.43970010467236
-0.452335542293081	0.354577472748889
0.0735506439498739	0.0533116076555739
-0.321767713390414	0.267074780500393
0.498215028601578	0.653715371200248
0.492355093672974	0.42124873122107
1.48015823919897	1.95154228979746
-1.06617296583649	0.868624129802634
-0.520745967581765	0.486422121824025
0.306633184579113	0.184300087886015
0.697601692389103	0.782042321968606
-0.0130383646218729	0.0106371357258678
0.0386190454613859	0.0310567226413934
-0.140156193107113	0.114381609570065
0.518516090316439	0.741828717571734
0.409219725164936	0.480000308237453
-0.3418096076057	0.312631709501612
-0.220347505920638	0.17363691233577
0.1443843983961	0.0824338601926263
0.830421931442054	0.606093150083327
-1.21078496707905	1.26825215391648
-0.693010755887621	0.824809064492174
-0.0238740278052558	0.0192221918014559
-0.04249753384515	0.0338909119740076
-0.030026439489183	0.0274258615623824
0.771631186312701	1.16066744470934
0.475252554986575	0.422152294202052
-0.210374647694385	0.199590173111507
-0.196365603630883	0.173567718730937
0.291818682521539	0.318184929716149
0.736987143744134	1.20736037708284
-0.36507503837972	0.403210115333541
0.0646132625678442	0.0604389940376913
-0.0401646620370121	0.0314213984580846
-0.13173087441261	0.109328951409042
-0.107156789401948	0.0893379468975494
0.553392927704488	0.619810845527504
1.42957945598279	1.6206069906276
0.0497062150389693	0.0333250912193227
-0.101501155585348	0.0632003436429466
0.154038487445968	0.0996581815627949
-0.727012020083773	0.652078217428393
0.62710791092769	0.441859913027331
1.03923292857735	0.503225657584576
-0.294317501115648	0.188136094157231
0.274819682816463	0.205735662764264
-0.813438888792527	0.71317362967383
0.523025592862322	0.301268472256706
0.129634655339594	0.0734604257131805
-0.694960211289365	0.494858917356152
0.576820197896751	0.555487270514817
-0.594382524139537	0.588314719937181
-1.41497325219601	2.61318304209869
-0.495633120844028	0.671632052602157
0.430514710040019	0.553647928155876
-0.251505127214252	0.234731104373385
-0.219330884225299	0.22526827846851
-0.157755826749268	0.141792498102816
-0.688007015633297	1.02602954453886
-0.669241094732406	1.00881357149632
0.765704958831066	1.1472937322244
0.235325266814523	0.210344845948476
-0.635745665405089	0.682610185698301
-0.806237212102043	1.19927987406537
0.66013411092115	0.89936149412812
-0.510171510802841	0.625304987340962
0.0912674479985296	0.0762283946861991
-0.352252769638295	0.372801074515253
-0.139424156940301	0.116286087277839
0.489261628868805	0.58762928147139
-0.396762146644261	0.382809898303356
0.173331487760123	0.173357723583952
-0.421418491307636	0.491536906902578
0.442706198032886	0.494821715658809
0.47318556501493	0.510794146503322
-0.120748319422011	0.0995657087759013
-0.00365088059337717	0.00302843874498048
0.357451014219154	0.312533295852165
0.288283872650918	0.30686269738998
0.477498152363063	0.424805663582079
-0.21396108184852	0.168183375588928
0.525146293948019	0.436244032738931
1.42747933836657	1.61623602198486
-0.274037761489333	0.208130591898467
0.482237917307097	0.508086348669867
0.247672597677799	0.203641984034653
0.591204442185352	0.710570116064254
0.0392032934620524	0.02397112140501
0.87020276160309	0.465499937137521
0.552985363567466	0.439322215110142
0.247183191584531	0.216907325861245
0.443032461973028	0.417519189809472
0.861091996289826	0.986515937148822
0.129457531539342	0.0680134418510294
1.34630065912655	1.23909756908507
0.51174254082849	0.184178364192085
0.628260512105299	0.441834493268592
0.0310686242816733	0.0254563643157692
-0.0972253858507009	0.0822977860171022
-0.807880173406716	1.10545329458142
-0.410861811123928	0.430565068218054
-0.265368130126248	0.226976068025879
-0.503423719521535	0.510330365406468
-0.505124125645114	0.554267872344433
-0.343681159134553	0.361050766981042
0.231374194581115	0.222461973650722
0.321180257414849	0.310865215919095
-0.435236044089715	0.416453335513365
0.643115017305062	0.750753375245301
0.1758196808412	0.166337703251024
0.103618209265187	0.0853177252147718
-0.806590105325598	0.705526315738845
0.150581816750454	0.0920168227480553
-0.176848645901941	0.123592312146951
0.98143706655667	1.44412126856275
-0.181565068723648	0.126875045153513
0.167620414082823	0.147343787197562
0.736902509717565	0.889889282562559
0.165420003198748	0.121758351431686
0.457133479777209	0.500196208469502
0.302476312178472	0.311387018299917
0.42148492213779	0.536747582265644
0.389869153419411	0.469177479617393
-0.0606930854033884	0.0621308755755909
0.081243343018972	0.0769970954069559
0.648269055808503	1.19221851700388
0.0211688805699331	0.0191089448098322
0.476307016062007	0.709286315823325
0.107946514021946	0.122415699457696
-0.237481128509441	0.275221018880889
0.166333202245372	0.177371259201949
-0.667294748415792	1.21069488385839
0.522246554234565	0.66620009097212
0.280138316697422	0.314545408113347
0.168728459542409	0.15550470368334
0.333170772062203	0.306274547841799
0.165142381618749	0.134005489470415
0.245115965530574	0.226799987241202
0.875026843208873	0.891103360008284
-0.943470846354258	1.15702633562259
1.35743028951664	1.9629027792022
0.164811579352642	0.125709906702292
-0.162477930063881	0.130997123228283
0.379639316921679	0.311035502988642
-0.14639466034913	0.133184654864902
0.542822165216558	0.62190601049682
-0.119062772021071	0.0979857517453349
0.0264228021399005	0.0206413387304555
-0.0686870539091528	0.0601069767974455
-0.209835685691619	0.19876513939145
0.388802095682684	0.477708503505775
-0.0394662423287465	0.0313871909857868
0.0206149307655448	0.0156429601213552
0.112710354733759	0.0999071162780479
-0.946885375835503	1.16361714074531
0.23080538010592	0.216275482455722
0.162127966303478	0.151412693044029
-0.321366607105961	0.266759383953997
-0.654405173412029	0.943982533212667
-0.598515293359711	0.716934310578413
0.222714438806029	0.231269470091795
0.178695707960651	0.169405807709144
-0.127847538379685	0.105950202213724
-0.0503902882891013	0.0396185412670225
0.168154358435118	0.173824109739481
0.590982476629542	0.971165315478306
0.142750263139719	0.158577143259242
0.111002940891301	0.0961088704892026
0.246437925439631	0.222366278170013
-0.58793336015599	0.748820493209618
0.223111224437515	0.261167678796003
0.950053208010959	1.66633717315043
0.296142864581306	0.303132617593563
0.69950417621963	0.952024433851743
-0.198995245919266	0.191306872787503
0.255031405668935	0.211292696837761
0.0553817447118089	0.0371916203901097
-0.445624761948957	0.428906896820058
-0.121476309986292	0.100018272147093
-0.0521347065933337	0.040869150966741
0.635324941353	0.574360327396879
-0.0933196914192542	0.0786511259602236
0.263680024042331	0.219502385509719
0.238569561654094	0.213861372334803
0.647095709357578	0.756802198528017
0.183285881729877	0.150261045000491
0.621730981661248	0.817197120864354
-0.218608074753087	0.17227952845317
0.320957993643197	0.383745255204233
0.116507249351928	0.113751016996827
-1.18655420848748	1.73768368711959
0.163382565179071	0.168006116093373
0.107352418543748	0.105655271928078
0.242875657568296	0.229500176309473
-0.537884051764033	0.719400565032937
-0.0383343438599675	0.0299802256150443
-0.358259983104617	0.424275014744995
-0.407596762553669	0.453097556629236
0.12447286423117	0.11348213397748
-0.55651121265919	0.561838877672867
0.533798351004876	0.686276234221452
0.672726384358105	1.04233455304014
-0.76238625840958	1.13193920795955
0.425547117804708	0.410991465788733
0.0539169528401052	0.0474989449330409
0.166717647026278	0.13160920687399
0.652503476822269	0.764830203546432
0.570177280604184	0.625507993912377
-0.212470740223023	0.166743766485338
-0.544569322876192	0.665206375584679
0.272507111927321	0.212215431050898
1.3212131325038	2.14348679661803
0.171714912972208	0.14013160551265
-0.934013981553753	1.20870734881116
-0.867713029216972	1.13047319093596
0.634743028321801	0.574254081428495
-0.153427654793894	0.123031180138785
0.281555450267636	0.19189787555385
0.556150328482768	0.442042376663953
0.0593971745541852	0.0399532128785476
0.267903791025167	0.208547652162494
-0.209608865315843	0.164324016197125
0.324327271326753	0.305461756776415
0.166138018354737	0.14259403582663
-0.0967678552413231	0.0746039824142279
-0.597175183607028	0.68323612566311
0.171525399519591	0.143696576622592
-0.408129231833668	0.453717784260704
0.484099497703306	0.510306551684884
1.81229738522067	3.83971429712161
0.231267867792179	0.205824126395818
0.0154859910175356	0.0089973963528715
-0.287687431261282	0.241375812069384
0.383709629479577	0.3140894204227
0.167144556646014	0.157262652665807
0.100135406629094	0.0802436515155971
0.0423470396292826	0.0340831733900001
0.32275955141848	0.294604093581876
-0.242672698606996	0.230747065089499
0.435499866158314	0.422446292075248
0.244751204922593	0.20790464456335
0.172208616788552	0.144588076100281
0.261090487774062	0.21005251880488
-0.183564421385495	0.145879636924683
-0.28606542942833	0.240373105276611
-0.367277356854389	0.330522205494078
-0.304991744136792	0.279833511739042
0.573418436502475	0.628206990176119
-0.648609383887776	0.777598028562805
0.15797638934526	0.13472352451173
0.459441347635618	0.421438641601409
0.376829317583879	0.395857861412277
0.653270420263959	0.67183823084968
0.597376078508857	0.721295993591905
-0.322369863594038	0.149472410721661
0.505159659700077	0.181649970886899
1.76515090442274	0.989745744509004
-0.512629215954195	0.272722763646202
0.887104961953808	0.477447920771778
-0.787013983945816	0.348297448415918
-0.74268646139225	0.257731156830762
-0.0158349825314291	0.00823700933698905
1.02226842375779	0.387145037531902
-0.119790736514464	0.0482895755964766
1.5658820557386	1.69532542624003
0.770004228664154	0.722622457160102
-0.459753779430368	0.362621181422188
-0.273347358309605	0.207266796098537
0.022819599691065	0.0167818204389243
0.3270115107342	0.309119668235949
-0.326001321932564	0.294919784174281
-0.921738193511765	1.25459249545508
-0.267480125645442	0.228617866800545
0.669837000792513	0.766453107592917
0.34636022613049	0.311506490737261
0.2894596387002	0.295056438185111
-0.530114727476359	0.573880057542783
0.168261042380059	0.144652671015079
0.339465232683179	0.170007150064114
1.74413647569577	1.76828509637192
0.127144848043385	0.0545432860660862
0.150845895964857	0.0922395134228439
1.66449796619566	1.93253101005113
0.523204197351671	0.433209018572256
1.94775340117328	1.21572219395351
-0.534393347384375	0.205023861194337
0.147655965986143	0.0845181274059944
0.388037718962972	0.305241355533489
0.453814556579484	0.306796813178471
-0.619485489230529	0.513895127471911
0.768330937876051	0.457037851976182
0.362709097413956	0.162184143382456
1.20837542342446	1.00711166806123
0.12463831222282	0.0535028527137171
0.932829613639135	0.244963311679429
0.49150857877002	0.42024932597232
0.702747151256033	0.458894438002512
0.16506408479153	0.112511678150051
0.428997200799754	0.307896565930925
0.318494625386887	0.175927449437077
0.549573232976128	0.435539932774844
-1.00578276036751	1.01459763335671
-0.303495441480537	0.224658573262111
0.127022328643685	0.0607773445202976
0.508940667886974	0.183098517310394
-0.123558466593522	0.0497368390742081
0.158456589107449	0.0970972040122138
0.278817255871348	0.200107112473836
-0.607139423123745	0.452789319963926
-0.504373763398469	0.512089365018993
-1.06263705400782	0.864003088284265
0.675405204312422	0.588088583963169
-0.0205515781575512	0.0140387582592492
0.305359824704666	0.307490118939531
-0.873058418348863	1.01873363045988
-0.306539844122055	0.227156852865218
0.785229361977361	0.743801859216102
-0.729145788344148	0.760129097238544
0.457798725144911	0.310119696570044
-0.0573836399036133	0.0275088151786514
1.21738330974907	1.3375228552792
-0.0965884816263431	0.0600112077258521
1.01823421957205	0.385718705291343
1.55164699462515	0.772711785861097
-0.8163859116087	0.547584442263731
-0.789078146733873	0.349059860163757
-0.792424982575267	0.350393199232047
1.31089635736011	0.57486221118602
0.0383086874579317	0.0233830386100143
0.130979558228019	0.0561870172217892
-0.048483340844854	0.0233439188759277
-0.205193477842585	0.111652972780778
0.42791787344274	0.17200805643275
-0.415381022978386	0.237513954387944
-1.11428912072353	0.771656432142103
-0.162668692668794	0.0936661386518837
-0.268444229881229	0.136444586750133
-0.0265042645902798	0.0135343974467015
0.438832331032153	0.41282228515172
0.663390681216521	0.685337205744903
0.970362424453369	1.06141081713934
-0.0447600816515703	0.0351170124355151
-0.880029330927038	1.09148954139197
-0.157437205838902	0.141509583828234
-0.169507743840014	0.118007880312278
0.0503849549699341	0.0323558788893976
-0.363918238099336	0.298011803153762
0.411669743645841	0.311155982505806
-0.307548639514552	0.228359868732176
-0.73569203960373	0.816548961003299
0.599573268759407	0.558713412456807
-0.888184604000961	0.901203193476702
-0.5554132666221	0.471647534220202
-0.419433430784193	0.296136452160556
0.371092192360587	0.302160953977477
0.765924663092191	0.601325228737101
0.269309504848912	0.209871286682352
-0.270367254942484	0.204924376994738
0.52306184796341	0.433042186503635
-1.08701337920132	1.16372570486701
-0.321302856556023	0.265758630381814
0.152628781190295	0.0933281578871905
0.395707424350222	0.313048110762893
0.595775421137263	0.450621824175644
0.302611013827156	0.195647546386012
0.151958188739202	0.0927774852615658
0.481762497377179	0.303247905535412
1.09807741046725	0.980952710339122
0.781376988876062	0.740428833784756
0.487899551653707	0.307354258118651
0.662705967963651	0.574766046447941
0.534596541708891	0.444643269581589
0.686601776241899	0.446560268611348
0.686543845686121	0.448646658280833
0.138614829470924	0.0790521586370059
0.582753040209349	0.302633083492523
0.633818495641874	0.448733057584611
-0.362530893266771	0.105463937638037
0.586955032246713	0.441914938929938
-0.703477942395725	0.567275127417774
0.63484573102058	0.448991374506231
1.37724700901728	1.05774585843748
0.538163889592545	0.309414290137396
1.31703222580319	0.5778351002051
1.25639676878279	0.694338750578675
1.6985206272228	2.30761768679437
-0.100679568964035	0.0627145555282336
-0.614621792292181	0.653148753867584
0.274442451256809	0.214159564709522
-0.0545417876201915	0.035771815580719
-0.143457153852811	0.102020350892908
0.134818312812488	0.0645377072287994
0.698538185437546	0.782781667250819
0.0561546986327175	0.0361462841600404
-0.151650099326349	0.108161292265244
-0.41192616833873	0.331823873489863
-0.359497438625949	0.261358438840566
-0.163284186769395	0.094143441133636
-0.907139279498103	0.854083800227963
-1.66203664926691	1.73276996901303
-0.809273164836589	0.776372543447549
0.0101914771452976	0.00532880392855624
0.286576671237436	0.195380911545304
0.926892401609784	0.622793072855097
0.778711228238339	0.838979573805469
1.06504904986805	0.651700740174388
-0.537589304181351	0.206094574742513
-1.04463214575681	0.4202427411157
1.55208297683559	0.7734378125535
-0.427151908658671	0.245912854816931
1.25985615496176	0.694976702755398
0.646143141275968	0.205158328067658
0.142727172563101	0.0269105320645235
0.144816855539053	0.0429958878810455
1.51015862847763	1.28924716943918
0.632802450434657	0.446854538605445
-1.11564871102196	0.770701319923013
-0.710617890201113	0.576585449868137
-1.24697494177244	0.955201914643093
0.505562192089824	0.522216490711384
0.2413892488811	0.233746111195956
0.735294423518654	0.808355753410074
0.529789325644364	0.536782047846307
-0.364307177158675	0.327882965254856
-0.283317734729043	0.237156643523289
0.0704652184455557	0.0492463921127205
0.0214625505131019	0.0163025808574908
-0.217445487107431	0.207595071662395
0.111799389653423	0.103079878076323
0.633083292033284	0.815716160282559
0.736491696073517	0.719929809110033
0.5844462721721	0.304030691655071
0.691259194068434	0.451599700908997
2.05900308114374	2.59449691395476
-0.120777335876401	0.0898917746662242
0.155153406308298	0.105255489686736
0.143665287756915	0.0427236629465922
1.8098322354038	0.711329755606344
0.138771249693674	0.0468546625487764
0.288624605327686	0.186027304477104
-0.325314126744569	0.151399086880767
0.28663676375765	0.196210546778162
0.139819698907416	0.0736676037317655
0.126346136685917	0.0482983004587781
0.141686950510094	0.0421288595298015
0.338208673342572	0.169484713081753
-0.0472035284646347	0.0227413249463087
0.140184451576725	0.0265585662587612
0.153613853420709	0.0992605380862338
-0.315898366573387	0.235274102189557
0.292240246823027	0.200048782579401
-0.0322455413116092	0.0216013548455551
0.632132749985377	0.571558979888103
0.266000793632338	0.189035927675853
0.15317272281081	0.0990802257984524
-0.48705790177705	0.33062602610242
1.80892476946184	0.710964612544011
0.933710809861868	0.244826616527384
-0.426797308865535	0.245923963491645
1.01434604122159	0.959461971515435
-0.365506420178095	0.328942780735044
-0.131424214227927	0.0956657588758681
0.970223460009718	0.788530997936586
-0.294656789772641	0.248831711248748
1.0514131501065	0.510674081850787
-0.0410612216589433	0.0275356310015867
-0.400782743288317	0.321202589399593
-0.264924204692498	0.226677885078272
0.0148276430250034	0.0108971960753179
0.168514276599588	0.128973704466904
-0.588795892737817	0.546712899715456
-0.00348092996823261	0.0023869670758859
-0.633551783082171	0.308246741154595
0.150716895378134	0.101974497390266
0.579251768951035	0.433735627929542
0.885030405097769	0.476402560264289
1.59846090246586	1.11152144779777
-0.412656054429682	0.174681011524449
1.20805373709563	1.00585250545209
0.301810866085078	0.18109712686078
1.04057927720315	0.503738838632077
0.139052763408547	0.046964738842049
-0.165914588337371	0.0604424067058836
-0.42095048945362	0.178429760792669
-0.414978150134952	0.292834629121915
-0.742419833798786	0.258214778445979
1.59890490113978	1.11404868259305
1.25267810736268	0.690636942339763
0.886598626073999	0.47725576882334
0.484145541828921	0.30516110038687
0.623049278784982	0.56016919352855
-0.33755965631768	0.331169352992897
0.29484849779334	0.308875984827085
0.172316438219554	0.148295985619001
0.161835171102681	0.114923365172747
-0.236716977484344	0.204660493860925
-0.963129608107827	1.35356326579394
-0.50452234376317	0.511749170569641
-1.1979827823	1.24784788751668
-0.464485109473115	0.475755337388011
-1.91431895536983	2.36265248687261
0.981091699284561	0.799453720475884
-0.148009150095209	0.105645724469027
-0.411283279403594	0.289257237795508
0.0565769240851969	0.03796772656507
0.0826347978441416	0.0600626525665262
-0.495405038704237	0.600230327764354
-0.093185483362739	0.080137063480132
-0.88631727031123	1.0382906764939
-0.473241186994651	0.446785999992451
0.443148716258566	0.417629086025538
-0.332462921800182	0.301765295908852
0.827079374325303	0.868886707804546
0.467965635348194	0.430624172203727
1.0269439397731	1.49803158439625
0.153158078646304	0.093657197189181
0.569977040031487	0.547694007236743
0.386334365325896	0.317465670783641
-0.287573885461721	0.241828372848493
0.882952596241453	0.473886133395056
0.154530072554801	0.100056741251018
0.550477449427814	0.437028451316829
0.148740361873719	0.0907007952086451
0.396415677190104	0.399720613494026
0.159690307737023	0.108609948967682
0.270869463077291	0.211289634051544
0.139884098064408	0.0416988824150201
1.43333633877384	0.890093279773427
0.686258198279875	0.44682266517204
-0.045382337654859	0.0303793707855963
0.167670005616712	0.128124640014527
-0.407865791108929	0.172262617489725
1.75795966055031	0.985907942937134
0.132501267452809	0.0394753433226437
0.935126029437946	0.245318397037238
0.931950133432299	0.244413497437813
-0.56567573925304	0.364414480316411
0.502800214009127	0.433255955056407
-0.180858810385236	0.143612408891033
-0.217091888224767	0.206994431520362
0.152228753655968	0.0930756401404129
-0.00914511710326372	0.00636874396461266
0.252911274638143	0.215695125281222
-0.365415549269625	0.299543181417193
-0.0656527920677626	0.0498809208798196
-0.417803722193738	0.467715481214255
-0.366916098420302	0.330674381568403
-0.183001914105105	0.128296089384788
-0.517064688855587	0.396081354113832
-0.402188578970047	0.357558819020074
0.44240004989929	0.480655659384627
-0.397364717469433	0.352081883147132
0.0669257658870493	0.0450350220433863
-0.302309565776959	0.223413794273842
-0.278398605152391	0.211440316413954
-0.183363910583107	0.128428867921226
1.05672708642429	1.23076689530873
0.272601016184727	0.212589770395625
-0.0430185267550538	0.0281367282228985
-0.0674399152453356	0.0431155832328012
0.863128311803322	0.87185502911968
-0.0864110744484339	0.168446414909977
0.12358856102015	0.0472406880187794
0.645241128115201	0.204592987808019
-0.0753763218998411	0.0334522299294391
1.06880105988707	0.654569683613453
0.676396224252286	0.31663611417973
-0.232917089322468	0.179117773422351
-0.224420490296383	0.197304381447155
0.28961666263381	0.198438618843405
-0.569819354075672	0.36770871924642
-1.49842833207542	1.05671151246395
-0.0918237821826817	0.0569786825508204
0.658362261663298	0.979141615262639
-0.0790718674055738	0.060461910761019
0.580303910023196	0.638583822699123
-0.208445509594483	0.163210057096047
0.236096900506929	0.216433952524764
0.30175964297405	0.386129845157896
0.513856995017258	0.808020655498287
-0.65111867867393	0.782660421341298
-0.00425260945994719	0.0039194840790166
0.0220378906554141	0.0195368366087984
0.272666568010753	0.325387042031327
0.821655583742996	1.5732308728116
0.297560653954505	0.38529727730962
0.543370223375187	0.934174394128329
0.067466843150407	0.0700537291461103
0.243706640299255	0.207036768595009
0.399375227991069	0.316433072520143
0.431354510152175	0.402984515494532
0.556185725993209	0.624946105106916
1.63901638957967	1.53777352948695
-0.0368508326256836	0.0178282990067271
-0.169132933268039	0.117571852162582
-0.172402560949694	0.139832332953346
-0.369001983517769	0.333082076580554
1.21010647375802	1.17790814555435
0.887740066025427	0.766178350703355
0.317609844269653	0.175428151551465
0.80434428884292	0.9343853523039
-0.0893370898425737	0.0672772448702234
0.554411701485867	0.548732195119808
0.018402515525843	0.0139772104693015
0.458483221678712	0.420069005919086
-0.672292447387465	0.711078775208592
-0.158811425078712	0.0913397060271762
1.22244773683727	1.34475727180784
0.121107902293932	0.051887974989904
0.71420231836397	0.594558962809597
0.231871006707841	0.217814573858826
0.715193099168632	1.02445874236681
0.397690546629362	0.46228181960573
0.0375439789158489	0.0314981756832042
-0.153083847519117	0.125893546293487
-0.168984056377084	0.136979494926465
0.708563795649736	0.797902907620583
0.764135864662003	0.454008885280016
-0.420979536158986	0.178165608407431
-0.807230573735189	0.628047857443411
0.0222924790461312	0.0169297796381171
0.10714370203631	0.0984261329509617
0.621126487541472	0.816091586194805
-0.112066269043852	0.1127252256019
0.353716125368327	0.401446078180134
0.426048000952609	0.396596035585993
-0.65901742792025	0.987073763623138
-0.162849272470117	0.131473525328653
-0.321115183065147	0.339561133598157
0.316554745748878	0.370403965328547
-0.266722065192139	0.288017052686585
0.0741398771188601	0.0733232958107406
-0.0795738311020685	0.0595468147077817
0.713290407878769	0.591391853583065
0.094044193002116	0.0730316022893643
0.102122657430294	0.0859766072280113
-0.290668030242412	0.185057012677089
0.77045372206561	0.725343835372765
-0.291759693549223	0.186428264712324
0.248262018328528	0.20484523473019
0.288754315526195	0.197834445681309
0.975609342341088	0.795549873470229
1.06752135248012	0.653606071236275
0.834909085942155	0.611415322560243
0.554354732861312	0.439762257525954
-0.168637057401282	0.0973919607362052
-0.0276423862883303	0.0141078378688324
-0.132518662219463	0.079614668029324
0.765084801776381	0.716736897695303
-0.125347821673925	0.0753685038534664
-0.600290938523396	0.598933528568083
-0.656715197098399	0.791499791020613
0.27494377923672	0.318549264631733
0.213297269423529	0.23968147585497
0.13352381315486	0.143069211260733
0.472639530150194	0.633898422131782
-0.69227494976665	1.03695457704726
0.337227804372909	0.477096490317092
-0.106482449900844	0.126363399543218
-0.356504209045285	0.421832864917704
0.00168508918837221	0.00145572608199288
-0.823895809933774	1.08369829615111
0.277494792115936	0.304888351565288
-0.725912872389844	1.04407471739811
0.107840075270288	0.0971548036260044
-0.721615479724342	0.996668547558683
0.387268510705193	0.466118579622022
-0.582792141890028	0.786382116217689
0.23273118775961	0.257178673404565
0.235725977336613	0.251352119517257
-0.593750493514474	0.759234187120918
-0.445198561001991	0.463874415642611
-0.866954928470951	1.29633288075984
0.111698465446525	0.101010273791726
0.119669339716839	0.117208265215369
0.631796801077951	0.962960876645849
0.401047636850497	0.4777517728574
0.129623006752176	0.12569939846228
0.222930083840363	0.217684502713925
0.346777654048266	0.31141150346617
0.113992753375543	0.0942085756254769
0.452257012006527	0.49490071208404
0.337437787491953	0.301479859106306
-0.128406865066324	0.0935437623812808
0.358831102421804	0.381359514296976
0.622698507586542	0.741446996633713
0.356240442675589	0.321590301845648
0.349030913653309	0.303520473370616
-0.0989354129981319	0.0615861206642644
-0.425333634438135	0.24407833717264
0.129503847038972	0.0556015256100624
-0.657135046822237	0.644173599134415
-0.598766633245824	0.686090750315633
-0.448185987506432	0.43169023253982
1.09046214771022	0.824942360158177
0.595929783828628	0.4512278190748
0.476321683335043	0.298408909155415
1.31732394649098	0.577596717444378
-0.360713154621022	0.104928044856164
1.04532305548272	0.506476680317059
-0.546648120269266	0.597842217646885
-0.462344020808428	0.507554606987843
0.463608034004848	0.585441637037274
0.327482408818455	0.394169256705797
-0.403888632227173	0.458112827815451
-0.221741836062786	0.228372920358104
-0.194602689236845	0.190044775876004
-0.252613997677909	0.255980633035349
0.420825834946496	0.547107626612167
-0.169091078805459	0.178348119687793
-0.179848705858276	0.160885114302574
-0.377331460113411	0.466493425726914
-0.293896854773912	0.293352219100142
0.702300572139	1.08742212029502
0.59696250691374	0.791756329757132
-0.309551613234664	0.372390320068285
-0.17872603245712	0.19452051954359
-0.0986863664185796	0.0833866159094483
-0.0784523473581615	0.0680069341110309
-0.323996297079914	0.362365237338149
-0.577583831877698	0.623727358460624
0.058840691834391	0.0529903940167267
-0.582251062882874	0.73900281793237
-0.573247498152538	0.794552181018419
-0.194283306764358	0.189552134345775
-0.254150502499264	0.257944963661502
-0.317073827532971	0.341697304130845
0.691178460470576	0.869612086726393
0.524822082478994	0.435021469973229
0.170841792375355	0.135277891649492
-0.0991048199558719	0.0915972526198543
0.201625802172671	0.324396792076927
1.95062146582611	0.454190159391569
-0.357909997986639	0.104187393238945
0.136149693891106	0.0406054953419776
0.147211981908801	0.0371529932006973
2.74534949223189	0.773319630917041
-0.644006342900786	0.156718049862583
0.650802186307997	0.206632813066924
-1.80379071234984	0.398266610487963
1.80429809838357	0.707492948913978
-1.80379071234984	0.398266610487963
0.139930142590356	0.0265210820862786
1.02291503169053	0.387759077614948
-0.362710949837822	0.10577213020672
-0.363853877285648	0.105873302795216
-0.367012159161167	0.106980484577588
1.02201384172153	0.387406801790706
0.127629604761486	0.0488205219881876
-0.741276499011426	0.25781621104378
0.135571700409456	0.0404808758649131
-0.163793329784282	0.0597182116427333
-1.04786382925772	0.422554751457188
1.55445101701898	0.77392392602277
0.131138830447316	0.0501120794034004
0.131403007248952	0.0502411654303301
0.143089034703473	0.0425083446227902
-0.372235623119104	0.108110512872481
1.95062146582611	0.454190159391569
1.9537169353899	0.454657075827859
1.30205642196836	0.568835833916539
-0.643506271279338	0.156786530055825
1.01881061691072	0.386619941894425
0.797468141763966	0.335094894845618
0.931565691852841	0.244293555241305
0.147649013295955	0.0371443901885897
1.31032217925647	0.575449353150941
-0.372235623119104	0.108110512872481
0.150004967546857	0.037720852406733
0.148047531695805	0.0438361046687506
3.62559622686951	1.43343777832231
1.95135265955319	0.45428366780025
2.74617618045436	0.774720201883077
0.140458165206262	0.0418615852654621
-0.746151045211633	0.259667037559905
1.02381664464771	0.387649015457202
0.136792407148554	0.0407124662882074
0.649897891813891	0.206374526154303
3.25219401652934	1.09882975306147
-1.29372102355982	0.59176400453293
-0.789727950607759	0.34915733745205
0.150004967546857	0.037720852406733
-0.627271651111178	0.30471867167267
0.135344827059028	0.0258639507496658
0.13912027261828	0.0264101516649031
1.0287465860339	0.388319431349018
0.147211981908801	0.0371529932006973
1.43237272946104	0.476285559011928
-3.09408861819707	0.962829753125291
0.140184451576725	0.0265585662587612
0.142469531863295	0.0268725113483955
0.151399210332705	0.0379807126979956
-0.643123124462485	0.156504140249688
-0.362166381635235	0.105626912484328
-0.643506271279338	0.156786530055825
-0.643123124462485	0.156504140249688
-1.15847376642875	0.355686548405735
0.802847723592207	0.338179963633335
-0.36125776400353	0.10521302829144
2.74534949223189	0.773319630917041
0.650444653728205	0.206870989076807
2.09581547295033	0.939333405111585
0.931565691852841	0.244293555241305
-0.54029754085068	0.207542814541063
1.43602101245823	0.478148523404795
-0.238350157281475	0.0780664823782393
0.758610714556646	0.449397611209389
0.509513819382944	0.183136146303308
-0.361802623855853	0.105358062763741
0.135571700409456	0.0404808758649131
0.138983315146558	0.0414025350222139
0.506315898519982	0.181852445327471
0.148047531695805	0.0438361046687506
-1.15439361670696	0.354342573020678
0.147685616873541	0.0372140815523598
-0.537877518920207	0.206535210663043
0.1413598194657	0.0421025960431846
-3.09066749133914	0.959393078286489
0.137491058495855	0.0464919533469216
-4.01299394869743	1.76442641905919
0.932444120238111	0.244842742206832
1.95135265955319	0.45428366780025
-1.04124180825515	0.418513150870408
3.62653315041301	1.43316175170825
0.932829613639135	0.244963311679429
0.932444120238111	0.244842742206832
0.932829613639135	0.244963311679429
0.933710809861868	0.244826616527384
1.43925987176693	0.479237157391687
0.140184451576725	0.0265585662587612
0.808014555014014	0.340242153110097
0.135344827059028	0.0258639507496658
0.654507105141339	0.207585170258097
1.55151471686537	0.771593003677496
0.65414904119533	0.208020876626531
1.43463558957201	0.476840630255681
1.95135265955319	0.45428366780025
0.142469531863295	0.0268725113483955
-1.80368476738292	0.398254084963023
0.136156966750329	0.025975077128062
0.148123932113398	0.037298775193441
-1.53327386150544	0.554071585244721
0.132176251120335	0.0394419969011344
-2.58428653566473	0.675727611967995
-1.80379071234984	0.398266610487963
-1.80368476738292	0.398254084963023
-3.09029030460571	0.960832707527767
1.31353227787851	0.576480757103141
-0.166720587533231	0.0607503375240969
-0.168791406744052	0.0614493488838458
0.932444120238111	0.244842742206832
1.3086403009672	0.57341570515588
0.150921468814773	0.0379194736694598
0.650444653728205	0.206870989076807
-2.29985279094791	1.179082966891
-1.15300618747366	0.353816991053109
0.143665287756915	0.0427236629465922
0.147685616873541	0.0372140815523598
0.510007909511423	0.183564268952108
-0.644388443682788	0.157000626677781
3.25399732634696	1.10138712863889
0.140130255519626	0.041673932144754
0.147211981908801	0.0371529932006973
1.43645613213741	0.478161609320723
-1.15847376642875	0.355686548405735
0.143337222216575	0.0426016228100372
-1.15345350292765	0.353548980162923
0.647947354529066	0.205390836628303
0.145145665393506	0.0430929431178775
2.33820696694681	1.17549427117663
-3.08991345953591	0.960747174631736
-0.116201193749778	0.0468543671532894
1.43882340562666	0.478615560848155
1.80556115744	0.709204238553249
1.43517917219405	0.47735697092426
0.427311683739165	0.171911045989771
-0.0908569326741874	0.0966639176933256
0.932829613639135	0.244963311679429
0.145828384011954	0.0367587486446884
0.147211981908801	0.0371529932006973
0.139373629020068	0.0264474830594518
0.138699758667585	0.0263265295910935
2.7496138177855	0.775189687209382
-0.648735146604395	0.157899750679971
0.932829613639135	0.244963311679429
3.26047275345248	1.10202229496322
0.139373629020068	0.0264474830594518
1.80746835953378	0.709202041495987
-0.416932295672681	0.176432436193325
-0.122763213546705	0.0494421799513675
0.797194402815309	0.335204194265314
-0.644388443682788	0.157000626677781
-0.163506963779244	0.0594580854639297
-0.787013983945816	0.348297448415918
-0.78353714772363	0.346347964569494
0.426215010092659	0.171417255852221
-1.49808868304335	1.05568851857453
0.147649013295955	0.0371443901885897
0.126239101106392	0.0542789650402848
0.130612563424312	0.0499328947737428
0.00219680083169126	0.00118810549784319
1.8851766142595	1.62053534549031
1.43864584425357	0.893436236200857
1.01970949094797	0.387091911393297
0.672932319558158	0.315270459352306
3.25955780844985	1.10146325935908
0.142206421270329	0.0359541333965371
-0.644388443682788	0.157000626677781
-2.58843250021574	0.677477739401539
-0.640820070260403	0.156173374069777
-1.04359703690809	0.420463940972424
0.513791165711859	0.185017905562863
-0.238350157281475	0.0780664823782393
-0.233119255955625	0.0764018780789796
1.43693291937878	0.478412112216202
0.143089034703473	0.0425083446227902
0.139373629020068	0.0264474830594518
-0.643123124462485	0.156504140249688
0.140184451576725	0.0265585662587612
-0.237477952696761	0.0778886575961749
0.68792173022994	0.448306819717164
1.01881061691072	0.386619941894425
1.44256127788974	0.479253790855247
0.140184451576725	0.0265585662587612
1.43602101245823	0.478148523404795
0.879618026814195	0.472288549075475
0.146737983479964	0.0369987654124611
-0.547759660466298	0.210426051094333
0.367582142776689	0.164633896391165
-3.09790841588879	0.962404523986388
-2.30267800536255	1.18088997769813
0.587322742669331	0.305843967788847
0.668368229261474	0.312768205499108
1.06584138747854	0.652359798250847
0.767212337418789	0.455698789238003
0.667355630953278	0.311101938918286
0.140130255519626	0.041673932144754
-1.04158325318629	0.418585395243696
-1.5318146928413	0.553494474919415
0.421766683738154	0.169549998799388
0.649294064553561	0.206116617727131
0.931950133432299	0.244413497437813
1.02064242307051	0.385788374405308
1.9537169353899	0.454657075827859
-0.235165124888598	0.0769431925548772
2.74534949223189	0.773319630917041
0.931565691852841	0.244293555241305
0.139373629020068	0.0264474830594518
0.514659313486759	0.185330599053687
2.3420057408371	1.17899400091788
1.02060878637423	0.387301323550052
1.95062146582611	0.454190159391569
-0.644770889342653	0.156875139887313
0.147211981908801	0.0371529932006973
0.425412613553604	0.171082204341707
-2.49011268293944	1.41310863165816
-0.816363340632646	0.547952803661905
0.379347677900807	0.170431400942331
-0.117501490291217	0.0473311548300217
-0.814039443818446	0.450109713535553
-1.63085265862763	1.27150290753829
-0.161477104257863	0.0586727468486318
0.76226140097336	0.452657845292175
2.10344353635388	0.942792530959027
-0.538440187846927	0.206758866526095
0.13692844508394	0.0462929840650054
-1.0424602576406	0.419767093556931
-0.411336703163519	0.174112307825355
0.147685616873541	0.0372140815523598
-2.01519380784191	1.42415924559018
-1.0014834948517	0.503689162250359
-0.677609630112791	0.406541114619726
-0.79283597775452	0.351347519140623
-1.8396714502032	0.75990222543046
-2.30379628491797	1.18259983140649
-0.164885457806792	0.0600794376284763
2.10286368043863	0.942244458681702
0.655603229435312	0.207984052388229
-0.641207204081918	0.156050090719873
1.02201384172153	0.387406801790706
0.13903860694883	0.0413471671998274
1.2550848070177	0.693178123428776
-3.76450171843679	1.51272854782687
0.13668239340106	0.0518836089586444
0.139884098064408	0.0416988824150201
-0.743262218330639	0.25823540605921
0.798440382630606	0.335223687191532
1.04482077017085	0.50650336227409
0.931950133432299	0.244413497437813
-3.46677402954847	1.25130611721134
0.144030943602207	0.0363402578839825
0.510007909511423	0.183564268952108
-1.15019981108223	0.352703694647943
0.139884098064408	0.0416988824150201
1.06078839320049	0.647657688484206
0.140785309842846	0.0419396944428236
0.135344827059028	0.0258639507496658
-0.641207204081918	0.156050090719873
3.25586177376341	1.1013084673078
0.931565691852841	0.244293555241305
0.136471442907569	0.0407207925774643
3.25399732634696	1.10138712863889
1.25905214681657	0.694244873174396
0.668934660984857	0.312187186591157
-0.118709338694451	0.0478788515921534
-0.238535498919549	0.0782368452146959
-0.164339324198145	0.0599109386152847
-1.294000548566	0.590281449984956
-0.116996177784194	0.0471562356616979
1.93982310712847	1.2139912270352
-1.05069813031946	0.421974056128662
-1.15799700419576	0.355156175000868
0.132620364305083	0.0449502398034842
-1.0073989619846	0.50649341089957
-0.813714676913285	0.450036257810427
-0.114902015993657	0.046336907676958
0.806333800206404	0.339453483429282
0.418928779263298	0.167634597651932
-1.50933407130767	0.77729948010748
2.88205521036405	1.94431957360024
-0.363074920327927	0.105749762822137
0.806045844413056	0.339866638922853
0.675030887947653	0.31617948868597
0.66841428029343	0.31227672090307
0.131903048520035	0.0566346660532955
-0.809427565082717	0.447366972870512
0.931565691852841	0.244293555241305
0.13513218051545	0.0515708994954218
0.139373629020068	0.0264474830594518
0.066961996486902	0.0607062271914327
0.0704480595198616	0.0798238069538849
0.150004967546857	0.037720852406733
0.139373629020068	0.0264474830594518
-1.15300618747366	0.353816991053109
-0.237477952696761	0.0778886575961749
-1.15347733768864	0.353947479713194
-0.738055403900028	0.256318943131305
1.43146070068228	0.47602253118107
0.142637387713013	0.0360861991956938
1.02349375759299	0.388665902021623
0.509231731203745	0.182998706753304
0.651349240994328	0.207129762624853
-0.538714119684408	0.206903909568311
0.127139358897129	0.0486135320129704
-0.647461655721112	0.157598110120326
0.799591342254204	0.33578376319256
-0.263133185847779	0.133454358961631
-0.330122539139211	0.153617242404815
-0.533557645822484	0.204456510973878
1.55753004243245	0.777355116374843
1.75020859402094	1.36159014407818
0.672404499639589	0.314853050257832
1.31818872914101	0.57803285948981
0.148598486564552	0.0373599031239063
2.1078489498022	1.46649360878722
1.37147847014516	1.05366925925432
1.01913264922984	0.38618919405726
1.43925987176693	0.479237157391687
0.877668807086902	0.470848662264155
3.62559622686951	1.43343777832231
0.135344827059028	0.0258639507496658
3.25399732634696	1.10138712863889
0.136156966750329	0.025975077128062
0.144241227938778	0.0428872731898325
0.150921468814773	0.0379194736694598
-1.80368476738292	0.398254084963023
1.80837546568447	0.710560744847372
0.650802186307997	0.206632813066924
0.420418606770294	0.168895551588938
1.04714491608127	0.508623915304983
-1.5338107001665	0.553849543857526
-1.5360848806456	0.555230368935604
0.927601018172465	0.243257788968905
0.650444653728205	0.206870989076807
1.04477301317624	0.506956885971242
1.9537169353899	0.454657075827859
0.65469668159777	0.207920986734369
1.43645613213741	0.478161609320723
2.88446288101229	1.94960010358631
0.375877720199591	0.169013848826421
0.765440985791128	0.456016644643099
1.23478120201482	0.852590403954879
0.150004967546857	0.037720852406733
0.129777080848954	0.0495605745575058
0.655055294702571	0.20808355560833
0.805628040967924	0.339040267176394
0.666746090606477	0.311537467124405
0.12385018137907	0.0420427558153306
0.142637387713013	0.0360861991956938
2.24451841258298	1.72540217171342
0.67743714985615	0.317296965495858
1.31205222453913	0.576575770191727
0.933710809861868	0.244826616527384
0.147211981908801	0.0371529932006973
3.25490159683282	1.09988604599349
3.62466075691912	1.43256044684919
3.25399732634696	1.10138712863889
-1.043288757653	0.419327472122216
0.141726775817505	0.0358473898154438
0.125971845710945	0.04268091793272
0.65414904119533	0.208020876626531
-2.30884595313841	1.18481911681381
0.668368229261474	0.312768205499108
1.02259212061632	0.388312776500153
-1.29742468940065	0.593905209910399
-1.6281092021296	1.26810545016133
0.127401176765911	0.0486776025592294
0.42756477352697	0.171975522232766
-0.239189944575117	0.078331525521977
-0.412401679022686	0.1743622029642
0.932444120238111	0.244842742206832
-3.46630912179766	1.25319506698382
-0.121809364130106	0.0490312592008684
-1.15300618747366	0.353816991053109
0.489318400461293	0.308520206186802
0.807174604124676	0.339947339299481
0.79803379266607	0.33575390202409
-0.807887802680886	0.444989582228362
0.65074859981898	0.206366756402058
0.373281447446719	0.167361523024316
1.02259212061632	0.388312776500153
0.508427909916877	0.182166178917916
0.132055846316588	0.0447762654002208
0.136149693891106	0.0406054953419776
1.01970949094797	0.387091911393297
1.89087262300428	1.62702539712279
0.301719833523511	0.180724897813248
0.150921468814773	0.0379194736694598
-0.238048417060954	0.0780891030505443
0.426215010092659	0.171417255852221
1.04928845669154	0.510185199589409
1.95062146582611	0.454190159391569
0.144241227938778	0.0428872731898325
-0.745575630010693	0.259159802580382
0.1413598194657	0.0421025960431846
2.10344353635388	0.942792530959027
1.02697965062158	0.388934365978234
0.42859037976658	0.172296683888107
1.25561416805772	0.693634697863814
0.142206421270329	0.0359541333965371
-1.807243397525	0.398882182291443
-1.15392338036234	0.354212278509058
3.25676960114744	1.10310692759313
0.13912027261828	0.0264101516649031
-0.416683138160911	0.176658736963844
-1.15300618747366	0.353816991053109
-2.58817701744193	0.677412741892899
0.931565691852841	0.244293555241305
0.142469531863295	0.0268725113483955
1.95062146582611	0.454190159391569
1.31353227787851	0.576480757103141
0.680892872450917	0.318510126621
0.37149511539155	0.166584843945198
-1.15439361670696	0.354342573020678
-0.165145037809874	0.060131898293132
0.422814394319566	0.169895485697294
-0.53608051071038	0.205694677790987
-1.04698922224577	0.421366979566404
-0.414843293702639	0.1757531596619
3.02887312323701	2.24146343307604
1.0186324361341	0.385926866869133
-0.54029754085068	0.207542814541063
0.364006363537292	0.162905988811598
0.132176251120335	0.0394419969011344
-0.0472898024734883	0.0227948884833008
1.0195371096822	0.38582119059101
1.07747907927022	0.811908590326422
0.509435415274993	0.183330389793874
1.43784625468668	0.477947615428851
0.131403007248952	0.0502411654303301
0.651349240994328	0.207129762624853
0.277597871140403	0.687937931611612
-0.186359155476791	0.678934290857591
0.162595066231044	0.577938476761854
-0.208766016079103	0.14201817734389
-0.816896215294024	1.26828124801065
0.543123311652748	0.685887499196343
-0.170594664992998	0.138202499310519
0.176255303433493	0.156058411145058
0.174123997124324	0.142186835826381
1.29163027314713	1.64832269919287
0.415693232820238	0.55868935797684
-0.0916424263537997	0.0870391823951711
0.17693857437986	0.190283033125875
-0.219886294436608	0.19278226491261
-0.0564269601586638	0.0555222660885479
0.30991106629259	0.428910023857416
0.505152152550984	0.775920508463825
0.33697958418071	0.385582946740534
0.0475151391122708	0.0465414599165053
0.185081163721847	0.213048917963994
0.0720585851906323	0.0700627548564644
0.515748897183104	0.670588890184385
0.298264753212403	0.312933107487597
0.15876675381295	0.102987507697886
0.58593163241009	0.440385644501305
0.0177499302143673	0.010306811793335
0.00106715262071303	0.000936617221511748
0.0879209496900211	0.0681030941621234
0.30531845508794	0.307070639162438
0.0995399875857619	0.0890521729211695
-0.048304696791296	0.0316320076195639
0.630207573971347	0.665607984323462
0.152008621175662	0.0983413885148537
0.106964520945622	0.0924480077170456
0.356169247440454	0.386985990103118
0.331187623693981	0.392471053063908
0.528427871007063	0.600638318694568
-0.463758152261824	0.510246198122382
0.784593217873061	1.23379713220957
-0.0223835988584702	0.0184426173760751
0.536506050668951	0.525559090908857
0.623361883697306	0.94185903055887
-0.14297746822389	0.129761217391595
0.0935441020640341	0.0765628612833952
0.0490047732593284	0.0405455813471611
-0.870397588189004	1.01211238692401
-0.328263731386994	0.34909723382946
-0.654799030243833	0.947434454166465
-1.1807606836136	1.94939938802657
-0.259219786180325	0.264214643976224
0.170232319484669	0.16355204149655
0.657512793402544	0.746121982280865
0.65566668921716	0.674386326333698
0.154997846387401	0.100342220532221
0.0705939133903631	0.0510860199237376
0.482606459341395	0.508483556450875
-0.213770080793114	0.167623928527999
-0.0149652671293291	0.012199805144822
-0.66589076974943	0.657811597048697
0.0397272153624311	0.0369261715889794
0.132572033298985	0.135508060983495
-1.02076470247923	1.80619557093957
0.327999228162738	0.394828195491589
0.0822750171266193	0.0634178176776233
0.173623370657524	0.167470221213935
0.0155969620741923	0.0114707241205709
-0.756355091134253	0.947917924651895
-0.368312631222752	0.33235011008467
-0.387359960970955	0.409329601842344
-0.212067687908003	0.185144122795447
-0.0433393445708957	0.0339925320114559
0.164242089110014	0.15693944395803
-0.271677235393992	0.251090773108826
0.0888932218038885	0.0707432175831206
-0.0358300568281012	0.0289334053677518
0.449086305221259	0.408627646008944
0.631743583904807	0.668596735647894
0.668913378558958	0.76549827325088
0.364906417293338	0.308546858382337
-0.0272507258177296	0.0186107279190785
0.17020917961115	0.149993703621711
-0.135253252314429	0.0988050580164112
0.27003952375885	0.210547495697558
0.179988054079638	0.147488484265052
0.828582938664545	0.752936614012536
0.31765998827713	0.175360551527177
0.576938232713345	0.555538159004378
0.987232200673018	1.17479735706113
-0.530580216726197	0.40939230717761
0.527578295796906	0.438519427916027
0.487141226871571	0.513351267491185
0.798293583774644	1.18822107419042
-0.0839559545006194	0.0644401145772482
1.22675539325505	1.34859017623116
-0.456476389410818	0.46408536143588
-0.517734766481474	0.598013006172908
-0.126155302060199	0.0916264911192288
0.412477387177327	0.311930565938923
0.0356728454525343	0.021859021582196
-0.900284027799175	0.922060499161133
-0.531465211801933	0.499935699299033
0.617877953938149	0.733237599846516
-0.536589808684082	0.6521342641601
0.765108933907347	0.716802621736836
0.419465203441885	0.403208452898968
3.92014768119151	1.72455292462658
-0.104961277101109	0.0774614217148725
0.665273272643969	0.687925754619134
-1.28854962691831	1.43213472766953
-0.181550920470598	0.126973472423806
0.240027290755704	0.209486694658952
0.0279073159174539	0.0223330614752279
0.251199705302462	0.214692074702204
-0.286435131357154	0.240771392423419
-1.00081914653278	1.28120058063612
0.550143114287672	0.543023037501051
-0.139146252239043	0.113435079721528
-0.357952443576258	0.29209518042087
0.156466418494124	0.114929725619078
-0.155573444676239	0.139682827548923
0.370328438346126	0.313578620455961
0.0647505437363085	0.0467237289774597
-0.0608561149093819	0.309980242951612
-0.293191833607787	2.20450473071011
-0.342336887536601	2.69411024143313
-0.124890298084152	0.623777111710226
-0.193058828733227	1.12322913774966
-0.351576567184559	2.3566386189003
-0.0727654835145739	0.222606185954432
0.171270781121058	0.658233894007992
-0.180770528449954	0.939920378776201
0.0508832524614742	0.186409252595564
0.0683614624333174	0.250153914095756
-0.178024823862662	0.246640393897353
-0.42803792786147	0.788663626852931
0.0599998394975274	0.0743331970348501
0.409417123715611	0.720056168705398
0.339128620613123	0.542798843466195
0.155024406786358	0.23865247000017
-0.0674462759788066	0.108593878242194
0.195223431989969	0.32005784545183
-0.0497753188186973	0.065125689937502
-0.509509567065402	1.12654681411618
-0.14461946820581	0.244531369608523
0.00935613114983487	0.0119489488698059
-0.00517234493721504	0.0065201684132768
-0.0858093685324543	0.116379091700661
-0.2055207546111	0.332941102386999
0.206817623435214	0.300158886838101
0.226650446271472	0.339673486840187
0.340820757714053	0.462397495023703
0.221612974944839	0.251149551983863
0.469972574027946	0.641830218504366
0.587870263558452	0.922064537686265
0.412170292304543	0.483604506551573
0.346530487201996	0.391014219298406
0.535131281104165	0.688903727193445
-0.0315561873990253	0.0330915930160433
-0.359030437524534	0.485002866701317
-0.0733660793431744	0.0706055610085033
0.851550443891584	1.54867593301501
-0.490942889523964	0.745168606235194
0.165276479820031	0.247196012475416
-0.662236330930049	1.46677492231783
-0.15024698171587	0.183908700756963
-0.0816766802544501	0.0927836685304041
-0.102996431091626	0.10409245802485
0.529575169220236	1.00115483289057
-0.299444453834105	0.407080222940087
-0.0811680860792047	0.0972897001960574
-0.320768343630502	0.497733506708591
-0.261012904935291	0.366552305156302
-0.361437578879437	0.551041610677699
0.066378754861003	0.0812175105414325
0.488768743551484	0.79152114648061
0.626161891638091	0.951495528119047
1.01719578875817	1.93982328772724
-0.412730787526319	0.588032097941426
0.352122075877029	0.550222023142519
-0.321781454905993	0.455650134484195
0.176542950553737	0.204655744102609
0.131680121538522	0.140865401936472
0.383136757008427	0.606097135767019
0.179314987210137	0.235734765366065
0.03929568832035	0.0480027082827738
0.00433661836390994	0.00561109634378667
0.216655654199857	0.273706193094756
0.401066841075197	0.610308996744915
0.170243970377768	0.19072102497229
0.215790040778496	0.300062820467033
-0.0128543914639702	0.0126475684663816
0.0204748236802694	0.0206082268878074
0.10800563315517	0.120953766554777
0.00146689526368302	0.00132507727057347
0.470700684360557	0.630604937123648
-0.303673434923003	0.257451927598235
-0.237734882296531	0.243220222180207
0.251063057212583	0.226496088895286
0.730554911729308	0.800991600023549
-0.178697785342978	0.172368138234854
-0.269529077346665	0.204117551658939
0.802866340357596	1.197360533802
0.158343259451272	0.138349868924761
0.496877998517551	0.510712310315405
-0.157351764738104	0.126438891890489
-0.729876686912236	0.71202823977074
0.280068838366863	0.201010789567215
0.526789323263862	0.437114815116003
0.175645171163685	0.151702150853657
-0.0350547337399246	0.023507075411003
0.522567333712234	0.526990272304078
0.660477936628261	0.681148669648224
1.40896202528876	1.76272662400288
-2.22112031140622	2.65454799416957
0.258436964510663	0.214895082706289
0.83833397724194	1.15061403240994
0.150883411721756	0.0921893648515418
0.306315835464627	0.301067615451182
0.87389480848386	0.890596878191305
-0.094458553373589	0.0712996748553198
1.20782357673248	2.01146419545961
-0.18518276777705	0.147423443977854
-0.513090183242949	0.590892503147979
0.388239000169796	0.39960106136061
0.166260905924407	0.139088884869379
-0.272454774037304	0.29504192275246
0.218774153493985	0.251047650930573
-0.249055166313503	0.302859831679174
-0.429502623831667	0.55912819467398
0.0780108943162451	0.0773637438070727
-0.406370772389382	0.451816422848199
0.22262440693322	0.268293062793337
-0.630057076072672	1.10272170288177
0.272924522017322	0.414664173333284
0.537840921403955	0.818668908162123
0.783796911077479	0.845372118000317
0.245020109425986	0.232404961874592
0.335304272716575	0.309191181283349
-0.405261319561608	0.360393733380797
0.396946563786744	0.400364437922493
0.665726553819926	0.578444650487801
-0.462238295772668	0.364814106670636
0.161901286033501	0.12745057752267
-0.288754567515707	0.242979068906415
0.171818681069057	0.136093648651989
-0.610743219477385	0.648023688365948
0.693408388458934	0.695295036148032
0.347573734485106	0.312874258800108
0.161524962203582	0.119064735897024
0.446165410908861	0.499399497558678
-0.0811633735433566	0.0607640831939851
0.482787521542151	0.50722077628473
0.502144975235464	0.431797224508924
0.459508722135613	0.504900256213354
-0.0274584159554705	0.134333796100211
-0.154431837205207	1.11635190258422
-0.358862447092417	3.93348921619253
-0.24055253191599	1.91193098696357
-0.29621513730787	2.72916654646972
-0.576331502018666	7.54574395936934
-0.162375451855215	0.829442177369899
0.276139541845673	0.557872189222701
-0.241127728608851	0.517767845440175
0.123109328175319	0.21289953130877
0.330316835365708	0.87847143549359
0.0875573630573421	0.151963058541302
0.0711877339370906	0.101008846480356
0.0751854682918732	0.114616373510915
0.00443643115789968	0.00586866089775246
-0.284773134025673	0.476367676460115
0.409446015092912	0.693386299451681
0.136712454071456	0.16715078260787
0.145829859587463	0.228338539392509
0.629125004031728	1.48534942528284
-0.35802755477559	0.526830476412686
0.503027078571826	1.03728263445647
0.0480151083474797	0.0456246150670234
0.501985237570092	0.660775544356463
1.20996437037024	1.80741309959005
1.5669878824755	0.777270079166583
0.274411021492655	0.214094136622086
0.521478510763362	0.6070831867752
0.285424444249653	0.205307493589908
0.0848331691034656	0.0636584832057448
0.370346890019409	0.325558190176867
0.938682366584247	1.14452159888134
-0.462416202205903	0.364415973851925
0.354345181531627	0.309403140931362
0.0520341866906794	0.0694384431473588
0.064020997588118	0.0803310169765996
0.338974440767409	0.551385250830208
0.0780716236343588	0.0987114545819559
0.0943347043767057	0.110639808309074
0.489559090277739	0.857442480030455
-0.485904686864727	0.79645348045802
0.246696103006644	0.426837832045689
0.280411928231906	0.455468935880711
0.175164209036864	0.270322469617639
0.047002891352577	0.0542403606858881
-0.444168462182072	0.644134992364996
0.028713946729801	0.0298764712586772
0.325828510898629	0.448766116828125
-0.211052807665111	0.278411802133798
0.297767865000054	0.485979979349325
0.171122094514794	0.264270060450254
0.620499139507569	1.10717317199792
0.506215947283668	0.668232648412828
0.90425801837256	1.52542231739721
-0.0430862192743717	0.0288866109693349
-0.57259136117829	0.793383728900756
-0.149320540032866	0.194579369188211
0.878170702285535	1.34849654988634
0.0391405729697196	0.0410837961396887
0.282621086154557	0.299548647532886
0.236974527428285	0.223499734155989
0.390729369910011	0.532715062493102
0.0909806961066544	0.0913001237933167
0.451678225840479	0.759239505760205
-0.390609428803145	0.700324160251574
0.314162920857127	0.515768840653976
0.453462194739079	0.805327876286836
0.234204975454325	0.245373340768116
0.47988756788796	0.504382046736564
0.35315805327672	0.382530461026882
-0.810377456487925	0.77614987079692
0.354405136955305	0.308971733657264
0.301008726843379	0.180907817439074
1.41091649044354	2.12257814590674
0.499629040813994	0.429237185426649
-0.441347079388222	0.386600841007865
-0.805329244120712	0.704126162009167
-0.598614217914291	0.445561396973879
0.126972538892248	0.0667202940824399
-0.807353060517086	0.836818324359789
-0.0909885204280769	0.0685686150686826
0.0303621868512761	0.0186260547498284
1.11950759165159	1.146212698089
0.473920269111816	0.42075558484974
0.423777544674552	0.303676352779647
1.11182592620702	1.13267978184513
1.21618297511522	1.18597253914468
3.00697885020057	3.97383130200263
1.11694845533112	1.14113122059057
-1.2907900581269	0.589216258109716
-1.07353788930798	1.13842967257517
-0.209806951950283	0.114436837821071
0.456842909943884	0.309650550978105
-0.320748874810105	0.265504037821497
0.600702523529102	0.560330198209562
0.165271476180916	0.145221960989753
0.118238623095529	0.109578815407328
0.173101768009062	0.14526445719519
0.179449231566334	0.146927695067117
0.251544753216936	0.215062406499337
0.259129616542103	0.228861037087916
0.404758901868375	0.472982814055486
-0.035129353595081	0.0317898064167902
0.360263567926855	0.531607981519579
-0.589428784839748	1.13529844191839
-0.3066847694359	0.519818897422045
0.527438903631866	1.03540406287202
-0.117578091764781	0.138125741665562
-0.117011199801652	0.13194856422814
-0.25505591743373	0.31827862304113
0.824198038946826	2.08508640456308
0.778807443368398	1.09741106950502
0.552579364681613	0.619680833496243
-0.0235169744501338	0.0120730878709912
-0.59845195285629	0.444763232049545
0.0393767886362408	0.0241155913926781
-0.212244127969812	0.115545559738145
0.141900724869751	0.0811222584695307
0.453754158614969	0.307450171935321
0.583533286480067	0.439271770484744
-0.0281135657373896	0.0188528856960223
0.142211052239017	0.0749873382903815
0.428319606975024	0.308151788901408
0.161253422067001	0.104578693180759
0.586929796806698	0.305013947537899
-0.430557609592936	0.248067938511448
0.38914538759317	0.306289193833427
-0.732206392878046	0.713704911065099
-0.626695552038904	0.521541908122728
0.835768415124189	0.761587188789328
0.0232785657690381	0.110473173300607
0.213134159946809	1.83650867766052
0.322914772448934	2.98885486912976
-0.0812456833790709	0.398610332009584
-0.00988609342790279	0.035235808693523
0.226026728674406	0.335430834882005
0.275602829712179	0.668031171031507
0.0661494397254798	0.117389270864336
-0.134403086208597	0.280897765158048
0.0998082204849204	0.173911999195946
-0.215743227761365	0.325168456423491
-0.465180140399527	0.746512555494087
-0.122692817228665	0.146460453225072
0.0612772519671075	0.0787190463263289
-0.060004982940326	0.0521586909381916
-1.37663127150503	2.30980018281049
0.249519996068768	0.323870759030811
0.0965276826596429	0.121041149851988
-0.0612166740057706	0.0540447592225086
0.475686283025509	0.498757636464345
0.229510296913286	0.301311369444558
0.571989779513122	0.549847603726405
1.00739053383506	0.950536257007653
1.07098300021097	0.801411671367266
1.95062146582611	0.454190159391569
0.683549400791593	0.318871887003409
1.60063379187689	1.11753086251868
0.875022310639109	0.46878862130986
-1.36257714625945	0.865138161573624
-0.818398035421942	0.550212924834905
0.401118906556714	0.416029877064662
0.650086353252472	0.206202657488722
0.375371225326836	0.168758685101821
0.0895799342835791	0.136047262880672
-0.00731852447300184	0.00952969484302602
0.0872583244028018	0.131248089801636
0.0713477097029368	0.10470259336116
0.573300241352426	0.550848268935445
0.505720948969466	1.01920632136322
0.265105562088279	0.420412425499148
0.148059080297088	0.234398561914675
0.252090836130246	0.201410088050542
-0.209003232193392	0.142574597194039
0.236100273485347	0.266268448857462
0.354344953259393	0.559957834733306
0.196373324357104	0.326766686256024
0.253849304030484	0.326637823241278
0.633251850812731	0.447033571681972
0.441811255520938	0.297058286066837
-0.559508464316166	0.566054945329224
0.215514618249946	0.296108155118785
0.0484597234730336	0.0311851025592324
0.0281563529252549	0.0214048052486944
0.676437528076958	0.43788901426035
0.656465845159378	0.676269907184534
0.402634668504661	0.554504827543966
0.526383144114285	1.08926705504228
-0.0120490393403903	0.0150681774088777
-0.0262928443912236	0.0277168146087045
-0.236150137457279	0.387501582618833
-0.816930749768139	1.40765966048728
0.154954232849386	0.100398087637126
0.454032825067479	0.307698850774482
0.523374797376031	0.301044369739496
-0.326116443383599	0.151796388327042
0.135082049355735	0.0402285684072531
-0.167188873627767	0.0609436443586466
-0.23399197044413	0.0766065031875398
-0.237176848830075	0.0778020280962772
-2.08433551908383	0.96418035335272
-0.791200734986484	0.350537676799604
0.650991162239829	0.206772040177897
1.55290923344353	0.774094456806211
-1.19305831204154	0.676185829949629
-0.41589134448257	0.176294469844564
-1.25284226159298	0.960268815786081
-0.811128934907409	0.447191824235296
1.25293242809067	0.690747702125752
0.329017570950008	0.164002961688612
0.585242601647037	0.304704976759703
1.04422282616674	0.506574585851397
-1.29798623806601	0.594484945125978
0.37149511539155	0.166584843945198
0.14311796249796	0.0361933240878638
0.432062682383114	0.173762924234813
-0.233387135509462	0.0765198473617531
-1.37125861350911	1.14763768586944
0.138913167654702	0.0733118528154449
0.0240566481401237	0.0138682277144023
0.820459504170862	0.859327302815081
-0.411609102090181	0.331942403274877
1.57111246234682	1.70541850015269
0.285713728040776	0.195346111364838
1.32974372230768	1.2119542999819
0.0560547073347129	0.0360869674103692
1.35232222406765	1.24628329569629
1.61077518331566	2.06758648187498
0.179664848837118	0.238721742615123
-0.30557742966377	0.537921928682917
-0.298096228339652	0.475709494850418
-0.268672726982464	0.407104551002034
-0.305485272043489	0.343447188252787
-0.207172505911668	0.16212080890261
0.551339276343144	0.617299307183496
0.279495140966356	0.200437077503738
-0.809827368717588	0.445232003589711
3.62466075691912	1.43256044684919
-0.0846351485350611	0.0374911557959136
1.31410625822521	0.57783656828618
0.130039784695109	0.0496538855080591
0.125814958951753	0.0426379562652384
2.10233110047747	0.942219643817662
0.129392291970032	0.0554369179190932
0.146301463254213	0.0369121679082859
1.04636987389972	0.507879636175238
0.513791165711859	0.185017905562863
-0.238920608592102	0.0782667689841429
-0.537041550024437	0.205873852200962
0.805769324127157	0.339679478238357
-0.809989203905682	0.446628653615682
0.431033069519722	0.173555585006391
1.50607588478021	1.28338666402463
0.0308785865031968	0.151981774482602
-0.229385070912611	2.06089812888437
-0.0724031128378199	0.36553793786227
-0.0776103158964069	0.373127154747614
-0.121906157114829	0.219838340342835
0.188768407538375	0.419490954786546
0.0625756978801394	0.104621651746732
0.44979453879594	0.766750974946401
-0.200199773775209	0.242440596257205
0.211202480770484	0.293520641986264
-0.468813478412297	0.926065153089053
0.0446825331558531	0.0384537965799782
0.736998280978031	0.889826635920175
0.70493078390515	1.02920332405645
0.317953825006871	0.484038310099309
0.00367816876755617	0.00311627902780521
0.16656971147897	0.118524404788967
-0.602892124623776	1.15914704689353
0.117680370957158	0.104613538124012
-0.355777739246008	0.289561322980516
0.145094737018939	0.0886242779886214
0.293539421510092	0.175534782999988
1.80556115744	0.709204238553249
0.150004967546857	0.037720852406733
0.578198367883177	0.300213667840215
-0.511095096651744	0.27159009320338
-0.419105204222685	0.177722426333996
-0.26307155450646	0.133790623855337
-0.953444829589479	0.70958534258571
0.702643658992048	1.2306549612504
0.456316691833566	0.501129517586716
1.08390044051774	0.819182293539639
0.759558652041371	0.449549540525101
0.16598176677167	0.271193384627965
0.0918433466064444	0.131800838562945
-0.0110333588027762	0.0140462099393008
0.346451637733134	0.32117222021682
0.432619997841544	0.418261229354735
0.206665497627546	0.295082163841803
0.277780324799007	0.509019444973685
0.838719807258248	0.76372267697089
0.668231062927223	0.580902144707753
0.471499472949781	0.644679645108069
0.10770894860187	0.106069299703879
0.0861841839829692	0.120831623648512
0.344515899330532	0.462320513427477
0.441273877515205	0.978208585384899
0.0621974880385994	0.0666007373513088
0.154107043260041	0.0942649334952469
0.974561537122302	1.06642518319937
0.645708432677548	0.659653966817687
0.662315346124096	0.574286472081365
0.670657240723657	0.582457347104165
1.74488375994603	1.35046137466207
0.760392544094038	0.594990067624482
0.597060418570702	0.859027842111787
0.712458803051764	0.592415685171612
0.807380125110772	1.28806612149171
0.30957946898597	0.405275820799515
0.203289621738827	0.298384528979611
0.401579833417018	0.753044832574921
0.358201626307731	0.677117669006691
0.0003071414017928	0.000233135741684428
0.0770776478048993	0.0918188894429436
-0.427882727678235	0.556278589553012
0.424717383075374	0.304665665446914
-0.0329992418334912	0.0167954460527151
0.368818728043767	0.165224491426244
0.134391107428482	0.0576793934440901
0.650444653728205	0.206870989076807
-0.169855723368467	0.0618000920799006
-0.512010579308744	0.272727719937279
1.05901773030924	0.644032368285374
3.25676960114744	1.10310692759313
0.679586044076172	0.317879135775748
-0.044030566089368	0.0211890908052202
-0.619707870158474	0.30020422367339
2.00372417988668	1.88698143524347
-0.676152271573837	0.406803771307876
0.583859004810808	0.303363846046757
0.588605921072673	0.30599630560749
0.134001010727258	0.064216901640919
-0.356367739272117	0.21793147476421
-0.120510829352026	0.0485852204996473
0.429556362613433	0.17253804637227
0.336941103092997	0.168320673222094
0.13187780450232	0.063130295057045
0.151399210332705	0.0379807126979956
1.54785122749093	0.76945291562256
0.650444653728205	0.206870989076807
1.31468004021919	0.577244755259019
1.74622463800049	1.34961764514863
0.665677352525711	0.309205847758684
1.25346251138485	0.691203628034591
-0.415608883219363	0.17598019938734
0.131903048520035	0.0566346660532955
-0.0489729996223439	0.0235793971695226
-0.000080209044422592	0.0000423862433849555
0.448854059009943	0.302864206881229
-1.25199044787563	0.959746825581422
-0.0257807732248852	0.0132177728106672
0.584933081207528	0.304607318650711
0.453621355867187	0.307076532137305
-0.329317511719044	0.153288395629677
0.875214718721354	0.892646277728453
0.331223052348804	0.459152692917695
-0.338885308917429	0.561063256829502
-0.372618737675771	0.589303637016215
0.0552508673009017	0.0602026702771324
0.122900783017479	0.126450180829939
-0.132339657477863	0.0796778553105
0.166945788735292	0.139572710713214
1.88391148588372	1.61192260957643
0.832954262387402	0.607625031334995
0.521042267077212	0.298796802937538
-1.5081031271544	0.776833803061459
0.68909570356792	0.450009514471468
0.877668807086902	0.470848662264155
0.80661030139522	0.340174283092776
-1.04359703690809	0.420463940972424
0.66946355892512	0.312949470582969
-1.83391433948043	0.756511402066625
-1.1856888043001	0.67203509782204
1.02349375759299	0.388665902021623
0.936011360767503	0.245553152580958
0.136370194837747	0.0461713984476248
0.12552900766566	0.0480228464408457
0.427641662602157	0.171722585313014
0.140738272261544	0.0474656120077261
0.80661030139522	0.340174283092776
1.04636987389972	0.507879636175238
-0.0141566096871768	0.0613628384321152
-0.0197374120083692	0.0835791660889697
0.075049320764927	0.330096015003178
-0.18148465923556	0.255440620995422
0.131005272233171	0.17464063545096
-0.203010632429999	0.328003477977083
0.0687538533053426	0.0913975655911315
-0.330894774408315	0.665412637133558
-0.348627238852142	0.654511351743972
-0.440421501623032	0.71200294148668
0.032123356917342	0.0341193804451155
-0.196655620980882	0.261474051448231
0.1065803125628	0.116280129696884
-0.105749151789319	0.114181555268261
-0.195223708398742	0.21609665723175
0.432900777296162	0.672568487372573
-0.132454907094922	0.129646848715573
-0.588752943005892	0.851769784498013
0.132689944721825	0.124117207687525
-0.432819216288802	0.447368778262021
0.566077692647366	0.54242109771123
-0.616569005203269	0.656547636942895
0.471486889446759	0.417497341536994
1.25189292169615	0.689841585471618
-2.58843250021574	0.677477739401539
-0.212156196980565	0.145018711876036
0.527159616793397	0.437997833655281
0.454451768816578	0.307587474719602
0.148527033472673	0.0956995927400293
0.158764750377557	0.112396346186175
0.240797125514877	0.23293719085414
0.611859006104902	0.799717923591825
0.451261174802436	0.304589506931225
0.318296389146179	0.372496078009424
0.174165400734443	0.19009574884822
0.345591153702995	0.484724854604202
0.487101845023812	0.514436611062856
0.593229227077535	0.448923789812491
0.54564910227091	0.608116371443202
0.238190417674488	0.24042494822913
0.170403068989782	0.193636405886028
0.525793838042867	0.807929176200801
0.366590455266101	0.544001753744127
-0.0214114231068626	0.0226218917851136
0.123249980071459	0.12293548778663
0.603228885927419	0.651787833399049
0.164941372234504	0.117224669259025
0.825337553549638	0.865415239731023
0.900123289479789	0.781339106633234
0.124272631126685	0.0533532305593454
0.712056965118145	0.591939155699848
0.892277784145868	0.773087888380571
-0.671503920206736	0.40370347871096
0.631096133557395	0.445348691281198
1.59201498846704	1.10526655849506
0.520015481336043	0.429064396526092
-0.247152403706348	0.163507086720442
0.310880129366064	0.171296868312414
0.340137787520046	0.17037003822384
0.588637729180003	0.443711543927275
-0.412401679022686	0.1743622029642
0.135674642342223	0.0581643776871595
-0.078100729056418	0.0346291967555931
1.56401766841895	1.69258450874157
-0.102760821695794	0.0639425727925736
-0.428209320000121	0.181319590613153
0.148625573567004	0.0959778677129347
1.45815394702974	1.45811487895637
-0.566065200509358	0.363441922461679
0.154965748143175	0.0948998074601609
-1.24902418947761	0.956592859088228
-0.304302737516014	0.195509442502522
0.51408721869374	0.185096174251148
0.339826507971333	0.170075550682373
-0.204121702805733	0.111085295229927
1.74622463800049	1.34961764514863
-0.296896499985272	0.190530333467086
0.000623040959402253	0.000307726188463233
-0.165431730675123	0.0602020874226276
0.885370621733511	0.761318519893966
0.0150925326536476	0.00877684686096594
0.295605142664412	0.190640972289376
-0.648854402391363	0.592770814761692
0.0637623990319138	0.0429355096163398
-0.0986397624501909	0.0614118194400149
0.262640529182831	0.203614607517557
-0.0118533959444731	0.00821998149247521
0.262669426377147	0.211601044720429
-0.104607678548151	0.111439305394464
-0.164886910269586	0.193958774029032
0.552277627490567	0.778007183990391
-0.651634196557141	0.940049319785394
0.423819341266525	0.408351970618002
0.278642936433799	0.340138990354568
0.34813594817545	0.393118771033682
0.161899995826747	0.12749153467686
-0.793507528998074	0.351437351531063
1.06189214944158	0.647846536791439
-0.808609379269397	0.708293756667561
-0.807887802680886	0.444989582228362
0.424935578467476	0.170987715399205
-0.215622512506346	0.117877093785331
-0.160319523165808	0.0583350960570636
0.130616866380514	0.0561113343755478
-0.237176848830075	0.0778020280962772
1.04953531998855	0.510027504107607
1.50945949233367	1.28643829827436
1.06218090221606	0.647757451505591
0.330277746714509	0.164698175496836
0.312954322742067	0.172449871443141
-0.241453949883888	0.0791674426738944
-0.00257799374345524	0.00134714087259086
0.0189341525311089	0.087768259836081
0.248456089929685	2.39875719028332
0.0425895148169146	0.184269166295338
0.121088367783528	0.528676889327346
0.12259644330784	0.221828004736993
-0.197887808346801	0.426035762002061
0.325975183840278	0.888477483717659
0.0961810988323195	0.170530149872676
0.167637596335792	0.281172675138486
-0.262700029263642	0.318644928732165
-0.00839543214371211	0.00933405187478404
0.297650205657611	0.540885998658258
0.173382750142858	0.176955410630418
0.215881617312416	0.235374517366895
-0.297923079820644	0.390044571764296
-0.208239533724209	0.284998550618107
0.426078264873115	0.631200613479336
0.156055420724844	0.129308894506094
0.17241636884241	0.190486082486078
0.0134770140479112	0.00991524529872191
0.498231655311313	0.428771278801785
0.281469082853008	0.211587182450933
-0.0903169124111631	0.0399371128630092
-0.537041550024437	0.205873852200962
-3.08953695583634	0.959084825597379
-0.171473607928427	0.0989705765505476
2.73169701832868	2.98247661751062
1.74628223594615	1.35694199738541
-0.170315769324381	0.11858003393696
0.889024421229709	0.766290942853989
0.37197439871259	0.477766989923549
-0.109979324849206	0.0815805301571657
-0.327887113291442	0.152496544284547
0.672404499639589	0.314853050257832
1.06559909075125	0.650266506256433
0.491774471268358	0.784819884097194
0.194775983050004	0.239033918410705
0.496288408098912	1.16345406527658
0.0613211268337583	0.063360074681889
0.448240094278647	0.802263305518931
0.677575944757228	0.844934887980546
0.588361937846059	1.12982987774198
0.0749461946107829	0.0730532949115708
0.626782978539798	0.565251034042038
-0.162279682166486	0.0932679986962581
0.290843220150292	0.199128710516135
1.04836686440264	0.508733337073661
-0.569400917812562	0.366884627874331
-0.174857052183133	0.0635999691348714
-0.0822520611988082	0.0364085831997755
0.132620364305083	0.0449502398034842
0.132888220671258	0.0450543248212034
-0.256910968001897	0.130132569245857
-0.53973627715052	0.207373309478453
0.122850580679262	0.046993631496274
-0.116996177784194	0.0471562356616979
0.131511391151018	0.0628401644990545
-1.69717622282991	0.974685807597466
1.06376665328447	0.650646572566012
0.368089159288004	0.165084917541878
1.94086885736358	1.21331274168824
-0.0497180361133576	0.0239141705188443
0.130612563424312	0.0499328947737428
0.513726393635008	0.293633113254361
0.583468795674878	0.303244951202982
-0.124064151874363	0.0499563084162275
-0.0267978661243576	0.0137043208725882
0.585730929358622	0.304858619306994
0.128119709905925	0.0549646122828988
0.510580201392862	0.183534349617947
3.9269871417736	1.72604412293863
0.339152595378325	0.169705060508916
0.127401176765911	0.0486776025592294
0.586038828074614	0.305252918237039
1.4561523850578	1.45738209427798
-0.327971186553783	0.152704560446098
-1.64516870760742	2.31779259858332
0.763020374387685	0.597224335977459
0.633226005077479	0.446876722838396
0.45832447103177	0.310627428669992
0.833742829792738	0.608513668564121
-0.131063780485656	0.0789421350189171
0.0276153375608003	0.0169580454379267
0.760824183347421	1.59114132420991
-0.1409595065388	0.177372151859179
-0.440198471418696	0.787398178950391
-0.165499351752131	0.219774444744175
0.175209403569899	0.175934660030591
0.0603869627078124	0.0748173690730281
-0.0714256927258045	0.0935871938600478
0.331971715928339	0.564641771064743
0.276637535992307	0.505395440474046
1.08626324917673	2.04259185827117
0.281489271959016	0.191930044865825
-0.597877664389509	0.444007865635705
-2.36754112949657	2.17833518850351
1.31390623522406	0.575763852388588
2.88446288101229	1.94960010358631
1.55487576327023	0.773704960854914
0.879897419230828	0.47247403691134
0.333088152004562	0.166474713949407
0.649540136788795	0.206300566749324
1.3094564119373	0.574146809919677
-0.237747525916144	0.077958682705542
1.55274761186013	0.772972698889046
1.80610961993801	0.709606900893752
0.122323457038	0.0468068087606287
0.14311796249796	0.0361933240878638
0.582765949884679	0.30342180730096
0.423910763419851	0.170185382040169
-0.0155684324970792	0.0747631881425421
-0.0662742957236656	0.37245656008981
0.0289462974641726	0.116966599167623
0.0203318369447398	0.0765736706671563
0.329403606867313	1.7880233207699
-0.0123709921514107	0.0374167609471839
0.00663557991807194	0.0131634896413918
-0.145526816685446	0.372133899032238
-0.434229655531251	1.76517298236877
0.437367000530474	1.31646273778028
-0.0064946426406105	0.0077936402065742
0.039659737105179	0.0400222579242335
-0.388628330487934	0.663090563874106
0.221637170323413	0.350164572886334
-0.354321621255399	0.351735104299295
-0.0671651800234407	0.0522208784843696
0.497383271176065	0.598706519018607
0.248590255911313	0.380060036194123
0.42638123575251	0.556368487995283
-0.126491579696073	0.0759652578341996
0.0735633555252372	0.0864021375659868
-0.0448314500088128	0.040331129462478
-0.343854652384128	0.208940399290318
0.888536817048927	0.766614709291684
0.974940592886003	0.792979638968668
-1.80379071234984	0.398266610487963
0.935515179855096	0.245440180005837
1.25182762709119	0.690977558044493
-1.04843348997268	0.42268378687421
-0.367012159161167	0.106980484577588
-0.329635960268901	0.153335334423157
-0.793507528998074	0.351437351531063
-0.372865704145701	0.390447376198657
-0.904945089352943	0.850605126710354
0.88100741426741	0.47353915513862
0.513791165711859	0.185017905562863
0.441439805537549	0.31854682581335
0.0116931832910492	0.0105832905637885
0.0127245353149812	0.0161091251029427
0.0484974600279652	0.0695958165487121
-0.463247099725584	0.57497322239849
-0.788816222150508	0.349478464433716
-0.206449615803717	0.112423391992625
0.119100655991506	0.0567522538867653
-0.361802623855853	0.105358062763741
0.379125334343994	0.170435339282331
1.43973986105876	0.479489791047764
-0.743838178560171	0.258439685322713
1.01482142364915	0.384344164321906
0.127512195639431	0.0431912240016515
-2.30520355701273	1.18371915202431
0.142637387713013	0.0360861991956938
0.139373629020068	0.0264474830594518
0.651896042016441	0.207030647505349
0.800275160873278	0.336278735520591
1.05517783327023	0.511876756823513
0.676653719812964	0.316955102147894
0.578198367883177	0.300213667840215
0.131313868987833	0.044431485785991
-0.535791908283722	0.205464292080573
0.58900733430932	0.306874433052877
-0.128899622590871	0.0517902881868492
-0.241453949883888	0.0791674426738944
0.146737983479964	0.0369987654124611
-1.2945637325033	0.591302991254098
-0.7389639873091	0.256670839118185
1.93579137378359	1.20845863503109
0.132433406062052	0.0448790682365348
0.650086353252472	0.206202657488722
0.647045217228672	0.20541570040493
0.505733117049643	0.181688891875415
1.04294695174601	0.506041139211412
0.141934018068002	0.0422115362011609
0.510007909511423	0.183564268952108
2.38209864615199	2.01770993903625
1.37389141280848	1.05808004337834
-0.359836777653537	0.220207149571809
-0.357692130322026	0.259558934641848
-0.214353793683466	0.117184360036161
-0.163696040457542	0.0943670592632625
1.25958016502306	0.695917467871454
-0.328290720757545	0.153037061163128
-0.407615970444565	0.286182927206512
-0.655058408660248	0.643886907831531
0.0305945290878592	0.0349391397345696
-0.053953180400716	0.0669582318366283
0.163099290417217	0.272723208202875
0.27371359972854	0.420435846301668
0.307174123066591	0.638723962603259
0.0221697677311685	0.0337126520608117
0.0992987988113477	0.167088678596247
0.393637863301192	1.01251891932001
0.0523849273428082	0.0443735044266252
0.141240119988702	0.0807195126366614
1.4351810937811	0.892049446373279
0.139556940401302	0.0415648034416572
0.140184451576725	0.0265585662587612
0.667584112949368	0.312199796382596
0.809011166414321	0.3407453913173
1.25293242809067	0.690747702125752
-2.30267800536255	1.18088997769813
0.512314858404992	0.184147765390866
1.43237272946104	0.476285559011928
0.135571700409456	0.0404808758649131
0.011053023841678	0.0498110776520982
-0.0301483819484347	0.143909738983355
-0.178802919657912	1.32493826506033
0.140228668665826	0.781978010618874
-0.0187209133106646	0.064509040085876
0.0896121192663823	0.266539499668653
-0.133100622487302	0.368847967801113
-0.15891324570057	0.466880867447774
0.00368131145941788	0.00738390113478134
0.111777978073365	0.216262423907916
0.0666766309089477	0.0911971841808048
0.462163953439545	0.557372934622627
0.226327281342332	0.325303759497515
0.180342237259396	0.280767130334168
-0.495289329438517	0.540916978456559
-0.650627452591861	0.638189932625804
0.705917479760236	0.868991956555528
0.530195452398581	1.08867575571201
0.249042799138934	0.212139731772441
-0.39666366823212	0.351297373253664
-0.182900392883023	0.200045801436201
-0.0977659411111635	0.0826840355751144
0.317908313900076	0.175843764862732
-0.571506396315348	0.368313940170631
0.582572491030974	0.302654439885471
1.01482142364915	0.384344164321906
-1.80379071234984	0.398266610487963
0.806045844413056	0.339866638922853
-1.30246548422077	0.594875039253612
-1.0437990322046	0.419389325806142
0.482490022443505	0.303348942252132
-1.18548762585227	0.670669199283097
0.0981871172453748	0.0861013935570817
0.49713539219337	0.427081924118964
1.38114364843006	1.0652719663796
0.11379076101578	0.187526704196902
0.312390176524788	0.604461038496119
0.0917234930130002	0.122962757907305
0.0311908784601114	0.0434037198961069
-0.0777937238959828	0.0673822768705222
0.679000737983029	0.440661185759168
0.881286403279908	0.474171043642113
0.67182702107669	0.314238010564858
-0.673148314076184	0.404127529077265
2.3420057408371	1.17899400091788
-0.740705291977838	0.257263180060709
-0.643123124462485	0.156504140249688
-0.534119830392118	0.204770125602286
0.426763417978963	0.171717622830452
1.01881061691072	0.386619941894425
0.133203454630198	0.0700325097763688
-0.173066900958544	0.062952678461674
2.72534110168541	1.67793781670504
1.80037781238315	0.705873091583144
3.92309059860542	1.72743139836869
0.514363083274015	0.184986043370105
1.02259212061632	0.388312776500153
0.1413598194657	0.0421025960431846
-1.5369997817935	0.555799845674469
0.793817890914881	0.332936080025089
0.582753040209349	0.302633083492523
1.05166013152136	0.51091249197187
0.805501251862067	0.338624636899129
0.143337222216575	0.0426016228100372
0.506024897221242	0.182012241745483
-3.09029030460571	0.960832707527767
-3.46584456958788	1.25353297605489
0.147211981908801	0.0371529932006973
-1.19573801268973	0.67827379527678
-0.167188873627767	0.0609436443586466
0.128350501127829	0.043512403302682
1.55558357995564	0.774858404813003
1.94593497798295	1.21827402095315
0.504647904803176	0.181052956645613
0.665689816669044	0.310548513297777
0.511170021003071	0.183944282461123
1.01540222010121	0.384610211569901
0.825503940568774	0.748304440129841
0.163280646634506	0.105834337656207
-0.234259276164921	0.0768738569502217
2.38305592995277	2.01959094023697
-1.04447463018139	0.420263617366416
-0.786469190370634	0.347830565965969
1.31291742676874	0.576696640316621
0.878217825724087	0.895256803617773
-0.107386435284969	0.115956161877631
0.374253175913612	0.984007015439619
0.295281225808246	0.674995151460871
-0.0235644165549859	0.0189731318085442
0.337415378586426	0.168486430008065
-0.367012159161167	0.106980484577588
0.765849863068094	0.455517002005947
4.16231600230563	2.0032971008075
-0.363074920327927	0.105749762822137
-1.15439361670696	0.354342573020678
0.139369721109985	0.0415084196349322
0.420839113677415	0.168996516764758
3.62849380145916	1.43519617024906
1.95135265955319	0.45428366780025
0.506598335865915	0.182050842131562
0.655055294702571	0.20808355560833
0.00485447177496742	0.0219955160228387
-0.412892040965477	6.25442932354956
0.0195861077313143	0.0766981559621429
-0.307659900462876	2.62843979475986
-0.0114212093296628	0.0291681883113207
-0.0749296918777928	0.209885406093007
-0.214022043429269	0.644129667444716
-0.159305134591002	0.45239709041743
0.146515249716578	0.389733113043371
0.40084891457192	1.170952869889
-0.0664751181063501	0.0905349555350498
-0.0658090873703079	0.0707365001951203
0.471724285841854	0.786425510134622
0.407151849893782	0.804599736283269
0.522004441955725	0.607533416953801
0.674502248751458	0.587481578611402
0.0589223025841251	0.0511068183761554
0.449342779476296	0.775944210602568
1.09660917013209	1.6807971599615
0.693701219623732	0.453936927549875
0.5147004027724	0.798093833781867
0.960281123965847	1.51830790107016
-0.209718170040115	0.114189105357689
-0.601431514659292	0.447168612056398
1.25182762709119	0.690977558044493
2.74534949223189	0.773319630917041
3.92309059860542	1.72743139836869
1.01938669987078	0.386305411802006
0.421657384222999	0.169294926760953
0.137282775337647	0.0522367892131616
-1.00469749739312	0.506244413010356
0.452338726964507	0.495430534433371
0.596240628957177	0.555373006748066
0.435709084506601	0.830833715456471
0.181419300020138	0.285181065737289
0.0802016200320929	0.114002342607006
0.0546116204357847	0.049063573198571
0.122142529512072	0.0524123751417834
3.03604402754337	2.25555350037177
-0.999386692748481	0.502104358979482
0.132620364305083	0.0449502398034842
1.95135265955319	0.45428366780025
-0.122009746569851	0.0490813241019079
2.0967159187814	0.940286941886901
1.8098322354038	0.711329755606344
-0.123774166039407	0.0498612949473713
0.667056400625849	0.311511376870559
0.425706706311112	0.171161852825946
1.26010806773565	0.696373336398546
-0.240882528791921	0.078904451336732
-0.156920768978625	0.0900721804174927
-1.15345350292765	0.353548980162923
1.31554563205142	0.577850509647929
-0.164821788962179	0.0599594459173495
2.09658939646862	0.939089142469547
0.508567167120095	0.182768045936491
-1.04816955160128	0.42197561480355
1.80556115744	0.709204238553249
0.884245502838912	0.475637672854852
0.931950133432299	0.244413497437813
-0.357909997986639	0.104187393238945
0.335853488924423	0.168089705119674
1.95062146582611	0.454190159391569
-1.80368476738292	0.398254084963023
0.933710809861868	0.244826616527384
3.62559622686951	1.43343777832231
0.931950133432299	0.244413497437813
1.43602101245823	0.478148523404795
1.31554563205142	0.577850509647929
1.02259212061632	0.388312776500153
-1.16305893466411	0.356419765567601
0.148123932113398	0.037298775193441
0.774788583389662	0.46144885066599
0.164470785707143	0.121102855027072
0.152114723533362	0.0870896041245559
0.296464348905808	0.177497272241728
-0.167267366049274	0.0609436470739813
0.371278595961925	0.166743904522789
0.510303034449659	0.183694667904733
0.762437920586173	0.451368890615069
0.364007718025427	0.546361374853427
0.14614376776363	0.167135473703577
0.101669009737892	0.0874610758082524
0.0522308463397294	0.0336145184781074
1.40654288009486	1.75664179296314
0.269245031882034	0.402106777101266
0.362029508598717	0.902515533113845
0.345422104975223	0.752140767951094
-0.045255068222824	0.0646871153583632
0.356641750203595	0.396023879477835
0.522181986978062	0.299750023874981
-0.117286194918503	0.0472237307229723
1.63167847219117	1.5267978401036
0.801714657256735	0.337060528420653
-1.2945637325033	0.591302991254098
-1.15345350292765	0.353548980162923
-0.362530893266771	0.105463937638037
-0.737818425892552	0.255841649506686
-1.80368476738292	0.398254084963023
1.43834434492453	0.478363981232013
0.150004967546857	0.037720852406733
-0.167527449292993	0.0610228882448846
0.933710809861868	0.244826616527384
0.0219787254525927	0.105397908848731
0.172688229441603	1.42279506149777
-0.443572555132367	5.69488465921242
0.0686526362323367	0.209735018148663
-0.110268441593531	0.295415990639822
-0.11786413061643	0.318526791536067
0.115048399436686	0.223233336805179
0.37262256142175	0.776945657671733
0.0344449717829175	0.0350999717519399
-0.298840905411697	0.426474463059033
0.282635960445601	0.519965668693579
-0.296002994849689	0.296610347462978
0.597399399234821	0.643519398572806
-0.0601215772350465	0.0537006142338414
0.470889617796868	0.935580546372827
0.448451417106636	0.571896390423792
0.993467106054802	1.18410734373596
0.0993935980248415	0.103361067335112
0.325764327032546	0.307400770934988
-2.55871548544704	2.68893940559807
-0.456016286760323	0.358465077750125
0.668674674115125	0.31247028693812
2.24378405526553	1.71613418290163
0.283632853156033	0.213314834697927
1.8803706539489	1.60996035838175
0.129425010246068	0.0618624382421176
0.332659717829318	0.165984599340005
0.0368093364054858	0.0309158358986927
0.308462595039805	0.50404265846939
0.0546699288116572	0.0724975844943568
-0.020006388026704	0.0273067238681526
1.75088526778638	1.78387042573974
0.517331507344491	0.296345669351919
0.65469668159777	0.207920986734369
1.25242337421849	0.689036040188378
0.140176586815333	0.0473370975808659
0.505733117049643	0.181688891875415
-1.69849557847826	0.975889186902084
1.31583685770224	0.578688566094146
-0.571968129367821	0.368063406636669
-1.34832380396361	0.855470764757821
-0.116537047552098	0.0469735509652192
-0.812746231356804	0.449261673821129
0.8046399083955	0.338558034322969
0.511447846039878	0.183898335950935
0.14103192177006	0.0419706320314239
-0.185997633706366	0.0672324470717831
1.94777014041787	1.22003770208982
0.650991162239829	0.206772040177897
0.510007909511423	0.183564268952108
2.0967159187814	0.940286941886901
-0.998309395168808	0.500810095205061
0.529950054663375	0.305537045368029
0.679855124615289	0.317143914593707
0.509139648815982	0.183001422100664
0.505159659700077	0.181649970886899
0.14311796249796	0.0361933240878638
0.509711928103931	0.182972477684844
0.13215540978349	0.0447486465727327
2.54999871340608	1.42058297047591
0.149527783414501	0.0375652210591108
1.31789761977354	0.578952002833974
1.31089635736011	0.57486221118602
1.31176150416243	0.575573951673107
0.64559347674232	0.204972394147955
-1.83875848168522	0.759162449562453
3.25399732634696	1.10138712863889
0.30557041384741	0.183924288432693
1.95229373218657	2.29762498334163
-0.93272292763321	0.795015493958922
0.139369721109985	0.0415084196349322
1.94593497798295	1.21827402095315
0.516567167465925	0.295567867234293
0.580375717171685	0.301762654605059
0.132822091949038	0.0636587148264984
0.683154632477304	1.24232584568007
0.258035941797083	0.414338921686785
0.0322831889555714	0.0366754666937788
0.68327440478388	0.920746721889837
-0.35261864927985	0.255219801289623
0.266707145436764	0.198481037327776
0.255245211689048	0.376218142884999
0.325827569619123	0.707014985480947
0.0350666659916182	0.0569093625606051
0.297761389069182	0.633521733858982
0.122426403878167	0.214530528461099
1.16297808925094	2.24294767469008
0.883648549141326	0.474661201158908
1.59497466605529	1.11034461360783
-0.181656309638881	0.065893611727983
1.8046556556941	0.70860181691833
-0.742753785982603	0.258086652205378
1.8046556556941	0.70860181691833
1.0216909072254	0.38745924007158
0.680367583474406	0.31831222608506
0.800994500180805	0.337272485795403
-0.541296447427492	0.20764222744423
0.667584112949368	0.312199796382596
0.417014017631065	0.167271314671911
-0.0853221986750989	0.126685915166533
-0.190711030359	1.69090462927263
-0.149390047949331	0.600514305402904
0.052969125872462	0.146397262431453
0.0557713045390624	0.124934331645883
-0.25085990764584	0.780133448201751
-0.0847000526275836	0.183843366681765
0.823915488016892	2.72793581997645
0.0904089238209356	0.109953897816854
-0.241483801227783	0.229318302576852
0.799251376319937	1.73565835684171
0.707244931591885	1.40386787896811
0.173673989967145	0.128834814977798
-0.329579122799	0.153749164617559
0.366453282440717	0.310392441973335
-0.027945010204431	0.0256640075172245
0.253180778526179	0.222978433601915
0.144206640616272	0.0759652730504611
0.932393445741959	1.87271682942694
0.504233687769294	0.520914420346144
-0.412425499224897	0.174466513228787
0.933119843099792	0.629104362144839
1.55125607563751	0.772432148878795
0.523383422608558	0.301404345317355
-0.358820522080737	0.104443282865586
0.660087114244407	0.307205043906417
1.48499601356573	1.95726625044151
0.205451088826321	0.253333978287502
0.348375303610053	0.55660361292243
-1.49772072674301	1.05715359901288
-0.234171960321905	0.076605535671927
-0.787728047938903	0.348330616606787
0.126079963588286	0.0481422666847844
0.691259194068434	0.451599700908997
2.1033706304313	1.46339492886245
-0.746480385939584	0.259149400296474
0.14311796249796	0.0361933240878638
-0.747055356811924	0.259655588067032
-0.64477214166203	0.156983480169134
-1.03865945292652	0.417336231168104
-0.424748583117477	0.179791071172039
0.773063318968584	0.461238044017343
-1.53127286779506	0.553105673100975
0.14103192177006	0.0419706320314239
0.143337222216575	0.0426016228100372
2.10707603356579	1.46591428278852
-0.167814284601087	0.0611122958404124
0.136156966750329	0.025975077128062
0.931950133432299	0.244413497437813
1.80520382516112	0.709003956616184
0.653601146228235	0.207521943701603
0.649897891813891	0.206374526154303
0.139373629020068	0.0264474830594518
0.645241128115201	0.204592987808019
0.135344827059028	0.0258639507496658
0.451439773025434	0.305751233003275
0.131103414420957	0.0563135018124023
0.580976637686067	0.301580238283322
0.421218083319536	0.169306142598634
-0.165145037809874	0.060131898293132
0.146774179931898	0.0369732700828277
-0.641330786635824	0.311250252795958
-0.120191632731513	0.0483092747745913
0.98018638710949	1.81270678414379
0.395907102300637	0.531575013549914
-0.221276262414505	0.194066910691747
-0.929331314602004	0.791453865995893
0.925731953518924	0.902752215083904
-0.124165900297194	0.148187613566712
-0.0188056057675384	0.0194956914406475
0.0271983977436363	0.03486300756515
0.310050188162757	0.628992937767161
0.277908272081402	0.521081982299145
0.22164541400658	0.384562162556088
-0.733534826335189	0.767631972103694
1.30777883892102	0.573295283481806
-0.363074920327927	0.105749762822137
1.95062146582611	0.454190159391569
1.43237272946104	0.476285559011928
1.01791216425444	0.385692179378926
1.31069635629646	0.575154297721853
-0.740369846039464	0.257039463862401
1.02060878637423	0.387301323550052
0.150481785037224	0.0377820806483386
-1.80368476738292	0.398254084963023
1.25346251138485	0.691203628034591
0.931565691852841	0.244293555241305
1.8098322354038	0.711329755606344
0.0603751317296108	0.352794157291073
0.291949534982935	3.25531937564798
0.184677558489499	1.33948122179235
-0.0835796391818026	0.386676683455554
-0.235257192100107	1.46859977153258
-0.399006224463132	2.91594845174768
-0.316975410126431	1.82484063673651
-0.0248953415643072	0.0682402202565665
-0.0319749614304669	0.0641505636287896
-0.0143478898516397	0.0273446678499019
-0.228111389792251	0.642169959582762
-0.0197462494599425	0.0307155818375927
-0.105746921447167	0.142447153772679
-0.917258691587423	1.6142533535597
0.206927310712536	0.27658523131585
0.25677252235505	0.411836524548168
0.173105268906412	0.136838869627413
-0.30623817339223	0.281672876858043
0.23337185455302	0.219573901120593
0.393859325372946	0.562139129057067
-0.144301649592814	0.102646891958257
0.0623726994957071	0.0563351257429172
-0.364650774172568	0.32829424294609
-0.423321509709182	0.242888070930423
1.31468004021919	0.577244755259019
-0.264256775323489	0.134340929172496
0.148598486564552	0.0373599031239063
1.33737848410811	1.22790522851798
-0.543823047707367	0.208731068675775
2.33883133067084	1.17430501327622
-1.15345350292765	0.353548980162923
0.506598335865915	0.182050842131562
1.31324002887349	0.576609113923133
-1.83391433948043	0.756511402066625
-0.643123124462485	0.156504140249688
0.581969310447795	0.302983355056771
-0.792553264813643	0.351420601868644
0.512922403195653	0.184486383498599
0.147685616873541	0.0372140815523598
0.803676101253231	0.338560822354516
-1.53219054338251	0.553674997524989
-1.8396714502032	0.75990222543046
4.37294520639831	2.28827124905151
2.71926939617674	1.66814676682414
1.8126593939658	0.711373352606016
-0.234561901877787	0.0768788971748607
1.02607051140327	0.388199543855647
0.343908693947055	0.171984651067976
0.927601018172465	0.243257788968905
0.883366943645668	0.475434962929319
3.62372673657912	1.42967681844102
0.65414904119533	0.208020876626531
1.04527004324603	0.506293008929805
0.139747804703051	0.0668862225769132
0.278752005703968	0.217977861629073
-0.626781417742501	0.304966990645863
0.931965069835675	0.626851185588405
-0.625165952692346	0.303517921019859
-0.243764577644916	0.0798103968979659
-0.332886534729303	0.155232224225155
-0.299619880759779	0.192176955466653
0.314503216435026	0.310637230104021
0.349323787954392	0.470451629446921
0.228305180666047	0.208405684563198
-0.602819122938662	0.448206762031333
0.0555276141493127	0.0356828984126024
0.360211122478759	0.516438207526554
0.120232203669304	0.170528255534498
0.11030204734701	0.163836224280167
0.332160622219249	0.57027572628908
0.396669059325548	0.789476806155476
0.0737271760833957	0.0516348370691903
-0.738055403900028	0.256318943131305
2.33647443108939	1.17343388735198
-0.236036093012264	0.0773277810609913
-0.535791908283722	0.205464292080573
0.670521006679873	0.313565928273777
-0.235132025937081	0.0770784326047616
1.31554563205142	0.577850509647929
-0.234259276164921	0.0768738569502217
-0.741276499011426	0.25781621104378
-1.15392338036234	0.354212278509058
-1.5369997817935	0.555799845674469
-1.84303597262819	0.760039735058634
1.02317008310264	0.387996770477132
0.156407789260002	1.30119033521032
-0.207166031659551	1.85155169911454
-0.532116115563164	7.79468996233007
-0.608069330977641	7.83247992148174
-0.660140376266331	7.87390678316498
-0.519092007076544	4.57896544099527
0.0745496751858801	0.138569508296297
0.167223217453362	0.420583110266422
0.0862487530978259	0.18850046426992
-0.11440037832287	0.242288999009202
0.110794689800866	0.197110589181141
-0.144215117478157	0.209955575988646
-0.10020824732966	0.118111168830499
-0.148253486467036	0.190197851851175
0.289518559416951	0.321360483936147
-0.610783101385672	0.73718674707757
-0.0285265173820118	0.0229740079853139
-0.648464638044727	1.07522445214696
0.375086899156727	0.168553234624934
1.22435378369189	1.02842274024167
-0.703802630858504	0.568252252979751
1.94113546778222	1.21274160972012
1.3086403009672	0.57341570515588
0.42705792213615	0.171587416236939
-0.114181972684472	0.0459809246256298
-0.128362767726421	0.0516183444162896
1.22867573902931	0.847859591846366
0.125218312834546	0.047871267490977
0.371278595961925	0.166743904522789
0.148047531695805	0.0438361046687506
1.55068779582089	0.770591104466118
-0.629969348089191	0.30650127053813
-0.114686627932393	0.0462360546775005
0.136934224057857	0.0463018278790837
0.329017570950008	0.164002961688612
1.2315318406899	0.850685538190188
-0.741276499011426	0.25781621104378
-0.420694214773728	0.17814154213963
-1.11683799726115	0.771889623742031
0.580196745378862	0.30131230001549
-2.93333266086345	2.18827721323529
-1.29428175562447	0.591951812360937
0.80126711010876	0.337101746422082
1.30925947150867	0.574216413367679
0.101640799207047	0.081490669900225
0.510378193206749	0.183446434041979
0.42756477352697	0.171975522232766
0.65414904119533	0.208020876626531
0.859867193703595	0.98708826456556
0.0389945892763739	0.0238789605853186
0.4465117282232	0.301347127592363
-0.0463640972019134	0.0223340241454604
-0.355276684749407	0.217468546476234
0.887490850661486	0.766782588951709
1.09847264505334	0.982323490507279
0.564357342215699	0.540120275970641
0.899088942099163	1.29547507701646
0.584800175497622	0.645695759219006
0.553905355003101	0.440646777165117
0.0765087018156104	0.0554878985006193
0.131137397148724	0.137712699080735
-0.0303940559429462	0.0350850125874908
-0.0724136690280027	0.0894229096871705
0.780573650786955	1.88867015103473
0.298764885580474	0.503413938493611
-0.0214671401440053	0.0172783972918774
1.66310410960579	1.92655133927632
0.588923806488074	0.444398960161665
-0.330440805894116	0.153513286944582
-0.535791908283722	0.205464292080573
0.369102886589994	0.165589244155417
-0.510945868958804	0.271378872046795
-0.999109679756036	0.50221030256292
0.672145456483834	0.314698451840055
-0.174038178456592	0.0632687436691289
-0.788816222150508	0.349478464433716
0.0176334450624739	0.0839153483779671
0.0288746606970128	0.136088833644618
-0.132067462270667	0.733112492159428
-0.26652906799227	1.75774155731331
-0.420073067359422	3.22716281545909
-0.0455068745473695	0.105146123345077
-0.0933373156058266	0.22181643096033
0.131030836619802	0.315511672084358
0.103639025239	0.204365592018251
-0.0594097482373011	0.0777375382627717
-0.85398836789987	1.320366946321
1.31602035898891	2.12440764497419
-0.172178093155208	0.192018165100823
-1.83818577064438	0.758655290136435
-1.18927474093894	0.674314702205785
0.45507421243265	0.308143284452475
-0.787825204296024	0.348755440723153
-3.76450171843679	1.51272854782687
-0.801418632094068	0.439964294193011
-0.539460073012084	0.206753693045733
0.514659313486759	0.185330599053687
0.122850580679262	0.046993631496274
0.807174604124676	0.339947339299481
-0.0815976296118336	0.0361525131558519
-1.15253539705602	0.353154418604941
-3.76960824963311	1.51539382282941
-1.86486627381975	1.19012297321233
1.02317008310264	0.387996770477132
-1.15799700419576	0.355156175000868
-0.262549165205819	0.133280063904347
0.129559689863469	0.0495123659837738
1.80646672530512	0.709284888569376
-0.516168575206898	0.274983924325663
1.43146070068228	0.47602253118107
2.09961472965319	0.942156643014485
-0.738055403900028	0.256318943131305
2.54156572776404	1.41214423491046
-0.746151045211633	0.259667037559905
1.310612918568	0.574810701056327
3.25219401652934	1.09882975306147
1.80218392775286	0.706553037006594
1.11865724081197	1.1429872068356
0.42705792213615	0.171587416236939
0.147211981908801	0.0371529932006973
1.0450964389275	0.506958445716875
0.690425328758174	0.693412268926869
0.776242250569252	0.608866448061927
0.765133424361134	0.455487920457593
0.585550672734543	0.304938403297854
-1.1899788926319	0.676049157069752
3.25219401652934	1.09882975306147
0.586038828074614	0.305252918237039
2.05304072334873	2.58494073077574
0.549125624403152	0.771511143322259
0.442969064498994	0.673131728142374
-0.429760648082303	0.474084109812706
-0.168403176677407	0.0971543728724519
0.165784382550404	0.130750454594245
0.411666500928189	0.698616206200492
-0.0618599418677259	0.0856288826289315
0.186913015965491	0.292035983340879
0.42321542841928	1.02678060946751
-0.0487148484834223	0.0375542907450242
0.927351230398855	0.623468606272222
-1.18927474093894	0.674314702205785
-0.234259276164921	0.0768738569502217
0.581955600437446	0.302048899755152
1.04794260318453	0.509335640030191
0.13345272036125	0.0452283641533281
0.147685616873541	0.0372140815523598
1.02640136155337	0.389250316085842
-4.2302686863378	2.0231880974477
0.139556940401302	0.0415648034416572
-2.08522203444905	0.965065541609483
0.0255739449690234	0.126241563911135
-0.0115559958051529	0.0477964226242807
-0.171450696344467	0.993497213360342
-0.238804164161949	1.45093238284918
-0.22682043289442	0.685178063659626
0.0978851099223395	0.221487338019555
0.0606624701332235	0.0985326639274931
0.161882443027886	0.236821388110814
-0.0182178714155947	0.0168521935051069
-0.177457789945112	0.23588947493207
-0.619665281754528	0.867050553676884
0.165102803731234	0.137651494058303
-0.442277141001565	0.492337089343662
0.947014818882075	1.81970793660212
-0.363619197342818	0.105894774191241
-1.04158325318629	0.418585395243696
-0.741848012858367	0.258096023054699
1.43973986105876	0.479489791047764
1.80128084073667	0.706472447716932
0.627731961893218	0.566254131885966
-3.46584456958788	1.25353297605489
1.04317267505326	0.504945899276253
0.141934018068002	0.0422115362011609
2.74700474235958	0.773735225227364
0.797607885162515	0.334932665582363
-0.173614179164597	0.0631315478454414
-0.118167975302211	0.0475958821832056
1.30605403751126	0.572176134773053
-2.29844323093777	1.17734622143086
0.137209797477049	0.0464410009267909
0.150481785037224	0.0377820806483386
-0.741276499011426	0.25781621104378
0.65469668159777	0.207920986734369
0.139556940401302	0.0415648034416572
0.428112868847417	0.17216881601896
-1.15300618747366	0.353816991053109
0.124167375830671	0.04745294502351
-0.242323132990394	0.0794545395999312
3.62943539911313	1.43554672159634
2.10142264111892	0.943067738907912
-0.236907687744681	0.0776141769879425
1.04714491608127	0.508623915304983
0.377174167356593	0.169574825269419
0.513791165711859	0.185017905562863
-0.172519762711266	0.0627427399008346
0.128193918224566	0.0489929274062112
-0.412082455970416	0.331686867036923
-3.08991345953591	0.960747174631736
1.22283566885198	0.842115585187827
1.3164585335295	0.576484309411764
0.690371988468738	0.451250664311632
-0.269632631338682	0.137081909150369
-0.806442438998274	0.444601900213902
2.54534851827631	1.41743394764208
-0.367559864207876	0.107030285212501
0.508940667886974	0.183098517310394
0.349743379130079	0.395369277084404
-0.303812870662486	0.279508895222456
0.780709563124301	0.738213279728734
0.771398839212453	0.727583109656673
0.748818437124366	1.76876520633008
0.00838125134802784	0.00925092750046416
0.27432097192385	0.404117843282668
-0.0883203707823106	0.06644126822193
0.131903048520035	0.0566346660532955
0.774621471172177	0.462048401854348
0.127512195639431	0.0431912240016515
0.137049883482728	0.0408453847208138
0.14311796249796	0.0361933240878638
1.8098322354038	0.711329755606344
1.80520382516112	0.709003956616184
-0.0830106220544108	0.0368355726931633
0.0755192901343667	0.457644728997954
-0.268216354081882	2.66989773406191
-0.257475589804427	2.03461531577635
-0.125982802518092	0.311988362112148
0.31342160486846	0.741548021196032
0.102825409880341	0.117232206592888
0.148010805750863	0.167106833924941
0.485737242391918	0.594012096595992
-1.16257519536487	0.356251231866774
-0.363074920327927	0.105749762822137
-2.58478470503525	0.675813541092272
-0.631568377012149	0.307429315176704
0.146774179931898	0.0369732700828277
0.931950133432299	0.244413497437813
0.146301463254213	0.0369121679082859
-3.08991345953591	0.960747174631736
2.74534949223189	0.773319630917041
-0.644006342900786	0.156718049862583
0.933710809861868	0.244826616527384
2.74617618045436	0.774720201883077
0.146301463254213	0.0369121679082859
1.31262627398235	0.575986404326764
-0.363664142019236	0.105826742826499
0.935515179855096	0.245440180005837
-0.365558606293867	0.106312944290692
0.931950133432299	0.244413497437813
1.80319051359514	0.706471839910208
1.43645613213741	0.478161609320723
-3.08991345953591	0.960747174631736
0.139373629020068	0.0264474830594518
0.931950133432299	0.244413497437813
-0.362530893266771	0.105463937638037
0.931950133432299	0.244413497437813
3.25399732634696	1.10138712863889
1.9537169353899	0.454657075827859
0.650991162239829	0.206772040177897
0.375802088866291	0.306535616968303
1.43925987176693	0.479237157391687
1.02259212061632	0.388312776500153
1.43925987176693	0.479237157391687
1.95062146582611	0.454190159391569
2.74617618045436	0.774720201883077
0.146301463254213	0.0369121679082859
0.505159659700077	0.181649970886899
0.520453547684861	0.298420661843162
1.55854981686543	0.774837605712904
-0.362166381635235	0.105626912484328
1.31554563205142	0.577850509647929
1.31176150416243	0.575573951673107
1.43693291937878	0.478412112216202
0.459944416240599	0.491981946676087
-0.4465203521708	0.392008782766649
-1.04333787761146	0.419567920605661
0.975292334661027	0.792304096222702
0.348945921952372	0.376127024910512
0.626187665259007	1.2300334173811
0.197525810505738	0.255027011823078
-1.02267185340042	0.931563387969631
0.649844875202924	0.206303215221175
0.13912027261828	0.0264101516649031
-1.80368476738292	0.398254084963023
0.135344827059028	0.0258639507496658
-0.644770889342653	0.156875139887313
-3.09029030460571	0.960832707527767
-0.644006342900786	0.156718049862583
-1.80379071234984	0.398266610487963
0.0549666052052442	0.295073730279905
-0.195759397478697	1.63523867116574
0.21593857908158	1.35335447182736
-0.00231273556250617	0.00430178537042367
0.0511285337246622	0.114852099549653
-0.0390682551256515	0.100668924238075
0.119770102306933	0.323845623748456
0.0902142418759089	0.205269537281857
0.188454187778435	0.397250079320572
0.539469937653764	0.805120437850624
0.503621375507221	0.770303832079553
0.352302317235373	0.474468750484852
0.351413289534171	0.405558577029771
0.739175182894026	1.11715025539041
-1.29882524856631	0.59401691909246
-1.80368476738292	0.398254084963023
0.13912027261828	0.0264101516649031
-0.35900113863639	0.104616647983879
1.80610961993801	0.709606900893752
0.139556940401302	0.0415648034416572
1.75749014161533	0.98540509845969
0.147685616873541	0.0372140815523598
-0.643889763897163	0.156661592959279
-2.58453548475525	0.676764203908389
1.43973986105876	0.479489791047764
0.134409435237647	0.045482239289511
0.147211981908801	0.0371529932006973
0.509139648815982	0.183001422100664
-0.234259276164921	0.0768738569502217
0.932829613639135	0.244963311679429
-1.53219054338251	0.553674997524989
0.153733421849462	0.0384586410081059
0.147685616873541	0.0372140815523598
-1.84395587307437	0.760781954368624
0.64559347674232	0.204972394147955
-0.240475763093644	0.0785965379005892
1.55642181666941	0.775769693892146
0.510580201392862	0.183534349617947
2.74617618045436	0.774720201883077
1.95062146582611	0.454190159391569
1.9537169353899	0.454657075827859
0.644691758976379	0.204407522619992
-0.166935059748068	0.0962739662639307
-1.15345350292765	0.353548980162923
2.74617618045436	0.774720201883077
1.80128084073667	0.706472447716932
0.650086353252472	0.206202657488722
1.76222868299771	0.988937089046917
0.45212691934176	0.30516447677553
0.837384390724728	0.613838615736138
2.33907291366883	1.17576776874569
-0.999910727807672	0.502761568850451
2.54572674327623	1.41534519479267
0.395021599770731	0.396832871890432
0.483546966278241	0.430008958683657
0.687089652653302	0.447623122389817
0.452755676346	0.306389744755825
0.323923596624948	0.305539417278213
0.334956898589023	0.518005161905529
0.52799823845276	0.812950170275678
0.480932749559608	0.427739654684113
0.426763417978963	0.171717622830452
0.13345272036125	0.0452283641533281
0.651896042016441	0.207030647505349
-3.09029030460571	0.960832707527767
0.139373629020068	0.0264474830594518
0.139930142590356	0.0265210820862786
0.935126029437946	0.245318397037238
-2.58428653566473	0.675727611967995
-0.362166381635235	0.105626912484328
0.139084684033565	1.03543168662945
-0.210926507905512	1.85384051084187
-0.60004498681458	8.25405609046214
-0.237382603147874	0.765183009213713
-0.48684247698174	2.57473563686819
-0.253360185328773	1.01764641061039
-0.0702156299329826	0.170320501140441
0.117911828531628	0.267864655565116
0.438034166832217	0.703984959505561
0.597799968943205	0.862280584849399
0.173139798679743	0.179720356740366
0.517195628693255	0.80309314959334
0.168250910760347	0.161321529749873
0.329846950736598	0.382432583788603
0.510007909511423	0.183564268952108
-0.36125776400353	0.10521302829144
-1.53645538754434	0.554877978644979
0.431033069519722	0.173555585006391
1.95135265955319	0.45428366780025
-0.238350157281475	0.0780664823782393
1.43128484118351	0.887840612898974
-1.05156894396748	0.423156950468368
0.139373629020068	0.0264474830594518
-1.50983274544342	0.776864612720903
-0.740705291977838	0.257263180060709
0.650444653728205	0.206870989076807
1.31176150416243	0.575573951673107
-0.367917894368281	0.107101339671787
0.653601146228235	0.207521943701603
-3.46584456958788	1.25353297605489
0.146301463254213	0.0369121679082859
0.135571700409456	0.0404808758649131
-0.363255768460324	0.105782299807354
1.24864621172776	0.68680319900825
0.505159659700077	0.181649970886899
3.62653315041301	1.43316175170825
-1.04101514476667	0.417746620102385
1.4265737290472	1.61192581889083
-1.04484393094794	0.418316757561248
1.31497186902393	0.578443560062359
0.142469531863295	0.0268725113483955
-0.741514061952099	0.257437556377308
1.02201384172153	0.387406801790706
-0.264345626631133	0.134482207269924
1.06624089122509	0.651812905143837
0.832996867471542	0.609483630800566
1.31641060189182	0.578095540716024
1.07344994775802	1.44840765127104
0.628115930168763	0.442469974259063
0.521967061747018	0.861467909663761
0.890733763227624	1.85497597183917
0.433883151630398	0.639405928576782
-1.24226787162339	0.948035695176166
0.12684271834842	0.0485397725759886
-0.236305907551276	0.0774158597277084
0.79803379266607	0.33575390202409
-1.80368476738292	0.398254084963023
-0.127063540239845	0.0511115997929757
0.936401569876498	0.245675339056074
-0.362166381635235	0.105626912484328
0.650991162239829	0.206772040177897
-0.236907687744681	0.0776141769879425
-0.0698139945271367	0.412873263685257
-0.228776914166131	1.96496154803337
0.0151098772758666	0.0350961714081536
-0.433520673732934	2.66315296832162
-0.115464474400461	0.405690450157713
-0.300178221459088	1.35454112025753
0.0449769902407872	0.10587023359202
0.0283424567264812	0.0261484592876756
0.337272662936282	0.400300525954908
-0.367012159161167	0.106980484577588
0.936401569876498	0.245675339056074
-2.58817701744193	0.677412741892899
0.65469668159777	0.207920986734369
0.509435415274993	0.183330389793874
0.150481785037224	0.0377820806483386
-0.35845544263212	0.104471490348146
1.01848780387876	0.385379695632112
0.652695254572546	0.207024892635355
1.80837546568447	0.710560744847372
-1.1547506215075	0.354173653078364
0.142727172563101	0.0269105320645235
3.25399732634696	1.10138712863889
-1.15439361670696	0.354342573020678
1.43834434492453	0.478363981232013
0.146301463254213	0.0369121679082859
-1.16257519536487	0.356251231866774
-2.58428653566473	0.675727611967995
-0.644388443682788	0.157000626677781
2.09903484483183	0.941607866167158
0.150004967546857	0.037720852406733
0.139930142590356	0.0265210820862786
0.135344827059028	0.0258639507496658
-0.367370736590504	0.106848889573284
1.43693291937878	0.478412112216202
3.25676960114744	1.10310692759313
0.65469668159777	0.207920986734369
-1.807243397525	0.398882182291443
0.415421795299377	0.166309027175687
0.591749628883051	0.446558980998179
0.146831091835794	0.0369592007582587
-0.362710949837822	0.10577213020672
1.01392445389193	0.383875412660928
2.54729389080162	1.41954849700171
-1.15392338036234	0.354212278509058
-0.112436565258363	0.0453129451577521
0.509805060222284	0.183409050611913
-0.79620053290511	0.352352816452798
-0.230762727133645	0.0755782267206721
-0.243192926623713	0.0796302555049372
1.80499981726189	0.708186089434867
0.730958849786123	1.05726612348693
0.728661657027953	1.47789768604332
0.419469331619296	0.699728564316451
0.107555231066484	0.137727970218377
-1.61933147416885	1.25503229021393
0.653242855413462	0.207522075223881
0.14103192177006	0.0419706320314239
0.93871391671757	0.245790150722076
-2.58817701744193	0.677412741892899
0.139373629020068	0.0264474830594518
3.25676960114744	1.10310692759313
-2.58453548475525	0.676764203908389
1.9537169353899	0.454657075827859
0.141934018068002	0.0422115362011609
-0.0537795368705259	0.16156924408265
0.0954974664828702	0.481013281975076
-0.253699133811441	1.90178052736741
-0.100754133347989	0.456226597599278
-0.069145693200341	0.222816556823907
0.208817701665907	0.244610135810438
0.101835897997817	0.107373438231932
0.150481785037224	0.0377820806483386
-0.644388443682788	0.157000626677781
1.01053601609861	0.381608755274311
1.01921235268527	0.386192849735264
3.25767918892079	1.1021663566718
0.136370194837747	0.0461713984476248
-0.791200734986484	0.350537676799604
3.2530948013434	1.10108931722157
-2.58428653566473	0.675727611967995
-0.640433285495798	0.155891307450366
-0.16617394898698	0.0605322426701329
-0.358820522080737	0.104443282865586
0.935515179855096	0.245440180005837
-0.643123124462485	0.156504140249688
1.01630401569638	0.384821506664436
0.928481199205008	0.243805258274956
-1.15392338036234	0.354212278509058
0.931565691852841	0.244293555241305
-0.234259276164921	0.0768738569502217
-2.58453548475525	0.676764203908389
-0.640433285495798	0.155891307450366
0.936011360767503	0.245553152580958
0.150481785037224	0.0377820806483386
0.144241227938778	0.0428872731898325
0.935126029437946	0.245318397037238
0.144816855539053	0.0429958878810455
0.425961192082242	0.171382412553361
1.31118731400187	0.576162678907346
0.651896042016441	0.207030647505349
0.147211981908801	0.0371529932006973
0.141934018068002	0.0422115362011609
0.424159303437975	0.170253809910904
0.805481233097541	0.339051452837185
0.720406250974337	0.60096356438127
0.131929033420281	0.0504202941929281
0.430233238224466	0.173265323266744
-0.784081161574614	0.346813224493689
1.80892476946184	0.710964612544011
-0.0258291768664208	0.0132078773513867
-0.00802351569034349	0.00663559148984267
0.962799089340545	1.04909141730576
1.0467307947941	0.505485632464371
0.673642510114121	0.314848523614115
0.237554219710261	0.248929594785851
0.438584010925294	0.692385561551811
0.5476641224727	0.957504231726801
0.53243397905729	1.04853109161049
-0.253118784105112	0.168368078357998
0.42873751352789	0.172357953807125
-1.80379071234984	0.398266610487963
0.932829613639135	0.244963311679429
0.147685616873541	0.0372140815523598
-0.333626239597969	0.155627319383404
-0.742182711888573	0.257807372285815
3.62559622686951	1.43343777832231
-0.242621469297197	0.079366965399588
-0.740705291977838	0.257263180060709
-0.0443545037847026	0.202591918769733
-0.264557792044827	2.36257234504456
-0.362606217221531	2.69806674826862
-0.377502574828845	2.15088028076692
-0.224491693823796	0.74061415205853
0.378883954724464	0.387608319564319
-0.0881976739153985	0.0663716931842891
0.420418485743797	0.404522958313
-2.29970444442875	1.17785998578067
2.0947784487372	0.938173333818132
0.649897891813891	0.206374526154303
0.515231212929482	0.185298370736687
0.508940667886974	0.183098517310394
-0.0488804972451053	0.0235319358470361
-0.625984455329668	0.30451398202405
-2.08320421117583	0.96142495426391
1.31089635736011	0.57486221118602
0.429980032800171	0.172888778729521
0.123640608666328	0.0473064541364208
-0.537604201275585	0.206097064278887
0.807450425661511	0.340469425958749
1.74874486946647	1.78218699411814
0.511447846039878	0.183898335950935
0.803937433966823	0.338472481863912
-3.4697465656871	1.25533488138392
1.31324002887349	0.576609113923133
-1.15345350292765	0.353548980162923
-0.644770889342653	0.156875139887313
-0.330383234339374	0.15410561364646
-2.29985279094791	1.179082966891
0.665961191700831	0.311172226911801
0.138699758667585	0.0263265295910935
0.509805060222284	0.183409050611913
0.882580948043583	0.474988014574411
1.05055102429492	0.509005974325653
1.44256127788974	0.479253790855247
-1.53662981716208	0.555438343483155
-0.120006383191874	0.0484050147154472
-0.111932777164845	0.0451226769424826
0.137209797477049	0.0464410009267909
0.127839491364296	0.0549442253955098
-0.363619197342818	0.105894774191241
0.932660869082509	0.628654911341168
0.649294064553561	0.206116617727131
0.422565108326337	0.169882850838849
0.0784723253887467	0.0569973976858548
1.90450059844156	2.97428159596433
1.75569471827571	2.1716651307181
0.671991848450062	0.584533722223418
0.407429834295158	0.307000671116187
0.328861592645321	0.311058716839372
1.08394802011407	1.47188227070927
0.320552197008332	0.177041011422638
0.337091414959615	0.168334290493777
0.12737289110298	0.0431454582004434
-0.229890801283535	0.0753069747501744
1.31468004021919	0.577244755259019
1.25182762709119	0.690977558044493
0.147211981908801	0.0371529932006973
0.146301463254213	0.0369121679082859
-0.543552235605529	0.208968478049413
-1.83909918131213	0.759394746718806
-0.00488427224323865	0.0200762690880458
-0.120144188718546	0.585016965924385
-0.284874169696309	1.61343820019436
0.12615043994272	0.420791376888842
0.258103357924716	0.305004975928223
-0.0881463824362066	0.0780511190816368
0.846374800677851	1.53364084145439
-2.58428653566473	0.675727611967995
-0.363074920327927	0.105749762822137
-2.09338691926524	0.968404195163007
-0.427555582456128	0.2461134271671
-0.079515907274068	0.0352711953292249
0.655603229435312	0.207984052388229
0.139373629020068	0.0264474830594518
-1.15755644738434	0.355289941594665
1.02259212061632	0.388312776500153
0.137049883482728	0.0408453847208138
2.33676481628703	1.17407183630699
0.517286536207803	0.185627159850268
0.146737983479964	0.0369987654124611
-0.123808008048592	0.0498697573908732
1.807826131287	0.708233022529069
-1.04272005949682	0.419280018630572
1.04422282616674	0.506574585851397
0.344267910454491	0.172556784683622
-1.5125459287448	0.7795227654022
0.581955600437446	0.302048899755152
0.139947662100296	0.041632372501591
0.935126029437946	0.245318397037238
-0.164767698413953	0.0600142622210228
1.0136078007467	0.383220663046871
1.26010806773565	0.696373336398546
2.72344778696592	1.67342123367627
1.02407216663448	0.388349697761366
0.805769324127157	0.339679478238357
-1.34857674756806	0.853447395499959
0.000677892789976964	0.000338385928849659
-0.0794596675155272	0.0352285202320984
0.582148009100839	0.302538399023151
-0.568170333886825	0.364840552349175
0.13279405965443	0.0569890673700884
0.843222818912835	0.619315376070086
0.132055846316588	0.0447762654002208
1.31809456355369	1.38346559073315
0.0899570406173013	0.0734598667054047
0.16767666645064	0.15785168232528
0.632833200666439	0.893126423987204
0.994924360464426	1.47967794811204
0.0531972331002901	0.0341835872509719
-0.623603489162981	0.519000172794459
-0.206127502708567	0.140364848569854
0.895273365463152	1.28714109357862
0.423088541419346	0.477737837122099
0.338632836575545	0.402137042063189
0.267584478305737	0.216058897956598
-0.600264343789219	0.447507324589772
-2.08252394673407	0.962179928698986
-0.534393347384375	0.205023861194337
1.43708163641992	0.89510606428613
0.672932319558158	0.315270459352306
-0.167989696665473	0.0612306831168572
-0.151331629499447	1.21315589576196
-0.209848572013678	1.78711740137742
0.11064751496768	0.588540994849358
0.362335826177153	0.625676648598425
0.227936829417311	0.271748895727622
0.334117209173271	0.4841232298915
0.854289348582495	1.87264400209699
-0.54298951890346	0.208686132634316
-0.739798199098655	0.256488865469576
0.796920012322751	0.334249998240715
0.504073515615579	0.180839213902641
-0.334834388540529	0.155935879995331
0.803413969531267	0.33795722026847
0.512314858404992	0.184147765390866
1.93904128416335	1.21309150624611
0.13903860694883	0.0413471671998274
2.73207475109568	1.67955646334804
0.137882546354006	0.0410247735746319
0.510580201392862	0.183534349617947
0.651896042016441	0.207030647505349
0.429281233011579	0.172600500387818
1.43463558957201	0.476840630255681
-1.80379071234984	0.398266610487963
2.09581547295033	0.939333405111585
0.124429853890431	0.047598960284698
1.02028601783919	0.386776796263063
-0.643506271279338	0.156786530055825
1.02208591974079	0.38678483133196
-0.362710949837822	0.10577213020672
-0.648735146604395	0.157899750679971
1.55501737702822	0.775774035017368
1.04270177998459	0.50460202831332
1.43925987176693	0.479237157391687
-0.360713154621022	0.104928044856164
0.416736643603971	0.315971825011372
0.136934224057857	0.0463018278790837
1.55923309975362	0.77463833863371
1.81210894888404	0.710969215120519
0.667530196491127	0.311776625974665
1.01482142364915	0.384344164321906
-0.236606371241214	0.0776017669502627
0.131592549884353	0.0446096178723685
-0.3320813235788	0.154825471157972
1.06511131716506	0.648880572774606
-0.27487638844081	0.208461515926314
0.134082192845823	0.0511497929953536
-0.17226279513517	0.0627452428304373
-0.164821788962179	0.0599594459173495
0.143337222216575	0.0426016228100372
-1.15755644738434	0.355289941594665
0.128985887415983	0.0492872066083608
0.400063618591915	0.486170491389486
0.00157234828761016	0.00150591180296557
0.182000208845459	0.196850666760503
0.553330600078073	0.762765223015435
0.709121815415923	0.798205146022366
0.83651546067019	0.613303965817686
0.580987159278009	0.436687736696525
0.303478840018747	0.549516274160604
0.0876473318437208	0.118021115162054
0.990307870412311	1.17801223619974
-0.327858844928052	0.152221028123229
-1.15847376642875	0.355686548405735
2.74617618045436	0.774720201883077
0.65469668159777	0.207920986734369
1.80928263677467	0.710925581726897
0.936011360767503	0.245553152580958
-0.738851908790798	0.255710773651582
-1.15019981108223	0.352703694647943
-1.5318146928413	0.553494474919415
-0.0290068305629692	0.142013660384312
0.00846670016645106	0.034684833596005
0.295917912049802	0.447989772908031
-0.314176479209443	0.50416420816791
0.264991877227619	0.394777531714507
0.368609917017726	0.540006145479108
0.205583943328818	0.308040298518305
0.241421687554393	0.254258189170072
-0.539276806409919	0.207127681793212
-1.00312683086785	0.505013319506012
-0.818891241255324	0.64056492521013
-1.50515775706551	0.773632562902453
0.646495256830482	0.205229626326689
0.67848954723923	0.317322202394105
-1.04359703690809	0.420463940972424
-3.77312140195183	1.51499536469158
-1.18438075890342	0.671114459292441
0.804503833721828	0.338780381862777
3.2530948013434	1.10108931722157
0.147211981908801	0.0371529932006973
1.43412178636911	0.891195052836483
-0.742182711888573	0.257807372285815
0.129185893190169	0.0437123333660258
0.506024897221242	0.182012241745483
3.62466075691912	1.43256044684919
1.01662870750378	0.384360430840891
0.153733421849462	0.0384586410081059
-0.240882528791921	0.078904451336732
0.510007909511423	0.183564268952108
1.31118731400187	0.576162678907346
1.01881061691072	0.386619941894425
0.879550525052603	0.472452129300027
1.02060878637423	0.387301323550052
0.13912027261828	0.0264101516649031
0.143665287756915	0.0427236629465922
0.672932319558158	0.315270459352306
1.31497186902393	0.578443560062359
-1.04698922224577	0.421366979566404
1.59954708175689	1.116470497266
0.822717342109434	0.863258329470869
1.55501737702822	0.775774035017368
0.142761726532005	0.0424383939640617
0.131592549884353	0.0446096178723685
0.871496259058549	0.46590367080248
0.508862718541535	0.182846501147302
1.55456853536803	0.774473279453066
-0.534393347384375	0.205023861194337
3.918269745807	1.72279408442701
0.668368229261474	0.312768205499108
0.124691919402326	0.0476845886414482
0.344267910454491	0.172556784683622
-0.627284383604873	0.305293930755849
-0.514798805696446	0.274335851889969
0.12245680493383	0.0525949064803283
-0.510301782607894	0.270949179100825
-1.0424602576406	0.419767093556931
0.312089097701711	0.172121187933642
0.835657248630787	1.45736220937609
0.0201569217437263	0.0182132415471324
-0.209404168927924	0.264276601785726
0.0627713350538645	0.064929120782688
-0.159817009958729	0.128756006237719
0.325682102868563	0.579812224992718
-0.818658933030209	1.02434774675281
-0.0299991202397347	0.0152537108285745
0.527871911331467	0.303896960407137
0.427641662602157	0.171722585313014
0.134672383551299	0.0401871605730982
-2.08433551908383	0.96418035335272
0.650086353252472	0.206202657488722
-0.240585380889817	0.0787794162503464
-1.15755644738434	0.355289941594665
0.142836544444112	0.0424005568045196
-0.234259276164921	0.0768738569502217
1.01482142364915	0.384344164321906
0.0134420063458241	0.0614351016623931
0.199289072918781	1.62687143943509
0.140605327876955	0.723590319267696
0.147575423872841	0.580619031462959
0.207267282374158	0.927995244582043
0.123693603070927	0.461712564173945
0.00883184668185155	0.00944199201314151
0.154527603826252	0.215923441505342
-0.497065408318683	0.871721454035833
-0.163369683791368	0.221808172150638
-0.0682769912638314	0.059630190589417
0.430467908150943	0.310194124251696
1.22604212082824	0.843786125104647
1.04082431687872	0.504549442062946
-0.168535700512318	0.0614396736428628
0.128350501127829	0.043512403302682
0.129749512526583	0.0439402422989819
1.25907564491785	0.694063919515537
-0.449230807641589	0.394615277138435
2.33969833333524	1.17665219536596
-0.746151045211633	0.259667037559905
1.31554563205142	0.577850509647929
1.4406577565604	0.479253975897627
0.809574821393993	0.341052482546636
0.1413598194657	0.0421025960431846
-1.15345350292765	0.353548980162923
1.21792702272826	1.02039096606794
-0.328026516260394	0.152601612632177
-0.0874779872296784	0.0387192813385469
0.128985887415983	0.0492872066083608
-0.329898311772297	0.153841776701836
-1.18518562190076	0.671777571048883
-0.171459560951733	0.0624735259319497
4.55785170018642	2.57398635885251
0.146301463254213	0.0369121679082859
1.31497186902393	0.578443560062359
1.94113546778222	1.21274160972012
0.932444120238111	0.244842742206832
1.04373800339458	0.504715595115649
1.601615249528	1.11640547452979
-0.540021211439973	0.207221505212573
3.62755366930347	1.43264967739041
1.43517917219405	0.47735697092426
0.140184451576725	0.0265585662587612
0.425961192082242	0.171382412553361
-0.144068497431853	0.117828608805967
-1.83852721907032	0.758081437860242
0.14311796249796	0.0361933240878638
0.587009393207693	0.30567181298679
2.10051794173385	0.942924711508684
0.134502678047699	0.0400692936198656
1.43784625468668	0.477947615428851
0.513791165711859	0.185017905562863
-0.534681401761577	0.204992678078054
0.147470984841552	0.0436723193874914
0.525555892428357	0.302755968665049
0.280324712292352	0.19115881271281
-0.00466948121621983	0.00241280204884151
-0.48251420886979	0.327489724791677
0.934845808360661	0.630184272025181
0.1413598194657	0.0421025960431846
0.665961191700831	0.311172226911801
0.672608216305367	0.314753007141653
0.828813564099608	0.604196941324255
0.449339581949784	0.636649304261161
-0.023082387761138	0.0260339351364155
-0.25253812888955	0.375656848340578
0.20496840144773	0.32737810596215
-0.0178981353437678	0.0224957362571016
0.182057461257322	0.282234212980675
0.122647056619119	0.194229286309078
0.696006994580153	0.777579634219938
-0.0544869146912194	0.0261250747418763
0.772738364006283	0.608105164456809
1.04082431687872	0.504549442062946
0.513494339007861	0.184455433484267
-1.5125459287448	0.7795227654022
0.135805977315208	0.045997318265274
1.43237272946104	0.476285559011928
0.146346358967967	0.0368510834186678
0.42943252525579	0.172879165160614
0.13075083502815	0.0442922816393792
0.644691758976379	0.204407522619992
-0.0284598323389467	0.136380063647192
-0.0948167317242169	0.520268337238353
-0.148116213681649	0.735306599750002
-0.0436994956981233	0.150952608687761
0.0294730594416812	0.0949396554782241
-0.180074081345878	0.71438246974344
0.297330836850644	0.445094660852862
-0.147803462994732	0.193936022196567
0.312674379882177	0.478578081084615
0.0302680251467191	0.0362904589174586
0.0735501427143623	0.0705248194050304
0.0753990266658213	0.0529093470468934
0.287497903119123	0.196914336329651
0.696340743247548	0.700882124829167
0.714900369030901	0.593299666543081
-0.570677105811133	0.368354163751746
0.126580946763741	0.0484205414565657
0.310485627989989	0.170959364191803
-0.975062557948543	0.606925512170839
0.794652567195825	0.333318485688298
0.0335356147740765	0.0205564362451122
0.824700323456452	0.748196541393091
1.37182535917109	1.05619026747191
-1.34799450076712	0.856586511344723
-0.567756513188924	0.364797938322773
0.585859080369479	0.304903376420193
0.804369098228827	0.338540181824416
0.426763417978963	0.171717622830452
-0.332566821175194	0.155089866310951
-1.49969073240319	1.05979631177927
-0.163534484401185	0.0596231662713251
0.376969531292471	0.16893489156298
0.128985887415983	0.0492872066083608
0.579306411846112	0.300695190941969
0.428461841491524	0.172250582533061
1.21379950843772	1.01451023601402
-0.124569937655474	0.0501563108687718
1.02640136155337	0.389250316085842
0.577889008184146	0.299844258167883
0.581466167304335	0.301893876436452
0.425961192082242	0.171382412553361
-1.15847376642875	0.355686548405735
-0.0195003748256505	0.0100740275370529
0.647529084745028	0.84114458597612
0.134563969088954	0.0577312509779058
-0.416406198179431	0.176293113457099
0.430099833409523	0.172780336117568
2.72105915485792	1.67044799032753
-0.327295243408991	0.152328062598557
0.132351721943759	0.0447598990292527
4.37509767788677	2.28550634802119
-0.506337520326032	0.268193412727117
0.420839113677415	0.168996516764758
-1.02787007161411	0.943543479594592
0.149353710924936	0.0855089199758099
-1.34970148552498	0.855826771926243
0.300809529047938	0.194528904890719
0.0215540704254256	0.0124478208158663
0.829878872213818	0.872859631975415
1.99711565840229	1.86916773191844
1.06346404939465	0.64967073582615
0.830887216847794	0.607106455446826
-0.643077296731088	0.586576265789067
-0.506691664237806	0.765659989027572
0.32062995146844	0.463266471270893
0.126358596612211	0.154589234674911
-0.200413469917852	0.279159407199841
-0.134116055298132	0.178482400907545
0.263448115365932	0.317093516408383
0.526661152293612	0.531992708343556
0.164430147841172	0.112092031194441
-0.671120969491548	0.401728381646052
0.886321376787543	0.477133678471663
2.09793872874783	0.940098510185472
-4.01817667966541	1.76873594417854
-1.15799700419576	0.355156175000868
0.129329958097978	0.055546912018024
-0.619707870158474	0.30020422367339
-2.30798780593326	1.18383266622942
0.373414055043821	0.167570580005263
0.933324263209431	0.244705909364566
1.25045904102375	0.688250976185621
0.0218257048897085	0.0987110908504653
-0.337672460643393	3.62949214742029
-0.428465854224268	4.65290306592183
-0.49118453908919	5.30459833633553
-0.523565428891431	5.6170070330451
0.402789395262834	0.545341270691354
0.0800465112625357	0.0895243982857826
-0.455760063291276	0.694317150424233
0.164766116736209	0.169680958242434
-0.615149017965663	0.775535164672449
0.956202696148486	1.25057780243001
0.769785701020243	0.725117498202121
0.934735632517969	0.630560640602842
1.45846465151799	1.46170940539666
0.665369312445034	0.577138997224244
0.829255000713259	0.604880697428882
-0.330063867706529	0.153962418762864
-0.120677000901123	0.0994818121841561
-0.729880978995567	0.711345388712924
0.0537075394932936	0.0345567432524414
-1.11573118341866	0.771407101014656
0.322175293741016	0.178187101446249
0.893903380020161	0.772960942641195
0.270070088571952	0.218088558563696
0.866135924158082	0.87717998190746
1.21622242715783	1.01759718242973
0.456805311296738	0.309709917776812
0.484169448919675	0.304938956755116
1.86073185898687	2.05218902508076
0.639022917491952	0.452826330960393
0.636482504841986	0.450254526673034
0.97517227326678	0.794613199230707
-0.596525769577593	0.44389268487813
0.300281816449342	0.180005849023151
0.13440524821313	0.0708401007803841
0.431763374124475	0.310493494661229
0.80479293401228	0.338642479380608
-0.966959984374786	1.04490707305729
0.377390847638512	0.406119184221389
-0.115985853788578	0.0467592443534002
-0.243260033503541	0.160984996935087
0.286198218464959	0.195509614080779
0.873514459887136	0.889991757769065
0.297055851156959	0.178172130380708
0.12700523353947	0.0544603295988651
0.320503237143382	0.177159524291351
-0.80769682030576	0.628154251690557
-0.00696056620917643	0.00363297149526351
-0.0190807360035916	0.00986234255578214
0.553226206108155	0.54698478024287
0.159709780273038	0.113209817996091
0.440577376420601	0.414562146794021
-0.222621833859351	0.175729090279753
0.300565455681522	0.180538288509025
0.908526853178971	1.01540358846797
-0.727754334410523	0.654294256114215
-0.162510027839097	0.131185421399583
0.0475103106789479	0.0409571506476346
0.031398415298779	0.0290133662560959
0.12080107125577	0.120201760504857
0.225836232691832	0.272911060494338
0.327155747380628	0.393529474355658
0.218526110809348	0.250787151892186
0.363805915064786	0.397645692508669
0.175298972371075	0.165953923666134
0.0665111433740266	0.0623716685709082
0.0856374192915335	0.0855425543075538
0.584681705426564	0.646667143112868
-0.465200094439118	0.47587448417045
-0.695982171414294	0.496135997375702
-0.421773144683058	0.242419172448031
0.359800083128714	0.315110818475991
1.21768983023327	1.1899840390876
0.970078867342752	1.05950385848902
1.458186813849	1.460071280232
1.88352829275914	1.61888909863607
0.525109958981438	0.302234637020866
0.518549439351782	0.297878069984123
-0.334177863030891	0.155826022372066
0.0252809065494773	0.0145247854332954
-0.0218526439106878	0.0945115878956662
-0.0910141857131196	0.454658155561557
-0.110615893255919	0.494425919503434
-0.275853097589167	1.88586348881534
0.397307409639668	0.48208389107366
0.678845701615404	0.850039306475404
0.428314867306038	0.413147311633228
0.296737188143669	0.311120169568501
-0.622140718026235	0.870098533017526
0.599505490733527	0.724916429071165
0.0556836596251718	0.0358342830594202
0.145303062474096	0.0886335879037226
0.29140596214778	0.199843514964817
-0.10370278216585	0.0645808319578895
0.127384118892759	0.0609433387370501
0.475228890434755	0.297538009845309
-0.0503389597986805	0.0241336626054203
0.936810641992179	0.63250580758859
0.089295097517667	0.0710916986044295
0.638874425187433	0.452355324038574
0.160124071350044	0.103883992547406
1.85557559108711	2.43824493771222
0.481270521496116	0.30214357933606
0.305318424757931	0.183636161340772
0.71983624199749	0.599394344101532
-1.11923705171618	0.77311792056055
-0.131115364184525	0.0788659938802982
1.09778506679878	0.983370804956403
1.13316289095733	1.50336177714113
0.976710127264623	0.79594208363375
0.882859429054229	0.475241575630952
-0.353943534063171	0.216594227735602
1.36606113263859	1.04622683060425
0.711588240069243	0.591079297213397
0.676910781112861	0.316879457877734
1.65848236062395	1.91689996961196
-1.06742243963506	0.86956342568814
2.88121804261347	1.94577830415039
0.164725120388575	0.106851783136483
0.682890698293092	0.857164784311449
0.159333661116584	0.0976321159233204
-0.517149998931217	0.274876563020351
-0.692341777102595	0.491891732959141
-0.413380121168497	0.291521804079312
-0.0485329159030539	0.0233669650890174
0.585242601647037	0.304704976759703
0.982967105528552	0.801501695041714
-1.02535818632787	0.938793615794216
-0.0539974819843789	0.02594646402894
-1.95209901278182	1.94055035266703
0.528034553737565	0.438561812817125
0.66693521677944	0.57755851361129
0.615239197499154	0.642449273323429
2.38159527947698	2.01956045536995
-0.164149683878942	0.094329387658025
0.714837871228749	0.593573256998592
0.151355454447127	0.0925167945964359
-0.894941516804282	0.835592619396206
0.0950201810895105	0.0778078765007816
0.0898382136597846	0.0696326371926399
0.18113527985942	0.164613604652601
0.104364962252935	0.0880598327751772
0.306875491564827	0.301523216971682
0.361008684863456	0.466723540301829
0.159379453255991	0.120905704973426
0.36114788717114	0.3050717092858
0.661933529743001	0.683497498396484
0.0157358652152491	0.00918274393896393
-0.267259189939473	0.135896801529097
1.22279257042061	1.02468979248276
0.768162249016594	0.457472168467014
-0.213881797309599	0.116803698969525
-0.263437495875409	0.13395743332601
-0.361135025894967	0.262595353788239
0.301453092535776	0.181169344603386
-0.0833281245430227	0.0369538792562086
-0.205176025308883	0.111576664768138
-0.0788884271803217	0.0349565199223425
1.22044657276094	0.837114333548314
0.0568164638964564	0.284789874862227
0.235439381510116	1.87304894578047
-0.377886474250538	3.41831147441891
0.175847106703991	0.189260440942623
0.18942368555695	0.206076601203633
-0.0727557281392084	0.0689944070551843
0.246395401984185	0.216178165502383
-0.159284070280325	0.128163688559459
0.664796940085211	0.685979014362749
0.373750902335556	0.3180059605904
-0.166115155850936	0.0958677484952514
-0.119760951485887	0.0482068970784072
0.281637159219888	0.202648909130315
-0.0256120301805249	0.0131067371644546
0.125841141710202	0.0660754799218227
-0.216761293246513	0.118443777802237
-0.690299987310932	0.489673417193176
-0.803071124268526	0.996111405673409
0.4837131457082	0.304761793981439
0.145217586227225	0.0933857162771548
-1.00417383279281	0.506023554653868
-0.259400372425109	0.131595577211311
0.318393332471447	0.176020848715943
-0.420928404484665	0.24193630131339
0.125841141710202	0.0660754799218227
1.33695225349692	1.22780240635607
0.587410775695377	0.443367455103645
0.417526849430392	0.297753300961488
1.03123511506578	1.09099685248607
-0.129084300801997	0.0939183362000817
-0.0501880683020486	0.0241675506636703
-0.536354313754785	0.205687389529939
1.09312637610913	0.9754534900034
0.701253409770278	0.955742161662337
1.63020786256838	1.52044692960971
-0.814277736318746	0.450336369915053
0.841248956968709	0.617007204518535
0.145847189340163	0.0889031516928193
0.00461495170562973	0.00239832733104068
-0.943460772819779	0.700009884415795
-0.349554020394049	0.21314085011179
-0.0769967848030852	0.0341548447632088
-0.0898455773267486	0.039747125809084
-0.129821157456271	0.0778458312093597
-1.11968963447537	0.774273935124069
1.74736356205969	1.77636173551495
0.262628930831676	0.225728217451511
0.888898829767436	0.907851123422664
0.163891634851405	0.116247748457598
-0.144447093916772	0.102863643940235
-0.213063659598492	0.116445687888335
0.6297839580983	0.568958409846733
0.891093540225552	1.37780203789073
0.072537906356179	0.0672298405502947
0.979179581852672	1.44197239439204
0.302848872843342	0.311803364682929
0.24371116599024	0.246613161928781
0.522083362288279	0.608475838667798
0.361188366887451	0.316099409521862
0.148625573567004	0.0959778677129347
0.304281911832388	0.183112185499901
0.144887227748965	0.0829104102959631
-0.164843895139658	0.0948652808403119
-1.06678404109491	0.867645127397265
-0.603253913842023	0.449724787894687
0.524979295216652	0.302161920704832
0.158855144613488	0.0973501819742133
0.840685970110161	0.617005597698559
0.802847723592207	0.338179963633335
0.933927540837272	0.629926849645895
0.685246024411573	0.446903105109117
-0.0316123152585826	0.146706624793693
-0.415444748747918	4.68801209271015
-0.134184849259732	0.125298908120507
-0.251258627272391	0.234880294593958
-0.759130513689389	0.99743459549673
0.162321647516611	0.123836810795299
-0.188300047166365	0.150142583354728
-1.44434472726326	1.55191566440166
-0.974734127608757	0.606253463222876
-0.792553264813643	0.351420601868644
0.130744221929315	0.0626632101184184
0.97829337856737	0.79731711160489
-0.48664682687689	0.330294153119
-0.675606111794728	0.40676717289067
0.687129871517684	0.926071596547266
-0.526053306279273	0.404726656928476
-0.418580029248622	0.177413239267987
-0.817110629206894	0.451523049161969
-1.49194236598658	1.05036065731085
1.60377896100003	1.1185895828954
-0.251040295659384	0.166723617304007
-0.215176100895378	0.117496671863838
0.716299233723423	0.595651459568988
0.674199763079781	0.587388077364988
0.58475417863079	0.304390555192014
2.25282946788061	1.73511118302342
1.80556115744	0.709204238553249
0.51408884357367	0.294085477837612
0.897120510588098	0.777075865883175
-0.329149474521257	0.153000013614834
1.01791216425444	0.385692179378926
1.59969244576648	1.11529304246068
1.07008001208217	0.654361795029991
-0.967409423098147	0.599983597731185
-0.026393554887081	0.0134970963876295
-0.354400996878413	0.216702860929356
-0.264862402408207	0.134362415317849
-0.752407401641491	0.260596739987815
-1.29798623806601	0.594484945125978
0.142340713027779	0.0811134756341694
-0.632402995075586	0.528145387112927
-0.0262267209974558	0.0134370258584302
0.0662615291458601	0.0446400373533213
-0.477186061201018	0.322324571585433
-0.0264203086538108	0.018042833527469
0.428845390630763	0.399666027038399
-0.003333645230152	0.00308506503823785
-0.399171885677857	0.526148888589593
0.0446882652857336	0.0436465496480798
0.0648959347411133	0.0436433845357842
0.485601154374395	0.433221922425422
0.252822528149587	0.216014652473827
1.00720745900766	0.949877969199034
-2.00570448925072	1.41598957456666
0.543826132014333	0.535331556032546
0.147107660280117	0.0898716602483647
-0.626781417742501	0.304966990645863
1.43412178636911	0.891195052836483
-1.00417383279281	0.506023554653868
-0.124064151874363	0.0499563084162275
-1.17332176706128	1.03703482126797
0.886321376787543	0.477133678471663
0.716868342636721	0.597393775753254
0.626370202955658	0.660929358916697
0.0963238626463781	0.0789440089742628
0.47674182817221	0.424097408487016
0.221221355684524	0.24622101123334
-0.193602756832072	0.20154516148678
-0.276857584554251	0.295213841791904
0.601960387533211	0.800386383346875
-0.000449912631655672	0.000185749540973564
-0.481064975758065	0.45694234218403
-0.528942824184397	0.495835288150827
0.000550801389897329	0.000567479441377912
0.272372676927016	0.212343614689875
0.170005019001181	0.130295188932238
0.0704909750026827	0.0510055606178665
0.394317984186723	0.311522408785899
0.577355830998824	0.792731142919924
0.769653190721309	0.821510622848379
0.70766569283515	0.872125449756567
0.170123157490943	0.126001861131477
0.0555332186152664	0.0372905752309921
0.17215324504899	0.131969120873633
0.862012472614444	1.15572838023528
-0.303766584185193	0.22495349914206
0.463287505802503	0.425277544266582
0.378292222116907	0.30973631973166
0.378561560102045	0.294958384189715
-0.133791395416022	0.0803177083198977
0.694669725644125	0.698966094857094
1.54686211618613	0.767708335789702
0.770384489487345	0.912590785001338
0.583922368950099	0.645865052666284
0.822593841546049	0.744658251634942
0.0312097961134596	0.0237245249665858
0.264155762152514	0.205202613660249
0.292950280283572	0.200507003338233
0.41219568323245	0.312350993110678
-0.55451003260996	0.471566550609336
1.05697494563299	1.22937357918786
0.528445858467116	0.438933160624002
1.11353687583333	1.13536105299586
-0.251836319518722	0.167488425104877
-0.238131940145567	0.183657951677893
0.0890592891518131	0.0670378413175176
-0.118290243799054	0.0995690866430089
0.385584393002286	0.396775448091491
0.57577723955573	0.553611501937009
0.674762190631345	0.773898703445743
0.407874187582643	0.401662737965778
0.165024883312313	0.181030576337631
0.0842362321308338	0.0827317797365641
0.354344243556578	0.439493949839939
0.0410419431221241	0.0381763227318332
-0.592371648193978	0.676804565966479
0.262715301868059	0.225837648495396
0.289297065289715	0.198036812496747
0.904939882843526	1.01220299980528
0.163315467303888	0.115679100584891
0.66575800178158	0.577746959671022
-0.800413272499039	0.826279425511356
0.00291031857057872	0.00206918987609576
-0.686079541377963	0.813018006248233
-0.370756605304765	0.304440267645736
0.282103231636074	0.180860680377343
0.967133830074912	1.05349721262702
0.628901525703515	0.564128573774933
0.520534718488969	0.431055278220321
-0.0687583936261838	0.0523369491498286
0.563830457479809	0.702566235361114
1.36991707905219	1.84706696209698
-0.271308193496264	0.205722023435327
0.161883000259795	0.114763009068288
0.286746365860567	0.291079580812535
0.3292094383042	0.301866352294089
0.734334423245607	1.13358642958766
-0.121048725556109	0.12111957246932
0.62174864933473	0.815517851423736
-0.362173216296201	0.408454594111213
0.0808468221031715	0.0588046541965591
0.403891895355137	0.320455696168988
0.523019799681378	0.528082821917621
0.410204272326671	0.404879982905245
-0.0598016774844525	0.051972639923903
-0.352760015928672	0.349936696095214
-0.106095947601944	0.100264913308694
-0.0956797347123169	0.0808269631642649
0.165620031213658	0.13829933792172
0.59180468910583	0.730924106404111
-0.131728710035106	0.0958547699616133
0.0259517373769287	0.0197181142231561
-0.206771325382079	0.199844782385038
0.572035782353158	0.62804822650093
0.00483852297274144	0.00342243821624083
0.427997205425336	0.507139659386905
0.416592907758488	0.479388789282674
0.167159933371669	0.127832695707589
0.0185374347389673	0.0107450161409869
-0.528995596581995	0.496460920028402
0.158473272450438	0.107776180113246
0.607923190129419	0.569124182565037
0.653992063630704	0.673093141013642
-0.0909040688762441	0.0563750632326109
0.124278253900355	0.0593239869168866
0.160759360307847	0.126500199457299
0.654288785888426	0.672735606674418
1.415971446308	1.59455243963188
0.282361526638055	0.192610137818811
0.683260091384634	0.444829341660253
0.37656396480972	0.475862686877863
0.49519034873024	0.648317966854868
0.110124767723998	0.0909046050921114
-0.400476709007515	0.444302714979898
-0.526380277222659	0.405641679173073
-0.0232328626974545	0.0186789877882316
-0.576463661120231	0.532820080149391
-0.409009303201228	0.397640916721995
-0.0762238628876518	0.0595410880246796
-0.0387399081027571	0.0259365346687184
-0.0680353023251058	0.0434599452819152
0.0918955645855446	0.0693187883902011
0.466515548653375	0.411697737714636
0.172586346032466	0.148690733077658
0.428658262918872	0.414740553422683
0.168381273174688	0.144666828839595
0.518298053322288	0.602167504758215
1.10289757381825	1.87121300540602
0.0103909692765428	0.0094176899760127
0.625077753782419	0.822292834118353
0.0620230703395604	0.0539523007991055
-0.177248947395411	0.158273811268647
0.00189462495452747	0.00151544904197577
0.237293237311462	0.218188581274695
-0.0685970532020975	0.0533521371146281
-0.252297348122338	0.213795656154182
-0.900028669577431	0.845046194204513
-0.441797127797697	0.386519890815959
-0.821343017077975	0.55195585075376
-0.720487735157959	0.646905552198784
0.312034960129721	0.396826384271561
-0.246118885059956	0.213939844261547
-0.647269134376952	0.591856071660186
-0.213842673435934	0.168023907362946
0.270038183752225	0.21835486370001
0.250218164393408	0.213676830359751
0.24548838361354	0.221356847359061
-0.105180682815241	0.0778237411788957
0.530819532607882	0.537712436622658
0.908799054835429	1.20811781809797
0.444133515912604	0.2992594576582
0.822540176798795	0.744940893870637
0.315497311298715	0.173895622539201
1.10037772246111	0.986976133478194
0.890775415923071	1.1069364485922
0.050348112327619	0.0508292057310986
-0.141091739353392	0.138990833901858
-0.107913127289092	0.10836523202739
-0.0259615827393765	0.0174260586539197
0.553879331812554	0.548067423794772
0.72762846533795	0.709513663459087
-0.890215540997604	0.90761292675502
0.523839643318587	0.301727615293992
0.271097432547231	0.202607049869268
-0.0534075431987075	0.0349495019292353
-0.711251701722221	0.632096200279858
-0.355682258766299	0.21732947038612
0.270020586979764	0.21017062950117
0.318673798471848	0.175731684734203
0.345320127491801	0.299503236755061
0.261910300225302	0.203147565854019
-0.0500495660278053	0.0328176855547308
0.575044802571615	0.553517974460078
0.460794972427292	0.63704825191051
0.396677758502949	0.470680256190073
0.328424238362945	0.380790445423998
0.728427394157679	1.05188934119231
0.514534608008985	0.797203911640199
0.225385301356051	0.259714276414732
0.0675549255698583	0.0728529001493867
-0.908493386635778	1.79760688648578
0.111411802140251	0.125303023332182
0.317916557888049	0.392264681919229
0.0858054618599956	0.107258576470791
0.267557595709274	0.318953273672796
-0.187568341070636	0.164337731327794
-0.746160931005183	0.883430867605796
-0.719795947836402	0.951940255642177
0.471579768381598	0.418272818813597
-0.00575740651985016	0.00301607248707842
0.970355965599178	1.06141880571017
-0.466057890454311	0.36834478485304
-0.620983120653505	0.516520089626578
0.152810895002826	0.0936096363716162
-0.350364597797891	0.213610171599506
0.32808535511877	0.387804603315107
-0.523969632942647	0.490470909247967
0.458910654156525	0.420709394529651
0.0944422070923667	0.0752018805905327
-0.516898132642146	0.275575750726131
0.435634702652631	0.314045593677932
-0.318069646854077	0.262878839114531
-0.632728074943517	0.716275283782056
1.39676368143511	1.73757336080004
0.267591124556761	0.208130462009177
0.779384558949136	0.737895960467938
0.358796240329644	0.31395499557143
0.0460226580395163	0.0388556159806237
0.188249724746958	0.226672300265228
0.12444934436503	0.12013379475467
0.31788252196301	0.314894833157487
0.908103735462048	1.01786688869771
-0.543951619434175	0.208833717025581
0.154031933094426	0.0994569550425466
-0.667098442567524	0.399148297458767
0.409198335954314	0.309635956636088
-0.0477295093126407	0.023000559264419
-1.37090390152037	1.39893795513027
-1.60537508306925	1.92081827167276
0.342491531144225	0.171570981982343
0.012581029818952	0.00737757151381218
0.446333424442306	0.301308879349133
0.147181994349304	0.0899314795113935
-0.357236713807047	0.218474859639053
0.453586504154336	0.30690096287828
0.888915000531531	0.76846988943567
1.03217728909625	1.09287056768634
0.00293213675872816	0.00151893240854263
-1.18699793291904	0.671428650985567
1.85120666770012	2.0253658106849
0.362503806456694	0.470216998537051
0.00721839604196973	0.00721685554779625
0.0957399974537924	0.0821188605945548
-0.410292184109534	0.458256244869792
0.388332134010965	0.410527525665353
0.167315126825938	0.127783497384502
0.633828080319124	0.817591007704011
0.325778617070635	0.298087632834323
0.629106498251405	0.955193540224979
-0.307340146966649	0.391009260506685
-0.238095010697603	0.225717254406463
-0.0269921554904452	0.0217428403687262
0.426379001143858	0.482882235665299
-0.11150079561218	0.113852841593203
-0.763216448632438	1.09273272487531
-0.0994357914814148	0.0841556996857324
-0.105662418337389	0.0999218439878198
-1.0229602393142	1.24479776239152
0.0392968937622653	0.0323330306233147
0.0674874578517974	0.0471703817427058
0.0902464628434786	0.0700395568984742
-0.257398030242076	0.2417630636589
-0.0154545140999863	0.0106056675904383
0.387414735064786	0.484289995470609
0.181862636331945	0.161637225910487
0.160004006048844	0.113341819598529
0.248635568443895	0.212130705231984
0.0314288726721489	0.0245882978307869
0.46588576198811	0.576097414595395
0.509251790438337	0.527543827044079
0.057747662312428	0.0529164242635244
0.676174451654664	0.776948682968637
0.280452679676631	0.210888887884062
0.568454832915924	0.545631578173521
0.432205895109374	0.418681457431799
0.594373003847613	0.71566640546658
0.173740777299746	0.194978236374139
-0.105836139778164	0.10737241356272
-0.0736353891678767	0.0635429756221635
-0.145818211685114	0.119465310575462
-1.00884951992503	1.21157089703266
0.0482399691897346	0.0294845871986745
-0.233387802900907	0.201088160877556
-0.227351806237489	0.195122291678384
0.33698015564309	0.311094112156049
-0.193762479377624	0.171147534069139
-0.605858082244614	0.451657742269296
0.598958396809996	0.644546095287446
0.472679758181154	0.419064718711075
-0.816716866775333	0.548912720800549
-0.520402128688448	0.486683787246035
0.729210245164575	0.710264132968201
-0.333536271171691	0.326328841959409
0.275782991582799	0.206919004176699
-0.505790496438341	0.555205875821415
-0.130884847541476	0.108598519799652
0.654285402774559	0.673741404826974
0.373735126977201	0.411116653005588
0.72703525488726	1.33232182290893
-0.117609716412014	0.117293633096132
-0.0254708417334239	0.0174030681552308
0.338569953932871	0.302562052167461
0.0498241065008691	0.0319344721034716
-0.554156656220617	0.708344384410969
0.335166264805919	0.309133167030769
-0.459765392394279	0.362507474502481
-0.260551277529299	0.222219745362892
0.516571132212363	0.599745591561193
0.0282897206089459	0.021485371572438
0.311158864245538	0.314856725945137
0.857978687030268	0.982253716793197
0.775073007168443	0.732355312532925
0.0799606079698428	0.0581046648229478
0.238309112125179	0.235528235375736
0.0872501622270621	0.087199434994249
-0.0952503732434836	0.0905355285224397
-0.465241359715291	0.512834076291738
-0.647161016574015	0.808346611948388
-0.982901728948403	1.3985123162906
0.505705600801658	0.522611287251569
-0.0903841774980002	0.0775660751742881
0.549314276234276	0.678783722624507
0.802822096944002	1.11237047047772
1.21814326151301	1.47243986065036
0.273225741803138	0.213391031369432
0.731103867987673	0.801483988758759
0.425772393693103	0.545072642967376
0.080690095380725	0.0814134366050534
-0.184480349850774	0.190850711017446
-0.519940962126236	0.53278578713719
-0.170860303092425	0.13824393434143
-0.309858521216299	0.332387192697043
0.537154729729744	0.526991660134138
0.335806672057301	0.309637663760735
0.0670135964452694	0.0512190198392216
0.101028999947845	0.0808714703964466
-0.322274758026861	0.267091696416376
-0.286532398129841	0.240887151789285
0.149257270510131	0.0912956964783397
0.266154457130647	0.222286897175347
0.602050162707285	0.650376927680759
-0.46744059725111	0.47912014766826
-0.238642003185673	0.184235021286628
-0.439248096856163	0.421632716378605
-1.28167531847904	2.01785073992105
0.333824629316507	0.307401447341625
-0.0139177629027239	0.00965289115300514
0.467306954297497	0.430118378197418
0.805941466601368	1.12108373638275
0.771745486827112	1.46667072530586
0.860480525821661	1.15435716393735
-0.139666179196981	0.113793413949483
0.0974429131997426	0.08697415535872
0.62762063774958	0.856630262723356
-0.655449149622698	0.879257504583998
-0.249429149203465	0.270518366521106
0.157659472341785	0.161377854178428
0.675829900827247	0.932203816484
0.0113360139291387	0.0100444279326023
-0.193456446604331	0.201746927730362
0.0411640583690412	0.0395053318203671
0.372462198314516	0.400021146090646
0.0295233973812672	0.0272465859422488
-0.129780368471178	0.107719422363944
-0.721336663953848	0.647491368702004
-0.352265126817575	0.372797773736236
0.348260549289064	0.32325053197213
0.0883345208837436	0.0684014176106429
0.705118508854481	0.792801264997859
0.391787555622613	0.308806788050203
0.0982358510502772	0.0825738100716961
0.659012592203012	0.680513748182996
0.750403357177382	1.14179562931231
0.234842806317438	0.215550809326346
0.931870659033257	1.13047145605676
0.308274244485119	0.3970028733363
0.777552677914706	0.837010068753225
0.65633894977948	0.835062898631935
0.575284390775532	0.553470262096759
0.918336491415923	1.03282380388181
-0.0847600299738109	0.0635915657850144
0.282345464635213	0.192712246267217
-0.206380876390753	0.161433846122122
0.695148406688605	0.699320847141122
0.379584218190466	0.39939661658461
0.109150844649788	0.104106453181804
-0.46164128259492	0.572932087955662
0.386214520423702	0.397903480903661
0.0613390790909655	0.0427811975970169
0.0550322031651511	0.0369296039394392
0.269504818777516	0.201289701518758
-0.365960540954878	0.35617481010904
0.152535220166011	0.0986625296017473
0.708241597157593	0.941696458350205
-0.171636963055098	0.119494261953307
-0.669704331850893	0.706523397746759
-0.122249605632128	0.0887697088035269
-0.082752333576448	0.0635010287883531
0.37541508658123	0.319578559853339
0.781059477528925	0.842247367986399
-0.214782590073741	0.168851180475342
-1.3046396449784	1.63605577181797
-0.524789765770706	0.491923577483218
0.840193456819154	1.15478199494074
-0.000648166053552535	0.000318399599675958
-0.206862985025042	0.179896905267745
0.155096233705517	0.100408008633981
0.294027627632679	0.18963080311721
0.170973328775625	0.126657886400166
-0.293461274986829	0.267786776443002
-0.0247496436445088	0.0126434238406603
-1.26610438081897	1.83338118036158
-0.113153665003851	0.0816327145853438
0.380297350143598	0.311338777846813
0.841919990636348	0.618424398154872
0.316769091803874	0.304857273547956
0.179539897479636	0.18411157266168
0.218988042093326	0.234676086403685
0.223127094224859	0.248889156650968
-0.472849955448767	0.642695482762099
-1.01181132066662	1.8473732270123
-0.533963090428316	0.71321593178175
0.122552214585713	0.11818960868476
0.441588905371074	0.493112122873563
0.380586250332078	0.40111515539962
0.0741779964436517	0.0553925585364503
0.0402342558206181	0.0338434098437329
0.595288010210442	0.717590417227443
0.0823295666787041	0.0866162494665447
0.558599720485894	0.62808204073812
0.576235254308153	0.554897173897241
0.661489894776039	0.683017419183993
0.554301441966951	0.44099922958148
0.427382878744005	0.48465701782957
-0.692915670497358	0.824188673475792
-0.0320667663040669	0.0254217243791325
0.167019854726601	0.139684865100175
0.236078963123836	0.227563846333494
0.975755607744047	0.794279899654909
0.393463523883126	0.310748887142202
-0.0450756480014071	0.0301985803726242
-0.12710005362563	0.0924405397004045
0.525024769168167	0.531294196453217
0.000569803136963633	0.000434428390411594
0.0943198051405252	0.0772528052135459
0.284063065014825	0.194197856991342
0.683807448795958	0.683188434841652
0.452982809982992	0.496316269550766
-0.103592189587582	0.104986733746885
-0.0123194162657017	0.01136294349815
0.630037261306382	0.665556438459708
-1.26802727875888	1.8389822217459
0.560846827929744	0.7610498126351
0.252722857219957	0.209242426372931
-0.770502761496342	1.15285440290188
0.0336036632548236	0.0262525399977317
0.564237643857084	0.615403282637598
-0.170353879872289	0.151251875302795
0.774537402615808	1.00983346077979
-0.580102649710731	0.735038008520751
-0.934593781631346	1.21362034087594
0.554517428855833	0.621668466088032
0.596526444634022	0.64243845548274
-0.0320094639076078	0.025820643498981
0.29436921049156	0.307262800957957
0.0953097715749679	0.0761565406969264
0.178702316659858	0.154513109290455
0.309408948891835	0.312746790590334
0.0653964247169058	0.0471811519694922
0.3984224424625	0.40146948325964
0.27889234533363	0.218229849134456
0.871496259058549	0.46590367080248
0.661016303716068	0.571829824569941
0.462521675374701	0.314215474899424
1.13632806723292	1.40686847154088
0.0343770346822448	0.0210400372874716
0.457428681958157	0.310660557113548
1.33824019487522	1.22915968056406
0.526957961828728	0.302702360054032
0.16317564878245	0.120083429632094
-0.160231816809526	0.0921003691248401
-0.135053073802534	0.0813969902478834
0.117011590681988	0.114335812677643
-0.105596997114414	0.105832072235301
-0.266703196262432	0.306925471512598
-0.24292150492033	0.266403489542804
-0.120816938043549	0.12730456339867
-0.414250407718978	0.650158503230548
-0.381884319744261	0.57024878781039
-0.0712916860442778	0.071945486438112
0.326501852936918	0.391857625979348
0.50537733214068	0.666487259684641
0.109152471245799	0.100338005524126
0.0672475977434479	0.0651003955089897
-0.11497144699198	0.106017519503102
0.650767649554964	1.03750462702376
0.857842670635712	1.48139057199403
0.429017157129985	0.581799277968668
0.644717154628628	0.658914019367585
0.455207614092321	0.416381354320239
1.01615575302631	1.31050172296243
0.465387904085316	0.575248886450467
0.239904118423117	0.221151445377939
0.811035308654795	1.13009807613431
-0.00616665704604376	0.00426884309278232
1.14381923458127	1.82312686075283
0.687576854417517	0.688268454756947
0.363384467276634	0.377231023834023
0.180668653164909	0.139057387458128
0.289167917901328	0.208369187790207
0.592801470161663	0.636613419616546
-1.24586296773335	1.64499577482506
-0.0203351766829382	0.0165719052404111
1.22393972634676	1.604600952168
-0.271642588144151	0.205787658792378
0.083746452580477	0.0588768723603603
0.804862472530867	1.03013199469364
0.590117897382881	0.446162783344593
0.297752120849866	0.17841726522758
-0.0186301017610444	0.00963417849722479
-0.124599982417495	0.0501711996108527
0.764808199377226	0.453999127171769
0.254563834155384	0.230593589706405
-0.624773303377101	0.874922084584061
0.50506053494314	0.651212505531869
0.0221823270090521	0.019283303373198
-0.0335505392374841	0.03281119989499
-0.908351316189598	1.46382186512538
0.0189025906642255	0.0170625639866092
0.720133674678544	1.03607983099448
0.744358314836286	1.26380915604068
0.910007411770255	1.5425083612663
-0.0128426979300667	0.0115815194133417
-0.716823005893738	0.987770783520196
-0.401479247672035	0.471935175146843
0.00105709165875604	0.00102531642890906
0.593451246854116	0.977076067078792
0.0253272409457226	0.0197826570916883
0.0542532990517586	0.0478788057628151
0.486248503210387	0.657747317187036
0.374510415228434	0.482019787018803
0.547908831353639	0.769383312478295
0.11659226968821	0.107902036132756
0.658408165707557	0.838304510988328
0.0733458453462335	0.0692006482163348
0.262338098198479	0.203446997795827
0.484838685792958	0.305207789941226
1.20967133840751	1.45689849665874
0.389528334869688	0.320512165272824
0.0453087301225002	0.0276984334577779
-0.120006383191874	0.0484050147154472
-0.170960062844476	0.0985911024933096
0.589710054203479	0.445749546556394
-0.147870729254495	0.105463854857356
0.138955638906358	0.0731932468394673
-0.185455031051075	0.203241814756686
-0.550588677375712	0.767398725858651
-0.0638773272093382	0.065660532221286
-0.448911459204871	0.609990369562292
-0.269729728553036	0.365881338141428
-0.0633847369382851	0.061319499214246
0.179856822884333	0.211749722641828
0.305711099410621	0.397733840843015
0.429065345057895	0.486521698065046
-0.263932816928202	0.248778018323622
0.323573140977413	0.365782750392787
0.00531861571192601	0.00449999447970708
0.458943291354631	0.633339703570076
-0.0129334909808624	0.011922457732574
-0.0965832719974008	0.103300279773647
-0.286024384726864	0.343452029529842
0.58450895805512	0.787431755045425
0.337279069876727	0.311424061835293
0.414661069967503	0.601154751694661
1.58376210470817	2.4572505036135
0.0986581153716756	0.0809498889030432
0.662009379590047	0.84513016151823
0.257512161376727	0.220853900909669
0.336939371497863	0.310389509580159
0.660468016159885	0.682118691744275
0.379618638907567	0.311234324294321
-2.12960323176503	3.52739048583075
0.716331939845985	0.809490256668296
0.296454522274843	0.309944363332568
-0.0652263564152135	0.0495792524342555
-0.0425607896566349	0.0339517334599168
1.2098537790478	1.17849674979004
0.041799652883421	0.0268388457208091
0.683762784858728	0.683397631121459
0.907650004128998	1.0164364160037
0.310460825102862	0.298035375539919
0.82891740280021	0.753572487541818
0.29197636399526	0.188392504696062
0.578686988232657	0.300428014219063
1.2481163389551	0.687285853301533
0.682658418119238	1.14720616610464
0.0235492394886027	0.0178627619897855
-0.267891993877794	0.253134111485716
0.0369490150825755	0.0368881025636392
-0.595924470271455	0.792259138888473
0.217033270221949	0.256488863286365
0.390320679419873	0.470627605779256
0.109675543004412	0.0969321964277185
0.307738289405653	0.31054262139189
-1.2521905322408	1.65859130463478
0.0289565671267805	0.0262671836358776
0.267040428564916	0.307566465743111
-0.30825811503398	0.34772407718222
0.103329514900261	0.0890983292533911
0.487113904377936	0.661177070067584
0.904286145736599	1.52497705054627
0.711791037892819	0.591286808099419
0.282040638110205	0.202917051659998
0.879338544854702	0.471347900959241
-0.120267226298741	0.0484135417622034
0.340137787520046	0.17037003822384
0.126830956660733	0.0544283366570393
0.173937397500303	0.128872684833967
-0.0164173205935359	0.0135162897015552
-0.563621151351931	0.72418427978855
-0.135552530593793	0.135236141942643
-0.180650927714322	0.200209258399251
-0.27433898620768	0.330986733224119
0.477706877557838	0.582923889283444
-0.333533722384299	0.376152802051494
0.126429846406912	0.128468876715618
0.544090728523573	0.687975781502955
0.0965968907047813	0.0827960197328989
-0.0436861754802685	0.0397701183150296
0.221478009268251	0.215981235404145
-0.124008999021928	0.11297691531994
0.318910162665649	0.315913226993932
0.0372929843595714	0.0306349557479574
0.979810604734577	1.70003345065333
0.323875220652904	0.314055285568001
0.0876114575247609	0.0714000374738413
0.344217819592387	0.318844380503287
0.929421212868072	1.31645614183322
0.347420879166899	0.301604272416671
-0.655739595761193	0.645647348897374
0.478824742462047	0.425073276416535
-0.312180138265392	0.232164132944631
-0.0669978888246669	0.0427682333923553
0.162260338396058	0.123503793919493
-0.141422687923385	0.100472738268839
0.787675685411737	0.850206845267711
-0.165743344952008	0.134100994280066
0.303415109326904	0.182532735684985
0.0975360049445887	0.07806463082851
0.306559739806551	0.183684008646922
0.154377361031166	0.094378788313274
1.01921235268527	0.386192849735264
-0.332886534729303	0.155232224225155
0.426763417978963	0.171717622830452
0.932829613639135	0.244963311679429
0.422928225944596	0.406919955013634
0.231254993259358	0.246454774052092
-0.0731500265910822	0.0558551043026433
-0.125896160535665	0.117052827776864
0.408633520205578	0.499029596623092
0.0358628063232255	0.0326238563830839
0.228534867142819	0.247470181323704
0.401889353810219	0.523366719565546
0.614469942134181	0.727838008710415
0.0140116982406502	0.0106706688993709
0.475585024985419	0.498571634342238
0.0175108130460406	0.0128604126118018
0.0114908027939539	0.00876804647277556
-0.556730931014782	0.712713546103798
0.311636287609403	0.299403180805432
0.251844200177002	0.221491807976739
0.171769900884059	0.148029212633174
0.933710809861868	0.244826616527384
0.932444120238111	0.244842742206832
0.928481199205008	0.243805258274956
0.51408721869374	0.185096174251148
0.656959166697518	0.208411137309888
0.573865465430201	0.551510632346007
0.134777603283121	0.0644969204839921
1.63169125885287	1.52523803197577
-0.742419833798786	0.258214778445979
1.12858267140227	1.28183494820525
1.07254073479038	0.656830192757119
0.287040501177175	0.206774716404541
-0.676975399130032	0.407180794983707
-0.0489244386607608	0.023541595251956
0.933010060795782	0.628636743093999
1.37586294838366	1.06022696493202
0.131101678452087	0.0690476889407261
0.0139854160371123	0.00816368657128568
1.86017817748385	2.44600338662572
-0.260217735858802	0.132041011967463
0.888613009745642	0.765430184473448
0.288421509677679	0.197417084462348
0.139123689525208	0.0794621707054214
-0.0791991584272068	0.0351226828039932
1.80837546568447	0.710560744847372
0.427535153338574	0.171836431360724
-0.166720587533231	0.0607503375240969
-1.83482918178446	0.757249944313784
0.131666765306145	0.0503231715267364
-1.5081031271544	0.776833803061459
0.420967379737451	0.16913923643217
0.136841091629999	0.0720362280460188
0.293449749229083	0.175080785110445
0.509435415274993	0.183330389793874
0.931166434102395	0.244280970808413
1.95062146582611	0.454190159391569
0.967826412754633	0.784913621905531
0.529595438323228	0.305300903042476
0.584137801647847	0.303971114344916
0.129783041092458	0.0620339824053752
0.278782656646642	0.218177430782809
-0.258491633654814	0.130965685181143
0.293351788390218	0.189145654348593
-0.170775144401285	0.0985840394363307
0.131552212023395	0.0692274353118293
1.37471448277166	1.05819041037015
0.135762278277206	0.0581286718895187
0.147685616873541	0.0372140815523598
-0.644770889342653	0.156875139887313
0.141726775817505	0.0358473898154438
1.43973986105876	0.479489791047764
1.31818872914101	0.57803285948981
-0.123268639679827	0.0496614187106757
-1.01433411349275	0.509351293304992
-0.423655878943367	0.179601389929487
-1.50824890096741	0.776614223925892
-0.742182711888573	0.257807372285815
-0.803673064992939	0.441538778486917
-1.04760025472461	0.421186788735924
1.06317642296268	0.648918513108307
0.129250339089754	0.0493813338422963
0.79887233154086	0.336139804071938
-0.672699934333177	0.404055554459768
0.588605921072673	0.30599630560749
1.0514131501065	0.510674081850787
0.804369098228827	0.338540181824416
2.74617618045436	0.774720201883077
-0.416683138160911	0.176658736963844
1.02060878637423	0.387301323550052
1.43925987176693	0.479237157391687
0.150481785037224	0.0377820806483386
0.935515179855096	0.245440180005837
2.09185664329429	0.936292324337415
3.63528495598284	1.43025249661105
2.74534949223189	0.773319630917041
3.25586177376341	1.1013084673078
1.95135265955319	0.45428366780025
0.372067902001967	0.167202323796637
1.26010806773565	0.696373336398546
-0.507546270532868	0.2697107921272
-0.242894765745569	0.0796348330145537
0.672932319558158	0.315270459352306
-0.165691341247652	0.0603002900840328
-0.168882286622644	0.0614263520611943
-0.329413480128871	0.153520212605846
-2.08578796571711	0.965562416707721
-0.362710949837822	0.10577213020672
-0.0467198015772154	0.0224961748349568
-0.177007790049868	0.0643755652653329
1.05008419852068	0.510410286079726
1.04700630975963	0.507433112732048
1.2579262079911	0.692605500859485
1.8098322354038	0.711329755606344
1.310612918568	0.574810701056327
0.37211414114197	0.166982131110234
1.44558841576535	0.900695487650608
1.7615695710475	0.987581400026451
1.95062146582611	0.454190159391569
0.880778265284383	0.473618441757393
2.88577415373353	1.9524532911372
2.50942150222919	2.32690532071649
1.03884476131257	0.502330787795044
0.79803379266607	0.33575390202409
2.38541882977708	2.02816251266911
0.762755015237849	0.452538840150692
-2.30026144678854	1.17897142873893
0.937968415989834	0.633297048843469
0.00609011816245125	0.00531026487581509
0.721406877769034	1.1666090755515
0.224694567816635	0.228887765222044
0.179697436172156	0.177411311798722
-0.23645881030941	0.22386354562844
-0.109870745359552	0.0814943814113865
-0.0536678470285254	0.0540041042527769
0.485660380966297	0.581296086486103
-0.210349139026283	0.241047941199537
0.337277750521745	0.39391245126914
0.455321250843362	0.571196971886132
0.0299763712563792	0.0272002139078039
0.282508991108916	0.305392682739127
0.539475241868974	0.679619626340093
-0.107332311682043	0.0915019392817828
1.95062146582611	0.454190159391569
-0.035677543209405	0.0238904791600408
0.589745631144136	0.547066556471616
-0.0371787187888029	0.0295942423424467
1.10073076593862	0.982879229278308
0.779372153490826	0.736729773437055
0.26704136311943	0.22284080040741
2.09965356992634	1.45954246316732
1.23405649626013	0.851716564930074
-2.09115886201322	0.968679872642059
1.55265104250473	0.772528530641732
-0.539276806409919	0.207127681793212
3.2530948013434	1.10108931722157
0.233799902340951	0.219817795149992
0.164524411414602	0.133601122808116
-0.177912668032192	0.158776837680812
-0.628038774880659	0.912286532199119
0.141187540610051	0.147601988242428
-0.0704343770774687	0.0667133994871423
0.524714699533525	0.611046724392408
0.0223305468327109	0.0174369124418794
0.170364279453646	0.157342603921033
0.100699741061099	0.0846019847885409
-0.0480952154726508	0.0427597860106771
-0.136128670697435	0.113369230495707
-0.173603838135466	0.157900552500553
-0.0705439427253607	0.0618630877754193
0.169802115679775	0.153200297365434
0.0605381360876043	0.0555988845316081
0.0344393761590745	0.0307364360925277
0.335829878731927	0.383821547683988
0.338793226999581	0.312444587888085
0.392255463734758	0.394443453118646
-0.0511503222690613	0.0335403060944461
0.172507146450194	0.1408528762425
0.162800325729495	0.131974589110079
0.594565393038165	0.450014640711045
-0.10066808939977	0.0626983659778993
0.393363973331384	0.309731494319979
0.403175779483465	0.526586459895827
0.0324746409461247	0.0300187308086716
0.327493094032998	0.41485826137849
-0.123995178097037	0.132846026021803
0.494258971124569	0.766124550598561
-0.228136553394402	0.25152088308992
0.301957949744902	0.303617571371277
0.687257854191238	0.865041410764786
-0.497318290487715	0.693956455603735
0.0502715612899419	0.0493534832572014
0.482783005354037	0.722761661160009
-0.133378463606912	0.122453462566514
0.470722824880931	0.643831015166152
0.0780676582227748	0.0751228854855301
1.21292433956314	1.46376498667016
0.0816562938579504	0.0594217699309099
0.0976878869176692	0.0985388865370764
0.167987650691598	0.154802940753929
0.476595263814062	0.580930262608773
0.621922624496048	0.654472179906636
0.548474362787192	0.677431108190266
0.524102229711506	0.52950200731399
0.0814226881809794	0.0659497815594401
0.908891392904814	1.01921299870314
1.63778620207819	1.53769480196677
1.25319742086187	0.689969286170533
-1.84453084161496	0.761059866992795
2.54812984887499	1.4192750078442
0.323471304941514	0.394597825951245
-0.127495042938125	0.126263309974154
-0.585382999937723	0.745297666572043
0.637025676625594	0.824176510256456
0.16741589474613	0.140057926797589
0.0718314729881519	0.0676919288891276
0.0299144111294639	0.0276145761153699
0.549534246024067	0.755494195531358
1.30698308522794	2.34331451593874
0.721159105960563	1.12772092377911
-0.0320046466901551	0.0285834567594023
0.184767777585205	0.196795638110352
0.666216609011613	0.851747341855574
0.172384536329158	0.162791642623718
0.474043349569068	0.577051177712962
0.450724442844229	0.492788338428757
-0.285466776084016	0.266530936701008
0.598410832478445	0.863606831444058
0.986855041245269	1.46318266347835
-0.104868954888746	0.0892506509532698
-1.27633720027268	1.21670811578976
-0.587236641299541	0.821747759066556
0.420588760688623	0.556923914773219
0.174852027719283	0.172099778890507
0.658948704752967	0.898863593489259
1.06176618568728	0.649478419418937
1.25717857209743	0.694778656366304
0.666151752995057	0.576056983711243
0.0583056320759086	0.0391929641073582
0.0867164860855641	0.0652572777406669
0.221769520714257	0.234356820825371
0.174603945619571	0.177751950298452
0.221334912325316	0.250379875109484
0.41326539188142	0.553798788754067
0.234558410127706	0.255229639812998
-0.249406057813828	0.275045154024922
-0.205040549543229	0.237717308910716
-0.0260543069889562	0.0231816294354498
-0.510582946631561	0.586751155603688
0.626860502721972	0.880803404414862
0.0503335596098532	0.0486824919192373
-0.729593831936013	1.09215756136075
-0.0815640460649401	0.0767111681800852
0.572909427051596	0.844385597005898
0.315250688890416	0.382348760720641
0.123698561842187	0.123494853856401
0.510790454046459	0.530263201769114
-0.176375636545241	0.172990909335344
0.309764633404034	0.313182304957899
0.266182594027537	0.311742583295468
0.236710182308503	0.222550459849077
0.623768449029371	0.656536642657977
0.29997764100983	0.307782931115801
0.445870631163607	0.420326767133986
1.10079441968291	0.987576496584756
0.935544118155496	0.630991983679034
1.2278983774645	0.847224192673576
0.650444653728205	0.206870989076807
0.142469531863295	0.0268725113483955
0.424863892598348	0.170611039670474
0.528701345482331	0.535650977325516
0.476149581047394	0.64109366955011
-0.449751135938592	0.582933889450632
-0.771798708624087	1.06616150982832
-0.174487201319281	0.170989638861646
0.513896490118337	0.610360594397799
-0.256728324470572	0.261224524565586
0.0685787658322833	0.0644160544532358
0.0527462436433194	0.0526427140576687
0.125235035448528	0.116589245881179
0.91335990962106	1.38876350266366
0.473599900172825	0.621764639264037
0.0790533860721827	0.0784537943214936
-0.136363442854964	0.122924767354843
-0.585471996115459	0.844819727968156
0.17328838521183	0.145507684104964
0.174060074412505	0.180975392749768
0.221158196165992	0.250489047319338
0.00886357214960371	0.00768295359017243
0.222664728375139	0.235458061562487
0.553189492993423	0.818838825459369
-0.718537035226805	0.642893231008899
0.644473942774159	0.751400144086478
-0.503431504387222	0.614360460328744
-0.0753745083400658	0.0716925272389684
0.106723140348176	0.0921712512677827
0.0175213864887356	0.0155179317896286
1.95536029760411	2.30541675754
0.646495256830482	0.205229626326689
2.3420057408371	1.17899400091788
0.761277586443728	0.595516753710297
-0.263437495875409	0.13395743332601
-0.190630998097966	0.152284529038786
-0.12805019461697	0.0932631851803885
0.637375625840673	0.876148043894118
0.270035109096298	0.332355020221571
0.74188892331606	1.34728151164925
0.730304813021636	1.12395162742921
-0.750067896909117	1.21663201343678
0.10598890255329	0.118372472352248
-0.168628629631635	0.164375652965472
-0.0621553312545811	0.0607709243005845
-0.0583838779618247	0.0461043048433377
-0.29701644604674	0.315387601452985
0.00242595470627068	0.00221376652916398
-0.379685060623493	0.399211408405976
0.445115725525855	0.553466882147446
0.162676738156212	0.145949262584213
0.425598237100417	0.642007635809712
0.625688803089477	0.878545154836359
0.0764547656462375	0.0735040994895209
0.430777610339362	0.563938700998369
0.164798315427494	0.148139730561398
0.569838747008458	0.713531762185473
0.456655399703169	0.573107566754875
0.390927869465408	0.404000585485688
0.171272304566395	0.151156379690668
0.589494554448971	0.307026753684589
1.43925987176693	0.479237157391687
-0.747055356811924	0.259655588067032
0.514363083274015	0.184986043370105
0.270319494513383	0.311679489193204
0.541417300231855	0.69929829788306
0.230764699996878	0.245781002869406
-0.194028980888049	0.17129620082412
-0.127452361155413	0.118502500048965
0.527939785382107	0.812017960537031
0.821768604867817	1.37036868128614
0.164853827367157	0.148054351014265
0.236017896871001	0.265988260486038
0.454730543214267	0.558563425945149
-0.230355947588342	0.234317860293334
-0.324889767035793	0.344770098794202
0.264991313834037	0.314742416732954
0.554574828516772	0.749496809567863
-0.23189236636127	0.2361613932399
-0.806394956202714	0.770451765333239
0.352485530330531	0.381912146213044
-0.342574982992192	0.337480755267007
0.184467744820548	0.179401678411201
0.553407984819814	0.618728492596736
0.859145069398532	0.985768678900315
1.37585204316202	1.06080485198058
1.02381664464771	0.387649015457202
1.5090105239133	1.28428205639351
0.300305421306546	0.180304334770327
0.136555480388483	0.0717756198148804
0.157181485961821	0.0962595538684391
0.362869477887834	0.318272743942913
0.48625287590524	0.704901049510816
-0.172679453833109	0.165228060740643
-0.300510535607505	0.379459423843896
-0.903875750577651	1.45409846175884
0.563725468703314	0.703931691056944
0.351257635252345	0.389468486722568
-0.13586977877533	0.135654966243853
-0.346929196141198	0.387111957855264
-0.139734656769587	0.139964543493602
0.28662777899754	0.311278219921281
0.911803044187295	1.3859963377724
0.0410172344323565	0.0330200078672059
0.243325356397739	0.212412587473525
0.520003122904191	0.763919259918318
0.452321097880239	0.495195781304464
0.308385604734377	0.31112154610021
0.319040890102581	0.30800436299088
0.36977586260839	0.465574633346908
0.284063065014825	0.194197856991342
0.370408551592358	0.396951658604978
1.09893355687828	0.982307958907046
0.506598335865915	0.182050842131562
1.02317008310264	0.387996770477132
-0.742753785982603	0.258086652205378
0.512922403195653	0.184486383498599
0.170005019001181	0.130295188932238
-0.484881691728286	0.598596686329867
0.0287691461465437	0.0224673351876805
-0.103040601592173	0.0875728139428133
0.46631316798289	0.501041449462675
0.561304707360518	0.779344787288587
0.0381237272235946	0.0320441909695006
0.740218358836691	0.816260740829332
1.01346805336232	1.59650575153874
0.219145275855552	0.226772959468896
-0.160717362233877	0.158473305586822
0.161550867675798	0.130933310667369
-0.0670787958281606	0.0510847100264308
-0.0300111549939366	0.0204988255703896
-0.560161623130979	0.673739639456056
-0.228612075783254	0.196195691773427
0.102800482319918	0.0923095031325541
0.104420613447505	0.0880699565377228
-0.0805762823873339	0.0757880179039217
-0.349770765146306	0.252504114663655
0.472039069463058	0.41877418254701
0.0983252982651137	0.0841713633923015
0.310020029165274	0.305751811194196
0.164598181456082	0.137470350158137
0.455144958535611	0.499516245676953
0.875044042193821	1.34240340176064
0.834879930160224	1.45298163832457
0.608038681414529	0.811871066046163
0.224609470023376	0.23796583667697
0.292379772154012	0.325176139915177
0.253875831501906	0.223601080191292
0.173941030412148	0.157464685757971
-0.588701771645281	0.638090317818197
-1.57719570444954	2.13091877222523
0.294338758958237	0.20154707916099
-1.33052683101976	2.01465176441633
-0.00672537445375074	0.00623264391292163
-0.565572967844138	0.728197658063539
0.460622278501619	0.492206828426958
-0.456333133195275	0.359236596174216
-0.272263684520356	0.206376690812875
-0.371429395555682	0.334658949558684
-0.563465003704167	0.724122121497655
0.576539598089222	0.635248094960261
0.414191768720293	0.409432566459384
0.888935350640768	1.10300571811269
-0.249578092726008	0.165748553672195
0.438823535239643	0.488723695829568
-0.028741710150974	0.019636946039584
0.242081459428279	0.21148816929317
0.508203131557407	0.601736584341528
0.914425273479369	1.39182427358103
0.284223177957427	0.294210863316602
0.888138285110105	1.27158926870176
0.504972722869926	0.522427520721681
-0.381341218242966	0.401992641080071
0.261103159185522	0.304284295814173
0.117600659284786	0.106808072155486
-0.0564014372501504	0.0497423295527759
0.100857253291506	0.0886479982108518
0.071764436210675	0.0483150592639419
0.575366850132631	0.633404848585274
0.234681086358604	0.23114822304724
0.515753808608969	0.516550223605985
-0.755164684714008	0.945102025605733
0.262631102838462	0.211494835487086
-0.0141459640776998	0.00973495919683875
1.21482651272005	1.33143398409904
-0.152524392986429	0.108942057324037
-1.45333260576138	1.79275005669264
0.0805031774875215	0.0585068674384712
0.50441220052576	0.435392802200956
-0.403642493300569	0.39053146361314
-0.601485683387293	0.600466474329953
0.0831697562110178	0.0659399287013502
0.316913134131455	0.458599111606031
0.711987614704896	0.951253457578156
0.470520264629954	0.416870757419805
1.07039479099242	1.44565217361049
0.379248178947229	0.310850746755238
0.508137545126108	0.438772657626357
1.45804496821528	1.46080568464011
0.806591476720706	0.939296996899551
0.411874252063143	0.48410695343281
0.0957223080864219	0.0992805451192201
0.0516306209825195	0.0462708815069416
-0.0510617707936068	0.0448154804484833
0.105869632245289	0.0933142927371333
-0.296074820438906	0.378368047715754
-0.323527095075549	0.3691119523579
0.294232809352593	0.314514312853672
0.706223826648403	0.869862873664998
-0.473037157459492	0.690612862405722
0.00471668535956476	0.00455780726880943
0.125579042633074	0.114602523290154
1.15235500937874	2.38098616288607
1.01205825717185	1.66509883787339
0.363723308938083	0.464281565797767
-0.114558333416887	0.107382178266051
0.0056132517557077	0.00490233908375543
0.746672656145332	1.13399025200923
0.232301268536771	0.223459066802131
0.275522581321304	0.20659995157541
0.580701824931859	0.640430121441643
0.480759929374157	0.428557425605621
0.383698044971937	0.404981145106344
0.0410930820294667	0.038845913562112
0.416194321711904	0.467533735642861
0.614613612201857	0.804572876585685
0.476620453056928	0.666415171396351
0.164844292604804	0.15434857426674
-0.0368009107945375	0.0246174146070923
-0.575490783417099	0.620339964692358
0.07174048449691	0.050217207045855
-0.705371931953939	0.570355718892412
-0.953012181331581	0.709958085772754
-0.0491149734827156	0.0321613025972706
0.100004793705997	0.106973651913821
0.351767478181713	0.38998115255032
0.223575359126902	0.277209189929679
0.00772323632261927	0.00670718866498687
-0.0875122323815625	0.0657825697223758
0.683864302988098	0.858861881984481
0.353285191092694	0.373541675347834
0.109719934153189	0.0950025843895523
0.284339639848113	0.308080451289592
-0.0278692657082087	0.0224521599982084
-0.134959195625892	0.121728740310844
-0.508126266460634	0.517190281534298
-0.80661665610242	1.10386379300441
0.367406652018977	0.402734018610655
-0.453891382601621	0.496290059341943
0.227636971119104	0.218172301192944
-1.97675777348966	3.81019501127036
0.172736520552811	0.156208221157619
0.0301396510363445	0.0273423188840688
-0.212445279932413	0.251168164474845
-0.527713233784019	0.571052859729242
0.00935903206318628	0.00691460925896379
-0.186172891732702	0.148300608070476
0.151534754060682	0.0927948013920574
0.454493546577246	0.558198295516589
0.559072045587952	0.73831403667212
0.765759604151231	0.4550179422279
0.988670501337371	1.17525734916909
0.840556199710191	0.617343155694076
-0.0855785303794775	0.0379012028368277
0.368880308646119	0.165439335412938
0.427616500736107	0.548308283379393
0.0164309314839894	0.0155452996472071
0.212599498664349	0.263620571804579
-0.182104331844976	0.191210436490803
0.708083319312024	1.30325830912317
-0.188885950331384	0.196229419874883
0.232891521213894	0.243731582982199
0.506537086525477	0.703471119265258
-0.41806639926985	0.457174787841707
-0.279696875370616	0.319993052442757
-0.39536078265316	0.55565952732904
0.133722140236692	0.14330444534908
-0.467238282914013	0.567757250510876
0.16792528505461	0.170595345610985
0.259774988186099	0.302441046526911
-0.170641041819489	0.180201872872007
0.407355849694267	0.497483243125478
0.372424485134639	0.459392425027288
0.634346396036136	0.946755321047219
0.171646398756227	0.186899610960471
-0.235196773179965	0.203062069337148
0.69207887956301	1.08630765246075
0.415060155985247	0.411105843933386
0.243329179750812	0.219073900099886
0.101869016903916	0.085774685274504
0.459173595466523	0.490689800007251
0.517592010998977	0.657760644040469
0.0815072684750432	0.0628801460657659
0.71623381502962	0.595620698862065
0.655203885847453	0.673771108536531
0.877981057575521	0.471386207006076
0.482184033272406	0.429722153524005
0.850414829685038	1.22961781822201
0.28660588928531	0.19528396006084
-0.0519448578835688	0.0249546436071908
0.131947971529909	0.0695259204830064
-0.362166381635235	0.105626912484328
2.09581547295033	0.939333405111585
0.509805060222284	0.183409050611913
0.512922403195653	0.184486383498599
-0.750584618550653	0.842221690597743
0.654048952019502	0.8298249566281
0.413128865192471	0.544472895219043
-0.147549864441859	0.134321673027371
0.689601880415899	1.13985965697188
-0.151647437384932	0.138402426935999
-0.91195724318443	1.35767435025227
0.515796893635239	0.669871128428386
0.118316092525973	0.0980878603423555
0.235611016423911	0.216510315650525
0.161429651380272	0.147944751398738
0.267078723948111	0.302224019426595
0.60243742317607	0.871963371215155
0.343343085454835	0.394815237595285
-0.332054593366417	0.354348436241593
-0.716057477905183	0.982943873635314
0.474659741102587	0.421633778369354
0.0549112510816491	0.0475261384204803
0.47399262417857	0.576632001014302
0.578219471979197	0.83916576007273
-0.221029805793467	0.211574788380506
0.579818548793048	0.779967079216577
0.578840498206974	0.637402901365198
0.424686162586357	0.17084869480222
0.148652197900544	0.0909398741938855
0.126517413282581	0.0542784291940882
0.805769324127157	0.339679478238357
0.806045844413056	0.339866638922853
1.0216909072254	0.38745924007158
1.87701118123969	1.60980688649525
2.72479462979952	1.67427095411083
1.5107618449791	1.82088863494563
0.183195566757666	0.158435141436426
0.212023987522335	0.221617087434372
0.2995873119947	0.307402208580363
-0.139379445050885	0.128526486189935
0.0644807731372011	0.0603929748537097
-0.396834572430655	0.498907512580906
1.05158113828384	1.54987150400641
-0.548085031101713	0.762956376059666
-0.144686296413546	0.145346981320473
0.378801486536484	0.471236004956846
-0.288660138528998	0.242603108665015
0.449268128593566	0.503827091464286
0.0979709600194087	0.0783620445194751
1.14709282182796	1.92305146159437
0.876371486393329	1.4920776307325
-0.613059959134588	0.852962127459144
-0.0611494057497913	0.0474443395958652
0.239455004889437	0.220754734374482
0.359756457495408	0.391833688167922
0.241377918973487	0.210759695097897
0.41083982306153	0.31066983610185
0.251654261179118	0.221162234898801
0.454375270916435	0.498296164783148
0.994820654784161	1.48085554602725
0.473046311489846	0.4190333969451
-0.994621327434531	1.00004474280327
0.255782848516248	0.212195141565213
0.450570863691489	0.30506178656067
0.458487412828453	0.311110333507345
0.586834950030511	0.305690899440636
2.34027363336522	1.17732300328594
0.159753878201555	0.113309979120588
-0.813068986448125	0.780890464062062
0.688263774487018	0.449114914858185
1.04951967072434	0.507966341363199
0.127401176765911	0.0486776025592294
0.147211981908801	0.0371529932006973
0.649540136788795	0.206300566749324
0.80661030139522	0.340174283092776
1.67905568752708	2.26586575011509
0.635302227876808	0.57433132279352
-1.12281179177225	1.57400878054201
0.331183464813606	0.313348189539997
0.00403995696660924	0.00285923373440134
0.162584166813222	0.135614510315497
1.15474322962494	1.75319865349394
-0.147605540281522	0.121062689693557
-0.389723877736367	0.412737156790375
1.33576448961555	2.05216663114616
0.962443962224685	1.26361311859223
0.584833584487135	0.853470276938974
-0.811519376258304	0.956725419671678
0.470586987806235	0.506354486692701
0.317314564344017	0.174515783622997
-0.314371904166862	0.311857041892422
0.382152659268943	0.403018305247819
1.03806165342975	1.52054883299895
1.06535197542335	0.652185919390961
-0.0202390866973474	0.0104266917985423
-0.242221253426796	0.159962527880594
-0.174124146004075	0.100530860082871
0.86913225137975	0.883684601003154
-0.793098515782442	0.351690335205156
0.124426320648116	0.05329104046459
-0.271278776155574	0.137987870845051
0.931272001555864	0.915039369253049
0.551271302965504	0.437582397119879
1.63177292485975	1.52752131896442
1.21409175321256	1.01571418910896
0.333206286215695	0.166516830726065
1.33939526270647	1.22649832226007
-0.00888276476414799	0.00732555019855336
-0.283188023190702	0.339120173160331
-0.471738082762109	0.609366335761356
-0.452212237423614	0.660290154396287
0.448848857848354	0.647651568596364
-0.0739815288059566	0.0767497792565964
-0.176065718148263	0.175384870606529
-0.169556894626967	0.150584870118648
-0.196051730659735	0.173523037429517
-1.10667958485808	2.35271917300982
-0.174181019138026	0.184399718039245
-0.405431259094957	0.502631232336447
-0.588886375133542	0.749598863425714
-0.315246102812995	0.331333645676018
-0.569705005376129	0.82963782820241
0.249042804573693	0.241960196673318
0.503405517399618	0.725599345133067
0.355020559134583	0.456904392045737
0.470548523162128	0.507001905590932
0.528748765877016	0.618335749460199
0.993866750293192	1.47678486193855
0.162005170902852	0.154598897983893
0.433403134607112	0.546635002283885
0.122986093774393	0.120700947466906
0.164999699223973	0.112377575797532
0.811260114859077	0.947762123479005
1.12707271877376	1.27506405130858
0.35227666578198	0.390488874909829
0.564610646982319	0.768884412963843
0.342271648555255	0.295917808785855
0.908671256844527	1.20680224219592
0.798068153564066	1.01791864584016
0.173714246435958	0.141941846480213
-0.442474903157001	0.425035934297835
0.902930876309622	1.00875220482929
0.698305971779612	0.783541079833742
0.77094514342004	0.726867444727921
0.557082753874101	0.625923806730437
1.11123780006092	2.14162097278849
0.174699781004437	0.134055113421088
0.147650567555466	0.090236620024456
0.932660869082509	0.628654911341168
1.25639676878279	0.694338750578675
1.44003487420543	0.896810418841751
0.161532960465733	0.114631731255823
-0.30359816292676	0.224399623494744
0.773630069223791	0.829749557537502
0.529241683966574	0.304809683317213
0.522211946238341	0.300712114293047
2.33820696694681	1.17549427117663
0.651349240994328	0.207129762624853
2.34875454219229	1.17856310983484
-0.167527449292993	0.0610228882448846
0.50167602872049	0.431649542681291
-0.257621420315281	0.241961331109771
0.0194592647447613	0.0147535487725502
-0.277708570040825	0.296562128997836
0.657966625669859	0.838061857985516
0.656229007330708	0.83425677801996
0.361684284657556	0.394866798986176
-0.606802394976398	0.730609490327809
0.665681702973774	0.913227938603957
0.23425992778603	0.230598695470071
-0.0275747704000357	0.0218624843007066
0.216434509259106	0.231950561366072
0.411268460038603	0.471841758977697
-0.263587283868733	0.263738630163775
1.14958630534638	1.5356218198096
0.260615664306288	0.201793030487521
0.177987379884058	0.175792313900788
0.128199680016877	0.0614227746530581
-0.324231931616721	0.150813949836436
1.45066053786522	2.06048586061154
-0.0242473954825951	0.0124315426054681
-2.08578796571711	0.965562416707721
0.152487047306837	0.0986246461020415
1.08229598017167	0.817442851514003
1.03302323477974	1.09126524710176
0.58404943674783	0.303949413203059
0.556463940080535	0.442429045720996
0.672623533048747	0.31400520612991
1.08173414957904	0.818061584478659
0.12584412557249	0.0660637440898102
0.0274389388121202	0.0248606662889796
0.235036209614399	0.260325562903041
-0.287769496725728	0.325229919158031
0.173150805473129	0.17976472959219
-0.441411348033482	0.623431731306026
0.738274151482284	1.23173920292306
0.227869167339279	0.255234731372906
-0.663817941912002	0.840202536626953
0.278482336851119	0.29992654198862
-0.265757047822979	0.250892380859521
0.388995814556022	0.478132274644891
0.103259441145744	0.0926897975080555
-0.172911174381118	0.182859340254379
-0.262958914257741	0.268866788310769
-0.101391096591651	0.0859995686800748
0.171087039121341	0.164466682631332
0.00875837427045064	0.00694061934521804
0.27465289979468	0.301016861110046
0.0777602350641088	0.0695784870622284
0.232147586745754	0.233176075622555
0.412611901497284	0.521593846782872
0.683544830924842	0.858534873688967
0.798992498761501	1.1053940595387
0.171609154754599	0.155155646669073
0.504672714112024	0.522076172551593
0.0545374989372514	0.0471920501222798
1.03845533154396	1.60255304212405
0.886034156470089	1.51841832264819
0.235296886157657	0.226340956164902
0.75024639423486	1.1422902567339
0.182272029813676	0.19049813295704
-0.101198356400847	0.0629756846817458
-1.43156066056341	2.14576263901942
1.4228196394174	1.61104473914245
0.491806333413784	0.576431339615611
0.0768071813691549	0.0738221584234162
0.489192051775802	0.517232291198076
-0.355411957596376	0.28974723862841
-0.415784847226645	0.238054007198586
-0.645562854103869	0.589645627034272
0.716701110797645	0.596231106064265
0.624968083719689	0.659223276393119
0.490382892151695	0.519333340972883
-0.476244245065175	0.450968919592257
0.245819976956406	0.221765351401719
0.831615301123753	0.755761350736077
-0.515051358639817	0.274425622246119
0.672404499639589	0.314853050257832
-0.238535498919549	0.0782368452146959
-1.00292645923108	1.00887911416434
0.258116683374227	0.21446966969714
0.55260890488756	0.439058396368489
-0.630768616520417	0.307077689658054
0.120418189082468	0.0558492222714963
0.509435415274993	0.183330389793874
-1.15895089420025	0.355454865791994
-1.29203992712421	0.58953146673819
0.803413969531267	0.33795722026847
0.0874638225441696	0.0694741568105142
-0.0679277327351872	0.051660460914184
0.613979486998481	0.803897753578941
0.835615038127339	1.23548947454235
0.957871617733305	1.51307786263578
-0.121706838454938	0.112750450697672
-0.0141510081284455	0.0114287945047909
-0.241116112082812	0.259506248960868
0.710908928347859	0.877381242227023
-0.0546746415660968	0.0488385239057279
0.658205182982494	0.897113607971097
0.536309804413248	0.6896520075736
0.288763249866662	0.32033325570036
0.446613224083085	0.500236268026648
0.388441055463592	0.400582993393332
1.22550715840724	0.842934966794232
1.51453936893188	1.82666291477395
0.125292505207361	0.0599372934142865
-0.814375711161049	0.543039249345466
-0.243683507151104	0.161176531000961
2.10233110047747	0.942219643817662
0.372399343899737	0.167140159545225
1.93929141753122	1.2109253886321
0.874648728724799	0.889966135826235
0.669992340809613	0.313365566917382
-0.605557920118185	0.45179498674915
0.315899220689657	0.174634344932958
0.76877505810755	0.604086886017677
-0.301778285501297	0.193811039153011
0.373342604239091	0.328490237389724
1.15041114765176	1.63941826222245
0.17009804457383	0.134660223536879
0.290764686948382	0.315741906196681
-0.472986273427549	0.660236771515311
0.130546538801112	0.128896144201391
0.171972608852764	0.168915682760117
-0.298944844064023	0.317804893042981
0.180672446578863	0.204204513329856
-0.226659465899381	0.249617660830317
0.0494842313270586	0.042710990086675
0.363515898264641	0.387925723148544
-0.0341289072422338	0.02794350015944
-0.267325865648434	0.30786036433592
0.891729603762656	1.53204160238584
0.0279516610731093	0.0253441540130983
0.624529469734562	0.896221491275756
-0.454877523218718	0.592027105759764
0.576068195803449	0.835796174529025
0.567285890398558	0.774370551551575
0.121869951278683	0.12718577463873
0.115258277761385	0.110431994823372
0.0710418050621914	0.0668271256115695
0.178728136643028	0.18317485549567
-0.4083370565263	0.455215147262625
-0.58058150421378	0.707997074650624
-0.347161570931719	0.343348714004624
0.175581235891116	0.166239970174298
0.247496376991679	0.229256579257577
0.609588086576245	0.660007107933201
0.499047753827445	0.514432420158008
-0.17490550873428	0.178932351860089
0.235602125941634	0.216410389466612
-0.288268406175908	0.293733571373387
0.338179270430321	0.395201020269032
-0.396633809422165	0.316844556462646
1.95135265955319	0.45428366780025
-0.287887735202443	0.242089572820161
-0.398099427533842	0.317544170469082
0.372175539877832	0.389854216811407
0.502830868815647	0.594189896807615
0.344862889107917	0.309935767861965
-0.216154031254543	0.183529402255618
0.0262904696453729	0.0151212015315194
1.28965376356527	1.77719168260418
-0.1133547649676	0.0841303605568688
-1.11488506207842	1.0928644888731
0.381145512812164	0.312441604181574
0.172077830102192	0.131925934291735
-0.0689777574153259	0.0440823654573221
0.170057710567387	0.15695187867627
-0.264056238711773	0.225704406945413
0.0566616737604088	0.0393953413104218
-1.24906884319548	0.957481398405293
0.761003100870547	0.451652448221097
2.005086755884	1.88709639420572
0.505733117049643	0.181688891875415
-0.0116772361988367	0.00806279560375663
0.0611627013168896	0.0411015919342694
-0.813377603845316	0.781218997348565
-0.946046696641995	0.70274827361515
1.05008419852068	0.510410286079726
0.671357805663577	0.31384455228755
2.54645707155168	1.41917878537546
-0.644770889342653	0.156875139887313
0.880405850762828	0.472668350363438
0.0637353352994751	0.0428386224436675
0.0259478618528005	0.0191012379368283
1.4355261023795	2.51903857276173
-0.309699395090021	0.285652741892153
-0.390848797194265	0.454729996522507
0.2202761279717	0.272276911441506
0.650958791886297	0.847176247618977
-0.173918059887148	0.194280552851676
0.610018067087628	0.815728455091291
0.36449190866417	0.447908785767629
0.832871882366651	1.13973408132757
1.03426584797629	1.09366812082875
0.652253897170883	0.207102973093912
0.586834950030511	0.305690899440636
-0.073937887876233	0.0473569188426019
0.0390347777429545	0.0238916802367722
-0.8179116112382	0.548889099067227
1.07107810067408	0.654365648929824
0.412639458797213	0.31174660602882
-0.10078309741391	0.0626295600504109
-0.250020848951803	0.166072330223862
0.299669646927631	0.193816540207695
-0.943568358288637	0.69908515854313
0.712191795827963	0.591895797493149
0.629708646481778	0.444891322549444
-0.146511337961967	0.1044724641385
-0.489264896019258	0.466773151928653
0.262976270799277	0.360135083163642
0.213515675026969	0.224129598662709
0.620794929536311	0.957455164367269
-0.429102606737835	0.573526179916291
0.0124356889760212	0.0107730300130513
0.477894917723763	0.656763545109374
-0.0932153938619745	0.0946421825511661
0.034773221611325	0.032215135555276
0.720162852129008	0.966222647651607
0.332453222494565	0.401663466884049
0.126389848708396	0.132600668342356
0.0153078987373402	0.0149347329619226
0.079407855634423	0.0752507200508468
0.921559536867344	1.72651885921173
0.46047398398348	0.568061097320339
0.109243053985671	0.0986186408799555
0.325527028478125	0.40424336095163
-0.00289267658594555	0.00246135228352254
0.0229169643879334	0.0207228458885007
-0.385040840568799	0.432256473516362
0.776277748985394	1.24426558844873
-0.266223805373646	0.227742619204298
0.434289267964084	0.548679261330913
-0.187494894524215	0.182156752854885
0.0174221303390877	0.0132398514305091
0.22138692784116	0.250768312283478
-0.0259409624332659	0.0211056615553629
0.254023929761347	0.217343498480231
-0.403822661009254	0.449066440728591
0.0917886420594538	0.0711829248675226
-0.439666963005434	0.455775654535174
0.568289560696099	0.711214813384875
-0.0397722716140535	0.032167419472876
0.0258702136322482	0.0196470590203793
0.265036469199785	0.310025820141994
-0.141737443671024	0.142030200032386
-0.0888833042624857	0.0669241696151693
1.95062146582611	0.454190159391569
0.163639735057125	0.120670535143559
-0.153893972092278	0.12643370914669
-0.524224078914465	0.67234847168829
1.19904111938343	1.98375268543934
0.116823555249015	0.108044645042753
-0.257386569722538	0.262076752278951
0.176027414761939	0.16309328647009
-0.122110825738188	0.102994295070863
0.00187045940372211	0.00134251270733709
0.534754935959051	0.610762327154742
0.0527156681262448	0.0353179604128087
0.160920710369676	0.11400241785559
1.12338335148738	1.14967380716448
0.74042808351832	0.816113315619592
0.158445550311502	0.124378263160135
0.0832860579013734	0.0585186778568238
0.145776810871989	0.0889383345784976
-1.10980578411335	1.54402931500276
-0.316747271835381	0.235955301025977
-0.334594624957643	0.155852442586855
-2.29955953562649	1.17846115038366
0.144905946010835	0.0825205367169924
-0.0583541313474135	0.0382979923687861
0.599155909709509	0.558102910457174
0.238493963413766	0.225253515189686
-0.259036816656233	0.131345733386782
-0.486696786644845	0.329956132941593
0.479715398023099	0.300734245534795
-0.644388443682788	0.157000626677781
1.22072900812747	1.0243542367407
0.130926243753371	0.0443397136390041
0.397887888663005	0.31463642946294
0.276888842191954	0.303971867737295
-0.227248049103422	0.230451807323141
-0.246741609368401	0.253995132980618
0.914648718341972	1.54683083617198
0.753219966659876	1.11643475046163
0.57984153671504	0.728173459006278
0.984837883319722	1.64644981110566
0.0253453253947335	0.0248947277195221
0.274463717481835	0.205727976531682
0.730615967912425	0.713578594072799
0.614713928571364	0.643691173727492
-0.0840434278528894	0.0519280031053985
-1.02655281277626	0.940797259931008
-0.595262040077369	0.441740280694163
0.136074415944162	0.0583088578835772
0.569869416269789	0.546365264117554
0.0688306801129041	0.048085210116777
0.676127107520661	0.316537601377239
-0.0685007600098501	0.0437407340914014
0.0302100006395571	0.0185078549790069
1.05185853897398	1.2221365427318
0.29862288030701	0.312869899755902
-0.745706880843116	1.16699256007354
-0.542598609644903	0.92661986745614
0.438287456471189	0.694911433568545
-0.335351468293145	0.378894957160943
0.192398024641317	0.208077560166788
-0.161997717662614	0.178667522945089
0.0129257404126664	0.0116879283062987
0.00726729517668527	0.00712600019860582
-0.217777703896402	0.238253789397245
0.00726701526231271	0.00650488595090048
0.244388901431023	0.2473151668665
-0.131012670008813	0.122219735805939
0.0529957121800431	0.0483601935765799
0.316403715498649	0.369530696809638
0.160887348686863	0.162258763339833
-0.343869947324946	0.368707564115781
-0.164824488082636	0.173100293124103
0.223611024668352	0.269563149444632
0.36731722442294	0.402604279442213
-0.658547287826167	0.986994981033352
0.123191040484981	0.122980166037913
0.297190413071608	0.297632761563968
-0.254789669346383	0.258132391308056
0.989130545179912	1.72611894957301
-0.20863422727219	0.201909840012916
-0.350630745827461	0.392389516131932
0.170244258807317	0.169865329791386
-0.691651669607201	0.822812404769785
-0.212002021733547	0.201364313679265
-0.24335352947521	0.211122282057366
0.0239912309500319	0.0182221177760807
0.630392568646051	0.811798050956409
0.0296055824462971	0.0231497103256266
-0.100670641672404	0.0933340462466655
-0.0534989026620741	0.046308834171869
0.396940237501997	0.40013364952762
0.597091336104293	0.861070732821727
0.184840305612164	0.190397983602538
-0.209273049326187	0.186657159886125
0.25776286265898	0.20696542684397
-0.112708348238606	0.0945297522774874
0.617060729614596	0.880222736901413
-0.29535476396239	0.319172885924495
0.602387395826179	0.728568918631079
0.843933109303834	1.30760876412764
-1.23308858018778	1.87543403635631
0.237257791163214	0.218205750350361
0.0101154123044721	0.00775789104868995
0.346316069238476	0.311393221401545
0.315853830534275	0.312765534731643
0.0401352899060116	0.033041577344497
-0.197241782206081	0.174596402122592
-1.43952367958976	1.76662757386829
0.300011816044052	0.179513975872911
1.88148043121415	1.61603418927781
-0.259349834023799	0.131639081040518
0.316683656861318	0.321251920109771
0.374803647957464	0.168371012276692
-0.0698881695208784	0.0447191775720387
-1.49194236598658	1.05036065731085
-1.50770651710592	0.77579719922961
0.65414904119533	0.208020876626531
0.5106840926906	0.5299990786172
0.62496480283966	1.01661658869745
-0.271413814217369	0.294198659060677
0.502717290241882	0.660582332342111
0.0744898775791576	0.0522410403468263
0.448274883391129	0.558264027242123
-0.0633232716289702	0.0758164747090558
0.0551312754666948	0.0579848898787644
0.577390604728111	0.70837518871355
0.259372018472888	0.215638314660851
0.638936829710162	0.764639854495191
-0.586626605375827	0.717060165066132
0.353460775293511	0.307859656068276
0.41179729990388	0.311349313186831
0.0546741513157549	0.0351896625335889
0.0842955397676629	0.0592530826591086
-0.576356665780443	0.70114295310928
-0.164947302355498	0.133396493409952
0.0663882843037047	0.0446032529103175
0.172238812193447	0.13635239958201
-0.0321563666655217	0.0163878939863058
1.45225973829278	2.06675255266887
-0.630296571228543	0.835602137446515
0.00399471545473285	0.00353894168798412
-0.00691108603023444	0.00689050970802541
0.132982721545338	0.15036034514677
-0.60462937496116	1.00669833789865
-0.145788313239763	0.141890679760342
0.0668970446696776	0.0582481340110989
0.417961734082552	0.562388835357103
-0.59493426516262	0.815305030840498
0.522058032902336	0.665908502818826
-0.0839253685735952	0.0702418592899653
-0.318840612196119	0.3172428996192
-0.0556364716117661	0.0534086369300221
0.796237704975218	1.18426062887175
-0.093682947857019	0.0791086220927721
0.113744755395964	0.106934732123626
0.39847471335705	0.463401610330696
-0.541365443710923	0.661341556857023
-0.534918940602836	0.6483405440775
-0.115991179428232	0.0952585083190357
-0.488709834913835	0.658642641847906
-0.424361720885913	0.466618448068839
-1.12365575849888	1.78378782229572
-0.0958382295910114	0.0809925144888333
0.443657600050568	0.495875991989753
-0.563300598850971	0.702567831402758
-0.369910426935004	0.361319488426618
0.171325434747122	0.151150194960196
0.162706549027725	0.161630201179784
-0.0271144075566309	0.0215051063247786
0.12006210702994	0.111376281585994
0.0444770590249896	0.0382541282768947
-0.37110825918934	0.362333669703699
-0.236835788759676	0.204583139303787
0.0360432532993634	0.0289568381952386
0.106639106793313	0.094140773824504
-0.0818415270500145	0.061231636204886
-0.0993649738591019	0.0840988058384725
0.0659104646672059	0.046033006927339
-0.166365226134512	0.150606565512523
0.101658671031571	0.0874377549993896
0.342713209167695	0.307501556655435
-1.5375150363587	1.76664906718281
-0.113131163467443	0.0947304995664743
0.69798759769213	0.95045967757974
0.0997366323138894	0.0797997448078386
-0.403139762424156	0.390390063539063
-0.155281546483353	0.124571094090302
-0.0333909366084716	0.0265224315571531
1.1981434825266	1.88702094259887
0.505731902669753	0.436002164173953
0.0130583129598877	0.00961205513094733
-0.101196328056023	0.0746200238544074
0.258477674421094	0.221700199977641
0.168569063043933	0.140969858235272
0.164061165833916	0.129243776956691
0.0338953129028504	0.0207734888644616
0.0912223373702416	0.0708000450208757
0.410346865278251	0.416332464218097
0.271395497271218	0.193491244290512
0.479021087806067	0.426793546676565
0.159792757388344	0.117457652451035
0.0747982498605118	0.0542037889144896
0.461125168908298	0.423324689570388
0.421957414020375	0.30216384216393
-0.484536045954894	0.328340399556454
1.37021252598654	1.05340760036227
0.374690434509907	0.39325682102972
0.854631699347076	1.33189055559286
0.079787333162508	0.0614550655904352
0.175075891512447	0.158498384111119
0.359575663905442	0.382418263181359
-0.0972111690221398	0.0822176961259097
-0.0800769361526202	0.0599298792223705
-0.0755758955949765	0.0828497990493281
0.0826990156033301	0.102117861827655
0.149776212641209	0.197155352874818
0.308878735753611	0.504546236817611
0.396770227743139	0.552782990974353
0.391262725424905	0.631733289398278
-0.103930099485554	0.11073167099736
-0.0110531648937468	0.0110510303020949
0.377890269801925	0.617797565885464
-0.148588125284902	0.181188639279092
0.396347220977083	0.626187798767003
-0.374677009357587	0.600749292408803
0.487472062382926	0.865268620354587
-0.0644025838685785	0.0725773838765019
-0.192363813762252	0.226474467249899
-0.121580390000395	0.13768519939921
0.203161080154414	0.279861524591376
-0.112097213327192	0.130979890920954
-0.208718355230325	0.181624017903313
-0.175341993720376	0.156263162804424
-0.914966703853852	1.30304543951275
-1.08049097727699	1.65820837122525
-0.0974803771481452	0.0717568820614105
0.941107911580789	0.927905313606649
-0.0773165791796732	0.0495143115116466
0.769718583759182	0.724880419484644
0.810525984546379	0.843253498501162
0.478915477732267	0.425788200652239
-0.13077934026287	0.0786217635355395
0.371384880274468	0.500651809599357
0.153953411301493	0.108720681286739
0.15095514541003	0.0922450458124079
-0.16984645687157	0.118089484456758
0.0380593380176193	0.0233002406711194
-0.947418815997179	1.09042753856182
-0.234616463307171	0.180749531994451
0.674033452397214	0.586418682878349
0.273928383709615	0.205321585871121
-0.146178648751299	0.10406578211947
0.671955966956603	0.584652066020865
-0.201694686976504	0.137196214085606
0.161204180171721	0.109782458729062
0.281120311333448	0.201864278178362
-0.0000630655255800442	0.00000514885888494516
1.68020875375197	2.26148661541927
-0.358830533372698	0.219574611858861
-0.206468078192164	0.112480890961526
0.00165589943404727	0.000850994157986901
0.442126878585068	0.297142839058365
0.726979839936947	0.706782833047795
-0.357795957076505	0.258736390809695
0.160140966517148	0.113399095206335
0.627731961893218	0.566254131885966
1.85413226691368	2.03528221394086
-0.947603681693872	0.705023574408685
0.295959695195609	0.190998366420532
-0.896242426623722	0.917118349155766
0.506350650103641	0.43647097050841
0.511447846039878	0.183898335950935
-1.08042535371623	1.83851154412469
0.0854772578090424	0.0992251141376301
-0.424272896696115	0.244199221264027
0.288287384008404	0.197389110913651
1.51622830897339	1.83431193858923
-0.00730347254050227	0.00510225638848498
0.29325193093594	0.189038130904393
0.129351485756337	0.0678999050739715
0.278698080463074	0.209402532332397
0.688215332197121	0.450020980748977
1.45976031116388	1.46367314883059
-0.180194071358508	0.126127651486649
0.156610223986445	0.101514387651626
0.498666859150091	0.513573716687438
0.0980013900990287	0.118928498905982
0.300841875219969	0.407814909673693
-0.778256536587644	1.56856107350563
0.633214566150776	1.31252381870025
0.0251671774884412	0.0251043398708915
0.227178362933662	0.297658245240405
0.08563355467027	0.0855435993029723
0.432280853956025	0.613837948875886
0.632975452974175	0.892042216737612
1.36978568255575	1.83982831722946
0.277347718147571	0.198959391777419
0.319231693895047	0.176567632896148
0.152835972472204	0.098717572654416
-0.16415920384039	0.0946636944464551
-0.330383234339374	0.15410561364646
0.0526017260493322	0.0338630275147412
0.0598025985397581	0.0624872435907495
-0.0988124376562339	0.0897943643983359
-0.0210673455012276	0.0231517100854784
-0.258111594110792	0.323723482856837
0.00224732333221556	0.00192618952640582
0.333031775486116	0.387330973551884
-0.154677416720823	0.154322593205767
0.169813463060173	0.172672856362607
0.0268679199161655	0.0243504130506313
-0.117192239397449	0.0985605844901895
0.0971253901044311	0.0833917435000969
-0.154308341658761	0.141178843113503
0.108428977131792	0.101527515222802
-0.3163497224384	0.358953583756511
-1.14063319884472	1.51392721031639
-0.381772439370174	0.375449152907389
-0.293376264075922	0.247543104444844
0.73750391122675	0.893803089799224
-0.347047567926144	0.365680310437297
0.293351943462493	0.313610732796838
-0.190437598297704	0.194375152662679
-0.400304941529311	0.444165207414732
-0.863587697578419	1.23276240459222
-0.0553420639944208	0.0436314412657004
0.15950320235274	0.103434371434749
-0.931778430423879	1.13619970105439
0.253021493738376	0.216389691614147
0.154982661004082	0.0948141679289978
0.387740171139957	0.305300695868932
0.392043586604481	0.309432898599848
-0.0715426655587303	0.0545562988468798
0.48031109942909	0.428133951147812
0.174365187329211	0.124370703232615
-0.422788236232312	0.298245374642899
0.163774149145832	0.116418790909048
-0.461058066039396	0.363379159255528
0.167783092614704	0.128451618187849
-0.0713037228411587	0.0455667738992959
-0.670758217091388	0.664262213366342
0.158276570370318	0.10245745368529
-0.179134419436143	0.125156549680153
-0.00221142680902267	0.00162825338389677
-0.244721326942454	0.189268533557129
0.581969310447795	0.302983355056771
0.519517869730101	0.429142045759171
-0.233566738299096	0.179518070900946
0.0708928882612271	0.0495947185780074
0.154294272727617	0.0882857518916581
-0.41347902657797	0.291392964449915
1.11221991788963	1.13546845890759
-1.03083310353434	0.94642211327637
-0.482359239021943	0.327041569645009
-0.35239633976736	0.215154656353209
-0.178495576849061	0.124679249394861
0.366560029705414	0.310626791878414
0.493572876740103	0.421961845201152
-0.566050373151008	0.363388785975787
-0.409644780148609	0.329790157229103
-0.876100145236996	1.02225620766033
-0.489143722381991	0.466174926479427
-0.514580896371279	0.274144878789277
0.347366047972598	0.301658104342487
-0.496910868019959	0.430376866581402
1.21825880136357	1.4681449702249
0.489004063312937	0.308056115169063
1.07362504097042	1.45273916860779
0.548305419188048	0.434145430746635
0.141437949162739	0.0808266474618271
-0.29633761377848	0.190018076596711
0.0682688716800971	0.0459925210483246
0.629002633402688	0.444054908939398
0.0954719347504084	0.0741926711865825
0.8211740990628	0.859476536028054
0.147650567555466	0.090236620024456
0.372436913393983	0.31624618180984
0.592359015756522	0.44804158489774
-0.0506467573536803	0.0332014050842531
0.259825530096759	0.208903589655915
0.464553757170771	0.574137271794453
0.564700222557077	0.616981028086501
0.046322666313121	0.0391132456257457
1.56302883287203	2.17288215745301
0.121385170562335	0.0521298984684894
0.769221801756966	0.604407610223958
0.404918525845716	0.305615858561049
-0.0295803040817917	0.0150381494045355
0.269674541225591	0.210229557771544
1.0973503182561	0.981631015547009
-0.495664120551145	0.428617792833015
-0.0608067702811874	0.03988514538756
0.0233476430253493	0.0134733734005729
0.837404118110731	0.612133194478337
-0.116964226088689	0.12592788095963
0.0326392754076324	0.0306534241121489
-0.0571222794679396	0.0556125034872495
-0.120280360228116	0.124771455622257
0.0591384913649494	0.0601449545622884
0.461002053386139	0.63720834259478
0.492303647788751	0.592056161245616
0.247243014177307	0.22905841727914
0.0247846280810242	0.0188210884651123
0.0792451653359304	0.0786941614780431
0.0566853697558173	0.0527295982426006
0.169408041645619	0.152921889546944
0.287125947096261	0.305062926096674
0.963923374678494	1.26418229860941
0.636270612385911	0.822808028237517
0.163405923755339	0.146661533298683
0.0735265821975602	0.0549277812374348
0.466895925898486	0.514772801283463
-0.0640527125647329	0.0486828654511716
-0.461106287605419	0.471087084614082
1.21646559189695	1.33313980801807
-0.407803607068534	0.286282976474361
0.494954091187083	0.424836553788432
0.280401664148632	0.210774275081854
1.57121523701187	1.70493034365336
0.116937304109085	0.106170041946285
0.506544816265051	0.437234902097363
-1.02664520632181	0.94242958044747
-0.661592732013287	0.652504339396125
0.274638232144084	0.205838890598268
-0.26103228012564	0.196283439704156
0.33358779357519	0.307290815032059
-0.264000995498575	0.225789007575641
-1.11310949529768	1.09078467788425
0.0237410372827709	0.013698920535394
-0.288699263340406	0.184321909299614
-0.709733567200601	0.575582699600647
0.945031242668453	1.15300022573753
-0.350813068026295	0.214057761785726
0.818720515298233	0.857152123745814
0.0108972580312981	0.00644363372968359
1.07836638583028	0.811672028996172
1.33413779213612	1.22159972039727
-1.29530013187047	1.60995139516867
-0.415634602521529	0.17611682369115
1.75954356277908	2.18122917727693
0.159199364768153	0.108135976648692
0.522153746950068	0.432962544040715
-0.788370303416665	0.349083376814077
0.163405435010189	0.116152905850036
-0.444747092403697	0.427873293814054
-0.905604537787125	0.853416241628901
-0.626390990976181	0.522336363120495
-0.412082455970416	0.331686867036923
-0.0434644616277461	0.0209715556575863
-0.175830570346304	0.12288067590502
-0.164209148095099	0.0946300359290445
0.968416851277118	0.785786377478896
0.896516781666575	0.776116657950587
0.728190326310314	0.709932217337054
0.698327648391648	0.703502053437554
-0.109529769974188	0.0811822795971456
-0.717528820373903	0.693600204791941
-0.210575955090325	0.143679696164292
0.0228347229838853	0.0131390907384846
-0.182559093111669	0.145079810745718
0.170241875568158	0.146377153491669
0.571897128373971	0.627728169060826
0.93620426139364	1.33051196385752
0.394810894747728	0.457393574492716
0.753698163484579	1.15015611561613
0.46041358542078	0.567466869142989
0.8567955830152	0.979149136410867
0.584644701606712	0.537491263032884
0.527159616793397	0.437997833655281
0.0660926536205754	0.0444738914693257
0.71183374358515	0.590263330080377
0.686543845686121	0.448646658280833
-0.071587079409576	0.0458256393041404
0.287031742574841	0.196476423700606
1.01033930093099	0.955088764982141
-0.251820837962982	0.167228966714161
1.74796112756331	1.77089652031211
-0.069895459678699	0.0977406765931425
0.181903962394692	0.214871202144031
0.0507505951749598	0.0575073163883464
0.968677467321583	2.04622810191801
0.200381031144799	0.296609929583289
0.313910904097098	0.621913683679914
-0.160118817795828	0.211223795596962
-0.139462656592955	0.187033617472667
-0.204663408616076	0.284971662797085
0.541162894066187	1.18214028820907
0.470670181338508	0.844833479848242
0.0449542401049286	0.0557154352665425
-0.0220767471280822	0.0113447604406351
0.134816122970676	0.0711031193834541
0.40042936771206	0.317092882673458
0.395059045543955	0.31173151858774
1.76539396934055	0.992170814016704
1.55696420831307	0.775501814514124
-0.192196607665981	0.183508096050592
-0.0514305548208297	0.0247511118428318
0.380641000292278	0.170881515797261
0.429685760035668	0.173072121254546
0.842388782931123	0.618407327072022
0.336166041692172	0.168353927886332
1.06880105988707	0.654569683613453
-0.823451383886402	0.553697469096781
1.43786474996169	0.896112083814067
-0.262677747700059	0.133160093281085
0.298264138765928	0.192958124391263
0.372336571000011	0.166702613915082
0.689983542334615	0.450786159603237
-1.69448266591189	0.973727404261541
0.676396224252286	0.31663611417973
0.426509628253346	0.171575902443478
0.134059969030717	0.0641500487340936
1.94197656574233	1.21753974055079
-0.41274870639744	0.173872077311934
-0.694929855720587	0.492902641491581
0.101389344041088	0.081166773910395
-0.256041898948154	0.129641385176312
1.60063379187689	1.11753086251868
-1.48004277319404	1.3478639369421
-0.0463222116476041	0.0223190991087242
-0.0760118060031598	0.0337031664718374
0.132710736686105	0.044917982266639
1.20766930689677	1.17467878555761
1.32407472644945	1.39674624109213
-0.117579525370334	0.0850313191130977
0.271941376202914	0.203271982021215
0.152012982187513	0.0931078045975163
0.741087788261129	0.725144441888896
-0.29234940484709	0.186730701221384
0.159560207621962	0.103328113513528
0.544593051177162	0.536150521254957
-0.246015476622669	0.327740707913359
-0.0389245963468455	0.0460259660533015
0.459234268269317	0.946804722605334
1.04342291796372	0.505798804146043
-0.00192755483933935	0.00102278781077497
0.123745541030962	0.053134029266817
0.932444120238111	0.244842742206832
1.31583685770224	0.578688566094146
0.581172565734394	0.302435725175897
-0.366464707125696	0.106727724314083
-1.17332176706128	1.03703482126797
1.33566991587457	1.22479468782687
0.665961191700831	0.311172226911801
0.582572491030974	0.302654439885471
-0.0523628064973214	0.0566892779266617
0.618865474555274	1.0863017367699
0.519835743281863	0.857137176790985
-0.423965251796902	0.58988171972153
0.0128966267347877	0.0133236061065913
0.369164422510254	0.586399313796332
0.0846105457257921	0.0867549446318375
0.288577046980289	0.391997890796489
-0.442019580071394	0.66388115444182
0.393706229323086	0.611793645161155
0.257754345376919	0.323168315359021
-0.0187678080455867	0.0207180496446903
0.0330775276075157	0.0305890856726063
-0.00191240538236655	0.00200858286773837
0.0512684511999941	0.0329961323649245
-0.129037828246767	0.0775172379755279
1.21021961119662	1.18041642118547
0.878829699673846	0.471757404673678
-0.730090259915938	0.712012054859237
0.377457833359352	0.169712274475596
0.127022328643685	0.0607773445202976
0.330268599418716	0.16464770503403
-0.539460073012084	0.206753693045733
-0.172767576070044	0.0997680416112932
0.523804930305188	0.300852613765908
0.131404221039432	0.0500835526381455
0.767324663656749	0.456194424229063
0.134344345393478	0.0512753138279318
0.586385201642956	0.440840859828834
1.43467091333095	0.889842751121554
1.60682600450268	1.12034065491049
0.5795787661822	0.300829214733584
2.09914313406806	1.45894879993974
0.422565108326337	0.169882850838849
0.14789618066105	0.0845628130906153
0.763609901817907	0.599373283031456
-1.27898949976576	1.22115298243624
-0.157506353248722	0.0904493210199179
0.314138210934332	0.173229697495593
1.16330589069613	1.96541916729814
0.331919771166066	0.165757490955413
0.126316936897212	0.0483286332675717
-0.997475051090468	0.500772502167631
-0.0476918646394748	0.0229799991296586
-0.0556857206133637	0.0267296203897237
1.04477301317624	0.506956885971242
1.34061725113353	1.23363813633929
0.582083399407935	0.302184062039937
2.04374533384052	2.55451129653764
0.163245726902068	0.115984461816532
-0.489137192198396	0.332002554720517
0.133240673947088	0.0701026224594955
-0.509420547455782	0.270641188455978
-0.57309135325356	0.369731885444551
-0.0308652452271553	0.0157430389018819
-0.0633782019845442	0.0491943093249877
0.0255940935331127	0.0239688827715666
0.125634094051527	0.129806855836077
0.762926626650077	1.30995544502995
1.74139226341479	1.34744838077878
-0.696019432765337	0.496250171648313
-0.0790440975880961	0.0350671324623352
0.121728535790678	0.0581721897314501
0.123695648533446	0.0648058739889844
0.371999173348321	0.166658129814341
-0.415354340451682	0.175826033861495
0.126553365684675	0.0544127338379484
1.0683124931025	0.654397108616216
1.74734484618012	1.35660105374999
1.01970949094797	0.387091911393297
0.449610431884109	0.637218208046234
-0.0564325592257495	0.0576037218969678
0.0578521249063433	0.0511830202640102
0.347857640088725	0.534601365845054
-0.0262215435105828	0.0322240160763599
-0.144727321574248	0.186674077008906
-0.00741979800647672	0.00790151315969809
-0.211468019257377	0.278949441787064
0.285661817429765	0.417005723204799
0.354901773143499	0.556934786451908
-0.160449715758797	0.196269390360628
-0.152329153895394	0.186914333783504
0.00819307804536777	0.0100961874536562
0.66517550328096	0.310695427495322
0.269674541225591	0.210229557771544
0.879990722918577	0.472793284712389
0.810977006379515	0.341224572955702
0.364290004576226	0.163065144311542
-0.814057672039339	0.54425771696769
0.123113728309991	0.0471196042066694
-0.116201193749778	0.0468543671532894
-0.815085990245285	0.450205040172316
0.421766683738154	0.169549998799388
0.583370276537225	0.303050138924345
0.582263873693322	0.30247836051595
0.433659366886529	0.17427220390323
0.520128530577975	0.298962886034134
2.54786101163614	1.42033620813082
0.13345272036125	0.0452283641533281
0.509730325059622	0.183209946756868
0.123113728309991	0.0471196042066694
-0.238619080974611	0.0782457591467586
-0.539276806409919	0.207127681793212
-0.635061857035336	0.309076219530566
0.630037261306382	0.665556438459708
-0.243398440743309	0.0797019383815461
-0.363619197342818	0.105894774191241
-1.00444860123223	0.506172705694347
0.51174254082849	0.184178364192085
1.37297329128269	1.05510872309431
0.42756477352697	0.171975522232766
1.80928263677467	0.710925581726897
0.902558340659117	0.784708517117895
0.668674674115125	0.31247028693812
-2.00214457094021	1.40967212858521
0.759425756918191	0.449946449274477
0.339036138706833	0.169793621901338
0.251828421928862	0.227830950107284
0.198420357071392	0.217074741281348
0.813941154748216	0.341859346832418
-0.741276499011426	0.25781621104378
0.372067902001967	0.167202323796637
-0.0834817846062436	0.0370346255583982
0.64559347674232	0.204972394147955
0.147685616873541	0.0372140815523598
0.0977345266448086	0.101488181893979
-0.258654082976903	0.340419283573509
-0.252648396785222	0.308077206707095
1.10564589766332	2.76790092116452
-0.028912817786164	0.0305142393254782
0.0528060678887296	0.0560715075383489
-0.20412959956502	0.259563866256417
-0.40109688463018	0.543597459138725
-0.697823811901326	1.39221186189173
0.321078311048312	0.447005317376345
-0.115763806286141	0.130421026125713
0.602291975842029	0.981097021737742
0.10657166360352	0.133578929218225
0.631096133557395	0.445348691281198
0.457015145196764	0.310309233268679
0.626016547174509	0.44082780606297
1.39336168410478	1.73719121407019
0.307524782886072	0.185223082257769
0.689539667097498	0.45049687138408
0.845888696748516	0.62275743263251
-0.167758256735911	0.0968184500545724
-0.266269877798495	0.135432661280221
0.807174604124676	0.339947339299481
1.43203927299029	0.888101894870202
1.02497467436037	0.388239323067175
0.135396832233716	0.0457734074737837
0.453621355867187	0.307076532137305
-0.274087153036032	0.13933770356083
0.425706706311112	0.171161852825946
1.22572640602337	0.84440063144462
0.516143076925989	0.185425376730081
0.476416903903687	0.298678813953599
-0.624519096960533	0.303018044200297
0.421766683738154	0.169549998799388
-0.797032188591297	0.353126788807385
0.140961574391087	0.0742985917704778
0.525146293948019	0.436244032738931
0.373414055043821	0.167570580005263
-2.08082668123839	0.960637539306021
0.368089159288004	0.165084917541878
1.09906567339256	0.985451587701459
0.125752849936547	0.0540688711911673
0.932444120238111	0.244842742206832
0.135241571366043	0.0457978406238609
0.864617669898585	0.872857966547498
0.134092432035685	0.0642457894938912
-0.0859929980420126	0.0380909456295751
1.05871440765897	0.644388563356771
0.803109682744645	0.338252847610738
0.691204931095676	0.451869827544109
-0.109760735201756	0.0441515935853918
-0.0776291701758996	0.0343802081865731
-1.69368073749555	0.973091279262834
1.22550715840724	0.842934966794232
1.75749014161533	0.98540509845969
0.975902648683645	0.794080063150992
0.294069477109855	0.418267006572164
0.171331719543688	0.171300729030808
-0.180356135681476	0.202677104094113
-0.635023874626938	0.956913983490817
0.100848343612719	0.0847736669643111
0.65688357601537	0.893911413653345
-0.249480116195828	0.285806519183934
-0.321592645531912	0.417405694063296
-0.182599392387443	0.21585208715781
-0.405646811154206	0.478443959549055
-0.12045944101227	0.111549699861353
0.240092184725981	0.215573101627684
-0.198049730604374	0.190017707337899
0.395289687659034	0.409498703155665
-0.203398738719603	0.196122024668747
0.314692370275622	0.303073645788807
0.891211162149545	1.10810646033923
0.633905400459703	0.44730598069798
0.415721359759918	0.313651194991259
0.555670759054548	0.441185209865362
-0.31570636567282	0.234808029508551
-0.629018825519835	0.524602721340349
0.428195739762838	0.30801423211221
-0.819272748602635	0.551271700258722
-0.441934536128678	0.38686183359768
1.22120026648506	1.34173289155563
0.166726630505644	0.113683544512809
0.136917635965677	0.0721728243814109
-1.11325416859583	0.769557737337199
0.492716971859417	0.42261736293099
0.94219627365047	0.634447609597541
0.308897835837145	0.185669908095926
0.587119169002058	0.442760534949978
0.131688728447721	0.0564283076023089
0.379823614359236	0.310892998270916
-0.0732916517175519	0.0324667206705544
0.768324176351111	0.603794474231219
-0.623988257607338	0.302983573474036
-0.200223696683289	0.135842182293163
0.170368350851004	0.121431520411577
0.407081212851312	0.307643441211685
0.587819057782505	0.442884139173892
0.631955092155391	0.446221358780182
0.407508177499137	0.307884809516832
0.838311271005864	0.614607750385122
0.627120997027868	0.442250413134992
0.30877759879739	0.169168895792884
0.557717391493421	0.443731261206033
0.648341058553471	0.660335676567281
-1.8380395012768	2.15753996144954
0.595684676209626	0.554728806873849
0.42802088006778	0.30690860851478
0.665432866912069	0.31086957387882
0.157898231889031	0.10237976031808
-0.167130815854543	0.096219823226884
1.94269467676715	1.21257851155598
0.841069266170452	1.9761490637393
0.0310423974995308	0.0337661285730761
-0.0205138299471419	0.0204257818778368
-0.59136596039733	1.13782469721337
0.191311123518247	0.246005739507998
0.128693931958426	0.170183600483226
-0.568410408882531	0.993886407123338
0.139950735495507	0.19654400799721
0.367283934390156	0.652086605483544
-0.280266589682265	0.37830434863021
0.2542046900029	0.345093310269187
-0.190019356782394	0.22323390034413
-0.0346261961824524	0.039827297987312
0.148828696167604	0.170714202909721
0.312337345483177	0.299971802569904
0.158924125439197	0.112654805614806
0.487821926187491	0.585284374444817
0.522521496047111	0.433240255075068
1.21503278857633	1.01787235219061
0.939538280089487	1.14495842551172
0.629412121881301	0.568231127676985
1.60077817935361	1.11772571249551
1.59122382694647	1.10413097073997
0.822622736355544	0.744218483485659
1.2170952989123	1.01952518355885
-0.456548852112013	0.358167292570775
-0.267624481335639	0.136078797670415
-1.11973781780432	0.776730039319451
0.592273710417284	0.308452056647202
0.802584969004989	0.337412275736925
0.29994849758838	0.19370476447905
0.129016766819201	0.0553994024226449
-0.415624292681494	0.175884857317715
0.127544085718749	0.0610523382765286
0.5844462721721	0.304030691655071
-0.632368626941211	0.307391044867781
1.10760716093719	0.993795251681045
0.484246160002221	0.304586655996596
1.31176150416243	0.575573951673107
-0.234561901877787	0.0768788971748607
-2.01505044345265	1.42157875385032
3.16086588530254	2.56381712704031
-1.04436802647587	0.420175062937639
-0.41910449985285	0.294981110324922
0.908553101481146	1.37853559987322
0.582263873693322	0.30247836051595
0.938075586271819	0.633287392340961
-0.162988659613012	0.0594305969388654
-0.593913652425162	0.440606447118418
0.876595493514896	0.469696804888137
0.127632326063365	0.0547626704571631
0.43315619900489	0.174256725856943
0.262134139894663	0.210817593034682
0.158855144613488	0.0973501819742133
-0.0426243542686374	0.027880962177506
-0.00676404757575303	0.00351470814351349
0.163332109349369	0.105979724495053
0.481492202131947	0.506776667877575
0.428826633073885	0.638915728030992
0.572995676890038	0.629414345972295
0.77561880567165	0.732778466235673
0.933887707968693	0.919490732899702
0.805769324127157	0.339679478238357
0.141801702687689	0.0747695689273306
2.32686578770213	2.76071170400082
0.665961191700831	0.311172226911801
1.62733888095439	1.51418287004272
0.446060542884154	0.300797287931143
1.0514131501065	0.510674081850787
1.22205756028129	0.840595401316405
0.439771891049004	0.638192649517542
-0.634682886196496	1.14197045516469
0.390008652943267	0.612872062735171
-0.00529057584076324	0.0052664827924228
-0.127429945005493	0.126333011474307
0.301923234633784	0.386682302578661
0.278041422281449	0.317197599349384
-0.0758202845445473	0.0831303185953808
0.148562469509051	0.174819298661116
-0.149982600006056	0.149110890600256
-0.67732840827374	0.900083390168309
0.250406412731537	0.243700361249499
0.340219982708003	0.381890462855987
-0.0363597672823539	0.0325453730267354
0.286727936700438	0.311389283074634
-0.407381017840381	0.425391486031744
-0.486987618364027	0.418524887196398
0.718380471115257	0.695289600208605
0.479813963714663	0.427617845051757
0.990976160854553	1.17819103028225
0.380932205010263	0.311746089417725
0.269358685001214	0.191763940832345
1.22142405251355	1.02424958420816
0.406276114022822	0.306602075536042
-0.484503647850596	0.327718672566343
0.046342740131625	0.0297842629244223
0.29133616690298	0.18802407589282
0.161929867545414	0.110119558616213
0.69094620435886	0.691206129183094
-0.00448019444119675	0.00234673580736617
-0.177156109820347	0.123764906664031
1.4340475611343	0.891668440261179
-0.624283826381864	0.30283498588259
0.970993960029384	0.788288244737527
1.09545975090384	0.978375520892534
-0.0589929450087436	0.0282431921214501
0.0224058742931987	0.0129381549815907
0.404861565879312	0.304261545907734
0.772598719767115	0.607454520963093
1.21052510530376	1.00780871007432
0.449702699205443	0.304292859965443
0.126029498362731	0.0540764454807436
-0.171473607928427	0.0989705765505476
0.415028109221008	0.314376494738914
0.13552144005285	0.0458286652528921
-0.241246781211484	0.159457073660677
-1.49607093667726	2.12938627549707
0.453422725012233	0.307083651400938
-0.510152980931147	0.270885411752055
0.517228160409874	0.29664648856474
-1.4957548185265	1.05585453239007
-0.971437360535787	0.602482347993352
0.147211981908801	0.0371529932006973
0.294985989055543	0.19033056768139
0.373191714624493	0.167495561554729
0.713290407878769	0.591391853583065
1.14454708823547	1.52606480097256
1.00512885538604	0.947884872351947
0.161273123002358	0.118685761156629
0.874912540029142	0.891736881421373
1.31824975489599	1.38293185365628
0.572575923936271	0.55011255767884
0.398541060465309	0.401666695220334
0.61873743335971	0.648143399119951
-0.549139512024218	0.463731910437772
0.452056526925157	0.306268188778101
0.370772445163882	0.16653895651824
0.00415159446608659	0.00215272139376631
0.412477387177327	0.311930565938923
0.316774752807194	0.174861375241562
0.589494554448971	0.307026753684589
0.930061602981055	0.912944246128413
0.16808441861804	0.19302270063128
0.380676141471325	0.465163732260852
-0.0979586529264894	0.105003079915303
0.591121916269606	0.780504024173411
-1.38142972089015	1.99617990139921
0.186375777916181	0.177614641133634
-0.404494144838382	0.421958634690603
0.216224269681994	0.235668215246861
0.0380480415062764	0.0305604745945022
0.0630349512714763	0.0424256435449396
0.571437234595916	0.626837088258242
0.843272914164878	1.06119476774803
0.159529999467604	0.132622141933217
-0.0263861073960865	0.0212216104905935
0.705385771399963	0.583180817143577
0.0565631787114314	0.0379572809851455
-0.0986970506527566	0.0613243444876289
-0.0756247079303087	0.0484037171642655
0.636346217782059	0.576580008080397
0.156822379700917	0.106512206964641
-1.06549121186728	0.865493121405296
-0.0822520611988082	0.0364085831997755
-0.364080998255227	0.26470987974796
0.454451768816578	0.307587474719602
-0.357418751102185	0.259517266479495
-2.05695250546608	2.19339060265166
-0.29749355911622	0.190677526543484
0.139797545449141	0.0736022696596567
1.10019175707661	0.984672785018029
-0.428861311958611	0.246706860922904
-0.483794926502679	0.328496381330645
0.839580052782438	0.615564031009654
0.927490500606075	0.622854574687846
0.440128062164365	0.31749120828928
0.596950216908579	0.556456056103128
-0.560385199322134	0.359423831049786
-1.9557867179186	1.94504734756888
-0.0742540936854141	0.0475040774859953
-0.0289520413324201	0.01941168811657
-0.7389639873091	0.256670839118185
-0.279465164590182	0.212538122934862
0.462104175809893	0.423976118036224
0.266899270575566	0.190004488862244
-1.37266057103214	1.39434592622565
0.138002632722343	0.0786589823594223
-0.00383532892537924	0.00199251939409464
-0.0728048358673498	0.0466113453001534
0.627469084576905	0.442626278642732
0.337727189507284	0.168802351707471
0.686770712863175	0.446999330718404
0.875901558703229	0.469623164601585
0.765133424361134	0.455487920457593
0.550080423071902	0.436535697074431
0.324067368117915	0.179153399127484
-0.12206454900507	0.0884098707991134
-0.353943534063171	0.216594227735602
0.0367716642074362	0.0225075582785078
-1.03408080116301	0.950572556266592
0.936003651471436	0.631550523617502
0.123012728404308	0.0644446413120611
0.13068144223088	0.135606558797261
0.186848337349611	0.236453362491707
0.0933283439303753	0.0952400978282425
0.343642714537771	0.460520282424273
0.377202757045513	0.507743893958229
0.420018209986127	0.403856189936671
1.23560588386984	2.52667259696075
0.427010636269672	0.483478892559094
0.092874248526175	0.0971526273157448
0.120131069063519	0.121608192758384
-0.403647731227046	0.448941503510439
0.744977126641979	0.985429094746011
0.570520486871208	0.624604858138363
0.22408786424789	0.22377188618
0.105770747911261	0.0892727102945436
0.608212134513648	0.658176391608892
0.593702845054304	0.637982561188368
-0.302471777636535	0.194029320648223
0.33726441657783	0.16887617972487
0.289210329755279	0.198100602093912
-0.0028397994996203	0.00144927104564276
0.836218125716102	0.613764668628463
0.0581277911872554	0.0374189999941846
-1.50593021452689	0.774912353400658
-0.166115155850936	0.0958677484952514
0.995902855659964	0.927985872529605
0.551438985419807	0.436260960594423
0.677963405218428	0.317495684213668
0.318445561629445	0.175940758234391
1.05819075620274	0.644846111339314
0.341945331784139	0.171412411286381
0.302390797151302	0.181415699741614
0.628848742537252	0.567762102819949
0.973888067222178	0.793419200598929
0.598124810649128	0.558188929996764
-0.79703090198573	0.352125104604275
0.33375938658025	0.166820837017448
1.07902539718822	0.811895243088812
-0.0236236669067558	0.0121402272539931
0.166105437218739	0.13120380516938
2.54405181873108	1.41563589394824
0.970091958635259	0.785337617472968
-1.57427357511701	1.53666404616576
0.628693404276016	0.442512186491772
-0.16478049838317	0.094856611927158
1.2289617990609	0.848285602729746
-0.568970710819628	0.366778666541206
0.314097570405626	0.173379359650763
0.281489271959016	0.191930044865825
-0.172128094804216	0.0625981612410313
1.20996121535096	1.45535913004976
0.838311271005864	0.614607750385122
0.93726848422184	0.632555942065029
-0.707373040401667	0.571206039358593
0.161554262227005	0.104677450812995
0.636059624726418	0.450023758263622
-0.626766920440267	0.304444801690903
0.307803279686524	0.185159112868567
-0.0736409171391217	0.0962688788758939
0.024677446710663	0.02527946276884
0.23982269103197	0.367121698145671
0.299995049915042	0.314749232474676
0.000418277488849948	0.000509323453229359
0.0134478203359271	0.0138835235908586
0.275040756170806	0.407822968180394
0.0115920805383201	0.0115030781266249
0.104774555238374	0.125609929996727
1.92888586942486	2.67251420492192
0.966677778314676	0.782997185154589
0.65469668159777	0.207920986734369
0.928481199205008	0.243805258274956
0.820881646733676	0.741732514672072
1.03529538389013	0.499923143845385
0.521019595993752	0.298404540335428
0.664328057587927	0.310135116741257
-0.33741563775192	0.157371459850069
-1.34743556514112	0.854076101574073
1.81870518818543	0.708773451055378
0.932829613639135	0.244963311679429
0.796920012322751	0.334249998240715
-2.30081859335519	1.17956201076632
0.368469280868383	0.164617704360747
0.42943252525579	0.172879165160614
1.76674058847987	0.991459929278208
-0.363255768460324	0.105782299807354
0.136471442907569	0.0407207925774643
0.336166041692172	0.168353927886332
1.01772714388996	0.385572121894974
0.373191714624493	0.167495561554729
-0.119976357247685	0.0483101990534039
0.645241128115201	0.204592987808019
-0.534393347384375	0.205023861194337
-1.12272700195756	1.10334939812247
-0.0454822625357119	0.036278102330427
-0.543266856350763	0.208763548655505
-1.15253539705602	0.353154418604941
0.514363083274015	0.184986043370105
4.55699485682177	2.57374899172857
-0.415367264171831	0.176060665426675
0.51174254082849	0.184178364192085
-0.746151045211633	0.259667037559905
-1.0440627882473	0.420113469192121
-0.16617394898698	0.0605322426701329
-0.122763213546705	0.0494421799513675
0.510875541395758	0.183928738190787
1.21576664923617	1.01650718291726
-0.949725465935352	0.706124093245848
-0.0249388934958437	0.0127979032178138
1.55558357995564	0.774858404813003
0.139373629020068	0.0264474830594518
0.650991162239829	0.206772040177897
-0.643506271279338	0.156786530055825
0.876461724872928	0.468925442517352
2.10175102493493	0.941671611841379
-0.0597424333994408	0.0711960624927389
0.0781495374626963	0.0849550225407401
0.612847436281509	1.20980417826271
0.295386854539356	0.341360120338028
-0.0813544655266248	0.0886531155811226
1.99966072792361	1.87582531201274
0.932771704844944	0.628133337703846
0.80661030139522	0.340174283092776
-0.78918254545158	0.348950710156185
0.513791165711859	0.185017905562863
0.420418606770294	0.168895551588938
0.142022916992306	0.0477968286389763
-1.53645538754434	0.554877978644979
-0.359911076994201	0.104872867536805
2.72344778696592	1.67342123367627
1.43511052997664	0.477089390053173
1.02259212061632	0.388312776500153
0.37285669292651	0.167587042469164
-0.121088961547046	0.0487649822681702
0.804503833721828	0.338780381862777
1.55501737702822	0.775774035017368
0.672608216305367	0.314753007141653
-0.538988830342672	0.206637222810477
0.14311796249796	0.0361933240878638
-1.83391433948043	0.756511402066625
-0.629760757383075	0.306527018012954
0.888673177625273	1.2721591073165
0.66811171096078	0.312502608734609
-3.76450171843679	1.51272854782687
-0.626278549225889	0.304519980775598
-0.416406198179431	0.176293113457099
0.335718984442757	0.167806156710586
0.805628040967924	0.339040267176394
1.31155757880574	0.575397722991523
-2.93381247808199	2.19036455761626
1.55290923344353	0.774094456806211
1.25214778019186	0.690181006466159
-1.61978213415036	1.25611560537205
-0.0819351270645048	0.0362847113031604
1.2116570516558	1.01325867255025
0.423752583682039	0.30359231439817
-0.35900113863639	0.104616647983879
2.0967159187814	0.940286941886901
-1.80368476738292	0.398254084963023
0.935126029437946	0.245318397037238
2.88421533611452	1.94796371312585
2.72906776853451	1.6803583332629
0.100221314714892	0.142804825508591
-0.571652924863701	1.12963928708771
0.303148905686406	0.44571857542339
0.266924337907036	0.384873673526518
0.467840150679098	0.703672916299381
0.447764562339661	0.791998963057196
0.129193281029703	0.0437930146230249
0.371278595961925	0.166743904522789
1.2550848070177	0.693178123428776
0.766530569562677	0.456514416952512
0.679394217949326	0.441360300912139
0.373362220133253	0.167630063347766
0.676910781112861	0.316879457877734
1.22759693013115	0.846475145188653
1.59670505492793	1.1104452693533
1.25561416805772	0.693634697863814
1.50652211025062	1.2816149706398
0.416218350706847	0.166864796256529
0.809286563430429	0.340330186247171
1.04452349078518	0.50570247533608
0.631418545330463	0.44632424182692
-0.626262289418769	0.30408029518159
0.145913540346097	0.0367609236539561
0.297477553223025	0.178427437348224
-0.963124251968311	1.42237625876657
-1.4920487070664	1.05255404936436
0.510875541395758	0.183928738190787
-0.022362465295926	0.0114987448718425
0.317609844269653	0.175428151551465
-0.813230409088559	0.449720161235436
1.04928845669154	0.510185199589409
0.318936885893847	0.176079201499814
0.843189454079317	0.619745866653701
-1.8583120913571	1.18284876237098
0.0313698291253805	0.0192400519117119
0.625275963259955	0.439754906593311
-0.570248191776858	0.368084857465797
-0.0552453030300626	0.0265084049754833
0.00714296537247965	0.00436698996624195
1.22503054901346	0.842789606194151
0.298876751441761	0.179247486811241
-0.676521466694989	0.406803703394033
0.376951855310105	0.169457183106491
0.479747990386655	0.300606058367253
0.674245853668489	0.315896632523772
1.43136906888478	0.888924826673553
0.130254498498519	0.163633646354701
0.234152931861214	0.280594592924209
0.538803499884525	0.822197885307334
0.246622932303034	0.222439878793709
0.349467811882805	0.31475059749775
0.512196241525308	0.291859865276138
0.695254353643196	0.455350025695165
1.2226217009405	1.19843758081063
1.0831260268148	0.818078773206933
0.313946106554452	0.172773834503057
0.581237134689536	0.436531404249407
1.09675467146915	0.981978411071683
-0.0172951490466944	0.00897229880856935
0.895697322119084	0.776109974963577
0.928497770002111	0.623225176479306
-0.0880973695002283	0.0389331617939705
0.800429657445199	0.336611255077566
0.339845272609903	0.170318344639393
0.768162249016594	0.457472168467014
1.43554514923892	0.477898562880183
-0.0620380377198188	0.0296476269534809
0.974026469228884	0.791828577899794
0.921706939838823	0.616822707721299
0.88105731385601	0.473111001624346
-0.81803148933491	0.549527657798685
0.690184845288677	0.693571354623557
1.11180386607893	1.13077296050619
-0.0518712368881131	0.0249649060118607
-1.18518562190076	0.671777571048883
-0.164562656298074	0.0946046725489713
0.13155152063707	0.0630207629562641
0.127931809070693	0.0489078759226262
0.368596073882526	0.165384111372272
0.127368387880844	0.0487264991670796
-0.0757383114515408	0.0335495951873824
0.375026250762712	0.168444419353064
0.127839872907515	0.0611557106899218
0.931311616887366	0.913702586358465
-0.0449032409649833	0.0293851502670819
0.404432180939583	0.320698482558954
0.594755691527634	0.448960924376254
0.135248030704311	0.0713184113160366
-1.49227406116711	1.05045740859434
0.42311339457533	0.169929187550257
0.423888224590472	0.17030431327899
0.52589424032571	0.302813570212805
0.591897106004386	0.447043408231787
0.0626658452399806	0.0680624455897919
1.0106991753988	0.954317320824918
0.390728830030233	0.307501284411755
0.152954095869163	0.103658942402344
-1.36132426339601	1.37990148256289
-0.703753982992324	0.501518264922863
-0.0879505211638025	0.0389190021160645
0.339662749998244	0.304039874590116
0.154769594791612	0.0947881824788093
0.141370077382639	0.0745413567832211
-0.67330416056563	0.403735130011356
-1.34646897106186	0.853073349632121
0.487383988843537	0.307403607855349
0.273977904367951	0.195996981065812
-0.0548419230181533	0.0263432388517145
0.483378860077545	0.304016369240328
-1.17304443099109	1.03477628886382
0.585217555416773	0.441030513842188
0.662297700363146	0.573022985917063
-0.674138052046641	0.405447146923417
1.55585578875958	0.776687781318743
0.450155867233606	0.30481982066007
-0.816410418395108	0.846220468729208
-0.309670855010791	0.229880667438045
0.291406924245345	0.187437094476283
0.52670526779075	0.303367954885957
0.264973413606263	0.213404516154571
1.22085345925455	1.47452511459388
-0.515959772977289	0.275013669296319
0.0335139844029178	0.0205436487448571
-1.27352576889676	1.2115088382681
0.671580739332145	0.585253630510615
-0.399817552476889	0.320251077200948
1.10483664457689	0.990756294322145
-1.15371282439047	1.30230133043877
0.0825772164598357	0.0601191036851782
0.254221265193499	0.210808128945853
0.526429566764054	0.437237689227335
0.161911987622128	0.114780612595319
0.498819508225167	0.513820634096484
0.367618635075859	0.311576958663022
1.34263667865515	1.23381250346384
0.452273898648854	0.305358935029715
0.551352453585933	0.437924066903955
0.530056845075464	0.30561042737766
1.13364655899738	1.28740322802266
0.86913225137975	0.883684601003154
0.155860297213591	0.105894964287859
0.629504302785987	0.443510147859921
0.152574613260303	0.103368232188743
0.494309531002592	0.424388788930266
-0.0471605586455034	0.0227174127316181
0.480182563436032	0.30070797465327
0.41163649019514	0.311678598625336
0.276287909188547	0.215831047156786
-0.263495036060398	0.133582226251039
-0.234259276164921	0.0768738569502217
-0.788915540437304	0.349290087251084
-0.61899709575747	0.299241329237122
-0.162872407401475	0.0938980009818184
1.42110005581895	1.61086752143718
0.0480538700200198	0.0308858715700441
0.153183763798124	0.0874305499296193
0.78215265962828	0.737502140100131
1.46020062959957	1.4626074440417
0.429260479909542	0.308750149184381
0.0246065596992362	0.0141864286062292
0.933579277174227	0.630060354373161
-1.83334580943494	0.755859310527549
0.840299597495566	0.617895660674521
-0.725543691325655	0.706450685211021
0.14575993281085	0.0834298188868844
-0.0560599138661519	0.0269091552747934
0.593939892499041	0.448788075387371
-0.130845588397486	0.0786196632934526
1.56829698883633	1.69890069819336
-0.018135875155769	0.00939862270639886
-1.62399362174501	1.26060777395395
1.04728142734923	0.50749510410576
1.0329141839727	1.09248057550588
0.298158391856957	0.192654398839138
-0.631583032546464	0.307380080346945
-0.812040666869954	0.543713208906441
-0.215677444038565	0.147545414085667
-0.647518794524436	0.59207616277342
-0.0655583387056123	0.0498488532085033
0.12824076866195	0.0674659799179438
0.892022042930034	0.771830137706136
-0.291309446558312	0.186154663481928
0.56029246718904	0.445663276981573
0.778091180373469	0.735244800949166
2.62602009149401	2.65354050208049
0.169012458122466	0.14899116480965
0.166037903257775	0.135010576835572
0.280649732629939	0.191471354504457
0.278099823654725	0.198983709767791
0.145698298868248	0.0889309221830598
-0.40584920821266	0.284813230452261
-0.63020263340782	0.526219354440002
0.601203513524065	0.561992202137176
0.00179043132738233	0.000940392762144224
0.397476724552498	0.314271324590613
-0.00404648546624277	0.00208339076949602
-0.305843892500195	0.226835942702816
0.667841793170606	0.580651973067024
-0.800916009156261	0.765002910018105
0.16803502449413	0.119584130936795
-0.684258933011483	0.411779763312823
0.275350454851368	0.20641398941261
0.331919771166066	0.165757490955413
-0.918903577970462	0.779778396671695
-0.35610777673846	0.258049833349567
0.153887003604956	0.0942507560994964
2.22061358695207	3.09903675504901
-0.0932070022129801	0.0411552683230152
0.662614574614637	0.573525936127935
-1.18618654179175	0.673369445101349
0.717169563075188	0.596484240316264
0.477827919358204	0.425492711073502
0.0483539041574699	0.0311058906338028
0.425520390186275	0.305195376306682
-0.263979290100294	0.134236438248572
-0.0804804504025256	0.0516126422135788
0.300565455681522	0.180538288509025
0.522569093424772	0.300945100166715
-0.00127241520097543	0.00064851887755861
0.134876551916302	0.0578813115225166
0.289725391063174	0.186504127522153
-0.0158349825314291	0.00823700933698905
0.529602270247496	0.305445201795158
0.532467389230372	0.30699663837117
1.37003759103846	1.83652238708057
-0.362581570158201	0.29678665675047
0.276803317758849	0.207851463105109
0.484559356176064	0.432863046957551
0.711371303046989	0.589054967546017
0.452925354191013	0.307101982456113
0.497587153513576	0.933439385015642
0.395038370681124	0.311842578498088
-0.0947393367223951	0.0587217155535109
0.39081164541607	0.307329856599534
2.0812224603522	3.16796319164662
-0.0334711917508884	0.0228376967740734
-0.515051358639817	0.274425622246119
0.400034116037556	0.31648606124772
0.294985989055543	0.19033056768139
-0.126813515060648	0.0762022829568521
0.13345272036125	0.0452283641533281
-0.696216857079641	0.494334877302987
-0.601569114133798	0.447826295483495
-0.812735392487853	0.712189786155574
0.729023528755699	0.711676493812695
0.132363707845312	0.0697609460910007
-0.289103918700654	0.184640783712693
1.46333954149505	1.46833606055129
1.74550845017293	1.35560216200007
1.44993009958559	1.4425934669243
0.343957434625806	0.172209462726804
-0.316915709877444	0.236238640049817
-0.944703027334127	0.699511294671581
-1.67112998225269	1.75334473292661
-1.35147937653146	0.85910561299321
0.1634554097327	0.106191251287147
0.527173316558091	0.437598270946962
0.629314683506326	0.664163798892493
-1.01921143245602	0.931991751168427
-0.817768208843294	0.640561590805998
0.139950112757962	0.079934146675876
0.882073173610616	0.474794386552053
0.377385364611646	0.169413051157957
-0.0967627841494574	0.0601633144601096
-0.21301932375244	0.116176562689177
-1.49922359528408	1.05839423406419
-0.262306540100628	0.132938179022608
0.154607479371078	0.0947166329174185
0.312048334857368	0.172166149199174
-0.000486536326071001	0.000254132014514013
0.691848063399249	0.695573104505824
-0.631931847112444	0.526641389094896
-0.529729837216315	0.573548739178819
0.0291408197978945	0.0178756024562258
0.931272001555864	0.915039369253049
0.829764058577592	0.871940695131984
0.544184821533206	0.935354714593401
0.347010155974167	0.443662696360971
0.182565048600517	0.169841679407039
1.0108324716649	1.38171546912491
0.633226005077479	0.446876722838396
1.22712089037952	0.846331341436971
-0.0972765013729557	0.0604473598845234
-0.816367189577852	0.716541495260259
-1.18977748735544	0.674885270912236
0.523831721500933	0.434524571158512
0.29227323888542	0.188035580519007
0.708922316454573	0.588199514022371
0.134657504482777	0.0707928051482208
-0.729313984129219	0.761295450774814
-0.0288666353664869	0.0147456293517511
-1.49462148068781	1.05280437622452
-0.814437823229323	0.544630780520074
1.43333633877384	0.890093279773427
-0.00344923506816558	0.00180335952626269
0.546975346002658	0.43232564448039
1.43834434492453	0.478363981232013
-2.08139224285987	0.961563288351015
0.878600540442999	0.471543293851663
-0.522634731984754	0.401163969995251
0.505733117049643	0.181688891875415
-0.116780826677166	0.0470180891710656
-0.0928666656964433	0.0796697862733543
0.934670480930601	0.920307441561894
1.04027413335231	0.503591756690813
0.621180086082106	0.43580820391845
1.08434504103245	0.819704978058832
-0.968163102883163	1.04425780302758
-1.53219054338251	0.553674997524989
-0.172006496439189	0.0626524689585257
-0.970429164688456	0.603261885801763
-0.511566278804616	0.271834433941878
0.321828504787558	0.177809906261087
0.300306429519942	0.193969479135935
-0.48684620206672	0.33082000989872
-1.45627607190623	1.57702260374179
-0.463871356050741	0.366613442370471
-0.364668529754544	0.26523726929821
1.32713354108816	1.40219074220252
-0.10033774374294	0.0624209365478552
0.324692495457103	0.296576123414465
0.431847696110207	0.771992156468232
0.0262990481173758	0.0262334356634717
0.378150880416186	0.478903226564631
-0.0170833185195918	0.0156451400254901
0.17603766703369	0.19516585118991
0.166372553459012	0.122919659387283
0.51708030264704	0.42706376056422
0.460020290374664	0.312218730756443
0.289128778879821	0.197711944704241
0.834899921519996	0.759764762161589
0.284842688400234	0.20459107391946
-0.478223654304693	0.323379515642791
0.2980320749808	0.192637263639406
-0.103965096192131	0.0647932908387324
0.150277653298862	0.0860342444373204
0.374521285990287	0.168240081697029
1.12280567232653	1.27032728745364
0.90238356947021	1.00549621958466
0.136046594798443	0.0651462233807147
0.291751991203944	0.199762122995043
0.626440495348766	0.441321599574574
0.997695772305541	1.1913258963305
0.131140754867742	0.0501024106510988
-0.245548743614596	0.162667561825759
0.0721424235804102	0.0505078104747897
-0.315964394044231	0.235575973692709
-0.214623761965713	0.117005687647951
0.141825039553356	0.0746886185992996
-0.100310086862979	0.0623311387997013
-0.347136110619469	0.211435345764467
-0.0510299712797837	0.024570292981371
1.37343976830037	1.05772263347813
-0.353788529229535	0.215745915886012
0.669151543748022	0.313192415379282
0.00523967835811375	0.00273250183544512
-0.568966940844508	0.367026087551846
-0.356757678117442	0.218160809557976
0.551654176927844	0.43678840852459
0.166497599701014	0.122991273589394
-0.131781889853427	0.0792534624196448
-0.0738604332050135	0.0472070499019994
0.593316643297903	0.637534768996263
0.178686423681384	0.162195765832663
0.22319305774968	0.381906308843754
0.797656979103114	1.10269362716474
0.235695952073567	0.356674665485451
0.268827917423232	0.330357767459202
-0.394414859806131	0.508026771402583
0.148784565076199	0.168394834446388
0.713630545395445	0.592456381122591
1.14457231296651	1.52434468521679
0.929191275909259	0.910906314910402
0.582263873693322	0.30247836051595
1.08963269203306	0.823476908156184
0.131589869219734	0.0564947418302734
0.428554047903996	0.307844729995181
0.524643980057078	0.302265685763132
0.160692122589761	0.104062475806926
1.11945000716337	1.14429052125126
0.427386779490553	0.307068519366265
0.409198335954314	0.309635956636088
0.453524559710174	0.307037876596687
0.148893382677074	0.0851576197005389
1.21902501553557	1.19165259784083
-0.71668303792366	0.642170144266572
1.04287241407453	0.50459885038441
0.529493861174753	0.30514954825973
0.260964957666042	0.209997913419653
0.36845160397472	0.312394935235721
0.370594284909755	0.314513954514833
1.12851105625903	1.1553498935187
0.141436613007466	0.0805109836719199
1.21739517913152	1.18889659167119
1.09268222920057	0.974886414200377
-1.17176838184972	1.03223784216143
-0.246692352095269	0.163696045927962
-0.632072712530663	0.307532076056911
-0.329484947660693	0.153315497365354
0.766066797126115	0.455290145974512
0.312838670520874	0.172350619370023
1.067666537093	0.653303113065229
-0.0893248491724185	0.055334544857415
-0.995909477986032	1.3510048798619
0.553839511668672	0.440205270180382
0.492532174817813	1.0395850680757
0.271580527951379	0.211561472563329
0.259655579556595	0.215918039725964
0.106194842737377	0.121587916956653
0.165447456442214	0.222135459124988
0.225005049644348	0.326461011114405
0.0553833929728237	0.0560591946933695
1.13361387671036	1.40116490946178
0.414662033406004	0.314559932813915
0.567859593500879	0.544714781083583
0.898119462540962	1.11705390662893
0.380535855918561	0.312100313200225
0.692774075860661	0.45336940835747
0.567886690391314	0.544461140154354
-0.603262300174877	0.449981474217359
-0.130743161774545	0.0786193669269362
-0.104108066762525	0.0648486192277671
-0.942755748789448	0.699364942807306
0.299533456492237	0.193579651089036
-0.0717984342679625	0.0459155748157096
0.281487717874391	0.191875083674971
-0.236716977484344	0.204660493860925
0.138114355887596	0.0727579392024548
0.550874409386497	0.437380943558032
0.283792350078411	0.181953301436552
-0.0926899735949807	0.0575432802786288
-0.537877518920207	0.206535210663043
-0.819382084346291	0.719042041928501
0.426591997947673	0.306569061399343
1.38560417882541	1.06910606299304
0.399064398064783	0.299652489423537
0.150176673714642	0.0967694430297239
1.32376121376388	1.39887148156098
0.166020537443552	0.122316004847612
-0.0965007203045257	0.0599777729774114
0.730426130111501	0.711865884849924
0.299637048953839	0.179760428551373
1.66357832333586	1.93194355950427
-0.327806425538129	0.15271648561494
1.56044291168423	1.67786388893581
0.888456518867225	0.767435668644176
0.260155964978302	0.201252960750666
0.0742995514316932	0.052093660934605
0.652389960140358	0.671280590470338
0.502784875225356	0.518528990546681
0.706648807902216	0.58454527409745
0.44414558224681	0.299219680490228
0.168168300570869	0.132989928409736
0.338199990772532	0.395158059822743
0.524064015333798	1.03825047606928
-0.0921599378267286	0.123821242633851
-0.295388491238925	0.475267002246153
0.389337252146836	0.6659087147792
0.508238489301908	0.657048709736045
0.157920301338825	0.111723983967785
0.606723576890419	0.567678439447967
0.695769509050484	0.77759027690377
-0.021508420527197	0.0147045810948061
0.358189646312573	0.313294264528416
1.51293342969139	2.24496871996453
-0.0134635724239284	0.00933381977561841
-0.178024134149251	0.158924845659018
0.38344574956446	0.300484777204046
0.0705866502012778	0.0494441412535184
0.165138606316994	0.130099706805716
1.50673548951457	1.28047004617331
0.156998226933638	0.101776126769433
-0.902267934417162	0.848076428119882
0.4271518764766	0.306183437758459
0.401820874656726	0.318663177856932
0.134816122970676	0.0711031193834541
0.0160970400852335	0.00937096643071564
-1.7650813891321	2.3403804329347
0.0514354276200746	0.0331033987319268
-0.318069646854077	0.262878839114531
0.153666309597858	0.0994582476430903
-0.808088978289516	0.776267795387764
0.148206000622824	0.0903442791110213
-0.656291582717249	0.646103850021741
-0.0834817846062436	0.0370346255583982
-0.804471581612985	0.769985912247548
0.400084969121332	0.404304443299188
0.502917737043569	0.433797213404891
0.825496429001154	0.74897072405712
0.972969342925399	1.06340777918241
0.425308945473131	0.305509031363418
0.344557977334881	0.31912268435286
0.922136234855367	0.61557613857728
-0.247995221186972	0.164647725729809
-0.483906879079114	0.3277466014784
0.270714375590154	0.202512390143356
-1.06636664732725	0.867212528584324
0.298415007048602	0.178934362861793
0.70437331331952	0.580948218407834
0.0376783915972006	0.023065747916524
0.386125188529659	0.317409391872068
1.21747146913263	1.18817635910686
0.269147717407413	0.201218197956271
0.645307165775781	0.754387576611123
-0.476765912678944	0.451356880846011
-0.231897188965425	0.177908984732875
0.974204687667007	0.789883507156001
0.6297839580983	0.568958409846733
0.441384629752725	0.611621822346819
-0.301450288588915	0.500680993555538
0.250448469165385	0.408859797874909
0.486091542224559	0.900852597098453
0.955890375022855	1.24864138924775
0.67956545752511	0.781147054971622
0.3813258565214	0.40146989406928
0.576146719981861	0.632478031199483
-1.20497214081442	1.25572633928305
0.446539827599084	0.499588063672403
0.087784135383546	0.069762213783548
0.163851718680235	0.129216524050044
0.631467327888944	0.571082237399338
-0.171580958156776	0.11962244012526
0.828458997243046	0.751130050138967
-0.997986696431636	1.00341445561513
0.0290661824159229	0.0238355916573041
0.163238234243128	0.115954982524238
0.665563692349396	0.576218777416584
0.54541440414284	0.430944750752439
0.16054457369514	0.108942304964855
1.07136630295348	0.803101691246366
-1.11782277537113	0.772116703986595
0.264386675356961	0.212689168110342
0.273245877132328	0.213222829333757
1.99726276729656	1.86416217228804
0.706687586918886	0.584818185680633
0.447832854913081	0.302369365167539
-0.21436508275237	0.186949222748381
0.292626819332013	0.200518062504772
-0.871761832487547	1.01239692053778
0.363599461373267	0.307613611975185
0.856579968505036	0.980433819295801
-0.167813942506289	0.0968920890654497
1.13700149974203	1.29104891102697
-0.559705095029566	0.566995114390745
0.0846388854483853	0.0634360673040313
0.525492091187522	0.435844342736593
0.714603650892788	0.594797536729376
0.707889030367179	0.586057655987652
-0.0240442266189825	0.0123482432289098
0.145385666241962	0.0887527852991393
-0.165214269358064	0.0951672780405179
-0.423655878943367	0.179601389929487
0.447795179151663	0.302309699653803
-0.131391566161697	0.0791473739406891
-0.996539625158812	1.00304219358013
0.295615816903483	0.191150097710273
1.13813724887407	1.40681762239761
-0.411488401227761	0.289746652894206
1.42024928906135	1.60916573790577
0.23817070992026	0.240391017384787
0.46072434079183	0.493038418536584
0.41219568323245	0.312350993110678
0.710259846074991	0.58997212311094
0.373222391367864	0.400948974418679
-0.0498806686204164	0.0515131162680551
0.258225540681015	0.416005475463115
0.0400912242967601	0.0489398404718776
0.147025265151006	0.166170237758615
0.391170526184674	0.533507364427607
0.73257525032914	0.715811456540064
0.27044605351048	0.202200209024403
-0.0193691307654788	0.0132306217086123
0.0552203608582441	0.0370420574938736
0.687111936286704	0.688835530690096
1.51754304893163	1.83671949184494
0.49981659384839	0.430695278793922
0.258927615106847	0.208060212852494
0.900584423094346	1.00402970232274
-0.297300936133846	0.190862435839799
0.437641747750988	0.315939285990678
0.554293731418052	0.439433446817788
0.0507965869538975	0.0326649560554303
1.12241015861608	1.14775437660245
0.522211946238341	0.300712114293047
1.09612918086473	0.976757569138168
0.767812552427755	0.457325116035791
0.174653593080238	0.13838770947423
0.122586734723362	0.0469091239037621
0.161128841572591	0.0987745724419506
0.285342936313398	0.195126213436671
0.131976766260658	0.0631291092268192
0.518856090042811	0.297921407183168
1.23123106387669	0.850059205901264
0.761704595054786	0.596546190856102
0.494968336527639	0.424828021395889
-0.32302135204059	0.150090330879607
0.593939892499041	0.448788075387371
1.56372252913832	1.69148283288257
0.632513327787088	0.447516466195101
0.51174254082849	0.184178364192085
-0.166527618388747	0.0961367301070877
0.674313305331668	0.668279429548049
0.406117289748087	0.306387559735007
0.656544887021264	0.676577210682023
-0.40530547488736	0.324882005091434
-0.525703132974631	0.404508854917981
-0.354083708909622	0.256423260663531
-0.00442398560381994	0.00231489503702054
0.43134291394804	0.310929516636086
0.300867255947221	0.194595579053439
0.13646011285282	0.0717951592640153
-0.604102009191898	0.45010053140727
-0.128909529330307	0.0776123224847499
0.271010146670449	0.202800794618126
0.340611056318224	0.170606212003357
0.071862858935577	0.0503636099330382
0.568815601552477	0.545731512966034
-0.152074855023542	0.108583941459436
0.647815086906067	0.818567810339436
-0.964506192212412	1.0402049430098
0.382475643983728	0.314009423531843
0.531809732937874	0.442440943639125
0.573278360679034	0.784685776359271
0.0919085165808936	0.10637295886983
0.561929136816886	1.01858142108928
0.670629392007827	1.19151145982459
0.373360244984588	0.462888209236139
0.339274906973324	0.380822321014667
0.650129209308771	1.1780953060472
1.51279808184687	1.82112479802561
1.22586688267897	0.844266334309948
0.532134289731018	0.443012537023669
0.28728788403501	0.184875343057923
-0.165033467702236	0.0951437582104435
0.169089522751258	0.125139738759111
0.14318962959234	0.0818910481996451
-0.635860424410239	0.309426458589146
-0.205980874217992	0.140477021263615
0.407253622442476	0.307296788662143
0.763161972006629	0.598687803324843
1.11905160233459	1.144133136652
-0.171060107572067	0.0987226617713886
0.772287060273211	0.728506742665175
0.528023712656235	0.438760650685625
0.574125401637567	0.551873500367396
0.893562669995457	0.772697343496008
0.378842197395005	0.170257097428092
0.843921032542562	0.619458894446219
0.422201655376124	0.169390571401141
1.4410885772277	0.898444379742483
0.628829922109602	0.444058232923938
-0.0471605586455034	0.0227174127316181
-0.0514305548208297	0.0247511118428318
-0.518848814731032	0.276554404293566
1.43554514923892	0.477898562880183
0.972369073746857	0.791446098311219
-0.414393079317807	0.291673432928749
1.94328717744986	1.21688419942877
0.411281845244824	0.31114439594529
-0.810559258382344	0.447337938049415
-0.410885329197384	0.288966760957757
1.42026365380564	1.60577914702211
1.55191461761552	0.772830828457177
1.08460311851319	0.820707906298172
0.298712273029888	0.178697383959056
0.764689999327575	0.453680141551961
0.669678650418107	0.313495417453774
-0.238920608592102	0.0782667689841429
1.44582447327455	0.899727358487335
0.827180718362213	0.748317765022963
-0.698342526652545	0.496180842251834
0.389343219125657	0.306829965178809
2.24968440267543	1.7308674221447
0.522153746950068	0.432962544040715
0.662732278637691	0.574195889999481
-0.329687738446663	0.350810458999374
0.0152573027673182	0.00891160394930131
-0.528048620442135	0.407242515119895
0.841423141872638	0.618624270103159
1.10881705826192	1.12808545864259
0.419326992246002	0.554005039179732
0.560195672229289	0.961535804894917
-0.156118406290521	0.205181576006278
0.44444843414391	0.88604907524046
0.458056159442059	0.694040329831111
0.561138924801371	0.894879612852638
0.714704763749391	1.02466606262266
-0.196658302676867	0.275938095326261
0.0469833833358682	0.0542064148616115
1.28846809005562	1.64045891056783
0.0650913297966982	0.0437032495141553
1.11353062714302	1.1361952076908
-1.25244790157479	0.959547226568441
1.25897920014876	0.69342048214675
0.295959695195609	0.190998366420532
0.247687743705752	0.229261162936204
0.0756488930336352	0.0530733811544777
-1.07339389045488	1.1430072200462
1.1120367732979	0.998887286657633
1.0076324778725	0.949243637842063
0.430868103099276	0.310407765909184
0.448004368414345	0.302843415239083
1.22533307799195	0.842428899147951
0.52995261737148	0.438767804446806
-0.259629316921067	0.131491597665561
0.840733091380263	0.617973852048827
0.426509628253346	0.171575902443478
0.76558830890368	0.599603010429899
0.12903921348184	0.0554146379860745
1.04794260318453	0.509335640030191
-0.408699691565855	0.172271152898569
0.153108082030562	0.0989777245841375
0.163292477068786	0.128579974901635
0.338201200670713	0.168967856973175
0.805204693550491	0.339371994678625
1.06066965814772	0.647374402117602
1.08794603373176	0.966653826109972
-0.517260469050422	0.275412217971777
0.788194622274742	0.329204745918313
1.32462907094128	1.40052468775184
-1.18387792747148	0.670672405513553
0.129524436565753	0.0556472582299233
-0.0401340042977483	0.0193972441919028
-0.02844600931641	0.014539311597446
1.07930096896876	0.814959072485239
-0.109293113056098	0.0810668278670983
-0.714209193862179	0.636971819658178
0.478020166379509	0.299365425442829
-0.338719865538349	0.204726958817676
0.123515255621778	0.0647054161618745
1.05796284448379	1.22992595541569
-0.00389594395943289	0.00277146437613777
0.70257306016517	0.789529370633738
0.437626072523598	0.410487167743871
-0.631247396358155	0.526583807796679
0.409135465586256	0.309365452307353
0.57534399849268	0.633257608998797
0.204476299532412	0.345932551585109
0.443333831260883	1.36810736728824
-0.188326296010839	0.393614062528619
0.388649352960291	1.11349523143196
0.74824533857681	1.23260545522445
-0.238166217166863	0.183824433204148
0.580885683244938	0.436245614414965
0.283790532806779	0.204349593992562
0.0435431312105685	0.0266048077277269
0.131283640882832	0.202595206117187
-0.116442959017257	0.123899246395633
0.433471588337734	0.798882818658678
0.756196145412009	0.446378602491256
1.60033588297308	1.11748095714443
-2.29900129298328	1.17810099608835
-2.09002422236249	0.96852720746282
1.25267810736268	0.690636942339763
-2.0948354143142	0.969898927194453
-0.364212438746839	0.106078206157018
0.70935496789395	0.800395559798027
1.74913243932495	1.36039049218125
1.04429005735424	0.506486200775635
0.809850197578332	0.341145799087641
1.8046556556941	0.70860181691833
0.140184451576725	0.0265585662587612
1.76380707218391	0.989003858592782
3.25586177376341	1.1013084673078
1.80556115744	0.709204238553249
0.653790201953018	0.20742302218683
-0.6691937520225	0.4014477270877
-0.243075927619557	0.249116244348386
0.648941210685989	0.205808664712113
0.508940667886974	0.183098517310394
-1.15347733768864	0.353947479713194
-0.120006383191874	0.0484050147154472
-1.15394884803957	0.353566779644249
0.134993392187805	0.0402831505348415
0.802281286210352	0.337872104439243
-1.00122021034096	0.504272179395878
-1.04349362118201	0.419740113125698
4.16440043002301	2.00543429521791
0.127629604761486	0.0488205219881876
0.0615222028159005	0.0413732306009733
-0.821761005224748	0.643415812773729
0.136471442907569	0.0407207925774643
-0.0157304411667579	0.00819502780055982
0.875231322817189	0.469021026517165
0.330592374393065	0.164911622759886
0.0235187286183715	0.0135238425503733
0.581734772507564	0.906767888646233
0.3405701129693	0.460783022582365
0.245894253410784	0.34315545509634
0.147917430487638	0.169372785784965
0.268612958395683	0.309359275039464
0.380665970220642	0.311623115584186
0.538417437731942	0.61466806046954
0.66227811034666	1.46930367992201
0.251862176603614	0.618865921001911
0.0551952552878841	0.0989695912460755
0.258947794737863	0.622772554517525
0.395323639587013	0.419628319419858
-0.0994145973900089	0.0619152113054516
0.423905439829926	0.303901887018217
1.60358612560996	1.12056657158167
0.5844462721721	0.304030691655071
0.765607436729938	0.455164893171375
0.309233153428566	0.186156991859592
-0.0851923195647804	0.0932961582782971
-0.1761939782935	0.281772655975327
0.137772279789603	0.0465706419319888
0.13345272036125	0.0452283641533281
-1.15019981108223	0.352703694647943
0.337111207711417	0.168806178196531
0.146301463254213	0.0369121679082859
-0.242025564504491	0.0793476290892232
1.43511052997664	0.477089390053173
0.138068746291684	0.0525696114734924
-0.175830570346304	0.12288067590502
0.663801079304584	0.309562276874094
-0.243192926623713	0.0796302555049372
-0.418580029248622	0.177413239267987
0.515231212929482	0.185298370736687
3.2530948013434	1.10108931722157
0.147649013295955	0.0371443901885897
0.80424232840057	0.338337566370001
1.31741038669813	0.576179556054442
2.74700474235958	0.773735225227364
1.81018987136438	0.710369632471059
0.335805392178087	0.167819140535477
-0.363074920327927	0.105749762822137
-0.787280243012554	0.348288022167107
-0.414031981947508	0.175185312090786
1.25320831641663	0.689829279676215
0.140184451576725	0.0265585662587612
0.524625905915986	0.301896493624039
0.0808067666185595	0.0605728673675079
0.128065802893217	0.0434680575192894
-3.7736621668232	1.51524708251548
-3.76396710128731	1.51165110521982
-0.333524884765435	0.154970245741226
0.511447846039878	0.183898335950935
-1.052139438368	0.423871922375229
1.80520382516112	0.709003956616184
0.802847723592207	0.338179963633335
-1.50619967584359	0.774272712546176
1.31847109511742	0.578360020930028
0.125752849936547	0.0540688711911673
-0.117662313502902	0.0473730863080942
0.773063318968584	0.461238044017343
-0.263433431678109	0.133388758758035
0.129425010246068	0.0618624382421176
-0.97596501430248	0.606588215630359
0.425706706311112	0.171161852825946
0.294667318051349	0.176259984632587
0.367560615528324	0.470108797577162
0.0914392854697368	0.0709557179785426
0.521723514623392	0.299485169937314
0.530985495358214	0.538021343019629
0.492956033431865	0.883937744793926
-0.109158481829184	0.204263063807148
-0.0329518194375387	0.0577984385165007
-0.00461743024616126	0.0070585950192172
-0.591057948991175	0.67329590856199
-0.814155409288068	0.714621901476759
0.283765131204134	0.193867035149244
0.569082874524489	0.837983888907552
0.453794925486426	0.307839794421297
-1.35454733684075	0.861391282980222
-0.163335301593548	0.0941504450244576
0.257424141819406	0.206450531210301
-0.107591613600345	0.117725720724702
0.235355914548231	0.35967396569021
0.672082084811952	0.314450435705214
1.06849892953844	0.653037980886256
-0.643123124462485	0.156504140249688
1.25242337421849	0.689036040188378
1.25483077342271	0.692626429783641
-0.164885457806792	0.0600794376284763
2.10476185913215	1.46448841996599
0.882073173610616	0.474794386552053
1.01125897496667	0.956598354052782
0.122586734723362	0.0469091239037621
0.669151543748022	0.313192415379282
0.430780575206884	0.17327437496946
1.04532305548272	0.506476680317059
-0.238048417060954	0.0780891030505443
1.80610961993801	0.709606900893752
1.04057927720315	0.503738838632077
0.144241227938778	0.0428872731898325
0.37285669292651	0.167587042469164
0.65414904119533	0.208020876626531
0.806333800206404	0.339453483429282
1.8046556556941	0.70860181691833
-0.644388443682788	0.157000626677781
1.75624305059125	1.36361950290079
2.54016754402664	1.40829754096156
0.421766683738154	0.169549998799388
0.144569280114635	0.042929282273931
0.375593549961275	0.168728453298068
0.237582915580792	0.218647095254377
-0.792008151205469	0.350994474519001
-0.537877518920207	0.206535210663043
1.80520382516112	0.709003956616184
1.43693291937878	0.478412112216202
-0.817593199955874	0.549481955855486
0.504073515615579	0.180839213902641
0.506024897221242	0.182012241745483
1.80701548129766	0.709687594083792
-0.743325166733626	0.258205235128744
1.02317008310264	0.387996770477132
-0.537604201275585	0.206097064278887
1.38571548556718	1.06960869090354
1.2577073277268	0.693960311466429
0.877473626421389	0.471687376025581
0.126517413282581	0.0542784291940882
0.140785309842846	0.0419396944428236
0.780164535006208	0.465133699335908
1.75235519625907	1.35656008354544
0.487667528780023	0.947624073658627
0.264967910531344	0.621968372380627
-0.0926091751999108	0.183186410845027
-0.182052507098357	0.381398461860499
0.542624256715665	0.759782934934786
1.32082717591735	2.13999617955192
-0.206127502708567	0.140364848569854
0.136501741101708	0.0653516707761222
0.182436258634268	0.149731016108138
0.590775234623002	1.26128935670674
0.164151766804888	0.129410537350285
0.478219222673189	0.583170179860595
-0.708365008221984	0.574619855744562
1.63889743543141	1.53749173608263
-0.177996805007666	0.140985813845572
-0.768339969559643	0.967944855946787
0.130153608081387	0.146800163675617
0.462290906115737	0.957786144096664
0.348542895949373	0.384529030043074
0.411084665205961	0.762964612511072
0.603735430673829	0.939146480195193
0.226896346532049	0.3301608935659
1.00575101379434	0.946295103027745
0.775876276929344	0.833520696265267
0.970778513360286	0.786838974657009
2.38995598836872	2.03372305768645
0.519313648492476	0.298243904974846
0.421516010647194	0.169186449309691
1.31262627398235	0.575986404326764
1.02201384172153	0.387406801790706
1.76143357424468	0.987698652920751
1.75830468017165	0.986217056022245
0.515571054488244	0.184939238521218
0.513219052715781	0.184783577478651
-1.04124180825515	0.418513150870408
2.74877977095104	0.77489585677119
0.509435415274993	0.183330389793874
0.427859807442279	0.171922111839754
3.91920866228273	1.72418967780064
1.02154758643863	0.38651810839574
-3.09029030460571	0.960832707527767
-3.46584456958788	1.25353297605489
-1.15300618747366	0.353816991053109
0.935126029437946	0.245318397037238
0.775718577987412	0.925415428482316
-1.15439361670696	0.354342573020678
0.422565108326337	0.169882850838849
-0.643506271279338	0.156786530055825
0.12390321693711	0.0474121589883158
-0.16617394898698	0.0605322426701329
1.02549223592864	0.388513835126415
0.1413598194657	0.0421025960431846
-1.0449372111498	0.420548668733196
0.67346002449245	0.315470259796261
3.92214982720788	1.72640548457834
0.653242855413462	0.207522075223881
0.76645746480219	0.599886460115334
0.387567076359379	0.318856935382795
1.50192242282042	1.27505776207685
1.31118731400187	0.576162678907346
0.431033069519722	0.173555585006391
1.55893137881146	0.775868152630222
0.541131978005482	0.891852405924025
-0.491888578225327	0.746181043294062
0.21659588502763	0.324507423536645
0.143227312708731	0.184427680708757
-0.385569222978605	0.578066192858544
0.442717361406728	0.572001647749345
0.165778343466876	0.179364344181782
-0.58535909850113	0.744748476393618
-0.181730682682386	0.178776014114712
0.130334247924192	0.132934401170827
0.173672453332576	0.242440596675557
0.0551417602284393	0.0726418853184573
0.108808803426849	0.123552098547514
0.233069679717326	0.229320366496831
0.431622149628167	0.585722221142458
0.271850972019662	0.324918120417989
0.161905396197606	0.138569495906195
0.276513212700986	0.385074770709711
0.174454376109808	0.14245497854637
-0.0507194875257171	0.039877589279692
0.267634750768923	0.199872975974429
1.6665459960554	1.93514650310531
1.94568712334882	1.22038407487912
0.336778908732161	0.168269421615906
0.345405686907427	0.1727035607454
1.55373484206067	0.774450053450293
-0.0448027196124069	0.0215936735271683
0.135958712011009	0.045911207941804
0.673987614483513	0.315299834517368
-0.0157304411667579	0.00819502780055982
1.55836587613907	0.776783818899823
0.128295546884962	0.0613449827570165
0.425961192082242	0.171382412553361
0.932829613639135	0.244963311679429
0.126725259833707	0.0544667367116844
-0.627284383604873	0.305293930755849
0.528785102021569	0.304686976288422
-0.687869542123163	0.413551902958847
1.55501737702822	0.775774035017368
0.664328057587927	0.310135116741257
-0.170912764961516	0.0622636754540297
0.514659313486759	0.185330599053687
0.588700035346582	0.306389952403324
-0.0199500397132367	0.0102982882266228
1.2270644234076	0.843743886356282
0.336629451938788	0.167942510333458
-0.206880525293093	0.112722472441053
0.520891721891816	0.431513346377288
1.51623792996148	1.83118384368102
1.08268128683155	0.817556508766256
0.821839268389611	1.20413100974694
0.69124677713748	1.35519410250635
0.082807655714843	0.118180452601091
-0.09097481756986	0.121304621620004
-0.0255984544917539	0.0284381229262032
0.218619231791081	0.287906933273183
0.17623623667061	0.198592769256768
0.0682368775147318	0.0651422547731954
-0.121251269912449	0.154013168412095
-0.0194751191349543	0.0215256980062347
-0.717379072952887	2.12367891617038
-0.575419201051858	1.5310508857361
-0.264215227289982	0.349457741721882
0.290841678873318	0.316288862923115
0.24048504589914	0.227394316937202
0.252736893320767	0.310997106301036
0.225999787127776	0.225983452777129
-0.366572014957179	0.330261524437091
0.247711029702901	0.223730334757839
0.169011041890712	0.141492292440524
0.546555071196365	0.539310804040695
0.348878238607037	0.394181653035125
0.245751778249041	0.215355806984933
0.994988014162497	1.18726251131724
0.771038832528572	0.999676333340718
0.932418671732438	0.627267933041278
0.823789343064768	0.746284879001742
0.144902372889366	0.0883731677560006
1.2170952989123	1.01952518355885
0.306633184579113	0.184300087886015
0.162519244697996	0.110791112098189
1.04636987389972	0.507879636175238
1.06504904986805	0.651700740174388
-0.263371280760334	0.133765420256284
-0.022499301491481	0.0115656818494339
-0.263891522182683	0.134239415908934
-0.808902435315968	0.705973873588186
0.710662107789114	0.590448448205155
0.420020057297635	0.168605023825821
0.163900353581868	0.106345661332198
0.0453039723973059	0.0277226709345762
0.28280800102338	0.193164994605362
0.460020290374664	0.312218730756443
0.582725774731288	0.43876103496828
0.299126734029055	0.193273938720756
-1.17905044912796	1.04378887723385
0.575149598908413	0.297669001374816
1.21419783795068	1.01699964744668
-0.481225669237866	0.326393754325117
0.128294734379978	0.0614378853699577
0.928729595134728	0.623739393590242
-0.00592912348528694	0.00308677844953894
-0.213450520995095	0.116510386917313
0.820323899811019	0.859561400851866
0.145687078617838	0.170881830428208
0.360548186751179	0.665598560243838
0.108913608549857	0.166772267622153
0.301700959386031	0.530520988724697
0.268680134748495	0.354528371530532
0.140786023446809	0.154035150269701
0.364978105404221	0.570687236331839
-0.382295521376577	0.872721976980984
0.321015086649013	0.620293612038089
-0.108099113167181	0.137796069667767
0.128953645101061	0.214290477955544
0.176430640982767	0.18674839600435
0.732610717563041	1.09950986999496
0.162558810693982	0.170007574043037
0.292476775178852	0.291209189943492
1.02302343229709	1.69626525793677
1.20309967039606	1.8937133895326
0.520083794857131	0.430043019986683
0.896320478582337	0.995664617405889
0.279803153344755	0.200953016208133
0.421218083319536	0.169306142598634
0.335380594890853	0.167824561371551
0.661378128330464	0.572640424085213
0.41172108487857	0.311999521945268
0.407885295220087	0.307914541774775
0.159478313913209	0.117116492920093
0.039796658500544	0.0243631114279586
0.285026966370094	0.182862310972808
0.596590380338914	0.450792028520644
0.763595150885779	0.59889888615255
-0.9098658926293	0.85810132294502
0.655757026644481	0.674725007767065
1.59339512108492	1.1071380636982
1.09270804687505	0.974202537258716
0.523804930305188	0.300852613765908
0.586526888369375	0.305406263082896
0.307906989638317	0.169357010930835
1.21157777979197	1.01171811690909
0.277176197556772	0.208092107257985
1.75614779437449	0.982842945881822
0.876873747856615	0.470190400883728
0.842388782931123	0.618407327072022
0.0207660219147801	0.0120002475599893
-0.634349566252738	0.308596488991391
-1.11428912072353	0.771656432142103
-1.37396327562942	1.39970655405447
-0.0335429304986952	0.0170276239455991
1.25346251138485	0.691203628034591
-0.0691949804882671	0.0442338018036953
1.55585578875958	0.776687781318743
1.0891892049219	0.822406002461835
0.131101678452087	0.0690476889407261
1.2170952989123	1.01952518355885
0.125925184076674	0.0541003896105203
0.584808480048966	0.440785687182325
0.355416343061199	0.921161346287441
0.355276293922716	1.06419639084734
0.781339288067088	1.76347476241684
0.30743981667656	0.395410563097966
-0.315721965582078	0.340115458837496
0.687016418834686	0.689294591048949
0.324012029859821	0.373915098936719
0.227730548310119	0.263274932571281
0.416269420200122	0.479648514302307
-0.400849389029933	0.417231718464902
-0.167593482584832	0.163144507258735
0.0914873368947846	0.0995900382978889
0.0225117185064134	0.0280822011907242
0.0998604059994226	0.156421880832675
0.17906531464178	0.253926104673529
0.58234524734426	1.11361410711699
0.629394457747924	0.443256069242293
0.767324663656749	0.456194424229063
1.06721919932182	0.652696600407374
0.956461015111252	1.24984858556219
0.424354144917893	0.170400617392121
1.51691014879096	1.29646415818492
-1.29501851864946	0.591906870943179
0.427338956160156	0.306427858731298
1.05055102429492	0.509005974325653
0.125541488754479	0.0538572524062044
2.09703789272299	0.940172538936034
0.691403248032569	0.4518809100587
0.129503847038972	0.0556015256100624
0.429980032800171	0.172888778729521
1.81073976531374	0.710773266311577
0.679234241002469	0.316881717877398
-0.267176077052558	0.13591841993887
0.429281233011579	0.172600500387818
1.43511052997664	0.477089390053173
-0.168074397032081	0.0612163017428414
1.02060878637423	0.387301323550052
0.135538095266814	0.0458551699678765
0.134284439062011	0.0454806903417194
-2.08522203444905	0.965065541609483
0.65414904119533	0.208020876626531
-0.124064151874363	0.0499563084162275
-0.53917516246793	0.207092528951807
0.132055846316588	0.0447762654002208
-2.09059152506555	0.968842590571424
-0.972629696109453	0.60526240724893
-0.353909533734723	0.350673152855699
-0.0540320858120273	0.0259548035684595
-1.0430285489592	0.420216988954647
-1.50965146914508	0.77443003361396
-0.414785619158073	0.175080015404198
0.426509628253346	0.171575902443478
-0.243192926623713	0.0796302555049372
-0.425481665466426	0.244828583203803
0.873726337166721	0.468403337899536
0.667840762835333	0.312078501497872
0.336678733999209	0.167665785604799
0.965879363248773	1.05486879735481
0.693534441546807	0.454231306768744
0.0367716642074362	0.0225075582785078
0.721059288259209	2.28968996992599
0.213697441159823	0.494651523493597
0.151552959365908	0.313827201617946
0.447361608540083	1.38476107219949
0.636555938012011	1.1774758394702
0.497701009493276	0.585475726127243
0.679696530115546	0.91455807967156
0.256788911651291	0.321950068914972
0.267438667656994	0.215782206831918
0.687380450394796	0.689581376212512
-0.36773237357921	0.382971880537459
-0.648052589769628	0.777222022267749
-0.060848843358969	0.0675929968804927
0.403934244909804	0.742690596926955
0.368313753756768	0.646259977528017
0.42311339457533	0.169929187550257
0.133454767465507	0.0572230836550807
0.588681206288166	0.306503971561513
-0.263891522182683	0.134239415908934
0.840733091380263	0.617973852048827
1.05063293391629	0.509923041862189
1.50945949233367	1.28643829827436
-0.515845415223481	0.274922047301599
1.604076053077	1.12118556156772
-0.337900914676481	0.157545838366693
1.23330375391834	0.850633087703275
1.07885647378899	0.814782019902555
0.129193281029703	0.0437930146230249
0.769504863080365	0.458726768154854
0.42380522519208	0.17010153165746
1.59954708175689	1.116470497266
0.878091640297086	0.470420535032834
-0.50983094544039	0.270635095407691
3.6333004232004	1.43322989837651
-1.18598523004556	0.672531822676205
1.50698270498383	1.28159826931491
-1.04786382925772	0.422554751457188
1.55965785379346	0.778082411244399
0.511170021003071	0.183944282461123
0.132718448314215	0.0507023271840954
0.430737601331486	0.173198450758027
-0.241156977507758	0.0789592581942133
0.121969436589159	0.0523853124302879
1.76247234606925	0.991053637235418
0.805769324127157	0.339679478238357
-1.30331477632031	0.596501146476413
-0.168535700512318	0.0614396736428628
0.138416339428287	0.0729844405722349
4.16930798319938	2.00633492171912
0.42943252525579	0.172879165160614
-0.154614919740399	0.110636285630352
-0.517909090070865	0.275441052420584
1.80610961993801	0.709606900893752
-1.04215155805216	0.41903356624497
0.686100353188408	0.448261047174541
0.135538095266814	0.0458551699678765
2.34113999779321	1.17846776749802
0.655055294702571	0.20808355560833
1.55456853536803	0.774473279453066
0.140184451576725	0.0265585662587612
0.768222317808188	0.457141055604055
0.132822091949038	0.0636587148264984
0.315060626262257	0.174121322137803
0.162050405395949	0.110428972938985
1.93783974873033	1.20854799937052
0.24707849095899	0.53178133033744
0.0535752715857105	0.111461296216595
-0.20131706728603	0.509856054354683
0.13037234180901	0.272902143559173
0.181509586985835	0.19927037464952
-0.767114583635296	1.01307512477937
-0.0627170012325807	0.0486195569562308
0.633359126919054	0.571951874996687
0.142654680799711	0.154043612989689
-0.291822493857382	0.186605331515348
-0.0748546205900715	0.0479275056021727
-0.395830986121873	0.381723548260457
0.0313628377386924	0.0257294948697377
-0.0907294473107349	0.107974570681262
0.350518422020736	0.757116186955506
0.232987607189763	0.376183766715915
0.380418593105623	0.171032776022079
1.7471109937202	1.35579127970667
0.928162628686599	0.62402997272905
0.508567167120095	0.182768045936491
0.0526017260493322	0.0338630275147412
0.66517550328096	0.310695427495322
-0.170110577552325	0.0619558041516788
1.95135265955319	0.45428366780025
-0.80628372826957	0.443565395014941
0.650991162239829	0.206772040177897
0.132417308884049	0.0696781035421786
-0.233689169788626	0.076674255613353
0.128985887415983	0.0492872066083608
0.131088805941653	0.0500514541295973
-1.24732488531552	0.952108997236991
-0.238535498919549	0.0782368452146959
0.36457356531171	0.163001689287133
0.514363083274015	0.184986043370105
-3.46584456958788	1.25353297605489
2.33676481628703	1.17407183630699
-0.738055403900028	0.256318943131305
0.769161109272101	0.458726226836139
-3.08991345953591	0.960747174631736
-2.08546760183352	0.964798104494995
0.127786664589047	0.0433722500849783
-0.643123124462485	0.156504140249688
0.134672383551299	0.0401871605730982
-0.79620053290511	0.352352816452798
-0.790166934135272	0.349752325890181
-1.83277758245026	0.754444070298794
-0.644006342900786	0.156718049862583
0.14964569022086	0.0374991574970551
0.132996091874345	0.0450178549889057
0.130187649341207	0.0441073748021701
0.140184451576725	0.0265585662587612
0.67182702107669	0.314238010564858
-0.256933803368427	0.241199507929683
1.75694190031849	0.984938886554118
0.517582841363913	0.186137922585082
-0.359365673988087	0.104727737543846
-0.242533881298905	0.0793466275496722
0.656959166697518	0.208411137309888
-1.15253539705602	0.353154418604941
-0.169662726159859	0.0616389469446841
-1.00576782189646	0.506470893521155
-0.415880213118191	0.176088333213337
0.337423728732646	0.169081415528796
0.253986367270663	0.613738962997426
0.208119794791294	0.370190962050777
-0.363000321584458	0.669177978126406
0.500626639861131	1.21752033710458
-0.0533720220767479	0.0714358074192035
-0.096399460432955	0.11519491287313
-0.0398993864068143	0.043505026089375
-0.100586307060079	0.100315877397723
0.00442492494367414	0.00388688323921392
0.482717838074407	0.829884377788616
0.53658356298735	0.883034049979653
0.320158502656939	0.48849761221499
-0.399398812821063	0.562473872988313
0.39419654886409	0.789795944533974
0.127094975486236	0.178906844071794
0.0971468110242197	0.126559686350465
0.133006007038877	0.157565893400445
0.122252916580464	0.129635578688619
0.653409925218425	1.11662578218336
0.227458800990625	0.263091155012504
0.390264460208597	0.471079896477748
0.662016113825745	1.06277872338798
0.522734645301645	0.827420968406288
0.426921781934108	0.307031877588547
0.289091016266542	0.186349681505632
-0.0226741107517818	0.0116622929988431
-1.1174444471234	1.09611555713527
0.63476242879419	0.572734184250187
0.711935171640402	0.591598053832981
-0.203482847818687	0.138416544902006
0.331711797881824	0.165532417505893
0.878766051989644	0.472006512812435
1.10354534626365	0.991129486854754
0.420278533505804	0.300872683497062
0.125559571376091	0.0477049563784425
0.550570218108533	0.436380535793133
0.136405532328157	0.0653202313511944
0.972793445637685	0.791970528364278
1.73740781424585	1.34104237240613
-0.0798129571783811	0.0354107498594358
0.528328438853882	0.304422442030384
0.827604679355184	0.602626159027021
-0.678522506300771	0.408356675692771
0.142664714200412	0.0751592597023664
-0.0121119933600909	0.00632751813335952
1.63137774178518	1.52744926476593
1.04161868378568	0.50491356149762
0.340922485782012	0.17083254012451
-0.630560001867424	0.306878318745572
-0.813432400516697	0.636187583229957
0.129927317712827	0.0622759845878981
-0.626278549225889	0.304519980775598
-0.297362158656247	0.190136077115354
0.930241850617246	0.627270983084251
-0.97295727749244	0.604643734473258
0.769630371847608	0.458937057318973
0.636059624726418	0.450023758263622
0.430780575206884	0.17327437496946
0.152628781190295	0.0933281578871905
0.395909757684176	0.410196018686342
-0.090956097262602	0.040207133914387
0.832995122125853	0.607079358033898
-2.4964326850618	1.41214517373264
0.586542539662999	0.442617224819591
0.426215010092659	0.171417255852221
-0.482769569891793	0.327448627479854
0.133604139296825	0.0639670357985834
2.72400034800692	1.67432784048844
0.931853289855521	0.627630650831446
-0.336124653049172	0.156724044159652
-0.351467478160712	0.254275850679
1.32407472644945	1.39674624109213
1.30304035744269	1.67147193029672
0.437417051827341	1.38163989835235
-0.30795405445757	0.485574022191079
-0.539755255893504	0.863158519784104
0.199938427175235	0.259054704895638
0.0708102859427989	0.101139488533363
0.432226583191447	0.909953625045897
-0.0309168070387124	0.0354576121923444
0.0457657464594302	0.0532255581026338
0.240303822637952	0.309174085818542
0.137103804073766	0.16780924230167
0.525111451010735	1.15590273327532
-0.169042510846816	0.255202771857486
0.235625251854852	0.299179558213626
-0.124172289449222	0.12459605166671
0.38413194937653	0.415055109959037
0.157678588558772	0.123611333272931
0.651185293638146	0.824650767289732
-0.138884692249306	0.115786636468728
0.538313007023947	0.547281120695567
0.373924317108772	0.392242746510129
1.30604144910472	1.53159267197875
1.0283293558309	1.08631171314283
0.15489070066455	0.109472757100802
-0.609465721404292	0.454627494691848
0.709263675685128	0.587564247342795
0.774463307818921	0.924178471868578
-0.227526827249384	0.174228058499601
0.138129370083026	0.0661203687431473
0.934328537184663	0.918794676456062
-0.412779057705966	0.290829544631062
0.0039626642635835	0.0020614648565363
-0.152004912707463	0.108407652517601
-0.291242007493645	0.186407467959562
0.424686162586357	0.17084869480222
1.60916329893933	2.0663508822283
-1.02507420827164	0.941325475902542
0.155305018241323	0.1054263891668
1.20980792932637	1.17974251853688
0.340542611600142	0.170317399995539
-0.0871597565535891	0.0385938591795615
1.00599414761207	0.948309226383669
-0.814879086647093	0.545343360501887
0.14732201008355	0.0949404853859678
-0.694689947747041	0.494707504855688
-0.0176909777947936	0.00917891824051954
0.553839511668672	0.440205270180382
1.37585204316202	1.06080485198058
0.129816865868205	0.0557669238399026
0.143470428579172	0.0819399044592362
0.636613793639449	0.450756289124054
-0.811701569816512	0.543165104814849
-1.49818726205417	1.05742344706384
-0.0633032343003386	0.0415602555705982
0.00016231681694463	0.0000661700981251447
0.897424874607631	0.778092609332518
0.272661172800547	0.184726563475948
0.265699114313591	0.197801923046934
0.57899652428056	0.300703641435945
0.584265660283402	0.303918165395246
-0.125829980006002	0.0756566754954742
0.128065802893217	0.0434680575192894
0.451024986782315	0.305509440226376
-0.0508893906578469	0.0244400256139729
-0.0306357019986006	0.015612796574973
1.63554434178606	1.53139035939232
-1.34824805241166	0.854867870721579
-1.06705162296416	0.869305261320489
0.52670526779075	0.303367954885957
0.16840680808703	0.133143771417215
0.627254223183184	0.565418130487645
0.201126707588582	0.240381888553257
0.13538865621811	0.143189635579188
0.0705088835840885	0.0805746855451587
0.312659134628311	0.63007630979142
0.519199145502515	1.32669323154291
0.0930917816272124	0.130476653971977
-0.065608358025384	0.0825562937625094
0.191644151414657	0.246578101174268
0.609153926719977	1.67627652534927
0.739806863913107	1.46230936975966
0.406093221733274	0.702670292427492
0.326616585934299	0.470041907483372
-0.100355850919111	0.0863930156752015
0.0211853092209303	0.0160880277666717
0.312679773832783	0.291650791704462
-0.395065608255469	0.436377813768727
0.132042036042483	0.143230061114174
0.420410730032421	0.485344598123487
0.169678559737413	0.125580076540343
-0.0233534682558428	0.0159538786406731
0.101918257917613	0.0837594079003165
0.172195679468728	0.132046004962123
0.679115747560313	0.677153627673946
1.21385820071183	1.70264388369906
0.88947993371104	1.10247382313779
0.304384403934069	0.197012630787874
0.729309151250107	0.711701236062646
-0.175661946566899	0.12245305140114
-0.185065018765776	0.166155366146942
0.634196926347888	0.573877692291014
0.473692751149835	0.420523664759208
-0.0827898447641822	0.0620469805067301
0.254101236405677	0.217503691553718
0.159505184687908	0.117375460216926
0.0653963127266503	0.0440451173282664
-0.135969399206039	0.0815583835304764
0.987263583612866	1.17044432614985
1.299853636593	1.66258636576476
-0.633018550198107	0.573173289822538
1.03128463907645	1.09162230043324
0.168506691275177	0.137037527510921
-0.441905212328677	0.386496976030003
-1.5410854357465	1.77041366503095
-0.594549929372701	0.440849084259405
0.26922435700674	0.209485654440644
-0.25483453392831	0.169395324684773
0.451890735339139	0.305623251462335
0.16330826125374	0.12040071991534
0.147373699379416	0.0900678124833954
0.627544811596437	0.442745455563808
0.671045011294059	0.313427842943449
0.158456589107449	0.0970972040122138
0.972479372738382	0.789445065110227
-0.520600045333953	0.399501768718878
0.683568155776248	0.445526322075555
-0.334430917187841	0.155983881649704
-1.26323933139693	1.19099290710385
0.282840167460168	0.193202194236661
0.892891633335152	0.773329662002632
0.695847731194017	0.699054691149485
0.268960250282665	0.200754750977154
0.147704214111978	0.0845085883524351
0.769724706576117	0.458806726041265
-0.459653784519444	0.362286740294212
0.697410918854219	0.456739689937378
3.02922553733596	2.24594887240999
0.343323478769832	0.172022552740681
0.879642687718196	0.471962328647005
0.147704214111978	0.0845085883524351
0.429021967064629	0.308323360665114
0.168869819766849	0.120247518634848
0.391840237827231	0.393477510849453
0.50022195076475	1.97620847174602
-0.0525194772348873	0.0545294389823392
0.559032548753783	0.888585256118399
0.30335996653224	0.529196412673737
0.00456368665097254	0.00711495913056084
-0.186945871802167	0.359810071893325
0.0404527297354498	0.0540095013165875
0.14985577223001	0.212048279631054
0.555554549004465	1.5164010516763
-0.00428177276293111	0.00451574063811007
0.383299550614782	0.686872074201605
0.513944610271907	0.795632638250583
-0.192793920229756	0.265036479652425
0.434966932917362	0.706259245456286
0.747421766268652	1.13683554887562
-0.013546783236017	0.0124024221197137
0.162817721276767	0.155707314556988
0.328778777198417	0.47420792997459
0.00904810438460722	0.00850683105951311
0.115998038504754	0.106968677732976
0.167207907962366	0.139880981321548
0.465970384925785	0.428264720579532
0.625316301908031	0.659300246840074
-0.309944386030112	0.229902610418974
0.0356728454525343	0.021859021582196
0.826499567305323	0.867434116522669
-0.808076570108955	1.05694817851938
-0.262674695741844	0.1979337511444
-0.0994145973900089	0.0619152113054516
1.57166426455381	1.70624272792834
0.166020537443552	0.122316004847612
-0.359525300626922	0.293653814822113
-0.714860092270925	0.638415055610014
-0.110225683597628	0.0817414623159349
-0.351072215892673	0.214460790104711
-0.10066808939977	0.0626983659778993
0.498972962531912	0.429686741825389
0.00653465899335086	0.00342520758932861
-0.722161832329383	0.64760371002988
0.130323393807507	0.0559778536403509
-0.80508070488334	0.702830727109712
0.287524442128145	0.196827545910793
-0.36074984535245	0.262247174798839
1.5721105868501	1.70774412527826
-1.85619123015914	1.1809311205765
-0.722649514096893	0.701395776604845
0.16215237721997	0.105318706519539
0.825438789116099	0.746583717944776
-0.360974949806385	0.295317523728625
-0.0226522437094945	0.011643482457585
-0.990148971204389	0.992820472099164
-1.29854797059543	0.594785420705011
0.708796640419956	0.586674913207883
0.427983110722539	0.307899669154728
0.833705818518974	0.610791082959072
0.688707966315241	0.449601679432132
0.000215857009737156	0.0000961659813352486
-0.0573794151638186	0.0274856813700069
0.627544811596437	0.442745455563808
0.580282663794114	0.301313985710226
1.33824019487522	1.22915968056406
-1.29343965055052	0.590338284427117
-0.250618899787155	0.0818265286479901
0.140506587564955	0.0740278706875968
0.393267035040518	0.310586614601951
0.180968994667532	0.148294447800649
0.0478118295056172	0.0307408240171783
0.0895334630631628	0.07130202608596
0.546728342093872	0.539096149409441
0.395985967460369	1.00810263976539
0.291169899902052	0.667747115377911
0.0592254386288791	0.10319488839181
0.357854343384681	0.866178885763677
-0.254265444794745	0.42689826409856
0.44657008156912	0.798840937642533
0.424471914014321	0.630770119815336
0.347281682090969	0.540941692422873
0.298086617708881	0.6026135797215
0.0429628721530985	0.0582609933134025
-0.0981068375313261	0.130053144449595
-0.014263029488483	0.0189035600123024
0.484121636490856	0.888687480964397
-0.0848943066750047	0.101355003061231
-0.0174686799748488	0.0213604899832263
0.208408071687532	0.301426373524091
0.359749811059767	0.465661895965758
0.0550417231359638	0.0659608011140812
-0.188320628511723	0.260296940239991
-0.375493316510131	0.630701982258032
0.438278848003326	0.555192132786781
0.483375858603174	0.779157227220308
0.587701233294236	0.996993970882136
0.661546162528083	0.986101664211125
1.05311947557414	1.22336532842142
0.877251546132768	0.470203510037352
1.22533307799195	0.842428899147951
-0.709274848221244	0.891616922428824
-0.442872808597678	0.38805834559462
-0.168901691557673	0.0974282902157682
0.270644718776154	0.20248769407517
0.480023533234759	0.30159457916959
-0.41401656070109	0.17494084170968
-0.00188159206962491	0.000948247278353464
-0.474563567357175	0.320134802208991
-0.207702428720521	0.112976716108828
-1.47520565735525	1.34025303331284
0.420564830185675	0.1687012908538
0.135591368823381	0.0649221258714575
0.96458769998644	1.05043397747026
0.00016231681694463	0.0000661700981251447
0.593067023339132	0.308864734241186
0.804935270649123	0.338847883265319
0.453645078624469	0.306687970227482
-0.078877013603363	0.0350056526528531
0.625736757276041	0.440991315839727
0.690761424982175	0.451381535955626
-1.11682364080463	0.772586784887642
1.06264967412855	0.649394827898124
1.06535197542335	0.652185919390961
-0.0831977721764975	0.0368280039842016
0.767456981416916	0.603160908526762
-0.812815588889099	0.633073258154213
0.669992340809613	0.313365566917382
0.520979531708231	0.299340838826473
0.131929033420281	0.0504202941929281
0.135591368823381	0.0649221258714575
0.801189046347036	0.336764982262919
1.22102630416994	1.0258093217502
1.2577073277268	0.693960311466429
0.592759913813547	0.308765946031014
0.696526382712125	0.455961159734976
0.503082010817519	0.432902836396305
0.159610003008621	0.108621617515179
0.599565805004383	0.558641199257225
0.486629105871044	0.306495136589918
0.566704311464921	0.543311071579395
0.148857496470075	0.0910558787037995
0.0651813264150691	0.0438799198651634
0.270028504861058	0.533911939198731
-0.158285271825841	0.208629242284176
0.324141547933695	0.471389315254903
-0.438696371845469	0.563356920375921
0.238822556364218	0.295207757152005
-0.0654518902403251	0.0912709861417684
0.224154905921528	0.359830944750103
0.084226621240165	0.11290472687563
0.112471149445281	0.148800982086585
-0.244807993542041	0.384154693368932
-0.306218243871427	0.5189876599849
-0.230167468322424	0.373883467481929
0.144521055964387	0.208843295101743
0.265325337529682	0.438721350955653
0.0679820702394249	0.0785633660453252
0.396007217887574	0.703532736659793
0.22983791959222	0.353064952297928
0.436467481935869	0.623366977535538
0.37554330571083	0.47494681419339
0.217602675907257	0.260763127081943
0.394145733903991	0.595949999801255
0.364462006111367	0.456605299033386
0.353222559010291	0.3919459103853
0.449637658466273	0.424323589938472
0.152155869313475	0.0930013888549651
1.10840740413501	1.12785118097603
-0.170601074589695	0.0984725235780356
0.139488642561833	0.0796006026515394
-0.288541016864093	0.183730147631474
0.163979248436825	0.133224725394385
0.0397562737370262	0.0242859934645204
1.43970234285848	0.896684836018956
-0.413866140534671	0.291580579014302
0.803109682744645	0.338252847610738
1.08711016371548	0.963709762962792
-0.125060190599522	0.0750513562111885
0.452969304641577	0.306777055247614
1.043973276843	0.506180750770939
1.25346251138485	0.691203628034591
-0.522204998102257	0.401376538256965
0.289589069486406	0.198177896395426
1.06097332758384	0.648818621807937
0.766696081603449	0.456823048063763
-0.513868673688941	0.273572568235054
0.376317756031206	0.168917107388855
1.2140526804588	1.18402790134359
-1.18847113176606	0.674992323762083
1.23330375391834	0.850633087703275
0.134272621571332	0.0453584602448176
1.59786568367512	1.11047982410303
0.929375996469255	0.622470054468537
0.691648349271718	0.452159334074961
0.381859790714897	0.171124722024864
0.425483209780123	0.171231898189555
0.370995088068929	0.166188048579773
1.43490673026734	0.892018563986774
0.119696350428732	0.0513658153696628
0.536963017759496	0.309551740616139
0.147412524102471	0.0949691338209633
0.667885013934878	0.311861513229069
0.287538171953116	0.207119496390453
0.573046433741534	0.55158866299069
-0.208358938844875	0.142231011401687
0.288256058258339	0.197072254870975
0.770989119906681	0.725648927842113
0.135603047640871	0.0714931476397986
0.550168376107215	1.57582097914809
0.626551551899746	1.31208124724894
0.833069470196373	1.60656397861964
-0.0111518446029739	0.0103447421845965
0.289553210992786	0.38870563568204
0.296123363229424	0.394005423914387
0.0350704135869859	0.0491460023113261
-0.00513306295722542	0.00740520515338221
0.10438363157308	0.155107875495813
0.274234923065281	0.575514793174888
-0.0490850332363796	0.0666338577324342
-0.00817410723578759	0.0106667316165944
0.15382703400762	0.222625669339697
0.255257419726582	0.526625396014199
0.20770585630396	0.347578938957545
-0.249748141608478	0.474584359503798
0.29600677670149	0.521203550944591
-0.0394071712281484	0.0535012778017566
-0.161644308345781	0.25946849138463
-0.281859867743267	0.418083341297018
-0.0447349557653382	0.0494167354489009
0.393859668137529	0.668888609678819
-0.247872047715894	0.407723445700337
0.0450552862973853	0.0486725829661216
0.00279608850680995	0.00198810817831273
0.37302110683925	0.303729867144472
0.164479006303959	0.121408980032723
1.21303969687387	1.46003108309919
0.480564746568719	0.300918958965662
1.08804428377171	0.823336632176425
0.340084809113917	0.169930804758096
-0.208154322912464	0.113463589792799
-0.416678053457735	0.176199717074817
1.08644849459454	0.821416051584953
0.233657531668528	0.24459428508943
-0.329803919740083	0.15352662064583
0.134384135477397	0.07086677688299
0.670780204362144	0.313732636016028
0.430233238224466	0.173265323266744
-0.238920608592102	0.0782667689841429
1.09314350143892	0.969858645227702
0.520128530577975	0.298962886034134
-0.0798323227211098	0.035395033779357
2.00793200497089	1.88663177486287
-0.0822520611988082	0.0364085831997755
0.314176618435738	0.173567898724346
0.684094643455578	0.445630478641505
1.04659537666142	0.507416411312683
0.764967072400438	0.455482479006261
0.589494554448971	0.307026753684589
0.142206421270329	0.0359541333965371
-1.61850550765201	1.25194590643674
-0.259037187344331	0.13109318635127
-0.537877518920207	0.206535210663043
-2.48300313528042	1.40439801298057
-0.999356845792316	0.50158103310501
1.94558173522805	1.21672382792306
1.93896545628879	1.21332905787869
1.2097195024435	1.00917980616383
-0.411082008987883	0.173889028123327
0.513791165711859	0.185017905562863
1.21168508130916	1.18204236594554
0.00930392898717381	0.00556107724400936
0.426412749242544	0.305289296332311
0.633484363130593	0.67095534911028
0.447379628171685	0.30206750214313
0.440920951162408	0.690045941174606
0.231674535788056	0.451523736787163
0.182351958904109	0.277356463875961
0.0895925412189362	0.142822630254909
0.0799046418683779	0.115511728111445
0.217630675073056	0.349878247737246
0.426459183468049	0.852869211558017
-0.349929000128674	0.620403246818361
-0.259521065038504	0.434142540523851
-0.204063673351346	0.288491240384855
0.452406818823831	0.84939634513144
0.0263064720997918	0.030550694753426
0.375278655279542	0.697571503656325
-0.283953818772861	0.464956299273841
0.0892235158086109	0.105241776784277
-0.130507348828355	0.151685508742648
0.392598022143772	0.626071051313633
0.379708101651862	0.590462586340503
0.124558011171565	0.132286736557233
0.0358411568440352	0.0294328530559214
-0.0421031310048313	0.0335702746351509
0.559835907107912	0.44582229856481
0.66991837521091	0.583018551971402
0.134176896010536	0.076372760930374
-0.02777744539509	0.0142086887298873
0.125855374337914	0.0539702557022187
0.855935843469195	0.980045839426347
0.337415378586426	0.168486430008065
-0.816278822930133	0.548407197236424
-0.706475661060243	0.572014496829883
-0.566911173669083	0.36420141908095
0.320945079104456	0.177437777429789
-1.45782157788984	1.58050749082422
-0.210129065260085	0.114380549918963
1.76211464956105	2.18311981116306
0.129777080848954	0.0495605745575058
0.335992292917797	0.167787995620869
-0.0822218841326252	0.0364909884126464
0.477406323788125	0.298024520269422
0.134017031435675	0.0453596828980063
0.380641000292278	0.170881515797261
2.10580056160645	0.94049234782748
0.373228267759293	0.167357924000114
0.334375312923292	0.167203896397501
0.300819214894568	0.180323931189952
-2.30884595313841	1.18481911681381
0.490274094220257	0.309086054211516
1.22837414891058	0.847367504278335
0.126873713953215	0.0484980742887475
0.42311339457533	0.169929187550257
-0.966614203770345	0.598404116790121
0.415195320475211	0.314252519933618
1.43432010058299	0.893143282214638
0.840299597495566	0.617895660674521
1.10339202650334	0.989303269686321
0.141888124488285	0.0808315780899441
0.544761869842503	0.834831323004586
0.591847602681631	0.73167896072745
0.0490790764373385	0.07966925303329
0.314084682611439	0.557166067120391
-0.183448140525759	0.273807736199078
-0.275081934630192	0.41507078362511
0.0773992533169478	0.12700850910282
-0.0842881301547419	0.149080636289436
0.309799762062693	0.69392328693255
0.214280492188672	0.363543340804882
0.225814295841858	0.384646701216662
-0.259989359565861	0.486815461699636
0.163707183200008	0.275437344852434
0.0196709667587959	0.0261431713877859
-0.0278322308495553	0.0344887836867482
0.2511502492958	0.494462261696494
0.35854497207756	0.455180444480095
-0.127239284939583	0.0926302142860409
0.589138639733264	0.546047158719944
0.348853106341212	0.174531220756427
0.522345185258431	0.299891008679806
0.880499120681106	0.473345044301227
0.422565108326337	0.169882850838849
-0.233689169788626	0.076674255613353
1.31353227787851	0.576480757103141
0.417034779219979	0.166871886838473
0.523469997638949	0.528710565157259
1.03884476131257	0.502330787795044
-1.8342610889082	0.756597291586424
0.806333800206404	0.339453483429282
0.580976637686067	0.301580238283322
-1.1856888043001	0.67203509782204
1.55558357995564	0.774858404813003
0.139556940401302	0.0415648034416572
-0.745822468806859	0.25909130793883
0.80424232840057	0.338337566370001
-0.78810398399432	0.348831685910165
-2.58428653566473	0.675727611967995
0.421766683738154	0.169549998799388
0.651896042016441	0.207030647505349
-0.820181004142129	0.550517253458725
0.374803647957464	0.168371012276692
0.382215311717634	0.171417874741167
0.415403090508087	0.166188387321812
1.55191461761552	0.772830828457177
1.43973986105876	0.479489791047764
-0.792553264813643	0.351420601868644
-0.171715828002281	0.062535222119982
-1.0424602576406	0.419767093556931
1.43554514923892	0.477898562880183
3.62559622686951	1.43343777832231
0.147685616873541	0.0372140815523598
1.02317008310264	0.387996770477132
-1.00337604243393	0.504614190424239
1.94275657918988	1.21869028381565
0.511447846039878	0.183898335950935
-0.791745678755755	0.350963339322673
1.25879997521194	0.695340728531382
0.517584002334826	0.296854079056497
0.299135571622689	0.179012105325289
1.76112706971004	0.987826929277576
0.634663064739225	0.449110330024795
0.897568892827103	5.36912158223453
0.374371325879729	0.957541359876814
0.800895761682463	2.39967215480354
0.595086425063603	1.45016515244031
0.0331254793783984	0.049936791916095
0.236460120296331	0.418074723987055
0.362585247347777	0.708025962050629
-0.0144730287069798	0.0187204274456265
0.0655148747385069	0.0881338324286045
0.0142585125148984	0.0147244631073407
0.203741462055741	0.299333391198484
0.327574522810337	0.548846836896153
0.839053131832642	2.22114308801657
-0.440692504321299	0.800478039932868
0.536777925500489	1.00460320022417
0.486453810145547	0.850237959498573
0.168921808695952	0.24376092837947
0.785186958285432	1.72136737357827
0.546076867424109	0.821699581435368
0.663958198024633	0.908827597103287
0.684745084797904	0.859532365736949
0.941878563144227	1.40853169388001
0.0966291362327631	0.0828200183592416
0.168240357111493	0.124438105311643
0.765060302674406	0.599238924285587
0.0156697612101919	0.00909794317883365
0.52966348615769	0.44005309941112
0.726886368570402	0.707952407457249
0.0189310919573263	0.0109590793003003
0.794714205984393	1.09604607590318
1.21196775342189	1.69776816708489
0.156104043290949	0.0955230147894474
0.70186414896348	0.578437786740165
-0.553508888947286	0.470904030855977
-0.961630027603402	0.592003231166945
0.0670276297778803	0.0468431353817332
-0.0205467232657782	0.0105992695562528
-0.35220176259747	0.215355885200964
0.289558615081198	0.186563925920851
0.278498746476146	0.209133419665724
2.32540641482405	2.74867431491016
0.368596073882526	0.165384111372272
-0.354551020589682	0.256718060777029
0.68556695819658	0.447074090477394
0.130616866380514	0.0561113343755478
-0.606666804529662	0.452861800018656
-0.612511066090827	0.457826461181966
0.880778265284383	0.473618441757393
0.689983542334615	0.450786159603237
0.835380070252049	0.612951499947194
0.371562012619632	0.166997408838697
0.886321376787543	0.477133678471663
0.583370276537225	0.303050138924345
0.765440985791128	0.456016644643099
1.01300150586434	0.958791113113185
0.629285385193971	0.444174571310317
0.127839491364296	0.0549442253955098
-0.422436451023575	0.242265640712742
0.33835182328861	0.169080226154265
0.293408169739847	0.189461599203667
0.933119843099792	0.629104362144839
-0.673025246940528	0.40337982690995
-0.0440095383605702	0.0288240920173403
1.22348425138115	1.02648575240811
0.342713209167695	0.307501556655435
1.63333939710776	1.53107685433736
0.7762123992207	0.610952123759483
0.743889893243531	0.820756528231604
0.420391392508956	1.65317841275126
0.383973688930656	1.27898739414257
0.658584232619226	2.76481523213575
0.21271433809078	0.416260464631587
0.12578750060999	0.218016401564089
0.0855828656515997	0.081441903041294
-0.0921256268663285	0.0875289943237771
-0.353493064105871	0.596443292062565
0.373933695214453	0.480268830137102
-0.00103999302130269	0.000970593640822188
0.17011787779046	0.173183890095881
-0.0424461953926109	0.0338318048213387
0.163275646277529	0.15622145291634
0.70243915909999	1.36691563652072
-0.0673167773521434	0.0746194883908518
0.106003050785231	0.116959127777336
-0.378651106385942	0.512210975963806
0.371302019390104	0.467765332911809
0.379137115945077	0.480921370575765
-0.182831131374872	0.163808947625407
0.37210482620684	0.315909929204198
-0.0822013430638331	0.0630682442377017
0.0806578789202099	0.0621770002876926
1.06910505000854	1.35061063477871
-0.908174004583714	0.854302346415542
0.400613426761303	0.404403054077271
0.699370608459061	0.784302756984174
0.442355367538508	0.494025376928641
-0.0591902834258003	0.0458121798714579
0.0233817807328195	0.0144123478098316
0.178786956854592	0.150532231807846
0.268368273175574	0.216852256406344
0.449649165764123	0.409477584864876
0.253628243601413	0.210264573463149
0.0853378279935465	0.0659962235426219
0.0770191389417027	0.0559186907703342
0.270540166481758	0.210698000094787
-0.81107365441076	0.898925732784269
0.159442247576697	0.103214988160531
-0.355289748710714	0.257693618317599
0.0658389689945258	0.0460387285656018
0.597420808336308	0.556145213348129
0.269612368118224	0.209779195010259
-0.519989378705706	0.399479110645792
0.843376499503113	0.61867125475649
-0.402569392360951	0.28146736749055
-0.150067055034347	0.107151157630526
1.21934227799004	1.47250196701825
1.11734485787076	1.14290306797128
0.448699417028284	0.302523643397575
0.664768675331475	0.577137432440464
0.430467908150943	0.310194124251696
0.441325517536826	0.415615240583405
0.511447846039878	0.183898335950935
0.410004330221289	0.309160224334864
1.00942929556968	0.95195452096251
1.37021252598654	1.05340760036227
0.260983912121223	0.216923698066649
0.500840191906382	0.430896989390652
0.131913529520101	0.069448929541636
0.459654367064156	0.420736166968356
0.343018742244054	0.307772240844837
0.502395748999542	0.518898111983717
0.488248102994908	2.2808956841814
0.433622157907314	1.73359879724029
0.143001523093093	0.311058620932024
0.418836363396076	1.32292747929977
-0.275333387040436	0.623965677861581
0.174845016857261	0.304631669679014
0.790617798405751	1.53912168040067
0.0424860821641813	0.0402329279410571
-0.0281248181529644	0.0270898934436308
0.565157175319704	0.958550443852726
0.26219408882039	0.394310268787932
0.290455006903918	0.389837851457299
0.676384584769178	1.0516580922224
0.0340851510800898	0.0273311703731323
0.181779762493895	0.195772886420123
0.166179256027665	0.168482850754736
0.0912596423206316	0.0928788160289577
-0.359592557928705	0.593525474604774
-0.249670971178389	0.372505690296017
0.000279500282187563	0.00031095295470886
0.38749715102245	0.5267884345487
0.329756133196772	0.397609570407946
0.276238502203098	0.309235715555609
0.590284104219326	0.709412575253374
0.71939216607768	1.03467022606334
1.19359870373676	2.07646684519902
-0.238983445018193	0.184562495181155
0.648297033230153	0.664479406403847
0.387488221372549	0.544317773860865
-0.439080205416298	0.547608440771896
-0.442185392395613	0.38746318928959
-0.0649860449423244	0.0505100091409406
-0.409611150048702	0.39830754899594
0.103510781115272	0.0909946965074326
0.30923295938997	0.31245025686685
0.723344433602463	0.972662963621802
1.09606409966157	1.67805663956139
-1.36803182992636	1.96705386430243
0.0820049271167357	0.0596746018796705
0.710259846074991	0.58997212311094
1.66656283503724	2.96845904866189
0.262596391453091	0.203784911714568
0.992058589170039	1.17893762519972
-0.890055997208235	0.908914531589078
0.603771480629678	0.564348213551392
0.267563088020683	0.199824009296659
0.477619935586335	0.300008101667547
-0.402188578970047	0.357558819020074
-1.08015364894672	1.37143143430116
0.919147731512933	1.0334682234187
1.28146343801375	1.88470779908083
0.314172647810452	0.302636238556933
0.821495655509679	0.962666220793345
0.655257433133514	0.833271091349016
0.532223889857967	0.519132126906808
1.51539872786379	1.83226972290778
1.43043105484368	1.62238416676829
-1.02826539971099	0.944118762928641
1.0065836933188	0.945331025714018
0.322222095306172	0.178204583769342
0.831478766488841	0.755600341363529
0.273500618110081	0.195515050687246
-0.307145516561359	0.197323977590473
0.815264703740629	0.954971963760796
0.5846886072707	0.645285798393952
1.20621368644683	1.44889173547761
0.82042143216613	3.41109905812038
0.451417908707167	1.75500559907021
0.595666147147502	3.18929040460231
0.512311492418601	2.24895092411774
0.649431570025924	2.8907235690161
0.391295837263115	1.1382026380628
0.232693259091247	0.501125147160777
0.310706194605277	0.622941667314586
0.278385697761722	0.599856645701562
0.488363464418341	1.17879922110161
0.681561068865769	1.27291538229244
-0.371542521747916	0.388796333894895
0.184317508564196	0.16391344570947
0.0278045640344537	0.0247134838071527
-0.12955727418987	0.156784360731844
0.137298548684665	0.159728893097814
-0.374889544256221	0.440839053022573
-0.216526247643713	0.206566631311466
0.179800882148306	0.187803988969985
0.597079182682637	0.923303937154315
0.710822295478014	1.31142439949321
0.343135181785338	0.531224479168111
0.00850269023794989	0.00877112742309949
0.411520812368867	0.613784588150008
0.260963923398984	0.314128249447098
-0.16635969754765	0.172238360733528
-0.459305089267606	0.504078186726303
-0.221005328293547	0.242458759845637
0.476661525646961	0.500228267748207
0.291583466557234	0.290524091023354
0.237851948254844	0.212855181221648
-0.138949642159289	0.115953452254847
0.691483326082708	0.938516220098537
-0.330597293250507	0.352379903156369
-0.356788624953218	0.290405366686563
0.604363132385862	0.653985038105686
0.773541973371044	1.00681777474778
0.837002352568113	1.23707380401416
0.0459213589070143	0.0295338378799304
0.499669941849588	0.429175890793778
-0.321213992383413	0.266085230827871
0.549621054297374	0.436001828299671
-0.481570684974925	0.456635089175187
0.624163686017441	0.658037880480658
0.2897236640382	0.186143365693843
0.820459504170862	0.859327302815081
0.67993741458999	0.851514494268171
0.811774152769225	0.949064621979918
-0.633489034166665	0.573041888387628
-0.21389863368482	0.14625081478422
0.0986823807253593	0.0745027271385276
0.607216270879294	0.568895049141073
0.523815401983424	0.301124482790915
1.00812566383076	0.948963475739562
0.549526648850027	0.543288224696562
0.852591824761544	0.97419937590417
0.690264084417418	0.451801755377356
0.831081221312597	0.7551880684275
0.285717360726601	0.19511572882333
0.848204714504856	1.07256387344891
0.050195351891356	0.0322651990024952
-0.179654795018241	0.125785994759908
0.965604196101325	1.05142554505932
0.858628544143726	0.983952572730031
0.789683565990107	0.852701855841695
0.820958924191179	3.35702978998723
0.334872085425109	1.13386347523185
0.330365210027125	1.37852644256413
0.445421956075745	2.0795912607075
0.575552109820179	2.66114643048213
0.252632081079245	0.621486209850767
0.0874143791436545	0.154574053060353
0.297272864272602	0.637297322823573
0.497397160383716	0.652537132007645
0.22731058115579	0.232284172809306
-0.49390503248126	0.597895016898027
0.0769715602136778	0.081641938897124
1.31051060827483	3.48710871025639
0.173706245080761	0.174166236600507
-0.53064783960914	0.572660124565658
0.34379624978323	0.378659465315834
1.25764543242875	2.06626953549135
-0.552608168654295	0.833662476207363
0.642071592448661	1.22054456856545
0.233241039100484	0.337989325409311
0.0316607540397003	0.0306411646561186
0.0149192474066201	0.0145717980208176
-0.387410628291836	0.506539177384677
0.11334773752424	0.104634701868767
0.100493192971713	0.0845911636909932
-0.122605080337472	0.0890333890037645
0.437218928601403	0.498987278444117
0.349928292560208	0.304115041961623
0.270504641336094	0.210971576223873
0.178169635970812	0.161231435304723
0.274382922475862	0.229581327297917
-0.291307752629779	0.245201781833287
1.28353565435796	1.76398212439451
0.434708141214829	0.42148859684784
0.936774910194745	1.13788440285089
0.433640282407385	0.480910254031628
0.654076270946829	0.672908694257086
-0.0350613700626888	0.0234478571762071
0.351966118790816	0.306313597591039
0.775248396056702	0.92538338650617
0.483346625610508	0.509228486808774
-0.356246616979435	0.257762307494892
-0.520546691157526	0.486851271465023
0.335302459097328	0.298907771747872
0.504486913574329	0.434996358667431
0.15821806844439	0.134840769276233
0.0798347006457232	0.0579353694293321
0.0351411331586896	0.0215171588949588
-0.068129638260017	0.0435372836089777
0.292930763864437	0.175070280749208
0.895741383930991	0.775796522979311
0.692076525719099	0.696271002133498
0.55773156096305	0.444378564318478
-1.04270493502171	1.18818269438966
-0.647398263460644	0.591022511894638
0.413918606593206	0.313724438632088
0.840989711428676	0.618169757120798
1.6569479130054	1.91041082251186
0.333446295273293	0.166527356690432
0.664509324583791	0.576175720739453
0.638436960968628	3.91196481476895
0.655496167145686	5.07117474807268
0.798170671732372	6.1690638476544
0.545920609410512	2.62595207093894
0.272425726721909	0.730409349142175
0.226096695739969	0.464587596030623
0.197214021208692	0.239379139116219
0.21954892037439	0.243921252561194
-0.248697300590814	0.251536477667726
0.166943276212159	0.252042149283879
-0.270554864466456	0.312361252507943
-0.32263725431403	0.36778889178594
0.22578401499633	0.235100614314906
-0.0430102859129898	0.0336992577287409
-0.473754879629742	0.58014361603055
-0.172339016954063	0.201580752030683
-0.63742948758729	1.24943747334195
-0.171064824477886	0.230788566970085
-0.0905927417672066	0.107791618222237
-0.57060081531982	1.02359393638221
0.0239723235099531	0.0242240533904598
-0.163402318253671	0.161323469185129
0.625533231015561	0.877638869334504
0.620649246910124	0.651928234153839
1.13579634352053	1.40252201854152
-0.0754153907312426	0.0483019339337497
0.263205038498279	0.204230815489775
0.538926890249796	0.806625319095532
0.174691774694622	0.168697731758522
0.949968914342449	1.16084058066391
0.886516896631821	1.099443551856
0.156647822799823	0.101474278003359
0.537394457070388	0.526303548648276
0.497303778508276	0.427743207701738
0.573903167969036	0.630955523745016
0.162805105658154	0.135688743686535
0.836155353259007	0.758505844343822
0.76853887493068	0.723248221293419
0.659317770169878	0.678775938815722
0.395717815678343	0.312117358941507
-0.636065284937943	0.57703991651562
0.166355242931287	0.12723199372853
0.266141301771422	0.207044892643637
-0.0595010504945691	0.0389938511239239
-1.06267958889401	0.863946178160766
1.12569612870466	1.27697507290762
1.10925810645269	1.12912067778195
0.9787175292347	0.797646693029707
0.768832696967995	0.723681682876272
0.261446575344018	0.202659701589409
0.518041920294969	0.297327512194329
0.292232235131712	0.200177899791001
0.68782244820855	0.44953172218757
1.12506032766532	1.27283649820141
0.943896197701378	6.27260081088406
0.715789725538657	5.626083506834
0.384929174999202	2.17305090665588
0.37396354960766	1.72807957454228
0.141345220540923	0.371730710732273
0.277347438641661	0.761243473409219
0.00913310002400599	0.00792062838108672
0.827360393636501	1.51308776159653
-0.236979648382752	0.321591632728284
-0.0936809971620225	0.102341335999303
0.102840916576355	0.0866534047456227
-0.328579631227999	0.34976818436491
-0.131850900665494	0.109552028758823
0.343325176044446	0.394677652024811
0.493548982865769	0.777620441921473
-0.395509590392595	0.555696780002512
-0.211001325005672	0.289803818611481
0.232076794521113	0.269210892263978
0.217802078797731	0.264787293257149
-0.712934351511959	1.08108020211953
0.0697459265362356	0.0504134585942288
0.00557096462292205	0.00417529981824151
0.653319620469001	0.672317571945909
-0.0464386869154044	0.0370757865649585
0.0859721431170295	0.0646809451204291
-0.511311360547292	0.521167049579536
0.0564347545640524	0.0379218798694042
-0.0576168449426903	0.0436137596320227
0.734044742081701	0.8065958595058
0.903674701393602	1.00658501607416
0.772104291520959	0.828430484980892
0.28280800102338	0.193164994605362
0.697249342218906	0.702572991163244
0.690264084417418	0.451801755377356
0.381187576195219	0.312672071631528
0.140615021944158	0.0802003392587155
0.969798475867583	1.05932481107865
0.116100463004931	0.27181150728817
0.39601561960023	0.786176281387717
-0.00407965659973872	0.00475865313435549
0.299679843385124	0.559428231002492
0.572594797721853	1.38758124157856
0.255148819476522	0.351197338304108
0.138902865862554	0.179905506957866
0.220460809165501	0.27267586588702
0.417740853216385	0.84484062179644
0.0924157992532364	0.109416620587009
-0.846346571975677	1.82212876978887
-0.0568920119546035	0.055405872055936
0.675224555427951	1.07257682410176
-0.750817894876123	1.32630901752016
-0.0852889921704631	0.0640320457642633
1.2903721226375	1.64548433526521
0.0678565182713715	0.0474562925707336
-0.629404369670793	0.524818566848432
-0.237310992493563	0.183135417187588
0.0536654282681174	0.0344936766604257
0.639427551615281	0.579198149517047
0.0855003963606286	0.0839691354698817
-0.338911811905212	0.309831908034058
0.390448466998929	0.307346671632623
0.768274652966236	0.455915367656005
0.275410878526294	0.20666225024219
1.21692138121702	1.19107465549516
1.39617043262853	1.74110982038235
0.82345969432458	0.745846953732741
0.118809201256657	0.159875891361197
0.174080695160176	0.336240058968684
0.194265160704914	0.436372009096895
0.390017251104485	0.940511727427681
0.0836602021261085	0.122338798675513
-0.254633364320749	0.415605419513588
-0.231062143046755	0.421243817096927
0.30163952329869	0.602428635496614
0.273920780287148	0.566996906933843
0.34337865408392	0.649764903703425
0.256204521173549	0.552592231262583
-0.172476692852234	0.211030747783895
0.169426586515671	0.13352924826765
0.157551129336881	0.111427334639032
-0.168948356033399	0.0973303113489047
0.144253927498819	0.0823721303915854
-0.544386763003421	0.209013480388639
0.799437652307309	0.33605302588236
-0.643123124462485	0.156504140249688
-0.367559864207876	0.107030285212501
0.669678650418107	0.313495417453774
1.25475418153282	0.692440407310782
-0.793643904174052	0.351804944175964
-0.147625854123008	0.121012492099172
0.131520310831589	0.0629233858438764
0.425233825907791	0.170893815182968
1.06362665361878	0.649256508579506
0.644691758976379	0.204407522619992
0.425186822532439	0.170842170434052
0.810138323016016	0.340824772340884
0.17416818163847	0.357687737797171
0.216576137835325	0.524859682141549
-0.0117827368879947	0.0171382341908172
-0.129580070997554	0.227223703744588
-0.290960571716615	0.518379501338217
0.210690481102562	0.433603433027934
-0.0764428913866224	0.118797948969945
0.0719433261816601	0.109283030828403
-0.0272512669369672	0.0376629581586648
-0.0125314808892826	0.0195388185495059
0.260269555822507	0.340577369744411
-0.00797441024852094	0.00559769733116634
0.290778750657587	0.187472179846649
-0.706254589277335	0.570317486505692
-1.24621211047768	0.948025568200155
-0.208216145915165	0.113590556961069
0.340137787520046	0.17037003822384
1.96682997412981	2.32619498741137
-2.09395506210174	0.969018034533993
-1.49612065360842	1.0555847524589
-0.54298951890346	0.208686132634316
0.129777080848954	0.0495605745575058
0.331707919211316	0.295212571359467
-0.40707406111588	0.171761381054793
0.379904696979709	0.839427398510305
0.267541518480927	0.681109783457436
-0.0777526270102919	0.151646861312789
-0.0939184761634363	0.167988054185278
0.172043309219521	0.302822079340235
-0.131284621379549	0.218307049600685
0.226062504442951	0.447124056665176
0.52164611598871	1.37445765357148
-0.394475957896435	0.969274034923416
0.0905322433731077	0.131151886446472
0.00478339743907671	0.00754542684273445
-0.476708366345398	0.958688044429043
-0.30941226391314	0.330915586456179
0.423968375137387	0.408810096348123
-0.218042703179735	0.171709927526513
0.0641155676842424	0.0431423231403447
0.867152138241062	0.879533870994914
-0.672779142044464	0.404667128086811
0.268065414558888	0.208551525347828
0.12737289110298	0.0431454582004434
0.553338645250048	0.438625172903003
1.05599406534159	0.512371692512148
-0.945121777367732	0.699675586376389
-0.0707303726650817	0.0609827251221924
-1.8615691596679	1.18798834460288
0.148983395532345	0.0910181122776775
0.458808279422429	0.855801610586073
0.103255559559183	0.112248289948255
0.292576999498795	0.393885478735541
0.668212768955378	1.20447203000918
0.166500633775818	0.241864383945619
0.307678295000339	0.413926845819749
0.0882305784957242	0.0933729963652229
-0.65376147713887	0.944586178146911
0.0875207560818147	0.0875543136993901
0.326407812816159	0.476010755808476
0.313593613868787	0.486756220620873
0.0583882911059084	0.0735271201975901
0.195635002857634	0.2526324938597
0.056580319018621	0.0639087276187148
0.462754994385204	0.703760606740051
0.0708384084011364	0.0726630262250232
-0.175225619008993	0.159431422399318
-0.12327817690582	0.116115625688634
0.057970478117579	0.0403854382353514
0.575812461196788	0.633687211892451
-0.480800023723805	0.557137988080143
0.45122998151347	0.493833939094676
-0.0800028804737302	0.0762756656578673
0.539561675556942	0.617780366804973
0.320245530916945	0.309799268580132
0.0996309153037438	0.0873695872700607
0.597407604704729	0.643625072235953
0.346034910559117	0.523356388516211
0.562707260901527	1.18279883000849
0.726914109525117	1.53192816863534
0.487175869361784	0.51387562685015
0.157761757861726	0.150027315244501
0.651009310283934	1.0882892019217
0.537825034827449	0.88493986788984
0.395397133973997	0.54047962271755
-0.55359362050596	0.637081120318351
0.455063605003161	0.416175557628622
0.743941565457131	1.19711540589024
-0.140629671947585	0.140930701885074
0.019655929755845	0.0203740544418243
-0.183975099286944	0.25976950380411
0.108995740456213	0.135546676733217
0.347852726213964	0.530328369163379
0.00291465701372403	0.00243821109555709
-0.605373069125486	1.00879388779893
-0.2929586122679	0.352893074781618
0.315083446740275	0.381236392111902
0.670423315431819	0.859252523142188
0.894823362269507	1.59522801762009
0.425506657790731	0.575949345259487
-0.190441955430867	0.220529616673686
0.50386319205397	0.595881817144847
0.322103519786378	0.363261458142323
0.185889960790175	0.187829592569513
0.556720494998244	0.769623897773567
-0.0478560982631614	0.0419468575999771
-0.290236410111778	0.313202792089658
0.44643312158786	0.48682038401542
1.11296070710064	1.89532418382799
0.362575552088423	0.31746443756989
0.933575208868625	1.13538865233607
3.15382399417681	2.54745503181323
2.726135782599	1.67926706309011
0.687687728970458	0.449145658813614
0.0583581185390328	0.0534827221826579
0.310428953292708	0.424678787913908
0.315100177993095	0.477534123476264
0.896272666181621	1.69163994037218
0.287681624839277	0.435543461679726
0.344475318746172	0.387580927238089
0.00499409022830902	0.00352823494171026
0.173068334119892	0.170249678563718
1.19519419758705	2.36524924435951
0.864739330216152	1.63402748060439
0.678371163054786	1.21247721294204
0.628021694345925	0.663148947629011
0.783086330201031	0.937506769501091
0.0674974897283357	0.0622656986591592
0.264458270082969	0.353081175289329
0.146842275810802	0.163857249859533
0.236620400643644	0.320834705136968
-0.4588818431867	0.716981736483196
-0.209334603867573	0.243506192828559
-0.153966146315759	0.160212262625063
-0.998769891466948	1.72449528617834
0.440796303190993	0.571114280754503
-0.371854270283675	0.487967682756672
0.0291374417896512	0.0264388659844704
-0.100427494552188	0.101540095074958
0.586860440261312	0.858092030657565
0.478513509144686	0.714277365658281
0.0975800804195942	0.0800908055866958
0.0500826922367657	0.0440771331879508
1.20806895067392	1.90912537456038
0.660111191152995	0.840978585616107
0.320647613648681	0.301369342046303
0.424255624964809	0.47913784846486
0.309360913061623	0.30503292462174
0.466148653666247	0.428355644183227
0.169339009448012	0.138053979616816
0.129255765893481	0.120653176486123
0.456484904704	0.417139799074909
0.604660369749635	0.653139454371048
1.32447908145616	1.39790625094217
1.30267233230708	1.52434408926298
1.51753281104004	1.29705108384318
0.802018704154821	0.337633996400516
0.780505956031817	0.465516022676884
1.22478768980137	0.841330732518808
0.376003259827212	0.393894522410599
0.447492633021342	0.622847541592221
0.347903886906342	0.460714062944385
-0.192323579634271	0.20041877072372
0.3584461537246	0.505241839737203
0.491556949393316	0.655117043232664
-0.456361331364615	0.499879693399383
0.479000715246341	0.570325062178074
0.635906620984266	0.821719452130632
-0.116627617033856	0.107389240008816
0.438310977921808	0.704759463338894
0.227092627807183	0.323090363699117
0.361487392552294	0.483893721406302
-0.562685340290181	0.854905083942422
0.0785352485264856	0.0834084472739821
-0.324437176698771	0.428442873660893
0.487043112835572	0.731836811507882
0.601175792852129	0.915200690000859
0.338024363464212	0.450010236644312
-0.806350687280547	1.37865468074039
0.303430444381654	0.412339857205545
0.53083519683378	0.85208580882348
0.150975980555523	0.178186521625224
0.172252118485323	0.187302427726051
0.166890346857937	0.169483442016217
0.0933046254399191	0.0952188428287776
0.330964919290665	0.39200093056399
0.214091255685062	0.244494562319534
0.745253981965264	1.13006592796536
0.739587954175395	0.89715425058132
0.327065169599396	0.407355078512693
0.454683507654107	0.498366903040411
0.471160895731434	0.507646605883924
-0.200948988007689	0.207185424377652
0.179801121741798	0.177573007997368
0.734826465380173	0.888547914172064
0.765440985791128	0.456016644643099
1.12548746782036	1.15238140370694
1.04532305548272	0.506476680317059
-0.648735146604395	0.157899750679971
0.426279362178874	0.171520403429387
0.311247958406849	0.171554604050718
0.0119000723461329	0.00937500490412313
0.749717362522884	1.21070951337894
0.520706554683239	0.678106195446392
0.464653633975877	0.829281654529244
0.620108615693854	1.36813064279779
0.325650660451392	0.468173235717963
0.659195774051212	1.54126445029314
0.150357836866805	0.177104157808356
0.0524042280881736	0.0515298644136651
0.315982969843262	0.396284749101075
0.267139926738833	0.313125965945737
0.347852226729832	0.588837659602446
1.16432553752057	2.58967354730437
0.373353416162556	0.471418852985565
0.358061559002941	0.554978639862447
0.79181090898891	1.77505191237168
0.237677327224886	0.353373617491121
0.335363835842157	0.537537535066187
0.384729022575828	0.480282679369886
-0.078517562760976	0.0787813817562128
0.611325273573285	1.0206626922945
-0.149806016795395	0.146324045707174
0.690544105745678	0.870546223374633
0.926449781227871	1.58095114816011
0.295830931618801	0.437017100944984
0.0345947874379066	0.0361662874974908
0.376659318371503	0.458966051058512
0.170623106250932	0.179671309111414
0.844179195336308	1.3937608487367
0.595702389908718	0.857707436513208
0.8679184602883	1.1709913553268
0.100362060270885	0.0824884806006531
0.743447237584291	0.982794066171888
0.575366850132631	0.633404848585274
0.479403375691355	0.584230851338553
0.604164316827495	0.652954616690668
0.568511573181715	0.622735651545534
-0.866958776564589	1.06974674172763
-0.241767498173162	0.186747670485163
1.01991366361225	1.39972324906144
0.892957828482172	0.771419828418284
0.25460069824976	0.230904181297903
-0.182814615133788	0.176714917845933
1.35764268856338	1.96304640643143
0.470059770469437	0.416273676243601
0.482246692823389	0.428929711740461
0.325149543567464	0.315169197557456
0.596862385487387	0.720623305370825
0.153289998495952	0.0939209090171575
0.496756950423267	0.510105082894928
1.12243327125775	1.27069344934518
1.03327056899967	1.09455647427711
0.913303811365897	1.38982053700835
0.298211060245497	0.291234193313461
1.08102135031497	0.816051837784031
0.148268739583159	0.0846392038767642
0.631563459774392	0.569861404199069
-0.51715197405955	0.597911469602969
-0.020163570099542	0.0164138847795347
0.00375433553394776	0.00286477500445054
0.0794935506582895	0.0612982261614917
0.821356679161642	2.78164147348382
0.514103774118983	1.35935200023722
0.599680386570301	1.55105136046682
0.493304406081253	1.21085806735785
0.297586559895144	0.603386906438193
-0.0132021371137238	0.0170557908942446
0.467136854088467	0.997833860034487
0.530619410723572	1.29131593434132
0.54430668581078	1.40275729058035
0.672703090830831	1.64192443162932
0.614958724654112	1.48475735235796
0.225815322930884	0.377840160393038
0.381748058025734	0.557862293540057
0.319828012250694	0.415368472256373
0.235310362133387	0.265086232850253
0.118974301776373	0.114195312998502
-0.0262319013057633	0.0176074442372896
-0.297274378858552	0.298505264452323
0.631585694808851	0.814041215746617
0.544513646735547	0.536778189967076
0.645408238596418	0.754234062610966
-0.296713967011223	0.447216126600686
-0.00988440412973865	0.00813800031968571
-0.0216744446161911	0.0148248299348295
1.06676374296466	1.34651318925299
0.284067952177156	0.204500337377483
1.21269060766335	1.32913542355626
1.15720433505452	1.6533973679517
0.432670395812727	0.404844210045968
0.46474887412309	0.427144779585956
-0.674938459141705	0.713130626115933
0.507095259659397	0.52521123805127
0.824245941300611	0.865775261961497
0.567035073345827	0.543350820705181
0.861254259264373	0.987306913295874
0.624171684674334	0.560780424312332
0.96558879398536	1.05188910340586
0.687383351592399	0.689624801441751
0.34726884555929	0.312449948462416
0.692799531900348	0.696154088271819
-0.0327468277719168	0.0334613127046426
0.942097467470465	1.15014506495278
1.08517582337362	0.817206910672398
0.274752585285203	0.214617894690073
-0.718735770893886	0.643119732444673
0.00518130551229885	0.00269826808530379
-0.806499816360162	0.705854307306257
0.390098643380585	0.307459361709832
-0.0201030138047776	0.0103807013647103
0.483794763781247	0.510331845893481
0.683644878051267	1.00830574536673
0.296737881788245	0.411635305708204
0.529508743974354	0.678943672348526
0.275202850141037	0.301683078265631
0.340504024999251	0.469183957416941
0.300939129840742	0.29467921064702
0.166331065049693	0.135333487441615
0.744858046484261	1.73257052422034
0.712102241336211	1.6062160404972
0.762608115712344	2.22006330145692
0.610461381070145	1.18516646571601
0.381509666568862	0.466676693974592
-0.103004287444289	0.110978332815362
0.526375218483749	0.849234863603002
0.217281036025092	0.302625514965819
0.635042563166923	1.3026916072259
0.913697571209015	1.55043920876587
0.286791746294818	0.440449803991104
0.474177971159086	0.869243703749945
0.540437075006232	1.06463066463356
0.636063438977915	1.26820004921571
-0.0795759641106894	0.0984855572819722
0.353164620161498	0.477145684757189
0.593811970104409	1.05469197711299
0.225023207250289	0.286214386315756
0.683220473425236	1.0093840546109
0.31066149861054	0.486057930443901
0.547431682806977	1.03537404056157
-0.00486780913089133	0.00449991609055923
0.21076804318165	0.278592568723018
-0.292647331741312	0.353053596497801
0.0311481449037947	0.031215828843199
-0.31965538973205	0.387847790645092
0.765409041360169	1.4216184715714
-0.113569987471018	0.114537365295254
1.42497051364074	2.93791561578835
0.369311130813511	0.464714300278905
0.53144200342337	0.681680175757349
0.301682814568232	0.392164884799005
0.422795022053127	0.561413293991039
0.248447252516358	0.211738777789243
0.760976746281759	1.13589413800509
0.101715453783408	0.0875563087860459
0.629129221893596	0.934092987936761
0.169286123727727	0.156174722442777
0.704555059458334	0.962279542317563
0.734708736564904	0.8883523577198
0.0842645422565826	0.0633313960744529
0.167680449168435	0.136295821541205
0.015424431750504	0.0108936741987246
0.360616378103247	0.373219477021983
0.677908929033536	0.591156180634947
0.283396076858511	0.313072788311298
0.48779387981728	0.307702911245233
0.123431260777954	0.0529290837459829
0.51203726636452	0.18401339232151
0.527944120300686	0.746167395387126
0.584974600672506	1.95294613683536
0.857858755088918	3.05979377166475
0.245943010899136	0.457537197036799
0.499962388420873	1.20727175467288
0.380221010993923	0.785234757053392
0.281629394284688	0.477340739389677
0.86650703855826	2.36699194113165
0.600373202207001	1.40800509815714
0.0766807870487904	0.108474302872419
0.573078804451684	1.33952293931555
0.154176935983011	0.196278783819154
0.575409992221279	1.09261033959622
0.283245944407151	0.413448949087341
0.222127834245239	0.271392204955139
0.188345549233334	0.204674133264732
0.090528380491292	0.0947641352011575
0.112392577389697	0.107552975606527
1.09730723394024	1.93422085420969
-0.384817205186266	0.681926980278973
0.266329925465915	0.32712546873194
0.114280395776717	0.101424488501547
0.677519870785819	1.0773030320825
0.613433896049138	0.874356633092685
-0.27151240306808	0.256863676764099
0.0315404243044118	0.0286637412703865
0.358688906257648	0.407924051117045
-0.0804850234720857	0.0697203176172688
0.0500642626637225	0.0423553509158912
0.660456421940332	0.842637686928985
1.11336793386037	2.06809258646777
0.236009344833107	0.211157916189081
0.226315652290779	0.211311829841455
0.105582612346813	0.0986497851555197
-0.00868738174163245	0.00605301098829139
0.50990951262886	0.587649671123351
-0.0449564374573719	0.0359026003911234
0.308267971417543	0.303749175977253
0.688902379564438	0.691862124773828
0.819327773109651	0.961079384591223
1.00953469572942	0.953877934894061
0.176206797257312	0.156122390166318
0.256424383385171	0.212690726460423
-0.0722580541187853	0.0461400939478631
-0.125797274866305	0.0914688802484273
0.486937825263196	0.659505618731565
0.738372731788221	0.895452207761034
0.871369748809949	0.886319937238936
0.161031614064895	0.109585048344524
0.247775807550056	0.234912025863511
0.2661097362679	0.311411198229254
0.485627672274054	0.924151216799308
0.70880192835568	1.61616492858708
0.492575001837463	0.931021650166533
-0.280005806479378	0.319420479314882
1.05054113196725	1.71215085006178
0.422413614019446	0.488509955051023
0.511554966967276	0.606217261368981
0.783589848537071	1.37956129897192
0.338343721029944	0.395034595128917
0.624308375069325	0.822020706975637
0.620896135551934	0.81624916792957
0.332614941925482	0.554065940662281
0.565371741681778	1.2705718317444
0.597716462239272	1.19895032122602
0.372628798133301	0.650628470728511
0.0736704081874826	0.0808457341937604
0.304282969790077	0.377191428891418
0.58988447122505	1.11902519323167
0.0509217154117916	0.0545790707630358
0.259854294754708	0.340708507379837
-0.323166838758646	0.442709674605575
0.223329195673771	0.284475273375081
0.350037814603355	0.478884144919207
0.125510453002141	0.135280001206627
0.175504809418358	0.185756889552721
0.315571154553713	0.426911612000475
-0.210904625862937	0.24894534545188
-0.126305400581359	0.1269210035648
0.466475271772231	0.63577410664395
0.130019124492235	0.140719577518582
0.134927053506306	0.131248799276174
0.10487874699808	0.0978238450106237
0.321001747731832	0.390545200767035
0.258366369993777	0.22177871204701
0.773249471430274	0.9217052919376
0.507043707505053	0.600446085151444
0.658585754267371	0.837350537645366
-0.447395130107519	0.392276039364573
-0.350262559657628	0.252891915018673
0.30046196406016	0.293831804817251
1.21581014406679	1.45869877420849
0.620614296318748	0.652834850537997
0.158728191607948	0.102983342111068
-0.480240768552083	0.323829525690566
0.375308450248779	0.16867150412803
-0.416951157584617	0.17656769154921
0.428112868847417	0.17216881601896
0.300011816044052	0.179513975872911
0.565694414414569	1.40501850545918
0.512449126685157	1.23327071466932
0.725168868112333	1.74311527897732
0.411962468306541	0.94405720573887
0.0386503055279754	0.0428692125866892
0.259302834161324	0.325017234023324
0.4963221875564	0.725946191614026
0.300555808145179	0.395746087022409
0.288281015181265	0.526235552659926
0.394836124807896	0.821792393578838
0.517102216788026	0.935721628935737
0.780971995566252	1.64171527388265
-0.204664177709283	0.283080205474214
0.356883297889039	0.581613841324687
0.0450252033106466	0.0433880738176352
-0.0899152495039852	0.0966557508061338
-0.389191775725193	0.593550563485051
-0.323982307348701	0.47454684043178
0.401966480499393	0.562407225696243
0.139108100770452	0.151948549429987
0.242323569093389	0.29952162590215
-0.594218728504532	0.931452127903059
0.477671886779132	0.800359540973958
0.417588106975453	0.6168733375849
0.540438568629069	0.825263640853026
0.108066404148296	0.106405461663506
0.392120492556774	0.492599462142351
0.429655564402425	0.551996123598996
0.449075902575255	0.63739537293392
0.331884476466487	0.385865746662605
0.550179054370453	0.632313083531831
0.426336963740005	0.411972592734905
0.16297264262834	0.110878019357953
-0.995584366639889	1.35105192958295
-0.458894126767786	0.361797518726097
-0.150495785177469	0.107326555732998
1.12253068514109	1.14975723874283
1.07024406135632	1.44417917449534
0.44890928367923	0.30357084511337
-0.298306283196519	0.191338526207652
-0.0203698892659656	0.0105104704214574
-0.535791908283722	0.205464292080573
1.02990298788774	0.38890732993697
0.431989317878199	1.35302976330371
0.484995052705932	1.4400591202909
0.791485418738533	2.85645885666919
0.946933542900213	4.6018590762253
0.205734465978117	0.342958085380787
-0.159485127116004	0.18851978723156
0.45657934340092	0.818811755478233
0.703263632745964	1.47418534959598
0.590754430535429	1.10257843716056
0.314981219775257	0.489005000012566
0.880359907634918	1.81650600766272
-0.257487516398797	0.310993111315407
0.0237244521653189	0.0189842304462905
0.609573069160682	0.866064078409233
0.517269247152745	0.890165829607056
0.223884178758554	0.258061531315469
-0.274546458923433	0.297386717253717
-0.131951330191863	0.121071984788757
0.955918227966031	1.50727612591745
-0.430731078701012	0.50574725104245
0.788202763287504	1.39206082925483
0.785745857114173	1.30972149732141
-0.28222487187332	0.262604304914653
0.395998702431271	0.398911834869108
0.285362953761062	0.309188363451516
0.238386426659392	0.219462409787899
0.768293624334094	0.996655330552462
0.0176829790967047	0.0129960967014499
0.683722401958838	0.68348802074599
0.364368185006092	0.319458297726051
-0.501587841063276	0.550166368340838
0.528144740576465	0.535379477233073
0.405307989272963	0.305838206372204
0.632302556991038	0.571721642591029
0.367380668133351	0.310998879969715
0.558178970087086	0.444073585804153
0.638884411174121	0.579167007754787
1.20247183454163	1.56216772047482
0.279463025609247	0.190443651141442
-0.62343884411634	0.51844296946226
-1.18023730718372	1.04352896246253
2.10347172977382	1.46578530302154
0.613226662645036	0.873023071064544
0.531084361760698	2.66802969494145
0.393277304143119	1.39851047731195
0.371677122717667	1.58924170401662
0.650841231462628	2.55491875608359
0.344734570612376	0.707499908591849
0.72257573610385	2.01603669207587
0.302153730480504	0.58203227897034
0.4650345964536	1.39272540916023
0.387620153016728	0.640000746043939
0.484859786487961	0.847659560170156
0.141101173888353	0.166801516502415
0.488554162978016	0.709932430618989
0.559724690307675	0.830618249860346
0.491157683150888	0.850521881324705
0.147000779372763	0.181271143930341
-0.311952997739716	0.407898684455292
0.378828648287288	0.560034099021813
0.36076062335996	0.450741988759142
-0.367202225730056	0.428710028144877
-0.102125851570529	0.116032859573
0.443858086140161	0.604403276288229
0.171663948338909	0.192593610775055
0.372604494715394	0.451735588251669
1.0032575073203	1.5703076787499
0.350842742029947	0.370137616102881
0.388216728500367	0.46708414846218
0.450704430443873	0.57544965710324
0.402292372366059	0.319013391315377
0.41798413456582	0.470266265885454
0.53876702308373	0.61605037095227
0.408264139285055	0.307892377748842
0.622119171920585	0.655092355281808
0.09650938491392	0.0809497519123379
0.701570547537988	0.788199312797213
0.627982798842924	0.443260295146764
0.582263873693322	0.30247836051595
0.134284439062011	0.0454806903417194
0.568046301505009	0.980234717263256
0.237013668190839	1.11669634327316
0.0944159980753665	0.313054937813091
0.212606164771834	0.894037814569798
0.503555972394279	3.04037548340195
0.192502588596818	0.603280813787639
0.409665924397595	1.5916770219307
0.595859252708263	2.7367996882453
0.381369919982428	1.44987024874467
0.506203056431286	2.04271609221451
0.44102630917403	1.16711229417104
0.575369695274165	1.16289515184211
0.679024557620762	1.0796881163505
0.551567776547443	0.761250557339299
0.427950701725043	0.549210603463641
0.971706540151871	1.79006588303504
-0.270278640442221	0.271703435633724
0.402394275071036	0.71139576180767
0.504148099995895	0.741637362873065
0.319634604029515	0.395428981714718
0.457617328696389	0.575819749539721
0.0407037133642039	0.0327577968463409
0.814216339302579	1.27210346261621
0.23514601400353	0.246044061948642
1.35914927079799	2.53064273238424
-0.390283354421528	0.413306829941315
-0.728374393264004	1.05023821868013
0.40709650669212	0.523161627050687
0.599580877170304	0.646908437934512
1.05051779424914	1.22087766670546
1.14152031850729	1.52185665350266
0.836506688953313	1.14638953463146
0.546028263753959	0.538808169614648
0.541363311693781	0.532878755587949
0.444958294716372	0.419972761401694
0.88350926093601	0.760502178640182
0.536731497017268	0.445581756545915
0.392625847154876	0.310048349854776
0.42143672951595	0.300662385714624
0.447805589399772	0.301560810678499
0.40751281052004	0.40140836000023
0.283629867623763	0.19371669531061
0.157660305049814	0.115783384753591
0.175677331206173	0.130221111708914
1.6829190087924	2.27581303410898
0.416793973943151	0.703201185740969
0.520428747435884	0.810470793152846
0.8270965549219	1.21657584896753
0.494106850104881	0.507316293961292
0.231528614747777	0.227473854289173
0.422461071568228	0.560977229755612
0.0978046750124919	0.107136870829521
0.29383746025296	0.361193329968601
0.170500280684543	0.188183006770891
0.708918943303416	0.944934573051767
0.586537288413966	4.87896372766154
0.430461296135628	3.17433250318258
0.630790853164859	5.10471878141972
0.598071013190393	4.90638347337013
0.398278947260533	2.34200714264475
0.321139594408443	1.35954095518588
0.353841760279204	1.38789853778073
0.504910619661663	2.425157716779
0.437168158480605	1.86668592987315
0.400634090017716	1.45729274481989
0.469173106556481	1.77459258704926
0.80046327792922	2.36299023688843
0.422374861583351	0.706358828860062
0.894836926589827	1.99861962815507
0.524352237116374	0.739843939444854
0.646995162925912	1.04996158527901
0.696099773705582	0.700933961460898
-0.0868409948112448	0.055701680852607
1.35873693427142	1.96412470277758
0.688445857886662	0.690923361278342
0.369518563788749	0.312751053836212
0.343191179373743	0.474160125121528
0.33937377442492	0.322496637501515
0.162050405395949	0.110428972938985
-0.579667074087977	0.536656881453534
-0.0240714189222176	0.012365493268298
0.824106857385423	0.863009182795149
0.718295283047453	0.888473699007026
-0.0984734726415992	0.07252795251963
0.479021087806067	0.426793546676565
-0.156501487921611	0.112064884442632
0.698725804512394	0.702960155447697
-0.199313306218876	0.135242154670732
0.784212712637577	0.74325068821949
0.593072806556633	0.448107427009624
-0.36194542154534	0.263139693815762
-1.47239525801558	1.3376200397908
0.833653809376383	0.759122481616542
0.424032316166622	0.304489741034992
0.769973933216113	0.459259347568662
0.829702556290615	0.872227084215657
0.316296949065931	0.174848732322315
0.577114074915536	0.299506997669905
1.43699269718358	0.893660742130789
1.09310060830881	0.974823764704326
0.124279063685735	0.0593825518299378
0.584137801647847	0.303971114344916
0.139373629020068	0.0264474830594518
0.359800083128714	0.315110818475991
0.0362795693315716	0.0374742646617511
0.329447721034421	0.164169537113917
0.393563076698443	0.310623472595985
0.139536938917222	0.0797102884462011
0.597199449924761	0.451601203873068
1.0613688917917	0.646330493307125
0.559892072690677	0.445805022858881
2.42412399034415	3.07084028002723
0.332116935894486	0.509111481934319
-0.163101324336819	0.188999492725889
-0.231927402188545	0.321485068319692
0.138493861058845	0.148747418831463
-0.0542780682155477	0.0642330897694464
0.589505367646921	0.547001455128569
0.836045278252377	10.1086569161624
0.600486864567987	5.13956076486236
0.640457123235969	6.3541774493689
0.511709289710865	3.26936849656746
0.609188083928058	3.38083370104068
0.659075778478799	3.1211494939842
0.737685712814424	3.84412655265124
0.525851130980499	2.44653950537362
0.513457444072363	1.96959166246511
0.644640771470087	2.12862591299741
0.638544624292803	1.74392943764939
0.424103367311261	1.0011356820568
0.827893551702864	2.07217727073156
0.626968656041713	1.02188924493349
1.03602510822618	2.26894580141694
0.432013852938193	0.625384501910361
0.135712465263586	0.141254040000737
0.590925591953864	0.78101903329948
0.0261185576356488	0.0232068666358498
0.306987735241672	0.418682326314444
0.612901878897187	0.873265711456009
0.0450112394800872	0.0387290621328947
0.384870682967764	0.472090170242999
0.518010054464694	0.673609829485637
0.163134709145788	0.156134351524175
0.433487411056523	0.493391596588297
0.976371842163517	1.36700138708055
0.0564056661411989	0.0498228325939565
0.239818986149123	0.215167645771671
-0.337623236227786	0.331767138454125
0.307774869303889	0.302632739298301
0.515074646388911	0.597707440994385
-0.127773754743244	0.105902556437704
0.00628804443161278	0.00468787372621829
0.667543388708995	0.763449710428584
0.159771165583181	0.121469630114384
0.25477140696451	0.224792624092676
0.512266535828355	0.593083818373643
0.508318479685368	0.525957480915778
0.666093883004767	0.578864117994099
0.762784782353393	0.712094814990198
0.768152117943209	0.821097692316113
0.301984150465794	0.181114951895766
-0.477202437194162	0.451208811691913
0.261809486553914	0.294426374952929
0.243163660297352	0.212803350209787
0.15153325200221	0.0867053306120375
0.518867835428557	0.42936258826728
0.708174003168027	0.796845233977193
0.550812353009767	0.436564548851188
1.22356043147692	1.02469282794154
1.0086636411941	0.953029984410928
0.254032924337576	0.210333273515912
0.446170503683155	0.499284604959173
1.08249075123098	1.46911846470772
0.724832594952897	0.705250634209339
1.21487453236976	1.33120901700823
0.516227008051907	2.80267219652717
0.513322567935308	1.81310884972755
1.61798620167658	3.0178862849382
0.319096474757872	0.366755147997776
0.485008246127355	0.580573941192546
0.41596051041582	0.489931548543803
-0.111411073246377	0.0931853922877543
0.164995594157281	0.141494684093242
0.444620315622809	0.698097722613047
0.623031448906871	0.819591935863284
0.598228193331895	0.927438058973722
-0.387483413091815	0.340371243133383
-0.149606341400743	0.122806178342407
0.772351772300805	1.00541942425986
0.385624028115784	0.316578995473929
0.843475691583624	1.06287643925796
0.545911247614933	0.608044742937999
-0.657427292024169	0.647913720541892
-0.0907004764063746	0.0683293243893772
1.96262180942832	2.31222774036319
0.422985814220569	0.407921484450815
-0.178540052098596	0.124765371846383
-0.39688129965727	0.316978323647903
0.0251858412799595	0.0145154731602004
0.273997644932499	0.205386136424211
-0.430965081947099	0.248305619265008
0.412251818982575	0.393693431500193
0.436159231546813	0.562958180101433
0.588380026013922	0.444421037268368
-1.47239525801558	1.3376200397908
0.127435718153879	0.0609544813817787
-0.511417147047862	0.271769410653297
0.76807147307484	0.604397654459615
0.372067902001967	0.167202323796637
0.772497811855033	0.828568202214274
0.628260512105299	0.441834493268592
-0.0582304454330654	0.038201479396108
1.21776306888084	1.33977584293859
0.804644714732725	1.32402472003969
0.300566586656096	0.407571518426361
0.373358160247276	0.471025754380317
0.736871850313101	0.720433985446089
0.457747498293665	0.419327607510503
-0.150113402093945	0.107152933454697
1.00838288917518	0.949543846876571
0.822886168745587	0.967342406908718
0.120625724414913	0.127666071630648
1.30604144910472	1.53159267197875
0.38243507418303	0.314015323130279
0.310181655409718	0.186573068205173
0.391580672640928	0.309049670576031
0.268485638613489	0.217033056394743
1.03654916498524	1.09607768691972
0.727341115008967	0.709152574065005
0.658889430291514	0.677126914455853
1.61333941340056	2.07097996061936
0.768522171278034	0.605121616480631
-0.91908362294888	0.779448498411949
-0.264645539946801	0.134437716201291
0.520228519856601	0.298285417853477
0.317609844269653	0.175428151551465
0.42808311482521	0.172136637320523
0.0364943430310976	0.0223335864422676
0.53822999736864	0.751818597182443
-0.046850179291414	0.0225831214356164
0.337736586810201	0.169219301425705
1.54852118549942	0.768365663288586
0.977852354124941	0.794304022101263
1.4526637000301	1.45010271607822
0.427789153719485	0.171911586753605
0.51408721869374	0.185096174251148
-0.0822520611988082	0.0364085831997755
1.22289757817525	1.47699299272084
0.298822726441876	0.179107694147859
0.150883411721756	0.0921893648515418
1.04422282616674	0.506574585851397
0.104220504238931	0.123362901533349
0.287450261489912	0.400483645704101
0.487412409756431	0.865644656192252
1.07308896943653	0.805873612052887
0.578586841623207	0.299384435783618
2.88655237017257	1.95363881259529
0.716887804532197	1.18378915710111
0.640401749376513	0.652029407544835
0.413089799963812	0.543135838156571
1.07806886955248	1.54931053544559
0.861243798307186	1.15652782573895
0.435634702652631	0.314045593677932
0.853144717244208	0.973354600741794
0.866833216372048	1.55515360940131
0.847168699309178	1.0682750173908
1.05121575326332	1.22006443931291
0.440239632942332	0.413824554309551
-1.29236117194346	1.43641397792183
1.15613880634143	1.85168254196739
0.274638232144084	0.205838890598268
0.0452693059900289	0.0290790358553005
0.00158117117615021	0.00114126159269819
0.302829327101963	0.181801162246728
-0.875885159903003	1.02353224459342
-0.39972534226738	0.354463786535905
0.297732414629243	0.178365188839957
0.31132292192391	0.171541076890993
0.312557081316641	0.172318164884384
0.272774011895504	0.212473126986517
0.897880663556655	0.77822112454895
-0.0442621224052449	0.0213478953102686
0.76654218929704	0.45567028473657
0.134949574838034	0.0709573152273633
0.0721108310138644	0.050542870432138
-0.204051666209924	0.111044256131999
-1.35099659271642	0.85883886470938
0.451894852361309	0.30611913170236
0.582572491030974	0.302654439885471
-0.167611062323574	0.0966934451127616
0.668674674115125	0.31247028693812
2.34027363336522	1.17732300328594
0.12672476404746	0.0606650817925425
0.132888220671258	0.0450543248212034
0.587176490536081	0.443165502122064
0.426049457713251	0.306189100708388
0.597238185500361	0.556322385826964
0.253426637562285	0.223097502155652
-0.352802042405171	0.286621145682943
-0.000892933812359138	0.000466082758698916
1.09268222920057	0.974886414200377
0.385779150775073	0.473248000258984
0.0889863545045015	0.0877309929855082
0.683949287242817	1.01099149725025
0.495575235542365	0.662792417580742
0.583485051763386	0.912649629141384
0.306142317111828	0.451375196602966
0.768635996064422	0.997711703979249
0.661991910235598	0.984625638604434
0.344786909376826	0.309687401720415
0.234670008770509	0.250778518342864
0.653633733821087	0.672827520423176
1.06551230707634	0.652234296156578
1.60829241635112	1.12208751210781
1.74503082598421	1.35488649792801
-0.268281935062894	0.136205066978634
0.66820340734773	0.580850406276166
0.334072823446583	0.166986809158879
1.3094564119373	0.574146809919677
0.687133313564317	0.862194387231029
0.666737445490796	0.848916587743796
0.741978805548384	0.818532311887207
0.785805368146343	0.846552224200769
0.428951566106728	0.41477524952658
1.21764296646662	1.19035313339195
0.156813479562018	0.110800368417976
-0.736620254385006	0.719234932523099
0.964280972478641	1.04979757600653
0.296579431093015	0.191767350132498
0.644067609238151	0.658176868857329
0.336951372798464	0.1688159810196
1.21748957216217	1.70893053399226
-0.48845752131576	0.331970856677958
-0.170187781574408	0.0982248432379748
0.140412687985105	0.0802180292628039
0.276738558295124	0.207775355658624
1.74230262468379	1.35258052582789
0.767702110183771	0.600947988739261
0.133194813980625	0.0699602768784903
0.769961511578044	0.605471914121627
0.887894176841553	0.76723873970879
-0.0790440975880961	0.0350671324623352
-0.0877484350879837	0.0388567652028953
1.4343963951426	0.891484887181697
1.604076053077	1.12118556156772
0.105947391428976	0.091438935437839
0.338986916830454	0.169398398105751
-1.00043487315502	0.503226775995486
0.931052571913607	0.627908649940581
0.3779637100144	0.169886955876806
0.292909088470213	0.174982251058615
1.08025510418853	0.814070438821135
0.303691276493537	0.182400235690839
0.310225790100847	0.186564837064505
0.505705237110645	0.436059121019157
1.00757503631793	0.949688376204714
0.290712469669773	0.187263548520065
0.440952921589355	0.296343001475973
0.782327092273746	0.842303432989766
0.289648993392442	0.186646005197946
0.102054327629975	0.0817261045751745
-0.0229283678635504	0.0212239388387641
0.268015133294859	0.314256118030225
0.109461806355061	0.124367657545206
0.171659639431	0.186923629491591
0.206600443654922	0.252657567105958
0.359859625980174	0.560185274801764
0.481373457562693	0.429413460125851
0.505118768729181	0.521898823506867
2.50544072260477	2.32264907195486
0.369102886589994	0.165589244155417
-0.0222527996256082	0.0114530802883579
0.131592549884353	0.0446096178723685
0.315502501187387	0.174292136452328
0.901605667714822	0.783612890934303
0.484522078250024	0.304569511122316
0.379347677900807	0.170431400942331
0.80661030139522	0.340174283092776
1.15163443197798	1.93375576755928
1.2061222048961	1.68646949647235
0.255348482459703	0.218842529417415
-0.248970504662306	0.210253924562304
1.81509726348299	3.29249418195624
-0.274331420177545	0.208118830479135
0.0239338301445746	0.0181663367175761
0.247117762771488	0.210329360110598
-0.107876124612671	0.0670909359722706
0.628162891495687	0.662677329220309
0.875860813166251	0.8922988916828
-0.0877984081546589	0.066046429031749
-0.179381146928678	0.125407956177944
1.67959956538346	2.26888048983313
0.840705206057164	0.617953545439766
0.168266322334385	0.119731137163666
0.551845702102152	0.546093401857955
1.57338689676167	1.7089801689933
0.274445263749307	0.205464008545202
1.11649624350537	1.1402359289394
0.0197553053460445	0.0114181353410691
-0.8052203103151	0.771987778695242
0.299665087083122	0.179828893325817
1.08338212904229	0.818126070818908
-0.0501377795131865	0.0328344835205326
0.288287384008404	0.197389110913651
-0.890055997208235	0.908914531589078
0.128629618148228	0.0436530854985291
0.152719079992434	0.0987385729785431
0.695679207877412	0.878149318691019
0.0664856084729095	0.0448011705879448
-0.35678776053833	0.218268877932569
-0.131541276904552	0.0791832965755646
1.04691957283909	0.507397763836815
1.21626938154807	1.0185802382588
0.937968415989834	0.633297048843469
0.275662633053178	0.206498146732085
0.821734894607623	0.742872346141847
-0.0153105761050214	0.0123509463142489
0.672425385415341	0.926418191628567
-0.0532205955393187	0.0468358423062879
0.237358730395691	0.223703533754239
0.949247510004734	1.42569659666134
0.168170676400498	0.164746962757623
0.307610046699131	0.302798648420609
0.164694805419376	0.117026583201447
0.303415109326904	0.182532735684985
0.886213566199853	0.765072142794875
0.127144848043385	0.0545432860660862
0.765772501581335	0.600282451408643
-0.121219336848068	0.0487136977646915
0.372351065137621	0.16738222942482
0.130086183242594	0.0497328022504383
1.04137435639643	0.50429075034658
0.669992340809613	0.313365566917382
1.04191121689109	1.53030589112403
0.26992462361663	0.210054214106877
-0.123966512070545	0.0899313862022574
0.597919651757897	0.452133560546655
0.781187637430977	0.73803139705027
1.0854895761889	0.819922025827445
0.770953261331524	0.726959719033621
-0.0922105329344318	0.057226734808633
0.414186702363256	0.31390097496687
0.316825975852719	0.174727092444281
0.294838930524772	0.190300112541788
-1.8507219984128	1.70675337326887
0.458255526992355	0.31100525885268
-0.668372710093903	0.400689376728503
-0.526921382320177	0.405677897168497
0.126580946763741	0.0484205414565657
1.07436535242586	0.806375656360893
-0.81845421014533	0.549252364970725
1.22634327915626	0.845162682271321
1.55642181666941	0.775769693892146
0.883648549141326	0.474661201158908
-0.516089553523177	0.275168430223207
1.76222868299771	0.988937089046917
-1.12251397933194	0.778535147916495
-0.674138052046641	0.405447146923417
0.13646011285282	0.0717951592640153
-0.0308652452271553	0.0157430389018819
1.76247234606925	0.991053637235418
0.310806262267259	0.171360491709164
0.46585440174902	0.563667365694392
-0.668595886288618	0.400989899158572
-0.667833923831157	0.400181673042287
0.882073173610616	0.474794386552053
0.77050575354135	0.45924554401011
0.881014956352547	0.900146747937373
0.667314344785582	0.580126875333368
-0.350640085490148	0.253356599291917
0.304957804740694	0.183019386983681
0.354470199216757	0.471783738122354
0.214673774169081	0.252935230333286
0.423667003676674	0.529698590968823
0.354482744480285	0.309353757324542
0.118765018130386	0.10792865126523
0.190222889996556	0.225856541213972
0.593001772898555	1.18339742145099
0.16333554548813	0.223209352693694
0.403637617824664	0.722892807679104
0.300715394330781	0.445780069769634
0.614104708211126	1.32889478037533
-0.0110009150013506	0.007644309406698
-0.673524635202383	0.404103300261605
-0.234259276164921	0.0768738569502217
-2.00891869382932	1.41582129396253
-1.49738690873902	1.05834426048038
-0.7389639873091	0.256670839118185
-0.630264637780198	0.306854983141789
1.43326595346983	0.890667406674398
0.974752415590061	1.06741007734834
0.599136332533546	0.558253590648229
0.284527419341495	0.194554350083298
0.356581803651989	0.321824107031777
0.483743505952548	0.431209938695665
0.278206139473663	0.189206140144284
0.289422821483261	0.186501159162085
0.274363686931899	0.20577420623492
-0.164366152565866	0.0947606649870369
0.554749998833785	0.440550671434437
-0.526978077702	0.40551310152932
-0.528966571223908	0.407567722862116
-1.00549664505753	0.505413265238338
1.7490159887922	1.36010127794009
0.128616368700349	0.0674573765146283
0.337423728732646	0.169081415528796
0.124251307497194	0.0532475021057132
0.511170021003071	0.183944282461123
2.24879599237462	1.72827642251617
0.64559347674232	0.204972394147955
1.24161075605404	0.856881674600191
-0.336445356250298	0.156826104557485
0.340922485782012	0.17083254012451
0.802396290093584	0.33767488408751
0.295109660544928	0.190356115259484
-0.643889763897163	0.156661592959279
-0.0485716556477731	0.0233980879127049
0.290046619906765	0.315450283736205
1.04983736420811	0.509697963958399
0.874792861440638	0.46925062888249
-0.79390713873614	0.351551459161185
2.10347172977382	1.46578530302154
0.629117796753037	0.442744696585379
0.880405850762828	0.472668350363438
-0.0478054303527627	0.0229905349875277
0.834542634734531	0.611966919709421
0.160027579592119	0.217487009856796
0.719593947946224	1.09718089855865
0.0531346565944108	0.0369511439398471
-0.0294945219237094	0.0353663495125102
0.293196620732492	0.49120453643803
0.0536522034799794	0.0683599752911659
0.101384964227552	0.145865404682047
-0.198575853198093	0.310569167155748
0.89790370974836	1.69444070757839
0.0417060647417442	0.0254668751883334
0.771953883807036	0.607389173472019
0.337111207711417	0.168806178196531
-0.176460675791699	0.0641802060317615
0.798440382630606	0.335223687191532
2.33647443108939	1.17343388735198
2.72772316826147	1.67758412485861
0.485389100351855	0.305139293253115
-1.15392338036234	0.354212278509058
1.22992820781522	0.848361585992025
1.0200314996791	0.386398513169522
0.930774769786719	1.12952589737099
0.02632188087434	0.0151701834350992
0.496661143603444	0.42656427124025
0.41163649019514	0.311678598625336
0.478913100652144	0.300343471653162
-0.124741148327821	0.0748583105627191
-0.29715073308148	0.190295849286041
1.0417447852488	1.10574514207759
0.0423355100772775	0.0259154997883487
-0.308670271363845	0.229206749357636
0.378112269597556	0.30969288354706
0.934277210231113	0.630111182815121
-0.46250545625662	0.36486886435669
0.592414906949913	0.448267815605374
0.660686821619371	0.681778882177165
-0.359930851491277	0.261538798886927
1.22820014823089	0.846961178203258
0.285632089104751	0.183533750095375
0.12179621988377	0.0465965388459672
-0.0471605586455034	0.0227174127316181
0.528789678885501	0.304883219663731
-2.08578796571711	0.965562416707721
0.264833886204355	0.197234750366592
-0.739139338945835	1.22543726250208
-1.11556590702395	0.77330701344695
0.125252276713513	0.0424487602780733
0.873217612473719	0.468039423479721
1.07885647378899	0.814782019902555
-0.669647183373682	0.401665503345727
-1.49678788755919	1.05560952550076
-0.48571912625852	0.329414557697908
0.827320099839725	0.748701585333069
0.353479640389191	0.565767282652122
0.181089633878531	0.279760604485886
0.148714213412694	0.189891338701015
-0.30287219677028	0.535746772828087
0.125487813082201	0.125561647980996
0.16336029018006	0.111336028217991
1.29207287254457	1.6490169551687
0.12845890519089	0.0491078051730474
0.51174254082849	0.184178364192085
-0.264345626631133	0.134482207269924
0.657317991610069	0.208214523737298
-0.167480401240338	0.060980256624027
2.09895360824451	1.45694688829164
0.129471724631548	0.0439089865174185
-0.548040451965792	0.210304981022337
0.723421366929996	0.703296599745213
0.741020708311578	0.815324468354931
1.20984613000388	1.91350660618704
0.90855261574923	1.20591827404419
-0.046746215939782	0.0306318230581387
-0.517453932378032	0.395874213283984
-0.409490724923972	0.329806921190578
-0.245433148229424	0.162684784787248
1.21470841233926	1.46425578441467
0.140201025110264	0.0799621177446854
-0.615950740240983	0.510123129472923
0.568255144219082	0.543519810642446
-0.580103810563915	0.536630479037047
-0.0203698892659656	0.0105104704214574
0.825098409976891	0.748740101326385
0.590980969773286	0.445833209343298
-0.115985853788578	0.0467592443534002
-0.0479982753818084	0.0231082525611488
0.588923806488074	0.444398960161665
0.115173426078779	0.0493649459852222
1.06000014830255	0.646295868895285
0.164494059145361	0.116717096718973
0.438566273177183	0.488656797331244
1.22377450758216	0.841135468705538
0.586526888369375	0.305406263082896
-0.137913476351827	0.0830025022989224
0.763404124871014	0.598344209343012
0.128711562785005	0.0614065635694738
0.279664214172605	0.209796372599955
-0.919959523563767	0.780016038708505
1.11813468335394	1.26122439295036
0.415371961057246	0.548356696143535
0.120003105117216	0.135765574652712
-0.104546962024013	0.128303214719023
0.262622624662302	0.326576265629573
0.262022485668914	0.210624430517279
0.891932149260213	0.772312739759625
0.318349525747495	0.176153323122017
0.430233238224466	0.173265323266744
0.630115274178211	0.445012784368185
0.944963710678665	0.638320479809056
1.04612175080087	0.507031841034888
0.872294235492406	0.465566119204768
1.04319143527652	0.505786503100226
0.130616866380514	0.0561113343755478
0.419199996125626	0.167977165099582
0.510875541395758	0.183928738190787
0.310806262267259	0.171360491709164
0.798830014943419	1.10690060972247
0.233745694122979	0.230161699817536
-0.276002407630627	0.255943065139501
0.0989058292869332	0.0810616444932199
0.329971340263975	0.302895548691921
0.41050894783585	0.470216584314494
0.329978628985592	0.312207345911834
0.598519260438809	0.557918961310553
0.579146734179757	0.638878016933005
0.0909762078040574	0.0724962541217844
0.431897109835086	0.41784139537308
0.496179238154546	0.509600830141341
-0.0998927301626401	0.0622175607573766
0.777211781055464	0.733698678873971
-0.702391720115468	0.566870364140779
0.532710002427355	0.443054419568626
0.139257826218814	0.0733249096885427
-1.07620867627161	1.64566728440838
-0.118191613316887	0.125883219271125
-0.1460387529632	0.104079965363638
0.292616844709594	0.188919194510243
0.897984387520555	0.778571735824933
0.545455866349957	0.538011625630495
0.703307414323807	0.579617181558658
-0.23744949289128	0.183185446199311
1.29479222220685	1.65561922717105
0.130588241896679	0.156193730075808
0.468606150929217	0.768439952551854
0.0700034239424054	0.074647528931705
0.187358476842535	0.216348715158831
-0.126060082518678	0.133468245806576
-0.364392904860291	0.298635290743421
0.257466361652122	0.22031226050487
0.45320603245538	0.306678894605356
1.11648979222072	1.14216304425046
0.123638794507315	0.0472250818416479
-0.419899321881331	0.178034045801847
-0.669107210766456	0.401175977581011
1.42277215070601	1.60859795437775
0.312489648000398	0.172440980377961
0.393134688420328	0.405757960377525
0.169668018441674	0.138247672983725
0.170813611824482	0.130949272582175
0.24686576967983	0.210292033545946
1.08243244614851	1.4710285115727
0.552870978327436	0.546601864989883
-0.312880486525955	0.232857590425493
0.0711095696442569	0.0498045237821175
-0.0298521521692849	0.0199983399249794
0.924881240616782	1.11686149265714
0.427557357773506	0.412679182146788
0.77285015210853	0.608261349361183
0.0554649736943528	0.0357110883207583
0.417120103052837	0.412874971486184
0.632090577014043	0.447214538002693
-0.966940660552862	0.599473912443824
0.159177219087343	0.117031433798697
0.0139285233998045	0.0133893381065129
0.519132912369178	0.428977162676886
0.299463064931193	0.179726272281086
0.391031258051793	0.308364967311455
0.24132728651004	0.222682593046668
0.601125290976267	0.726140314738479
0.586184613959018	1.13931241631347
0.111959082525336	0.133495657966428
0.116191411221575	0.132893240365841
0.0593554987311562	0.0745142974483031
0.404098851392308	0.547290348480404
0.263084219912141	0.219382898617069
1.27683798300403	1.87554623233825
-0.6236927736243	0.302603267131734
0.293302504917394	0.189049837376514
1.2515766669606	0.689788385908174
-0.079515907274068	0.0352711953292249
0.144215637058759	0.0822645752253501
0.128011032447225	0.0549544466442961
1.08848796496852	0.823300441768411
1.0181997682754	1.31573127586427
-0.61383851427561	0.652790061648411
-0.210523460578377	0.143876962388396
0.156418597762975	0.110689008429038
0.860549276905818	0.985073739940941
0.637365278149528	0.577051499751181
-0.302726152285748	0.194482555590109
0.519821521062253	0.298661001498203
0.77260819953307	0.727485369069901
0.248881085985133	0.19831345963927
0.154635039725635	0.104953221997321
0.395337578740753	0.311969010362237
0.59293940956825	0.308168878760921
1.09911518406639	0.98159819358928
0.483812550935694	0.304355174727422
0.929431528480217	0.626445264407106
1.0375806031933	1.10164826587108
0.294514766536419	0.190285848252372
0.0131254323864783	0.00771111811576778
-1.1769439026146	1.04029893023746
0.16861241246961	0.129158660292539
0.082477850434527	0.0820736560339314
-0.165215181635901	0.114638942365187
0.972510261667712	1.06311735173395
0.454471635728006	0.415382571843394
-0.0267340864500323	0.0136799366695227
0.826869865669469	0.750056067608972
-0.00649254130267334	0.00338376816700458
0.356770749062011	0.311843603311582
0.268543846342936	0.388177752763868
0.19693444579674	0.28105062767372
0.120194607818088	0.146032893338803
0.57348589371259	1.00985401807656
-0.171178409928994	0.236373260766512
-0.0357884495988958	0.0353769983776863
-0.0456354452758749	0.0298617798322365
0.987201570951486	1.17489033232745
0.379630656997501	0.170690351125697
0.376384113127572	0.169188919067443
0.336166041692172	0.168353927886332
-0.168621485035434	0.0613849497001624
-0.79809571563025	0.353262454270147
0.142912858250348	0.0752826665663049
-1.18837159211718	0.673482426481168
0.293353322664033	0.175390466450567
0.5716341455027	0.549533437267996
0.382689583178208	0.403280165954575
0.185147576014374	0.160644586232665
0.371799750316434	0.398514623513112
0.335855041736265	0.299844440899966
0.43650133009347	0.485710171096449
0.246316135288765	0.215954228537159
-0.166911863498578	0.115891915875881
0.379730566210992	0.311357573157176
0.279967505507444	0.201146841158086
0.27521023257362	0.20652428003048
0.141115187833914	0.0741823662770595
0.7155480628366	0.595592441852302
0.543438018257846	0.534110067346501
0.482541496021525	0.303348073204068
0.354035654125523	0.308697662676129
0.0369192458458636	0.0226196063940908
0.133819165620387	0.0510753044937369
-0.134574303786453	0.0982309786565682
0.221477630741668	0.254785935414746
0.522993256420394	0.300342281240617
0.510303034449659	0.183694667904733
0.871077133903414	0.886439402242583
0.412557796426908	0.312028556619059
-0.044808505494226	0.0293401797168032
0.658292836107415	0.679590960052764
0.288655929742557	0.448606083506015
0.405929904413064	0.736566925815473
-0.215875427233033	0.311632027868542
0.452652447131967	0.849451943539569
0.137405355008633	0.184592050677515
0.272623679065127	0.326424484009236
0.298158391856957	0.192654398839138
0.552213442329162	0.438803380449542
1.45527873638651	1.45459061145324
1.31098259018576	0.575061904640739
-0.543266856350763	0.208763548655505
-0.0539365254459317	0.025910439297914
0.34536154953023	0.173113124471906
0.127222675433409	0.0431873188523152
0.141580567654977	0.0477029998832945
0.376881186642591	0.169209189389487
0.340922485782012	0.17083254012451
0.132363707845312	0.0697609460910007
1.04837308782772	1.77883902043993
0.174236517670492	0.146286841095295
0.0884465519835867	0.0703403202706396
-1.06030282284016	1.42287771741659
0.446923386466002	0.421360749793228
-0.36275047379402	0.296165866357188
0.0893745103241076	0.0692600053850473
0.0698853086247616	0.048733048356364
0.852698507248155	1.07800119985213
-0.598067270692664	0.594851560074013
0.60504793822092	0.654054229767658
1.21441738428352	1.46152947371084
0.742119467263943	0.819171551401205
0.381980005897276	0.312815262808632
0.397020381091843	0.313962501712202
0.835455287101169	0.610755023404414
0.610387765738365	0.741591186163128
1.22664476222598	0.84543378068884
0.623331994708926	0.437912500658403
0.933468842535967	0.629477308633037
1.55938679196028	0.776395777340408
0.0635273577689753	0.0666075421993393
0.382462422107672	0.477191688006593
0.888534014473711	0.476899282405281
3.50502251811707	3.64200478943849
0.485270938437561	0.305606698409699
0.773863076950126	0.730846807905113
0.518856090042811	0.297921407183168
0.334072823446583	0.166986809158879
0.123449144920176	0.0528350579815896
1.03418348282183	1.09393125465936
1.02118575779327	0.386986467154184
0.797194402815309	0.335204194265314
-0.0505086267400446	0.0242676073759967
-0.171891012711967	0.0992382273458539
0.88530808167064	0.476387913531889
0.862371101208364	1.57607065369555
0.695499603602982	1.0955483931908
0.86419147606881	1.6341430537508
0.773135448613616	1.086655765055
0.443395534114937	0.494805189530957
0.112220678797217	0.103512114282878
1.10349418644496	1.7887361918277
0.0893745103241076	0.0692600053850473
0.17051180155468	0.142923815493494
0.851515847177819	1.07661863531996
-0.00887279467192239	0.00617642079163055
0.618203563078444	0.649142184656709
1.69840511293959	2.59572047705544
1.25879997521194	0.695340728531382
0.720263764726342	1.101501901717
0.709210377032045	0.875426136437856
0.675869482479759	0.316437085791507
0.771297051335375	0.726096918933586
0.687748203952071	0.690031675000797
-0.0866807399716026	0.115864837163065
0.0574447235159932	0.0708658840511081
0.223836506839634	0.310390658932564
1.21307375488003	1.17991088500569
0.00621665605366448	0.00326311722153608
0.771504639338438	0.459671447869485
0.670261397806108	0.312920763191569
0.971932920692796	0.79113031656176
0.664646933403502	0.310392847753659
0.930754494379248	0.624498661677562
0.517881971460885	0.29615733191907
0.123978914572479	0.0531988493098106
0.476822692621015	0.299103377807117
0.317578309028845	0.17548576421257
-0.784625312207766	0.347139882397849
0.483378860077545	0.304016369240328
-0.243764577644916	0.0798103968979659
0.711430655733659	0.589885797868723
0.217690030081034	0.257306196891054
0.863333527607963	1.16007009060641
0.43113780186842	0.489658949003437
0.0983363574358504	0.0826434870224823
0.822898623860865	1.29191203896045
0.392342764309341	0.309350324383039
0.443802693877661	0.418579257141961
0.282723676304949	0.202920529960017
0.936305021830251	1.13719184028357
0.212541016494042	0.242526598064001
0.385160763577453	0.462557185402054
-0.178198935796614	0.159199764984425
0.286271657934636	0.303437249427794
0.741538685839725	1.05165400865297
0.525934846352933	0.532349196682455
1.30476811782485	1.52252924514898
0.170734392106935	0.126383654406382
-0.0584463802259703	0.0383597898854839
0.828060651080389	0.751003373836872
-0.423254818827358	0.242861602283697
-0.346686825242159	0.211128139912701
-0.168403176677407	0.0971543728724519
0.290346041604174	0.187176201227181
-1.07799767195376	1.15170934935404
0.620317089432972	0.434601398580668
0.381295294465946	0.170994748332556
0.8390865574816	1.59189585581212
0.414891466960506	0.591113619470469
0.0329479960814726	0.0304787604710081
0.288733388680571	0.313975432937291
0.521624447805307	0.526785694946548
0.168920052026176	0.14136346266599
0.486312311051253	0.582703966540462
0.08885322709819	0.0741497092263741
-0.14573181672924	0.119329075480043
0.418527495877734	0.317500038472721
0.928270879895202	0.624336089199062
0.76989256828358	0.45871147526977
0.647803027128281	0.815567637754538
0.176282063942884	0.144236907280546
0.428346263397724	0.413758469220627
-0.881222959478707	0.964606234063513
0.543557506619245	0.535326320342756
-0.6084679039765	0.608849391803712
0.775316435922353	1.0112427254086
-0.141024594418405	0.114996514819566
0.274666490401237	0.206001369989984
0.442745604043766	0.416694679964732
0.444034960561878	0.418650032627258
0.413905043314633	0.476007326456488
0.0502218662475765	0.0323055635372688
1.5179207484526	1.83373383031588
0.933932101635886	0.630595689162009
1.01540222010121	0.384610211569901
0.340611056318224	0.170606212003357
0.221794513946323	0.234451285461379
0.351231833381413	0.397172545109248
0.0288939099053245	0.0266624638692721
0.116893240484569	0.106065646102473
-0.00764458698774867	0.0063270844113676
0.523222384737629	0.528939336643939
0.377605740749139	0.477827750531666
-0.0151011405232341	0.0123974002741179
0.406075635685493	0.399386691338059
0.23972164662322	0.220885901859924
0.11135768880539	0.100616850776686
0.0551074057881849	0.0485910328397485
0.17445268079147	0.175008466723852
0.0684859974695063	0.0461685581947373
0.303609228476577	0.182390799872376
0.693140267842894	0.453832413384427
0.00227184631420786	0.00216062037677215
0.339383986714579	0.452973165645778
-0.624915656441709	0.794370821054503
-0.340162618606715	0.385781965370667
-0.220092578072106	0.230338671830774
-0.0693702590327653	0.0597713425231512
0.320865883078787	0.383487874485615
0.175263770581495	0.168524022939642
0.537487506689538	0.615052276269075
0.291238268964377	0.199321582068061
0.156254563917204	0.101176901719381
0.766235174768884	0.455134913774068
0.805204693550491	0.339371994678625
0.476056999700313	0.709419971086963
0.348340748014086	0.385138935537652
0.382819073837996	0.478031769735083
0.981714940529771	1.44747165887652
0.54358528568603	0.687238610586699
0.423626732356091	0.552579445788846
0.174992987892861	0.147014345494066
0.546991434199332	0.693103007376351
0.171325158657897	0.18352165509867
-0.0623428416613261	0.059487327846324
0.169738751271707	0.163312748611916
0.0552025582209927	0.0355422498428181
1.21919520455297	1.02083888008827
0.920219011873717	0.612955926928644
-0.41323615205198	0.174757850001927
0.433408130247116	0.174404659142942
-0.10500157631063	0.114627608796131
-0.340068581728556	0.385112705194137
0.828069636425387	1.30246774660326
-0.0258180860152696	0.0253578430393663
0.220606111425181	0.253780819489173
-0.140208960546099	0.138236992066433
-0.0575438473633089	0.051539332612654
0.0527565712809251	0.0464858337773765
0.00459488775097815	0.00408284787433879
0.170058716749439	0.187494583697354
0.368829507214823	0.312529654268676
0.138489456395182	0.0662333459682645
0.457428681958157	0.310660557113548
1.04755175750462	0.50839377452462
0.138460679810576	0.0412231247306769
1.02259212061632	0.388312776500153
0.488196081965983	0.516140705230171
-0.230496580292	0.265280086957642
-0.0465779784579963	0.0454996175105636
0.0363656283956424	0.0305415743552155
1.16401012187569	2.33053277089299
-0.0157569409205278	0.0144355623539232
0.230294566103868	0.25840432695024
0.226915818375975	0.249743104188278
-0.162659109479648	0.170689992825858
0.218985140640008	0.243461980124387
0.272085751232021	0.314485440624843
0.781826562397626	1.33204114639028
0.478464437970624	0.300594962735016
0.277914397027145	0.208655688531537
-0.116490965625942	0.0469648901038593
0.79803379266607	0.33575390202409
0.805204693550491	0.339371994678625
0.80661030139522	0.340174283092776
0.514451617490779	0.596020396056767
0.480273833254604	0.648146710566055
0.175812368583452	0.192186686025506
0.702930922376853	1.02622538618392
0.549024510146075	0.812709506011656
0.988689716504724	2.13475767390403
0.112796791274763	0.116694142634185
-0.0915881957609899	0.0918248996916567
0.419047292332784	0.609789484407944
-0.102925857541715	0.110790507315868
0.420265786329332	0.611744686307871
-0.428515096798488	0.647846750095342
-0.189145134162196	0.211274785673375
0.316755262258529	0.39145411807683
0.181763945118778	0.205464185309806
0.258128731024768	0.314719488240736
0.457414505163985	0.630609247922943
-0.115382225727213	0.122233037803764
0.280026470499259	0.314190867654949
0.335087009476994	0.404154459851661
0.377457833359352	0.169712274475596
1.08268808932548	0.816782904025018
0.3815834079602	0.484837033253537
0.51719049528274	0.671788495915772
0.231590413899571	0.27287315275286
0.174849967205654	0.175344435192791
0.906375118460397	1.86584080443742
-0.645652465981911	0.956509565374617
0.248994726480627	0.348608313133812
0.0758320682195411	0.0727178927282187
0.17995430274383	0.209123095493832
0.219137780108797	0.274340479180793
0.280002576019542	0.336926730562274
-0.54426795556431	0.68934174933517
0.200963500980624	0.223913187009841
0.509139648815982	0.183001422100664
1.02259212061632	0.388312776500153
1.76247234606925	0.991053637235418
0.533583998126717	0.742410758659995
0.143397485625186	0.154458358429945
0.227998831680561	0.255364830890229
0.087470863735447	0.0913015823511118
0.701896163573003	1.25123538573185
0.0639371543824111	0.0678904709666788
0.632994281673889	1.03349725508796
-0.413711172940586	0.54231534687665
-0.109308830448525	0.108187077115478
-0.234544906598075	0.281612775939191
-0.289359050321667	0.348401019449735
0.0487712938733342	0.0428438196355313
-0.294469588171352	0.355708832270323
0.421828809573061	0.548512263611135
0.21929057342229	0.255197060111985
0.3263641203011	0.385186337131971
0.0598317468996518	0.0529602829646781
-0.00208347737070807	0.0010721340569289
0.933119843099792	0.629104362144839
1.95016464991586	1.22278720156799
0.428884876273104	0.172685936510533
0.137209797477049	0.0464410009267909
0.648993667183473	0.205806233366664
0.257132874430482	0.318061949782914
0.0643287572799416	0.0592319799475116
0.430069838362442	0.600624553375493
0.0572626203900952	0.0515179380462045
0.15727609962767	0.140308833383374
0.277789133169987	0.311479679922902
-0.229415589411202	0.2375302678172
0.693076822514145	1.09038127095629
0.106438963333639	0.091943149626874
0.276182480140009	0.302540902522967
0.404136383091569	0.470947001704506
0.521187711683905	0.66270313414909
0.398186728204219	0.473181311317253
0.14314293005945	0.154714874573355
0.435913724841916	0.562401525114703
0.116939334418869	0.10825066139603
0.52305733689739	0.528029025380227
-0.16844086651219	0.0971453031744996
0.709447842889372	0.588224257384374
0.381510602975533	0.312554290153149
0.51408721869374	0.185096174251148
1.02226842375779	0.387145037531902
0.27336641828477	0.305097340629673
0.18149974392471	0.176021866488759
0.00386647287839591	0.00294646629401772
0.611878195922332	0.799231683389086
-0.249129916810869	0.287262653287982
-0.153377447755339	0.150173253521731
0.602870021296455	0.851713352410074
-0.536905110535998	0.654041516931634
0.561483169649967	0.63235116351581
0.280585502952984	0.337647398049175
0.226237363442688	0.235658391609544
0.682982227606837	1.06639898034913
-0.201427894491007	0.193866753469908
-0.65433001023722	0.912864011960676
0.113703269695352	0.105002712808614
-0.192483423153814	0.251778778048001
0.896254070990702	1.44899981173457
0.221996023884986	0.225821776112043
0.985861571360697	1.6484456429033
0.375845251582965	0.30743687128297
0.227377932111668	0.245841664066751
0.415847321355736	0.412038690169849
-0.495112187144256	0.60062214352207
0.277804967635174	0.305495933130769
0.109739641759548	0.100975285629767
-0.0198637643331116	0.0180105097612402
0.488200080356838	0.585840751854208
0.291949034981737	0.305053652408447
0.445269845983339	0.555069983505437
-0.731952402103168	1.05845130938747
0.139136362475523	0.142874396549935
0.512605843417033	0.593427914102312
0.571167486483441	0.626282541667442
-0.0676140475364204	0.0591415194708139
-0.167601714816044	0.151734249688282
0.04423749088166	0.0283896492079032
0.423156910882232	0.303646972158978
1.21345297179542	1.01296612736285
0.374275244196418	0.402080718310237
0.227562839454269	0.241798802593065
0.0353929942943879	0.0215932552902307
0.697547444264265	0.702000707268706
-0.262704726595613	0.13352076070117
0.376317756031206	0.168917107388855
0.759896003484561	0.450310262098262
0.125933797519249	0.121799851811731
0.0611761668890637	0.057109303205818
0.460701842099906	0.711621241494986
0.341554478460666	0.484865792400483
-0.444246114800846	0.670516021739289
0.125407402694471	0.125327977173566
0.86541934731136	1.40984468167897
0.167207034921969	0.169684345193654
0.12632956878361	0.130587343712817
0.134858802512603	0.128824202061703
0.213077328069648	0.231721431301992
0.24678856673844	0.216034460463737
0.168593749406492	0.137305949458656
0.480867079603135	0.302327680011431
1.3762082832225	1.0597288812245
0.550018220366904	0.436354215326155
0.719203034893931	1.03406983921467
-0.554323570429355	0.559345140448619
0.481354599581664	0.302797578768407
0.28749968252163	0.207328127233073
0.882859429054229	0.475241575630952
0.146301463254213	0.0369121679082859
0.373921256250821	0.167592578036464
2.33589871670775	1.17276480474714
0.217882053448429	0.233867288083449
0.214655503821693	0.24546133761741
-0.338096820725004	0.401670287888739
0.0726875511717715	0.0684744294748851
-0.439064141905109	0.487232323303356
0.418701399368055	0.543261981071377
0.364873600315282	0.465262343236709
0.239712191037384	0.236902129893436
0.289026789222086	0.326188060536155
0.780823714025883	1.40077593588021
0.239581811418441	0.226469991958789
0.522975408475997	0.43235787178133
0.314616352815099	0.173489731793818
0.547323155221866	0.611098972563357
0.775851357940195	1.01148129230864
-0.366541737279919	0.330157276212779
0.839455219537234	0.613967450064121
0.776155625925701	0.732957219930339
0.340313318556945	0.170581749630853
0.877251546132768	0.470203510037352
0.13215540978349	0.0447486465727327
1.44376057309386	0.899097944033697
0.404665930519473	0.54714129629618
-0.0037019713943258	0.00344131225853144
0.500934863773257	0.658034471892385
-0.203748690910375	0.250838239569019
0.185196947736758	0.210371388533078
0.63007068144671	1.07718679293668
0.226016659989226	0.244135561396071
0.477285491422635	0.777270454145953
-0.0599288209833309	0.051215431373782
0.00957108224658413	0.00706523368952986
0.890142438481415	0.7681692124936
0.0518001991782315	0.0332879585246027
-0.450113763373712	0.433632467393765
-1.05791277437301	1.75791379022923
1.00617938381876	0.94565771480612
1.21254671726513	1.4629625549763
0.129193281029703	0.0437930146230249
0.80661030139522	0.340174283092776
1.03923292857735	0.503225657584576
0.282591405616661	0.329448569341169
0.324856831422337	0.403990543387633
-0.0441349641782492	0.0390988164130207
0.0145706110603723	0.0139971979484144
0.238903783903972	0.274466396371962
0.0948412342496862	0.0861855498457296
0.0732398612545446	0.0702154423998865
0.283738907297713	0.331142634262671
0.127478278749746	0.0609668402790495
0.334723513018851	0.308408435338476
-0.233621867837454	0.254425124092329
0.451065454869773	0.506101604655273
0.818027126857004	0.855008218281763
-0.312227071504524	0.232368006060621
1.6402934776252	1.539552383387
0.170928296293845	0.154363853626748
0.344939521341339	0.38783785045244
0.436666110287975	0.624475179171079
0.306481713934732	0.394129109013689
0.215759112253501	0.235095000061511
0.235919818836018	0.256956235717308
0.0666801751246251	0.0701195048115528
-0.111924047657	0.120120862858945
0.532268982789922	0.822063656571244
0.17037912803054	0.201562953520572
0.270228367403142	0.306376874466643
0.139423509618943	0.145695796527138
0.102291430004319	0.093594492999608
0.234927378086609	0.246057011859728
1.1271367246149	1.15476540387712
0.403263128874602	0.394823920298512
0.546044273744067	0.822096308672545
0.367418214606723	0.311191956212775
-0.564967876197625	0.363032335758834
1.59329739672378	1.10829608334006
0.79887233154086	0.336139804071938
0.371891833900981	0.166807844763612
-1.20574914704959	1.91559380430441
-0.0254427929664534	0.0229282803111686
0.614424587666901	0.804560108239043
-0.349591018047554	0.419410101149781
-0.0204546021148889	0.0200161879993444
0.492378763433727	0.716613406374085
-0.014342441504341	0.0141994553670799
0.0287154104567709	0.0295078162999264
-0.213480667307758	0.282523817746324
-0.0119044549878456	0.0118689847167391
0.132405028718154	0.155219531273833
0.127772935701357	0.136132807050733
0.540566472807485	0.906229733408311
0.49461582987027	0.790377230329503
0.593266429375058	0.804430455022471
0.43576513754257	0.572435520197224
0.42090234615562	0.49698838948305
0.464126979568403	0.64282715607358
-0.239058185534348	0.261546495699067
0.526728755162651	0.75689929549057
0.432903576451917	0.173744486867223
0.73743743543896	0.893717971995544
0.844618102901637	0.621352923097354
0.476765309318293	0.424032406793073
0.129927317712827	0.0622759845878981
2.10142264111892	0.943067738907912
0.69530356700387	0.454680204330638
0.666489401463363	0.311075097187264
-0.00868583520944202	0.00605130622011224
0.102970449065168	0.0847317528341205
1.01303762708698	1.85875422260821
0.762720793487772	1.23881913469828
-0.421017566977391	0.544350474721981
0.0888531646831328	0.0874803441378889
0.0534970963596308	0.0480462076259684
0.497005249927721	0.58447204270776
-0.0207648693423004	0.0219613755698363
0.614615303258941	1.0108156205291
0.335024273528561	0.452429391493372
0.396257720333498	0.470466515856469
0.224051485064506	0.250273341272956
-0.265833291101321	0.318581947929793
-0.326376190169159	0.409188192295783
0.871637625593015	1.65501867335041
0.406428970696537	0.474977610164041
0.401078575475753	0.467616420603534
0.602414599661235	0.728084699900152
-0.107333667796842	0.1091384748275
0.481532382751348	0.650571687389703
0.331364961731507	0.313991133482344
1.87829573794533	1.60385716008836
0.145494994951775	0.083200131906554
0.66621801102779	0.311234872670405
2.10084257816429	0.942518600567556
-0.332400861175524	0.154909270721447
-1.8396714502032	0.75990222543046
-0.485307277495628	0.329212221204615
-0.0475864355088911	0.042906673142098
-0.33599894812485	0.379843473478662
-0.589602462663723	0.85224374268548
0.377356617888536	0.46901333790812
0.443450233912274	0.706098153237891
0.250135669865889	0.325219674536847
0.0315132346289911	0.031085497512457
0.0545335982250342	0.0620806246965114
0.419981984289211	0.663544810693048
-0.320212319190831	0.437387740049323
0.100470372636816	0.106017212583134
-0.0336560362046245	0.0300889249726497
0.65241897796384	0.987956823052541
0.258215587346044	0.314565742766205
-0.267606465450114	0.308253170880965
0.554939405082225	0.910407487744413
-0.151774207144005	0.176270629786984
0.487871284792097	0.775378051721239
0.529365168108032	0.748906755959758
0.398997029986992	0.316091986138039
0.691093337508177	0.998686479741944
0.333469590930402	0.38808582798688
-0.0771059244278964	0.0734540992679809
0.525194482630062	0.739920976403931
-0.209385842401349	0.252565668562526
-0.545697309940241	0.819259941828332
-0.194909741616084	0.203472841562323
0.370347286436179	0.498245033420583
0.1327804685098	0.0699521051087503
0.128350501127829	0.043512403302682
-0.746151045211633	0.259667037559905
0.125993483634561	0.0480831645922953
-0.00249668822743347	0.00181970301219757
-0.0062086942822546	0.00516107481539173
-0.588671746527376	0.895027446749948
0.223611093079501	0.241116284912147
-0.0587628953619356	0.0565715662472282
-0.407038317224894	0.529644821594816
0.572763217138688	0.92039506592553
0.297096484751949	0.39601873422236
-0.217123584402438	0.254334015227667
-0.18311139340127	0.210926405843901
0.108586153584324	0.116976475637729
0.62743668416275	0.953824248698054
0.22045773833739	0.241171642545269
0.00262387990163339	0.00239363411545982
0.136287958203707	0.146310172785579
0.132587118166069	0.13772761456156
0.128332811606461	0.128702877692849
0.171647001754089	0.155077823461813
-0.398937987700826	0.517040979151572
0.43855248575172	0.648499425627915
0.278888313294983	0.318359826270921
0.460408567262029	0.422143004770638
0.214141782408969	0.220549074244227
0.336389884490848	0.391016930133984
0.583891453821426	0.851742670040367
0.07496290136155	0.0707995954124858
0.342316366656687	0.385185998308725
0.130042438420577	0.123703094927996
0.430089529720011	0.475217752301676
0.663820135143939	0.990571811543255
0.43977718070218	0.531870017067123
0.669732606178604	0.313086579259695
0.512646744152847	0.184296959174933
2.34056471803493	1.17779626883001
0.130658112595085	0.0442562319396043
-0.637038544049072	0.578399258715319
0.17687172042863	0.184092815729045
0.974538114554258	1.36204902250837
-0.59810933270815	0.794855523225645
-0.0746949647053337	0.0570990357831428
0.288956316215378	0.320168707812552
-0.250431770783462	0.311307681022389
0.0738951297008277	0.0719288749309522
0.269366112999763	0.321431689837456
-0.160298070522638	0.179336954467519
0.0271892691739857	0.0241857245526245
-0.157257066098779	0.161136484283103
0.280330140821878	0.320605938076007
0.0827081713564559	0.0824087735018366
0.0209680914885419	0.0189500676566283
-0.579302406036395	0.962761187189578
0.507676044254002	0.721336767950446
0.374405966575588	0.473220118874351
0.050951078473169	0.0527341816373797
0.707163739428956	1.15633902062703
0.921986523320934	1.63231496107943
0.553085402146954	0.685379322759955
0.969053148065046	1.27273788927118
0.505930324799025	0.652632560763774
-0.0907415499681709	0.0860578674072585
-0.263452365834467	0.248314573655497
0.122879790747296	0.128271073634059
0.295707901205855	0.309943916269123
-0.403415745279836	0.448194145594714
0.177854993200081	0.182170056055763
0.108078120265921	0.101154101553213
1.02349375759299	0.388665902021623
1.60623255227419	1.12214382178989
-0.259201396406622	0.220832793572558
-0.206402735280548	0.194936726144114
-0.111966244218106	0.118535083423539
0.377703545513451	0.469785055688405
0.969664705834991	1.84430541646217
0.00728480418317095	0.00633274303885283
-0.42430533817888	0.523824250121522
0.121088711118664	0.137236913098592
0.0820428335025458	0.0828344055873138
0.457008616661091	0.641389071818605
-0.0583243023316263	0.0561607769740833
0.0261045051083882	0.0244299440587539
0.233816470261923	0.230051728136517
0.0187282695237856	0.0165577632418211
-0.00885540049852308	0.00733445933733236
0.115200390764435	0.108494092194757
-0.582525592046309	0.739243457616513
0.33128215393653	0.399939017389054
0.92740957892034	1.48511403178282
-0.112073239142438	0.112969561034845
0.589335645498237	0.844698919395997
0.615024361616176	0.728622565772632
1.10797515083036	1.97006685566817
0.223532432696674	0.249392094740692
0.247386840569992	0.222866552045589
-0.185652527711046	0.195500024676552
-0.111355390916179	0.0932768449215757
0.170743329004647	0.185733255790532
-0.53917564910422	0.721787567979946
0.60488223959267	0.732765231668551
0.0594213680727901	0.060460577118291
-0.0919601820547943	0.0945652493826157
1.06079436478751	0.647243198837456
0.376881186642591	0.169209189389487
0.128629618148228	0.0436530854985291
-0.332566821175194	0.155089866310951
-0.86741453216671	1.18598048351145
-0.335293907292188	0.397651621724681
0.578851194082364	0.990771109694833
-0.00834914316747763	0.00775749542821183
0.476104859782458	0.653230574845446
0.423479848824756	0.501091764738488
-0.0822155786911362	0.0815454552710494
0.600558840831794	0.867724217869596
0.106542009441341	0.0978457575556992
0.143518241335824	0.172321021785656
-0.0221002195286389	0.0204868495664943
-0.175037084394051	0.185573450975861
0.271631539817721	0.31377305023793
0.297773429061409	0.401559628215513
-0.019816446271338	0.0209387917324356
0.307311596964633	0.317309384331705
0.176460807885736	0.192940999210326
-0.0776862925859288	0.0739640696272994
0.0134240719189708	0.0126720466727208
0.192760881893621	0.239087329730328
0.633550689613987	1.03790380270414
0.54401402185573	0.685004308902318
0.473015276677752	0.573859527782844
-0.715075186082829	1.12017680498239
0.456259735100092	0.560067075065642
0.354729461560221	0.448664416872717
0.278673107946311	0.312434362757351
0.0786510221380429	0.0757281281719138
0.552372576908065	0.816277630046474
0.21167350843282	0.225790478112931
0.271251590565047	0.19345574496296
0.578377803601533	0.299737983375494
0.420967379737451	0.16913923643217
-0.416158815280474	0.176424715546526
-1.50701639972444	0.77640312788577
0.529921101063755	0.536852377923223
-0.687377169400584	0.991393553509482
0.455489606899498	0.638601466253825
0.210511397273067	0.232033433934465
-0.773411560231918	1.15841588798137
0.0351240165340195	0.0335797484139446
0.171872601357015	0.17526341248231
-0.1929837469045	0.22421477333585
-0.576772415059605	0.892874221355099
-0.110866111205212	0.120263485815281
-0.651955561829198	1.02401004222993
0.144935168888282	0.169910642525862
-0.0193512422514078	0.0175800538858446
-0.140477446133011	0.163351234330673
0.516511106786668	0.737155899829138
0.122440198592376	0.118137425543187
0.178879763843878	0.186628409972542
0.453500572418947	0.6233525767223
-0.370558702278526	0.41072589901306
-0.56588283176506	0.778357728351272
-1.17266393915053	1.9298805198858
0.318664667699775	0.380321341151586
0.277697033714793	0.333517572233838
0.354932614341136	0.394267981457545
0.741168097503725	1.21343874385288
0.813925210063456	1.43102936751365
-0.266018884670479	0.306078955139295
0.890112365134712	1.67404181411426
0.179401955528121	0.184035671240468
0.295325960261237	0.190829478851535
0.407947237209073	0.30759856178189
2.54903860174428	1.41526383371526
1.76484406348662	0.989739098820334
-0.9517338753124	0.708177406606908
0.130658112595085	0.0442562319396043
-0.239627290100068	0.207499411095882
-0.0423021765199094	0.0342795047134725
-0.200258147432078	0.209964414279822
-0.0315372377463217	0.0307804201073891
0.402057802870392	0.467828969848132
-0.332422016563449	0.393402405023074
-0.031460642928414	0.0277217942678436
-0.416379999075675	0.510467266248785
0.143663035800678	0.159780022953162
0.229565133573217	0.266019989434672
-0.373189034183677	0.437784294925986
0.286157385672004	0.316682284206465
-0.490217460578175	0.626935544135804
0.114820314304864	0.108095026244532
0.412005325975404	0.552511759397768
0.614286960521947	0.80437580942849
0.15799936236696	0.161804299288435
0.0707678021140468	0.0654586594887627
0.339762880957385	0.397228426526675
-0.0665229680621081	0.0644681077043311
0.69124796632984	1.06079171824125
-0.0427665512343516	0.0379335178552881
-0.094595402646961	0.0797924767791384
-0.175608240501138	0.168637289505737
0.221031914633311	0.233587414892796
0.659985298531701	0.680883056582671
0.299654542070097	0.307578535956359
0.2250035328858	0.224739590071784
0.522304407213973	0.662702547574094
0.252727294630724	0.228977520533959
0.778436987066196	1.17425252228791
0.687033158542353	0.447532482893764
-0.079515907274068	0.0352711953292249
1.13007380140136	2.60113025369391
-0.094203398604506	0.1006148540904
0.00616706481985984	0.0058050749622543
-0.442473386642685	0.625513604161463
-0.87512243430974	1.78129511818017
-0.418803178352	0.614040679329681
-0.416401050821202	0.631638434567656
0.0230298197049366	0.0229336613791085
0.232817948608651	0.270258177768541
0.323826689046391	0.40901482125269
0.0112436691566503	0.0097370120989715
-0.632600804203192	1.084197028554
-0.196417651204167	0.214179648053812
0.648775441943639	1.03254071825087
0.279694661115393	0.307735697589957
0.338839266768702	0.459266635184875
-0.589840033316389	0.987653155650505
0.618029670437421	0.884117229694932
0.189282151371494	0.228103695896776
0.149786557009409	0.16519985666092
-0.0279394216210301	0.0248481681587005
0.222378557010775	0.259843766621735
0.0771705937712745	0.074231836145276
0.122384098858329	0.124120323191988
0.694191021775831	0.698755151226593
0.0832042050901665	0.0804162223592769
-0.265579189792288	0.304754703626305
0.0473775680497764	0.0449963361573862
0.392442805648719	0.405942036803995
1.37459802824399	1.05820696788117
0.567890904827823	0.544732887869069
1.04047466115686	0.5035241011318
0.686987250628924	0.448779095668122
0.729688367265175	1.05580576982805
-0.141093054263474	0.127886545588722
0.141893093976995	0.146214871534697
-0.684946293651809	1.20476441092827
0.344389611595963	0.387623692421666
1.14688567184328	2.82495877867453
0.263804401579395	0.308238691910436
-0.0359819834514834	0.0317585893521264
0.160869069908388	0.137281867595937
0.223856674815833	0.237015981722711
0.455922298529835	0.639690320059839
0.222828102886569	0.240090219817696
0.0428642270007143	0.0399026403172418
-0.258723461525091	0.263687804219887
0.881387135594709	1.59220968637974
0.22881558004148	0.229305895906151
0.0188200812745938	0.0163356536490906
0.890316455721076	1.43224814838716
-0.520706261570019	0.664396243149996
0.764214564077982	1.28614525542124
0.0184215058050781	0.0182907092068697
0.265130525482936	0.309862603360236
0.772893973097525	1.23731178884057
0.359539665421776	0.391757119512907
-0.619634921186818	0.661624463584627
0.763681620625027	1.0665473046918
0.0566619150665957	0.0490816617547243
0.667138801613066	1.0733255920659
0.632574106699751	0.815878989031536
0.879905038160757	1.08481357415389
0.587871548965486	0.443590695332609
0.686543845686121	0.448646658280833
2.34113999779321	1.17846776749802
2.0947784487372	0.938173333818132
-0.787825204296024	0.348755440723153
0.76489232738748	1.06949298433297
0.570722237828823	0.84176914092663
0.422367005324838	0.550053228168061
0.178877227573314	0.207781333043498
0.548286923172992	0.877740699940735
0.270746890634809	0.35841968970879
0.363350267805789	0.530103473298277
0.0343949330647685	0.0387715801819441
0.115815513235153	0.11843770787002
-0.238225534019635	0.271745846214401
0.0346044446897606	0.0319852219016484
0.000871223079638251	0.0007756846129529
0.130639089014601	0.133377420424519
-0.046580714680062	0.0475723691915432
-0.087411321514081	0.0937216174920557
-0.00647812983468156	0.00597469576137779
0.045370649733515	0.0449038145510812
-0.0220723767817023	0.0217698217685593
-0.126961851335726	0.140997664202239
-0.203503096479067	0.223462085305128
-0.553928353924863	0.774714079544126
-0.0102989353950435	0.00942226029197477
-0.126109766477067	0.133647730972629
0.307480917794308	0.436964079940847
0.343200520085306	0.459109305562604
0.100754216426969	0.104867789156701
0.331021571301184	0.38456936294634
-0.0373990390239353	0.0250711013278056
0.327155747380628	0.393529474355658
0.425956420778523	0.622972827520104
0.364609913923711	0.489333808560293
0.339872298220672	0.411984064970398
1.01938669987078	0.386305411802006
-1.30246548422077	0.594875039253612
0.122501515524795	0.0526153176067675
0.331911883471414	0.322722880833512
0.66792044695917	0.917582134777324
0.186068580138487	0.232330031348445
-0.103776475572889	0.10372573672411
-0.283795628890666	0.358914301717457
-0.112052648262752	0.111268310787584
-0.894842034760322	1.70523745516336
0.560897053131638	0.7621446848837
0.437879916728869	0.410739010759421
-0.311991385192052	0.288283078646339
0.225308079332638	0.256079056738922
-0.0721430066341308	0.0702624142185468
0.714733774902878	1.11582706306051
-0.689184942202422	0.958827399042577
-0.14003637141526	0.129242168101717
0.404338958903221	0.538600358446426
0.176090698123776	0.15961835189926
-0.159780715545467	0.143911597606288
0.085723704068982	0.0868665807530762
0.102518531475528	0.0954260283332441
0.278162601422886	0.305744510669199
0.662570518687037	0.928785853986465
0.101723383428825	0.0995130550250396
0.358634263774888	0.39054093316665
1.21547754495146	1.82075450732423
-0.345556659541299	0.363931963309553
-0.204231151951997	0.211123972837833
-0.117826801556196	0.108892009999279
0.734245748578683	0.888260615269317
0.177221335178514	0.167830664186403
0.744536704772465	1.05726499000386
0.52589424032571	0.302813570212805
1.0450964389275	0.506958445716875
1.74151938269483	1.35122916697432
0.576112517288804	0.298526731988869
0.299046458964726	0.306987096032998
0.728778605198091	1.05359608382199
0.276390548112478	0.291369671912021
0.374555418174255	0.454854443907678
0.0335553150254345	0.0299684461687284
0.263789198801132	0.332895657231888
0.725325019002938	1.11238255472327
0.0276550131856781	0.0216158601789129
-0.464130914955659	0.511079014063141
0.530191568883162	0.694033554870328
0.428314806708544	0.538035397817209
0.281730006351124	0.31084627683728
0.778846912656987	1.46142413197163
0.273355985633713	0.315879521261095
-0.167817297391954	0.163327662699488
0.496226528587773	0.650248437420179
-0.259435248092563	0.243853957960336
-0.267907817909176	0.253211250840353
0.0607635822726534	0.0537355917212059
0.380380339570074	0.399994563902957
-0.226177747843478	0.212187589995803
-0.504321085105265	0.61573918252345
-0.437350304684345	0.485484553784246
0.0391436238258656	0.0322173945190658
0.739400309520195	0.723495988766025
0.235868612611176	0.216329862649404
-0.743227829996766	0.831408462720038
0.31264693249011	0.316642625863881
-0.323026533417579	0.342319676521628
0.264240290696348	0.22043219984143
0.533347385310464	0.608541700199313
1.69141458028263	2.56960629835323
0.766174382062681	0.602362655824127
1.2481163389551	0.687285853301533
1.75871523237398	2.17593705137131
0.659096332184456	0.68069317946914
0.221290225551966	0.254722681814496
0.196426400816758	0.220267838643337
0.0158931905724469	0.0155425250781299
-0.0143716248457085	0.0118232458136527
0.601631849261792	0.91600541528684
0.589447603077689	0.863177618584271
-0.306836160266092	0.328176946316999
-0.168208220322709	0.166835018626906
0.0699226941255059	0.0656884996667053
-0.0828743203131699	0.0885830855106009
-0.645459971085622	0.89637656746977
0.494338515533663	0.660703985571693
-0.0157246961356435	0.0129029236390877
-0.0430131236513237	0.0386526620446252
0.675608457171931	1.07195857846804
-0.00272730701883795	0.00227043369368846
0.941758481104726	1.74603177374436
0.0103270497554597	0.00895359311750529
1.19125975190357	2.063421860937
0.327189939785931	0.309189361564798
0.0656803544963901	0.0624425402877207
0.343760086177707	0.378688773403044
0.379542013755702	0.389022803346604
0.672295650980619	0.924476043020677
0.36786094613455	0.312028847003306
0.487377960224737	0.66154402476211
1.22065718463218	1.47689184661138
0.589302139108598	0.445167491095265
0.521755168374959	0.300388766163473
0.876966092458338	0.471322763193848
2.54729389080162	1.41954849700171
0.138515396205365	0.0351017639698387
-0.395844678467676	0.349984146734389
0.670296751449863	0.767564093140343
0.303350469527634	0.297176019784203
0.217475953523318	0.256389133505675
0.00505567496284531	0.00475211743313666
-0.494465884583669	0.538900439490616
-0.561707181433053	0.81144122637232
-0.389003894640086	0.486148866753481
0.343285069945837	0.459781862158441
0.517959780907505	0.673917393137399
0.173356609334248	0.186144532198509
0.280853120693351	0.321432518343327
-0.0557696917457297	0.0491681919738443
-0.175726187868286	0.193689906593874
-0.406594440760447	0.452386212047992
-0.645789508597488	1.01138624820547
0.750132609445087	1.21139639422136
0.270269875526129	0.322882946842851
-0.344918186176686	0.392399996147027
0.271707217551021	0.308144290199844
0.321035502970882	0.31892464737687
0.107917526117473	0.0972163271377597
0.383698044971937	0.404981145106344
0.387392873745359	0.476101636307449
0.456700014262841	0.574362642581239
0.770173647413428	1.00129161910986
0.597254013322163	0.451449439126844
0.492807877565092	0.42153274878793
0.131613150696753	0.0501949480009245
-1.83528069034894	0.756548371776701
2.88464150613644	1.94568607656151
0.482896727036272	0.304072680901645
0.0917753338708935	0.0712333053060619
-0.105239933245544	0.0895598099383572
0.322693733680885	0.406781018065642
0.40987023447529	0.548765850082061
0.658824065519167	1.12742864617223
0.293447020963593	0.395040914655018
0.433476711731742	0.558707396039882
0.320575380603241	0.402825901082712
0.22071182077208	0.237523856682753
-0.216897035651106	0.253942901863736
-0.771178643580929	1.43498520575052
0.51506231577757	0.736045617759832
-0.322576724966271	0.42505219312032
0.443375126214668	0.637087306133343
-0.326704313133955	0.456700075673121
-0.055954553814142	0.0493043087198893
0.498596029279411	0.730191431724422
-0.174045149456743	0.155159490747843
0.523155080826167	0.736760185140717
0.0681964469241118	0.0629184941239298
0.16608988272707	0.193506677637383
0.0508314478974472	0.0498884527045319
0.405489510568319	0.484508731564588
0.177895150241586	0.178919199657723
1.21952156369656	1.342100306024
0.276506194347471	0.207221379587018
1.75911843507309	0.986644821473988
0.426509628253346	0.171575902443478
0.133962793640632	0.0641477163722926
0.121969436589159	0.0523853124302879
0.27076932734055	0.211053850752435
0.521350874095359	0.678616029861532
-0.972708222189263	1.72199960130939
0.343260653887455	0.467101378328737
0.181066727892877	0.201772714208433
0.232815411154961	0.274542756398857
0.282065482766399	0.305100739556455
0.0480091255814609	0.0483754774386533
-0.31234495354079	0.393136049741323
0.379808630810505	0.546011159940408
-0.275422537276749	0.327443918386658
0.292762428323444	0.399649442341266
0.129329974658396	0.140030797072602
0.067897056506553	0.0741064183116209
-0.711353250954247	1.14870000616505
0.061137134342354	0.0613846190527437
0.0357353186188166	0.0373387799702512
-0.356562519524127	0.442490973183381
0.459658760670705	0.780008545688572
0.0209207133198517	0.0192171728034811
0.050364190976834	0.0426205603870101
0.266948890851725	0.322971787893732
0.329340372942989	0.404094177164931
0.711007768258322	0.877104071108867
0.649097846031469	0.665886260571118
0.26801589175779	0.208620576300652
0.522569093424772	0.300945100166715
1.2558676521381	0.693882064620264
0.428112868847417	0.17216881601896
0.525083611534692	0.302161439128028
-0.0822189402010077	0.0701944588833854
0.131364802651901	0.134247026390351
0.0321635539209747	0.0306954724189617
-0.143251140349638	0.161732702454677
0.230455133039769	0.271161815312029
0.0660042148293359	0.0627865682294953
0.277491599907963	0.305191635877514
-0.740785347873082	1.1164985568994
-0.0840375871488566	0.0899345663632068
-0.122656848042279	0.121067564049369
-0.445471947090814	0.603477488991468
0.470245191782682	0.707991836984214
-0.0313193549531298	0.0282586224792727
-0.0282625701815838	0.0290347795103991
0.120010881339759	0.124962621362016
0.435801852056405	0.622016031246832
0.481534955563547	0.587930116403578
-0.427558990365262	0.528855272037193
-0.566666622659073	0.822621821409953
0.0056281764542033	0.00543229118351604
0.751443102140031	1.21525455595266
0.660973785321327	0.983836172308042
0.774663922163911	1.2426427981124
1.14609289834436	1.72293488201102
0.630834590551172	0.444239806358725
0.133148229099586	0.0637613248523892
1.55558357995564	0.774858404813003
0.135227920182896	0.0770547192034092
0.634214571923647	0.818728638560418
0.476659858025339	0.710797668735983
0.183189210466986	0.222485707680492
0.129811961531792	0.13251959301379
0.791222147695147	1.63752563612778
0.351969534951976	0.522689495764612
0.286258435010272	0.403742728217075
0.260176125835211	0.341702202907428
0.843036582712164	1.68243109806231
-0.207234695984257	0.240665281474727
-0.0900755110069903	0.0924441912342737
0.369229468021399	0.473215782811293
-0.484211659304543	0.731338312437948
0.000268557146895976	0.000364783887396666
0.125222607557657	0.163367477994764
0.171842488879229	0.175234963207296
-0.132840686639743	0.150340621678664
0.00213717823495498	0.00193455322759652
0.479832625374239	0.740187776013418
-0.173956233333915	0.203878828338662
-0.0865145076038335	0.0886293766012009
0.380930248424273	0.482976317638205
0.766590528035153	0.602366480112357
0.546523790805567	0.539307402159984
0.430233238224466	0.173265323266744
1.56022290020959	0.777163158923144
0.51408721869374	0.185096174251148
0.380313552940582	0.473805658146518
0.419572483221555	0.565061646858799
0.652519400715771	1.06230493732635
0.299881663736235	0.417245632936057
0.267929139216646	0.303447330736586
0.175309258335861	0.182436293123454
0.276881103459327	0.29794517460417
0.319716987479379	0.389052235040574
0.421817375360187	0.625162414805105
0.0205114521670211	0.0188630143182158
-0.00897027195112657	0.00884700414120728
-0.184402847894055	0.205010311900197
0.570306110042836	0.779651647236017
0.590665346317359	0.709678243539383
0.0287039154722595	0.026882101768944
0.439913426611247	0.620012230860545
-0.549630064082601	0.765585863565756
0.319805597650776	0.388927423002227
0.407984198580887	0.545207570297747
0.448776916175157	0.503380898788105
0.437368138330032	0.485105659402177
0.668993509231092	0.766017296392217
1.46250360113545	1.46795744562813
0.144030943602207	0.0363402578839825
0.132590428419856	0.0448689729669788
0.33390322730075	0.503176283848055
0.338686527269007	0.46602003338347
0.417327538119513	0.551272003604862
-0.373669849915842	0.561593003185566
-0.0437110895659426	0.0455164011029705
-0.144665075548457	0.172850226828577
-0.438607677828759	0.683883768316216
-0.456587969197133	0.710495144808221
-0.100962898057127	0.108475034694002
-0.190887947423422	0.221539996190816
0.672114469846985	1.0635875362519
0.382399346693627	0.551557850544613
0.128578694063964	0.142743602090848
-0.00182869212272041	0.00174146702367518
-0.317046133814253	0.377440564723122
0.545092384389637	0.885404220566038
-0.167178771220926	0.185537130861251
0.0488445026400583	0.048588501820909
0.702075601620668	0.787074283134096
0.689259965455939	0.933460320117766
0.619752734065462	0.555331006066235
0.818356755943226	0.85672470022936
1.22831859491419	0.842561064640947
0.376599525112476	0.16921731006543
0.659186616298254	1.32038662973798
0.296111599575597	0.410737514776559
0.119461617428031	0.136915807343304
0.228056328306576	0.279867252745478
0.619211170012791	0.813029591297057
-0.439616271677239	0.685560076337193
-0.0713762907049464	0.073898115616461
-0.553915980489442	0.918241319708535
0.279418368535878	0.307401339628648
0.0407936837713627	0.0417090678374464
0.455568886032825	0.689497821387511
-0.286430092298405	0.420173019756816
-0.160008466078201	0.167425100493437
-0.0542689519050669	0.0520636972226203
0.30338273014221	0.388777762802663
-0.129976559655808	0.13825186157017
-0.36614006835614	0.457891117571663
-0.208884122493248	0.243155685914507
-0.252753982258621	0.303157860616062
-0.133622861599502	0.131004733918909
0.166681425233916	0.127552824835886
0.318442432807005	0.413287881542415
0.632405135313902	1.0993274402732
0.476348100471877	0.697133657169416
0.573461197045107	0.630462895256582
0.406030847378874	0.322001813862644
1.57111246234682	1.70541850015269
1.58923239479098	1.10107253377806
0.374130747541869	0.624469434831492
0.302407101706197	0.427077567622225
0.0103207074556862	0.0102586110730232
0.30770852969538	0.41911738534119
0.263992080366589	0.352525062107231
0.261027950353945	0.343032485548516
0.36666676940615	0.536818717490238
0.113267406802602	0.124279666192598
0.143989308742725	0.168640358030157
-0.299468289045289	0.452424542593084
0.0767169604828821	0.0864354064038469
-0.6850422818229	1.1434353356903
0.488421869830712	0.843383801753318
0.0672245088508028	0.0687389974029952
-0.113577555475945	0.120547147248231
-0.0329211753177145	0.0324870003851766
0.412396804063087	0.624092510222267
0.212288456687202	0.24579111062487
0.463167449335664	0.641122158639767
0.582191112888084	0.642898151953811
0.317510701520201	0.175606271458526
0.937290825720367	0.924252979551444
2.54405181873108	1.41563589394824
0.673987614483513	0.315299834517368
0.309809205833813	0.305206546518234
-0.17829389844419	0.171929349926998
-0.16970503166991	0.150632563984237
0.319429247762623	0.381520753426108
-0.123096111876682	0.112104489898681
0.597212608911228	0.860912764306345
-0.348609222778493	0.36780283942363
0.389855308354221	0.470069443447889
-0.241628118516122	0.247983723477344
0.384224873631119	0.405673847477144
-0.641364223484435	0.58391775788327
0.113819429278043	0.105098794110287
-0.401755953073194	0.471508088448249
-0.0387736011739238	0.0308098632872359
0.466752995636042	0.564660385556852
-0.143291279597849	0.117119284620382
-0.140660564647232	0.114750298970793
-0.162344397643162	0.130928094364537
0.290618256742245	0.199050223414397
0.495843249645876	0.782769785512801
0.238354349975575	0.255337749783337
0.164926937197007	0.137692156254793
0.051807581233512	0.0333434567281305
0.0355642225349288	0.0217901479190053
0.533397203524824	0.794445186891893
0.360216063271423	0.409179782144992
0.290847295329951	0.310347320139444
0.113510332380271	0.104753326014237
0.176378266938722	0.173916662619227
0.449355841461569	0.490953649970357
0.449533541716756	0.503770881078433
1.08579799748665	1.81573887982132
0.635762216992163	0.738127522096216
-0.209588147327266	0.182523975643265
0.167276529310152	0.13608957999316
0.34506042185174	0.309589365041233
-0.546382244884128	0.668886358692086
0.0130281578737799	0.00993563455993672
-0.370679861375426	0.362246548108819
0.378790643620542	0.310281208902301
-0.547168049798339	0.670787916170579
-0.168759695732715	0.149689272416144
0.464761106475318	0.499051255751739
0.17114720988522	0.14365190613983
-0.0760058675728739	0.0657464044995821
0.180917461036602	0.198325843444986
0.30271138157914	0.318677774432516
0.644105338751259	1.8811926391325
0.545148396951291	1.2196070906583
0.88394702003092	2.20725738913591
0.474665939549592	0.804802555088561
0.321245809401382	0.310493042493135
0.452071190958237	0.57859877450968
0.599227560228917	0.930205231077449
0.327970091799746	0.387274132988745
-0.436449541868061	0.484294838517007
-0.172462438446619	0.171230201489651
-0.169955229616114	0.137627093086908
0.109610095349788	0.0969744660448642
-0.294063037384546	0.317731803928353
0.293238520394553	0.299636126592323
-0.274343242902412	0.325447744369816
-0.267115177970187	0.301898709270821
0.121370787498747	0.121061633392038
-0.199816815820982	0.208960232709406
0.836474588529966	1.14740098762391
0.00739793914471824	0.00522113911548955
-0.383753341966961	0.404438335819402
0.475938781244199	0.423193624097743
-0.00780876980616729	0.00643252338553157
0.0988507767914671	0.0884422208196789
1.10242132305545	1.95452939485673
0.502729175981015	0.710496135683874
-0.0321699662835504	0.0422176148118525
0.0759942861130351	0.0730340751883373
0.51952368570191	0.660759424367566
0.477879813123015	0.700520193384882
0.190319107039985	0.255790228259917
0.38533176503601	0.626697734932807
0.355206463282954	0.571042661425274
0.124143516968941	0.159717089955651
-0.394032231820243	0.627950982692117
-0.159895594270663	0.210695473630614
1.00269534183479	2.47281983736741
0.373030625842621	0.541068418863912
-0.283480829088968	0.401912814622935
-0.14847444681414	0.158405576996706
0.0869753302915529	0.100108841542211
0.698715836821403	1.40849024666977
0.131476130673562	0.138513303924949
0.643132295233441	1.12853769242212
-0.132553691384523	0.129767949567718
0.0793842301760213	0.085507044683067
-0.170628130097602	0.179972916985409
0.299357764478676	0.387031031432472
0.087909779471969	0.0905649525600011
0.187041510222883	0.209617334549831
0.481220299357607	0.720162448196427
-0.537290352624072	0.718790101073652
0.394616323875196	0.477923874431227
-0.362240795285109	0.528610944417361
0.246698226478588	0.216547153072651
0.178594654065917	0.20163338430058
0.0920047840899663	0.0988470368867891
0.469700620200825	0.78239165263386
0.296826195880703	0.388847368436901
0.787723943616961	1.76159424865146
0.311932470857583	0.488508310658248
0.398151858600754	0.667383100641898
0.184107021521338	0.237518845854366
-0.0897611997662388	0.092289131118502
0.211852281766639	0.269940675427527
-0.315237249550672	0.381435487601758
0.120789780545279	0.124157831072174
-0.198372688402422	0.250837039308052
0.35460225306256	0.492718234771584
0.416654644004535	0.549704618963123
0.350262896905739	0.479212753716665
0.8108549896797	1.57199417651147
0.300439806912099	0.424156418651235
-0.0441341227410135	0.0397158019112123
0.161921949682667	0.174502447991612
0.00922012564706674	0.00901565459984145
0.0925108229049826	0.089965252034631
-0.418743910452754	0.550610146878962
0.138338841444228	0.159305174001322
0.32672739704465	0.39224925684952
-0.0883158167365244	0.0836727793392818
0.889286634535604	1.10400840070926
0.348228169468141	0.393712754006
0.367014243596214	0.47762810425485
0.12057782134803	0.138393794940297
0.0281879310982058	0.0264289721742395
0.219317777592342	0.2707662728214
0.471748868750541	0.722995203755224
0.183663350540027	0.228643617906364
0.0189178283407606	0.0211640741758869
0.125978528266345	0.15908877126794
-0.184563585886181	0.215426550525656
0.174083361459562	0.198457271400971
-0.282525187662663	0.357041185594418
0.13352235239773	0.155070937501007
0.0688750641689516	0.0705966592135014
0.485912031066956	0.729501617147339
-0.0444864543863709	0.0428570526179746
0.582578216100907	0.910766306347016
-0.196959931808026	0.218252553033895
0.11362062327193	0.129581321581106
0.2021755088777	0.235267350460408
0.357791874304761	0.485382335234734
0.219836609368575	0.26025714383535
0.145833047116822	0.164786787416521
0.832034556393526	1.75614673991457
-0.458449854176422	0.615357740872756
0.293009961196264	0.326006673815138
0.996828289371033	2.05401807594223
0.502149187294859	0.43281653821725
0.471187521613587	0.571908762886121
-0.00551886121605961	0.00458402358568405
0.128680005719385	0.135256496262339
0.0615480904116207	0.0523202107371143
0.0865581877933326	0.0851504896140989
0.373670846554533	0.463153876027544
0.851682113095581	1.23254119098196
0.236775787346069	0.313217819041703
0.301011657193201	0.493059226914354
0.438307293939289	0.811712125552439
0.0741218133136496	0.0922264489740538
0.601583932773439	1.28429616905346
0.0846485343044685	0.102617135712857
0.498308437477148	0.911327756597737
-0.444416228175326	0.735678725590178
0.816435430367655	1.51310354535742
0.391607351653497	0.590183138189056
0.238802182741213	0.332501420009828
0.553616115451972	1.01170934623178
-0.406936698410942	0.598865798955552
0.14227921514914	0.157902495055109
-0.445111563215868	0.681885710412725
0.00573948625568111	0.00571110012560451
0.121766076480182	0.119203403075705
-0.129378176882297	0.130210042233509
-0.094106792039785	0.100227168481487
0.77466183469911	1.3128065883213
0.506460098111827	0.861869898924738
0.0668129278966445	0.060558092875476
0.00071104518078311	0.000627047167895284
0.706628594619459	1.21617702672927
0.180288897013315	0.160118007134565
-0.982969167888147	1.94697962709913
-0.0524750585960055	0.0502978070751577
-0.148712794103788	0.168709009469772
-0.221864138319841	0.243483917111305
-0.322152517230268	0.401946133130675
0.637642585498763	0.824792903446961
0.884956558794487	1.5667161022139
0.799387598191611	1.34685242076116
0.827405994269098	0.868631988227822
0.937229831890668	0.921090529297973
1.07402396204396	1.45155313081036
0.292491026005204	0.420699591940762
0.27161077422905	0.308650526499481
0.179377676341493	0.239125968932976
0.378459319934659	0.611443044415626
0.338057933188361	0.484981919116008
0.533884244277553	1.01422087732101
0.134412803006463	0.167784528297977
0.134384621506874	0.176674280899298
0.0697397610238529	0.0753630252294105
0.6782925351072	1.13594013307558
0.30839290009323	0.415289934378022
0.0633686510455257	0.0686791499841634
0.272783915730526	0.347235787092623
0.0260240564298162	0.026346254157476
0.214083158648874	0.255674458361188
1.25225997098412	2.46887333910659
0.0867768503805648	0.0928522226569568
0.759402670358332	1.34162417403045
-0.341676417850727	0.47834424319456
0.512548831790716	0.778408535095341
0.346033651211555	0.464181535001644
-0.0177635305455172	0.0164177444678878
0.230348661543745	0.249563959427872
0.21375494716697	0.228220512030436
-0.886310443389568	1.40907256685426
-0.140859969366245	0.127541474949589
-0.653495381311348	0.91124458233048
0.0963829095132034	0.0789586736429482
-0.156733524646296	0.165745456586446
0.384928154888733	0.490265289922665
0.0599161850634631	0.0530548381778535
-0.29187295119351	0.315294896765434
0.10528968447316	0.0965243763457004
-0.17732480672185	0.158347087549
0.521436234647524	0.679124633132174
0.359671823535683	0.448588444278972
0.913614926266109	1.02529137787876
0.312797526442063	0.171837331384006
0.191200434296048	0.242672110004053
0.431722195265271	0.698918525066619
0.582954031237612	0.969633634677227
0.358418459881107	0.486486045179262
1.08833024201911	2.40463970114494
-0.127929592542508	0.126850817191116
-0.476736417029533	0.667810801805613
0.236786052209045	0.248482567407006
0.184096159453279	0.199283971177036
0.11909323786827	0.116499666289146
0.171301998783204	0.177639714937339
-0.163857316518517	0.147724182714692
0.554552184057159	0.824418445927719
-0.116198724191026	0.123627408039571
0.112991376680498	0.104109261906888
0.599481179866115	0.796868465655607
0.555171861106191	0.688461550024838
0.0590213770320466	0.0541545056280484
-0.621645558275445	0.664141663079099
-0.526217938747212	0.6746794899129
0.0255512432499182	0.0227058489805576
0.233412353070946	0.23970686261726
-0.380449405976653	0.424924643177503
0.271665612456136	0.211944103847188
-0.39865464770747	0.385102497118019
0.393450719856359	0.39556637684676
0.17848010772665	0.169331288577674
0.0191124656002428	0.0149221524879518
0.445971904968369	0.555850408452769
0.319309807811396	0.308764956455675
0.859221332137367	1.56792809826845
1.22129703303206	1.59952050727435
0.710958874880586	0.588425994171248
0.144498281078353	0.182186779131278
0.216006499548448	0.297224685451165
0.343028042889291	0.499910382588898
0.210575801718285	0.268149474037118
-0.0242733390969164	0.0263290733139293
-0.11338265103192	0.123301244935833
0.218549074734908	0.234697585952319
-0.215061803036661	0.260609774283826
0.080894163674313	0.078034593890962
0.416994965971111	0.614354234224101
-0.0803798805487496	0.0818883363855251
0.0147583048610602	0.0156734670766687
0.639741619281628	1.051419367851
-0.0595786834029247	0.0616389490461581
-0.218497680939796	0.29533103546007
-0.334596016635481	0.45635243713364
0.471145777041927	0.572177771230668
-0.204771396939881	0.224570707889783
0.57967200247498	0.840707838760528
-0.151627404086185	0.150851366263046
0.0390407626657609	0.0368434132805334
0.666977289886657	0.915171745854874
-0.439294347568741	0.488358621201804
0.0373989566830912	0.0307656143654684
0.157268332276049	0.127137414050333
0.390000269886821	0.480329784070692
0.0546795376551853	0.0462832020170745
-0.311013726353692	0.406140460823882
0.155084219248994	0.147212444453431
0.374368839819759	0.445792213069053
0.624522923103499	1.36754763127103
0.732403231440204	1.05832936077952
0.952372169952686	1.83180151042477
0.73452994287781	0.717298129425745
0.587563385188231	0.443427168915379
0.444711685016439	0.707059907732601
0.190885518920656	0.251138930423875
0.684859322693855	1.15171372372789
0.189866336991506	0.232056613097893
0.312406890574588	0.377581932629896
-0.434101008125278	0.608985466005567
1.09250282392773	1.83772865010835
0.754577743542204	1.54631544088271
-0.612811253344824	0.822733406851636
0.505632975951055	0.59853925201858
0.267439572714656	0.328736547789102
0.169583705240981	0.169463441334977
0.51892740345635	0.743430598721649
-0.343269904602295	0.429131211760433
0.391175924909654	0.47241705340856
0.418379159398275	0.563363162244379
-0.369175181924566	0.483001967843738
0.111636215571563	0.106741272186474
0.0158024273633347	0.0145355276205733
-0.10913853299287	0.10187307062865
0.898242210570131	1.45192219149445
-0.261714902681728	0.286149297916718
-0.397873296512043	0.536624667688057
-0.106914321356189	0.0791591082841615
-0.152346086749678	0.139167120695782
-0.646072318022905	0.589989728344169
0.579843173327097	0.63908287402602
0.0653188157576487	0.0579843810005425
0.726970021007466	1.11549879024173
-0.529401808668685	0.572851861179531
0.36820060450392	0.394223042785586
0.368258466674035	0.394054681941838
0.759594590845101	1.58727482212137
0.556047399583675	0.882824449010816
1.37356182693798	1.84900600538867
0.983991222952253	1.16614208526408
0.374435038166006	0.305596687394327
0.454777725412323	0.709807648313086
0.385230062774547	0.601890477774063
0.342309057628124	0.465519308438149
0.352979738088887	0.400221005514241
0.221086235160844	0.262131078451062
0.405416200765984	0.601471318289511
-0.104605759485346	0.117735884265323
0.0182537057863346	0.0169854819337077
0.512860116235546	0.793771634281983
0.437796041891571	0.603516858400917
0.0556495606695622	0.0508305183274162
0.0162727533214768	0.0144061875181776
0.130118124099021	0.130581676623177
-0.266135313217147	0.305967087355134
-0.476414662542114	0.63409733090759
0.480656248607786	0.730762883293253
0.175187436848024	0.175847241450058
0.0704016811665003	0.0662460298596078
-0.298708377250197	0.317628231224845
0.456631990952739	0.560151515017487
0.0761818578063189	0.0719397409947398
0.333236748375894	0.38714545814569
0.181728322567496	0.164968455127549
0.283566753164431	0.307144167811198
0.231711028435096	0.242286621592983
0.0608283333531041	0.0539205298771345
-0.436975711225088	0.452907469844597
-0.808960325061145	1.05481743979997
0.254446350902886	0.21789133248892
0.231752043113069	0.237425274346107
0.659011114251232	0.839189330514832
0.295308335557448	0.302342447189766
0.1230974237654	0.118663911739679
0.0710605063195125	0.0530213154900197
0.775732070321144	1.01090831769762
0.637658791035717	0.822373020785541
0.704179157161896	1.94791632694457
0.284938091989101	0.477775671036316
0.714603650892788	0.594797536729376
0.171430836495759	0.126981290964537
0.0363598769922259	0.0298461606357999
0.845569585448828	1.84599607533215
0.316592482194127	0.410030686052185
0.350240767326305	0.532972332243006
0.567837467192146	0.893364770226492
-0.0420851331305923	0.0372804868780028
0.229310741043195	0.273810488647283
-0.131886303968023	0.149062135126497
0.340039168715265	0.44581346077999
0.496151524547823	0.795421642564913
0.645232195026329	1.16301509068661
0.45404480571917	0.624287630293864
0.395148741820362	0.54976620031045
0.236375119719347	0.242601568491683
0.482863324313768	0.640016942852698
0.580595594461688	0.904244752454342
0.265972086900156	0.311310124623338
0.646193808818757	0.898222793604119
0.863995404600716	1.40863751196865
0.853963181798122	1.55447400118169
-0.0394872441028061	0.0319379985246076
0.318759179882141	0.307755769765006
-0.400045129158086	0.443381426889348
0.902957788003318	1.45968648185715
0.388718498263676	0.400341023178368
-0.295494380941721	0.313227774089333
0.221248788756293	0.254429981724237
0.370141196605908	0.396967495451681
-0.812095522430806	1.30050585404785
-0.501904052602069	0.550756683128672
0.0522969431340477	0.0460804503716603
0.177985089158867	0.157698454460066
0.808932593422855	1.12402168805439
0.24875136696193	0.22477584932768
1.39951455411801	1.74667821095745
0.235356304126253	0.232110054359101
0.399661708005325	0.85520279879607
0.878067132755925	2.3826180260249
1.20152510411793	2.48184657749944
0.417411692644497	0.490913137221241
0.403726254484695	0.408488116086151
-0.131783796215053	0.120764079954482
0.114445178639864	0.131970629827091
1.3644024672959	3.31893114095784
-0.214485186978842	0.250686132941204
0.464035882233239	0.707040770301946
0.321755969365911	0.384764098938751
0.184661983718115	0.229920762488925
0.372098946666989	0.451467914238507
-0.393905631394877	0.560795562003655
-0.114791460316591	0.130388046576256
-0.11735718082286	0.108379091703084
0.233777001917202	0.235046775086369
-0.889059670280796	1.52397479066655
-0.043418195980929	0.0340499447453441
0.246176427414913	0.238939027748605
0.265986456980813	0.300258120909903
-0.107740401890627	0.0899957189659976
-0.0147706391379211	0.0120459878589609
-0.0387272287203617	0.034700957363766
-0.124501157162565	0.129851150564174
0.917733949775345	1.55982794015793
-0.213274421274247	0.221981346992813
-0.888320675083682	0.904476061532061
0.383076078139014	0.403909812671277
0.261545105364993	0.202836397896124
-0.398958712298558	0.441208427223328
-0.63143257850656	0.835792547294287
0.241414019598138	0.24382159280701
-0.360663391630875	0.32366855893079
-0.177278590336085	0.158251464910121
0.243500154282916	0.241292097840831
0.0885808063230645	0.0666068517968376
-0.057278441959646	0.0451967269133948
0.879071583628451	1.07816964535489
0.348017552993836	1.0051607938243
0.288777453841605	0.678641041904466
0.447289087515706	1.35181704733193
0.275350059692448	0.539867355117959
0.696935464453526	2.00587731179137
0.664806722549988	1.93079193356468
0.887290968147038	2.82188442506689
1.41945351316625	4.4549576114891
0.214669459466014	0.25641794391654
0.141859284638025	0.161688472464238
0.110235058303418	0.123796700347943
0.26002224618196	0.376408604596252
0.84479147153197	1.76173201283968
0.0520635663007172	0.0566372046935106
0.0238939798431898	0.0238064566186323
0.221325522318993	0.225126093644007
-0.43083926252111	0.561780761589695
-0.369672281046395	0.409615028015369
0.713456037406159	1.17235973385241
-0.0375646760596217	0.0359974610733516
0.220563929530456	0.224089493010019
0.167513973175585	0.160821552347461
0.226013329345394	0.24823768749436
0.311565938087871	0.315389932213689
0.378322654476944	0.397867762652743
-0.112495542201666	0.103376686051302
-0.125766137037217	0.104048322460696
0.497062699445855	0.585129743516417
0.568942207445418	0.819784354690444
0.594406775767382	0.855543702065369
0.0605183769987118	0.0546349346860167
-0.249201198124658	0.237887659300651
0.579900504139392	0.712182746099992
0.982034726765737	1.64124930541647
1.1248202677816	1.83081561795396
-0.24203045458235	0.209077016231329
0.293320245446092	0.306824931808925
0.530166282953934	0.60375088180707
1.02262847619706	1.69345406243894
0.119992099549097	0.126912583466836
0.381915592141811	1.22138202042376
0.474508186077612	1.59101752570878
0.388897377937967	1.17910180526238
0.173161270544382	0.391031517879039
0.374094652542658	1.07863262746746
0.557219674036082	1.88814037124136
0.57892445873139	1.5727209482789
0.544777458088749	1.39070497240365
0.779333709793176	1.88461059873455
0.684908530202589	1.15220920225385
0.815272246265189	1.57846720935563
-0.988788337353124	2.34727751483745
0.147880899045212	0.220900455616872
0.573604393581598	1.10335622125156
0.0329421616493338	0.033958720596361
0.406998173790121	0.688819236541513
0.300695108209073	0.372145276304055
-0.126719053972981	0.144989516112843
-0.358068850032683	0.483817404404065
0.367633320337316	0.462042440492352
0.979025150583287	2.03931210456489
0.32036250047805	0.458102210505338
0.230138067690851	0.262538463259337
0.170076412063766	0.160230465361437
0.237860237909573	0.245005733749257
0.0501216873666159	0.0423581786036061
-0.251700408969859	0.273406586048542
-0.209923595438207	0.227727717136901
0.11736788955417	0.112723371899183
0.0931970654223797	0.0780364330685462
-0.0698332680561238	0.0611720450306181
0.390812433283086	0.461953715399117
0.786280242958511	1.19190516376912
0.581332266927223	0.846399793746094
0.163898600275882	0.15359221776641
0.59013274997085	0.708266238094898
0.182624099293781	0.184276502901137
-0.768939301546966	1.06176678952566
0.361146118587996	0.393728242437317
0.600918673358738	0.727409120105184
0.0585726522569913	0.0595471366966829
0.469620745070961	0.568875407501083
0.0918728217979978	0.0732552827166645
0.627611874735257	0.748153020764693
0.328958097555755	1.00376156645776
0.689822143969042	2.59688386819386
0.132727042246185	0.268122744681945
0.302820372555743	0.763881906347269
0.734103282495376	3.23125436264945
0.154778626651131	0.304320633718201
0.556773754247385	1.36966075377716
0.783044038825876	1.99012898943295
0.437292414076854	0.702519356893195
0.880017291184599	1.59288676084541
0.319118825253292	0.37420473926653
0.284985524965421	0.381775881015814
0.407783134318035	0.832275795845658
0.555653742340427	1.1606415266111
1.08917359275338	3.79593488689394
0.350615830547342	0.561349031767286
0.464539679300821	0.718039897311808
-0.0112567108553221	0.0124520102395136
0.1797461427087	0.211753281272936
0.061790759483528	0.0661789357681867
-0.254661540079208	0.359154373087179
-0.326813375317146	0.48824682809644
0.0381057201807594	0.0365221442359915
0.74078139080429	1.31824871444033
-0.302831224701611	0.36262561001223
-0.505971128748371	0.711110461790142
0.825033595056668	1.46016121253672
-0.0646855997700726	0.0616664300313601
0.309581449035816	0.386637434065588
0.822039107235923	1.67619310981684
0.558701418215031	0.832739796338075
0.136737084136433	0.151138216216959
0.319904251129138	0.367946688356689
-0.00362219521793764	0.00300751124049318
1.47623680158579	3.7401519345178
0.730768209161249	1.25390984708021
0.372582129151522	0.389520261870511
0.226193682922941	0.256987085134813
-0.659740024063526	0.989271471110987
0.691273177849739	1.14540198893774
0.286673991035516	0.304609544779479
-0.0268863998297492	0.0244647935679437
1.00839467740133	1.5820494910732
0.390277348876361	0.40323735710969
0.862340488538979	4.57201637657425
1.09096436630664	6.73611681110464
0.537207565009247	1.8877158756225
0.374441137058411	1.3473561301107
0.597140584956727	2.54264750470952
0.201533127680393	0.485243148509017
0.687796447053296	2.19654192953929
0.563287060229694	1.36264100164589
0.985741844646622	2.05611052637434
1.20206504613722	2.09821027147206
0.116397049378693	0.109623984042946
0.226037543498699	0.404949545316177
0.144409609726971	0.237342186793775
0.374343007757041	0.803180803003162
0.252879479327084	0.450953386944577
0.560797555498079	1.02930597612727
0.0341900651412132	0.038146399162381
0.105946027182745	0.121325299968322
0.319742610138098	0.480866451422491
0.316308573391394	0.525870380988138
0.0817305416311768	0.0945534928436206
0.0945322067679699	0.121353760593321
0.203122008140993	0.251028552441226
0.696132647842246	1.21380012905123
0.429109234748263	0.62976792146423
-0.0402205717985567	0.0446313739359888
0.371378861621277	0.602978821019064
-0.387846893358387	0.603009581143421
0.525394594933525	0.931321203136139
-0.782631016821309	1.42874915909338
-0.198752489676531	0.258815195920834
0.0517833794539826	0.0438477084331042
-0.249116683752424	0.30686262977989
-0.0706973173573961	0.0678993725409095
0.659730335435184	0.981602751517909
0.0646214034257903	0.0660615660417683
-0.00769217520084261	0.00711362433204453
0.295556702914066	0.387492321957184
-0.511590087002849	0.722269649428099
0.227396841282043	0.231897232922157
0.266359889118502	0.321577796799011
0.126345418377435	0.130537958167047
0.444778536789854	1.46979693807969
0.597326154006643	2.75786981291057
0.448368212881254	1.7358963472604
0.491169269356988	1.88509649373713
0.396798037468061	0.90482793843297
1.15019053882132	3.86240447424
1.19861236393464	2.55127962176784
1.09359399867271	1.84233662901334
0.206254829442801	0.335686386704142
0.369807491025313	0.745160234534307
0.436305401731064	0.894377531471525
0.573159461641184	1.11787707920083
0.260036671459883	0.385280414027351
-0.0659666469253661	0.0678892388445433
0.411537260040053	0.604083869292646
0.424291714364033	0.647888890469875
-0.341953901722542	0.535700756066807
0.137463457378159	0.14563624574635
-0.417608616032574	0.612102599747868
0.355318999073576	0.465814321098067
-0.328930947612402	0.412978237243205
0.217258756086933	0.260210570469827
0.625061404400477	0.949359469474426
-0.486868419920077	0.655051213387035
1.06043098907504	1.73758440067951
-0.280029168265282	0.305528585597219
0.00754630441875042	0.0065516934677732
0.166135049902307	0.159201938695953
0.258462701296321	0.290131708331878
0.457456384807066	0.586725695484233
0.275349573051722	0.324713244997652
-0.502734671912775	0.613331725931031
0.695927985195963	1.01007197801138
0.472868094507235	0.510177026900244
0.232021627912819	0.260714996942117
-0.56263237794242	0.677701430882147
0.692313890574415	1.00369839786331
0.506978627624345	2.04100491985082
0.728185463071255	4.34787487944678
0.483371163206783	2.01602589373999
0.34348215510229	1.17770823370497
0.34565281053523	0.726246661859824
0.657231570573244	1.91082895450139
0.222512772087253	0.251518411874315
0.747664876669594	1.0630831764864
0.500271158885492	0.655961238392773
0.206971910616256	0.342707473149186
0.338839315737543	0.668997828472319
0.286972071410266	0.519558301022381
0.302754886514977	0.538355387015563
-0.473215762137287	0.751767828855867
-0.130049768895771	0.15480512174026
0.0547869401102008	0.0538571872631063
0.428453459752143	0.638241362588059
-0.138659094615103	0.164755869684787
0.125689180742047	0.131720261169042
-0.112695787744346	0.0943922205007807
1.36370716962479	2.94128612157622
0.515879430452444	0.670838199651188
-0.494173013953613	0.688128000029635
-0.419669552212734	0.542303755247512
0.291583591197673	0.304168997005426
0.484203025997069	0.627748393544793
-0.0176897247593964	0.0147182207774895
0.245129995939184	0.232426306949684
-0.526635079053322	0.674421071067538
0.837136332838854	1.14805372735213
0.335107663408908	0.373879887019675
0.182179583015095	0.165841363149998
-0.244428613272803	0.232758287890813
0.372855978036289	0.400369734256602
0.00724257399683462	0.00592206999367675
-0.406742349045322	0.362401681647127
-0.214393644376336	0.219152357679036
1.05158230660878	1.71500835193083
0.665590434597842	3.76657772867031
0.729365736109075	4.59891529641436
0.580300443909796	3.07319927305285
0.361125972314763	1.34824001287491
0.455658429679233	1.25091845592944
0.700256336487973	1.99770170376544
0.855816220917564	2.00351201185845
1.53804570330321	2.90435082302438
0.225620869445086	0.224767127054917
0.0521899635585674	0.0741983127472835
0.164768289116054	0.263278857778482
-0.0469940001185097	0.0612177264515623
-0.558114761373297	1.14416542556856
-0.122392883963248	0.130911856931335
-0.13147285637565	0.141770750017768
0.392690211088379	0.545226810520663
0.242583513310641	0.299927033648157
0.324500249568486	0.478876430362701
-0.143918117097088	0.150661125096498
1.1114815361433	2.06157454015696
0.443880104024158	0.563972560429342
0.465558850170249	0.588081096111971
0.521095203744677	0.732547724224059
0.179496749128999	0.174002508604606
0.109656486355308	0.102828720433432
-0.109006472920431	0.101723644044565
-0.407753299876468	0.481084946394139
0.986430796072865	1.71957217394829
0.401162470529861	0.488190852557522
0.485052704061388	0.594726446410538
-0.741596585673556	0.829050424287346
-0.321591386867935	0.319089313530741
-0.0100175529899202	0.00820561091950443
-0.278037668669977	0.27417419612773
0.175567588785572	0.169659536669293
0.354286396265802	0.319383982612117
0.321307255283399	0.310647601690872
0.43128394595444	0.490171688259228
0.501783120166607	0.432382456876356
0.113936308380537	0.439200348974944
0.214327178803758	0.973680240526811
0.397925373325899	2.34894164699617
0.775648805380479	4.02744437631182
1.03099503499889	3.96012868500026
1.12232440810046	3.20796051512529
0.340428587954122	0.559038843718018
0.112350771293146	0.231791685827957
0.100387840518059	0.170959239056577
-0.0854048380873135	0.142017178171155
0.36181134397373	0.645168147560192
-0.314908307472775	0.406232551781927
-0.143862236733119	0.199258509233595
0.268099046942126	0.359397043738732
0.446887257530277	0.621926201482583
0.507886480648965	0.782942872345759
0.235171663912041	0.290621886563224
0.255761935033021	0.334396584933588
0.139001560278451	0.164038575839611
-0.133573629943385	0.135048451873316
0.117989914102557	0.11727009746311
-0.140947589375953	0.14712020516087
0.711244767112183	1.10845008406309
-0.772415223942867	1.15629482539891
-0.708786030847133	0.892566308234337
0.38293519516872	0.459060059285113
0.797665622709717	1.26565808050695
1.09877078729539	1.77366949249587
-0.284178093447034	0.326154341275665
0.120478219721834	0.111712178110752
-0.11068771152722	0.0820847611536819
0.0506390475994419	0.0437206564545517
-0.0570393317085755	0.0502753812293417
0.436311446634972	0.497681137728751
0.497385960150849	0.584729391854891
0.247490658930094	0.427468830450782
-0.0286595311523036	0.0343534445038378
-0.371075299331045	0.517645762340255
0.0296701095684814	0.0273781854711892
-0.42375485175673	0.575219450603438
-0.199248803596672	0.191302575893797
-0.24464833387126	0.251217475307912
0.365629908734877	0.389923875613101
0.314817325906824	0.303492969898055
0.434103380910103	0.494500578863801
-0.619284917571904	0.65841520563835
-0.594405358619724	0.679981268540666
-0.634716207467704	0.681888339266905
-0.727324020360738	0.966346686810616
0.316259129245403	0.312312523504283
0.268249575131197	0.208704072607141
0.262961711748152	0.203661606804954
0.0875630587950879	0.0637802084410808
0.664048946423855	0.757289093278929
0.0859603410176204	0.0646511628185398
-0.515400482094245	0.394502319684114
-0.646197068520093	0.589732977841542
0.444537663208858	0.41907445510952
-0.243680034285901	0.188574052937104
-0.363739753671337	0.297289508713505
0.529690215845732	0.536961923329295
0.563999672263675	0.636327246629618
0.409511975299936	0.309203740141342
0.477897981083874	0.828438869171088
0.00264627816922179	0.00272434634524691
0.223620417768004	0.23216266824911
0.169065191609826	0.141641839367005
-0.804703016466049	0.832595026280633
0.0669856792114755	0.0451273517905621
1.04093718553823	1.53077693241071
0.363676877649329	0.319062639542095
0.351854097532786	0.317250803092876
1.22145827474332	1.71663649877092
0.519725592837856	0.52398417285683
0.657349187288516	0.677907474093417
0.666456144384497	0.57873013669903
0.0633485868031578	0.0442198547876088
0.696307543177708	0.700195183392594
-0.0777827446629412	0.0497959312979821
0.0164740722708133	0.0121073183540399
0.411806947785865	0.311894484765428
0.770553880364133	0.7236171028904
-0.355047106809453	0.216951703003086
1.12666154157217	1.27479615972397
0.631531288463724	0.445651515667381
0.964201589974785	1.05204395031811
-1.42909997289792	1.94350233519297
0.970648607749995	1.06078554526417
0.588895978490098	0.545174766615774
0.641118615971627	0.580763915113502
0.489004063312937	0.308056115169063
1.09440775678354	0.976995248496458
1.50154171619253	1.27400395778019
0.489868982156454	0.308625680082802
0.523383422608558	0.301404345317355
0.629030443631014	0.443068744669666
0.689428671361669	0.450954680208887
0.490680196071867	0.309318266800534
0.984602573422396	2.33732251037654
0.389962733148895	0.612328222882751
0.615699011829326	0.877865356727089
0.240851441935771	0.20396035592955
-0.106228909864907	0.078617017441247
-0.162451382692665	0.116375005060044
-0.269634093142927	0.204269608073533
0.0567168783271312	0.038051445679305
-0.529658146094921	0.497909246028312
-0.453479311836014	0.399349088227287
0.454788428717813	0.415666065974596
1.93904128416335	1.21309150624611
0.0326015640361462	0.0199940451362531
0.935182675118571	0.920297478030971
1.01172800396702	0.957468528965328
-0.492057171235672	0.424613271573387
-0.0100710118987277	0.00700575164298825
0.584004542138487	0.43993506110815
0.585217555416773	0.441030513842188
0.318790652403905	0.176397973097876
1.05331107659231	1.2269595957416
0.134591205978336	0.0766427158568199
-0.406970827359452	0.284739005036484
0.475910174789958	0.298515024218431
0.763549020410516	0.596833028532783
0.689143972536734	0.449020181329255
0.45250823925163	0.306365858580145
0.327346517078134	0.589615959230967
0.771331819640441	0.72711163584261
1.26063585499613	0.695552144813358
0.581285251953855	0.301694526964054
-0.822628533289843	0.55323728614414
0.51687320011186	0.296175694950788
0.936344769932112	0.632092388165598
-0.415625943139248	0.175609558697721
-0.0817793327965035	0.0361822705113155
1.36894299702314	1.0508192387319
-0.670100692392911	0.401771011831863
1.50832416642617	1.28079385891003
0.202786206261524	0.501736447108875
0.396804875928016	0.729518573876235
0.218851578836436	0.295113460863243
0.98586201241692	1.64830399685514
-0.0194121012920984	0.0132849193557736
-0.428970055579597	0.531535375108156
-0.100736720095996	0.0742493866624367
-0.139799285106556	0.0842025046167511
1.12084243573224	1.26573486798488
1.30106623337279	1.66098291982157
-0.608494501203211	0.454845248142649
-0.206401348035075	0.140722199900846
1.6402934776252	1.539552383387
1.55977238486247	1.68705146483138
0.162222715691986	0.123804992173823
0.523125258913614	0.300747875819562
0.293882357972957	0.201497558852487
1.13070637372058	1.39466465086482
-0.128299118229446	0.0769911298474959
-0.201694686976504	0.137196214085606
0.14248143888251	0.0750157246567905
1.21280603792418	1.18438388636459
0.128810637178097	0.0552752123693829
0.428884876273104	0.172685936510533
1.55208297683559	0.7734378125535
-0.0552191074455116	0.0265173882026074
-0.10158639474516	0.0632341761033239
-0.24766184982811	0.21539311212529
0.268679155765951	0.469474694221575
-0.521972038163051	0.399827009665883
1.36861083755569	1.04922242067231
-0.127106956860848	0.0764597986509808
1.07757888042094	0.813064462300337
-0.336609567506129	0.156963649053611
0.129518429603928	0.049416130913416
1.2550848070177	0.693178123428776
-0.078877013603363	0.0350056526528531
-0.0560165229709862	0.0268675967653619
0.471103341654478	0.294050016908237
0.397908290859206	1.10744446404687
-0.252568828098964	0.432612561423719
-0.385302732071153	0.636038590479287
-0.331200976952464	0.578892278849034
0.339757308833527	0.459199249378763
0.442384792770698	0.693638495394204
0.141005592919253	0.178850727823263
0.293710035887758	0.390118867007841
-0.263423241360008	0.269451417227927
0.174451947574723	0.190375623316166
0.644873290665526	0.991281689515514
-0.165709458280108	0.146593852114862
0.335771061169054	0.375644370051946
0.230614675357361	0.24555520034022
-0.330535159177189	0.371327658359974
0.481353328797942	0.636883738141298
-0.370785944267826	0.411898814466466
0.171021660854344	0.154450001282147
0.0954707243802059	0.0741789278598764
-0.225001900542606	0.192632755741893
-0.256687797152389	0.240909539757627
-0.104890849143739	0.0774912693485046
0.820696466197079	0.860440129978062
-0.445443806826504	0.428644897874541
0.572693815980052	0.700453740024971
0.498067452246598	0.652681794775302
-0.190276981114326	0.283474760349384
0.711153513076053	0.948452610530034
0.914527189728154	1.0263203734133
0.53215826757909	0.519409177580823
0.0717543092246319	0.0502916835424644
-0.8052203103151	0.771987778695242
0.345243702657229	0.310156549616898
-0.415656688442793	0.335080328713213
0.574702411336697	0.553430640345118
0.375544734749424	0.306529092262508
0.159610003008621	0.108621617515179
0.224613641529692	0.614541117046574
0.139816341667138	0.325583820887859
0.225950992713939	0.438098286340851
0.200281237466563	0.323512579580746
-0.37562569696516	0.83931860853958
0.0997042096414014	0.120069297412936
0.455336062130357	0.867839592280825
-0.153075992119135	0.213412215327301
0.495460981340434	0.991487495198631
-0.023845957136061	0.024673966461915
0.759330358941468	1.59258669211744
0.815483418286701	1.73076105729228
0.891431345797634	1.58377399654801
-0.564749251470273	0.904921017326021
0.887000234746538	1.75287945272086
-0.11169702787055	0.119892602418353
-0.362917773333599	0.452783341573486
-0.257513590571762	0.293900764809665
-0.254941383075698	0.307149988776224
-0.131624010446645	0.120298712921287
-0.0173124456633069	0.0158531682940133
0.921995357602289	1.47095263358218
-0.218314681011519	0.191329663940808
-0.348683741635422	0.409373560840948
0.112292389519132	0.107405924204927
-0.0245505460508392	0.0218427941228597
-0.263954231212257	0.332814146060438
0.560468776531001	0.889616896540822
-0.549580222838021	0.700364169913607
-0.916658601413366	1.36416581800002
-0.375831682913063	0.442623313953503
0.164276245643563	0.140758709860762
0.269468880521825	0.300006780500412
-0.0578459400690391	0.0447433537408531
-0.141773789056719	0.128521801434243
0.121778538498359	0.113132261246416
-0.0737760184321279	0.063735006907121
0.156841776168113	0.52338490216982
0.0726858892848794	0.161677321053516
-0.188088251516617	0.453871257285872
0.127786496444709	0.219114308458734
0.0620990513101081	0.0929453661114991
0.192121313575808	0.266947651704654
0.199035049003451	0.282171776819352
0.387726054350976	0.640170535218343
0.126425753059072	0.156528511466532
0.251630571192305	0.331712501869988
-0.205945658388003	0.229580851020633
0.0360221671835098	0.0339500020287159
-0.312456562165342	0.377192353010736
-0.309457960395981	0.409168525406608
0.0868682025921836	0.0879168256752004
0.000640074407951452	0.000492148685152116
-0.265381420953862	0.265695772656141
0.57723259116288	0.972642439292621
0.274653067601242	0.312792856008714
0.0608110284728634	0.0548740375854673
-0.0291969422472181	0.0263307171730156
-0.289039794030111	0.326855055950707
0.334334915618888	0.389568921921513
0.23551502497572	0.242304703306348
-0.646824226175812	0.930052338798901
0.00894648855209932	0.00775551359824394
0.3536178978939	0.470421651414172
0.234696449406048	0.351661014737618
0.127092291018152	0.13344405907518
-0.294455215883781	0.318585739721569
-0.365410131893494	0.402930631531418
-0.109644654955827	0.0811627213328507
0.377696845064036	0.309273077298943
-0.66783405207331	0.704268786559895
-0.60216958935804	0.600341825870926
0.599143475616064	0.646390834423699
0.482088992696071	0.42953252564955
0.545830067803318	0.60633395091178
0.315906681183511	0.312809430278141
-0.0639235751537232	0.167600139650041
0.312744868760129	0.823839375666735
0.0526813014467562	0.0812529861703003
0.679182045485762	1.41253874919707
0.381689756871169	0.466867831799782
0.175867907014652	0.173392148521612
0.330154835466663	0.383422589215564
0.750166062009214	0.914506714272551
0.482088992696071	0.42953252564955
0.534088809905714	0.609779449314731
0.386871242244001	0.398495280720772
0.600916367433234	0.648881194093069
1.33846717632418	2.05606473246532
1.03659517218313	1.59831464611386
0.449765725992473	0.425317174518203
1.08397915830589	1.46903545139287
0.884962977493192	1.09540452816176
-0.274606522658624	0.254309457140379
-0.0125223668932287	0.00863766939205147
1.30731907650906	1.53048768610251
0.0636571189224656	0.0428499879579703
0.147637866818151	0.0951524343611104
0.401533116792167	0.302126784143058
0.68976307943319	0.692227858763075
-0.212207680299037	0.144813831562111
-0.0515337498119067	0.0405547455991256
0.237817964709475	0.41795150659425
-0.116872711226429	0.0982397668433752
0.688633422801359	0.691153919276922
-0.0929842150006043	0.057693602755869
0.526201250433545	0.436573574492634
0.775157767612385	0.610795990616809
-0.209448439297507	0.114118387172523
-1.11803888374197	0.774597540702322
0.304113534133139	0.182666392281207
-0.237409210971148	0.15647469567226
0.583424343014802	0.438820546883317
-0.966940660552862	0.599473912443824
0.146943667006035	0.094645963025797
0.585790051485442	3.5669138330623
0.180419123952717	0.371059316885047
0.380967115548841	0.900261178621186
0.395389562072891	0.753905001176465
0.453282146774566	0.633051574855152
0.59266806369747	0.783423372486281
0.236671430180396	0.267022042024201
0.608865835634299	0.932599011850393
1.2509163364636	2.15945491270863
1.25985751798349	2.07414783744103
0.678494693051985	0.780404422742378
1.35164203177492	1.95068486489845
0.947808863545631	1.59717340897105
-0.272393592052284	0.251793839184227
0.43418366957143	0.421108756405218
0.811056121530779	0.947186730145937
0.234271455164826	0.220484816170388
-0.162184772504294	0.130675988944989
0.354419081619725	0.309404376844281
-0.545300855548756	0.546629105390593
-0.728487167007597	0.76017945021418
0.0683461794067446	0.0460269447322607
-0.361370671948456	0.295296357769083
0.415584273054665	0.314741342999154
0.604164732709078	0.652891042626624
-0.964715044960234	1.03934427431189
0.455212178974128	0.499350911896411
0.281264162196424	0.516389071295571
0.334085274019751	0.307436457036016
-0.269547744508408	0.136974221147823
-0.667833923831157	0.400181673042287
0.770979777715452	0.459626470910475
-0.700893660959011	0.563498191242551
-1.62060794677221	1.25491370236137
0.0160650148238843	0.00932540233945597
-0.625344514198754	0.520501627158937
0.405427000728054	0.305975393306004
0.286651286851599	0.206616624973244
0.581774610950595	0.302164579711831
0.55260890488756	0.439058396368489
0.38456070805737	0.395491928092249
0.318871025776788	0.507995025663722
0.38666819901272	0.672814547210582
0.0560515505981375	0.066556925018891
0.355796818668051	0.466402904517912
0.855840235659945	7.09828334388178
0.834457748721987	2.86151775152008
1.18024247717006	4.01212392463357
0.776504343766363	1.38911305142949
1.20862985375667	1.80601816546008
0.350785388452497	0.388644325482996
0.780842589135287	1.10050177506193
1.24658956408082	2.45967522129242
0.366699856000846	0.310696604500712
0.59993029899264	0.647450419765173
1.70428889045541	2.60731352624002
0.0143057298463659	0.0083498404777732
0.160544425555813	0.109274124738219
1.07766662645226	1.45940930788952
0.659883817015655	0.680224581175849
0.939824153999214	0.92590821666134
2.05469245991836	2.58528332768093
1.03457825517458	1.09591434336286
0.3929831521596	0.309421485440397
-0.814498738398938	0.544814604849227
0.159159243086857	0.108213928631312
0.836171190155523	0.611589152997462
2.32813748599114	2.7563473452042
0.452510836515015	0.306751165508232
0.336166041692172	0.168353927886332
-0.129106073971123	0.0777203107227124
0.815720204964427	0.851932841503238
0.35085352239881	0.664629807403521
1.33557093145274	1.22351205389974
0.691052324562596	0.45200231065933
1.94593497798295	1.21827402095315
-1.2907900581269	0.589216258109716
-0.668287122265846	0.400711618245175
-0.12251310002018	0.0493311811331522
0.130564350619715	0.0498651977453956
0.670780204362144	0.313732636016028
1.37263236673022	1.05710853341237
0.871513100860086	0.464394500557893
-0.120799851784789	0.0487069127433155
1.06280303547716	0.647993855004826
0.278719164990571	0.200151406035316
0.314702057532673	0.500011760058304
0.396816221443546	1.02111568930587
0.43560194115334	0.688419037474888
0.304086256602231	0.305390970336129
1.44789155747689	17.769309792804
1.28009319506368	6.36351345183251
0.777535409968195	1.91562059362708
1.61833968823731	3.80968334435689
0.910698214992621	1.21140055616325
0.965909870923681	1.0503023046924
2.42198382477548	3.06226525000722
1.4856588133473	1.96108995772462
0.967826412754633	0.784913621905531
0.663206604592476	0.574920292326421
0.163300118089926	0.111284185788146
0.979396298745559	0.797341603681345
-0.204732079716715	0.139272613462888
0.597208071558446	0.452072653043937
0.879919967317	0.47279402438654
0.777042531619841	0.612139253009135
-0.259308454467666	0.131409978626407
-1.00174291509759	0.50449251105629
-0.819634977721345	0.550829598602346
0.646143141275968	0.205158328067658
0.765607436729938	0.455164893171375
0.801831777002685	0.337763886330832
0.884937379148115	0.47552163758945
0.339979621958501	0.170244998076203
1.7643571813953	0.98769076651782
1.25424613030137	0.691543070982657
1.59796914178348	1.11324978486781
0.46530807264735	0.959433269334803
1.22043008722272	1.19478261744959
0.87013516386216	0.464710189202705
2.09761678300046	0.940719512481992
1.80701548129766	0.709687594083792
1.06376665328447	0.650646572566012
0.428461841491524	0.172250582533061
0.511447846039878	0.183898335950935
1.30897200973491	0.573334925553979
1.06207900872097	0.648167066708205
1.31381382996212	0.576020696597725
0.936003651471436	0.631550523617502
0.774293706645359	0.609822984068789
0.518711483838715	0.866516245946951
0.12860796599534	0.259190676373763
0.0533866697607382	0.0625574398685632
0.97377183129506	12.0724297227524
0.557193415708392	1.84149276888289
0.697126162589054	1.79024269577141
0.159610003008621	0.108621617515179
0.90883867998095	1.01647474495367
0.161758164098955	0.110013413961397
0.312089097701711	0.172121187933642
0.621922624496048	0.654472179906636
0.944450419684115	0.93121857907372
0.659298616632386	0.569867021431582
0.773923823831956	0.730348554123216
0.554562829564995	0.549428191077787
0.929632172951306	0.909429031736532
-0.0272380000323251	0.0139202097794144
0.532192553353367	0.442695894250231
0.129471724631548	0.0439089865174185
0.976147531191234	0.794088297832067
0.5902889589875	0.307522075825095
1.01540222010121	0.384610211569901
0.509805060222284	0.183409050611913
1.02093077092512	0.38619737974925
0.0148375245747767	0.0153433199084507
0.072751202801162	0.129447248887598
-0.0168248467277179	0.00874631728717136
0.300753786157485	0.180687018110562
1.94197656574233	1.21753974055079
1.2155526760955	1.01458748895551
0.0722453928854233	0.0932200293553806
0.0128500440748669	0.0149677572655598
