x	y
0.650163944231173	0.666815913303432
0.258043369384691	0.221285741843718
0.239996821799387	0.232204631917347
0.285343505245353	0.315394388072267
-0.254750618339336	0.258652534652243
-0.810484541290051	1.1583248013598
0.226311441900221	0.226248874495452
0.182153883451418	0.169518886032294
-0.0441076037346632	0.0352034846651728
0.298299622443996	0.305659366151686
0.796587913497365	1.09928706100065
0.048464938905557	0.0409302189282706
0.167422162970896	0.123844616847629
-0.139632262761664	0.126388167394601
-0.192885989356727	0.200871375227912
0.459102654316145	0.552048048094007
-0.404556206849421	0.476207567568232
-0.595454430833287	0.864179459954611
0.0618095403660742	0.056825442038625
0.0231763084913087	0.0209605527716504
0.836583296214837	1.14715923295697
0.766019997505574	0.992815141140846
0.0528657066487695	0.0466064264188663
-0.00974209870917292	0.00676845062673289
-0.575369051953631	0.699388672003556
-0.755632157228431	0.899846093146292
0.311058268604689	0.314214600210399
-0.111636811832001	0.0694748499909211
-0.568232112591278	0.366299944456757
-0.699556546982288	0.499149254854002
-1.1859909634831	0.67111093873212
1.31497186902393	0.578443560062359
-1.04729435938822	0.422179438065331
-0.643506271279338	0.156786530055825
1.26225642784415	0.696475552291052
0.0392727095668462	0.0239931324716825
-0.583135373021596	0.712063463961333
-1.09026717304725	1.39107124591976
-0.204440374170505	0.159445230970449
-0.457467913548981	0.360395661008148
-0.352835637850851	0.39534083854058
0.521070823643449	0.663034231933316
0.0903493754824472	0.0754553657099587
0.348055290210772	0.313419472069182
-0.802260349746363	0.827375802842153
-0.441456998936497	0.569118911347866
-0.660900924101292	0.95862697957444
-0.0918103957893366	0.0933256771617499
0.112240880642525	0.103365944592516
-0.54752326517107	0.626927435881927
0.30746423435732	0.310208533533921
0.106125822747413	0.0915476497855353
0.415958876817126	0.412160793913273
0.414575839181678	0.477204380568414
0.17706642944411	0.177826103596159
0.0289123593906645	0.0271185267678883
0.516863964566021	0.724289735313532
0.424111948320965	0.479077952103228
0.0261872190492955	0.0204227300510385
-0.00118961235625903	0.00116306559901666
-0.397993312167403	0.538036390678433
-0.700951401036868	0.877804046999983
0.638941075729645	1.02896355068426
-1.04564406339307	1.96332476917974
-0.089828654644013	0.0838134251826732
-0.238577977615228	0.256126860702191
-0.666916685040363	1.00440745015991
-0.318823196711648	0.362421414076446
-0.915898755007226	1.30509743237118
-0.736526144592552	0.77203559935491
0.906867080603433	1.20012532053975
0.958652921261979	1.25382428338607
-0.160493142797276	0.129361104906289
0.373921256250821	0.167592578036464
-0.538440187846927	0.206758866526095
0.489081013246954	0.417545094066882
-0.356614477640826	0.217997994484942
-0.475027683663339	0.320653965935984
1.20339993624063	1.16215982412343
-0.131993339815032	0.0794444081255409
-0.0352170087081947	0.0236052228601056
-0.669107210766456	0.401175977581011
-0.127568448614897	0.0513240073192253
-1.04390615555555	0.420016956092299
0.413764539365251	0.165431399907961
0.130670020151438	0.0688245007301288
-0.931020970532066	0.793663119534633
0.392423546568708	0.30984883885138
0.43482694110841	0.407006895176868
0.0496818826134919	0.0319778774885343
0.153074827993405	0.103777013299862
-0.00187555667306407	0.00127034376292084
-0.048671499433456	0.0318741383403612
-0.409539007142861	0.365177906221741
0.297281938433166	0.304971673396092
0.0935713180408012	0.0726527400925567
0.469003233214859	0.504505512787768
0.0935184137207096	0.0765249339368433
0.422973674013788	0.303146118723743
-0.184884030997534	0.147143760064622
-0.485258309401226	0.329377525808447
0.429980032800171	0.172888778729521
2.55083408135923	1.42124747789109
-4.41487703376225	2.28031022772496
-1.3683986381049	1.14537826776472
0.276625294857801	0.207503126180534
0.16222879117761	0.115189814422478
-0.363100234311457	0.326478073948
-0.544620319229468	0.460122421425874
0.45543691385124	0.41676002683793
0.300849459145647	0.301835322607112
0.00483450219662168	0.00341721127045426
0.14381728432885	0.0877501619120089
-1.45025480651024	1.79328534548204
0.0567916173653708	0.0365627992775879
0.397215452346671	0.314251002751182
-0.236995767247412	0.182257237143066
-0.0220790037866854	0.0113610459895753
0.553814957100215	0.439515141809481
0.933710809861868	0.244826616527384
0.524654097629519	0.302067581752872
1.36940322947114	1.04953202093928
0.872215928855056	1.17735157850592
-0.0225418313061893	0.0183736380916069
0.445591473334328	0.555767513429192
-0.293509424571769	0.293631657063897
0.111013143132929	0.102329736614357
0.66662400544228	0.970368417149593
0.349523490557675	0.386772447475029
-0.532043777653958	0.645843876735513
0.622968563355853	0.819614915976294
-0.438679698577974	0.487572171156323
-0.531714768291686	0.576829235735906
-0.0846666961637324	0.0810670106732202
-0.236704739609309	0.241987480573457
0.229910456230257	0.262167049588372
0.234207516100624	0.240644278444354
0.458563340701722	0.564853079958901
0.28980693010569	0.309031127379396
0.283597197430161	0.336355846711658
0.164206984431772	0.147548801292897
0.174097267140429	0.157467213216384
-1.0195064699078	1.23964244423086
-0.185912267560121	0.166949114099643
-0.19066104629669	0.168042467603111
0.172251357023729	0.169110783812726
0.034412999669743	0.0276145153927959
-1.04891062572818	1.20121305059749
-0.137715506315343	0.114841735875007
0.5844462721721	0.304030691655071
0.833757113381942	0.610246059087032
-0.976329648089416	0.607608921091153
-0.569374601468604	0.365653165363869
0.136471442907569	0.0407207925774643
0.134284439062011	0.0454806903417194
-0.263001160259514	0.133543853480788
-0.672409081991926	0.404576207038461
-0.530251321745746	0.641991931117794
-0.510598393817791	0.587588487296809
0.22848493588097	0.228751880528941
-0.474430450934475	0.320098798398852
-0.091320991097973	0.0769551235180947
0.372934812624976	0.400401734977783
-0.100193552379906	0.0739529530615181
0.3911519497019	0.392399944289977
0.0925771350037131	0.0718990946673227
0.110152578005929	0.101473661583798
-0.116492559169639	0.109285136887118
-0.249027735718496	0.287048398688872
-0.534389288602919	0.713414869228718
0.173090249277565	0.176021887142793
-0.0373412958095367	0.0297173304605468
-0.151666633915024	0.135810725881133
0.161514520360195	0.123157619192435
0.304992157541143	0.314662272532537
0.338856697601284	0.387524049741158
0.051482961014025	0.0444713759742545
-0.693524760962876	0.826080347036053
-0.0185143322132898	0.0171160500664689
0.236201055365063	0.216696195434783
-0.225939389708733	0.248630017117395
0.128395793346931	0.132907508242073
0.173561388316284	0.167202243362065
0.183069878542966	0.184664832498705
0.650377638112471	1.03581502289056
-0.324063092354896	0.343893438972482
0.610704053273868	0.868627133207835
0.0513942897870507	0.0497429964078398
-0.47200410689357	0.687436895859077
0.401459430953933	0.406004254081529
-0.0755082719500536	0.0577360259207338
-0.292389380509241	0.292395538865447
0.107021493065787	0.101805909951436
-0.258960296229259	0.220496136607712
0.312489648000398	0.172440980377961
0.375086899156727	0.168553234624934
-1.02308806029741	0.938655491515403
0.460896014858004	0.42310678893478
0.960001050743241	1.04452176712064
-0.361994467729864	0.29632396485158
0.138661946695621	0.0791826638227556
0.0356728454525343	0.021859021582196
-0.352724737984936	0.255358819010601
-0.168535700512318	0.0614396736428628
-0.414557503610828	0.175513398695098
-0.519172963197523	0.276454359043213
-0.0985043027876655	0.061325761622823
-0.0299951244256394	0.0200835526397238
-0.318035054588694	0.237047211101358
-0.31212794999727	0.232321857508988
-0.684763907809668	0.771394993391686
-0.974421908592858	1.05592058869141
0.500896104173498	0.515884205329778
0.690193000112512	0.693640061935147
-0.437780548095884	0.454375612821325
-0.0952293406882549	0.0805272031932041
-0.387962060917	0.409982998747007
-0.49170874927842	0.469227036905881
-1.30146470345718	1.62837120207458
-0.525478280992754	0.491985963498197
-0.26483555550771	0.199828921704457
-0.213625789818101	0.14604076272178
0.374743947844044	0.167904576662931
-0.806181032774349	0.444433026770381
-2.48596638048581	1.40793454162515
-0.691134075903044	0.489871765422388
-0.218987111440306	0.209060206933457
-0.236710916191345	0.204598954133758
0.562301292263993	0.536822291874878
-0.45050480796483	0.396518975497341
0.302437975764985	0.304245583901856
-0.159014071033398	0.145985775660397
0.0738393948395815	0.0534721362963672
0.0116046776020313	0.00855119331633391
0.466040060401518	0.514155909865498
-0.638407941884298	0.581056125426322
0.673389699843346	0.586855732484431
0.477001216311573	0.42444268183497
1.12999395233677	1.281604867299
2.42624504488148	3.07487486205176
0.296926265058337	0.203741361541018
0.579816237256978	0.712032751415138
1.35546920074492	1.95674792256439
0.605405391180106	0.734350786486002
0.796441546678569	1.10183661109761
0.264698404541119	0.213460428804268
0.292711486134351	0.299264984722442
0.331381870435957	0.369022249554789
-0.343720662297076	0.360734155657354
0.769884890238187	1.08005841848076
-0.221582086675108	0.212083589596348
0.0524066242303787	0.0461830092270011
0.1763150456807	0.163528150297662
0.267940041669426	0.223588194838614
0.69432087448249	0.944286758975789
0.559830350119471	0.697146286907258
0.276899223119933	0.207781312484379
0.372377917417488	0.461016939703066
-0.0534341774815522	0.0470305464256802
-0.0934975587848502	0.0705012497544103
0.354193037959713	0.409816349681765
0.0995228715072274	0.0891677003463354
-0.284564568952329	0.326724791242045
1.09890406795091	1.77298336875065
-0.635451238677618	0.574751436167505
-0.490120368283106	0.4226271828259
0.232457831257078	0.233394542573245
0.216882278872622	0.228242996083713
-0.395883469331676	0.472660864052512
0.169166183292299	0.141739746090007
0.0334845843026006	0.0262055191220005
0.256670823660639	0.205918804700917
0.151753905466919	0.0868974191335047
-1.00042418877359	0.503131793040766
-0.812746231356804	0.449261673821129
2.72320518691971	1.67385003611178
0.128940870337764	0.049246839404178
0.379630656997501	0.170690351125697
1.37839328325165	1.06273825685556
-0.119470237064633	0.0481183717796714
0.0585788040602026	0.0393386961275001
-0.859423778069689	1.28069888433086
-0.0461133419722769	0.0301955286422889
-0.952157822309055	0.709158410862093
-0.250029214181196	0.258202544792303
-0.30458841224377	0.325391419389429
0.479631673552659	0.50441938345171
-0.902239188526879	1.39359678478262
1.10152327098956	1.69425496814501
-0.325164101952243	0.389678958556787
0.171449694513081	0.147384918713753
-0.00711134642881233	0.0065611100755441
-0.563294616722841	0.571505190139511
-0.306162026711928	0.383240456090859
-0.553217489894927	0.558704558339397
-0.70071726645225	1.15804364416336
0.175770582001891	0.155553939134055
0.225899299072009	0.20581495342275
-0.147605540281522	0.121062689693557
0.175571172847823	0.176392373464181
-0.471966982063508	0.485623574009364
0.117768009117572	0.104770502700425
-1.00376535388001	1.67411476797705
-0.0763290372660324	0.0648345691126627
0.0154801419436952	0.0134120711283807
0.327682029853322	0.309871753593859
0.078913842532027	0.0623575894475695
-0.0642020514926195	0.0550894968678511
0.63795737727433	0.824991219265072
-0.117354578085022	0.117013816973993
-0.444572779505108	0.602466278750448
0.173190515280343	0.149373609235703
-0.716465377428775	0.948079165337881
-0.443705550404188	0.389135841969428
0.0352525969038008	0.0282743623125823
0.106461421050237	0.0919691188577295
-0.359664242794891	0.293887474327048
-0.208216145915165	0.113590556961069
-0.124599982417495	0.0501711996108527
0.732297956991946	0.713997061525552
-0.0106015751519013	0.00736284073107663
0.852397665180216	0.627364057690579
-0.629969348089191	0.30650127053813
0.429825065086432	0.308964300087181
-0.0523730716437207	0.0342714329350652
0.708692378826667	0.587576846866299
0.577911395568339	0.300052211850067
0.131199119968489	0.0628521451121674
-0.407342413248549	0.171938746621826
-0.47909733714855	0.324185357701239
-0.660124907305534	0.65119154937516
-0.57578969446328	0.530979607498997
0.480759929374157	0.428557425605621
-0.92772599062374	0.788728462584833
-1.37684635814876	1.61923865494581
-0.477858935274599	0.452133818204734
0.701878513536452	0.707860956031064
0.240126734533602	0.226573448899409
0.167154453969244	0.150499709131881
-0.314449448568771	0.291293839231376
0.0750997231385361	0.0561092457099149
-1.31143169226714	1.8079863569531
0.436670593401601	0.409742129578653
-1.26453392461102	1.83365152813782
-0.132090172950864	0.0794484993362643
0.123638794507315	0.0472250818416479
-0.237667142195238	0.0778820329379753
0.122186085285506	0.0524942434773105
1.75143906434248	1.779745170792
0.543113099209137	0.534838044435771
-0.148762728449122	0.106096287181166
0.302405755806802	0.304188416524263
-0.464599115515715	0.475841749269913
0.735197943921814	0.71926618261894
0.621754462692838	0.653964759097091
-0.120215581502249	0.0990175356954279
0.776855930962864	0.83458394515479
-0.0186749125166082	0.0127850435126608
0.436483676605099	0.409722870384011
-0.0172449931765985	0.008953792813871
0.0935214939893979	0.0726267341119176
0.399165129947856	0.315745497337979
-0.995201532576283	1.27158548332962
0.955784178701943	1.43615600444715
0.930519225049838	1.31896657995772
0.464727339649113	0.560839668029145
0.244837488208879	0.232172625397856
0.053841311536663	0.0456438831245925
0.333713312661139	0.316586467752179
-0.10326131665004	0.0763009963929583
-0.0554316970664943	0.048027923125618
-0.0336978090478637	0.0267697532729325
0.0877347602846687	0.0697642919677767
0.217069447071896	0.205785420068507
-0.468674629874242	0.479968697642335
-0.468362481308721	0.480690735066769
-0.380043031356298	0.425376870297285
-0.410776829684844	0.458980739792244
-0.27152068407532	0.273452168911665
-0.148025654855979	0.121408137335909
-0.0512240091893611	0.0462853402643906
-0.204655843951003	0.197457139993026
-0.408901752970356	0.365067851864108
0.263769992752065	0.219971948795221
0.559598351793345	0.630045918830178
0.120176822032669	0.109220226737619
-0.111811857496665	0.0935637792166248
-0.305048842923347	0.280804186400362
0.0945493224053337	0.0755548296278133
-0.109397618825427	0.09153362132665
0.640597559749863	0.453711607814073
-1.04010501166836	0.418219287530912
-0.569797358018383	0.367162518067779
0.430737601331486	0.173198450758027
1.75535669828519	0.982583476919122
1.25692576864066	0.693521170574345
-0.11670624913891	0.0470292737389054
0.279484738940257	0.200798002824008
-0.337548463484961	0.331479259022658
-1.20536927759654	1.67553671075487
-0.533431283635132	0.578898996946467
-1.12139650691872	1.10474718343746
-0.366362347093982	0.329967369799296
0.230681930886437	0.221087428144268
-0.0188481227166401	0.0129083343939898
0.866044911597039	1.16667796942129
-0.460542300411311	0.469954036873854
1.01689434519915	1.46953140362454
1.06633670227135	1.43480357778324
0.0442367698070835	0.038000826476188
-0.364943817604317	0.355315958748203
0.365691753242759	0.4089566287069
-0.198646963917634	0.194306625941282
0.949074472006944	1.42375179562479
0.665681702973774	0.913227938603957
-0.0846545657842945	0.0723788929044588
-0.0521802992882007	0.0410740701453507
-0.305599704382876	0.281594545775416
0.245367960534073	0.227105036826094
0.560916257831293	0.699230895241391
-1.0445513474718	1.47438470320557
0.102432060220455	0.0881523797479163
0.230241975690361	0.226188450251303
-0.408196299075897	0.455382115263012
-0.42350772627995	0.494563747767775
0.380207508237358	0.473969961173181
0.0868026384917248	0.0689915303826745
0.222410591942638	0.226410634337463
0.384796141549892	0.415317708723918
-0.209532366435203	0.182595222115033
-0.128943912581887	0.106948309767939
0.89754013085261	1.29305287878319
-0.382621442756199	0.403224062303579
-0.248427231207255	0.236851275217611
-0.550424874909135	0.467488148558313
0.578686988232657	0.300428014219063
-0.519643134743045	0.276896432551855
-0.0468477896399045	0.0307001349127198
0.159475538009725	0.113080321129291
-0.0935230656896957	0.0580964472328979
1.5572225349763	1.67984083508923
1.11393663605898	1.1360440666218
1.66568436006137	1.93372003638839
0.387295208752058	0.317740915714902
1.06660725979014	0.65171210700344
-0.785169599684833	0.347346077464268
1.04374081788366	0.506748469358095
0.45871342017366	0.311489512715381
-0.693788653632817	0.492941038197586
-0.0832077561510692	0.0533356062616261
0.0529282540521493	0.0355182004750512
1.50825470610366	1.28494903335966
-0.740937478206008	0.827627144847894
-0.159369288291148	0.114235364780016
-0.0202428466081473	0.0138322222611499
-0.740443358918688	0.777039709014788
-0.192591192801585	0.154034033893469
-0.103282022178466	0.0643651803365828
-0.521148863044378	0.533913672354538
0.419462697908562	0.415459352337091
-0.904348172921738	0.851219325357694
-0.724261749239043	0.703779731520209
0.480070090449971	0.427218064080745
0.130323393807507	0.0559778536403509
0.378558955837707	0.16984526084168
0.661652763314023	0.308039702095604
0.151283798733875	0.0924215216217187
-0.486602622742066	0.4171421261096
-0.204791428306028	0.160062873734351
-0.444751509806673	0.390442773996119
0.162245544930801	0.119653157764576
0.740559008578429	0.899769837994239
0.575037375412668	0.553895228873463
-0.951796589147489	1.10018537642049
-0.0150392991002566	0.0103187820986329
0.171541216407442	0.131433539972347
0.422639818082296	0.407478455361995
0.301322251608265	0.302728713666283
0.57080533806633	0.548669813757199
0.295407466895584	0.309505434264001
0.0926545877348785	0.0739378660220097
-0.609312883053156	0.645526060889734
-0.0922576083284341	0.0694067287833207
-0.801839801915423	0.884965611520619
-0.0705317613972157	0.0537625515424429
-0.255840699962863	0.217568830725757
1.45780299363047	2.07478093621969
-0.341582237213999	0.336279300787418
-0.127253079481483	0.107505921111679
-0.33231604425051	0.302483381944998
0.310566165994843	0.298165297294998
0.108495382818526	0.0938194645201029
0.0139138535688507	0.0105865805026695
0.166643852764103	0.139452309330466
0.547703059203895	0.54034550821673
0.522423222311999	0.527905971417368
0.747068939412788	0.90931884223157
0.238549800362088	0.235826498361434
0.0318874192439088	0.0249482809971071
-0.494298197131977	0.540043994703217
0.425308945473131	0.305509031363418
-0.272366146131917	0.206621522316754
-0.426675632598354	0.245250684241011
-0.815381082663637	0.545532431160339
0.127629604761486	0.0488205219881876
-0.630560001867424	0.306878318745572
-0.625165952692346	0.303517921019859
-0.233119255955625	0.0764018780789796
0.131222837903894	0.0444544196344765
1.55404320465251	0.772941647643092
-0.175289236112785	0.122147569890525
-0.807324478380038	0.704716295825846
0.392751304418461	0.309344807819034
-0.409436583593525	0.172864531195394
-0.10357711084169	0.0645510639059313
0.00852349024939865	0.00600350573581829
0.0957241324752677	0.0722760110682028
0.743080531868781	0.903464131491358
0.40261574485487	0.406039257547153
-0.229702825619841	0.216350200693379
0.383455347055094	0.314609141248566
-0.522535266223565	0.562746287644201
0.0168961601304658	0.0124168154379462
-0.324122518164255	0.369974011264249
0.465841179609224	0.500171645753429
0.45330293883911	0.495597378499907
0.713251207689907	0.882690093493283
0.167682031151542	0.128378973929469
-0.435417652272889	0.451023695324075
-0.578387120855135	0.533850846539896
-0.100093167688792	0.0737977149093402
0.453541382685519	0.509474541725226
0.0410919204180194	0.0330406870200573
-0.511710998204896	0.58853869737114
-0.106392376668497	0.0785533369742263
-0.116437053298476	0.084239540233276
-0.675342539075827	0.715149098662374
-0.243535504401643	0.211126222612095
0.0917976247325655	0.0712662046655172
0.622564869091722	0.655932995818976
-0.114567588949324	0.0850932635157747
-0.36374123237173	0.327048303658701
0.340864968863225	0.315075593307849
0.685856200932262	0.791418906619787
-0.365806842492822	0.329599137926039
0.0552374131633201	0.0370886909352875
-0.26568125404553	0.200343467979694
-1.51173197464431	0.780308699730874
1.55882157008553	0.777313105850122
0.525912922473505	0.303204653358295
-0.052712677622426	0.0253212046963554
1.56103621639194	1.68646743876248
-0.977127420544651	0.606674863388883
-0.701875953656765	0.500186923867845
1.21304967330925	1.45945288027161
-0.166527618388747	0.0961367301070877
0.132055846316588	0.0447762654002208
2.54488970588519	1.41578822197631
1.04502186505443	0.507130780035814
0.157076805032263	0.101804592054343
1.21228556976976	1.32449670043761
0.135621769061486	0.0712362706893276
-0.60130206135924	0.44857916030069
0.0440707473689407	0.0269604688233561
-0.270104747643631	0.204637812987928
0.383824048926759	0.314895220492066
0.0827924047177173	0.0621500457332108
1.11398186670274	1.25079583301093
0.263673041223168	0.233401175669372
-0.300430102617122	0.192794852542353
-0.291417212106535	0.186284899031669
-0.940236725737373	1.15409767774049
0.28423958813624	0.204509456823734
0.857628593924024	0.980957386929748
0.125292505207361	0.0599372934142865
0.58475417863079	0.304390555192014
1.59329739672378	1.10829608334006
0.650444653728205	0.206870989076807
-0.0547777427183787	0.0263097135910096
0.591749628883051	0.446558980998179
1.21846984484541	1.59494387912844
0.272795509964072	0.203927459051382
0.524273381401809	0.301389366158578
0.429855863894172	0.309490314474224
0.855204398654628	0.979193715330341
-0.242931418164308	0.160861388852926
1.46031867689734	1.46622063683603
0.971341101784185	1.3550758839314
0.42225382587703	0.406588131935403
-0.115394442261802	0.108173302096834
0.0743670763175218	0.0677631460863223
0.242208746793762	0.229221283129924
0.867112944712732	1.26609529023514
-0.408827996833282	0.509082307598084
0.545123884528943	0.607873291035326
0.44291686562608	0.494669792472676
0.732324986752223	1.05939197740867
0.175237157178715	0.199961639026163
-0.0228028579453057	0.0180996300104734
0.307196719546845	0.302228875044484
0.0770301918198205	0.0622661962928686
-0.143366784128062	0.161817264170216
0.218125611352118	0.233845236563668
0.121545459043399	0.110644510885768
0.729594470130693	0.708806787386888
0.417168666647206	0.491418728217437
0.732297956991946	0.713997061525552
-0.302136594809882	0.277605213190034
-0.816792142430399	0.717091908693971
-0.807612683563801	0.774561406094903
-0.457714884823269	0.3596938730794
0.137209797477049	0.0464410009267909
0.14103192177006	0.0419706320314239
0.805769324127157	0.339679478238357
0.309480661149055	0.170227788471241
-0.508667331676622	0.270377833435923
-0.437753676305755	0.418322940012388
0.337961210143283	0.311997682129458
-0.352476327905328	0.37307567545113
-0.629885896365658	0.525203661788068
-0.591676805913819	0.830415582291173
-0.719222727575541	0.992291793345377
-0.409945579265405	0.398821075310924
-0.0489464693100456	0.0391377610898291
-0.40268261645354	0.389445489073481
-0.230784299512518	0.250963831470183
0.0351238244199191	0.0288112127032738
-0.63070701662239	0.804589117066676
-0.406094877250311	0.452199856549478
0.180280994854197	0.191503986937407
0.16554008512341	0.155562389770401
0.00492819783724752	0.00417092043277496
0.675831130352184	0.776188485128817
-0.114023567180288	0.106760295638613
-0.402102912114417	0.446675562417499
-0.0622724049878945	0.0542982142486075
0.80992283549812	1.12744933789881
0.51373935690668	0.594295021038595
-0.48868546607018	0.625328203066965
-0.103291906360136	0.0858506128498378
-0.586075047137591	0.772089577405372
-0.356164485832158	0.400354789813382
-0.230790712457415	0.265919941416088
-0.98519334124047	1.6912453123297
-0.266882995683228	0.267680139872074
0.250215242387446	0.254320156586488
-0.275945422150226	0.328260525570505
-0.131784536255506	0.131121139012947
0.00383550778272433	0.00325359069855887
0.0850196072854825	0.0657705702324382
0.174378928548901	0.171574360790612
-0.0113373881735763	0.00787592715425905
-0.480861154756123	0.456898023276973
-0.168000685961785	0.0967424703724173
-0.114686627932393	0.0462360546775005
-0.442083325579579	0.424995168576407
-0.350201069596539	0.252607630012091
0.26296213170361	0.204120592407536
0.766373594042531	0.602219227502504
0.552650630079523	0.439158982888188
0.288348615794282	0.197279097403895
-1.03462275275916	0.949058634132512
0.936798822747887	0.630919285485288
0.974748333291533	0.794602054910456
0.123113728309991	0.0471196042066694
0.396370715849282	0.313268554327775
-0.0529129334634531	0.0346742362446191
-0.523112797970832	0.489743129908311
-0.119808892593342	0.0868279992269879
-0.0394263432873837	0.0264403854793942
0.0734889997264927	0.0515268468554597
-0.270296988578179	0.204363926069326
0.699997283753178	0.576082366209379
0.31890636402216	0.316340865258695
0.65946846427946	0.839727231554513
-0.696373488791258	0.829784135501894
-0.0580339577363592	0.0449237144418453
-0.0274806346591071	0.0187849431034822
-0.359638133569749	0.261060873885079
0.0339948981397548	0.0207949723398813
-0.065735579261634	0.0419795673273891
-0.941425744683223	0.697098685773039
1.25182762709119	0.690977558044493
-0.238048417060954	0.0780891030505443
0.724826032701928	0.705455629941224
0.444637394818256	0.419643785302973
0.657548241760849	0.745576678437072
0.469375901086257	0.432484484949737
0.276183075577064	0.197765400250717
0.261596047965414	0.224610863703837
0.378541822883081	0.310075377284647
0.809421172697791	1.03786615124464
0.341011139110448	0.305510196427528
0.642509546230609	0.888825838588782
0.715774753120965	0.887029920692276
0.789362214426845	1.32189543709844
0.347260772356589	0.312529263508926
0.168762644807867	0.141129329572101
0.673579210651432	0.864197945456213
0.25078109811282	0.232636459262199
0.515227350897738	0.597654793452318
0.383596870646798	0.394481730834118
0.159897927668596	0.146444357199807
-0.254557993217562	0.23836054767885
0.324406264353191	0.306061335554979
-0.301024335923286	0.302454637543112
-0.127723713065736	0.107981333984516
-0.747980783556108	0.932706134293335
0.387540957937359	0.39908802173945
0.230883619415814	0.231591735713675
0.514045422628044	0.665760357799035
-0.21339313203882	0.167764024218856
-0.807041323048896	1.00368153324979
0.557157323643517	0.625058972823092
0.174373690031423	0.150542420364491
-0.0840611322828072	0.0703995427841106
-0.169224937601439	0.137009584451192
-0.0516329722549523	0.0338599229485799
0.176473558890321	0.15236584630528
-0.421703656748831	0.242150761305168
0.130564350619715	0.0498651977453956
-0.118458300552698	0.0476887146360413
-0.205305310966457	0.111515920363324
-0.118964218175896	0.047911892474698
-1.15345350292765	0.353548980162923
0.120656499627568	0.0461128191357198
-0.557900020096307	0.47452359235177
0.3159245608506	0.312853894745466
-0.231552820993344	0.199303121944006
0.311919882016288	0.315689480734393
-0.0513917421375359	0.0246808887946929
0.0853048199648123	0.0621699316578269
0.503156706630095	0.518691232283754
0.164444840475156	0.125488666187825
-1.04910976928056	1.20383321657708
0.268609640993919	0.200479676553205
-0.77690404847519	1.03006810643174
-0.0313591181891905	0.0210001581296674
0.640738790863504	0.829077319647555
-0.808346155290822	1.00634455214663
-0.0514300741254453	0.040421805318691
-0.521864352981685	0.488069911821479
-0.176575432869757	0.172838988459981
0.253326924121925	0.241406285448219
0.0708417673179238	0.0512650297956033
-0.696200672793331	0.82936465427768
-0.131278330823296	0.120392618457693
0.266913215536877	0.236614078068316
1.14599550051289	1.82918021682095
0.0258719328106242	0.0196213193828134
0.0630083057662187	0.0598510053645101
0.069768445716773	0.0666523995450419
-0.219559319446434	0.192482425392467
0.774295950363403	0.921598138215299
0.319836118189992	0.309299733293995
0.0629303657657432	0.0439083873605836
-0.0691605553003538	0.0595126404352479
-0.205745834409934	0.178782689261129
-0.240304043741006	0.228231171695994
-0.801792860099203	0.992788147766002
0.600073229275186	0.725166342101845
0.423943827978958	0.477972520806373
-0.151539366597481	0.124452799879523
0.0413734000158998	0.0253104625703068
0.318003268674872	0.175606889625713
0.373129160958494	0.167180597765499
1.34135492319959	1.23162185885925
-0.711199372445385	0.574964461506468
0.384082671367711	0.301259967650171
0.288858522071504	0.185462943628012
0.408306750147274	0.308797135742006
0.049418179103902	0.0317796699504862
-0.570256866494216	0.367433128321563
-0.627284383604873	0.305293930755849
-0.813230409088559	0.449720161235436
-4.58439790026769	2.56626391473749
0.164423869248907	0.112108430063636
0.14657769205019	0.0894384038201235
-0.0492766565624506	0.0237049455030019
0.336778908732161	0.168269421615906
0.778542091292888	0.737071060255767
-0.457263112010038	0.360194529145895
-0.267205019616829	0.228751053480131
-0.715618222250607	0.639604367220302
-0.456907144892823	0.359058945477725
0.16415188871157	0.111840587501249
0.165159819868283	0.121724125148601
0.109523208255201	0.0904532515118584
1.2123945430037	1.81483216187679
-0.352001778101724	0.286020822240782
0.447733029157041	0.301817591478494
0.591028727459715	0.445822276529697
0.13504949593338	0.057867151420887
0.691648349271718	0.452159334074961
0.371828855737804	0.166679202936927
0.157362687884079	0.101850048899088
0.271050849589133	0.183091998657438
-0.118640942061365	0.0858856199138574
0.263710881026643	0.219430961469066
0.667502804486827	0.578637786803786
0.297234715240619	0.191964668350813
0.715723850401077	0.885491020573409
0.793941079848754	1.17728495174663
-0.322285308002967	0.341117439198476
1.47666813577898	2.823097190711
-0.0825082138249065	0.061875400887326
0.681272058367528	0.851860461136085
-0.259882832343774	0.221554781257917
-0.306137181875194	0.327536507752585
0.435627925528327	0.408823572952107
-0.251042177320729	0.254409752150466
0.323990259224652	0.394798015628777
-1.08908299898674	1.38957635373335
-0.483720226610306	0.561096501512442
-0.283797889206873	0.264227802112259
0.220753091263208	0.23324263302524
-0.554812676918348	0.637234234251149
-0.55057979006522	0.675570609810403
0.0785729847791085	0.0570113138701877
0.382087797117697	0.411602834444165
0.328073509222483	0.380156154159737
1.91969863349642	2.99729901040448
0.803998795617549	1.02607667409457
0.066403961652921	0.0479798393067216
1.45699097847627	1.45776938953998
-0.353683757088501	0.215735087591467
0.675869482479759	0.316437085791507
1.02549223592864	0.388513835126415
1.74151938269483	1.35122916697432
0.772589862383645	0.46085706692606
-0.0328325893736984	0.0220239822697152
0.282121974719215	0.202972725979095
0.0959493188164954	0.0746377455718911
0.00861607341686657	0.00607728799879802
-0.376016452836111	0.368248400883991
-0.225468841325187	0.216470012907402
-0.321190827286859	0.31943163296116
-0.666249432492125	0.701315522156609
-0.669759422558696	0.706901845765392
0.163704067037758	0.116312511008966
-0.415539408594189	0.453451499955572
0.0951849487007284	0.0740041287549195
0.735356832800114	0.808309795723924
0.365621845310015	0.309608749646189
-0.0674060793221768	0.0589587603173504
-0.123168891654455	0.0894122603788236
-0.0954908169695335	0.0721130571688984
-0.856920306030255	1.16711059360556
0.16943720184571	0.159279526714182
0.230702861589594	0.216176366010207
0.301640449898241	0.309939382880379
1.08202772156423	1.4688594340561
0.16751805445562	0.167151525107183
0.0322128154835382	0.0258475140102107
0.166293672023316	0.153008012924836
0.30997303546153	0.297552468932137
-0.669977468074081	0.850512391749005
0.683095334582233	0.921833741672791
0.909078940449392	1.20848123362812
-0.383093674301602	0.429628546845698
-0.0171176696787198	0.0117379039378206
0.0973116055561267	0.0816765333729073
-0.1072626213044	0.0793965440110017
0.157408112406555	0.130813372904277
0.866283068937246	1.26490573855081
0.141613166214316	0.0862241255751511
1.05840785376676	0.644976921390632
-0.677696115785355	0.407486178093333
0.00980981605958232	0.00585835826751748
0.0727863193939486	0.0526569791508289
-0.148009150095209	0.105645724469027
-0.518936084730039	0.397981087178748
-1.23185987552368	1.46498716949167
0.163650594420389	0.120714480023621
0.128723483715433	0.0491814625007699
0.676835802533635	0.438315203275666
-0.805960206122401	0.444148025909874
0.134876551916302	0.0578813115225166
-0.311805043747214	0.231901532048548
0.0207660219147801	0.0120002475599893
1.12457474359066	1.1517212024544
0.678296189788479	0.779407521920583
0.696741334799635	0.69924277586488
0.546555071196365	0.539310804040695
0.526273819011841	0.436363811852137
-0.684631616599863	0.810458931439802
0.169705142797142	0.120882190909946
0.252225716544737	0.208723373763648
1.07253187117752	1.35725054117925
-0.509659144737951	0.387835777385759
0.563725942383742	0.539424834883641
0.596013064283068	0.55465775013935
0.491112237378057	0.309657642705774
1.22734330447182	0.846982663609958
-0.298052269421177	0.190902531407611
-1.04215155805216	0.41903356624497
0.369893513487104	0.165943605424061
0.0168852114962338	0.00981804655279809
0.163518495129179	0.111371493175343
1.13082995948886	1.28337435542592
0.777882969057521	0.836829687467566
0.170791691693668	0.135174448152609
-0.0483774554181505	0.0317076030187606
0.503369297814297	0.432968930038326
0.808555454566896	1.206847316437
0.165501012228352	0.158522466574612
-0.408263962588965	0.482394799461331
0.340038367580223	0.292901120307056
0.862779045058355	1.15972855224556
-0.0953778839904829	0.0806236201004756
-0.704703499717405	0.886254543118863
0.26925926737774	0.201151622249189
0.384581394928305	0.383317577553841
0.605884502263687	0.80736751610595
0.591669270608263	0.63499695422238
0.232167055098397	0.242924591105993
0.815725745315349	0.955401536388216
-0.637383863818971	0.846379090388909
0.712791093771844	1.01943582751794
-0.396225995067369	0.438087044476118
0.999175040258733	1.5636732519946
0.616432231531798	0.730646894372818
0.302260548379023	0.311227707680294
0.280728489893395	0.210783412011591
0.135051061969902	0.0769038650758793
0.801452247780404	0.337326448224681
0.974620811996768	0.792915442645237
0.248627664694632	0.211594512414286
0.39504592939359	0.311085685422016
0.647714360868879	0.586942535972999
-0.437968077609062	0.420069677307038
0.403126926315754	0.395398301188907
0.668429329198489	0.974342867791511
0.167796204532495	0.147738358061059
-0.211784966259042	0.205115285557486
-0.941951006817696	1.15726383605446
-0.353085840866764	0.374025300145332
-0.378378503655743	0.371222518172834
0.256665339339721	0.22008108462529
-0.00649507315149707	0.00537690236982668
0.336228432642747	0.319230940496725
-0.507557066136758	0.516285310073687
1.20260101594789	1.89843155113816
-0.519574688539947	0.601460309264611
-0.755360013562537	0.898293703329103
0.605806658567189	0.566188221989295
0.410056586085339	0.49145827514321
1.07978563978071	1.46623661655793
0.161804790482054	0.141831087981409
-0.11308169747304	0.083938201082464
-0.106165833554789	0.0903755287664018
-0.0777090551685652	0.0595048381234931
0.487912733296257	0.660745139129849
0.246999957654721	0.222810138129237
0.842443948685811	1.47065072940572
0.324812184429206	0.306543283387946
-0.0585960958861907	0.046203909659095
0.261835356621199	0.224978596193701
0.1010128262514	0.0850238676308931
0.0243890068026785	0.0185250780380989
-0.366618852930451	0.330467227260839
-0.287942835220049	0.242252569893934
-0.954969613985167	0.711521025855451
-0.628458480993692	0.305503574856626
1.0033928207941	0.945263254462717
0.146934315342131	0.0895097980957297
0.166025821199271	0.122624595863155
0.310806262267259	0.171360491709164
0.266506224588	0.207337496913556
0.0536183447846943	0.0359977386080467
0.134440783171765	0.0706585367534596
-0.214727194274962	0.11726255221599
-0.118205350485196	0.0476614114297141
-1.51510428309365	0.779900794511156
-0.0166730762324881	0.00865973701064846
-1.84911571442264	1.70349359019336
-0.90445407744008	0.850871438851393
-0.311324164983732	0.231287395928391
-0.64504081703325	0.589371233783941
0.071607438657892	0.0501609279318389
-0.755789631985291	0.946409687838992
-0.552044173745885	0.55695003990953
-0.28926570192455	0.243615460152661
0.92899401681529	1.12160894248685
0.0309963951852204	0.01902130733221
-0.520564017302729	0.48561403268098
0.0513676952695514	0.0344671919697663
0.0715425022701456	0.0482188696446257
-0.0511503222690613	0.0335403060944461
1.22076295183226	1.34205371237416
1.06346404939465	0.64967073582615
0.128350501127829	0.043512403302682
0.975729493874804	0.793284533979144
0.773536690012261	0.461350927776029
1.37556685397582	1.85122063108637
0.427183499433256	0.307289322897404
0.165627546699261	0.138444610547419
0.522524523889526	0.527849034113416
0.37109870850574	0.166395457666345
0.070133378247532	0.0507304484944993
0.804256950023084	0.935404283959557
0.384306538760778	0.405017945639913
0.170902228125888	0.135358362959232
-0.0987015886536764	0.0818327190377304
0.0259740570811023	0.0208066826312476
0.243853465457555	0.219518225980156
0.556172423535551	0.691132425256396
0.644531191793852	0.752938237155688
-0.250640908245561	0.218284652956911
-0.60542455285179	0.83792288495554
0.415649211001809	0.548174133166766
0.0375116710206717	0.0314415317767997
0.224828549068201	0.233245880738152
-0.457757280600003	0.534998381041797
-0.463276094473292	0.594519870798867
-1.05557666059734	1.99161076056553
0.237368482281285	0.228791198419299
-0.183475189394411	0.145915401984241
1.0129741848333	1.59534088936714
0.59107429189136	0.548584518988286
1.63329756906394	1.52806163413922
1.43648482252069	0.894442004060433
1.06238250350221	0.648554220885497
1.32046110396194	1.3907897473989
0.482550040863041	0.430114232455854
0.130086183242594	0.0497328022504383
0.108175128207174	0.097487561689211
0.380137203896032	0.400502024530455
0.31162041963607	0.299290643293921
0.170077775419198	0.120992464206517
-0.854284774300889	1.37076295727465
-0.133155019034083	0.119892418336545
-0.00359285459692682	0.00331965784537783
0.429022190217659	0.498081307596987
0.659295330719859	0.840191688927469
-0.37764271963959	0.397097354267587
0.57308343416846	0.784777186089126
0.624370519727284	0.658251036066259
-0.372060489535662	0.389679637508057
0.0988822274831556	0.0849405939709422
0.65828858830543	0.773598056908637
0.457104243512725	0.487740704509822
0.0974524036652777	0.0799295272890342
-0.60037385216576	0.688518568479595
0.390641796644811	0.481336896271288
-0.761154681138751	1.25181829396091
-0.35201002080177	0.393917130710314
0.183261974608047	0.191853853624067
-0.0883273207183332	0.0742387002689579
0.287470530008512	0.305566650229036
0.443468990373539	0.495867590894839
-0.352966265499451	0.373608392684736
-0.870627706906577	1.07721896209406
0.472204027705018	0.573921752950638
-0.442022301554638	0.425044284488434
0.23699457152572	0.228715170434195
-0.466584738804804	0.477788811379872
0.229935234218794	0.215557786818061
-0.511218585972841	0.272330654250048
0.316223164247506	0.17468697170163
0.377591027805749	0.309108143116692
0.35987481504252	0.314892854451116
0.412867148392462	0.312095146853334
0.457710722517606	0.31019800672278
0.16819490035892	0.109160979793792
-0.712243502101828	0.635019490868494
-0.259491111214163	0.131570706577278
1.76271532143288	0.989028906969471
-0.423394547068522	0.24377349253437
-0.240013977717379	0.0785174191900241
0.632200326090734	0.445102648150719
0.159159243086857	0.108213928631312
-0.150597879405278	0.107562726905708
0.77650296410691	0.925839738671944
-0.15013307067024	0.107091049174917
-0.596452770640935	0.443849061714988
0.172100165932766	0.12732825397214
-0.136482339511523	0.0997079608372516
0.174825413311388	0.138684794271545
0.169694959377841	0.146023469451318
0.303695304741049	0.312975950249683
0.966430584733287	1.05411458208315
0.355546786230786	0.320635725601183
-0.808698251870429	0.708900936134592
-0.0467672212615007	0.0373769683226316
1.22156882244734	1.19465851581072
2.55110244694292	1.42040702493511
1.06504904986805	0.651700740174388
0.598147750486261	0.557657590545067
0.0672268788578605	0.0470276443435218
0.550080423071902	0.436535697074431
1.51362045859546	2.62397022321184
0.0912835675227057	0.0727957675122223
0.251516914120883	0.221034343655962
0.172236146821125	0.140556605013549
0.742354877882501	0.902868610116637
-0.000527318765292278	0.000327713214007904
0.0931571080352519	0.0743491084412451
-0.64357725335324	0.586401852666981
-0.448982186579983	0.394491167300586
-0.490715847977112	0.572262105128545
-0.150606808211351	0.1497270596876
-0.118800060521986	0.0999707092086845
-0.47125514719808	0.54125198998524
0.398917248131941	0.390448135466047
0.940369816911921	1.33734271238694
-0.122249605632128	0.0887697088035269
-0.179734583873848	0.160841272999055
-0.244500544713485	0.162052591061584
0.0343285654589395	0.0275635941383025
0.240901697300401	0.216494411351589
0.239688621661175	0.209212364044332
-0.240010594711893	0.185441855246938
0.464122240634155	0.426469180835135
0.769197083703337	0.456235836269423
0.362197642169919	0.385814664724721
0.518075094488967	0.538408295810212
0.383925815473387	0.314760480178302
0.0288881652175765	0.0225805814868629
0.573046059207091	0.700605579614365
-0.250109800785059	0.271538296795712
0.280746735468508	0.309358070934131
0.582789911455195	0.716972942013674
-0.125955224388221	0.104230013817186
1.30968590248078	2.35698588599907
-0.972590569499447	1.05115663493975
0.162492421210665	0.127809269028304
-0.479542599587737	0.454952470270636
0.363492792361975	0.37767521594806
0.273602740147786	0.204658851753319
-0.330228455062014	0.330094368532196
-0.605739170979447	0.606198435860519
-0.129726612299906	0.107657790267356
-0.18434227999393	0.190707023909999
0.426422345236531	0.41108165194004
0.743123032030605	0.981811946294838
0.286285169370803	0.317072190213124
0.295046312124026	0.315894369460963
0.0792183632961362	0.057473874063357
0.654489478634343	0.829598975893337
0.363389911168315	0.307220324595301
0.0211503236004004	0.0160629117149365
-0.210951366448835	0.183630737116335
0.0171094946889948	0.0130072442929693
0.550087883213082	0.615142608021515
1.34092858253737	1.23187136320597
0.16047732809438	0.104011218593245
-0.622182527552928	0.302074532621127
0.463758696576852	0.314907391888837
0.149477991064847	0.0911405718516203
-0.464422927189673	0.366649522731555
-0.806199772018422	0.704797546824057
-0.802315150848181	0.767455053953985
0.378842197395005	0.170257097428092
0.43483442417946	0.313234078260443
-1.83448317285978	0.756769538624434
0.336118966130664	0.167951019545687
0.772127205376901	0.460462721008372
-0.298429311198725	0.191314244479076
0.70397174833799	0.58048155586608
-0.101204888040362	0.0628850499924365
1.13139828370747	1.2862628123985
-1.07948774282194	1.15480244729713
0.273203964000514	0.195412431641303
-0.587751786717892	0.546525457397862
-0.10147203336704	0.0747376224797332
0.0493102077071028	0.0317360441540612
0.472809619843271	0.5085258042461
-0.503622660442744	0.51114911778495
0.043162045651503	0.0263725013405606
0.659907243739409	0.749564273969805
1.6049934037187	2.05689743913888
0.169420388797968	0.13380677038178
2.10218044644515	1.46036339996323
0.508610434778475	0.439102186036563
0.632653836172039	0.815704362723933
0.0332308264857232	0.0260126810308626
0.510040146516014	0.529095970959787
0.911558492344299	1.38540053095921
0.0632771884808997	0.0407473368959904
0.178991364486501	0.162555061789118
-0.381711702097104	0.402338585151461
0.17347872598873	0.160623062152417
0.0705359396513375	0.065252339691409
-0.476794102836939	0.585490505000756
-0.404536511030429	0.502044677431753
0.0981334145791287	0.078424934343568
0.978895771001265	1.37017811042632
0.49187476795092	0.421489433825754
1.3381352682669	2.05490835002389
0.408154003523956	0.414195300865375
0.643115017305062	0.750753375245301
0.728864384596357	0.709110947009795
1.57961293623741	1.71673605620549
-1.14073250030651	1.93255978888441
-0.506550653377402	0.51507253272915
-0.163412311508884	0.173918368668479
-0.172722987012914	0.156982307606277
0.465518794642017	0.499901088541761
-0.171011738322905	0.1518127957536
-1.73471607985078	3.17048169849654
0.0304281750726825	0.0231389496887522
0.31657766226787	0.305455243937095
0.340399522161111	0.398415061122871
-0.0567384861676943	0.0439163706747503
0.168613317870557	0.148632340888609
0.513254162817316	0.594458123855882
0.736413496298358	0.891553584334042
0.277016524606105	0.216307036510325
0.825188093821301	0.968978146487064
0.811055831942512	0.944277330194408
-0.898291331429915	1.32509601588737
0.51980930928036	0.677332727822887
-0.24523915339038	0.189787542519747
0.600712389017287	0.646600294627333
0.332654108161833	0.305241369935344
-1.2844661894918	2.02640857330103
0.422737010017845	0.407289064086842
-0.794157873776629	0.814861201092141
-0.90550119948358	0.851235515925093
0.873941445516223	0.468704502863131
-0.631583032546464	0.307380080346945
-1.23435938967186	1.47192418436997
-0.996916264788197	1.00399585937093
-0.714694900058997	0.639482888532558
0.307421587294972	0.168762759841344
-0.210992583490923	0.114953136830029
-0.568265896594074	0.365606149990229
0.62810086825707	0.442461383923466
0.331551186101962	0.16525149067383
0.938883076028722	0.633795583191566
-0.242323132990394	0.0794545395999312
0.33887935464257	0.169541875889979
0.011367595525653	0.00670881142280235
-0.815432338152614	0.547874890341549
-0.989521810149316	0.990286909204259
-0.203872752055432	0.138809050745275
0.269901616590863	0.217801030892144
-0.682635821119144	0.76575135139008
-0.0735601476152151	0.0471163432851591
-0.2957592362295	0.24996985590433
-0.0876808614646733	0.0751091019172632
0.39779509989059	0.400743916335841
0.526393466440331	0.437536127242494
0.322615785739358	0.303853748121119
0.2802623550574	0.201126268813004
0.273824735840927	0.205318091843257
0.892631449429236	0.772914408214329
0.156171108776616	0.101179533168929
0.699817672097954	0.785221657638312
0.255432407067264	0.211911690241321
0.350000584312405	0.315051444925732
0.542926407688433	0.603532527982825
0.328095208526726	0.300929840477934
0.830294005755996	0.755009486486828
0.49739308519916	0.512198336979195
-0.810041828649355	1.00744536203872
0.728854912553818	0.79761558434352
0.175371105092165	0.155075410078514
0.174044124890442	0.171031894053001
-0.256283599944003	0.240460321842609
0.0944615286659319	0.0734285125241876
-0.337318663535567	0.307441047580223
0.166707793355219	0.153281908168467
0.372016272727158	0.399012129746145
0.409897236311429	0.415771189039907
0.0682431438574521	0.0630235130375407
0.630275993153683	0.666709444949902
0.550686131680992	0.544807742825288
0.334526463600813	0.308215260296736
0.368818728043767	0.165224491426244
0.410292768777133	0.309625610142376
0.162443000126659	0.145608353447355
0.322738062625313	0.320761507409657
0.515041887511545	0.597299977603926
0.629762058469882	0.810352232333345
-0.732070833832896	0.811927708395806
0.323972314978171	0.30538933815621
-0.00892688151496575	0.00621830661173008
0.165307120437001	0.130375184873159
0.50711870929601	0.438261881013868
0.774477960450639	0.832300859400853
0.661124199591496	0.843928998968133
0.775651805001726	1.00547395316802
0.834842350166502	1.14225763783721
0.703413685239308	0.86391815694343
0.519245622049717	0.604057310646575
0.332766837613333	0.315025515273493
0.308193366030032	0.31127715004697
0.499605586110355	0.515127853142684
0.420958758175646	0.405139291476068
0.667392545199331	0.580383242324177
0.0871992356112577	0.067510638143754
-0.289754999531017	0.243344459938572
-0.241824911078707	0.18676706456645
0.588228430096678	0.443369104862481
-0.418836909369002	0.177528026956452
-0.0812803417194255	0.0360581929458078
0.137638529203684	0.0726247477081587
0.279774921576776	0.210067918335597
-2.30828780572994	1.18386804900694
0.13432231797939	0.0642862273582917
0.129524436565753	0.0556472582299233
-0.259854860195403	0.131853467817397
0.504647904803176	0.181052956645613
0.139930142590356	0.0265210820862786
-0.53973627715052	0.207373309478453
-0.268899654896961	0.13668838415969
-1.3679131947315	1.3946504502198
0.525457205331027	0.302881186258562
0.287039772389021	0.196349080084842
0.828600932391839	0.752628971855625
-0.0249388934958437	0.0127979032178138
0.653761033905285	0.672178443865278
-0.204912547983577	0.111557325544127
0.651193097007684	0.667895283697327
0.913988813721049	1.2180047832927
0.330726551939464	0.313242387041818
0.425478885343196	0.304753611251148
0.570005144048813	0.624470631608301
0.595656281586994	0.554961539950684
1.31882044344067	1.38288947160886
0.632954162091681	0.448041864561159
1.22586688267897	0.844266334309948
0.511170021003071	0.183944282461123
0.768080536967238	0.909278498274052
0.30284651641224	0.181713326623132
0.370426279269868	0.314003449308814
0.537814354347942	0.615538240644754
0.320421000565442	0.301368055436752
0.701045382707393	0.787231397760294
0.496179302590455	0.649473640622639
0.688727126848273	0.93264194998244
-0.1593569416676	0.143370743596901
-0.0202535660863663	0.0138554405599282
-0.150318017373439	0.146932258735728
-0.322653349568234	0.360036997608782
0.360082497167615	0.383057914597435
0.54150419849402	0.601950666898443
0.312354753810402	0.308037960297329
0.757514586805397	1.0842744755002
0.623905858443071	0.742978563183517
0.734127297052076	1.06399986326927
0.773117170260063	1.00688455036457
0.523876357730768	0.529726105793168
0.269886690718253	0.209851274592477
0.52133204057469	0.525167807429384
0.460510984547295	0.492518051792074
0.284324507787294	0.204026983866799
0.649895573469564	0.760315140761042
0.23987556270442	0.221106528053281
0.252481094807346	0.228280079485323
-0.0991489310958599	0.0731081851633032
0.406747975902389	0.400119996985223
-0.490589298295093	0.534625275698971
-0.285691564206897	0.266622562445555
0.0763639877555474	0.0733830920790502
-0.67483146678996	0.712859149337508
0.17442031504862	0.133613862949033
0.776066545113184	0.925668940859026
0.162357491899622	0.148941943154891
0.755729768188448	0.923381888594863
0.948003902566185	1.23481458409362
0.607250517694535	0.790784159955561
0.378530411950489	0.310005177194913
0.389343219125657	0.306829965178809
-0.338234607670745	0.308673982144312
-0.0393954814663565	0.0264037504628794
0.480118452861711	0.30091336534379
-0.413471836775801	0.174859426410453
-0.12710005362563	0.0924405397004045
-0.60318691908609	0.449474590383655
-0.600055898532961	0.447466179895317
-0.628082108755988	0.305323540702626
0.156502112617401	0.101230126132924
-0.238920608592102	0.0782667689841429
0.290860900909492	0.199319541150566
0.521264959162377	0.299100283161986
-0.32302135204059	0.150090330879607
-0.626766920440267	0.304444801690903
0.0101323141896735	0.00534363802918401
0.293969872709244	0.189255723213491
-0.704991775107266	0.569772563374431
0.275144204731855	0.206330378862903
1.67080946912997	1.93602162236317
-0.107398376624315	0.066935324161879
0.375190720546907	0.319077665245201
-1.29194333132241	1.43439142756198
0.677506179738164	0.779585019266624
-0.114833417364586	0.0963427724967645
-0.884247630729872	0.970934251754751
-0.6188528989354	0.514126377905383
0.592962872591114	0.551517847260434
0.815185638038328	0.851582505054305
0.643096728931305	0.583229081125498
0.302829327101963	0.181801162246728
1.22606350181731	0.845377008358032
0.171260852486315	0.121925356832806
0.476885539746276	0.424043580600893
0.329845404070525	0.303065779576549
-0.138786698832814	0.115808696766548
-0.178107943991566	0.174832421833022
0.707006644900613	0.870626238065024
0.832764097664828	1.13838868858692
0.448866233740506	0.502984800375874
-0.646461519207013	0.77417803776247
-0.244765180967743	0.189343921909271
0.27994900939485	0.219021908875333
0.796938700651017	1.2638053192259
0.0182708781786391	0.0158578093836329
-0.181166730271762	0.162213177815929
-0.199541675590827	0.17693459536069
0.454853785477586	0.497926854280763
0.855576607842439	1.24214353189157
0.655561850149674	0.891909515621913
0.173450724416336	0.132985678874308
0.592822102698013	0.448681297279322
-1.49751120438145	2.13900720715101
-0.129741892229606	0.0944910254844675
0.562857818302094	0.448526675475209
0.483496919187567	0.431588798788402
0.168353586426829	0.124358689362196
-0.186388751485598	0.163495324978092
0.266859805435194	0.207622968301774
0.171821688248566	0.151392775827404
-0.307172636331038	0.228006167395328
0.763495274953211	0.987353039410932
0.391853168423468	0.463255238306378
0.0768854712962296	0.0558073591389675
0.803995993137791	1.02886145144286
0.0625657041866408	0.0421160300213856
-0.485086475828169	0.32963589595345
-0.512629215954195	0.272722763646202
-2.09059152506555	0.968842590571424
-0.073820891341685	0.0472577470232654
-0.101934788461414	0.0635333253352601
0.393092894232378	0.310527323368617
-0.0787275294464189	0.0349281669469604
-0.167547929857913	0.11650327487194
1.12378287895172	1.14892810561947
0.341084239858133	0.170770850451968
1.31353227787851	0.576480757103141
-0.415880213118191	0.176088333213337
0.650197491453198	0.206180224010175
-0.512523855067385	0.272122607990208
-1.49180555012535	1.04931961890956
-0.803914958481605	0.7695283899766
0.768937836138856	0.605447978779627
0.0637623990319138	0.0429355096163398
-1.12614337958419	0.781299194877903
0.276506194347471	0.207221379587018
-0.600055898532961	0.447466179895317
-0.0521749642230507	0.0410921791248053
0.24332343774455	0.230570389400516
0.171647285377981	0.147786287320047
-0.0117779763015486	0.00813954405032844
0.621817362528824	0.557452746163434
0.263790237067584	0.204910007316458
0.58720456063704	0.441372489198921
0.294170369833098	0.189672327760553
0.166613422804875	0.131365752651471
0.169163168971644	0.149071357380893
0.522423222311999	0.527905971417368
1.08604757090752	1.47622025122944
0.234756620050041	0.226204266941949
0.321021300056876	0.310764978801779
-0.230150450506766	0.197899094195701
1.14179354668585	1.62161986994927
0.169290661333036	0.125316182596243
-0.373524111253951	0.438079156850273
0.319179393673897	0.308495959695118
-0.111946341957048	0.104660759661031
0.427829784938293	0.496783850539503
0.699330603094091	0.953095202019231
0.272307157659502	0.203978035740155
0.17329810416759	0.123413432160773
0.392613439569232	0.405475983640264
0.684741711040846	0.860480222386039
0.161672210393119	0.110168416611325
-0.255102610052213	0.216567409397662
0.408771882665482	0.479043843013616
-0.0228362405137949	0.0156132881609421
0.037983514759667	0.0352555461934617
0.453984401634742	0.414861337509003
-0.760780666329338	1.08782214097194
0.392454230117505	0.394061535251066
0.769742519441635	0.914202604580663
0.991155800653573	1.17924759878411
0.741317805894005	0.817795430324848
1.11438699764756	1.13799044484491
-1.04463214575681	0.4202427411157
0.537772975159714	0.309732864222486
0.882189578549563	0.758352238048154
1.21312611671863	1.46050807934576
0.535774359406763	0.308526581226905
0.477619935586335	0.300008101667547
-0.420174027584979	0.24042704467797
1.22361365408247	0.843284064989319
-0.790655928288034	0.349811250163246
0.77050575354135	0.45924554401011
-0.547900340097719	0.20983644487683
2.11845754585821	2.15640018032691
-0.133770328026888	0.080583408852124
0.376651621069711	0.308118477383266
0.736217149901384	0.719035913177358
0.636757868638276	0.675206639749987
0.0426890331016335	0.0261282139189033
0.675691283465017	0.776584791087501
0.495143187788403	0.425269408809895
0.150702818642213	0.0973598546481288
0.676910801138582	0.778454997049821
-0.210493574099468	0.165106240872339
0.782599261127355	0.741448548881546
0.164916253793916	0.121717983159325
0.825555319947242	0.749272261169898
-0.709891455155908	0.632591091627359
0.625154519759707	0.440024156885223
0.6366056699261	0.575761838381398
1.12582801827274	1.27330223950145
0.278453611403695	0.2254130091865
0.470059770469437	0.416273676243601
0.64466612359738	0.753161242098407
0.241783123237225	0.228882375383098
0.526173269643303	0.532652916499593
0.401214194343366	0.405572605996315
0.875101329050883	1.43537761078022
-0.231798030722535	0.218749594087854
0.24617492555298	0.209476135210612
0.162707210194705	0.158715176960767
0.171930986725349	0.151816057709011
0.00307069197602696	0.00272898071455797
0.231732041770911	0.232592110117366
0.51256351677561	0.292348435371556
0.268479761079485	0.209089165432142
0.00719593249949209	0.00579679803864341
-0.448306228655929	0.394224039564081
0.508965808591353	0.587453049829697
0.344409834040031	0.309365474841044
-0.179692950784367	0.16074951926787
-0.525599925717334	0.492231609403374
0.125024924719295	0.11857719641961
-0.10017645390174	0.0738639290499313
0.0406236555614603	0.0326945299783354
1.27285567113274	1.86935595718402
0.243733578511867	0.21336291078758
0.74341908165886	0.98241134396407
0.536863275067897	0.526046813732638
-0.129079280530853	0.0939907519284198
-0.825111408078594	0.554401546487544
1.80556115744	0.709204238553249
-0.209809759420349	0.14311171611854
0.274785531626919	0.214621324740427
0.140986176568399	0.0801433142766575
0.367012791636214	0.164496405706213
-0.427555582456128	0.2461134271671
-0.167346621209653	0.0965595345290504
0.519005451452321	0.298104497360931
-0.53917516246793	0.207092528951807
-0.999633587695849	0.502675021948371
0.128685415355558	0.0676703602912331
0.589475622877186	0.445171328932173
-0.302322626516939	0.19413425587596
1.07475093721035	0.808485686328272
-1.18468228417349	0.672316148748114
-0.266553720097578	0.135268844589163
-0.623264196633593	0.518796337297259
0.350996759690223	0.305549778768007
-0.80537117077984	0.771848617632474
0.977463860320271	1.06910567854037
-0.284241735775112	0.265217461123103
-0.146559608977102	0.104360603311182
-0.489001818655302	0.421245181439393
-0.217187236459245	0.148581127490108
-0.407099290480003	0.362885897250049
1.21561238713277	1.46733370706549
1.08671312115246	0.822339129987088
0.384228005879331	0.315156460467908
-0.0868411758361308	0.0384397513268805
0.156518618549676	0.122476732792815
1.03281907894408	1.51222372273513
0.676375798114256	0.589616827218459
0.708426436211785	0.874582409890704
0.0364886752000504	0.0338274065116786
-0.173793969720728	0.154765666655137
-0.0704978328076158	0.0617984491098475
0.413324193062497	0.420309637088754
0.582041765763549	0.643043475573093
-0.313734930682365	0.310988546647169
0.856281653650002	1.38720357186212
0.746136359062043	1.05933799629626
0.279350090884193	0.190181920227516
0.537834665415396	0.615559706962484
0.0102546700416115	0.00537021816640434
0.159698022510966	0.108687035789243
0.426422345236531	0.41108165194004
0.178828312106141	0.150452606205579
1.28968969043851	1.77833274799932
-0.151207824785049	0.124158888748395
-0.206521140029813	0.161574835934488
0.299730476956441	0.308059934304556
0.169942984576049	0.134559126424494
-0.502897269710869	0.613121883664308
-0.604572810840058	0.60460533734345
0.162806672045058	0.149459691682811
0.262733886104463	0.219051168363631
0.333566650827105	0.315599857573612
0.497618865902519	0.512263994021445
0.985213961058591	1.16814277741672
0.624041916338336	0.741410290706262
0.55195410242593	0.617711832630047
1.143742270385	1.72820501527842
-0.805113691878968	0.772074679661112
0.087810019223182	0.0698531419664216
0.556067382704877	0.44187776499257
-0.418836909369002	0.177528026956452
-0.699818278095796	0.497945816699847
0.282806976004929	0.203514007622439
1.21776306888084	1.33977584293859
0.903125615758638	1.00807172202818
0.776771864152879	0.612081395191093
0.937783046358764	0.923753004005044
-0.0842157971494431	0.0539755495948141
0.559037534044102	0.444723927594181
-0.362166381635235	0.105626912484328
-0.0860439120826329	0.0380146139982272
4.37599053059737	2.28733476749241
-0.119842690350496	0.0481774169496767
-0.717502611095731	0.642730017466136
-0.472856139034702	0.446783830244427
-1.27505240121271	1.21700650493301
-0.720443154113203	0.646480988667052
0.0334768828235764	0.0204215545243394
-0.806347554157239	0.83456043354487
-0.883404230881937	0.969260685607216
0.819707560616215	0.960341390988407
-0.455233992869586	0.497650821797884
0.75037280441951	0.914846680552122
-0.205600801343893	0.140186196370234
-0.500967175444157	0.432666066975187
0.151933893601048	0.0930346167943744
0.425648123303212	0.305874244005969
0.450155867233606	0.30481982066007
0.982611552627529	0.800368924794271
0.683297791107472	0.944991231691579
0.933135330821436	1.13414497717888
0.24571921119176	0.215468520265654
0.166898517860619	0.118764676952444
1.09057953509113	1.66951840988915
0.174989018439216	0.158564317199087
0.3052211988172	0.307386466784913
0.446609899180522	0.557639723237375
0.567896128140279	0.69169699696587
0.365874521085379	0.39057834467299
1.21855925947311	1.59753012309074
0.483524076461639	0.640784598685878
0.32482075818851	0.389789763243232
-0.803410764488101	0.943363314797071
0.473033118810536	0.647307127122865
0.41394449908726	0.487010316063929
0.0908003781376428	0.0923593296192228
0.436133889208994	0.551522361891589
0.537954584664099	0.528174054089909
0.22341717705215	0.240933401104579
0.911246118080039	1.38405246486423
0.832319919995851	1.13644719694816
0.353302687941989	0.391665991643066
0.805087452893434	0.93680113942093
0.438576903642764	0.542913005774269
0.841346059058734	1.24423489268618
0.830106608609071	1.22282194099775
0.0777630085386778	0.0545170564633895
0.317693654628875	0.297795498399892
0.712038455155542	0.880547452377221
0.914057879703904	1.39151608861949
0.0990604344894557	0.0833241081416063
-0.00150967149944831	0.00114981382843041
0.875595671778437	0.892747315949381
0.465441745734151	0.562781109587776
0.0972559110411634	0.0798095643042715
0.00771170870427925	0.00572211826359888
-0.0303823876118572	0.0244971038804397
-0.0765657827621116	0.0662743249313802
0.272861521143933	0.213072785156926
-0.572030376767518	0.614213894771841
-0.235196773179965	0.203062069337148
0.265058649458573	0.205881082317256
-0.26754559587544	0.136149310799411
1.08881066618239	0.968292385049645
-0.306320765881101	0.227278322699752
0.155107784751343	0.109704054866131
0.126635593226233	0.0606349182672788
0.586794917935313	0.441182789701947
0.0363770676639433	0.022284469591054
-0.173333108676874	0.120750689802885
0.869137766159323	0.463842167150068
0.137315356908544	0.0657497491531512
1.8098322354038	0.711329755606344
-0.222848906389698	0.121694131002765
-0.476060796503633	0.450821133184499
-0.808088978289516	0.776267795387764
-0.443784304894555	0.388920816329739
0.720186334578409	0.598442719355601
-0.0493012336097432	0.0322731938527562
0.0802411488664041	0.0562697427236216
-0.406110066411849	0.326239647248896
-0.0740933602699386	0.0474221059561665
-0.462487585352226	0.50836764463931
0.26192824766483	0.218258005537384
0.627220154341662	0.662339498450069
0.162605759174549	0.119914042820508
0.360481282986175	0.315742336972256
0.507935476139608	0.602250368076339
1.39125069004638	1.72959096317989
0.897529929063349	0.777614964362679
0.266006094881641	0.214678371879089
-0.126756147306252	0.0921437463251829
1.26028487323591	2.07498502843584
0.413024896400294	0.573058844593219
1.09877503781442	1.68458534697311
0.222319352680378	0.216855300319488
0.374875071639328	0.465176287408232
0.810302138389951	1.13006220505498
0.251604884153323	0.207809260499296
0.321307286155245	0.318785483858206
0.536443740286683	0.613208289557665
0.631899986304466	0.814504555714195
0.169003181752129	0.133523666879112
-0.320012178661661	0.318672544852812
-0.755966470823964	0.94726782130257
0.485422639272067	0.607249429024077
0.480651704273226	0.503726708584091
0.358054232974768	0.398226832359069
-0.183733124376966	0.177752309454684
0.175825576686233	0.176340490105567
0.435703169106996	0.48442510457931
0.74291376413775	0.818017293927622
0.70923950780453	0.944707946765971
0.243398519849258	0.224949685846106
1.25317407907576	2.16556759733684
0.476142763626344	0.579941526874231
-0.463217520579399	0.542384146734237
1.56154071631878	2.80528512352485
0.360027555476662	0.315176836963781
0.109436557438425	0.0924406997973255
-0.261915006619845	0.197247718916299
0.418842408662165	0.402455879082099
0.166879915344504	0.135839629473279
0.24160931220617	0.233762568480414
0.628701846995517	0.663382511928492
0.825107721585335	1.12311891225095
-0.073752838826832	0.0647790393258966
-0.454605666205156	0.529901833750141
-0.16555085340759	0.14957279692475
0.164295657762857	0.150974307501281
0.679284638813571	0.78136166834474
0.0846085715359763	0.0635914774507299
0.5456729261947	0.538317107442189
-0.272531343831625	0.252066640737767
0.550812353009767	0.436564548851188
-0.564080323114053	0.36234672245654
0.499721954476386	0.430327797154113
0.0805650743047396	0.0604084754113937
-0.241577557231687	0.186786942750054
0.687033158542353	0.447532482893764
-1.00767070294424	0.507358793962883
-0.201743780590994	0.137090844302341
0.825540742776459	0.747207698045088
-0.33305241037182	0.155303528575634
-0.560801830309042	0.359603620477661
0.776866044578942	0.462578460799653
0.664429336173751	0.687658051286442
-1.02647108081348	1.25142998160274
-1.05135130332769	1.20441373210909
-0.878629898058449	1.02791451923328
-0.242750224607225	0.160404100976187
0.425246720293625	0.305466765544975
0.27335294049819	0.213438107500113
-0.445667115222821	0.429385617256356
0.345558880540435	0.310618455160099
0.0881088241999472	0.0734296304611892
0.717553821908571	0.888876269062125
0.298705320768539	0.305658441038389
0.636346217782059	0.576580008080397
0.975477945654004	0.793749960884068
0.547174894047214	0.540153062556017
0.155481607295108	0.105579264335833
0.272920130254936	0.194961399938402
0.525505113262251	0.435734445860817
0.403102855535016	0.408008249981241
0.453550087831414	0.413616700382312
0.601310703432544	0.727883649601076
0.271345972615608	0.219186110622641
0.522379201191922	0.527350722036442
0.383416744725094	0.314533972664204
1.9790005616611	3.22973026920662
0.940696799219824	0.928640561392215
-0.471788792299067	0.445159510597589
0.169012955969029	0.133477899813561
0.767098204898832	0.720238095977303
-0.109367567322338	0.0913219601246641
0.161735961744966	0.127353075105051
0.280048796905373	0.201145789022282
0.722037532886108	0.700739850760187
-0.317786013638762	0.262686919699519
0.524684557088202	0.435483247694629
0.51381456138592	0.610527580490638
0.243370334358681	0.225014382340917
0.453069548016629	0.496562232623473
0.453429964675844	0.496984424083967
0.487455110358008	0.514667854055022
0.278274227066513	0.199890359578266
0.632814792504996	0.446973294066857
0.266172880666189	0.214560441633934
0.0297650087235259	0.0182764515900435
1.10185218486374	1.69372757431586
0.386692240208794	0.317392716726792
0.0681553049890798	0.0459257300975137
0.701310502400055	0.860575974097201
0.445625083308347	0.419254694331984
-0.203238249716836	0.158764028038427
0.641704851135907	0.58196770616551
0.345256721846648	0.3099708541704
0.418853915941084	0.4155986849651
0.155307047644019	0.100601273564797
-0.73053588440304	0.710831076680029
0.474693124575012	0.42089389102393
-0.184312429711348	0.146648586182627
-0.13570767632888	0.0817063261895721
0.453111173290264	0.30689571380479
-0.109411973424305	0.0811106060295638
0.379084284534255	0.310003071911938
0.160214669950463	0.113679554246191
-0.813144736549382	0.634894846101673
-1.36145512116747	1.38181509246601
0.933026573017847	0.915895221690246
-0.921338385887924	0.78052966047328
-2.65239723508982	1.64970881024709
0.371339507699115	0.166627357327187
-0.412691971138572	0.174358277673765
-0.333691830091661	0.155561116107088
0.767059367832481	0.818506595772748
-0.451840335050131	0.398009786573383
-0.44832851127478	0.393322373713223
0.768805249028219	0.603694603136235
0.503021724449979	0.43374193177641
0.582083399407935	0.302184062039937
-0.0026906574320129	0.00137015779622136
-1.21192695492739	1.27121419883574
0.0415749360788233	0.0254430320385975
0.981782440275672	1.16392518845901
0.31622300142554	0.305175992020823
0.283054376882089	0.335623502947931
0.532438215707699	0.857604516740992
0.229162059210512	0.229830616727596
0.359509245251228	0.314239337714257
0.876101998585368	1.07808064908586
0.267387465820111	0.19954055802992
-0.462235594246984	0.47218784592306
0.0883271691534285	0.0684627425037717
0.592110815683005	0.783443784450186
-0.303535687449398	0.278605620269771
0.781113103572561	1.18125928891794
0.311759655616956	0.3074676581389
0.682655285060564	0.682797680583929
0.472643002397837	0.418531851665371
0.652476171181694	0.765455924824738
0.657325538120935	0.676533065139507
-0.933010804828981	0.639782178511673
-0.172544012832221	0.120400332841864
0.101714190337464	0.0836015405664053
0.0461961080474284	0.0296657580497071
-0.3256625509952	0.294645899280569
0.892687321332397	0.772997084028487
-0.498256106247656	0.431565573385113
0.462907713375797	0.424628843731653
0.685962463201458	0.927857986075539
-0.105180682815241	0.0778237411788957
-0.130748772235545	0.0952524464043799
-0.0511143225387677	0.0402207159395093
0.00494048370972653	0.00348632979410406
0.248189798972319	0.211621218152269
0.663372522041103	0.685038401716184
0.499064045235994	0.513134635493614
0.547240108983113	0.538360705471148
0.252527364556395	0.209101005014239
0.553047742652858	0.547524755690711
0.164506898864908	0.13358702639148
0.391354735079794	0.307243204460394
-0.239924368096107	0.158317490328623
0.779929495228883	1.01221696031204
1.0135263602823	1.30663930113189
0.724918355733476	0.705767283701973
0.0725866813749265	0.054180647584521
-0.285760940481544	0.239657397002479
0.772745049963335	0.82933427148783
-0.607686506596265	0.842981389144162
-0.0996308161370712	0.0826589372097808
-0.96501208482785	1.04267425656413
0.352737512097763	0.318279097324292
0.863191081157339	1.15760956487026
0.507411257386514	0.600485767636261
-0.5419065473076	0.543000237742408
-0.0247648434629316	0.0169301852090954
0.855655061103284	0.979724597701316
1.07587986290261	1.36145664737568
-0.810632061657493	0.709171344044102
1.33879656457563	1.22797173783531
0.160578020781644	0.113623647250698
-0.046560048622668	0.0304518260539307
-0.149659573010123	0.106765278405505
-0.727232604267887	0.707381529073248
-0.660271439524901	0.650434510132378
1.30685544158767	1.52967312697677
-1.758804114139	1.96010521364442
-0.160908879710094	0.0925471831015046
-0.0557442599771196	0.0365706339903021
1.13655981755274	1.6130255467515
0.240683906802109	0.216342094730396
0.0790321534592246	0.0554597345156874
0.268774997310542	0.2008898995762
0.560374379506457	0.631036694829624
0.329259539898709	0.311478778423804
-0.0171025027683877	0.0157972808940439
-0.0597378958452658	0.0519393312598523
0.40610528803604	0.550249149505476
0.658110312565114	0.917086217838769
1.38475609968549	1.87192536951156
-0.00295981327867699	0.00153246573114731
1.02567873934307	1.07978533389179
-0.816476473510985	0.639522801364135
0.337423728732646	0.169081415528796
0.928957875277714	0.624058977193149
-0.120799851784789	0.0487069127433155
-1.74665866836341	1.48644864642805
-1.29882524856631	0.59401691909246
-0.35633770734311	0.217931335362953
-0.945550946940575	0.700406876139165
-0.482761051353486	0.326642479662171
-0.598774026778331	0.446140091202529
1.84670099233046	2.42554612428051
-0.413491293569074	0.174736744287676
0.761931699854968	0.596036179894973
0.426049457713251	0.306189100708388
-0.811324457269746	0.54170385647722
0.977003461821138	0.795527642700218
0.498143006835878	0.427822880717579
0.452510836515015	0.306751165508232
1.76380707218391	0.989003858592782
0.146371446356803	0.0837368248699638
1.02060878637423	0.387301323550052
0.45767196752564	0.31035465294662
1.85267804590837	2.03691385110054
1.07499351616627	0.657948783808169
0.377174167356593	0.169574825269419
0.121107902293932	0.051887974989904
-0.564538919849453	0.362617937023838
0.874005490157051	0.468720582420416
-0.975062557948543	0.606925512170839
0.884153958576052	0.475024441037596
0.0222486337006497	0.0128072466550441
-2.65239723508982	1.64970881024709
0.282806976004929	0.203514007622439
0.049580073292442	0.0318543513539186
-0.88859405688077	0.974071027600271
0.212264787382179	0.306256298938158
0.249953136365635	0.333594816004776
0.704405527267352	1.1138684968703
-0.307766458092033	0.228209850826715
-0.361132457485962	0.324247684459057
-0.650363211680364	1.01948899453735
0.249254618550923	0.219082383412407
0.0060858961247673	0.00454121825999794
0.602361884732889	0.562491100666275
-0.0433633440894533	0.0473416125497531
0.400948669834804	0.635388084756105
0.309145280051054	0.493675930835491
-0.0535063645635213	0.0470868780529393
1.07283473148616	1.45032162977807
0.428753959464007	0.308128055819956
0.0363770676639433	0.022284469591054
0.337111207711417	0.168806178196531
-0.975062557948543	0.606925512170839
0.125735575671195	0.0479892413777408
0.136471442907569	0.0407207925774643
0.142313411477775	0.0813708351099019
0.976272726639626	0.795611095144942
0.745044301701919	1.05841329729541
0.892140367055036	1.43821550460756
0.040682084003388	0.0327299479499686
-0.0186028567008191	0.0151553765743377
-0.406900564078874	0.361526723681182
-0.435145181739778	0.482543497542211
0.324196208765692	0.388972896966563
-0.243219649164103	0.249347022979513
-0.721962069619608	0.701117344202508
-0.493234549278976	0.425703660012321
-0.178625786238409	0.141611913599613
0.519750604908612	0.29723255151532
0.281015379736904	0.191500541150207
0.422487800192439	0.406789351459979
-0.950147485270304	0.706218491720298
0.15310285564855	0.0936131734247016
0.688215332197121	0.450020980748977
1.50908007128039	1.28654292334755
-0.790711532679895	0.349867124124677
-0.164828852092369	0.0950361130851849
-0.00217123781900996	0.00113503979606285
-0.360222830181115	0.294457222403878
-0.488348651631801	0.331784650479505
-0.427151908658671	0.245912854816931
0.0419263085519514	0.0256485461110128
1.01471849324992	0.957998888690257
-0.10158639474516	0.0632341761033239
0.488556257752547	0.436738245909114
-0.517859134006693	0.3974115663237
1.34664847840845	1.24049149144972
0.506746125610571	0.438000901489708
0.892687321332397	0.772997084028487
0.693976253356362	0.454617379258316
-0.0146986254527645	0.00767940435675046
0.321002291536377	0.177288061043211
0.13155152063707	0.0630207629562641
-1.6227155060311	1.25872635369478
0.458255526992355	0.31100525885268
1.0355229673501	1.09830755085089
-0.571529336545667	0.368823371165
0.291928552086471	0.188051119614723
0.293775800202604	0.175645323013853
0.458910654156525	0.420709394529651
0.960001050743241	1.04452176712064
-1.38177358971655	2.16092695268659
-0.161223892097065	0.188913062730304
-0.438037683054752	0.454522305290129
1.34399982657704	2.60231300587346
-0.234074174230928	0.179906239160991
0.373733116705303	0.305260337236888
-0.698415467499148	0.871269207274842
0.165156414435862	0.137791947075119
-0.262145845491538	0.24672569458742
0.0719646325602714	0.0504318529728935
0.499587534698576	0.715964506193928
0.565510317784698	0.687123434927372
-0.529687097818216	0.641554986117645
0.0376387110722309	0.030179576534099
-0.168070029875425	0.136059541827026
-0.87837907300577	0.96017720480693
-0.00320267601401551	0.00167687831328766
0.51447821892566	0.29437557086808
0.29837322592481	0.179004910462712
-0.26097718042699	0.132369789759913
0.688935863686455	0.449665387340032
-0.430525466348981	0.247944434555635
0.619970130730886	1.00473607054167
0.50289652157416	0.593710239287223
0.499541262724856	0.656389699038917
0.669213620654382	0.857679829987351
0.0796079267989245	0.0613766657320218
0.0867556614675978	0.065254860854983
-0.49325451107048	0.537798176331646
0.553636855031979	0.703739542949467
0.390828898818725	0.307761167762121
1.09107276163312	1.57677179755303
0.00845286486228853	0.00625305838516541
0.881719788941052	1.25776990715217
0.363382102479371	0.318458058263276
-0.0128995742499118	0.00895412981319514
1.13632806723292	1.40686847154088
0.318127546572001	0.307152440998635
0.933738543485391	1.13561389740728
-0.0892639340349504	0.0553343564326386
0.774004441520412	1.00751938651852
-0.297907331130628	0.252066899911727
1.06239561291	1.241056683661
0.0346267272657572	0.0211349028445731
-0.161082534026437	0.129841607794928
-0.880898026706703	0.962569667573108
1.8765695301709	1.60496931695234
0.516250224451703	0.599119763779389
0.580874022433662	0.714037982187774
0.437584081900795	0.410989262245772
0.173664936137958	0.133072741830676
-0.114132196975652	0.0976788362481235
0.646286323859704	0.755056375487617
0.166633770981836	0.139366793412474
0.441931912568903	0.416242657937141
0.728567178713374	0.71003709426052
1.05248952480156	1.22570086125007
-0.16027978086649	0.0921993335364128
0.464141921102104	0.495794206108487
0.153969834213224	0.099621737627957
0.0804444135824577	0.065234031659646
-0.0809503965756939	0.0620946575361795
0.0801516495777453	0.0663326666878921
0.0620972476243696	0.0417925002487076
0.157475056960489	0.102129723689388
-0.43634443649262	0.452522933293494
0.0426840285008853	0.0351891960218425
0.249302942993115	0.242393692985309
0.167171661176578	0.150585122295823
-0.60454908718944	0.727875167402256
1.02119516250181	1.40629806996713
0.710312186371538	0.946402729659528
-1.42773439617138	1.94419768410906
-0.488141708873384	0.530878575010466
-0.0472016141317914	0.0316614164105825
-0.48618843149796	0.46282366947261
-0.677044907263063	0.717939630851003
-0.724643583225926	0.650477736052294
-0.353040112681948	0.215867269215061
0.00491525602789265	0.00258098829445631
-0.624157807658839	0.302679656757068
0.275597229286886	0.187227184494293
-0.154080093081427	0.126779526152309
-0.223965007627967	0.191335771010477
0.071607438657892	0.0501609279318389
-0.121251434253565	0.0879102394923881
0.479482860343063	0.427336868281732
-0.416416252333458	0.293269451978722
0.711559377904306	0.802345071756313
1.08429939654706	1.47393356283904
1.20473326634588	2.10696090855664
-0.40699294378777	0.394911223927179
0.0293221843263295	0.0234542282386592
0.819550396955842	1.05629673410745
0.0291990657730278	0.0221845635611
0.215408543070173	0.217796344772678
1.01078486695768	1.37793940852419
-0.440731970852038	0.423014199498545
1.60604496703337	2.75902751553105
0.943682900465567	1.22212484554931
0.0764541219552411	0.0535764267253122
-0.0678160983458911	0.0433610608262347
0.731825990357214	0.715415008809198
0.0339326968306687	0.020788712938888
-0.130664837902384	0.0786869104414863
-0.64589631076188	0.590178807593179
1.69995338095727	2.59991388554187
-0.235810348517383	0.181786289918432
0.451026531902018	0.304767978114441
-0.628146663665204	0.523499323694867
0.0193608266842776	0.0112007153889987
-0.877811631262157	1.02668803733875
0.623755374838531	0.741830763485616
0.689036913812278	0.450047987379027
0.452349253387279	0.4277988653425
0.819272973676929	0.857154789530694
0.311710859336439	0.307678273796382
0.378571687373306	0.310244599639489
0.576336001207514	0.555232847901821
0.26516518564112	0.22097728529352
0.772017169728549	0.828136489716892
0.768358375962604	0.603617061905731
-0.16434390508375	0.0946625894302244
1.35147407093523	1.24586113205024
-0.221596072476817	0.174704593399066
-0.0267083223187057	0.018239937886974
1.08332724689383	1.56438959461453
-0.9057496834248	1.63210747468782
-0.430179060584973	0.443314979620648
-0.595626561221942	0.891334343945136
-0.0987215792214658	0.0836256247459916
-0.239285453236309	0.157718944535965
-0.685362482109005	0.77194861816141
0.867259812771176	0.879472306723936
-0.105498561858892	0.089576749868659
0.145174223301753	0.0886361255600213
0.166516842852	0.156523777037644
-0.273063409214827	0.275314288568155
0.906959109616075	1.3724779898518
-0.0888761175080025	0.0668792912586405
0.0126348613335958	0.00890923488887294
-0.134874810155597	0.0812407843404114
0.556681814215806	0.528926303257393
0.678046685500211	0.438367488274074
-0.642470509741563	0.585679701115195
-0.0812803417194255	0.0360581929458078
0.480552820312974	0.301356035046884
0.854198653736006	0.977196980166479
-0.0844913722333207	0.0634057542113021
0.0134788250467828	0.0102718524632097
1.32298022642516	2.14953463076229
0.593810915843731	0.714545888973493
0.481935367329468	0.507752657787622
-0.728979254859326	0.761127688427735
0.164840518915951	0.12593678250528
0.645644785653572	0.75490473158873
0.0340643493184246	0.0273527526342642
0.474693124575012	0.42089389102393
0.247967382886266	0.204485264665238
0.241297504413972	0.222324621173808
0.71360514373919	0.806690832382312
0.384693349460327	0.395889013819926
0.0856534053231353	0.0624289717636944
0.421783757955756	0.487442700731532
-0.171316473852357	0.155487953062098
0.788144630522801	0.851627571801506
0.434258535678377	0.481173659813354
0.666199556596236	0.57866885573561
-0.0136023242539045	0.00936053777430948
-0.110911065065664	0.0822977446667429
0.0114750152390495	0.00844871093888072
0.545926565269498	0.537737701647322
1.97621211237185	3.21454984907325
1.13893850800546	1.71590339602867
0.520722043480957	0.604664068587006
0.242433828258217	0.218179763127577
1.0585553371045	1.73252491020173
0.364532300018338	0.319905669592081
0.252676956436681	0.228296322228582
-0.308724369283315	0.284461647692072
0.924142156931182	1.30226851056279
0.631839446245361	0.571155226733348
0.302915566402772	0.182045691472644
0.159146237687774	0.116978887868673
0.354795091040359	0.309894452281585
0.443633933147626	0.418316723669751
-0.125331425696384	0.0911751954616807
-1.3721033283341	1.15157607495843
-1.36464897253158	1.14090982730354
-1.36674747517953	1.39007644849128
-0.56610483406086	0.36483088074061
0.303836478869034	0.182823771442824
-1.1211801244524	0.776504089204501
-0.415045017639821	0.237194700141297
-0.206670883983878	0.140773871714248
0.146177285315719	0.0891989017453365
-1.03082953933213	0.946062858471365
-0.0524227642321204	0.0343234977572073
-1.08592364047924	1.16391515938088
-0.35345426959334	0.287323410484968
-0.180612580744602	0.126259508670782
0.145346966014353	0.0831691474284333
0.400216955348734	0.316137023764994
0.569563978870311	0.624294905694225
0.16423830334288	0.116759284265219
0.164366761046764	0.133437152262701
0.497873599773435	0.428135917984462
0.26780179959166	0.208565153678408
0.747460721839934	1.20494801610558
0.530060375429149	0.603047179551512
0.058082798326395	0.0390204741417685
0.584351948748035	0.439928587765489
-0.19820368426465	0.175479513029944
1.13177944346235	1.28641592848119
0.406666184651288	0.307149344267972
0.399375227991069	0.316433072520143
-0.120304621954155	0.0990779896636801
0.832131968011259	1.22732617338934
0.391499396837282	0.393269788967785
-0.216869659283633	0.189757455168989
0.290690225192938	0.310168620793888
0.169306583774069	0.156175382392655
0.509488794885835	0.52670541567324
0.85292035438713	0.974435571940353
-0.453049254137434	0.355581043404377
0.489280661852088	0.587224705047857
-0.23577988281748	0.181641333504778
-0.453538240834439	0.494706563898182
-0.589281448824027	0.6719143223346
0.964286883073887	1.05142658351685
0.778971916878185	0.929268526602142
0.447788248690301	0.488718743114942
0.71663647343462	0.888140530900292
0.0784609982902367	0.058798952400834
0.153666309597858	0.0994582476430903
0.889966884108564	1.10373797898975
0.28355508376607	0.19318440014564
0.737431926881274	0.720251960901962
0.577886831787245	0.557138411718534
-0.00730094677913198	0.003794086221049
1.01125897496667	0.956598354052782
0.562835793761523	0.613832064371566
-0.0129812037967888	0.00681782686614516
-0.27558673020265	0.139775764165341
0.769504863080365	0.458726768154854
-0.630560001867424	0.306878318745572
0.183842406926141	0.136656436681979
0.139743474920116	0.079704226166381
-0.0535763911800778	0.0351436961493279
-0.88430764682948	0.970640004176733
0.105033256829929	0.0925227038209605
-0.20580896579161	0.160921651388169
0.284553486642144	0.204997928787723
0.00449903207845824	0.0031840259188551
0.142313411477775	0.0813708351099019
0.323597082238088	0.295635587484507
0.171255630787987	0.139574732123757
0.0481541801733879	0.0309683905695376
0.777524115158335	0.836871634534622
0.60144229045208	0.561472100515794
0.446896860079774	0.422209915428314
0.372234939704658	0.426341442346551
0.778264121413646	1.01670005757087
1.33879300603781	2.46595901964811
-0.3210824414506	0.266276564391556
-0.149103893464675	0.118973437177811
0.260268608126151	0.216282438617263
0.677315063570925	0.847231768240754
0.2608245876649	0.217195216325905
0.0766540643047733	0.0556038948759643
0.456962776968775	0.502032514890761
-0.0458089094887412	0.0359690498572701
0.831787134846005	1.22508348451539
0.261398185922532	0.217673491802804
0.643743263175879	0.914241384151201
0.0666521060242687	0.0481306426132137
0.107872341049249	0.0933006018992759
0.994982349527575	1.47881169016408
0.594670978037162	0.553393506274324
0.167757343572247	0.13253429287811
0.430714881892496	0.416595374122688
0.090953193110407	0.0725101796304724
0.166586067969405	0.143075853605847
0.277370141069197	0.216279773465851
0.156855122921689	0.140144319436566
0.98538795997988	1.17009637888125
0.734200875622838	0.806596667989038
0.633554204782917	0.571826637979385
0.32893070259574	0.319464278371431
0.571968929133657	0.549923838012638
0.0516045459955978	0.0331555153433269
0.926540237079938	0.622740526750781
-0.632656028727077	0.572876611445992
-0.116866819661468	0.0470375235131344
-1.85202341896748	1.7059357350865
0.294667318051349	0.176259984632587
0.373139600068801	0.167694185160324
-1.27223346801477	1.20846007214228
-0.407128943174159	0.285952571310409
-1.12256489832997	1.354192079854
-1.84911604133428	1.70007385627422
-0.445043067741662	0.428551124072737
-0.00401681166144654	0.00210255159443741
0.167497374049444	0.118828941259787
-0.629834921573425	0.526119085674635
-0.995851439167001	0.999569977135188
0.165110141928359	0.130301632616128
0.620154821866985	0.65208879200957
0.340546244458519	0.3047099896007
0.277004100632899	0.207851032759587
1.34892084806341	1.24081279373018
0.407650967652678	0.413039975046388
-0.196047192915236	0.173444934372826
-0.0498904644355253	0.0392443010183027
1.21605416175795	1.33448723525649
0.46038472042097	0.422500933333089
0.64642730162431	0.838870738121041
0.163869697673004	0.116470105997275
1.21804131135939	1.59093794568576
0.675545642380975	0.775100538651157
0.807546501593916	1.12357886522394
0.0800879852315767	0.0582233916258416
-0.234950894652984	0.181019261624122
-0.0367901469182007	0.0287616877579503
1.60968634119331	2.98748309898743
0.576490530721671	0.634477276922803
0.653319620469001	0.672317571945909
0.175108660042114	0.147275906488711
-0.47486575767884	0.489521261045174
0.171108563843839	0.131211222850517
0.816095417763737	0.850442147883019
0.576048932930645	0.633330680798317
0.162428543522288	0.110665935002078
1.29144865047149	1.78263191287795
0.172289696005597	0.148353357819102
0.183403124363633	0.15046099509951
1.21104777570123	1.45806361121193
0.729111828614459	0.982931042408287
0.711357009177236	0.589966068306746
1.01766105015109	1.31329433239197
0.164354640241138	0.129396948667411
0.287893538121714	0.216710435242126
0.284134756208017	0.204494966950024
0.266032265095631	0.206830772122921
0.634503495157416	0.447983825253028
-0.152103483305785	0.108620647540278
-1.46810920769552	1.59725408991089
-0.811958882625257	0.710886021519425
-0.305689640203535	0.226338487046178
0.0442691147923246	0.0284733354458695
0.473542136498311	0.296212021641419
-0.727757370792878	0.709129295551738
-0.976799276556799	0.607693711210438
0.0674119142060039	0.0470440846921975
0.896299173851486	0.778305507899503
0.593704492491718	0.550310959623734
1.15099431992393	1.74181548266206
0.148765235316675	0.085080698662353
0.930047341969826	1.49138708689756
-0.116103154669302	0.107043096745906
0.426831892592691	0.41194851668964
0.788940015006242	0.85133662246228
0.0913009281940709	0.0727207452931622
0.389897256513999	0.3208654463373
0.233253916486454	0.244145074361469
0.247587980173989	0.217022362197758
0.0349892365910644	0.0280908359156032
0.179010405603266	0.150643207003258
0.433791734876147	0.481188415694597
0.00189038964267698	0.00162946866497365
0.660321012038896	0.982331285696439
-0.261458678065567	0.245836105134332
0.232342916142986	0.233502198159518
-0.635305615163595	0.811355574147219
-0.316347534661734	0.313481189285199
0.0952242822460029	0.0780246724379488
-0.147131595157515	0.120316995932001
0.611628637063237	0.723084878441336
0.303484744719225	0.297626303208346
0.78178076690996	0.842187669821042
0.171947362204133	0.165764711697094
0.59312891188489	0.784924612633538
1.36414616626094	2.54314374313832
0.361326922104653	0.39386496368135
0.71642433776102	0.959694157332451
0.816778424058908	0.853230159077364
1.224489750272	1.48134582265776
0.122284243762024	0.0525055197786768
-0.165431730675123	0.0602020874226276
0.63127033450343	0.444591963686937
0.332269355471894	0.165995633099225
-0.60133744531917	0.448484947364342
0.0432580827280639	0.0277876553644169
-0.32729104689846	0.27213662278684
0.318124992581093	0.314855217215424
1.01561347437709	0.959691642326062
0.0619383525885719	0.0446266844986919
0.98445775354759	0.804056845076341
0.258829275716134	0.200112578809342
0.63731559335201	0.675938335106382
-0.0183114873190703	0.0125204757930192
0.525934948328537	0.687920678096468
1.27394623213908	2.21768398526851
0.81244977717256	1.04505849947251
0.173342455312416	0.123632679038645
0.0883632284314665	0.0684995072189682
0.15705735651513	0.101629548579369
0.0101736146053416	0.00717290406752241
-0.207535426961316	0.141279597688063
1.09433672635886	1.58859753922144
-0.0193066757896643	0.0132196563335067
0.350849386578224	0.388132060641702
-0.301332724939641	0.193180564243271
-0.012483552317061	0.00866389271602919
-0.310893697122328	0.287269836647452
0.279079536284564	0.317975217183612
-0.0698881695208784	0.0447191775720387
0.743861670612606	0.905107478100629
0.34840298154962	0.313757198410295
0.0553636117380518	0.0469821804479733
-0.945371164538466	1.08595480171582
-0.0184788084441108	0.0126044960933101
-1.56231998723002	2.32693022653698
0.132676219852421	0.0698501326373711
0.306960191400076	0.184575214139401
-0.667534892911064	0.846557829151454
0.64911804921097	0.758870766517429
0.460896014858004	0.42310678893478
0.173358756692298	0.137374545926469
0.575787795949936	0.634064077570844
0.0835763387486274	0.0627863745781652
-0.124748439291896	0.0748948711863356
0.374357662882207	0.317758176196705
0.481270521496116	0.30214357933606
-0.809180697992508	0.44623869353402
0.584137801647847	0.303971114344916
-0.362710949837822	0.10577213020672
0.138523488623589	0.0729274738100287
-0.242931418164308	0.160861388852926
0.278195937899383	0.19956371219647
0.874724950839696	0.469148563345109
-0.429678757212739	0.247424790128368
0.524617008669556	0.301275039538535
0.129783041092458	0.0620339824053752
-0.159516380937532	0.0580983230362789
0.776757052507675	0.610692047816585
0.521398703422547	0.300058571133355
0.725943184559143	0.707298677226751
0.585062422322912	0.304465534430804
0.456367729277666	0.560827636713853
-0.0586998943995433	0.0517976361833371
0.075901688542872	0.0566296310009305
-0.210057219500852	0.198731826048757
-0.348133581703874	0.319642359145943
-0.268362698279999	0.202822832039014
0.162373566119254	0.142278319565414
-0.101753247886441	0.0751437934773013
0.167839339208284	0.147887382442394
0.337518942754537	0.311647582052586
0.329742840411255	0.328568411429835
0.510342598569231	0.529654723447254
-0.179405468829967	0.163434870862632
-0.148316421445305	0.135148969906376
0.33295903063766	0.387351038642769
0.889264663364344	1.37284412469651
-0.190254491211928	0.18505371786325
0.237880427944344	0.234915859913392
0.769988413495485	0.915983226453248
0.306816918938887	0.316671102047197
0.837003254877241	1.04883730160529
0.562411056044025	0.701150696603846
-0.461130860176302	0.505424219225316
-0.326047431594009	0.294827023850614
0.69289174047485	1.09026814838997
0.0517036255852494	0.0332471625217948
-0.0121979457418481	0.00996529375299538
0.455351538362428	0.416742161819391
0.830530741708143	0.87357084703437
0.155903676221407	0.12219359123764
0.152874998626701	0.0989194957817544
0.475391694913394	0.421739174510854
0.285868637217324	0.20566597804111
-0.000294368011294753	0.000165096214528118
1.22867573902931	0.847859591846366
0.340922485782012	0.17083254012451
-0.417065304646803	0.239020480778876
0.308420772281517	0.185597782635071
1.76053333082564	2.49920837884385
-0.896115324029371	0.916903595089798
0.624197039749833	0.438717709483444
0.0579035850797278	0.0372841474834687
1.10380911435954	0.989647996885739
-0.214205361868594	0.168469964810419
0.470520264629954	0.416870757419805
0.258993931829229	0.215021610697309
0.394862506475323	0.312275903992725
0.895899116428413	1.11393888123842
-0.288986911049811	0.243042742822981
-0.238016835987849	0.183212967934137
0.28366735812811	0.193881978549239
1.38113323729868	1.06317140189411
0.771810320194779	0.460174955530068
0.509950788340994	0.589523387823235
0.324370548384877	0.373962153354313
0.351489059534778	0.398323437151204
0.412628910772697	0.407445236367757
0.241172598635291	0.222612154103626
0.493924903376454	0.423493635478389
0.77723223832216	0.734127759487568
0.373626376169998	0.317491622569977
-0.519561602615917	0.485453453805326
0.407981516106944	0.401713679538126
0.338371474836151	0.312299502835823
0.265648594075885	0.214397701082978
0.603352528928202	0.803727204532355
0.711723664182097	0.880194107295898
0.622019891548853	0.817707107627611
0.365347422216503	0.379873825227844
0.0924701974871085	0.0718415395454992
-0.25028446677868	0.193718173064223
-0.2147855267586	0.187790123133195
-0.363668217500777	0.298054599679513
-0.442353578642073	0.425219623539874
-0.192081468527284	0.169483710018877
-0.271162544541414	0.205447761258311
0.0902812544496919	0.073727451011574
0.521828090193273	0.606879552668335
-0.0800083820698399	0.0513148184614459
0.438688005391334	0.412445428894964
0.692997151377525	0.697022649111511
0.971932920692796	0.79113031656176
1.11751474838133	1.25459994773313
0.331385808840129	0.165295355775957
-1.34921552773368	0.854954154314892
0.9707937662387	0.788896010048246
0.14010745431734	0.0670443941874098
1.80701548129766	0.709687594083792
0.128154093191407	0.0550128822602465
-1.70868560918889	0.978396836506437
1.37621072481584	1.05734736828473
1.08561871699201	0.820674253374025
0.146372497759795	0.0894532810843813
-0.0303736874382934	0.0154784785859086
-0.0522220230040525	0.0250731843702365
-0.420811917284908	0.241651053601612
0.447774877454201	0.302349473274192
0.371922363265832	0.302967952169306
0.0621339300283002	0.0417861615777179
-0.274037761489333	0.208130591898467
-0.206107127197626	0.140312381112804
0.58746320816882	0.443010512285067
0.315594171719568	0.173873461823536
0.929910104040393	0.625890313506087
2.25274166154684	1.73535352309605
0.874792861440638	0.46925062888249
0.698558517413109	0.855643005283742
0.82486752576902	1.21197200594801
-0.872387836463455	1.07840168805503
1.04623342380859	1.21369135917211
0.494211795007467	0.423520864531254
0.248965660916797	0.205614479191258
0.501131667199057	0.43194935391798
-0.0260161083092343	0.0133132786866008
0.173696319581229	0.11868681942976
-0.111117040598994	0.0822376842837857
0.312377780918545	0.300119969228658
0.737223142224005	0.810239642163665
0.027867271969598	0.0211296167917129
0.050963978893646	0.0431394924547311
0.741605699563838	0.816863662998573
0.180677523135644	0.178745887296586
0.168112990728188	0.124163129098235
0.808426339073918	1.12638352012199
0.423872516978842	0.408771683865815
0.357928251660291	0.380387579148044
-0.232970675852023	0.179219109302322
0.844559371297115	1.06597353375912
0.375474669791856	0.307017622612392
-0.00978788965981372	0.00680406218253137
0.5281585463477	0.535093465802817
0.623416395650195	0.656271399061452
0.514330769631778	0.516305051392646
0.526351589807608	0.302937607918793
2.3414304812252	1.17832238721082
0.123258535314196	0.0529460615986845
0.595223043114941	0.309615516380298
0.635213617460682	0.449049601760895
0.423841201942199	0.17002579513688
0.520499252976499	0.431117685693649
-0.628073115938553	0.304686019659584
-0.329898311772297	0.153841776701836
-1.83933150009103	0.759192863567997
-1.05301088609873	0.423664779352419
-1.11894319359682	0.776053104724106
1.04429005735424	0.506486200775635
-0.347555254989939	0.211739003905954
-1.62396810111969	1.26121349891185
0.0369968821158181	0.022615474659037
1.22820014823089	0.846961178203258
0.163334642070531	0.11596705370333
-0.233755875005732	0.179917261333679
1.07674649406562	0.811959620164039
1.09906567339256	0.985451587701459
1.02166641443679	1.07191521660119
-0.0167979192121166	0.00872323472363189
-0.273633733088541	0.139093649664134
0.425706706311112	0.171161852825946
0.573554351548782	0.296690737897669
0.932829613639135	0.244963311679429
0.578283025650427	0.686295005953313
-0.230371595959803	0.250231691860466
0.647373725618377	0.900300122644385
0.112229610643237	0.107201261581277
0.241484005750197	0.211155316038218
0.353864975480599	0.319136896605483
0.534454147350645	0.522606794317874
-0.400821589832749	0.38768301172412
-0.474226569798477	0.44876505859632
-0.368828966941064	0.359707982282218
0.819331303276719	0.961010501554876
0.177467002228718	0.16464212937119
-0.148178297151089	0.135058741393942
-0.287412256656357	0.309344917193937
0.0341960465888555	0.0280887358525703
0.468776229486028	0.65101171774808
-0.184517978701066	0.178809517539606
0.102231148926828	0.089868023609522
0.559795956703578	0.696976859301488
0.346957915861488	0.399818794900188
-0.189302417961009	0.180240256174934
0.172446200215929	0.152344447210576
0.43759629186849	0.487046400859671
-0.123554756434775	0.104195602219092
0.595768973995695	0.555331120488303
0.173805339314144	0.167763982104082
0.173127164356614	0.163614792209799
0.172286938193856	0.14063220285485
0.0357587116701708	0.0287251962296337
0.0882146424689823	0.0719209979512012
0.162523382444231	0.155272671296079
0.397085934367532	0.411433107391332
-0.00667125921493261	0.00467109813890425
0.0659881632744537	0.0444097734211013
0.456937013622465	0.501374021119237
0.509251790438337	0.527543827044079
0.263385598684299	0.212288282497084
1.06782383063989	0.653685002912505
0.130494608916524	0.0560445647659465
0.732941961679121	0.715580040014241
-1.12336113303243	0.778900295823615
0.527084850343616	0.303758088274754
-0.232817046683503	0.076320654332776
-0.213085908630052	0.116174584594033
0.146301463254213	0.0369121679082859
0.416277990535686	0.31526028953219
-0.322536872422511	0.149854138830521
0.761256736126261	0.596143831189391
-1.17455280810424	1.03678394750741
-0.410823455748114	0.289049574406655
0.415929433398133	0.411948150194886
0.161995071913155	0.119389925792352
0.26549580353027	0.198018345854196
0.424032316166622	0.304489741034992
0.77353463344309	0.830322916904477
-0.207834700111333	0.162854275670981
-0.566065200509358	0.363441922461679
0.820803431492839	0.859237253530912
0.975623821516736	0.794703201100752
0.443718127972876	0.298714035507633
0.431234890903072	0.309952804844503
0.510597298786827	0.183459349878206
0.689245348486656	1.07924769486154
0.249515309098329	0.206036785278938
0.455982006082519	0.500288114347723
-0.0877984081546589	0.066046429031749
0.994316653948173	1.18090779457804
0.0258657160526126	0.0148922495462354
-0.815460467387708	0.547763751865615
-0.408929648743953	0.287641101630285
-0.130431927867131	0.0950963882676741
-0.202073766942223	0.137459566273342
0.891211162149545	1.10810646033923
0.552913567351346	0.61917065472318
1.25291126266922	2.05333824318982
1.15077253510468	1.74478513016679
0.833212473637756	1.14021300115283
0.525024769168167	0.531294196453217
-0.499342341463808	0.432370839083729
-0.0892183462906432	0.0671656742934908
0.113145229147637	0.106250576676353
0.416168724532609	0.412397116934615
0.664377494103443	0.576752337819799
-0.0495204986856231	0.0324191395871243
0.516542568454959	0.518863696403549
0.0631473946097971	0.0440087606651828
-0.178760409472689	0.172448442345642
-0.148340479691715	0.146762544046107
-0.412138866178215	0.33214998710368
0.557682823535572	0.625230052856372
0.0267640748813513	0.0196788267409919
0.294547607034579	0.308516179429109
0.164175389742549	0.133287579126709
0.364428425073067	0.308483458400117
-0.150405599210055	0.107439075105429
-0.489257658155363	0.465639450011906
0.449886426623138	0.425062853743395
1.12025758717788	1.26610501486416
0.582083399407935	0.302184062039937
0.67266312264444	0.314512022315772
0.136156966750329	0.025975077128062
-0.243192926623713	0.0796302555049372
0.510875541395758	0.183928738190787
0.428461841491524	0.172250582533061
-0.118673738096202	0.0478020956268743
0.526789323263862	0.437114815116003
0.14658563992258	0.0838846772758408
0.308392615869293	0.185771228228676
1.12877365183762	1.28055323072431
0.972483337887936	0.789889800488889
1.01489533096547	0.958784739530792
-0.950576587970683	0.706528957980388
0.574819903289049	0.553234166260198
0.434092361442583	0.313148527440601
0.410858513019164	0.311202291694849
-0.355391917124297	0.25753188074049
0.29071832529968	0.187055344533612
-0.555472408047617	0.471781014936297
1.60701819823632	1.12322717655798
1.06226071137481	1.33638493662181
0.244629802485591	0.214184612294796
-0.148734230074199	0.106175139692518
0.255024578002676	0.211553321117764
-0.302023347260499	0.25575377799417
0.400810220099713	0.405342931991212
0.479992612864411	0.504530662433106
0.0467816392615712	0.0395093249127528
0.260112907086546	0.216408032113688
-0.410447365816223	0.429858833291731
-0.556592483143327	0.711877114823084
0.482982156713917	0.665983422581358
-0.0932644791701487	0.0801549156794364
-0.0626890903112566	0.0486626433133848
0.886644889207054	1.51924403486079
0.0435867364554868	0.0359612991905359
-0.629152039900001	0.710892543823266
0.523643642403617	0.624876465700038
0.163158517024421	0.152850255478518
-0.0696395563500835	0.0530744019110136
0.0941461758285156	0.0822463281264624
0.227491042839635	0.222917810225958
-0.571701034476477	0.766163491763682
-0.737826847575887	0.822562777653146
-0.347451841251583	0.365946603139781
0.168588491649498	0.155391066932703
0.319597433293742	0.388997104302521
0.362726678721904	0.386140746409424
0.505218606324102	0.522910131453313
0.555234178440737	0.621773634211693
0.87385885669146	1.33938107041668
0.513590209315232	0.18438558203944
-1.04729435938822	0.422179438065331
0.922519549231859	0.61790005836775
0.891868173471021	0.772741987294538
1.22288022209446	1.34627609235738
1.29169734845354	1.64549182046371
-0.685984839925163	0.773489318135799
0.390846601912963	0.308056320430756
-0.407608838794289	0.32766217436135
0.712806840457979	0.592367163218693
-0.527047941032401	0.493456951699177
0.40365302445255	0.39617847331624
-0.356491774732746	0.258458808428039
-0.170518480243388	0.0982549619770997
-0.211885971715	0.144906297825442
0.00363378378682814	0.00190919468582622
0.453571447082915	0.307412929324057
0.315060626262257	0.174121322137803
0.44829117228347	0.489372689510228
0.257196487653173	0.233337147730695
0.928028275412471	0.909298914312168
0.484538200193379	0.432393318903893
-0.210141527284075	0.164778178552522
-0.306066310776949	0.22663180558846
0.0949449164705174	0.07585541120834
0.386750983271781	0.397800293784048
0.427136559666284	0.558417073863866
0.174793021061782	0.165287992468785
-0.652234195166221	0.78316116308813
0.868203463814029	1.32383218969949
0.173480695355839	0.167378265081814
-0.570620472421171	0.763590792315104
-0.166489124090095	0.153485814014213
0.321764182099927	0.302961722861709
0.294472735292082	0.308442415466059
-0.0355225799895275	0.0282518777638158
0.0719116299183403	0.0536174496658554
0.867387512467959	1.16845574263705
0.517679105099723	0.673847062914128
-0.196385272893144	0.217527922841892
-0.120490366486353	0.111510705267817
0.0649024362702764	0.0565483159538354
0.342768696982368	0.376999871260513
0.693327474058734	0.9402728834395
0.565081361453276	0.617617480261859
1.3241610591862	2.15158343237622
0.678747503874167	0.848341115328162
2.10051794173385	0.942924711508684
0.807174604124676	0.339947339299481
1.31497186902393	0.578443560062359
1.13064298568893	1.28478155208421
-0.0476014008626157	0.0229316892611167
-0.000993370663223901	0.000517811448537074
-0.404697290742045	0.324231566021153
0.299278828439955	0.179653830955647
-0.00391247339312895	0.00204519996965487
0.281890993730481	0.202375001740615
-0.401290232285942	0.321308611185003
-0.714496290417844	0.580691749443949
-0.619944667738553	0.51474101204523
1.30678446252091	1.53184166952033
-0.0189588576125228	0.0129709840701608
0.297079122429655	0.192028308718917
0.580870535073736	0.301673223288184
1.4328254821856	0.889560019848826
1.01823421957205	0.385718705291343
-2.09369928076206	0.967692069462225
-0.946049606135656	0.700168705064446
-0.360368032639965	0.262093590794495
-0.731965213811849	0.764579861190441
0.845824234286143	1.39660547343098
0.643581703630368	0.75167205611926
-0.132886189597423	0.0968530330229125
0.907825869914213	1.01737857789278
0.15095514541003	0.0922450458124079
-0.017575021475211	0.0120498282848263
0.52770540734639	0.437401229017097
0.814607563737361	0.953299613859265
0.54098218585522	0.618369901816832
0.329012818482831	0.395860883884749
0.423579910282529	0.478652625866648
0.935272108883393	1.13826277836465
-0.0533990621670482	0.0469951213782525
-0.00159599566558328	0.0014146412820855
0.966209735368415	1.59798459874986
-0.277543065802716	0.257473818479479
0.0228050813672595	0.0172971690117512
0.331838821859675	0.323027627216207
-0.133433303306	0.110861919407649
-0.275785716264708	0.278445057712594
1.01673951046872	1.39581620371869
0.109749604846574	0.100934343615666
0.116397406940897	0.107731817612157
-0.562877020468403	0.650216033073016
0.317610035871715	0.306162336024574
0.227818567837095	0.241928044715417
0.505116694520141	0.522857277764953
0.447658441484871	0.501623917669498
0.667379042112475	0.579043540082017
1.02154758643863	0.38651810839574
0.374521285990287	0.168240081697029
1.21629753248208	1.18620349022208
0.0211487476711722	0.012220073649308
0.2777478741323	0.188902803331625
0.413860409755837	0.31337759664678
-0.0740387176597182	0.0473697325949556
-0.947603681693872	0.705023574408685
0.275684350054544	0.206856599316989
-0.267821352871891	0.229551458459195
0.399085931682136	0.314925230206937
-0.271319161394844	0.205631027535263
-0.419417428384181	0.338670864591309
0.412231045927835	0.312348832781635
-1.84669177539901	1.69257738581628
1.25404658836989	0.690986647971914
-0.0517039793087341	0.0248171375513156
1.31234319771337	0.575344807364201
0.147685616873541	0.0372140815523598
0.801452247780404	0.337326448224681
0.138914986938919	0.0792073507050684
-0.244605794572785	0.161957302695341
-0.663709513260571	0.65655786377044
0.497566679711746	0.666631830072386
0.241786542199967	0.239265419724182
1.41548678464572	2.60136657256687
0.17390104341211	0.145849161100787
0.687293069748871	0.68912667291147
0.666978697161274	0.579858243234152
0.157580323249715	0.0965326622834306
0.474910049819217	0.497696499848309
0.527520572863637	0.675457881642466
0.165590442084222	0.138375871510455
-0.571451013196388	0.693105824710197
-0.520480987655142	0.813871114120116
-0.0731973980607489	0.0558100219993046
1.27320217977577	1.98820220167188
0.505804139089354	0.598661798401316
0.179745061181772	0.181008714353227
0.171216735765005	0.151197887011875
0.0788019326878996	0.0572278835040022
0.252782252684136	0.216207595120493
0.0780255275130158	0.0547961800699624
0.362961161961346	0.30601795686141
0.113772428545021	0.108910799763359
0.240852083545068	0.222281913789027
-0.00218140287102681	0.00147989289633211
0.524187903565257	0.301787987577541
0.509730325059622	0.183209946756868
1.06796936784128	0.653542682405359
1.80892476946184	0.710964612544011
-0.128299118229446	0.0769911298474959
1.08627031822554	0.822165570183495
-0.417905872132038	0.294330333746216
0.0428866986141353	0.0275621586643256
-0.359210135799996	0.260966728050482
0.278685698213446	0.199467148211133
-0.0938632007058977	0.0583173844626575
-0.0459809012496877	0.0221530462587697
0.410385863625533	0.3106140076645
1.50932874371483	1.28817380088136
0.485083686622257	0.305168589718544
0.128908083304086	0.0437239734052277
-0.112725163918855	0.0454339502474393
-0.607205976758437	0.453489479401547
0.664904427056566	0.31018357204091
-0.322703287459549	0.149887606976784
0.153742083699638	0.0994762490574299
0.335588515898248	0.398788794463551
-0.293561697930661	0.333579498326723
0.562322489080749	0.716614591932445
0.856654314800532	1.33668347665455
0.253713455227585	0.24158117486497
0.54089439281193	0.619879544449887
0.327333523944892	0.39271556798135
0.315302876794698	0.382543058379805
0.352931125521192	0.476602965314429
0.233716904833135	0.3076898135691
0.0184964698889065	0.0178161337539656
-0.231321077293239	0.217321593450435
0.02547698018073	0.0226348374267667
0.628202604967233	0.807278407819166
0.400884964283027	0.467214019945675
-0.0178680751997025	0.0145572748390125
-0.295089567668586	0.335798540417479
0.279752087583871	0.301694291589565
0.155588751813958	0.100391708785805
0.291568890474247	0.188172085309918
0.283235049766573	0.193489192746365
0.651349240994328	0.207129762624853
0.708443579148888	0.586962309957056
0.44722430537902	0.422516519231178
1.56732755175942	1.69687635756316
0.101579221171294	0.0814660089233808
-0.0511447931074743	0.0394556199827371
0.0615088847808016	0.041295601145796
0.0615629805488193	0.0429413521842265
0.524150915521435	0.434285234172052
-0.129755539454627	0.0778799248280774
1.45442369942724	1.45242770734578
0.446290755259862	0.301497300183001
0.121357765157884	0.0579893190720553
0.510875541395758	0.183928738190787
2.10347172977382	1.46578530302154
0.43153313839076	0.310886109626368
0.0323162950453477	0.0185572130507728
0.299981921623419	0.179489777749288
-0.641539524256218	0.821707787890632
0.37615263872339	0.522599302128268
0.482000883027462	0.696124942190175
0.481255726404615	0.662781341294974
-0.129975727148713	0.138228304818281
0.660801356805014	0.843240612992534
0.603593334639658	0.87398115805316
0.00588248161817929	0.00497389334106239
-0.0284411724893947	0.0225758035843794
-0.433953611321974	0.480593983732495
-0.340622900253329	0.334783529538598
-1.31927050605271	1.9875379593548
0.684533172699253	0.924404077271267
1.43463227545993	0.889978142811962
0.298856482264185	0.179363639508628
0.433693041264777	0.312636851115213
1.04755175750462	0.50839377452462
1.22202061374531	1.34577230852156
0.15881938505822	0.103005079105112
0.0847146884104857	0.0636935126121859
0.463757305661455	0.425791627690077
-0.876801276224103	0.884974633965406
-0.101236938241337	0.0840864599989527
1.69327527474104	2.29856651764365
-0.709644467448959	0.575821053008551
0.294743415435828	0.190548630911104
-0.222178856208463	0.152008735478536
1.66700307389975	1.93356018065661
0.773231235359115	0.460264140640941
0.429685760035668	0.173072121254546
-0.791200734986484	0.350537676799604
-1.53645538754434	0.554877978644979
0.53305600508567	0.443505932123647
0.0566784708258201	0.0380945530422138
-0.645526762528298	0.589705555808662
0.330188074463543	0.303382708465398
0.549716442394873	0.697124680121013
0.305049853281527	0.307443267811273
0.391635441412973	0.534488662468067
0.273815937156197	0.306055303042179
0.288152872172216	0.286061179413179
-0.139496036989062	0.13735338771829
-0.264710230760894	0.290517844219363
-0.243701187079148	0.231800774353916
0.447509888981326	0.488257882422932
1.16223416869912	1.96263227846776
-0.111969521650477	0.0956652755241413
0.662025694765834	0.905703107504219
-0.155882991432994	0.139945574847341
0.338809337646219	0.379588727842455
0.816917603034207	0.853548532425246
0.270694829444046	0.30126527429432
0.0897779399026403	0.0676164538444966
1.03410234799595	1.09210280819749
-0.701814362195855	0.5657091211969
-0.951708513974109	1.09885432385266
1.06838223826888	1.2477518862709
0.380489606801886	0.311748809398786
-0.880714325425488	0.96520976268404
0.781659452138238	0.738608320803849
-0.158329843232976	0.0908986274525436
-0.0688783451682708	0.0439902271548452
0.00397433279346437	0.00208607035806647
-0.631864132095075	0.30716828052273
4.37079899261812	2.28263065573263
-0.35751686647602	0.25905646069883
-0.0271490822382074	0.0187968837027352
-0.241608763055476	0.159841588161944
-0.855089243888437	1.21735669019139
0.862780879908392	1.34405052818786
0.188335464574221	0.201375789442983
-0.080003767041715	0.0824991781530337
1.11324153478949	2.30541776106391
-0.141658836287046	0.141828591607663
-0.169534395451779	0.178735801355657
0.302431299637519	0.311297751342585
0.598253589989421	0.721953384048548
-0.31845626544359	0.31651015524683
0.170496925504491	0.167365474087065
0.082991680420914	0.0641131088284054
-0.0777568676879253	0.0674030062664998
0.111322431462375	0.0964334009335115
-0.308317896559381	0.284466374184805
0.324950542074791	0.306532090245454
0.295240307288161	0.309138482011121
0.350836397082514	0.395462403303174
0.274087632372646	0.306422794029386
0.438528654075618	0.412126985765503
0.79803379266607	0.33575390202409
0.98057857200143	1.16098577184952
0.561972145572668	0.536526530406764
0.262702954835197	0.203854615290153
0.367567019312964	0.29831076213499
-0.311344707391692	0.230622777535908
0.406237997430161	0.399464272677863
0.0405230387528581	0.0247950345627433
0.45571096942118	0.41708374411198
-0.447372144947577	0.431253754887836
0.0743243562725508	0.0520458903154518
1.21874289852167	1.8254609194091
-0.482470946005431	0.45880811567743
0.972793445637685	0.791970528364278
-0.815761825627739	0.546325534891551
-0.315748384593573	0.235202255745742
-0.644117395827829	0.586979201011782
-0.893591825486578	0.983484207243863
0.965416737156873	1.05404052067209
-0.297248806153612	0.21887499255572
-0.349826378888603	0.25283435083568
-0.349944964032802	0.213400451629828
0.28838298082102	0.299879445253139
0.130564706463132	0.126684481435505
0.11651171736048	0.107795563368476
0.168746820890684	0.120085763347861
0.349363173159137	0.395167654245612
1.05399828857605	1.22601133736774
0.22901639949965	0.229536990462401
-1.08715850974776	1.16524010739645
0.478035835952225	0.425440708049183
0.738217375930021	0.895459469360948
-0.0491986090609783	0.0386920002478433
-0.579083665139078	0.536001690076193
-0.358340149285053	0.26023331337589
0.700684326007219	0.706264263954604
-0.151673236599652	0.108431967120733
-0.145422792242756	0.103628773638313
-0.440745359679923	0.422693275751917
0.823283088699139	0.965531151876829
1.12101237815032	1.26726746101749
0.379336090113529	0.310754145002817
0.826809973962388	0.867531504370939
-0.129192661462563	0.0776182867642838
0.43624823435253	0.314610834607205
0.51174254082849	0.184178364192085
0.157293974998577	0.106907531742209
0.38914538759317	0.306289193833427
0.0714291118727097	0.0517144221547035
-0.182884052705233	0.128014599614656
0.045214269194492	0.0290364046626307
-0.498620987390608	0.431983870000757
0.930452998892949	0.912799857948896
0.576682425514892	0.554747345121926
-0.877121544496041	1.02457618876927
0.170070950283754	0.138563441815678
0.449115700622783	0.30291900480266
-0.521512394519578	0.487433746917102
0.911715989908723	1.2121631336016
-0.311222617337149	0.231497490843323
-0.346717044639991	0.211083914652277
-0.357628040105921	0.218782166246662
-0.805633427108829	0.772854782442665
0.0522088667443395	0.0451055775427797
0.176991687656285	0.171169500574403
0.165805615516828	0.176682188284973
-0.092699805784831	0.0698671105142583
0.416150605337319	0.478415736178738
0.693157444323119	0.873978442429213
-0.127967760440807	0.106044257914991
-0.117640479080128	0.0988646825471922
0.527740599978916	0.598929020688044
0.260606516474877	0.209675287942988
0.251341494057872	0.214645685110627
0.231303950740043	0.227379406671108
-0.0514525351798754	0.0452056878368291
0.216777341304955	0.223685941128496
0.9049021042168	1.00943249888494
1.08219118615692	1.56029192491931
0.739269773825026	0.897103004111757
0.336744353785918	0.384916023445382
1.22658835023747	0.843599196058389
0.521840743430221	0.432401082661206
0.395798765413209	0.312532011195001
0.0420351540305938	0.0270238890910427
0.774648156616237	0.607458563277108
0.696833609552545	0.700298323736111
-0.567812854223586	0.366059594826391
-0.539967165290325	0.454164811597467
0.158094893765464	0.111978116716993
-0.743658763758547	0.832377861202758
1.30022781759873	1.66379002364533
1.08108376160039	1.46629469200765
-0.0579566350933278	0.04489427204629
-0.546795373830962	0.548965610359999
-0.255165153734923	0.169806457290836
-0.405186365582553	0.325719361928543
0.171532914706715	0.122241143253222
-0.0895536284451375	0.0554727033413914
-0.263612065563156	0.133879083594393
0.0158793853233802	0.00921611829323109
0.169988151449843	0.134455831389599
1.02549922074605	1.41327597823253
-0.212798148136823	0.14537084237483
-0.55388364118688	0.471287752556112
-0.214233441051377	0.203952641522571
0.395998702431271	0.398911834869108
-0.0606346972387187	0.0535005147838649
0.229483458709572	0.225285879324166
-0.344341537455859	0.361897312382051
-0.699687523151236	0.497384703918725
-0.211124743334739	0.165716116569245
0.174236926388168	0.150304150558742
0.046155957365735	0.0282368388726554
0.413292480939	0.485323513959509
0.431438915884829	0.417409877391269
-0.54353954543211	0.545482110907683
0.449498619754874	0.503895158471998
0.670049231811562	0.858751590065381
0.159319886925096	0.139370228500828
0.528409099933844	0.534667597478596
0.672147138034783	0.924669317304419
0.557902236239584	0.626482292528235
0.128119709905925	0.0549646122828988
1.5115652592115	1.81705327884994
0.410710919435423	0.405419970002219
1.02957173076633	1.08876761216327
0.16025838369534	0.117895717229823
-0.646787867002754	0.632110566793467
-0.946447541003052	0.703821235800174
-0.298439381678954	0.219849872330907
-0.457208609391498	0.360128841601214
1.36298726124694	1.97379332896026
-0.403530406284211	0.421005858733541
-0.588189873088799	0.546010626565979
-0.175352419630745	0.122531085068075
0.594803033148578	0.553126452402088
0.669893103108591	0.583353737853117
0.358119434664124	0.312790677930712
-0.159463284146601	0.11409924746054
0.838709928810353	0.615275234137967
0.879109335937713	0.472093996764405
-1.83642927999533	0.757086466836809
0.00147759158855527	0.000778517085055409
0.503649795004288	0.433364162231995
0.358840894380515	0.313823911486211
0.410021378054151	0.310119290974807
-1.47760163064388	1.34377396126213
-0.228404905209742	0.231609787255144
-0.0500556205352168	0.0432500544195241
0.453311262967298	0.50821434648291
-0.148781027490036	0.135270705076457
1.32887815167972	2.16570323291076
0.291279926667526	0.304346069689591
0.462007684550261	0.492997863319235
-0.307364464377077	0.283288761160373
0.168980835289808	0.141383858916725
0.448960184916765	0.42457921616297
-0.571878159734754	0.835030437870272
-0.0113538924800049	0.00934995112536196
-0.322776764892036	0.321804368961198
0.108511631902037	0.0959009332768767
0.0961939185469352	0.0788538432369915
-0.150388303835767	0.137219510128166
0.643378645313877	0.80931776191207
0.0742290814276314	0.055485632295378
0.175487305803034	0.143544422734776
0.160455455504998	0.150110052555003
0.374353327529428	0.472309607439711
0.0241201214943958	0.018320958653294
-0.36882274017817	0.332343145254032
0.650866688250844	0.907088373263723
0.428112868847417	0.17216881601896
0.403645987831578	0.304000914193337
-0.625631798087687	0.52057347875496
0.169791561819501	0.125676362285396
0.0164366695570769	0.0120775312044517
-1.11973870008629	1.34736297287359
-0.170051862706021	0.11829751508526
0.153209751555171	0.0938243988481868
-2.0066672202574	1.41815089581466
0.0713531395111247	0.0516193304411747
-0.372657981946118	0.364602691227462
0.483807219769963	0.431334375449401
-0.913694077458322	0.861419636577234
0.351237087677735	0.306009611221434
0.265773143263492	0.214494452150492
-0.239887243943867	0.185304638996827
-0.168527302624399	0.136541294268022
0.894723540449291	0.774366795719662
-0.346492841875918	0.210967838976478
-0.625757758019945	0.303604442542415
-0.000450914196549995	0.000197241134137412
0.449980172340498	0.303636693295534
0.000162183853881445	0.000103896506805618
0.00479368348972011	0.00338500482290931
-0.261231435058023	0.28072353127596
-0.0477271049917213	0.0424472107243998
0.237970246446294	0.229973557700641
0.0705105033614497	0.0640463916802973
-0.056602127710087	0.0437935244052481
0.383824048926759	0.314895220492066
0.812387844345399	1.04350425855463
0.108328518019861	0.0936939597989024
-0.326434421777122	0.271639527685936
0.449205059622926	0.408601597976969
-0.572806622411575	0.694613109331189
0.165758435930177	0.13090676870235
1.12956636277632	1.38782812421535
0.383510262750591	0.404902579735
-0.587760985055348	0.748024721203325
0.17270275595196	0.132423329885897
-0.0238331292711005	0.0162781220842911
-0.0831603642711267	0.0623535853559224
-0.586350735646966	0.665929711678915
0.806219768891877	1.03147640780435
-0.359082988936013	0.292602545652149
0.255797403909693	0.219215906959239
-0.114277319579471	0.0959341681992343
-0.518858693596055	0.484578845326819
-0.326713120225182	0.347194448742499
0.255064957114461	0.22488423855311
0.163546114177016	0.12065638680144
-0.133269927936624	0.0802435404200072
-0.12710005362563	0.0924405397004045
0.0105446472133843	0.00777802900595812
-0.696234779244826	0.829997230922794
-1.15657374812747	1.30631558098681
0.837042561438009	0.613122780259345
0.429739687495485	0.309289998131627
0.0000406127531683798	0.000024867177481351
-0.598498567022305	0.445519141342179
0.771316947159691	0.607225113047271
-0.0318529672372804	0.0213233644631638
-0.698178702886114	0.497728306295394
-0.547135117553814	0.549739032009487
-0.952352682248162	1.09971739101231
-0.444845813285999	0.390059500001934
-0.551750081706485	0.468920390749721
0.726326983546762	0.705431587116778
0.293085912758944	0.189281270809287
-0.000308950768492939	0.0001437158365622
0.160511129072615	0.104191402799642
0.147928148236194	0.0902751240870604
1.02402893181079	1.41232150978622
-0.297729343540807	0.251810071685713
-0.12446703294158	0.0747877132937534
-0.788010854383733	0.348646522023297
-0.0454952030967606	0.0464326441876138
0.676361062553845	1.12929515532289
0.23573234675791	0.242308455554074
0.169760318563187	0.200469846715494
0.390928425650786	0.403812845843201
0.489740876827978	0.588156452748827
0.177195981934778	0.156752826607641
-0.23473714585083	0.202642950446236
-0.231542576120957	0.177954197215656
-0.0397541964342417	0.0266515223270738
1.28466424414984	1.76430110520729
0.168160106192994	0.128490376865735
0.473505185472478	0.42005252557913
0.990844635711106	1.18106208940247
0.0844948403596357	0.061561022843084
0.93638317966677	1.13791755805522
0.950429885739218	1.23951064737234
0.0786806857027737	0.0551935718645523
-0.00665399053878036	0.00465488917823102
-0.213136977452922	0.145781452702937
0.496546607763833	0.426954800057224
-0.0734527051297488	0.0561489804399213
0.169146637966834	0.14545779456938
1.19255792138221	1.87004108432554
-0.471441999630001	0.444641146228293
0.0831631370591681	0.0605243613483629
0.377721752260406	0.396752927885648
0.419697781181799	0.402985391905543
0.000737615189665867	0.000552078488885441
-0.00100545951752048	0.000805406809706222
0.174916845867819	0.150924455381029
0.372337835698161	0.316409526020153
-0.17657420407702	0.123455426176686
-0.0119828626606543	0.00832386862456412
0.146781802613388	0.0896255027743146
-1.04709829055193	1.19963632943501
1.22361365408247	0.843284064989319
-0.414705686858883	0.29191389801757
0.318102475698043	0.175512649030905
0.587563385188231	0.443427168915379
-0.122271044120202	0.0733873187823696
0.477599486131371	0.299772722288419
-0.147201387780513	0.104942449887252
0.263059024899663	0.204194877024126
0.445526818368391	0.420128736079158
-0.812574916558528	1.06608117337125
-0.323560775408075	0.268607109532163
-0.465903875072217	0.477595240219397
-0.619194493092501	0.751998756506666
0.173374970211945	0.173594388221503
0.262784986550071	0.218920944807447
0.069845847816063	0.0489169314538278
-0.063286992788587	0.0415720544822999
0.299017644034641	0.192459796107042
-0.699516177036773	0.499481037029131
-0.567668931861076	0.365029958426385
-0.211459008936852	0.115443156009166
0.080268766186862	0.078577194862873
0.100823518921837	0.101850197190941
1.06479150542077	1.90375564425203
-0.394222371113339	0.379358578261993
0.802342508288383	1.10988040484912
-0.174609260256631	0.121915247447587
1.32661325108297	1.4000893780769
0.442029507266694	0.416580233535295
1.01941950908618	1.39857657335444
0.936837146956655	0.92219788014721
1.37263337779735	1.05403722589652
0.620884531674573	0.557395696842301
0.164263391229249	0.111831046462355
-0.203589980629623	0.138440342133263
0.157467244598434	0.106705893538694
-0.407369877460771	0.362251309643053
-0.266819076786593	0.201158837658003
-0.0957833494081465	0.0594451633652243
0.962228794625132	1.04686823954938
-0.688124944731673	0.731615517822211
2.0502201398432	2.57380917180791
-0.209010108948668	0.142726769557272
1.28743207753868	1.77383697777498
0.15543445805121	0.100717900715947
0.290929661562724	0.187720857361316
-0.35657728670335	0.29100794603726
0.842587416746793	0.618740314592859
0.358285575891869	0.313626517954533
0.149931005779639	0.0917636560977956
-0.081515011702408	0.0610624998225103
1.34544504964436	1.23850078406182
0.714902107784132	0.593800632242047
-1.24507654185903	0.949611886410883
-0.297300936133846	0.190862435839799
-0.416158815280474	0.176424715546526
0.766318421873516	0.455290012608178
0.123745541030962	0.053134029266817
0.889578733386706	0.769689901200585
0.670261397806108	0.312920763191569
-0.816367189577852	0.716541495260259
-0.678069871841254	0.407902020622047
-0.271204896724008	0.205678320918068
-0.626835443970546	0.522915479366167
-0.406931026075334	0.327450499876021
0.160850508811094	0.109490265382471
0.0139743209406111	0.00816517458748901
0.83752113570817	0.613659221239085
0.128193918224566	0.0489929274062112
-0.435133929479446	0.250234704348912
-0.0989806811695515	0.0853379328581185
0.299355068966575	0.314616755697368
0.47744164774242	0.582623362999537
0.651654566987261	1.11198719096525
0.358066301159678	0.379694597446735
-0.49348322588054	0.538273903829967
0.737457202406234	0.812002010133178
0.164047052421501	0.150351247509695
0.651931996099283	0.668808846969699
0.577990141311056	0.63660151706838
-0.150182258118563	0.122996793259771
0.601452214814103	0.649596084878552
0.145293467209067	0.0828071477835608
0.389427735221793	0.30695835748442
0.168956348742992	0.141178174721883
0.276418483036772	0.216175880006731
0.578814262287677	0.637251692253773
0.107455736260654	0.0908175763471451
0.57577723955573	0.553611501937009
0.241822936272655	0.223303986787439
0.522322597537219	0.527492337866321
0.661484135310628	0.751519114910419
0.735256065604643	0.807804331546836
1.21626418341459	1.01838826656207
0.779637467961745	0.839564874440919
0.964471240754788	1.05199996763544
-0.567659364017494	0.364794560701865
-0.563270322657586	0.362374074628472
0.340137787520046	0.17037003822384
0.154031660261059	0.0942567428005599
1.22574618924628	1.0297312156011
0.368543868364901	0.16530009719778
-0.360584400642359	0.294932326396495
0.136975222622787	0.0655858288961661
-1.36094350607895	1.13749539167401
-0.098890522216233	0.0615644343606799
-0.361140258632961	0.262553841915199
-0.309186235495032	0.254084261605575
0.0700143397659694	0.0489971232925823
-0.0527441156121645	0.034593963414038
0.529241683966574	0.304809683317213
0.404895448109378	0.305212907552219
1.37297776295943	1.05471668687245
-0.946320628232382	0.702283625641606
0.107480230053701	0.0968730415416382
0.233669789526693	0.239758747328276
0.92307834356605	1.47241287302302
0.508548033185421	0.722053843858866
0.525129183618218	0.74088835487967
0.537472687818348	0.819440461632943
0.230529469386724	0.258886254026211
0.555522186240832	0.856550050407481
-0.328454258366746	0.349374898780252
0.404741204858038	0.481884279535605
0.0880349979279421	0.0681524311105941
-0.336352818590838	0.307030694889492
0.0954259776760069	0.0850726333216552
-0.503817258527249	0.615023685771681
-0.599562778722877	0.688284173142052
0.0127606439141577	0.00938124263437274
0.0892880534728028	0.0690403923558948
-0.0222147385847528	0.0151879677659437
0.805980518039601	1.12030900453798
-0.676229020494657	0.716736458553896
0.0389312702862324	0.0313137800228632
0.629787392872458	0.751094045062925
0.817720610349487	0.852163125029398
0.629397715262759	0.56762317484276
0.34570952708018	0.31048009193414
0.482088992696071	0.42953252564955
-0.344561682953675	0.209353489848467
-0.35220176259747	0.215355885200964
0.0173981744940019	0.0101187600577865
-1.7617748801636	1.96341735392479
0.406133821977493	0.306148757657787
-0.130771961017215	0.0785621820286069
0.155152971708515	0.109614502466484
-0.361632519752953	0.295956310007229
-1.04786382925772	0.422554751457188
-0.297394274449346	0.190758023302189
-0.626390990976181	0.522336363120495
1.36915216933448	1.83791392511955
-0.244753369335892	0.212263358440472
0.12499623973525	0.0598405348323026
-0.668287122265846	0.400711618245175
0.280069593996071	0.308457613250707
0.686675415534574	1.01403148654809
1.41519777995117	2.60449039048755
1.10991149696621	1.9714015980695
1.04689329249631	1.89350574928464
1.06336401556085	2.24906273986324
-0.846599463136674	1.30247902315714
0.489978148648685	0.637968495096667
0.238831299067815	0.25098622704565
0.308686719310615	0.311276658985697
-0.20465193874965	0.197417101799016
-0.101300627122816	0.0748030324004423
-0.03457122655422	0.0279147389412151
-0.246484598919555	0.234195635879829
0.169077130041463	0.124992550170631
-0.271410795375043	0.233072268517829
0.338471246886248	0.312215599793015
0.155107784751343	0.109704054866131
0.154070901708505	0.108794417747889
0.00853257893117156	0.00602177188281225
0.159493130255416	0.112975210140943
0.402132345595508	0.394794229080697
0.283755559535217	0.20400759206449
0.303163060570588	0.182190477094829
-0.359688352883579	0.292720438605367
-0.521649114048808	0.488058776524582
-0.165563707581062	0.0953051801903124
0.15885223996684	0.108079257655893
-1.75723348221935	1.96147830133875
0.0330265541011381	0.0202453844597404
-0.570949979082264	0.367990217494521
-0.315212283657857	0.234895389497014
-0.526380277222659	0.405641679173073
-0.697274120838944	0.497137479256077
-0.886625438659455	0.902482534686209
-0.307548639514552	0.228359868732176
0.170575887475623	0.12608068591151
-0.132392549074324	0.0796834426300707
0.135459288674117	0.151564681939354
0.440030579345471	0.619647716685404
0.266581878018298	0.32251461595916
0.374530720420419	0.392893761670514
0.500704696860161	0.721215445668108
0.962012333944888	1.52061416709193
1.57003858826511	2.83334632994722
-0.186755335025251	0.167670466282606
0.855703499976263	1.38689026598794
0.813663691637375	0.950848206650944
0.295928287085629	0.190645610966805
0.412949780214594	0.408051954007456
-0.622394149502814	0.517999472836663
-0.0288636237916177	0.0197096680732823
0.970395913150218	0.787143994718607
0.400477940808351	0.392324311204534
0.677195709927201	0.590816034945624
1.09948271705586	0.98538089049263
1.76421224346509	2.18654650065368
0.276130083144154	0.215337660219426
-0.97484012648735	0.606850394750544
0.77285015210853	0.608261349361183
-0.332566821175194	0.155089866310951
-0.114397417474736	0.0461317845792404
-0.133347287523638	0.0802886858886809
-1.23040987556886	1.46068347599627
-0.301240599709715	0.193213351270264
-0.588551116467309	0.546655384803341
-0.309678093838835	0.230228072198132
-0.0457176439299887	0.0220093091441791
0.259064165617982	0.339808973215638
0.259082153105887	0.325566787135336
0.631667657714728	1.01342765613501
1.09256663967259	1.67340953420034
0.845585563359972	1.21792487115227
0.681872518520937	0.68069905353909
-0.346386969184598	0.342619586533244
0.567524996638475	0.544368534814988
0.827696105703566	0.868961001753952
0.0762701727017247	0.0586694561275978
1.05375994581402	1.22747506651869
0.897627907857125	1.11656015589581
0.154443689787494	0.100002455293866
0.633238303956818	0.447374851204295
-0.57461696226399	0.370505657846128
0.450610123170696	0.30515900839034
0.932959124906348	0.915610314127173
0.972908755362081	0.790617743201475
0.431223848179788	0.310121149622548
-0.349143520793165	0.212811958444526
0.506598335865915	0.182050842131562
-1.57854805085492	1.54807880852324
-0.263623210557235	0.19864678523064
-0.624157807658839	0.302679656757068
0.127838926835683	0.0612252184020468
-0.54029754085068	0.207542814541063
-0.124279792653101	0.0500417642888447
-0.265617048002838	0.134886969352644
0.382060799167301	0.392297010295948
0.336349229101472	0.39194843684068
0.198894066395754	0.237303916393271
0.141242806018064	0.147618775837158
0.42424510769254	0.54231141094226
1.75245338568702	2.76166254033028
1.22491210548852	1.34702714072596
0.732200648534536	0.715737856589969
0.0224058742931987	0.0129381549815907
1.87530526361427	1.59899500023017
0.523804930305188	0.300852613765908
-0.794877442742171	0.351628365180924
1.22565674138773	0.843927772407406
-2.08562731583897	0.964220789418508
-0.981970242235779	0.611265510976064
1.5623534828521	0.775735923795176
0.129016766819201	0.0553994024226449
0.79803379266607	0.33575390202409
-1.05156894396748	0.423156950468368
1.0909789133095	0.824934392800629
-0.648735146604395	0.157899750679971
-2.58428653566473	0.675727611967995
0.324937687222	0.315082951353623
0.380838810906244	0.312141856812437
0.379517895926556	0.399076407393513
0.779636889942463	1.32329476594121
0.342895318203618	0.479421223589265
-0.00846049959559191	0.00700042566477615
0.641749788450794	1.10661387968593
0.546030249368711	0.691102057428286
-0.170263298559036	0.118505230416126
0.379248178947229	0.310850746755238
-0.675979333105837	0.406780571135179
0.934844687206594	0.629261532284588
-0.206953338836129	0.112917294697934
1.25110695783842	0.688764264593948
-0.118458300552698	0.0476887146360413
1.55558357995564	0.774858404813003
-0.420190196688643	0.178025498501268
0.803676101253231	0.338560822354516
0.301174709945917	0.180942374194363
-1.04729435938822	0.422179438065331
0.421218083319536	0.169306142598634
0.486543240967563	0.306710473803373
0.76034061345383	1.23623979745722
0.743678100429646	1.41622600478226
0.601842517264074	0.997673239411536
0.232638810003256	0.21870152191761
1.14672516498493	1.73636855619549
0.323214894211131	0.304269513921851
0.343714880396196	0.308561922789072
1.30135650532013	1.51869834158427
0.160068861364255	0.108936373103898
-0.146637579653156	0.104227897803877
0.57772419566605	0.555635178580712
0.978558597644958	0.796912376752777
0.150720857231175	0.0972637224412138
0.131054990317353	0.0626346860686909
0.766599315876365	0.455205165658034
-0.0794596675155272	0.0352285202320984
0.392065593345518	0.308384997025334
0.707254871868403	1.09860892360334
0.611987686672247	0.871454272776203
1.02604379355431	2.17012323713788
0.562288710175035	0.764718011263601
0.576696489361301	0.836750170660477
0.0998007871129001	0.0857340955677579
-0.105181917732348	0.105110921639582
-0.492170302146141	0.574631025317389
0.416769533259538	0.412678279600629
0.291141593112782	0.310726761900179
1.10344535080519	1.86356516116487
0.0255184898308962	0.0204283280015111
0.318956032467931	0.30781713687144
0.344674298412105	0.298666514505928
0.299689695599455	0.193801106708057
0.279447969986402	0.209837657888867
-0.359848586081179	0.293223091531688
0.456390612839322	0.309404501257197
0.45206156118135	0.643075589744886
0.554752270343899	0.895975895507926
0.427667297975894	0.635595109624174
0.64772813527343	1.18774535130002
0.187226281345156	0.225141101271806
0.362971503797524	0.396776758634679
0.152686298519892	0.182724601567454
0.01623050186578	0.011934051833576
-0.0804363330652989	0.069847579697456
-0.72123828189837	0.956693830662138
0.322920591196989	0.371922245911594
0.526014988147149	0.597082903938973
0.377987290585482	0.407226324992763
-0.304052553274165	0.279711544674776
0.0515794244129385	0.0427302994439263
0.358612454198052	0.313873920223094
0.34468989581868	0.309803138022092
0.555985158583202	1.0183854582582
0.413181835385686	0.6855310761987
0.2121849631041	0.270731316860996
0.326229563987696	0.391952371066322
0.0441023579427952	0.0424626277919889
0.378323232367697	0.582577036611947
-0.550315593356244	0.828205553486936
-0.352007634967718	0.37249293588731
0.233690546633198	0.219903812111642
-0.00856027149080504	0.00708282089745561
-0.323008459832776	0.322153769219181
1.29234022798916	1.78258959907321
0.259337444556789	0.222664345533046
0.16350081909583	0.139974288878599
0.440447499775736	0.49121013683438
0.469487195909543	0.803185092069538
0.37960906959147	0.553727435096498
0.3977663777952	0.628389026039657
-0.0306940303942767	0.030496778843288
0.278382639236621	0.208821450646538
-0.15510907253451	0.124479773668865
-0.559147514095135	0.475701822999634
1.00181702144122	1.19571541095849
-0.0803078486955595	0.051476854938923
0.561106867555051	0.87560200371207
0.297317716984683	0.412496882961393
-0.205664463274824	0.11204052476678
0.142261903209059	0.0422917434711763
0.974189538692211	0.792204633918892
-0.809989203905682	0.446628653615682
0.881716164355998	0.473615473741604
0.280109953186817	0.289736404921614
0.33209496008733	0.407558214348446
-0.994556792355374	0.999378611633242
0.145786309957973	0.0832092362741577
0.132192663108907	0.0505233330425467
-0.0796638717767028	0.0353385202788546
-0.53973627715052	0.207373309478453
0.586347062605902	0.305376429425849
0.110300084217306	0.120747601273605
0.41172108487857	0.311999521945268
0.00963390789890076	0.00504452104153058
0.308306166875768	0.16961583571123
1.0601803598595	0.647939214308928
0.303415109326904	0.182532735684985
0.769724706576117	0.458806726041265
0.315015674688382	0.174080775343973
0.20807192266069	0.225150225423403
0.156012825921305	0.145213424754638
-0.0558887318216967	0.0432235981111565
0.164029768347889	0.125234440308619
-0.492857815869026	0.425805619445408
-0.321294920092323	0.266173852973108
2.1438425244841	2.86162931270963
0.148308073202722	0.0905107854000608
0.367140854261909	0.311325829316567
0.305234113394529	0.183362235786347
0.576956729574979	0.431443055454571
0.319154297719065	0.498267346772945
0.148801378192851	0.170473656304305
0.442419559530341	0.562419601729093
-0.082293563306317	0.070284827088962
0.599479788149979	0.55662096366563
1.05401613759462	1.22820972994466
-0.216712673898622	0.221955356133399
-0.737736245616973	0.773090867710356
-0.141896576166642	0.100825347804544
-0.73497295518176	0.769201217395211
0.866124845521657	0.878871759846116
0.271780278394398	0.202956369800291
0.312353242961476	0.187989517677141
1.04103065059833	1.10419297069752
0.772140998066542	0.726662254870006
0.601971920061651	0.7291594189784
0.441406160653451	0.414529466927962
0.464950476561657	0.427007172582948
-0.634613555800119	0.575850009897473
0.489256265838169	0.437305950955457
0.265093823974054	0.206039389214213
0.593229227077535	0.448923789812491
-0.354658612875634	0.216439361235916
0.286111708764749	0.19540851256833
0.975477945654004	0.793749960884068
-0.177953503904778	0.124514296457305
1.3211657406209	1.39371036994081
0.288890045366227	0.197737457377166
0.552588882463588	0.439121492924698
1.50971330616	1.28623117580716
0.296850296549518	0.203623352485568
2.10630256106053	1.46472833967068
1.84125563124371	2.40395256015965
0.452542425135634	0.305370559940129
0.583859004810808	0.303363846046757
2.54561939521382	1.4182407785019
0.151568836834459	0.0926083889327771
0.425961192082242	0.171382412553361
0.129016729610741	0.06183012438279
0.761003100870547	0.451652448221097
0.641019468918028	0.453941116868294
2.24658152893894	1.72862209144118
0.836725750124172	0.612085837433313
1.04661731927128	0.507649762836834
0.885030405097769	0.476402560264289
0.131138830447316	0.0501120794034004
1.22503054901346	0.842789606194151
2.54322098219492	1.41500179840191
-0.634558401780338	0.308934493339009
0.676910781112861	0.316879457877734
0.715369871668289	0.593836295423507
0.270522845465594	0.210953000989775
0.881209925149689	0.47392028017938
0.590776096941081	0.445503141265215
0.520942662049521	0.299181556391255
1.06048420605397	0.648388264357816
0.49113839438916	0.309411558158224
0.16539362585404	0.126386805641914
