x	y
0.823777283485356	0.744213504243985
0.937968415989834	0.633297048843469
0.157076461210931	0.111031438393714
0.586834950030511	0.305690899440636
0.375813152930812	0.168875781639582
-0.538151618981623	0.206588191897496
0.670829500250473	0.31342875722369
2.88499514123313	1.95062206259063
0.144241227938778	0.0428872731898325
0.138068746291684	0.0525696114734924
2.25791108416538	1.73371697124233
0.834513073968377	0.760359614009117
0.369102886589994	0.165589244155417
1.37310766944949	1.05462839061569
1.74942818791299	1.36084672220345
0.314316403670979	0.173119793045941
-0.815320420776424	0.545901557626832
0.122142529512072	0.0524123751417834
0.128985887415983	0.0492872066083608
-0.539276806409919	0.207127681793212
0.124914765701137	0.0534926892577097
0.650444653728205	0.206870989076807
0.510007909511423	0.183564268952108
0.932829613639135	0.244963311679429
0.147211981908801	0.0371529932006973
-0.741848012858367	0.258096023054699
0.650444653728205	0.206870989076807
0.140130255519626	0.041673932144754
0.140278152655359	0.0417161885567244
0.885030405097769	0.476402560264289
0.142727172563101	0.0269105320645235
0.64559347674232	0.204972394147955
-0.519318798464432	0.276884858923498
1.80837546568447	0.710560744847372
0.1413598194657	0.0421025960431846
0.806045844413056	0.339866638922853
0.146774179931898	0.0369732700828277
1.2341092892253	0.852013451102087
1.80837546568447	0.710560744847372
0.51203726636452	0.18401339232151
0.512922403195653	0.184486383498599
0.79887233154086	0.336139804071938
0.777565012316883	0.73254948246161
0.485703111113512	0.305881912280176
0.968588956470697	0.784505994737143
0.769418096456464	0.458596726853371
-0.696605790554782	0.495036686444559
0.66946355892512	0.312949470582969
1.43227521235106	0.885176035296334
0.291568890474247	0.188172085309918
-0.133423249610476	0.0802400575039065
1.75901001404393	2.5020205989375
0.761311427926508	0.45191078872676
-0.327127692777193	0.152095231450226
-1.35536040153333	0.862182924796811
0.802103696082994	0.337395004387402
-0.423655878943367	0.179601389929487
-0.237667142195238	0.0778820329379753
-1.53271939951667	0.552723945232647
0.136892927228732	0.072003535810358
-0.513317088954515	0.273136361771287
-2.48138266429685	1.40115167657908
-0.0889219531481729	0.0393113110080615
0.340922485782012	0.17083254012451
0.170916604770542	0.131040515591197
0.0110848716580319	0.00781712065283456
-0.630270690388721	0.525719558079498
0.0134765357572699	0.00790118456009129
1.05513359778279	0.641965137170851
0.5844462721721	0.304030691655071
-4.01243260040315	1.76292461441492
-0.431003108498476	0.248288752894072
-1.47364220349798	1.34060353128727
0.130616866380514	0.0561113343755478
-0.675979333105837	0.406780571135179
0.420079703738835	0.300567744462167
0.340611056318224	0.170606212003357
-1.36674747517953	1.39007644849128
-0.322819573280486	0.268031432857356
0.372368393420383	0.389912045199052
0.536272701010695	0.612693825798958
0.408287306381265	0.3077812978225
0.669422869809086	0.582595115452807
0.739645338985685	0.897079803264919
-0.978202950306693	0.608834505431483
-2.80612104349542	1.91841740854579
-0.450681352394891	0.353083371899512
1.55316662143204	0.772603111741906
-1.12168572563216	0.77806611312046
1.74423560348328	1.769757810839
0.870351839500593	0.885493849705533
0.430293848996253	0.309451537594104
-1.0242577136222	0.935888353905942
0.838623549051767	0.616261842505013
0.320503237143382	0.177159524291351
0.578461898848094	0.557357791798842
-1.61794197305875	1.96033088585544
-1.51922298139238	1.96431749406853
0.454451768816578	0.307587474719602
0.72958661373354	0.710906176775769
0.063614442182147	0.0444185259234154
3.01321535999881	3.98496865266615
-0.744821560532195	0.783587366554105
0.26047561778994	0.223862844610165
0.593788062636784	0.55251245082387
0.299533456492237	0.193579651089036
-0.000245010955837728	0.000145399206466802
0.802847723592207	0.338179963633335
1.08146654994019	0.816574200762526
0.368311756557434	0.165178121048922
1.55430286855383	0.773539156640171
-0.411113823800828	0.173658606889148
0.577400117349746	0.299629777083558
0.689983542334615	0.450786159603237
-0.423764596276172	0.243600322915199
-0.00529490612188023	0.00277226452020722
-0.0764523100059103	0.0489586013202449
0.7791533576448	0.931890413352275
0.46709577842163	0.501945470829963
0.244880427905602	0.220625415326524
0.886321376787543	0.477133678471663
0.275901950408607	0.308549755681478
1.36576977295045	1.04311253974137
0.51174254082849	0.184178364192085
0.929363107220915	0.243670370746797
0.371784645621739	0.166788103376631
2.34113999779321	1.17846776749802
-0.162442973725322	0.0592138065020847
3.62559622686951	1.43343777832231
3.25219401652934	1.09882975306147
0.271805794939915	0.296883872574468
1.01830704707751	0.385838023767281
0.931950133432299	0.244413497437813
0.932829613639135	0.244963311679429
0.136156966750329	0.025975077128062
1.02028601783919	0.386776796263063
1.43602101245823	0.478148523404795
0.802847723592207	0.338179963633335
0.65469668159777	0.207920986734369
-0.57149376254134	0.36817176661377
0.437140415149616	0.57490070225762
1.95062146582611	0.454190159391569
0.145913540346097	0.0367609236539561
0.650086353252472	0.206202657488722
0.137772279789603	0.0465706419319888
-1.01328027575437	0.508476407474736
-0.738391052425425	0.256391693854344
1.02607051140327	0.388199543855647
0.3885172758889	0.475901498598744
1.31381382996212	0.576020696597725
1.43693291937878	0.478412112216202
-2.58453548475525	0.676764203908389
1.80701548129766	0.709687594083792
-0.643123124462485	0.156504140249688
0.136156966750329	0.025975077128062
0.935515179855096	0.245440180005837
1.59299813864547	1.10633787367475
1.06127733721891	0.649048071274196
4.55221491453639	2.57078686968274
0.313338194984721	0.173001367876176
0.330719041030714	0.391490067400802
0.690264084417418	0.451801755377356
-0.168074397032081	0.0612163017428414
-0.0573065620415869	0.0274669163180652
-0.792008151205469	0.350994474519001
0.428112868847417	0.17216881601896
-0.115480842244231	0.0465373051421577
1.02317008310264	0.387996770477132
0.801831777002685	0.337763886330832
1.31876238356208	0.579389020639623
0.582456807933657	0.303197115458259
0.577090935143265	0.299144877301989
-0.64834559013069	0.157812973783057
0.510007909511423	0.183564268952108
3.25399732634696	1.10138712863889
0.647045217228672	0.20541570040493
0.138983315146558	0.0414025350222139
0.132620364305083	0.0449502398034842
-0.0811454814620396	0.0359345049697033
0.332498911383558	0.166075075903742
1.44481049255755	0.900436399075268
-0.208585615783043	0.113708800471962
2.24860656546208	1.73305298354117
0.307381776003303	0.184892787825099
0.509693366669601	0.58794400390645
0.517686273377275	0.296968717322552
-0.999386692748481	0.502104358979482
1.25399247684921	0.690394720161163
-0.813466167043069	0.633454174435329
0.881794437377797	0.474364913068797
0.547063293205938	0.433285395480102
-0.367281654446342	0.267048277954673
1.25561416805772	0.693634697863814
-0.547197526177441	0.209988353810176
1.06097332758384	0.648818621807937
1.75830468017165	0.986217056022245
-0.746151045211633	0.259667037559905
0.936352717175404	0.632056238505232
2.11195028115003	1.4687428400959
0.884752619720312	0.475830552841995
0.513219052715781	0.184783577478651
0.0995587431177696	0.0797424203575244
0.29172366245405	0.188071153002208
1.21697446837152	1.33519645973516
0.554291253881677	0.44015594012216
0.280458488234478	0.210860926871044
-0.73123261080007	0.712685257511074
-0.0944202342810576	0.0586264775880609
0.590933368077695	0.446440034560688
-0.419105204222685	0.177722426333996
-0.167214490097028	0.0961645279967992
-0.826401410516859	0.555601878029514
0.62428178847886	0.438866655601715
0.29585422536768	0.190906319611224
0.90286996023223	0.783680083082388
0.932494727153001	0.914958502870005
0.392340793290241	0.309653018135192
1.13326477284583	1.28690844970033
-0.0552821919694661	0.0265547912458412
0.547094128385369	0.432938818747691
0.130790400866663	0.056150506849424
-0.577643024484973	0.372674527246465
1.31184319313708	0.57473431458569
-0.544676860697881	0.209125800517674
-0.975497205871567	0.605774357423838
0.128721026665129	0.0491325184702099
0.300143401372183	0.180306832585269
0.87804087192212	0.47107414988874
-0.970170958245392	0.601386390493854
1.0695918106287	0.655105894682204
3.25399732634696	1.10138712863889
-0.540582499054048	0.207502129989812
1.00114853743354	0.938146435165089
0.663520336373641	0.575491636929687
-1.23850079034269	1.47616886008742
-0.672029332814329	0.402939799809457
0.477968514550421	0.300073640872665
-0.690043392586541	0.489496523745031
0.367582142776689	0.164633896391165
-0.346717044639991	0.211083914652277
0.586347062605902	0.305376429425849
0.135228005895087	0.0713245265845956
-0.118964218175896	0.047911892474698
-0.538151618981623	0.206588191897496
0.686492666338046	0.448377777554392
0.835814721415177	0.613405782983149
0.0540377701917707	0.0347606291887747
0.390868573025059	0.392158373791891
0.0803747562389719	0.0583751545769975
0.420882769652779	0.301177340255764
0.603651331741309	0.564751988268789
0.571266776595811	0.548626501450337
0.630115274178211	0.445012784368185
0.314708209169352	0.173375059755402
0.485762833180134	0.305709506802208
0.295585844306866	0.190756601603173
0.807450425661511	0.340469425958749
0.590775817081129	0.307359261207331
1.604076053077	1.12118556156772
0.510875541395758	0.183928738190787
-0.999379585297696	0.502127686463704
1.25639676878279	0.694338750578675
0.646143141275968	0.205158328067658
0.135115516978732	0.045691814158371
0.528789678885501	0.304883219663731
1.25907564491785	0.694063919515537
2.7496138177855	0.775189687209382
0.805070042197189	0.338557112187809
1.43973986105876	0.479489791047764
1.02259212061632	0.388312776500153
-0.0539974819843789	0.02594646402894
2.34056471803493	1.17779626883001
0.300753198682267	0.194165604688071
0.121482892811713	0.0462813052377305
2.72637781933014	1.67909370709087
0.296887119180333	0.177844279568342
0.153631978660649	0.0939843495842792
0.187721735408385	0.200382787552836
0.552650630079523	0.439158982888188
0.551002296576812	0.436797157791919
0.445228525542801	0.300206056383287
0.556803058563292	0.442533613676074
0.164235653935794	0.121289762566373
0.172034530524187	0.132010985400661
-0.0822218841326252	0.0364909884126464
0.976894607886042	0.796271769837906
-0.138049133581156	0.0830221579802488
-0.0835147218560508	0.036947442460834
-0.267284469708502	0.135217290717093
-0.355917815454952	0.217648062469647
0.527636902696819	0.303736473993525
-0.562848942836466	0.361897520981629
0.279617770989764	0.218908907294465
0.177356592231707	0.140913805214539
0.164195884613059	0.111805199474778
0.773393370377379	0.826291949875732
0.357576917240966	0.31250602318072
0.265555324178332	0.214162571848707
0.50347231487093	0.433937844887409
1.02995840493434	1.08895396576332
0.406256629815901	0.30553960616915
0.770229199719344	0.605102812710474
-0.512683658852049	0.391612007232098
-1.18448124464105	0.669137173201609
0.686543845686121	0.448646658280833
-0.0804508522075799	0.0356402153386999
0.510007909511423	0.183564268952108
-1.35509533740331	0.860817801471382
0.150443359742849	0.0377633287087368
-0.746726771319564	0.259871772377509
-0.424748583117477	0.179791071172039
1.54868705422368	0.770114878924921
0.131592549884353	0.0446096178723685
0.932444120238111	0.244842742206832
-0.542704791685888	0.208593778995558
1.80928263677467	0.710925581726897
0.935126029437946	0.245318397037238
0.514363083274015	0.184986043370105
1.5533135014165	0.773374309367372
0.297309807746111	0.178133752050506
-0.0531528618989397	0.0255569082141609
0.124632311745166	0.0596325724136999
1.7621163111543	0.988046500286875
0.317609844269653	0.175428151551465
0.125925184076674	0.0541003896105203
-0.296826167091399	0.190430791580795
1.32082949962849	0.578518011832582
0.337727189507284	0.168802351707471
0.158040181068693	0.102264101991491
0.0418582428634376	0.0396000333421023
-0.0566358768568503	0.0506544321818182
0.379949342826471	0.40016698555947
0.683478500500236	0.684081902619309
0.836949966819857	0.613757689458508
0.745894707952747	0.824091867182928
1.76271532143288	0.989028906969471
1.25293242809067	0.690747702125752
0.547699881299528	0.431626129532556
0.481787591133553	0.302639502796547
1.87610688312911	1.60048568103799
1.11569300430387	1.14034095870042
0.887900428973964	0.766831954451684
0.47236064827702	0.418290023306458
0.42942355056596	0.308685735647307
-0.245040444318674	0.16237037309344
0.623868787143504	0.438402108631961
0.841072581720233	0.617317307144156
0.930699811203717	0.627472485201671
1.59984483418568	1.11686155953308
0.129821335166026	0.0495807397916189
-0.272807946302452	0.138613236219207
0.828188970853864	0.867866965962674
0.283686361066692	0.204248736863841
0.550909425799167	0.436243389549343
0.87362999053631	0.888262439487493
0.311112777499384	0.307058831865627
0.0318425368947149	0.0194977423355088
0.586951175858963	0.442861572110809
0.258865233618654	0.215290821309843
0.0660076943712175	0.047574492559295
0.618510876265529	0.734422798325402
0.172850792366832	0.152609178427547
0.557336350610377	0.444026358610439
1.20680589256296	1.17275870021495
0.163404643472031	0.120601144682685
0.127838926835683	0.0612252184020468
1.0566023149179	1.22937429180189
-0.0634198153431679	0.0492605969552857
0.3729195832566	0.317113462559822
-0.00276197963555492	0.00141019460436375
-0.417229817946765	0.294375763460548
1.51136065146771	1.28961690181798
0.456390612839322	0.309404501257197
1.31554563205142	0.577850509647929
0.425731903869299	0.171276253891763
0.651349240994328	0.207129762624853
-0.236606371241214	0.0776017669502627
0.134085854436536	0.0705071311641698
0.80661030139522	0.340174283092776
1.74521233985148	1.351487314689
-0.233957416924537	0.0766762835938485
-1.53554019388682	0.554309681981325
0.510875541395758	0.183928738190787
1.55024601436018	0.771403364746472
0.311275638306782	0.171523350145027
0.138460679810576	0.0412231247306769
0.146301463254213	0.0369121679082859
-0.0507949936176495	0.0242604252748526
0.123640608666328	0.0473064541364208
0.318887768013145	0.176218662928312
-0.119470237064633	0.0481183717796714
-0.413180958495729	0.174820320112929
0.312530474720476	0.172159312443262
-0.233387135509462	0.0765198473617531
0.131666765306145	0.0503231715267364
1.04928845669154	0.510185199589409
0.174702232371468	0.184721127880839
0.11340525225322	0.098382009776618
0.353033917674387	0.30731156477443
0.0368759636706086	0.0225706510602193
-0.0515398263188266	0.0247757075133237
-0.557987075983512	0.356848640212411
1.43578807118095	0.893187872392024
0.5885200200499	0.306560093369923
0.777547817107996	0.463901547397236
0.144428582923937	0.082605460448888
0.132417308884049	0.0696781035421786
0.690264084417418	0.451801755377356
0.691648349271718	0.452159334074961
1.22556554517235	0.843641054220566
0.490274094220257	0.309086054211516
0.586526888369375	0.305406263082896
0.455524486693552	0.308669404351612
-0.824360117440153	0.553985651890043
1.9435357940622	1.21941670515454
-0.428460452724138	0.246467539897843
0.136501741101708	0.0653516707761222
0.554690771073766	0.439730375226835
-0.50983094544039	0.270635095407691
0.345784586747008	0.172891229703968
1.25717857209743	0.694778656366304
1.12628073113615	1.15321691661744
0.452386887075658	0.566970832292327
0.274693778507831	0.318451550952152
1.04039808320287	1.52693683539451
0.167447242472081	0.13212163966263
0.931493603239347	0.626178102770126
0.00625122972752321	0.0054449332805916
0.141240119988702	0.0807195126366614
-1.47451922575506	1.3391072076203
-0.0185563578418591	0.0096085574412858
-0.222864091990525	0.213398657134044
-0.411364566275804	0.289276946449264
-0.162923462106682	0.0938587334466186
0.300867255947221	0.194595579053439
0.671617393759094	0.31428154536115
-0.168074397032081	0.0612163017428414
1.43693291937878	0.478412112216202
-2.58817701744193	0.677412741892899
0.13912027261828	0.0264101516649031
0.504293805962934	0.181091765107361
0.127786664589047	0.0433722500849783
1.43058584384142	0.888361204378285
1.37790635600382	1.06272158359313
-0.538714119684408	0.206903909568311
1.55585578875958	0.776687781318743
1.22867573902931	0.847859591846366
0.131421460112159	0.0628886084869292
0.619390517836825	0.433590342978988
0.798599288615639	0.335667569176938
0.451676887587233	0.304795857930092
0.764674740779681	0.596500419655322
0.1267979269677	0.0606048753716255
-0.420714030091325	0.178305782739239
0.509513819382944	0.183136146303308
0.136156966750329	0.025975077128062
1.43602101245823	0.478148523404795
0.513494339007861	0.184455433484267
-0.821857046539299	0.643418227350437
-4.01411754197199	1.76498747005377
0.148214452172739	0.0905495981282344
0.760527801067178	0.4511218111691
0.608177846508774	0.569212012642229
0.0417070714568821	0.0335875122820799
-0.10315697132874	0.0762371154262849
0.465398913012627	0.427952900760311
0.332737864531056	0.166302782783439
0.130696468789369	0.0624629316306409
-0.078572371521343	0.0348537957440428
1.04458703702705	1.10600340647931
0.832791739515148	0.75693833609651
0.485329575021052	0.305132754994876
0.425483209780123	0.171231898189555
0.573345450378393	0.296717483682659
0.704491939939144	0.582050272403481
0.484406353157154	0.304668850478377
0.92862160547707	0.625418191608055
1.51053207754774	1.28725190499402
-0.357588548733571	0.258858248679454
0.634464944716172	0.448637107719169
0.839145032428736	0.615588014012018
0.142938843228348	0.0817015373596374
0.135331314424318	0.0646309230984869
-0.264711076726965	0.134623179317158
0.00211881196112995	0.00109444507199518
-0.57394575517597	0.370488862890823
1.56287446591422	1.69434612744066
-0.0515052821016278	0.0247355014287479
-0.0742392777515926	0.0474518740027175
0.523036525530438	0.43365602993165
0.773111309678003	0.920787353163795
0.0878074984672758	0.0680113444096725
0.295137847371314	0.301989996016029
0.410021378054151	0.310119290974807
0.525326087648373	0.531087904477384
0.256459204729052	0.225936259733051
0.284063065014825	0.194197856991342
0.624155578133471	0.561049965477123
0.0767941251054074	0.0557325173412855
1.12897284420323	1.27989846166389
0.373733594612056	0.167657500409807
0.378154362713209	0.397487610954886
-0.198574937354967	0.154529430163457
-0.0380067525638264	0.025464284464415
-0.00343493946453542	0.00174184999425825
0.345833190903694	0.173348773941361
-1.25070149296181	0.957225907843928
2.50862970024725	2.33467408374141
0.583859004810808	0.303363846046757
-0.0188170799264998	0.00973346647187648
2.09185664329429	0.936292324337415
0.755949285544024	0.446020825162919
-1.29260010942573	0.590704652352426
-2.30323705460312	1.18200631303729
-0.415367264171831	0.176060665426675
-1.36753538809386	1.14712497408983
-1.15019981108223	0.352703694647943
0.510875541395758	0.183928738190787
0.377680200594884	0.169593695008375
0.424935578467476	0.170987715399205
-0.056535054750082	0.0271007048823027
0.136405532328157	0.0653202313511944
-0.242894765745569	0.0796348330145537
-1.04843348997268	0.42268378687421
2.88895495684158	1.95499446509408
0.936810641992179	0.63250580758859
-0.940997451197103	0.696166771155812
0.669203698295707	0.312886079456326
0.774621471172177	0.462048401854348
0.334859619278704	0.167367358700209
0.92826365746821	0.622161895145493
0.632073583649339	0.446621127481228
-1.48809555835607	1.04600653358115
1.32315660872238	1.39504892978898
0.173743573897327	0.167642554831066
1.04568848881101	1.69667151100674
-0.119458674956304	0.0983816053463724
-0.242509729459752	0.160383317784677
-0.131115364184525	0.0788659938802982
-0.243176318308741	0.160893791457219
1.12970670745682	1.39265108514842
-0.485258309401226	0.329377525808447
1.04976960164901	1.22037432394857
0.602534698174602	0.561773148481898
0.555148602138794	0.440735561356453
0.768702173840816	0.604552475622014
0.713970044021118	0.592667269544214
-0.0185796873464061	0.00961182180625296
0.143602028404521	0.0821147637109716
0.774189045182011	0.727980394796169
0.344267910454491	0.172556784683622
0.974748333291533	0.794602054910456
0.829614917811331	0.605073103142567
-0.2614421806946	0.132770280914834
0.181128196987929	0.139410874525363
0.34707176985919	0.312206288338542
0.663175998291095	0.575278038405649
0.036966113687031	0.0225219834810632
0.587119169002058	0.442760534949978
0.138661946695621	0.0791826638227556
-0.817987001923086	0.63982449391146
-0.0877484350879837	0.0388567652028953
1.34245652907834	1.23388952213425
0.769396179713245	0.604408355953877
-0.458578661788141	0.36092800535957
0.154468836540385	0.0997310429800608
-0.0220790037866854	0.0113610459895753
0.410469431261036	0.310831173674477
0.0827473010093405	0.0639385199392709
0.319261033779762	0.29994398627177
0.458243435960582	0.419773693826917
-1.37833338409011	1.99283260870664
0.72841504786118	0.796439964201869
0.0785943833996146	0.0570642101912931
1.26447668677485	2.08304889485735
0.403324257500204	0.396237734575336
0.432709173129216	0.311342150420593
0.420882769652779	0.301177340255764
0.0143057298463659	0.0083498404777732
-0.14939844676863	0.106606060525599
1.05051779424914	1.22087766670546
1.03205370416058	1.09235932797773
1.21906641873872	1.0220350989288
-0.265165456496991	0.134866150122845
0.651349240994328	0.207129762624853
-0.544114473045216	0.20913830975888
0.145721737644136	0.0432014390679942
1.07769335884811	0.809844958885515
-0.321250645201412	0.149179792176392
1.04429005735424	0.506486200775635
-0.980597664190152	0.609674807971173
-0.414557503610828	0.175513398695098
1.80801736892668	0.709604687458265
0.581466167304335	0.301893876436452
-0.35845544263212	0.104471490348146
1.80499981726189	0.708186089434867
1.56022290020959	0.777163158923144
1.2555313328671	0.693014411465741
0.42380522519208	0.17010153165746
-0.512377103862098	0.271982348895333
0.1413598194657	0.0421025960431846
0.776473139458831	0.61166537901358
1.44030761427937	0.897563689630208
0.017244309591115	0.00999318269891605
-0.206574496288537	0.112513193844178
1.95206651031909	1.21754274767718
-0.699974473419959	0.499646608059732
-0.0603657903446488	0.0288681283733998
0.763877546954029	0.454342812260435
-0.600193141064852	0.446660111694098
-0.0803043962779948	0.0355992518776308
1.02259212061632	0.388312776500153
0.626979159467743	0.440565177701333
0.528328438853882	0.304422442030384
1.05782266507	0.64404326839531
0.665765059454656	0.308736425511896
-0.170601074589695	0.0984725235780356
0.107619151532221	0.0968660966084244
0.000605087835276023	0.000454990484364185
-0.577377094441557	0.622414292129863
0.0922047516629303	0.0694782047260623
0.0373020574309163	0.0228513109026515
0.076070184314661	0.0551756979465328
0.729766054460652	0.712114143713685
0.148676326347375	0.0906567179544559
0.830422146063375	0.872091441416442
0.521276147312881	0.431939840636985
0.887329382909413	0.765831754815557
-0.811042864415047	0.447794590129992
0.293310213511986	0.189374405726631
0.870930590527102	0.883121667209148
1.33932983587295	1.22998363188272
0.39824588487859	0.314918861735168
0.363629744379576	0.30757911733699
-1.12077118665389	1.10188841338338
0.390008631740809	0.307245850985858
-0.566095411269127	0.364570578891234
0.634005022703439	0.572919598147936
0.0226415476687021	0.0130226402404962
0.148500444895882	0.0957731951340592
1.46350082804022	1.47103706888095
2.25166714976467	1.73327284781449
0.5844462721721	0.304030691655071
0.300565455681522	0.180538288509025
1.32092941777149	1.38908833965577
-0.0798839157771234	0.035357985930909
0.136091441543412	0.0717761886159093
1.4151265796063	1.59619224910053
-0.303018765801062	0.194512987383697
0.517922897686277	0.427943130919985
-1.02410829993426	0.937835252568597
0.589203368672868	0.443709616539831
-0.576788318012711	0.372264089940309
-0.710516035788747	0.576356000473299
0.439079217758978	0.489261273734941
0.661573639639363	0.682716680065504
0.528896480523696	0.439424702142894
0.335512373806989	0.309276761978666
0.425201661451784	0.410628250569514
0.208309191301965	0.209186859014202
0.765670464038999	0.816748806499717
0.161098324287806	0.126703984986689
0.247395473440042	0.217292936681068
0.603561809156894	0.564638261229824
0.823502418758194	0.864289282178437
0.873621235287185	0.89061865568706
-1.28949640435535	1.43080588463939
0.289182734799725	0.186230289669696
-0.0450221713175572	0.0294611581210709
0.371117426865655	0.302362842835852
0.140061225691162	0.0852132004387856
-0.0515731259844113	0.0247712070663144
-0.577198048622224	0.371668324561595
1.8046556556941	0.70860181691833
0.141580567654977	0.0477029998832945
-0.238048417060954	0.0780891030505443
0.510303034449659	0.183694667904733
-0.671503920206736	0.40370347871096
0.123010914560037	0.0417646916705607
-0.631876832906864	0.307130924818037
-0.602866030574237	0.447963429208879
0.12813995086877	0.0487517908802068
1.04873940580309	0.509802214935004
1.05300272515888	0.511619527545487
1.80128084073667	0.706472447716932
-0.0798323227211098	0.035395033779357
0.139373629020068	0.0264474830594518
0.771453715699124	0.459740482583653
0.632954162091681	0.448041864561159
-2.47262916049256	2.44374339732776
-0.114686627932393	0.0462360546775005
0.12684271834842	0.0485397725759886
0.135344827059028	0.0258639507496658
-0.238048417060954	0.0780891030505443
1.10716210250521	0.993060931522279
0.378469485304663	0.169905406881089
0.525109958981438	0.302234637020866
-0.425845339677082	0.244364942960099
-0.118335868420248	0.0476159691965743
0.938877024726833	0.633376518101451
1.22518545072261	0.844831390413282
0.733443503577057	0.805291044657901
0.524170578359708	0.434205867240783
1.059387283933	0.646790024847916
0.424686162586357	0.17084869480222
-0.17130542359426	0.06230240304304
1.44403202175541	0.89972715776789
-0.398150949320127	0.491500464546166
0.293552270030221	0.313434648157716
-1.04800537951922	1.73447037727514
0.160493002159405	0.113763665519791
-0.802598982202693	0.886611104803364
0.255711141222881	0.211610680383757
0.155821684088469	0.100989561248648
0.626179586430894	0.441472940303851
-0.0271846069645599	0.0138960923179108
-0.245079692926596	0.189609580663398
1.45973975768654	1.46281736205479
-0.462564950287788	0.364665326061359
0.977435766051452	0.796374978734547
0.388607512573639	0.305369170642755
0.295150099865508	0.190826524459313
0.663088700697006	0.684910241009874
0.132775746503534	0.0634972383180277
0.589911126444109	0.444756334971348
0.77312455330134	0.726477933198928
1.07238605218594	1.35551149048681
-0.556454956240776	0.472546836970138
0.00646535241794025	0.00341312101628898
-0.650974106246656	0.596015769460332
0.276121758045561	0.198040410109901
0.712392143786405	0.591267268295054
-0.0546532163662511	0.0358238731540817
0.0220889651363295	0.0127550821828724
0.5070333566138	0.525197610382461
1.34178226436601	1.23299906838598
-0.0224831013738839	0.0153701089070024
0.551361853798656	0.437385776883346
0.532252211010153	0.441985963262904
1.03798200743208	1.10026122519662
-0.413738576873722	0.174896264237106
1.09995128041791	0.983919735788567
0.762100073167596	0.596614526200266
0.680135945053629	0.593891511138624
-0.25107495430717	0.218368746391396
0.456060733384836	0.308389424734083
1.11398469498809	1.13848131980603
0.30109664663278	0.309784640892993
0.863696164793848	0.87401056256519
0.240150731009453	0.215558531449306
0.28581235085068	0.195553279883097
0.159866915132193	0.113399835629537
0.933958262961113	1.13413145720576
1.11126681036168	1.12831460572292
0.874829917208295	1.18407245994092
-0.130024862027524	0.0782442460536202
0.150133181953645	0.0918557894174245
0.352692415244863	0.307614032336271
-0.263133185847779	0.133454358961631
-0.4622168726371	0.364639090606124
1.25189292169615	0.689841585471618
1.76515090442274	0.989745744509004
0.422565108326337	0.169882850838849
-0.512480393893973	0.27309171763842
-0.81771962493282	0.717720774203763
-0.332886534729303	0.155232224225155
-0.118964218175896	0.047911892474698
0.884752619720312	0.475830552841995
1.06663361477855	0.652798811363105
-0.797290903043392	0.353405248491079
1.95062146582611	0.454190159391569
2.74617618045436	0.774720201883077
0.341707067457472	0.171235638787958
0.646143141275968	0.205158328067658
0.965252413075469	0.780905301564709
0.339845272609903	0.170318344639393
-0.81930825296602	0.549995915896907
0.130303680116296	0.0559691112641248
0.310388696153602	0.170793839641061
-1.24634053680012	0.95099928469372
0.473108463634477	0.296031402474595
0.581969310447795	0.302983355056771
0.669678650418107	0.313495417453774
-0.505308563976792	0.267994550539962
-0.0925564531886077	0.0574913670029148
0.685656773107769	0.447625529864102
0.141851447236158	0.0806928250465849
0.529140742362143	0.304240110981202
0.692425863237201	0.452803523337297
0.126553365684675	0.0544127338379484
0.371891833900981	0.166807844763612
1.25614341202314	0.692818894948525
0.71131573747053	0.591056772833714
0.318445561629445	0.175940758234391
0.172165260487002	0.136403121681196
1.21871364862542	0.836250840993993
0.121048786820989	0.11439092810412
0.241398954603088	0.259015604131234
0.164815335195057	0.161001407992645
0.853363396161745	0.974486213096117
0.0774386775418085	0.0561942068808324
0.773673373815166	1.00755498437652
0.657181865415649	0.676641190576935
0.034234202613303	0.0209340692907474
0.770897132364168	0.724233465694613
0.25612173706702	0.225801402827655
0.505228933907979	0.435820037481504
0.161026908359665	0.114247479264997
-0.792553264813643	0.351420601868644
-0.206891178352344	0.141107438282415
1.61449727058352	2.07560536601102
0.429376683561215	0.308966191963602
0.451700382418236	0.412139896728782
-0.0513750030744823	0.0336428617873674
2.00086409713261	1.88146654423307
0.427816127488785	0.413630830577802
-0.0000205015999277597	0.00000913543806162896
0.289221989012511	0.185644434313511
-0.813515226516875	0.713192180210296
0.268598497939363	0.209174086769194
0.397988048284071	0.314709319330038
0.284948581181297	0.194899092208641
0.3799278406469	0.310861386312983
-0.598774026778331	0.446140091202529
0.00269463554967031	0.00141487384273036
0.171242229168861	0.116760680388337
1.43412178636911	0.891195052836483
0.136000827216545	0.0715594225688488
0.154506577501663	0.0945580344390499
-0.250535780864622	0.166410032981178
0.386344916245123	0.303809369916785
-1.15459093638437	1.54382017799474
1.12493095180981	1.26659161081042
0.0673201939820856	0.0453680190468717
0.590897890504402	0.445739966346752
0.253878642464756	0.241732571115401
0.161112155748182	0.137696635048642
0.261570748568755	0.210184220194105
0.854471126769956	1.08354649622897
0.622719887923217	0.655733560041832
0.683382993339108	0.787466687927497
-0.244266823158344	0.189115062424458
0.432479173336709	0.40482860163727
0.00669550163904035	0.00471834524350735
-0.0698252517493736	0.0446159125840788
0.169681816582071	0.13835825519312
-0.515845415223481	0.274922047301599
-0.329149474521257	0.153000013614834
-2.00522325408183	1.41410396732989
-1.04101514476667	0.417746620102385
0.590523639529456	0.445543069437749
-0.271551214219416	0.138072509057687
0.288815951827575	0.197784142035707
0.339845272609903	0.170318344639393
-1.11391999792015	0.768125082959201
-0.233957416924537	0.0766762835938485
-0.671662685579412	0.402737641168277
0.514954766217988	0.185204661003018
0.128629618148228	0.0436530854985291
-0.743325166733626	0.258205235128744
1.05166013152136	0.51091249197187
1.01482142364915	0.384344164321906
1.31353227787851	0.576480757103141
0.148047531695805	0.0438361046687506
0.339664433444396	0.170072113400295
-0.17226279513517	0.0627452428304373
0.12337646703634	0.0472015738196517
-0.806665027683436	0.444806365814789
0.323057978652354	0.178686581965832
-0.330290420678813	0.153721356460474
1.80319051359514	0.706471839910208
0.527518220518914	0.303678674446064
0.427621669491718	0.306338317746174
-0.812340705112193	0.633861123288047
-0.809968669109796	0.710298119640243
-1.0049723971438	0.506574590675267
-0.787558915132848	0.34862507972379
1.31844914081716	1.389796827392
1.08766630260704	0.822014926925499
-0.810235170096758	0.447921924365261
0.627844368212873	0.441546158622345
-0.2614421806946	0.132770280914834
-0.0552821919694661	0.0265547912458412
-0.124311820539015	0.0500573671176849
-0.120274389443471	0.0483021264232137
-1.83781618537686	2.1647453402594
0.452510836515015	0.306751165508232
0.395938484090737	0.312451173759562
0.275957304810273	0.215350898824215
0.778012271888662	0.837344006117332
0.335977536821243	0.3758307822589
0.425247922166	0.409868119565447
0.364431086909824	0.308416115872332
0.407917008256071	0.308426505636592
0.842354349206062	0.619030428372371
-0.16356191891529	0.0941001483264669
-0.279563260342054	0.212541524646122
-0.131672632822224	0.0791833989762387
0.0360535743661339	0.0220934972543577
0.135879182930537	0.0774213110738754
0.584594729349456	0.439183360248889
0.0165516080140919	0.00962992543931671
0.985561778808969	1.17095833532463
1.12230433505589	1.26981235448067
0.276500125889588	0.198308081236009
0.336166041692172	0.168353927886332
0.474659741102587	0.421633778369354
1.00930611728854	0.951856119976559
1.88597066395138	1.62116204154391
-0.052712677622426	0.0253212046963554
1.1311334703619	1.28365546153673
0.135616330056619	0.0715157945083218
0.408722445745258	0.309060193259986
-0.210640574301493	0.143878475125847
0.421557273614458	0.30201011783417
0.528442443948258	0.439558442203256
0.973770732527936	0.791006003959613
-1.29219711893343	1.43650834593088
0.125952510531064	0.0540662744577592
0.33887935464257	0.169541875889979
0.453794925486426	0.307839794421297
0.55773156096305	0.444378564318478
-1.06045316890089	0.859078166568109
0.165625329307479	0.112797266039323
0.405744613773685	0.305926806151807
-0.0956004804466292	0.0594717406706462
0.495247236061034	0.425464400585695
0.347576575495607	0.302008736352287
0.263875004750981	0.219065419548069
0.613399533994057	0.664921361316628
0.836367030773261	1.14658002998175
0.10165574373095	0.0836361048530383
0.252615830842382	0.209222371497875
0.0128223759519702	0.00943290881295888
-0.491939521919547	0.536274857855852
1.56584867655835	1.69683634683802
0.283690894133991	0.193908967842948
0.284948581181297	0.194899092208641
0.149077192814793	0.0909085654947628
0.414621347400723	0.313400675602045
-0.150113402093945	0.107152933454697
0.55773156096305	0.444378564318478
1.60105999840234	2.05029483388901
-0.235611337578746	0.155097798110974
-0.306101506554205	0.22684927374975
-0.62732330469205	0.523501908989461
-2.30464412753805	1.18358085404448
-0.422812128437942	0.242455752890315
-0.780060478568274	0.343184594274808
0.649540136788795	0.206300566749324
0.802281286210352	0.337872104439243
1.44047163572492	0.89560168433871
0.148623873461255	0.0439438946495961
-2.13605015428612	1.65338337866792
-0.349134495643894	0.212732005673433
-0.419899321881331	0.178034045801847
0.131029538502094	0.0444244541563046
0.877751613062348	0.471944156412253
-0.166720587533231	0.0607503375240969
1.76381623915433	0.990139110999355
-1.15439361670696	0.354342573020678
-3.08991345953591	0.960747174631736
-1.83909918131213	0.759394746718806
1.43237272946104	0.476285559011928
-0.11899778782661	0.0479881095001215
-0.170912764961516	0.0622636754540297
-0.25600703562105	0.129615363731682
-0.0240714189222176	0.012365493268298
-1.34442825788826	0.851809189647953
4.56176914584199	2.57159474949882
0.675611426218966	0.315820706419946
1.05086472132527	0.51029188793242
-0.628082108755988	0.305323540702626
-0.544114473045216	0.20913830975888
-0.0819351270645048	0.0362847113031604
-0.167267366049274	0.0609436470739813
-1.11585217308554	0.770775847900721
-0.699287051921572	0.498459361025782
1.87987404104435	1.61429209213263
2.10363714852243	1.46367757656672
-0.425920131063042	0.245283083372055
0.136555480388483	0.0717756198148804
-1.69239843499757	0.972196555916096
0.428461841491524	0.172250582533061
0.122771436232607	0.0527363958085792
0.410451703129648	0.310579794836906
0.764026627633982	0.599979093873101
1.56670650192245	1.69841055427854
0.796209618447384	0.334179844967257
0.321716198492297	0.177603660472987
0.165526503786939	0.138384387426365
0.349982652365875	0.304778524076394
0.022012132282239	0.0127153616474241
-0.345239360722123	0.210129330272423
1.22185947105033	1.02485176349962
0.633238303956818	0.447374851204295
-0.945132051845918	0.700069624605861
-0.331187439570318	0.154302585830976
-0.355349739336707	0.216918025001239
0.781928484376592	0.616651762759544
-0.816583364729617	0.547063708324249
-0.0761628496617587	0.0337840666399145
0.590109786944074	0.307410912084443
1.3136199618746	0.575665599041282
0.509513819382944	0.183136146303308
1.06910351378805	0.654933642117964
1.50901284685015	1.2829951693233
-0.952159386840279	0.707754618219433
-0.411082008987883	0.173889028123327
0.138791573856085	0.0413094962520647
0.518144304032287	0.297138357745275
0.874792861440638	0.46925062888249
0.144615475180464	0.0762505901843707
0.584242973492629	0.439476870469992
1.95781208099155	2.30962892121007
2.23012551587855	2.46850292338857
0.315457490605058	0.174389651558313
0.367804682936512	0.164972913507321
0.503212268433644	0.180319053996178
-0.510426701085264	0.271751432762041
-0.41720427760482	0.176404407629983
0.128655290790324	0.0616557066164373
0.881515603710021	0.473125618802414
0.161646303462185	0.119089926645401
0.58735973951877	0.442898547833557
-0.301391992124902	0.193272673969164
0.403211793159896	0.319433185576574
0.289589683309769	0.186532850072665
0.363621562563587	0.319033276337863
0.495527180012175	0.425508123812521
-0.248500264332249	0.16499269160634
0.256312068642549	0.205621490570078
-1.17823220427283	1.04311862024441
1.55639226450399	2.15706400826497
0.334546021044325	0.167251619809368
-0.172767576070044	0.0997680416112932
-0.920551596442685	0.782006357985244
0.838593565917596	0.615894406663515
-1.11627104696624	1.09361099755161
2.50497764906758	2.32747185161169
1.03628906775054	1.09997835147194
0.482975414404131	0.303686743250901
0.423230838394875	0.303662655322911
0.878320749629904	0.471562613797633
-0.814879086647093	0.545343360501887
-0.120267226298741	0.0484135417622034
-1.53219054338251	0.553674997524989
1.05086472132527	0.51029188793242
-1.15019981108223	0.352703694647943
-0.79620053290511	0.352352816452798
-2.29929471138622	1.1783275149489
-1.15253539705602	0.353154418604941
0.662180477284438	0.308610067083684
0.807755744459433	0.339001707376143
0.146301463254213	0.0369121679082859
0.676059682377066	0.315575855333918
-0.419630490333242	0.177957182429578
0.653242855413462	0.207522075223881
0.512646744152847	0.184296959174933
0.653242855413462	0.207522075223881
2.33676481628703	1.17407183630699
0.13345272036125	0.0452283641533281
0.140856107682898	0.0418399406262348
-0.737482026667645	0.256039848593742
0.512646744152847	0.184296959174933
-0.518161014758088	0.27577810659106
0.14103192177006	0.0419706320314239
1.8046556556941	0.70860181691833
1.25854736828994	0.694881226930905
1.43693291937878	0.478412112216202
0.131664984349896	0.0502503723006595
1.05284794958545	0.639004745226536
-0.16617394898698	0.0605322426701329
0.663801079304584	0.309562276874094
-0.795683921967743	0.351944060952396
0.579380417141233	0.299926029966566
-0.977669619898271	0.6078473164774
-0.265165456496991	0.134866150122845
0.127222675433409	0.0431873188523152
-0.362166381635235	0.105626912484328
0.131665100128027	0.0500705015506068
0.424935578467476	0.170987715399205
0.131222837903894	0.0444544196344765
0.503549389538274	0.433813390104404
-0.358525364105312	0.219260267775292
-0.207985039933088	0.162888148286935
0.0493295559586092	0.0433355518465258
-0.149783541066445	0.122826840464035
-0.127526458909709	0.0927718241467579
0.145300329061645	0.083149481918424
0.584347637375143	0.303518019110781
0.407896502951778	0.307374159620553
-0.512157764202943	0.272974519735246
1.55290923344353	0.774094456806211
0.585728245546074	0.305103008940992
0.693258168363725	0.453647593911967
0.158124672890426	0.0969134871665113
1.06624089122509	0.651812905143837
0.772589862383645	0.46085706692606
1.33951760442472	1.22869268595605
2.23417710233514	2.46931004061824
1.10729445453519	0.993413610983698
2.25352386402625	1.73574135614929
-0.915700710240725	0.774938149746385
0.139757125704213	0.0737592769044315
-0.112725163918855	0.0454339502474393
0.664646933403502	0.310392847753659
1.59141680718356	1.10372953203747
0.164430147841172	0.112092031194441
0.0456883664204087	0.0305992856067552
0.525271949569142	0.435445581079697
0.426826679994267	0.171564760709199
0.478402359744304	0.300349299187818
-0.516428912774355	0.275343199730869
0.523025592862322	0.301268472256706
0.323830896429885	0.305060470626163
0.147370549018885	0.0950783663892376
-0.402122027343006	0.356668512457747
0.0960513158432183	0.0824113808445276
0.114152245690838	0.105379592529302
0.0848111664132645	0.061603860639474
0.159866915132193	0.113399835629537
0.17901955325587	0.180021818595489
0.706702226438093	0.793840838062591
-0.128611116801817	0.0771060828794634
0.929583960304925	0.911119008874517
-0.0866874895275825	0.0383942253461441
0.123640608666328	0.0473064541364208
0.259892025125871	0.216343213901994
-0.224412227501076	0.197151332833064
-1.12168572563216	0.77806611312046
0.12499623973525	0.0598405348323026
0.524309543392021	0.301343492441024
-0.263079039782152	0.224632713548155
-0.596122678690507	0.443326221740573
-0.293733172792424	0.247952334990342
-0.518524306873108	0.27638815782859
0.887474768296443	0.476947219227947
1.80409513671821	0.707822997900645
0.139373629020068	0.0264474830594518
-3.77312140195183	1.51499536469158
0.128065802893217	0.0434680575192894
-0.120006383191874	0.0484050147154472
0.835814721415177	0.613405782983149
0.885259633736869	0.475412661903044
-0.0864598493897534	0.0383093062416916
-1.69613568979251	0.971813320209829
1.03802863130311	0.501146480835909
0.805204693550491	0.339371994678625
0.766235174768884	0.455134913774068
1.31703222580319	0.5778351002051
0.148123932113398	0.037298775193441
-0.334177863030891	0.155826022372066
0.802847723592207	0.338179963633335
-0.1645988737961	0.0599392345868267
-2.79839721584005	1.90728826006304
2.09185664329429	0.936292324337415
-1.29075073841374	1.43282483519899
-1.00524769573252	0.505793543555981
-1.15439361670696	0.354342573020678
0.878766051989644	0.472006512812435
-2.09059152506555	0.968842590571424
-0.242025564504491	0.0793476290892232
2.10377263435065	0.942725364613812
1.75661012769693	0.982151846076969
0.374937722868516	0.168116143663794
-0.118458300552698	0.0476887146360413
0.480108444585162	0.301209616425866
-0.214761573742594	0.117348419198779
0.128908722501343	0.0552421898448661
0.336186611547583	0.168019725829837
0.578686988232657	0.300428014219063
0.312105982017882	0.171900852717397
0.128985887415983	0.0492872066083608
0.589774423101881	1.13834699349762
0.357952764600849	0.643131929145548
0.180789164932244	0.281733844919149
0.192719667487466	0.270464584530999
-0.11342708571624	0.149132164924991
-0.0342733335846181	0.0306444612648452
1.25664969996917	0.694322095482239
0.336326298524615	0.168276754875049
0.423018885291868	0.169539601060845
0.653242855413462	0.207522075223881
1.76302290594229	0.989730916713852
0.140130255519626	0.041673932144754
0.131664984349896	0.0502503723006595
0.652253897170883	0.207102973093912
1.31012134843669	0.574818428531195
3.918269745807	1.72279408442701
2.54729389080162	1.41954849700171
-0.361622063644185	0.105340752849314
-2.31216930769922	1.18371506520407
-1.29344278343992	0.590245914120149
0.143337222216575	0.0426016228100372
0.42943252525579	0.172879165160614
1.0445501260137	0.507223237163481
-0.363074920327927	0.105749762822137
0.378842197395005	0.170257097428092
-0.135252693433898	0.122018906264619
-0.0322759641415291	0.041024265480334
0.69688541416032	1.15727053720443
-0.184957696003401	0.19104530507614
-0.27324069360357	0.234702059263822
4.86225725193675	3.20481379712063
0.0664524847508921	0.0447390440559773
-0.285489697741711	0.46602597072106
-0.0042414049524204	0.00220474848554273
1.94164400966422	1.21483923718664
-0.789360513665424	0.349747285437635
-3.09408861819707	0.962829753125291
-1.16305893466411	0.356419765567601
1.36813569478068	1.04977155495862
-0.667554715235637	0.968387814471083
0.140458165206262	0.0418615852654621
-2.08082668123839	0.960637539306021
0.652695254572546	0.207024892635355
0.273139322391529	0.212689943359835
0.134391107428482	0.0576793934440901
0.278571063782743	0.19998205580261
-1.15300618747366	0.353816991053109
1.43602101245823	0.478148523404795
-3.4697465656871	1.25533488138392
-1.15799700419576	0.355156175000868
2.09005742488354	0.933376803701695
-1.04786382925772	0.422554751457188
-0.74730280862006	0.259785520477436
2.34263802835622	1.17544278616231
1.25639676878279	0.694338750578675
-1.03150690206564	0.945880459337109
-0.703787619236529	0.568438856857649
0.633226005077479	0.446876722838396
0.141956242710966	0.086401302175855
0.777706374957486	0.734699966346382
0.466596033373105	0.316877385167748
-0.347999704055257	0.28109448315861
0.281068845409662	0.201512108126644
-0.309938617277683	0.230057951988983
0.570565267774999	0.54723683442944
0.273500618110081	0.195515050687246
-0.212320904362995	0.115996656411138
0.700720696280122	0.458637606597959
-0.0500671977450772	0.0240523293384896
-0.364212438746839	0.106078206157018
-0.742182711888573	0.257807372285815
3.25399732634696	1.10138712863889
0.803413969531267	0.33795722026847
0.140184451576725	0.0265585662587612
0.928481199205008	0.243805258274956
2.74534949223189	0.773319630917041
-0.643123124462485	0.156504140249688
0.885537261821486	0.476595195670346
-0.633846141906175	0.307925496173645
0.13903860694883	0.0413471671998274
-0.969633864583342	0.601672883220394
0.388076602241213	0.388649047689683
0.111623648089571	0.118855347394178
0.566699550908328	1.25512580550467
0.569907618590979	1.24376044943904
0.268609595654393	0.449418410577748
0.0977834196548519	0.128391224767141
0.442413866803127	0.49392916229425
0.321191563707171	0.177600319936824
0.809574821393993	0.341052482546636
1.25293242809067	0.690747702125752
-0.361622063644185	0.105340752849314
0.931565691852841	0.244293555241305
0.933710809861868	0.244826616527384
-1.807243397525	0.398882182291443
-1.15345350292765	0.353548980162923
0.425961192082242	0.171382412553361
-0.0760546378557038	0.0336838381059059
1.0216909072254	0.38745924007158
-1.53273207896643	0.55406409993797
-1.15300618747366	0.353816991053109
0.433702746753348	0.174264568357482
-0.181116974442362	0.162127837067479
-0.236153343547701	0.405165091460541
-0.177978014844923	0.15909054878685
0.171364976683519	0.18311608524236
-0.175255620702959	0.12229350964665
0.165929085405916	0.113011355646051
1.74974117177003	1.7812742851998
0.295886733770519	0.409301309599515
-0.710617890201113	0.576585449868137
-1.86209163291269	1.18867683800876
0.339036138706833	0.169793621901338
-0.236305907551276	0.0774158597277084
-1.05301088609873	0.423664779352419
-0.537326396515919	0.205816889414991
0.225290076092552	0.229478434755565
0.140458165206262	0.0418615852654621
0.150481785037224	0.0377820806483386
0.140184451576725	0.0265585662587612
-2.26186645197979	1.91700374086354
0.137770150047391	0.0659317714658131
0.299861795707202	0.179804532233675
-0.233689169788626	0.076674255613353
-1.15253539705602	0.353154418604941
-2.08945711423755	0.967729012291542
0.139373629020068	0.0264474830594518
3.25586177376341	1.1013084673078
-1.80368476738292	0.398254084963023
0.150921468814773	0.0379194736694598
-0.235735416566093	0.0772160964519024
-1.51591355638878	0.782037064263787
1.37308592100409	1.05615597347316
1.23397433193657	0.851960600403948
0.283203913351378	0.193480630075488
-0.624685648133695	0.30322141117534
-0.119470237064633	0.0481183717796714
0.934388995646441	0.630795607175262
0.457319411122746	0.418991856820049
0.463657668456505	0.425607068733095
0.768937836138856	0.605447978779627
-0.207379960783204	0.141427252051021
0.107412745028634	0.0986608301481881
-0.41449005898684	0.292308311010934
0.396170723063304	0.312896269327938
0.131421460112159	0.0628886084869292
-1.04786382925772	0.422554751457188
-0.359365673988087	0.104727737543846
0.52108382465559	0.186639404992657
-0.644006342900786	0.156718049862583
1.43554514923892	0.477898562880183
-1.15019981108223	0.352703694647943
-1.80379071234984	0.398266610487963
2.74877977095104	0.77489585677119
0.646143141275968	0.205158328067658
-0.112436565258363	0.0453129451577521
0.513791165711859	0.185017905562863
0.148623873461255	0.0439438946495961
1.95062146582611	0.454190159391569
0.370565843116109	0.474919459501775
0.284159678642297	0.194269138863314
0.116781220624489	0.131912305109194
0.551112770981748	1.09720261200618
0.361860808215182	0.576701804401388
-0.037536832392356	0.0432884265948616
0.0558588825986028	0.0615123937181036
-1.37751924775391	2.62515038203543
0.672145456483834	0.314698451840055
2.72185623838476	1.67196467909918
-0.157676759553765	0.0573124282500179
1.02201384172153	0.387406801790706
0.881515603710021	0.473125618802414
2.33338159599126	1.17067533520908
3.62559622686951	1.43343777832231
0.130876295386639	0.0442644183756967
1.02549223592864	0.388513835126415
-1.84303597262819	0.760039735058634
0.139373629020068	0.0264474830594518
-1.15884840067313	0.354739594018442
1.01938669987078	0.386305411802006
-0.0294592701280392	0.0237238323428093
0.10855853659632	0.147722983648041
0.360325008452203	0.39280047942078
-0.981215854342319	1.53476137787973
-0.566524656399107	0.36509340439631
0.144217144858761	0.0880214423009574
0.878320749629904	0.471562613797633
1.37101874559855	1.05496844004333
-0.41287013424774	0.290270491953338
-0.130073185545292	0.140133959275407
0.937257062954093	0.6329721839122
-0.119470237064633	0.0481183717796714
-1.35132638410262	0.859114496556006
0.587322742669331	0.305843967788847
1.80610961993801	0.709606900893752
2.33647443108939	1.17343388735198
-0.468200236868573	0.480593065099112
-0.238535498919549	0.0782368452146959
1.55373484206067	0.774450053450293
1.31205222453913	0.576575770191727
0.824672076266184	0.745524952639674
0.375531115674698	0.168486354561649
0.394517221957762	0.311401252999187
2.09793872874783	0.940098510185472
-0.16778819317702	0.0610148001515819
1.43834434492453	0.478363981232013
0.65469668159777	0.207920986734369
1.02439581816121	0.388554234754345
0.147649013295955	0.0371443901885897
3.92120915738859	1.72324734120207
1.81073976531374	0.710773266311577
0.508648817829669	0.18261000234337
0.424436060618943	0.170350154580925
0.528059795797374	0.439257264952366
0.166657486952155	0.11370949942237
0.313697127913738	0.173036236322936
0.589096137621216	0.444282923200999
0.479212794309738	0.50317309100691
0.360960113036724	0.316131865623243
0.225699782551505	0.230229679285082
-0.699974473419959	0.499646608059732
-0.417124148028168	0.238466869686685
0.12903921348184	0.0554146379860745
1.43952612136263	0.896276835797623
-4.23431671645728	2.0226310215273
-0.644006342900786	0.156718049862583
1.43693291937878	0.478412112216202
2.09095558984471	0.935342230539642
0.514659313486759	0.185330599053687
0.147649013295955	0.0371443901885897
3.25399732634696	1.10138712863889
0.146774179931898	0.0369732700828277
1.04728142734923	0.50749510410576
0.371845336738013	0.167081892675487
2.10425118969604	1.46688318233659
0.464308842519254	0.63120877171813
0.210474339345027	0.243214505777543
0.121499796371125	0.114855879130875
0.293233043682322	0.1892258819368
0.828961723404272	0.871887186538182
0.384222512942326	0.546604153750339
-0.456149395803589	0.655365679070755
0.0516189385505851	0.0596972853448803
0.414992713980522	0.706501289112798
-0.0607923412301873	0.0675660542418555
-0.743620442842935	1.48543245137632
0.958368353302156	1.25426101646927
0.127838926835683	0.0612252184020468
-1.00095912882492	0.503535816701849
0.144816855539053	0.0429958878810455
-0.36125776400353	0.10521302829144
0.802847723592207	0.338179963633335
-0.242025564504491	0.0793476290892232
-4.01299394869743	1.76442641905919
0.144030943602207	0.0363402578839825
-0.162988659613012	0.0594305969388654
0.339200540081495	0.313548830900802
-0.249554974401859	0.385781254142778
0.371775862839891	0.477440802785088
0.241881436815269	0.249395354667458
-0.921956709763851	0.784316364834511
0.150049250138016	0.0917184609540139
0.766363590449417	0.815820263723989
0.531426852945529	0.442068411299273
0.513017187385758	0.183975173692053
0.1393097200573	0.0414857340564309
0.548509331809416	0.541257986447219
-0.11091148766768	0.111582285437636
0.543239835804353	0.428665354019884
-1.83448317285978	0.756769538624434
-0.423131071867169	0.179320024632959
1.80520382516112	0.709003956616184
-0.236907687744681	0.0776141769879425
-0.423131071867169	0.179320024632959
-0.22179058424532	0.212216391465987
-0.419105204222685	0.177722426333996
0.13075083502815	0.0442922816393792
2.74617618045436	0.774720201883077
-0.820214941928116	0.641117677160287
-0.794452697396835	0.351666261634069
-0.0846351485350611	0.0374911557959136
1.30777883892102	0.573295283481806
0.67346002449245	0.315470259796261
-0.746151045211633	0.259667037559905
0.932829613639135	0.244963311679429
0.646143141275968	0.205158328067658
1.43882340562666	0.478615560848155
3.25676960114744	1.10310692759313
-0.0668137295479637	0.0426393587598286
1.76539396934055	0.992170814016704
0.927812081580143	0.624133432394596
0.0736361070851636	0.0532191103345231
0.0512285054020177	0.0329022765342886
0.886014407749288	0.763863417727801
1.04532305548272	0.506476680317059
2.74534949223189	0.773319630917041
2.74700474235958	0.773735225227364
0.932829613639135	0.244963311679429
0.802281286210352	0.337872104439243
0.148123932113398	0.037298775193441
0.65469668159777	0.207920986734369
2.74877977095104	0.77489585677119
0.139947662100296	0.041632372501591
-2.09909337456427	0.969948439945025
-0.238350157281475	0.0780664823782393
1.75661012769693	0.982151846076969
0.504249738714736	0.596474240072077
0.386232877476143	0.45462541818811
0.652800991167172	0.207004492672909
0.170454064537766	0.146448989259169
0.062080582336213	0.0550221931219643
0.0600698469429448	0.0403692142095481
0.478985738773292	0.426494980060346
-0.0539025527904504	0.0353394543364034
0.665634982197185	0.310561371600281
0.298856482264185	0.179363639508628
-0.0576877209012885	0.0378320144175655
-0.581238934549063	0.707889352342439
0.918599429686761	1.22565715144729
-1.02635786371554	0.942738998672221
0.409145471370239	0.308501928023789
0.529950054663375	0.305537045368029
0.492066386028753	0.421185645044085
0.671308628101791	0.313932827924554
0.510580201392862	0.183534349617947
2.72161224230067	1.67135408353606
-0.809504211025334	0.446125750750635
-0.9497401772116	0.705756596053294
-1.69825190750329	0.976427151754855
-0.0500671977450772	0.0240523293384896
0.126517413282581	0.0542784291940882
-0.00135793707982648	0.000710475360033175
1.4287285418191	1.61834289797465
0.315594171719568	0.173873461823536
-0.2070364130046	0.140757765197181
-0.457550512690571	0.465384798015978
-0.336443012724407	0.306934828854329
-0.604806691966468	0.604495432291578
-0.30701194785234	0.310104819714323
0.654052454916057	0.671876268505564
-1.2693895176594	1.20461015717428
-1.1527352183399	1.29970361625545
-0.0522521693777397	0.0250886404743207
0.856525196182987	0.980469748952761
-0.218149606783913	0.171888731197612
0.161003024866811	0.114273127478465
-0.876704781535429	1.02450367824237
-0.57149376254134	0.36817176661377
-0.328663081872665	0.152548949124182
-0.70814775837415	0.572261167577095
0.769842153431615	0.604934838578985
0.142211052239017	0.0749873382903815
0.595924124978838	0.449933599311821
0.132790251127428	0.0635599150245549
-1.18518562190076	0.671777571048883
2.32253644606255	2.7439567779354
-0.216329204579987	0.118004300126311
0.635651846867066	0.448957564691756
0.3779637100144	0.169886955876806
0.692425863237201	0.452803523337297
0.509435415274993	0.183330389793874
0.932829613639135	0.244963311679429
0.146774179931898	0.0369732700828277
0.42603070036383	0.171276559470924
1.55151471686537	0.771593003677496
0.668368229261474	0.312768205499108
2.37866187915433	2.00830058210583
0.509513819382944	0.183136146303308
0.931950133432299	0.244413497437813
0.583253175817435	0.303635376955792
0.428884876273104	0.172685936510533
0.528682581141575	0.304648989317178
0.768805855444616	0.456640737141498
0.670521006679873	0.313565928273777
1.08129647352047	1.46882310872244
0.578607020541945	0.557704575509319
0.410409508303292	0.310339826448049
0.128606999596073	0.0551462037161714
0.527165607687455	0.302930537131423
0.340922485782012	0.17083254012451
-0.57556123462198	0.797164964354263
0.406487760496338	0.475184243034041
0.493099838019687	0.577988250756862
0.712392143786405	0.591267268295054
-0.328512567410627	0.152882934099669
-0.997475051090468	0.500772502167631
-1.02494622921382	0.939842893064558
-0.081617852384437	0.0361388819432353
-0.788010854383733	0.348646522023297
0.1614642142034	0.109824468037727
0.620759963038738	0.652893362288099
-0.80426431480206	0.770495942363814
0.629504302785987	0.443510147859921
-0.516028975455325	0.596327761149895
-0.887297441690488	0.975496378529537
0.429294208788215	0.486599426168861
0.699501925320967	0.952754522685362
-0.727979901228944	0.757792095920815
-0.203205498768127	0.180615988666378
0.165651679550711	0.142173078797584
0.171316873945161	0.135695129131331
0.486856614198536	0.513969655650851
-0.0665880627893655	0.0425531517260902
0.236515542651292	0.228136298459241
0.1625741498057	0.119889215836602
0.0197553053460445	0.0114181353410691
-0.419206492400939	0.240739672467485
-1.37297798421812	1.40134183206468
-0.427504998086941	0.302037328590379
0.266757216440693	0.207397277392742
-0.524346765506373	0.491665258708994
-0.173113540816949	0.120158718682377
-0.0956526515483877	0.0594145725259751
-0.801462177656624	0.823780020533107
-0.201580908420693	0.136778985383552
0.892957828482172	0.771419828418284
1.46078749016487	1.46459751547544
-1.23847935420073	0.941585738011641
1.0216909072254	0.38745924007158
-0.079515907274068	0.0352711953292249
0.583829596358927	0.303277371297093
0.765759604151231	0.4550179422279
0.588520653910157	0.304993255776342
1.04082431687872	0.504549442062946
0.127222675433409	0.0431873188523152
0.375593549961275	0.168728453298068
0.367520125992465	0.16470162537914
0.131103414420957	0.0563135018124023
0.143397297243698	0.081992152640904
0.441772550354033	0.297133908929363
1.04849182639768	0.509718584989272
0.424022201395613	0.322194549838967
-0.00142284349443852	0.000954188348916665
0.00493736680130166	0.00259042692409921
0.539365924366438	0.310739636411353
-0.0832062228482767	0.063872937954026
-0.0304809497242122	0.024533866185008
0.333599836721675	0.316579565618037
0.980234787212108	0.798094679285318
0.839718772089458	0.616017220057218
-0.606488045110693	0.606036804641427
0.296868586638998	0.177749491774733
1.64068562873214	1.54081033141705
0.259423284935771	0.200459075284633
-0.0828951382425056	0.0621219617452097
0.291107135305556	0.187721723954903
-0.987560180016346	1.40642176954662
0.247102462574362	0.222994776914129
0.0687746178747135	0.048140980122762
-0.0657229484877915	0.0510723591901449
-0.334887076817476	0.304782141604005
-0.867750896507814	1.00698682424
-0.326013441516696	0.270798571640925
-0.196514424835676	0.173668683001467
-0.472808506835069	0.446440523728666
0.33747070757972	0.310641451659066
0.0146570727502811	0.0107732391143522
-0.887485009143168	0.974983579752466
0.454659098012794	0.307838019828116
-0.260579739738416	0.132129303607183
-0.00511632165770854	0.002664333090644
0.659298616632386	0.569867021431582
-0.521398959744803	0.400912610516224
0.131533257591238	0.0692439174181151
0.662705967963651	0.574766046447941
-0.24065502477549	0.159127173419852
0.0773133172495088	0.0560482047833871
-0.245040444318674	0.16237037309344
0.405905555062879	0.306404133610789
0.628693404276016	0.442512186491772
0.428884876273104	0.172685936510533
-1.36796287727473	1.14759751389151
0.929417895824023	0.624507068343441
0.375877720199591	0.169013848826421
-0.128428955281552	0.0772972005134083
1.01913264922984	0.38618919405726
0.768943537937231	0.458215666564665
0.676910781112861	0.316879457877734
1.08727888596449	0.82187760906779
0.818264403417831	0.738038325815098
0.668895581662762	0.313071197758582
0.773380257354875	0.728345211479144
-1.00472350568432	0.505616592159781
-0.816962552596622	0.547016997135493
0.66811171096078	0.312502608734609
0.567574584702745	1.0174587550868
0.376855003758591	0.468491220457602
0.386876688701452	0.541799003284682
0.769562372743214	1.15607211459449
1.03128463907645	1.09162230043324
-0.129787589105425	0.0781609247813671
0.12406017577192	0.0532801367426926
0.127368387880844	0.0487264991670796
0.335019133812588	0.167438875167252
1.0221273100189	0.38678380018213
1.55696420831307	0.775501814514124
-0.414843293702639	0.1757531596619
-1.15439361670696	0.354342573020678
0.45444593393026	0.308110583127324
0.132055846316588	0.0447762654002208
0.140458165206262	0.0418615852654621
-0.357203779320841	0.218338557174873
-0.186626183250771	0.193439557477482
-0.172343212080911	0.246571764961699
0.178909582173967	0.183077297685074
-0.0708175539426081	0.0677705693932977
0.0840098859536054	0.0680687992686691
-0.58524745065459	0.665739174629314
-0.46381579591351	0.510530733582142
-0.208596374605746	0.181522880030589
0.477690588256037	0.299515414496379
0.547921600702736	0.43431069594032
-0.49322330073302	0.426144433309924
-0.353540495230843	0.493005324698575
0.169778796525264	0.134216397918315
-0.14236810578033	0.101160267973534
0.757517223473365	0.448327903353094
0.800885599752655	0.336516454156011
0.932444120238111	0.244842742206832
0.876687850516865	0.470864369567038
0.690406246999979	1.08286621699189
-0.41912895747232	0.240406899279093
0.669203698295707	0.312886079456326
-0.996951852885058	0.500309713813726
0.600205086031417	0.559587145561832
-0.252165069452567	0.167650588542186
0.00293213675872816	0.00151893240854263
0.672932319558158	0.315270459352306
-0.412401679022686	0.1743622029642
1.43463558957201	0.476840630255681
0.932829613639135	0.244963311679429
0.512350271865968	0.184252494024572
1.76049147763761	0.986300053421805
3.25676960114744	1.10310692759313
-3.76396710128731	1.51165110521982
0.139373629020068	0.0264474830594518
1.04769431158737	0.50900657345443
1.26406163399115	0.696899566976055
-0.167443831401717	0.0609707855596089
1.03159215740851	1.09110110946793
0.276183533353554	0.309304772016241
0.0198955098735727	0.01152121675265
0.128897445003354	0.0552801809202354
-0.0648586944297682	0.0566516295026968
0.300735103919914	0.19433650194122
0.444570466955177	0.628987567507459
1.32243752561979	1.39656929215256
0.306226237308824	0.168136495806583
1.55347727946598	0.773183811517379
2.34287085894135	1.17891344564012
1.01830704707751	0.385838023767281
-0.325353119980707	0.151281894201858
-0.538714119684408	0.206903909568311
-2.58478470503525	0.675813541092272
0.518450152205961	0.186308129624229
0.150811911928388	0.0923154012718103
0.0348334517912668	0.0279755616259727
0.055371459554983	0.0650845197449582
0.266556227929485	0.28946470539762
0.336434640236339	0.399235052271858
-0.624038894975858	0.519656810409301
0.770839539558324	0.725712257472049
-0.0543080926404747	0.0419622707445055
0.258794061374324	0.200105097711065
-0.124888230285058	0.050215195380074
-0.232817046683503	0.076320654332776
0.428955776701867	0.308123334271961
-0.139866563791249	0.155133598535915
0.0072689641342674	0.00378442716758549
-1.0449372111498	0.420548668733196
-0.740369846039464	0.257039463862401
-0.809989203905682	0.446628653615682
-0.177260974651601	0.064384923668656
-0.0510687668826406	0.0245739979863688
0.611950373832127	0.798672839592787
0.476851040507205	0.298815749810672
1.04047466115686	0.5035241011318
2.10051794173385	0.942924711508684
2.10910728787388	3.71282132434742
0.119870775452816	0.0458419996163068
0.322571015851211	0.178261457940429
-0.420190196688643	0.178025498501268
1.04714491608127	0.508623915304983
2.74700474235958	0.773735225227364
3.92309059860542	1.72743139836869
0.14103192177006	0.0419706320314239
1.02028601783919	0.386776796263063
0.431033069519722	0.173555585006391
0.650444653728205	0.206870989076807
0.881286403279908	0.474171043642113
0.554483443633504	0.62191656284122
0.887441779161316	0.766342714431023
0.426255170344838	0.171173986410682
0.142206421270329	0.0359541333965371
0.65414904119533	0.208020876626531
0.676396224252286	0.31663611417973
0.776397061431951	0.462990445493714
3.25676960114744	1.10310692759313
2.89481423819298	1.95413834321866
-0.742419833798786	0.258214778445979
-0.363074920327927	0.105749762822137
0.931565691852841	0.244293555241305
-1.00444860123223	0.506172705694347
-1.04189216281964	0.418924226052755
3.25219401652934	1.09882975306147
0.590596564020393	0.307725128475314
0.166140743832256	0.165529220843848
0.185255717882635	0.303086652958896
0.065682494940351	0.0603589445205647
-0.10829849830331	0.111425608239273
0.778980515550324	0.93022655134309
-0.366728623432417	0.300994933176609
0.560263897431557	0.630784471560686
-0.306901125640395	0.282710719329925
-0.238048417060954	0.0780891030505443
0.461261884209786	0.312801040804363
1.08956000883057	1.48000485983604
0.00364018299037619	0.00373568921632939
-0.511540845871858	0.272261220085654
0.801714657256735	0.337060528420653
0.665108365498927	0.310556004699303
-0.247180437251904	0.0809195562765353
-1.04843348997268	0.42268378687421
0.449740793265576	0.304469487751762
-0.323850038679855	0.322612757361116
-0.533557645822484	0.204456510973878
-0.124064151874363	0.0499563084162275
-1.15439361670696	0.354342573020678
-0.452553310954319	0.355362410113842
0.885814780397653	0.476941286014485
0.291742601920864	0.188264592513655
-3.08953695583634	0.959084825597379
0.932829613639135	0.244963311679429
0.126205198575887	0.0603818643082294
0.514659313486759	0.185330599053687
0.128721026665129	0.0491325184702099
0.591480271858473	0.307867446110611
-1.86100790954738	1.72358552367433
0.582263873693322	0.30247836051595
0.636259508720572	0.57583828105257
-0.426272246109255	0.245212191334002
0.137209797477049	0.0464410009267909
1.2550848070177	0.693178123428776
0.521890046532531	0.299979052388576
0.316822781248864	0.174577010519015
0.130876868199433	0.0500409830206624
0.669203698295707	0.312886079456326
-0.945192976597689	0.701752701457153
0.26549580353027	0.198018345854196
-0.00228385054918095	0.00184932796396164
-0.415345364974747	0.43609435688909
0.0120650022581115	0.0104483776474419
-0.0378611504500629	0.0305872478276012
0.820791223650079	0.86023970390118
0.0970010253624823	0.0794747545529203
-0.0158671707731703	0.0110026552128146
0.417069277169489	0.424568082200399
0.826405155099	0.971825409761518
0.526221511971464	0.435959273247488
0.429885250474076	0.415303504022619
0.355821446780702	0.386181244092131
0.0645741508199047	0.045003891329493
0.157298551421694	0.101763420398854
0.77165864294163	0.459930243009332
0.123640608666328	0.0473064541364208
0.125153170270964	0.0537093274797087
-0.358158766203756	0.219072508372372
-0.108518383609233	0.090641941672574
0.00548660010168059	0.00345451222987525
0.588827821599834	0.306581808237182
0.762143771710756	0.595266097701804
-0.0590224271448234	0.038692121910294
-0.998562555825787	1.00574995104441
0.639719004306273	0.452602717158667
0.882580948043583	0.474988014574411
0.809011166414321	0.3407453913173
0.48121807889433	0.302085975768725
0.41728911640007	0.167239811045235
1.10630119187058	1.1242486009542
-0.121304558309684	0.0488871655410963
0.803413969531267	0.33795722026847
2.38835870584324	2.0313219781856
-0.626932428513016	0.522742766979098
0.838623549051767	0.616261842505013
0.142525265277937	0.0814854115176185
0.881209925149689	0.47392028017938
0.76877505810755	0.604086886017677
-0.261496826355715	0.132454340081604
0.932664846450677	0.629179705841584
1.21983737402985	1.34038390796124
-0.512802679675692	0.272811543895646
0.145576470978578	0.0831528002212904
-0.0157304411667579	0.00819502780055982
0.478464437970624	0.300594962735016
0.670364378172694	0.583761080060254
0.891420068473603	1.10661444326798
-0.508014720052232	0.270071788281819
0.00228902383116197	0.0012028470653277
-0.134446285121795	0.109153360725538
0.0359149201280388	0.0219293967668975
-0.334660422834524	0.304676346514574
-0.15457811062961	0.110487160185826
-0.373274882078186	0.337262873987851
-0.355232336001347	0.257330240710974
-0.335214662327206	0.305593068629329
-0.812725525444709	0.841812910757896
-0.159369288291148	0.114235364780016
0.0629295619486386	0.0423674845709996
0.26841854666441	0.216746830392301
-0.816583364729617	0.547063708324249
0.692747096459261	0.452970723767735
-0.419105204222685	0.177722426333996
-1.25115861293599	0.956520476613314
-0.456016286760323	0.358465077750125
0.308256464464056	0.169594161433172
0.331873036748576	0.165307346375993
-0.424302852751071	0.244044023750557
0.580938325169912	0.435728477750259
0.530740892181364	0.440309631323628
0.759946715278673	0.593989689680408
0.152445711890051	0.0985773967341238
1.04161868378568	0.50491356149762
2.54405181873108	1.41563589394824
0.652800991167172	0.207004492672909
1.01881061691072	0.386619941894425
0.12606729238187	0.0541806287370635
0.769191660916296	0.604311936128514
0.933468842535967	0.629477308633037
0.68909570356792	0.450009514471468
1.31155757880574	0.575397722991523
0.301273541984543	0.194901622390581
0.459126592870336	0.311593173840202
1.07017268560329	0.653550292662147
-1.06480537623955	0.866568338248985
-0.129918778313023	0.0780488955852083
0.893190997370668	0.774432603500219
-0.0548776376704301	0.0263607922975619
0.29192965180698	0.187783764557001
0.61148782238669	0.572982017136716
-0.270471410794736	0.205022510517186
-0.364467357713491	0.22295852439473
0.48031109942909	0.428133951147812
0.52975909784793	0.440186171164444
-0.0937769450361022	0.0806001999775356
-0.0559047420135745	0.0431793007823123
-0.451962803782766	0.397966068397734
-0.328121262780666	0.297397127928691
0.0737374015683328	0.0533761839848389
0.0914494296634851	0.0709719974281225
-0.50175914607546	0.550221922449837
0.306940285540547	0.18458164099003
0.169369696148634	0.120459371642731
-0.0346963338513678	0.02326769310295
-0.364761172407674	0.265055046347824
-0.485555763021324	0.329989647390075
0.023703881215136	0.0136427957034433
-0.36720937778685	0.330709293947099
-0.130024862027524	0.0782442460536202
0.297992450392913	0.178644545141252
-0.074477767199229	0.0477020428276908
-0.0271543413348513	0.0138937464688908
0.464015341436582	0.425715522673187
-1.28473660378223	1.42311241327265
2.82831674673411	3.29920206051021
0.772287060273211	0.728506742665175
0.925729648681419	0.621845967229416
2.11064372566916	1.46853869152333
1.45499366345005	1.45696984128089
0.583061486658868	0.302968243382615
0.14311796249796	0.0361933240878638
1.31353227787851	0.576480757103141
1.02060878637423	0.387301323550052
0.936401569876498	0.245675339056074
0.808735099625213	0.340276908081127
1.01830704707751	0.385838023767281
-0.0857432064924748	0.0379580638870085
0.586133830909816	0.442204588775541
0.818347398788116	0.856548180004333
0.587526620559643	0.442393525175988
0.909214420142723	1.01509346101393
0.50262023725137	0.433636377474115
0.00453224476833018	0.00237882325624037
1.10481072221494	0.987270425920066
-0.0757926827148375	0.0485657290165839
0.272148402258916	0.227398725289638
-0.239667823881339	0.185157372871371
-0.607057126218449	0.45242848579356
0.338452141463356	0.312337510817259
0.349428090040776	0.303717440716513
-0.152036617278506	0.108725635507016
0.274057572959492	0.214116586076717
-0.0980421711557715	0.0830010377636609
-0.742168557394983	0.876001441819079
0.0855861539593494	0.0696730884415975
-0.608708187657135	0.734551418505494
-0.108648996037926	0.0804779385724545
-0.542539769779078	0.457103288522668
0.893299898318755	0.773374658177398
0.880270695426297	0.897838541456433
-0.348071873175698	0.212277115055827
-0.409763708704338	0.173063603492995
0.0447010881752858	0.0287438879127286
0.687089652653302	0.447623122389817
-0.597174228297462	0.443747031351893
-0.251432371249517	0.166971921716126
-0.160738777409609	0.0924608237976326
0.835296527453367	0.759886534317597
1.04002906383149	0.503996705620562
0.0602766283784769	0.0404673181009711
-0.815247496922606	0.636517957056218
0.68473900987712	0.445653931177374
0.433954647143081	0.174597287039438
1.31118731400187	0.576162678907346
0.513791165711859	0.185017905562863
1.01376143507651	0.958368542185082
0.767380841201851	0.456541523097557
0.77340759204325	0.461297043232579
2.72478899231874	1.67702941617437
0.650086353252472	0.206202657488722
0.500872832716147	0.179613727366856
0.428630934573171	0.172329760022819
0.50458600582036	0.181242123664178
3.62943539911313	1.43554672159634
0.932444120238111	0.244842742206832
1.4340475611343	0.891668440261179
0.131029538502094	0.0444244541563046
0.321191563707171	0.177600319936824
0.581351702403284	0.301866705217721
-0.0509501415288986	0.0244770370817886
1.55404320465251	0.772941647643092
0.421383635761188	0.169092436229918
0.314759567714184	0.173341345651385
0.309148380925378	0.170104290664901
0.768637074359308	0.457853056401832
0.704418420615269	0.582274374378104
2.54859581426076	1.41840488489132
1.04557188016202	0.50751321134606
1.25870082986512	0.692982022953797
0.808014555014014	0.340242153110097
1.0200314996791	0.386398513169522
0.511447846039878	0.183898335950935
0.585419725717184	0.304820371771566
0.670261397806108	0.312920763191569
0.884523445757304	0.475849452123069
1.21336350245416	1.01585626246522
0.430142574967938	0.309695293948343
0.04752854500822	0.0401319642139668
-1.5081031271544	0.776833803061459
0.371278595961925	0.166743904522789
-0.419105204222685	0.177722426333996
-0.264311910810108	0.133946176282412
-0.0258056115251636	0.0132253928380218
0.772064763196013	0.82656883881708
-0.760991643374204	1.21018501720837
-0.127402035286976	0.118542478907256
-0.0404319975944705	0.0357873867190067
-0.0637745193357066	0.0495213359139422
0.0879244718504837	0.0641294791281448
0.30589884618459	0.308245137156954
0.568128139435493	0.69140086008041
-0.0278516520319942	0.0190110922650271
-0.484917554332925	0.416192853030551
-0.215708509619357	0.18882199089673
0.214922153260921	0.212475715374011
0.0339326968306687	0.020788712938888
0.137581076747572	0.0783539394886516
-2.65135544923114	1.64926091899801
0.345212005646327	0.172732977532952
0.129294713966626	0.0493809262988417
-0.132366993992601	0.0796986533061798
-0.0353916456943405	0.0281447999082176
-0.296896499985272	0.190530333467086
-0.81468348292415	0.450209613387948
-1.0049723971438	0.506574590675267
0.0154436694447398	0.011354043271646
-0.810877145480449	0.777951815315619
-0.360368032639965	0.262093590794495
-0.747630638147624	0.259859955972283
0.582456807933657	0.303197115458259
0.805769324127157	0.339679478238357
-1.15253539705602	0.353154418604941
2.10051794173385	0.942924711508684
2.09433789137339	0.936812512867778
-1.5360848806456	0.555230368935604
0.12579104349061	0.0480783438748669
0.145145665393506	0.0430929431178775
0.767855933135546	0.456922042406796
1.04973688145316	0.507966377565737
-0.953442671795355	0.709224562934947
0.69536722636227	0.455154672966584
-1.49528701971473	1.05436693794557
-0.415367264171831	0.176060665426675
0.120853079986566	0.0518132311403125
0.93357873346762	0.629157097920762
-0.542142876918705	0.208312018224663
2.10069906319478	1.46068747963263
0.435688971568745	0.314165904393507
0.445834436617323	0.300926102515585
1.23045548769499	0.848987615586173
0.425483209780123	0.171231898189555
1.43554514923892	0.477898562880183
0.147135239147529	0.0435839099617654
-1.00042418877359	0.503131793040766
0.430233238224466	0.173265323266744
2.09276253598417	0.936728533565338
0.872372855861812	0.467270445317
-0.812522938230596	0.544554421485194
0.693258168363725	0.453647593911967
1.55612733581797	0.775358257473659
1.55501737702822	0.775774035017368
0.533740432602475	0.307654205463292
-0.352817375919411	0.215119829078715
1.55585578875958	0.776687781318743
1.02111307473612	0.386556758838255
1.08173414957904	0.818061584478659
0.684538565007703	0.445281212341009
1.22815235223886	0.847785496989306
-0.415367264171831	0.176060665426675
0.126055033315872	0.048233813434077
0.343323478769832	0.172022552740681
0.720708421567693	0.600131382742211
0.37262170263716	0.167157964409165
0.875301060867184	0.469614683272209
0.431033069519722	0.173555585006391
-0.710378206679215	0.574831369064656
-0.34022363015298	0.334950074276153
0.0334494484072934	0.0314077000998895
0.0296014016739797	0.0237282615125688
0.597980142468009	0.557151524805633
1.09544572223902	0.980214708754687
-0.0973795892331574	0.0734546693241616
0.581061005691586	0.782375431664168
-0.267738554973903	0.202491503236713
-0.674791526065676	0.405274095992817
-1.24906884319548	0.957481398405293
1.60858908133602	1.12393534899285
-0.120799851784789	0.0487069127433155
0.300586802337338	0.180617232028556
0.181656637220094	0.17261231848263
-0.627271651111178	0.30471867167267
-0.128708684853886	0.0774564174056622
-0.811937542523988	0.448511204429345
0.487751430045565	0.515485707414935
0.558575050269302	0.444498125888038
-0.816746033128122	0.548947748682212
-0.970170958245392	0.601386390493854
-1.00071253580956	0.502391908964939
1.94275657918988	1.21869028381565
0.933710809861868	0.244826616527384
-0.128652153224642	0.0516548985026253
0.130466375560179	0.0441955664955123
1.04849182639768	0.509718584989272
0.513791165711859	0.185017905562863
0.147135239147529	0.0435839099617654
0.341868407701362	0.171233077090058
-0.213108702604764	0.1160640274711
-0.167109755502257	0.0963176965849775
0.122944079655302	0.052782961192424
-0.942711083537745	0.69878414220021
-0.785979855707481	0.34735595560074
0.554605541531429	0.439634685052174
0.303366857030662	0.182241929428676
0.334024517723194	0.16699606941101
0.690215194552258	0.451467901704678
0.129990833505128	0.0557830178829073
0.837352176099966	0.614687398953535
0.425579414961682	0.305475735648357
1.05955666857317	0.645200330951855
0.871865582117478	0.466459540367629
0.140278152655359	0.0417161885567244
0.658415805909945	0.20861395126512
-0.78918254545158	0.348950710156185
0.879827832374765	0.473002564713481
0.425961192082242	0.171382412553361
0.928481199205008	0.243805258274956
-1.00846605927864	0.507906940676498
0.425961192082242	0.171382412553361
-0.118383339275328	0.0476570875994882
1.93526014043643	1.20792977232801
0.836652544727875	0.614219006360624
0.878829699673846	0.471757404673678
1.02640136155337	0.389250316085842
1.75716215128385	0.984562858809481
0.667584112949368	0.312199796382596
-0.078100729056418	0.0346291967555931
0.932829613639135	0.244963311679429
0.927457169285199	0.620274143026159
0.430233238224466	0.173265323266744
-2.58428653566473	0.675727611967995
1.43735533624695	0.895577261643264
0.141686950510094	0.0421288595298015
0.134834802112273	0.0455883408616065
0.367756312537484	0.164917584080915
0.255407106535487	0.296013839528834
-0.0854251761604191	0.0378431603717914
0.877251546132768	0.470203510037352
1.43554514923892	0.477898562880183
-2.09395506210174	0.969018034533993
-1.29344278343992	0.590245914120149
-0.667747039579903	0.398952896566382
1.43882340562666	0.478615560848155
-0.167989696665473	0.0612306831168572
-0.260217735858802	0.132041011967463
0.282910152580906	0.286146571854922
-0.192570020250937	0.274558013236313
-0.0813711835276514	0.0705659598435479
0.167556168428714	0.132380906761665
0.0833657856682107	0.0625522394660814
-0.146024631621261	0.10385562643044
0.668558755897305	0.311815008651269
-0.409705883100921	0.172925054713072
3.62653315041301	1.43316175170825
-0.262677747700059	0.133160093281085
0.241409438383438	0.277392221466147
0.375026250762712	0.168444419353064
0.876458455654635	0.47031870954107
0.142836544444112	0.0424005568045196
-0.249691098338903	0.211211336101343
-0.205980874217992	0.140477021263615
0.160755940028472	0.109478313883909
-0.167734705918524	0.0611523983971872
-1.15895089420025	0.355454865791994
0.139373629020068	0.0264474830594518
-1.80379071234984	0.398266610487963
-0.999109679756036	0.50221030256292
0.141726775817505	0.0358473898154438
1.43882340562666	0.478615560848155
-0.363305030281797	0.105822190302149
0.589314961272051	0.307055679365578
0.131403007248952	0.0502411654303301
-0.3572386156728	0.258799555608657
-0.701738589209388	0.501158329009767
-0.164257805055989	0.0944096718022593
0.590932375351859	0.446028995087072
-0.207800138105071	0.113410652726812
-0.0474390608857944	0.0310678801180294
-0.0480929161682452	0.0231469363332814
0.136820889480989	0.0779632163366155
-0.716806050746435	0.641908425383086
0.407127405166248	0.306463351880336
-0.163797100135489	0.0943379303821242
-0.418000077764444	0.239311691788789
-0.215158777287921	0.11752438915976
1.75875629914717	0.986838518601168
0.145721737644136	0.0432014390679942
-1.807243397525	0.398882182291443
-1.50515775706551	0.773632562902453
0.509435415274993	0.183330389793874
0.147211981908801	0.0371529932006973
-2.58428653566473	0.675727611967995
3.62849380145916	1.43519617024906
-0.534955549485768	0.20533826801366
0.626016547174509	0.44082780606297
-1.49180555012535	1.04931961890956
0.342964003254572	0.171806862943632
0.839816252661062	0.615465447238584
1.59826657776466	1.11447539774335
-0.92468748368624	0.785904288112362
0.130350616233331	0.0498203134879727
1.31381382996212	0.576020696597725
0.623331994708926	0.437912500658403
1.76594373027782	0.990847446672898
1.55965785379346	0.778082411244399
0.885030405097769	0.476402560264289
0.132055846316588	0.0447762654002208
1.06048420605397	0.648388264357816
-0.367917894368281	0.107101339671787
0.577911395568339	0.300052211850067
3.16418647424834	2.56828035209837
0.421766683738154	0.169549998799388
-0.0863690925012887	0.0382537768846042
1.04557188016202	0.50751321134606
0.166755939502508	0.1230485297636
1.76049147763761	0.986300053421805
0.768468892705089	0.457572730208444
0.930126803306899	0.623948821747289
0.128350501127829	0.043512403302682
0.578198367883177	0.300213667840215
1.74473453646024	1.35382484950648
-1.5375444255416	0.556007810250909
-2.25420746193521	1.90721423207709
-0.118205350485196	0.0476614114297141
0.514363083274015	0.184986043370105
0.123640608666328	0.0473064541364208
0.0620972476243696	0.0417925002487076
-0.358962831733486	0.357453076919904
1.11760410742375	1.99213660883899
0.166355242931287	0.12723199372853
-0.166115155850936	0.0958677484952514
0.299099494968656	0.192962341456805
0.631510080844673	0.444998295669556
0.126517546083663	0.0482804972345693
-1.18598523004556	0.672531822676205
-0.00266352490483939	0.00193516470286759
1.45140577581762	1.45089302365662
-1.50581511931442	1.06252096056008
1.05819075620274	0.644846111339314
-0.131480571230448	0.0791334161273519
-0.101016279741259	0.0628871864799822
-0.103189763286254	0.0643248397041904
0.420564830185675	0.1687012908538
0.877751613062348	0.471944156412253
1.0186324361341	0.385926866869133
0.1413598194657	0.0421025960431846
1.55501737702822	0.775774035017368
1.43328619377867	0.475825500287185
0.513494339007861	0.184455433484267
0.139556940401302	0.0415648034416572
-0.164339324198145	0.0599109386152847
-0.300807720404589	0.192985883345916
-0.675698612107758	0.406426848048847
0.141025049871822	0.0805782650954042
0.127435718153879	0.0609544813817787
-0.479046388001753	0.324060474362455
0.425961192082242	0.171382412553361
0.591395593379948	0.447089714719564
-0.428997998938882	0.181628312381446
0.885030405097769	0.476402560264289
-0.0315443570400306	0.0160611946111238
0.675342626755929	0.31601997026286
0.298972165262144	0.193216881753011
0.471801683104024	0.294765886086177
0.130350616233331	0.0498203134879727
-0.512531933435273	0.271768572051316
-1.0424602576406	0.419767093556931
0.805356636757215	0.338552769608185
-1.05358159006348	0.423921348895945
-1.5140492461092	0.779149142028036
-0.363074920327927	0.105749762822137
-1.0424602576406	0.419767093556931
-1.04864471181644	0.421156046942363
-2.0041388132742	1.4131593127944
-0.170657202371693	0.0621653392334387
-0.813714676913285	0.450036257810427
0.299721265912911	0.180016394501858
0.763806158291709	0.715945017907716
3.9269871417736	1.72604412293863
2.74534949223189	0.773319630917041
1.43602101245823	0.478148523404795
0.653242855413462	0.207522075223881
1.02259212061632	0.388312776500153
2.10286368043863	0.942244458681702
1.30777883892102	0.573295283481806
-0.358820522080737	0.104443282865586
0.936401569876498	0.245675339056074
0.657867026628534	0.208713496770991
1.80409513671821	0.707822997900645
0.650991162239829	0.206772040177897
1.43602101245823	0.478148523404795
4.16138462109116	2.00238958514433
-1.29742468940065	0.593905209910399
-0.122184114556964	0.0492063967765336
0.379034183523999	0.471836892435744
1.04429005735424	0.506486200775635
0.135571700409456	0.0404808758649131
-3.77258088564468	1.51281229482079
2.09613747448195	0.939740505768579
0.935515179855096	0.245440180005837
-1.15300618747366	0.353816991053109
-0.357909997986639	0.104187393238945
0.140184451576725	0.0265585662587612
-0.165691341247652	0.0603002900840328
-1.80368476738292	0.398254084963023
-0.367370736590504	0.106848889573284
-1.45332525532041	1.57127496847797
0.169659791113116	0.169336125938546
-0.0259017712182275	0.0367808126830049
0.0681573463089865	0.0650276219193629
0.521829784085842	0.299196505768179
-0.26179021789719	0.196883161615415
1.43554514923892	0.477898562880183
0.13912027261828	0.0264101516649031
0.576716616800913	0.298441655124322
0.495203018591468	0.661231315618466
1.01881061691072	0.386619941894425
0.671617393759094	0.31428154536115
2.34494472236283	1.17920351477426
-0.403915045147716	0.359400349735322
-0.261075733333482	0.132566393623836
0.405391721433225	0.306116256773647
0.508567167120095	0.182768045936491
-3.09370472754254	0.961571400894305
-1.807243397525	0.398882182291443
1.95062146582611	0.454190159391569
-0.640820070260403	0.156173374069777
0.139930142590356	0.0265210820862786
4.16418011114208	2.00240617595007
0.652695254572546	0.207024892635355
-0.787728047938903	0.348330616606787
-0.570645880013019	0.367763538985882
-0.725640539824506	0.651640725141555
-0.357231637907689	0.291271857959193
0.041799652883421	0.0268388457208091
0.289193686210707	0.197883269191516
-1.02028965069568	0.932440501145982
0.737223142224005	0.810239642163665
0.164914571473335	0.130128277498774
0.161880309150178	0.110253093227635
0.414273302610171	0.410103859505595
0.658949085644156	0.677816912935072
-0.043284027734479	0.0345222545163067
-0.801045360647863	0.825322912093572
0.0146080326854269	0.00849830003184651
-0.163534484401185	0.0596231662713251
2.54702436961341	1.41996679520183
1.4406577565604	0.479253975897627
2.74877977095104	0.77489585677119
0.509139648815982	0.183001422100664
2.74617618045436	0.774720201883077
-1.15392338036234	0.354212278509058
-0.238535498919549	0.0782368452146959
0.136156966750329	0.025975077128062
-1.00687613150694	0.505951536888022
1.21336350245416	1.01585626246522
0.13329387395159	0.0508544095046093
0.424686162586357	0.17084869480222
0.250076376205679	0.231605231336906
0.625329864815518	0.949873500176364
0.512726693567501	0.184215879834536
1.37551847246982	1.05940783150147
-0.512210393105524	0.272112497617259
-0.257766257656852	0.130593069898911
1.60574320404846	1.12152613973547
-1.6304712130631	1.27083794996585
1.02697965062158	0.388934365978234
1.21328504658082	1.01288245040464
1.2558676521381	0.693882064620264
0.425412613553604	0.171082204341707
0.139287016282452	0.0794065587307691
-0.353349591079404	0.215883509484608
0.510875541395758	0.183928738190787
0.585893015266836	0.304286510952899
0.840722538170669	0.61591384405518
-0.425333634438135	0.24407833717264
2.11515719336378	2.15387077293835
-0.412080371437434	0.55250552428013
1.09719570205798	0.980416013218498
-1.53755404046157	0.554088122509819
-0.286618714552833	0.182716671779546
1.87574667161375	1.60504786126873
0.672082084811952	0.314450435705214
-0.114397417474736	0.0461317845792404
-1.69744748235304	0.977598762611975
0.844997005042216	0.620048276167016
0.122804691738757	0.0469618730681739
0.419618254784318	0.168333362933497
0.163650594420389	0.120714480023621
-0.360652702765901	0.373842328662807
-0.325956695132709	0.424658627299263
0.27617302896522	0.290534700427377
0.540081711722858	0.823462464556631
0.0973120677099733	0.081726989686671
0.503200760854748	0.520069608089413
0.241942259161514	0.217192766135406
0.13783494805858	0.0786629214993861
0.527181624434422	0.303873706938869
0.426923803271722	0.495093419359077
0.310806262267259	0.171360491709164
-0.327521567811061	0.296874117651663
0.766689607947444	0.909272481568371
-0.36900371042659	0.332983305328664
0.292903106757678	0.189096733101966
-1.52249880895778	0.782176202991848
0.805769324127157	0.339679478238357
3.62755366930347	1.43264967739041
1.01450480132645	0.384141080456392
0.424609350616232	0.170668515007686
-1.29372102355982	0.59176400453293
0.768162249016594	0.457472168467014
0.136149693891106	0.0406054953419776
-0.481691823137533	0.326847954754854
-0.434695837372207	0.249614977608663
0.81593160944379	0.851415684727409
-0.562848942836466	0.361897520981629
-0.12247362403796	0.0493446725033237
-1.18897362198673	0.675564151778305
0.452755676346	0.306389744755825
-0.533452606283931	0.502441587152221
0.288182939513031	0.207485099607397
0.421139472946927	0.404725172939025
-0.559315733448991	0.477187309946005
0.412461956699033	0.311893317188515
0.0705493327605868	0.051019452448813
0.431898636287848	0.309745714556537
-0.913309655682926	0.860857020207289
0.406586221796379	0.307079303562016
-0.00140465161234871	0.000696938433437473
0.303235898682152	0.181769854109345
0.759619057187128	0.449689912425257
-1.04672508023987	0.421388808602623
-1.29658388566081	0.592287523024036
1.0445501260137	0.507223237163481
0.803676101253231	0.338560822354516
-0.168882286622644	0.0614263520611943
0.281153385701806	0.202232923759205
-0.356497289868312	0.258578415922052
1.9435357940622	1.21941670515454
0.304535710206836	0.182878019398246
0.28667683126465	0.196158062451449
0.430822679955844	0.309758675235105
1.12201255453745	1.1466230023694
0.320110213399774	0.176819704123081
0.584351948748035	0.439928587765489
0.297751398448954	0.192300031243623
1.42502295032576	1.61155416680267
0.409086046174223	0.309274903410048
0.294453451209967	0.175934955377689
0.282462670796325	0.192546800311089
0.713505739959532	0.591506303153438
0.02146833951594	0.0123813163364942
0.135714375938121	0.0713490233639453
0.354890864648096	0.309843365422376
0.527520627348368	0.438288648016591
0.378790643620542	0.310281208902301
0.347682194894474	0.312725086757647
0.446249380221683	0.301071784285081
0.425829554790683	0.305922279120329
0.720623442901101	0.699231892773557
0.134059940999756	0.0706119559284494
0.430336227329787	0.309805099510863
-0.487109031741915	0.330397405335025
0.0346569311453939	0.0212179081680786
0.0318425185871401	0.0182891908368039
-0.0542858505987791	0.0355638347094768
1.00460418577601	0.946280152528787
0.971073139675298	0.790083410995128
0.0841414628757309	0.0612144994543705
1.04008668595803	1.60697684405601
-0.237839418297175	0.183392375543589
-1.29198458117993	1.43556667543685
0.572898323728327	0.549020883574333
0.828280855789029	1.12925468156043
0.319223261556926	0.316421315600338
0.303795275354795	0.305713635121825
0.737824355270895	1.0709914613228
0.0823380245797994	0.0598733870930222
0.807895779974218	1.03470593171199
0.15831392184976	0.116210108848798
0.242989436645522	0.212627021562969
0.389632664885225	0.319482569022089
0.306518572952118	0.184315329802673
0.707368759654319	0.586339862212269
0.580006887956595	0.434771766408993
0.482336337704966	0.505935221298186
-0.550594676409702	0.631443624681195
0.544158589980236	0.429331382253768
-0.0693484961623278	0.0443095590628001
0.767456981416916	0.603160908526762
-0.129172827442783	0.0775450727221444
0.370990958949596	0.16633533252547
0.344569203206856	0.1726551819544
0.874513952307573	0.469084640096652
0.296906919661463	0.177652455924366
0.126580946763741	0.0484205414565657
0.937510962766886	0.632453905695961
0.810138323016016	0.340824772340884
0.37211414114197	0.166982131110234
-0.414576507833295	0.175491106739159
-2.58428653566473	0.675727611967995
-3.76450171843679	1.51272854782687
0.14103192177006	0.0419706320314239
-0.333372300116353	0.15549695719915
-0.0527118658145739	0.0253496672301115
0.477607365998895	0.298813128052307
0.802668187105503	0.338057252899506
-0.411336703163519	0.174112307825355
0.126239101106392	0.0542789650402848
0.128606999596073	0.0551462037161714
0.14575993281085	0.0834298188868844
0.770198998039201	0.459187799080587
0.315594171719568	0.173873461823536
0.486225303556311	0.305995433067602
-0.810235170096758	0.447921924365261
-1.75043783133634	1.48954799616478
0.12845890519089	0.0491078051730474
-0.638050410338102	0.310118254964161
-0.570248191776858	0.368084857465797
0.2802623550574	0.201126268813004
-0.330702248892747	0.15403885315791
0.0287926673200327	0.0165476262980053
0.83778644997451	0.615141706979324
0.333817095059752	0.297512167362197
0.587971741696705	0.444008109285931
-0.484018701453793	0.328061548242445
0.770807328807645	0.825107481364077
0.497671982826468	0.427730024079175
-0.72842632568771	0.71037962899054
1.30743218783803	1.52915477488094
0.129527825842185	0.0620239939525968
0.52340095366661	0.433351400934776
0.29728882850484	0.192054901499672
0.513113866030197	0.443759838854288
0.157464129489751	0.107063082147925
0.464100601436752	0.314961529523222
-0.301456470349735	0.222537174661179
-0.0217506847833887	0.014850177287401
0.430868103099276	0.310407765909184
0.782006751646511	0.840726087704763
0.880211568040501	1.19286882434386
0.100176537434118	0.0842983037026291
-0.30011375730765	0.192529324139121
0.772007247493716	0.828442964824765
-0.45472334095718	0.357022447150741
1.22391638861377	0.843673668477193
-0.0177154722321568	0.00918671427008145
1.21088718110816	1.01142708364729
0.71443549926582	0.593412221362014
0.522521496047111	0.433240255075068
-0.0104085779640817	0.00723673769390905
0.663514956821262	0.573637598291991
0.903376917046493	1.00973341504104
0.00852035190424842	0.00630656142278159
0.0515249907780411	0.0436043524603092
0.157265272567423	0.130503444951802
0.652670188877816	0.670758883984202
0.308516104444586	0.30328595337832
0.246483042426021	0.222484744062943
-0.473925410609171	0.524695064991535
-0.395610409151949	0.487335223363837
0.423678297296824	0.408508997457253
0.177822274708052	0.175519974774299
0.686969990249739	1.07308027320112
0.566064269654504	0.68865425855553
0.716867706171281	1.09289192014657
0.299730476956441	0.308059934304556
0.707310690327036	0.868936905114565
0.820876170554695	0.858689533458636
0.418500184218579	0.317241104957389
0.675249058660294	0.775993098024005
0.619355584291291	0.650984722227561
-0.212034685055179	0.144755691272712
-0.817562933252464	0.548697231125822
0.633555306210581	0.447990247732638
0.94492514159432	0.932561927186249
-0.48407217613309	0.328129517147588
-0.626278549225889	0.304519980775598
1.0745068197758	0.657237919523368
-2.08945711423755	0.967729012291542
-0.625984455329668	0.30451398202405
-0.423131071867169	0.179320024632959
-0.542704791685888	0.208593778995558
0.482096553400905	0.302586011923905
1.31176150416243	0.575573951673107
0.517582841363913	0.186137922585082
-1.53327386150544	0.554071585244721
-0.631568377012149	0.307429315176704
-0.0240442266189825	0.0123482432289098
0.482871806127927	0.304130991470423
-0.825549042998274	0.555196031832008
-0.082407761567572	0.0364893697563982
-1.18568502707154	0.673236912976742
0.677963405218428	0.317495684213668
0.28928503257352	0.186396902669276
0.456970334054523	0.308885972177975
0.431809998481454	0.173543174400431
-0.413465078210899	0.291350616861084
0.895287481519163	0.775570428352671
-1.49645444902717	1.05747678608987
0.141239881913807	0.0803612006811594
-0.354439371080884	0.216778774237302
0.578822676696666	0.557662166894419
-0.645887340964306	0.589227375214625
0.430587917765028	0.309776899370912
0.772231562184601	0.827682023598436
-0.574180525130444	0.530180046018716
-0.0171237950203469	0.00888239157905878
-0.799840638375655	0.882030984942513
-0.499348599190029	0.432371020976046
-1.1632138075454	1.31411108601623
-0.316864988506181	0.236075490856691
0.54827416820753	0.541187741554162
0.689539667097498	0.45049687138408
0.835108000662815	0.610877413538336
-0.10018967403093	0.0623711504566562
0.073062910338055	0.0512009611467633
0.597337962973665	0.556734564679868
0.58526617959765	0.441345531203585
-0.183503857382159	0.145987297077232
0.298103037139005	0.192617426144424
-0.0917300416120079	0.0568842555914302
0.616844895891891	0.646605787134293
0.0384079153224742	0.0234644971881726
0.528896480523696	0.439424702142894
-0.811351795379104	0.710752045873725
-0.102323467959638	0.0755570423634084
0.56253356461019	0.447750707752811
1.32136368712174	1.39186412367924
-0.20824844386931	0.142058749671909
-0.291883895422592	0.186564199184086
-0.515959772977289	0.275013669296319
0.469333069557723	0.431759046842744
0.0283709975937828	0.0221696433612094
-0.415096339022348	0.464679753675013
0.288641853531103	0.207899070628118
0.439017464873655	0.412291997560381
-0.125580947648338	0.0912807483897655
1.00551234467954	1.65144264091738
-0.176252558452646	0.157364767973904
0.267425316394938	0.22319077231064
0.227740341441318	0.237396774215567
0.728092564072373	0.710021033807837
0.671580739332145	0.585253630510615
0.82293778928393	0.744891787975777
1.32313106150777	0.578859536921869
0.666489401463363	0.311075097187264
1.26010806773565	0.696373336398546
1.09935597267115	0.983459857581886
0.286880358728875	0.184634404867916
0.125438755776582	0.0539125712291976
0.671617393759094	0.31428154536115
0.510303034449659	0.183694667904733
0.581660334528542	0.302649637284012
-0.417475722920007	0.176801619375739
0.143337222216575	0.0426016228100372
0.428884876273104	0.172685936510533
-0.361622063644185	0.105340752849314
0.932444120238111	0.244842742206832
-0.743325166733626	0.258205235128744
0.134963271394922	0.0454040626637549
1.23183293232349	0.850249471494147
2.09761678300046	0.940719512481992
-1.368388901873	1.1476827332549
-0.808137245418341	0.445719479731865
0.137629205631816	0.0784137549499977
-0.696332865886431	0.494067306690927
0.147830247636335	0.0779348347736589
1.06189214944158	0.647846536791439
1.0720532845659	0.656659210999746
-0.256495548387	0.129932248741133
-0.264345626631133	0.134482207269924
-0.578753273931342	0.372475707080736
-1.11934864797194	1.10237083595258
-0.354937822427679	0.257034446934787
0.148260458989488	0.0781629647361042
-0.518728863314665	0.398376947748393
-0.0858970926150639	0.0380543051371307
2.00897192886722	1.89003944190449
1.56767539506458	1.69898255603601
0.631429386071778	0.668284024832923
-0.589984171745512	0.436349760963169
0.0861968760951254	0.0648446411777933
-0.433913972536493	0.249941219230558
-0.587272614344741	0.545878721377624
0.409511975299936	0.309203740141342
-0.802943994198025	0.766225331148619
-0.408298285660226	0.396240915404267
0.586214617928842	0.30531588979889
0.629708646481778	0.444891322549444
-0.513205197647236	0.392071352211956
0.572908706720599	0.549945965821381
-0.954844009083684	1.10210555376025
-1.20101700436582	0.680591096150544
-0.336124653049172	0.156724044159652
-0.721672390088289	0.586062106264222
-0.172479724875407	0.0996546448510469
0.396569026348681	0.398587376439559
0.0516395993823576	0.0332320382341487
1.25371629100524	0.691087358930325
0.395328314887285	0.312631084604016
-0.514490632127446	0.393762549332949
0.275483605749387	0.206634456048138
0.295908133823936	0.190676043176202
0.137628941184832	0.0784332234886674
1.09606030122861	0.979326450437698
0.452306395558724	0.305928487301386
0.282682017394223	0.202744671423352
0.0649355090042563	0.0453412591682222
0.831152429473651	0.756111098732679
0.228817269476754	0.238819901797403
0.166657486952155	0.11370949942237
0.128703916616638	0.0551892568108533
-0.281562677714223	0.285664818247728
0.774115298119634	0.831702853723784
0.000883423685814381	0.000474058003259312
0.0448050331129432	0.0377955670985347
0.693999750815679	0.875519508642044
-0.0512745671395028	0.0395677672390197
1.06376665328447	0.650646572566012
0.577090935143265	0.299144877301989
0.131073749311921	0.0689180851985822
-0.750117157055505	0.260345095813128
-0.086926786431106	0.0385126798942974
-0.123268639679827	0.0496614187106757
-0.335639829102268	0.156419014421404
0.426509628253346	0.171575902443478
0.12708393044821	0.0430466210562369
-0.167188873627767	0.0609436443586466
0.145913540346097	0.0367609236539561
-0.795941889014967	0.352582915736233
-0.812522938230596	0.544554421485194
0.135571700409456	0.0404808758649131
-0.117372225466347	0.0472598191570808
0.00322847135086785	0.00169643256167156
0.374521285990287	0.168240081697029
-0.160061280688517	0.0583136921813335
-0.260535594172838	0.13224844779826
0.475143304338668	0.297618795166016
-1.25199044787563	0.959746825581422
-0.814167169547774	0.545495330181795
0.582671829916528	0.302310530049239
0.126517413282581	0.0542784291940882
-0.713934810858314	0.579601674604202
0.127478278749746	0.0609668402790495
-0.0214929797611611	0.0110386403325875
-0.164209148095099	0.0946300359290445
0.823763120741744	0.862299390619039
-0.461500010949746	0.364170014885141
0.595367833702342	0.450279682619563
0.162805944607959	0.119990568984019
0.162352628720149	0.110647800473218
0.731083365582755	0.714137892816278
0.63013182543378	0.445387825900595
1.21018749509907	1.32622018679206
-0.289572505165535	0.184924081284186
0.257190801176679	0.205873269458551
0.160086852994264	0.11338931251899
0.658930463782651	0.569652267688532
0.274519897559041	0.214311739797684
-0.00192755483933935	0.00102278781077497
0.138978869484541	0.0732322759029268
0.838311271005864	0.614607750385122
0.384656896146765	0.302027371035442
2.38180717893912	2.02208453098505
-0.0269105179402709	0.013773761789298
0.986867573801253	1.17407761902208
0.770931674349806	1.0024631986176
0.692855098793436	0.694687848571363
0.296212205276774	0.177452592549816
0.525889496441115	0.436106938060027
0.146182281126937	0.0892986623479216
0.773478292726808	0.730431368777858
0.153770279048406	0.094183766453636
0.0709086425045194	0.0495799130414606
-0.745933625520518	1.16668213211989
-0.114056338335096	0.0956295953994167
0.768025921783518	0.821488232407144
-0.616660464203363	0.779292640724565
0.311906195838833	0.307113149114229
0.177355763551253	0.164373516012763
-0.140839885654392	0.127653919675603
0.267473683950589	0.23733096306929
0.110270486398825	0.0995960056861125
2.09703789272299	0.940172538936034
-0.51572927300789	0.274685149364042
1.93694286651053	1.20698004308547
1.80556115744	0.709204238553249
2.74617618045436	0.774720201883077
1.31410625822521	0.57783656828618
0.425483209780123	0.171231898189555
-2.49147613591662	1.41463001246942
-1.18548762585227	0.670669199283097
0.591966744278309	0.30818120031243
0.125792710466476	0.0480720739069019
-0.297705440565231	0.191146683797202
1.25958016502306	0.695917467871454
0.500660835037445	0.431611317258089
-0.354813276753149	0.217068158002034
-0.742753785982603	0.258086652205378
0.929070544913002	0.623485540551288
-0.118458300552698	0.0476887146360413
-0.517584958564377	0.275616890728423
-0.241453949883888	0.0791674426738944
1.74788352981395	1.35803321592848
-1.44802091689333	1.78696893625603
0.132277997369784	0.0752367679750892
0.675815123800668	0.316193629588926
0.626412013578561	0.564601859525375
0.583833694793855	0.439231877810291
-0.0688783451682708	0.0439902271548452
-0.134746838216963	0.0811774742115512
0.882189578549563	0.758352238048154
-0.3320813235788	0.154825471157972
0.518189790704226	0.297451992705291
-0.126545281345208	0.0760284355786099
-0.206953338836129	0.112917294697934
-0.730352536532812	0.71231438489231
-0.0199500397132367	0.0102982882266228
0.895697322119084	0.776109974963577
0.0505867714654574	0.0325452209438875
-0.171216038474099	0.11932514382947
-2.22084452399362	2.65682726184534
1.22565674138773	0.843927772407406
0.132007140388733	0.0694043394216956
-0.521160482587638	0.486707557661945
-0.12622779591874	0.0759260881515403
0.944086884465781	0.931261677663223
0.715429698018378	0.594663951018621
0.429260479909542	0.308750149184381
0.545811895937741	0.538562133342428
0.135161184673938	0.071057405098052
-0.970897196257489	0.603891982254358
1.59984483418568	1.11686155953308
0.517686273377275	0.296968717322552
-0.300053318091438	0.192454454232829
-0.97234860032593	1.4451522551065
-1.0862674661407	1.38325331470699
0.371487223416612	0.302595948830033
-1.12330452907959	1.57830005277845
0.0843847785562386	0.0633382028554905
-0.350038414952909	0.391501348516311
-0.768572074686394	1.01473179206228
-0.311062635457553	0.287543065593553
0.392588516088877	0.394850148325701
0.791889254122058	1.0892307313129
0.456081465553424	0.416982065482835
0.164385270251329	0.121281868106626
0.14318962959234	0.0818910481996451
1.43136906888478	0.888924826673553
1.22945297368795	0.848219007755662
1.31353227787851	0.576480757103141
0.145721737644136	0.0432014390679942
0.130086183242594	0.0497328022504383
0.669151543748022	0.313192415379282
-1.15394884803957	0.353566779644249
0.136471442907569	0.0407207925774643
-1.51173197464431	0.780308699730874
1.80556115744	0.709204238553249
-0.741276499011426	0.25781621104378
1.06034843041643	0.646273429592232
-0.0552122364937263	0.0264591690077796
-1.00043487315502	0.503226775995486
-0.705711078625696	0.569927717286497
1.05626523172798	0.511956075461983
-0.247519291264892	0.164344739564056
-1.49378179656824	1.05342064059327
0.33568028611463	0.167540590772004
-0.090730838385965	0.0399853019330856
0.130494608916524	0.0560445647659465
-0.0438219523818982	0.0211285407088659
0.519821521062253	0.298661001498203
-0.0858970926150639	0.0380543051371307
-0.0934770740205125	0.0580629852106104
-0.026393554887081	0.0134970963876295
0.759084726000706	0.449764219840762
0.881286403279908	0.474171043642113
0.156412788196132	0.106155292541479
0.0192998949170715	0.0111272934868422
-1.51591355638878	0.782037064263787
0.147736831292335	0.08999348268193
-0.0205238304090963	0.0105914690640525
-1.29882524856631	0.59401691909246
-0.817768208843294	0.640561590805998
-0.332821657950973	0.155177146785148
0.689928253510634	0.450762951486657
-0.972377640264218	0.60335114563594
1.76974071052238	0.991810273351164
-0.422955496723321	0.243459792570078
0.129559689863469	0.0495123659837738
0.348710142838049	0.174758201426383
0.315457490605058	0.174389651558313
0.133923259922592	0.0705444651899769
0.126055033315872	0.048233813434077
0.144217144858761	0.0880214423009574
2.09887508109749	1.45797031571583
0.486225303556311	0.305995433067602
0.122284243762024	0.0525055197786768
-0.16698064175195	0.0608045830755468
0.340922485782012	0.17083254012451
0.589656550656202	0.445597567983229
0.152803249257791	0.0988387890245137
-0.00111960408569278	0.000566403939700912
0.341011139110448	0.305510196427528
0.345328196808614	0.389054363481864
0.217098394676	0.240882888184406
0.430606525077781	0.48882385839149
-0.167246171032811	0.17602262164211
0.0179722561255512	0.0162173457468697
-0.260956478737576	0.280352621938476
0.383698044971937	0.404981145106344
-0.104341058361517	0.0953262340905955
0.378835174620067	0.398652083970801
0.48195593556293	0.429933078744225
0.280930843394292	0.211325042178636
0.635622730030959	0.449430882413891
1.07391964132061	0.807303709605273
0.267591124556761	0.208130462009177
0.226569905382425	0.240517761139314
0.133719957549112	0.0453066786126365
1.32082949962849	0.578518011832582
0.923453461792267	0.615873613084346
1.06770820909034	0.651958691158333
0.139369721109985	0.0415084196349322
0.319275969669543	0.176050293975668
-0.428899695270777	0.246827384208577
0.304113534133139	0.182666392281207
0.0102741109236216	0.00540541328565027
0.292027093083176	0.187975682479797
-0.0177154722321568	0.00918671427008145
-0.320179258135885	0.238910053919403
-0.127903216286939	0.0769512444845847
-0.412982705257294	0.291139492329526
-0.67833302942475	0.40798217706938
1.23316785055128	0.850981086743488
0.118894298508083	0.0510162078672821
-1.11280192993521	0.769256021071474
-0.978861802473322	0.609263279438663
1.75330180822584	1.3618269858155
-0.11222121740687	0.0452297350951107
1.25664969996917	0.694322095482239
0.123431260777954	0.0529290837459829
-0.025070657537287	0.0128441336812748
0.649844875202924	0.206303215221175
0.147711566649	0.0436919278675976
1.0130279017246	0.382955756204677
0.147211981908801	0.0371529932006973
0.138699758667585	0.0263265295910935
0.508648817829669	0.18261000234337
0.137772279789603	0.0465706419319888
-0.536765936421278	0.205647858335616
-0.35845544263212	0.104471490348146
-1.5375444255416	0.556007810250909
0.416218350706847	0.166864796256529
0.65469668159777	0.207920986734369
0.505451262130689	0.181603766022305
1.55938679196028	0.776395777340408
0.510580201392862	0.183534349617947
0.146301463254213	0.0369121679082859
0.65469668159777	0.207920986734369
1.54785122749093	0.76945291562256
1.9537169353899	0.454657075827859
0.648993667183473	0.205806233366664
3.25586177376341	1.1013084673078
1.43602101245823	0.478148523404795
1.43602101245823	0.478148523404795
0.935126029437946	0.245318397037238
1.80520382516112	0.709003956616184
0.146301463254213	0.0369121679082859
0.6941441834365	0.453995421485407
0.230650122487393	0.294966500105391
0.083551603353792	0.0607668808216564
-0.473409680929828	0.447582296403774
0.383743357183001	0.460411406990116
0.84911003690841	1.31813023212943
-0.604416618066689	0.450327687735071
0.292909088470213	0.174982251058615
0.626867051826427	0.661921719937847
2.72851893201269	1.67945443911584
-0.173614179164597	0.0631315478454414
0.135538095266814	0.0458551699678765
3.62849380145916	1.43519617024906
2.74700474235958	0.773735225227364
1.56022290020959	0.777163158923144
0.645241128115201	0.204592987808019
0.427641662602157	0.171722585313014
1.00287261687259	0.942649557674045
0.0321321458286312	0.0257555020947234
-0.140973638849084	0.127738309335941
-0.485959549641886	0.462158043621027
-0.193246048487827	0.17049056563007
0.74883875772464	0.991178800624818
0.0658240052886104	0.0583005107651934
0.657407297267392	0.677895591091356
-0.71773698514808	0.643062308796576
-0.330383234339374	0.15410561364646
0.116355997864789	0.0554039839374932
-0.16175780813198	0.0587828096776778
2.74877977095104	0.77489585677119
0.139556940401302	0.0415648034416572
0.802847723592207	0.338179963633335
0.935515179855096	0.245440180005837
-0.235132025937081	0.0770784326047616
-1.80368476738292	0.398254084963023
0.932829613639135	0.244963311679429
0.676922852113582	0.316464123469473
4.36901359637512	2.28233621086878
0.649540136788795	0.206300566749324
0.521379578027702	0.187008300866291
-0.236606371241214	0.0776017669502627
3.25586177376341	1.1013084673078
1.02118575779327	0.386986467154184
1.55501737702822	0.775774035017368
-0.167527449292993	0.0610228882448846
-1.50729064378076	0.775039092320791
-0.788010854383733	0.348646522023297
1.24864621172776	0.68680319900825
0.651349240994328	0.207129762624853
1.3098344987372	0.574552074754926
4.16627077487027	2.00755618620192
0.377741400824446	0.169631383022307
2.34113999779321	1.17846776749802
1.31583685770224	0.578688566094146
1.04714491608127	0.508623915304983
1.43055010345603	0.474969302231746
1.04400368535142	0.506262468035714
0.139373629020068	0.0264474830594518
0.126566807644833	0.0605146959216786
1.37747439388383	1.06153744296802
0.589134640130045	0.706342963291608
-0.539593521720126	0.588125069767182
-0.419586587941792	0.441197836845336
0.566104189628296	0.619014771345475
0.682730173019659	0.444633188072717
1.31468004021919	0.577244755259019
0.628787844246119	0.564227195813923
1.31760572005292	0.577246124018883
0.129193281029703	0.0437930146230249
0.514363083274015	0.184986043370105
0.135538095266814	0.0458551699678765
0.526351589807608	0.302937607918793
0.782250142891411	0.936308397256108
0.506024897221242	0.182012241745483
2.74617618045436	0.774720201883077
1.95062146582611	0.454190159391569
1.95062146582611	0.454190159391569
0.145913540346097	0.0367609236539561
-0.743262218330639	0.25823540605921
0.664917728091503	0.309994413917392
-0.102920122781516	0.0760798200345823
-0.130087700407259	0.121319434131952
-0.40452572408639	0.359807266226468
-0.407721446587119	0.395836921470107
0.327902242230878	0.300715537329987
-0.469777694956207	0.573075763051305
0.234164521453723	0.220364181386107
-0.253148108734915	0.1278622930242
-0.932228647720032	0.792110003585173
1.34470192225402	1.23876198211876
-1.80368476738292	0.398254084963023
-0.537877518920207	0.206535210663043
0.932444120238111	0.244842742206832
-0.747205042395714	0.259333196173835
0.141726775817505	0.0358473898154438
0.652695254572546	0.207024892635355
-3.09408861819707	0.962829753125291
0.936401569876498	0.245675339056074
0.800994500180805	0.337272485795403
0.125408465112357	0.0424671852721392
0.130035213829019	0.044048655482993
-0.544232611093693	0.208525109452868
-0.120799851784789	0.0487069127433155
-0.812746231356804	0.449261673821129
-2.29732764819211	1.17381206713946
-0.244836208829128	0.0800257507237933
0.810138323016016	0.340824772340884
1.02697965062158	0.388934365978234
0.127139358897129	0.0486135320129704
0.649540136788795	0.206300566749324
-0.114181972684472	0.0459809246256298
-1.50797963865712	0.776533934641885
0.425961192082242	0.171382412553361
0.343012639743442	0.171809951467849
0.521968216894031	0.73459975391908
4.16324783230665	2.0033382080549
0.134409435237647	0.045482239289511
0.513181793042578	0.18421671701709
-0.0842928980806763	0.037282830739451
0.14785519217312	0.0844596299004187
0.503540649691762	0.520312735103973
0.0901329370973416	0.0735258817882858
0.312225766663639	0.363580464188175
-0.471457738150942	0.609087695336876
0.284554161962779	0.194611949357318
0.819614102356246	0.738506231708143
0.379347677900807	0.170431400942331
-0.979330528330464	0.609828835879085
-0.35845544263212	0.104471490348146
-0.705279385728296	0.571007732142285
-0.0864678803873894	0.0976018774228022
0.848204714504856	1.07256387344891
0.145786309957973	0.0832092362741577
-0.172693901308171	0.153727846597153
0.66517550328096	0.310695427495322
0.131592549884353	0.0446096178723685
0.277740549164289	0.188829311378325
-0.488506712584082	0.465743163050373
-0.552947773021226	0.557657781788666
0.436753640937744	0.424002134760256
-0.314846009383974	0.234349401136173
-0.244389366529085	0.189123955879383
-0.642321255556908	0.730508436705435
-0.144225307818092	0.102675279772572
0.302642572605679	0.195589890884523
-0.169361422317751	0.0976589396557527
0.584467624820773	0.440373345092637
1.01482142364915	0.384344164321906
1.31032217925647	0.575449353150941
0.806191567678552	0.338950086079063
1.01970949094797	0.387091911393297
1.80801736892668	0.709604687458265
-0.236606371241214	0.0776017669502627
-0.362530893266771	0.105463937638037
0.932829613639135	0.244963311679429
0.691403248032569	0.4518809100587
0.278865341443821	0.209646314218245
-0.565620090469263	0.362839812175673
-0.637919740849421	0.580455737554138
-0.207867697083356	0.14167533726343
-0.171321465246044	0.119425300401942
0.269811527274883	0.210147386745863
0.159403497053199	0.113000661558622
-1.94836746727897	1.92638114160219
-0.291242007493645	0.186407467959562
0.686543845686121	0.448646658280833
0.564896707124599	0.54002281160184
0.39319815194679	0.309313686098742
-0.244127370100159	0.161559483948194
-0.176034711212679	0.12273940522359
0.767205848854032	0.60315263812938
0.434622818988874	0.495020604959541
0.971648691260163	1.35678647734704
0.820504408856987	0.858208386893854
-0.166840688237391	0.115865597638781
0.344141108834789	0.297619918651261
0.166661926248067	0.142687138400286
-0.0456877451617703	0.0411503957575326
0.241910895465097	0.228528523336432
0.171095827771582	0.154522010606117
-0.227489966070926	0.235174225381085
0.468165028141857	0.516916796048832
0.764570693867755	0.904334267538202
1.09909577849562	0.984785192576467
-0.876144548358292	1.20550876240202
0.17046050882208	0.13069171097867
-0.0713522031387608	0.0544663896906802
0.448033837302118	0.488712507483775
-1.0786080307006	1.15382843977561
0.56138928440041	0.535439959012109
0.883366943645668	0.475434962929319
0.30190790088913	0.195545654388942
-0.326116443383599	0.151796388327042
0.805356636757215	0.338552769608185
2.54999871340608	1.42058297047591
1.02549223592864	0.388513835126415
1.21149234549165	1.18186044604251
1.08185101022973	0.816920440454485
-0.336855880611238	0.156896606172717
0.347065606610704	0.173784432985347
0.128433605172811	0.0550768295516118
-0.625690448615245	0.303992002521077
0.478807843917958	0.300953660449401
-3.16555952901253	2.78930092051987
-0.970897196257489	0.603891982254358
-0.0641535638347965	0.0306126004353928
-0.575909258909182	0.371710114770178
0.378842197395005	0.170257097428092
1.04215219203999	0.504860806412078
0.131103414420957	0.0563135018124023
0.130808254732932	0.056187977847189
0.152701656217432	0.0984756627440409
0.604165214462044	0.652540170486878
-0.36181061755685	0.296069425481893
0.423371135011176	0.407972683341097
0.964399278945969	1.04996346257485
0.503203073547993	0.433497991969078
-0.203589980629623	0.138440342133263
-0.898496275740293	0.842520039897729
0.0125779261797579	0.00959762197317319
-1.76436021532151	2.68483547403106
-1.65137830449413	2.33368298019324
-0.150707235931779	0.123761025351077
-0.18549591406588	0.130080839280837
-0.270162012101699	0.231744727173952
-0.180231136931013	0.143058062959705
0.78178076690996	0.842187669821042
1.12665158834109	1.27549768520176
0.740473772102117	0.898293674645889
0.712236761065328	0.590425893636514
0.0857545175702645	0.0663743494870895
0.0930313160744191	0.0722944953834119
0.334546021044325	0.167251619809368
0.712458803051764	0.592415685171612
1.10888547745509	0.995902126834374
0.0492794495141449	0.0397694834996684
-0.5333189093333	0.501915033460112
-0.902990231042215	1.44967765712629
0.600621363148026	0.79922464075916
0.162819399551715	0.11083398322994
0.167067812223604	0.163388101558428
0.0773722472916108	0.0625602992070346
0.879526416384916	1.19090840278515
0.389932766939338	0.321015417123731
-0.366150656286877	0.329914882121195
0.166137373526424	0.12273812571162
0.728464420279925	0.71058369468917
0.252894701078048	0.202186469708305
0.332419043938048	0.314875606800402
0.0384409579453341	0.0235280222527176
0.681743736963434	0.785470020311467
-0.345287987831611	0.31622394758175
0.737991387868415	0.89283866237815
1.1042540354684	0.989938092693477
0.524521699550898	0.301637632377493
-1.0686102817455	0.869575451917997
0.370813114838721	0.166248752720769
0.138458264593678	0.0789521401014711
0.775427380706118	0.462090049434034
0.97008772754282	0.784843352919306
0.661398301017794	0.308247379431543
0.510007909511423	0.183564268952108
0.650991162239829	0.206772040177897
1.04241216060933	0.505064915968217
1.0221273100189	0.38678380018213
1.31703222580319	0.5778351002051
-0.328512567410627	0.152882934099669
-0.236036093012264	0.0773277810609913
-0.424515811354497	0.243698900283125
0.342352501517743	0.171365468850284
-0.0247401641933074	0.0126755296256067
0.272129362897175	0.203862603702077
0.313734485481859	0.173186874238497
-0.719731496961842	0.645927150745011
-0.413662968800463	0.291396265422509
0.0283749053755984	0.0174338133990805
-1.86536683369934	1.19096198105335
-0.948867787875057	0.705325458486978
0.294475659683954	0.176083940204565
-0.296017665635605	0.189815673547947
0.145300329061645	0.083149481918424
0.0979407511492178	0.0803688084240145
0.412326705992008	0.394201517270095
0.316500757766898	0.296336370705137
0.257364453408759	0.213582401395322
0.297566625751687	0.290547571400176
-0.478693342038253	0.454139666131749
-0.740731452282392	0.873834345817126
-0.186172891732702	0.148300608070476
0.246931166624505	0.222951631096126
0.371146500122839	0.315203229244588
-0.807150616046554	0.836490375869049
-0.711808972250476	0.897755969012696
0.25774320246908	0.214044358902041
-0.81153174769564	0.956807150397148
-0.581606738420491	0.539023231588764
0.00130247059088158	0.000945840957487459
0.577695079976714	0.63618022590735
0.0162821438188009	0.0119715355193023
0.623760050584917	0.657043062262141
-0.0345614463706919	0.0231569813419604
0.814518028072244	0.953813825427618
0.374435038166006	0.305596687394327
0.70494498904777	0.792724815887456
0.654203665325683	0.673196326205099
-0.14030429822052	0.0995174640493615
-0.0818563458881393	0.0613380860368758
0.264364922348085	0.205368649958223
-0.0790440975880961	0.0350671324623352
0.161003024866811	0.114273127478465
0.729590503523624	0.799222650494378
0.320085801651591	0.309594928279743
0.164954937915591	0.121834344225336
0.217780860838133	0.229496696822677
0.85772604687385	1.24619921068084
-0.31664515320526	0.235649153277601
-0.349304829065526	0.368797529393124
-0.265940931464649	0.227704814031774
0.300266353188184	0.308517089526822
-0.0568501381305398	0.0372764357538685
-0.315521166500776	0.260582246504856
-0.67860825705541	0.862856917984025
0.663686454751576	0.686570478587373
0.350848667068803	0.305133476068583
-0.492087941112918	0.536559716441344
-0.535501084590476	0.581546223541381
0.179645628122888	0.142688556529689
0.245412439516907	0.221281111486742
0.0459213589070143	0.0295338378799304
0.353168453013815	0.307622947314569
0.478069050009176	0.425375223752488
1.23123106387669	0.850059205901264
-0.55297820747951	0.470354793557149
0.34066135394149	0.170771326239401
-0.361009776738766	0.2950120677386
-0.128638274765045	0.0772562935462098
0.287892675839221	0.197180205286595
0.673987614483513	0.315299834517368
-0.324550046423997	0.150926811049504
0.127931809070693	0.0489078759226262
-1.28698840200563	0.5855455346079
1.31234319771337	0.575344807364201
0.649294064553561	0.206116617727131
-0.415367264171831	0.176060665426675
-1.49360981618019	1.05102633658011
-0.359547086209289	0.104628681768365
1.55642181666941	0.775769693892146
-0.262861992512173	0.133127930490425
0.311275638306782	0.171523350145027
0.296992748287899	0.17731158731964
0.339352974069413	0.169839449223847
-0.294543787884706	0.18824643737492
-0.60258633035054	0.449966942706493
0.9709435597995	0.78723376373462
0.589710054203479	0.445749546556394
1.21515477159497	1.33053431051159
-0.367692443177847	0.224780816719151
-0.411661972312773	0.289181134284185
1.39784129888543	1.7446823286934
0.341707067457472	0.171235638787958
0.11459295512921	0.101559542768243
0.177972898724895	0.141042646406449
0.223632050461555	0.213435658225526
0.831447910851554	1.1370127454568
0.344332273991107	0.319203791861272
0.344751514710036	0.30906086738844
0.0311795363715361	0.0243820714951887
-0.380696577795479	0.37418111041109
-0.34539444297634	0.363733328802266
0.313443450634034	0.316965294428685
0.246103678620868	0.227823956690128
0.235289571739919	0.21611252041228
0.0266618402345117	0.020259480855867
-0.376773772232462	0.420635345668823
0.0641490584990682	0.0431789962656862
0.344308865912438	0.309214064606123
-0.125174664464749	0.116253604210639
-1.12187056001778	1.35262228386688
-0.278210647558205	0.281736629384636
0.0930605696644414	0.0778782354458355
0.726231710228775	0.902544063592129
0.274432286483751	0.213714585376046
0.494514703203376	0.580191348175809
0.163684393745487	0.115904938790476
0.24369253587516	0.225274369144208
0.358415086196629	0.380547800235275
0.887486200684952	1.26962242924095
0.626259941895926	0.441063859559192
-0.00226886429899778	0.00154339946340418
-0.0650457373080857	0.0567911458716317
-0.0146943221132819	0.0120834487503978
0.0299597869689863	0.0255118785454937
-0.154422036891974	0.138554221293468
0.444965766240444	0.419210569929193
0.17502614098972	0.134278870625554
-0.0108233216844021	0.0075190644520407
0.524420623809448	0.722836913040716
0.31269696669437	0.30876918264297
0.364450707757585	0.379296577740655
0.168013297792867	0.151429304844127
-0.400782743288317	0.321202589399593
0.525244976773378	0.595733726672531
0.547005070897704	0.628397173433423
0.472274562323359	0.418585997895455
0.450429513829524	0.303889055453146
0.141370077382639	0.0745413567832211
-0.689340674458687	0.778490624980317
1.30855923065712	1.53353629078466
0.0437912123707767	0.0281666173209932
0.0168852114962338	0.00981804655279809
1.30806502302727	0.573080429177984
0.422265997667534	0.169462546441925
1.2283686932031	1.03138350197911
0.124688587384057	0.0422968836920446
0.512922403195653	0.184486383498599
-0.237176848830075	0.0778020280962772
0.928481199205008	0.243805258274956
0.510580201392862	0.183534349617947
-0.126774632118561	0.0510070776237582
0.147211981908801	0.0371529932006973
0.31834141605749	0.175257471926411
1.59905576234407	1.11585122309464
-0.979890148625258	0.609986430082785
-0.695736281429439	0.494089477964201
-0.546218701398982	0.462209373555338
-0.349362739666496	0.21333442976868
-0.298381842457315	0.191496807332794
0.299463064931193	0.179726272281086
0.269652056245109	0.218050312521249
-1.27291983231451	1.21386883736593
-0.865305103764813	1.06664509872451
0.42831343983894	0.414214873998788
0.0279735604334083	0.0161038096568089
0.682864344810964	0.855192487510798
0.527063720134693	0.533870826898789
0.377221777952474	0.308795385090875
0.239123717030644	0.188751352249434
0.160915649710332	0.109582150248121
0.475120790507733	0.422411726665795
0.732669322708181	0.716534151542945
0.268746445318553	0.209214211759203
0.549417290218596	0.61142406329966
0.0908323720954977	0.0724127955437627
0.169080456794229	0.141528193645781
-0.0382433667313562	0.0256497617444287
0.632132749985377	0.571558979888103
0.265300408582756	0.206156771652339
0.479740611925025	0.426703047123147
-0.363352775526842	0.222543776113202
0.243258662943333	0.235774609069064
-0.0923569764101556	0.0677456412997327
0.181567854216059	0.161144225154571
0.519574893698357	0.429344056158215
0.302127397903169	0.181545222113753
0.152857616068117	0.107918523185208
0.242789248421322	0.218348545465957
0.0942258649370297	0.0770572569551758
0.782944327977626	0.938158677899818
0.833358296907575	1.36785067510714
0.503943176285165	0.579052840093658
0.549450118738018	0.695511394257025
0.398416845190059	0.401979514175977
0.784067157588622	0.844000226104623
-0.731082721120786	0.713799213603157
0.689545582742844	0.690742149692227
0.259305893716011	0.215634777520433
0.33436275652368	0.298144106316041
0.240235456716307	0.203534210274748
-0.0695473492205824	0.054164424913055
0.0788053530103701	0.0590400705271969
-0.0816661132465753	0.0696873770725348
-0.371919067550309	0.363752764152202
0.380774155080816	0.401084300238673
0.167015893607148	0.135535246705497
0.410409508303292	0.310339826448049
1.22120375426622	1.34351058603886
-0.11899778782661	0.0479881095001215
-0.819603326827617	0.550051640043393
0.130686793555085	0.0686914737917528
1.08068442544219	0.813222631206695
0.329805025870154	0.164482015973032
-0.816459111809018	0.451369912632416
0.589248558838848	0.445353993798939
-0.0801341146552086	0.0355476390543493
1.21419783795068	1.01699964744668
-0.283651275918658	0.180413527371546
1.63098355275936	1.52393389303205
-1.15392338036234	0.354212278509058
0.122323457038	0.0468068087606287
-0.239678349640492	0.0785174602984043
0.51408721869374	0.185096174251148
-0.822190453007287	0.552961321787477
-1.34361715005533	0.849853704351128
-0.537315035936971	0.206219810031048
-0.4129266002395	0.174623248528402
0.764925471618492	0.600504653267231
-0.128396201711577	0.051590420789264
-0.160319523165808	0.0583350960570636
0.137638529203684	0.0726247477081587
0.336888149775635	0.168478213769124
1.00518814311982	0.946108400907798
-1.67112998225269	1.75334473292661
-0.166040898696193	0.0955760415003492
0.142726023061078	0.08159460785013
1.61250299078904	2.07117208004337
1.04678900748645	1.11193568642211
0.574455196120203	0.297142678951883
0.520115661244673	0.430761794555719
0.967977634167871	0.785557400162897
0.696135822985541	0.455669213985744
0.584059527824218	0.439867867433745
0.478436590740249	0.300066063320137
1.21947607095744	1.19234989020639
0.281092903884506	0.191615087835706
0.275483605749387	0.206634456048138
0.892587675159693	0.772043081313645
0.514075156280254	0.53346369434784
0.152468014365572	0.195547953969908
0.163193347561572	0.120390291105826
0.429021967064629	0.308323360665114
2.12263254800003	2.17723127245511
0.368596073882526	0.165384111372272
1.21229140489417	1.70112980620025
-0.124651740312541	0.13183463319567
0.464381558389652	0.729855052912269
0.804573569664748	1.43503277849722
0.228857838515969	0.224552190989986
0.268853525147172	0.200980784868299
0.897471407785937	0.777351478099387
0.333285920359292	0.16655605601407
0.0683302590308785	0.0478084094957615
-0.176192869356136	0.209054466719194
0.0664541280847141	0.0464096799125609
0.641030558839735	0.58104006122032
0.284527419341495	0.194554350083298
-0.216413538930576	0.236240291907887
-0.551509411432135	0.555755790266585
-0.0554708020735531	0.043749141541966
0.292495928884083	0.188765611614573
0.148598486564552	0.0373599031239063
0.769287687389774	0.457898177265002
0.129471724631548	0.0439089865174185
-0.242025564504491	0.0793476290892232
1.76380707218391	0.989003858592782
-0.429709786904097	0.247444776359838
0.137220093786679	0.0656910597366585
-0.209351908486019	0.114320496105261
0.557829414641273	0.444079309635742
0.0858793383248069	0.0681540839822515
0.279379911380165	0.209693944927066
-0.808983673843446	0.707579153391253
1.11224233582674	1.12936568980067
0.768637074359308	0.457853056401832
1.00420046846126	0.946472390856947
-0.351467478160712	0.254275850679
0.270171323663468	0.202156503707143
0.150843198163264	0.097427195552106
0.456730631583161	0.417999433301672
0.522051455838411	0.432458825836152
0.391997849641602	0.308708125706198
0.148021614957602	0.0845884654195915
-0.999799869169135	1.00775350613075
0.336166041692172	0.168353927886332
-1.18897362198673	0.675564151778305
0.445679972951886	0.300543228169257
0.847566549911594	0.623805135562857
-1.2143139879163	1.2739182233254
0.148253416255679	0.0906672807495932
-0.515051358639817	0.274425622246119
-0.170967496325118	0.0985343874821425
0.295200553915482	0.202355618181506
-0.368154350280345	0.301908985243924
0.499271049438358	0.429860041625337
-0.268821531533829	0.136754695692316
0.299401526934326	0.178880854970812
0.400364448762815	0.404818412349953
0.0384402501835012	0.0301130749409671
0.9709435597995	0.78723376373462
1.12036397751185	1.14789971060209
0.679614302929596	0.912190949167371
0.661046852770008	0.682248297626603
0.443095490908822	0.494857067694813
-0.225874958110482	0.216977984133868
-0.349263319892854	0.368776265945509
0.639054502054988	0.826083436352681
0.4761884140924	0.653681842091259
0.802931925358632	1.19344290570179
0.0252758554439587	0.0202435365359427
0.910706970188264	1.20862968466702
-0.0521775120937711	0.0342149950568296
-0.0175734136025541	0.00909765794698103
-0.292386384976983	0.246458050370413
0.503886457204623	0.520859493016408
0.0983544685687096	0.0844996436876691
0.546538254963226	0.706717982717165
0.327506808289317	0.318071862022586
0.306965061808632	0.317054236353106
0.171197506505053	0.161508075014579
-0.00969738424416862	0.00799065041509839
0.0383564632396381	0.0308407118026157
-0.050505083088342	0.0330725026119168
0.60839992418377	0.739086183568236
0.592228471071313	0.550458864723633
0.17554867932705	0.162699563671729
0.153665065920566	0.151245942093657
0.0162355200619293	0.0127110177453024
0.232082675908929	0.238175198753656
0.27777723624985	0.30537749796294
0.0287059511940605	0.0224331086329092
-0.285466776084016	0.266530936701008
-0.0612545295535942	0.0401806586472958
0.505325674285566	0.435826730265522
0.417526849430392	0.297753300961488
0.30185233286657	0.181297437871681
0.174408227716561	0.124501903811855
0.452306395558724	0.305928487301386
-0.239786751827286	0.185176623236343
-0.709332826675936	0.574950325168925
0.144887227748965	0.0829104102959631
-0.0497088667990459	0.0238968719920887
-0.668287122265846	0.400711618245175
0.319948558968042	0.176781975736595
1.22394942931186	0.841185243096645
-0.511218585972841	0.272330654250048
-0.234259276164921	0.0768738569502217
0.807450425661511	0.340469425958749
-0.746726771319564	0.259871772377509
2.09961472965319	0.942156643014485
0.337423728732646	0.169081415528796
0.300419254118202	0.179891640216695
-0.115985853788578	0.0467592443534002
-0.202681265391027	0.137877930479092
-0.507405172451794	0.269556982742218
0.392263385214572	0.323026243827421
0.939683262512021	0.63453645602368
1.06299998810227	1.23949467988064
-0.710571932301022	0.57551971413123
0.444855022499641	0.419768780252926
0.295159375742084	0.17656570702631
-0.526094136537897	0.40482181522746
0.412372321932875	0.31185973475118
0.496555559248654	0.426066963317256
0.432896123279815	0.311490685646558
0.781652507612439	0.84209220418008
-0.419932663219166	0.240909696511406
-0.172391061207443	0.0627462855582972
0.45507421243265	0.308143284452475
1.06066965814772	0.647374402117602
0.598124810649128	0.558188929996764
0.403674649398183	0.408964822790678
0.865483187051073	0.874512533103885
0.718094269198659	0.597390871424977
0.370951739913695	0.326304400408737
0.73351326245903	0.717489485638988
0.369795750801278	0.3962007391281
0.154969499695661	0.10028482379685
0.622788760401333	0.741206443438804
0.152287737824369	0.170582939865905
0.567266196759961	0.544151463685051
0.574768742982097	0.632442104051229
0.0117849146529482	0.0086805813758728
0.17532058597574	0.182455808666486
0.4390415080659	0.567571901275674
0.234466438070396	0.245728494708879
-0.168459213659904	0.164169605893579
0.372792196364569	0.400509378114726
-0.108948606959916	0.107859362238697
-0.0557097272052614	0.0534166758501971
-0.49611102866958	0.542444018821358
0.310135574889706	0.366920333695631
0.449569933037796	0.491256217051412
0.161642195647427	0.119135191239092
0.378507089311875	0.309872157283869
0.261377499508518	0.224542708307006
-0.05010963885075	0.0386208745949248
0.301484678491621	0.317219846808171
-1.4335549401767	2.15285512435928
0.58981225587817	0.844387770835625
-0.401327482018108	0.445218328124283
0.170061432142357	0.149908850266316
-0.480759669452633	0.455839334793364
0.117669556659526	0.104449852867504
1.01554907557658	0.959595623381973
-0.60947877092159	0.452930936172019
1.38571548556718	1.06960869090354
0.390358076679884	0.307772555612531
-0.294430856130538	0.188625034708566
0.397303710533999	0.314541112321683
-0.068129638260017	0.0435372836089777
0.526010301887566	0.437108554812851
-0.36009085263595	0.260666114251479
-1.36222194866024	1.13895258638094
0.123573346195222	0.0530704722631677
1.93949545737623	1.21385852905807
0.34536154953023	0.173113124471906
0.0668486022694491	0.0450387293226552
-0.703873091776751	0.56772530961308
1.43735533624695	0.895577261643264
0.335019133812588	0.167438875167252
0.45593939324487	0.308974792266484
-0.204725609914693	0.139461035042668
-0.709337019092988	0.574999057003256
0.57611105812286	0.554560563070689
1.01335889507143	0.957758201054408
-1.29358502605758	1.43720583465577
-0.263891522182683	0.134239415908934
0.275483605749387	0.206634456048138
-0.636155508911381	0.309242738909145
-0.711012511383502	0.577052622311536
-0.122763213546705	0.0494421799513675
-0.259308454467666	0.131409978626407
1.12615046652023	1.27761894505791
0.158431870340653	0.102698385237943
0.146532954636776	0.0892396221909016
-0.303766584185193	0.22495349914206
0.143900807620696	0.0877998094013003
0.83575262989444	0.759873223591171
0.169721461472724	0.129828390993985
0.0789926690734222	0.0553783623660337
1.03505119976566	1.09753659167171
0.222287353229252	0.239547064171589
1.09943261212522	1.6882680267577
0.425489629635167	0.480538218952479
0.671736484914414	0.584359126388195
0.649296120592608	0.878178443135974
-0.00398131510662633	0.00274351543133983
-0.107307910189214	0.0913739111873904
-0.267264274675348	0.201900560872313
1.37873780610444	1.06373484985236
0.288256058258339	0.197072254870975
-0.0985481068444442	0.061352084668511
-0.599823346340424	0.598369507352816
0.42651813974852	0.424306033310336
0.452948778598188	0.413811402405472
0.171112881841866	0.154687473174573
0.115112550137635	0.108423905218196
0.617291105896007	0.647365966544929
0.478751111298751	0.426364831526589
0.0401820407179437	0.0337859944756371
-0.0386329988467453	0.0307553985945125
1.07143461595948	1.35607892879338
0.408808883907477	0.468136698340745
-0.601198186711546	0.59962987917083
-0.743097084695742	0.831465624562802
0.719017421424278	0.599288803863747
0.142570331877993	0.0814933681536756
1.1271707194273	1.27734254549876
-0.416223480421661	0.238389319076228
-0.726346320048218	0.707298099985414
1.0812901770491	0.817215496845826
-0.695601357647644	0.495704568357971
-1.70119611484933	0.975512694613356
1.2315318406899	0.850685538190188
-0.125981320869604	0.0506685489927498
-2.08433551908383	0.96418035335272
2.74700474235958	0.773735225227364
0.874792861440638	0.46925062888249
-0.533557645822484	0.204456510973878
0.138983315146558	0.0414025350222139
-0.12247362403796	0.0493446725033237
-0.423131071867169	0.179320024632959
0.141934018068002	0.0422115362011609
0.627835911661771	0.441601769305258
-0.326281298096332	0.151873064839089
-1.1851836078729	0.672885903753995
0.891413171270999	0.771522391953081
-0.878384454330592	0.961217880427181
-0.357366892606866	0.259388501664742
-0.902754864503211	0.846185055070806
0.518608951187125	0.297221587084511
0.873239743279135	0.890170846510884
-0.0280254625819586	0.0143289812533812
0.731546446653392	0.713745477845414
-1.3030438664318	0.59543136222616
0.686936014355253	0.449013976060219
0.675491309999014	0.58773306901513
0.378367677575931	0.39788650413637
0.314565533635505	0.311148458001328
0.165262154686403	0.130435727973465
0.606287271108156	0.656406303810415
0.894603100887749	1.11138375967119
0.0209012945042171	0.0163146349766842
-0.00788255903155972	0.00649331843803117
0.871606263253226	1.32970157960841
0.997332852529066	1.19114669576729
-0.0205029726161264	0.0165024980179454
0.803113153571464	1.24041322455659
-0.00449010877662055	0.00372063996002338
0.0686790672290824	0.048085114503362
0.341129120340121	0.17103476464538
0.168267539580886	0.124417239666922
0.0856678892896918	0.0680335521173309
-0.0529817217679913	0.0416716958712266
-0.244204414294153	0.232425391808869
0.298683753748758	0.299312968961119
0.2608509687666	0.216676455319262
-0.43834763796749	0.454866634270685
0.304186043613768	0.306318417436084
0.382105728912164	0.313695011079332
0.373191714624493	0.167495561554729
0.630846484072632	0.444191914223241
0.389564732875131	0.320778794309184
0.76295557651993	0.597484349970131
0.271413471827093	0.193921241218906
-0.603942205377104	0.450840356012196
0.427983110722539	0.307899669154728
-0.238619080974611	0.0782457591467586
0.337253092201084	0.168566323584193
0.373362220133253	0.167630063347766
-0.325687072850655	0.15152504926479
-3.76396710128731	1.51165110521982
0.426509628253346	0.171575902443478
-1.04786382925772	0.422554751457188
-0.418580029248622	0.177413239267987
1.55234099320278	0.77224776836491
0.672862708270601	0.314790699989907
0.131520310831589	0.0629233858438764
-0.414286829670234	0.175347041504799
0.933858289774667	0.917870442567844
-2.49119521341385	1.41344205741508
0.484577857696091	0.305436667806349
-1.06765891076199	0.868735868232631
-0.812612733302467	0.635246453396143
-0.974947482424268	1.05594296566745
-0.0321826405408657	0.0163886508600579
0.0535063863572109	0.0344423636559105
0.126239101106392	0.0542789650402848
0.422474865195789	0.169444113401258
0.126873713953215	0.0484980742887475
0.586834950030511	0.305690899440636
-0.35813957191956	0.259906443560442
1.04422282616674	0.506574585851397
0.131103414420957	0.0563135018124023
1.00696165315463	1.29181186619485
-0.075265769376672	0.0575800689465048
0.447927565838998	0.422996184272204
-0.498344961503177	0.583028711763253
0.569217762946408	0.712796793570488
-0.178727193375379	0.141650217557709
0.52677657140429	0.437837706328298
0.634084543924283	0.573249331957119
0.281045171971179	0.191699416715794
-0.130716435893417	0.0786111500953286
0.175566124141648	0.134963395306487
0.491256527101033	0.439081856977325
0.469141128204815	0.414408426316324
0.720905586744717	0.698442025476134
0.165649641152376	0.145679036254019
-0.324141665295897	0.323334408871448
-0.448408670456583	0.432528962593967
-0.0169246794959074	0.00875497445748473
0.167960626753538	0.144243790864624
1.26687436687035	2.08426348686038
-0.458521870514536	0.502932103755459
-0.0469353472331861	0.0417337100058607
0.25277837600432	0.228969505206271
0.244388345569724	0.225688211548935
0.165732910216146	0.12216254956189
-0.0173322299097225	0.0118823718011875
-0.0546712695731992	0.0357935823709244
0.148275391644642	0.0903860514665407
0.693648182509975	0.453845705995861
-0.414286829670234	0.175347041504799
0.284948581181297	0.194899092208641
-0.0418117601740342	0.020181021671282
0.0216183267626312	0.0124901660875617
-0.419401659278084	0.177662597528162
0.447577440989272	0.30255363472929
1.06437286143516	0.649899361785512
1.01482142364915	0.384344164321906
1.43735533624695	0.895577261643264
-0.408644132382609	0.172362484864123
-0.242894765745569	0.0796348330145537
0.511447846039878	0.183898335950935
0.141934018068002	0.0422115362011609
-0.235132025937081	0.0770784326047616
0.123573346195222	0.0530704722631677
0.134094522270005	0.0399902070661405
0.133155287376562	0.0451076874905746
-0.998833065592244	0.501273082430521
-0.166787714499524	0.0961492029545211
0.809011166414321	0.3407453913173
0.139843061801693	0.0736230898098483
-0.427555582456128	0.2461134271671
-0.910249458965304	0.858662852164257
-1.19804316017619	1.24430718726075
-0.130105266257843	0.0783269166463944
0.292025706157905	0.174319345177157
0.484246160002221	0.304586655996596
-0.25334160018882	0.168091260256243
0.667584112949368	0.312199796382596
-0.416158815280474	0.176424715546526
2.09523747403063	0.938787999909388
-0.023174815278133	0.0119082420204463
0.0253927470397054	0.0146293553828232
0.878258883789587	0.472308852308957
0.652750444223999	0.67173287566989
0.290949536453906	0.199192914676544
0.495429162366894	0.424941030029672
0.352001724340106	0.317489973528701
0.549152510805386	0.613777790715674
0.299485354518062	0.307519864921382
0.14152217192415	0.0808045564398581
0.490735859542557	0.519402948333121
0.0651246400046058	0.0455243582333408
0.431565561935905	0.418204018113745
-0.36527866491078	0.32890085967383
-0.467933635338379	0.480251023994938
-0.495175610840538	0.4282649956388
0.174633355046644	0.165180541570091
-0.151261103551158	0.124294920241369
1.56350711558961	2.8074056400769
0.0163176497074142	0.0119956774454813
0.520912376479095	0.298805150504728
1.13177944346235	1.28641592848119
1.3256917149611	1.39523551189265
0.861699733364162	1.25586679022981
0.629990337721747	0.726745488934934
0.0800458534301309	0.0581043681543003
0.0174567796666326	0.0148052710366631
0.269514574939353	0.305503256139903
-0.393470968633948	0.458933560225789
-0.578873381259876	0.535595077351898
-0.0726596604597888	0.0555095486573131
-0.750042544768216	0.889637970214596
-0.0778835326436813	0.0742104103075845
0.225926093691028	0.239601205600428
0.666420191606082	0.913427835919618
0.915004495424364	1.02750415690943
-0.281596369756198	0.261884848675487
-0.23906924657188	0.184395193406368
-1.36641772784593	1.38882217872273
-0.123237330568873	0.073844272896109
0.592206522271075	0.447301614744446
0.673253502661044	0.586002241531985
0.134837305476244	0.071029463161588
0.367297507151026	0.164673936832453
-0.568966940844508	0.367026087551846
-0.0475572924451353	0.0228865131172685
0.633696916622814	0.571621765719499
1.75363246841425	1.36519995649325
-1.07184595447163	0.873814899849633
-0.813714676913285	0.450036257810427
-0.622390762754658	0.301686021466647
0.80661030139522	0.340174283092776
0.12337646703634	0.0472015738196517
-0.998568732405067	0.498922532761962
0.505159659700077	0.181649970886899
-1.29798623806601	0.594484945125978
-0.483552499474861	0.327328044092045
0.135739881775618	0.0713394740153769
-0.699705824385605	0.49875738416029
0.890865028071693	0.769490092902515
-0.326323997702978	0.151896080069932
-0.41347902657797	0.291392964449915
-0.208565067605058	0.113614260928771
-0.477349218164079	0.322416849748409
0.141699618343101	0.0862740007840216
-0.0527118658145739	0.0253496672301115
0.273920417048482	0.213754790584414
0.157833642717603	0.107344039254317
1.21377448055225	1.01304736099668
0.584857178303579	0.440766241697744
0.123258535314196	0.0529460615986845
-0.116490965625942	0.0469648901038593
0.166735177851879	0.118564827965323
-0.0752208371496533	0.0561271867651976
1.23833515200157	0.853507528057867
-0.0765474342401694	0.0490651035704667
0.934665355658099	0.91840850974216
0.283686361066692	0.204248736863841
-0.806024826201121	0.834349311161619
-1.35528267522459	1.36566463146279
0.672395251239702	0.584645947803188
-1.11820457442725	0.772806758008958
-1.66666362451408	1.74824237214215
0.682870550916955	0.443550341827681
-0.267988884262377	0.136161048092301
-0.635483458054648	0.575388057258576
0.360355261186062	0.303695752065924
0.057589005639901	0.0370332276662674
0.168480786642976	0.14847302160207
0.41977578876154	0.55617573299085
-0.0322225365120645	0.0215548289796963
0.144841818267357	0.0828213780469284
0.526405269674601	0.436516063487841
0.131903048520035	0.0566346660532955
1.22807288150356	0.845340745800378
0.627469084576905	0.442626278642732
-0.807840855958304	0.627605710525664
0.0656515478569624	0.0442259756826523
0.453794445860069	0.306883723091696
0.482975414404131	0.303686743250901
1.3266723855158	1.40090487461656
0.564097885111602	0.538700689492919
0.285262433984228	0.303065602321706
0.114846522351497	0.135846374138464
-0.202628650592107	0.249103793823028
0.00950364739016671	0.00913133029768679
-0.302542908125362	0.397220361844052
0.137865448032687	0.152303815740772
0.930417351136301	0.913533873284978
0.490078157505575	0.518488833666591
-0.410332785323488	0.330181703891723
1.88597066395138	1.62116204154391
-0.566534005780632	0.365152648629898
-0.348944229936254	0.213000605977281
-0.246607769456179	0.080675852517704
-0.622981014213999	0.302527601706261
0.421881168127734	0.302360284012014
-0.210198544318499	0.114837101976142
-0.674780334967344	0.406000676566792
-0.217678576732292	0.149011522681407
-0.809190486300866	0.709298101665027
-0.234645736200854	0.18057970269395
1.00844018355491	0.950882181170388
0.144001162000942	0.0820765258451574
-0.95543496276535	0.710770118679855
-0.892807667918972	0.911088548535613
0.437080460963261	0.315503908027935
0.14318962959234	0.0818910481996451
-1.14538697875731	1.28115678088636
-0.0362477688820789	0.0243064652094886
-0.00534260136630493	0.00375803121775034
0.0591585977705351	0.0397795743008447
-0.0225269959176178	0.011582368244631
0.633058300863873	0.446673487018722
-0.621421326103986	0.516873615839347
0.448456846893048	0.303243270935613
0.478338322365974	0.299613526013149
0.52670839524077	0.302666275583136
0.147621131503273	0.0948954914153477
1.25189292169615	0.689841585471618
0.358324011994574	0.312960431390247
1.34147500492727	1.23495093842013
0.171677175753239	0.139897189747736
-0.060880867051854	0.0472044604208031
0.323924102759898	0.313833525852031
0.928162628686599	0.62402997272905
1.55182416107039	0.771525517645505
0.8830886188897	0.474571024627739
1.33242820694626	1.21580679167509
-1.51726730978925	0.781592944781819
-0.419899321881331	0.178034045801847
-0.785057527326456	0.346651150460079
-1.52195794043022	0.782784949740279
1.02111307473612	0.386556758838255
1.22712089037952	0.846331341436971
0.688985785320075	0.450568865019983
0.279453408529665	0.200154647102253
0.284155174802687	0.400544259272038
0.473494741136277	0.296403945275553
-0.117286194918503	0.0472237307229723
0.119870775452816	0.0458419996163068
0.375593549961275	0.168728453298068
0.126055033315872	0.048233813434077
-0.166787714499524	0.0961492029545211
-1.12011612086321	0.777516918928453
0.33835182328861	0.169080226154265
0.506024897221242	0.182012241745483
0.884934808416744	0.475702387456337
-1.62630492814204	1.26481698224389
0.169304893593505	0.145563018710941
-0.675889638933085	1.20165400686945
-0.267764955140034	0.514308501770007
0.522609783706713	0.736444660491394
-0.63902386290947	1.04036689148166
0.134328866073486	0.148173406806672
0.417871881348038	0.482004541062862
0.0303621868512761	0.0186260547498284
0.158589788820643	0.107858175499345
0.553839511668672	0.440205270180382
0.15615021165172	0.106074399966357
0.238857265302728	0.225603108969788
-0.295709946960349	0.189604070159672
0.312942911744461	0.172677020583982
-1.15799700419576	0.355156175000868
-1.5318146928413	0.553494474919415
1.01540222010121	0.384610211569901
0.802847723592207	0.338179963633335
0.668057916285129	0.31167882443646
0.765146222586311	0.452991674055576
1.75636377521505	0.982315879610136
0.414574936934364	0.313962725039661
-0.452915619679111	0.436819967354955
1.04775754674726	1.21662124962508
0.374560153817211	0.306158619719942
-0.872760032234387	0.950496234843361
0.0505395071200464	0.0324611463755912
-0.0926962647711066	0.0699107956025061
0.962259468077157	1.26098871370451
0.0177174202711412	0.013007982585306
-0.195901757915556	0.132598044797162
0.163841684811344	0.106453353709438
-0.378222267919406	0.397125215132601
-0.150514447499217	0.107499780219602
-0.361476086380171	0.324676925922641
0.318325687598052	0.307291973317196
-0.115191383174165	0.0464576903941925
0.763751655820611	0.453539891176215
0.128721026665129	0.0491325184702099
0.697284630837623	0.456599202658017
-0.245230772034623	0.189970533460931
-0.628321543595538	0.304923311237029
1.04082431687872	0.504549442062946
0.177146090100146	0.187683317333397
0.0204299096003493	0.011802288692071
1.14447451904839	1.41809915621382
0.769396179713245	0.604408355953877
0.27044605351048	0.202200209024403
0.927196859231969	0.905933161707811
-0.609667839916531	0.454801937427037
0.769191660916296	0.604311936128514
-0.474669068558084	0.319713704278934
-0.484144559894111	0.32820728305006
-0.0269105179402709	0.013773761789298
1.39970263672046	1.74684015096774
0.781296665352321	0.73851520375292
0.341951650334395	0.305721040204282
0.629708646481778	0.444891322549444
-0.490842726084326	0.333523665047331
0.981525832141558	0.800667652976452
0.686152680035955	0.447885530131751
-0.67232632574182	0.404169806350819
0.15275106786075	0.0986941133127844
-0.479558521913478	0.324461701972328
0.0499208730327648	0.0320209467275199
-0.354862183242215	0.288962801963826
0.33093783190657	0.322119260722613
-0.414891487652463	0.435848391196388
0.0598309390693278	0.0402025623874213
0.114523183052917	0.101634460228183
-0.196555339160458	0.173945355376676
0.17358875766845	0.160637329938686
0.0986060939944277	0.0829145322244854
-0.283544349018752	0.309939971657363
0.551610835319342	0.681771046990721
0.339870212391661	0.389390787223572
-0.493657776377068	0.426415540662337
0.158503227288064	0.112094678768948
0.159739987706766	0.108670141023323
0.827696105703566	0.868961001753952
0.232813171328057	0.207645160227357
-0.552353737543483	0.468469416570547
0.769977362720404	1.07917656321038
-0.624423353893822	0.52034635466108
-0.583011393325298	0.541041542311045
-0.515845415223481	0.274922047301599
0.136363976488978	0.0718885907773711
0.139884098064408	0.0416988824150201
0.127666695648323	0.0488134294645902
0.514659313486759	0.185330599053687
0.691204931095676	0.451869827544109
1.59500288153831	1.10875194972363
4.16533428985269	2.00705039999307
-0.354186639034379	0.216571613835558
0.630115274178211	0.445012784368185
1.50952676494823	1.28657474053715
0.374205910369784	0.167925767406721
0.768330937876051	0.457037851976182
-1.29938699897853	0.594317002812756
-0.813312335468768	0.449352086126168
1.02439581816121	0.388554234754345
0.792416467296946	0.332125835272652
0.142261903209059	0.0422917434711763
-1.85599754329465	1.18318323372186
-0.676152271573837	0.406803771307876
0.125290638628535	0.0478227119319997
1.22212263139188	1.34332783199976
0.142620637908999	0.0869879570299319
0.143654343917759	0.0821381692250786
0.429825065086432	0.308964300087181
0.581172565734394	0.302435725175897
1.74817932840767	1.35601871691408
1.74598598424535	1.35325781470403
0.665108365498927	0.310556004699303
0.154031660261059	0.0942567428005599
0.133819165620387	0.0510753044937369
-1.25580891808913	0.96342442543088
0.285890812224127	0.206023188926355
0.524064021785278	0.300833664797486
0.139950112757962	0.079934146675876
0.2681447039415	0.208493196741235
1.32845716145898	1.20556075334791
0.555148602138794	0.440735561356453
1.42071454648332	1.60144548131341
0.770858480835897	0.724008265332813
0.29837322592481	0.179004910462712
0.251813708635916	0.208378654057559
0.431134234680674	0.310636730596369
-0.994056477844931	0.999865878789732
0.303661842232894	0.18199737862531
-0.33515020526389	0.156195729928813
-0.432691314083212	0.249192462994727
0.484955630057559	0.304908093408172
0.328591190068141	0.394973338962233
0.424387806358544	0.170552673671815
0.328421112065881	0.181470970327278
1.30605403751126	0.572176134773053
-0.560109953890531	0.47725574975822
0.423375643886594	0.303460524222797
-2.08578796571711	0.965562416707721
-1.86783424674679	1.19259932927642
0.156584610963622	0.101324029537217
-0.173875474023167	0.154633731933252
-0.824387775941584	1.28561557984538
-0.993636957477947	1.71399100018999
0.0619491567133077	0.0623097636541709
0.0832587505990043	0.0816802142946736
-0.024200287986187	0.023924503568613
0.389567002192015	0.460061732223586
0.484559356176064	0.432863046957551
-0.177369125146605	0.144378113124475
0.564864482409438	0.70570830009076
-0.127322107023463	0.143349271309699
0.458861327003627	0.420838347637178
-0.934875932869963	1.21324875128383
-0.314094578878869	0.233566420201657
0.418489891468948	0.317285844568828
0.958691026338042	1.04058015494591
0.141801702687689	0.0747695689273306
0.14575993281085	0.0834298188868844
-0.142988448613427	0.116774373326657
0.164778565419306	0.137710702382893
-0.420577846349773	0.442617583146551
-0.000175533163815484	0.0000698302492021148
0.130930392317291	0.0562124990464871
1.37147847014516	1.05366925925432
-1.03572530296907	0.414935245253402
-1.18947620893422	0.675916339428314
0.42859037976658	0.172296683888107
-0.508345450515299	0.269969273126107
0.126029498362731	0.0540764454807436
-0.675245030276533	0.405928255241179
0.526270828760216	0.303384007751867
-0.90537830541039	0.85066062088922
-0.673954135495474	0.404759436050289
-0.598774026778331	0.446140091202529
1.21169667428604	1.0126827631051
-0.672116794255288	0.403056191409091
-0.262677747700059	0.133160093281085
1.60701819823632	1.12322717655798
1.50908007128039	1.28654292334755
-0.11544944204051	0.0834121795164768
-0.514399564465699	0.39353769741782
-0.803509283644698	0.769145348383419
-0.0814332596195109	0.0361314352079487
0.634221531435227	0.448028134607302
0.0384409579453341	0.0235280222527176
1.066303429312	0.652482962870358
-1.50824890096741	0.776614223925892
-1.4957548185265	1.05585453239007
1.55909265169934	0.776229875885364
2.25066917452135	1.73252088357867
-0.999901833140115	0.502732540485895
0.802018704154821	0.337633996400516
-0.782233677155639	0.344921410633585
0.00532021051237573	0.0027931643169575
0.155883782185255	0.0955254116999613
0.384427419149473	0.315719500701686
0.337896000734069	0.169268131169997
0.165523154708948	0.122160047253025
0.277004100632899	0.207851032759587
-0.130652522844875	0.108447778701266
0.122059627868634	0.0466607605491484
-0.260217735858802	0.132041011967463
0.627711842004362	0.441326951715177
1.01450480132645	0.384141080456392
-1.69239843499757	0.972196555916096
-0.243466592241872	0.0797347561677764
3.16026432210372	2.56067497391412
0.667507382475669	0.311237251697592
1.55938679196028	0.776395777340408
0.370772445163882	0.16653895651824
-0.565705422504226	0.364085643139586
0.119084254440395	0.0455517800072084
1.24786396898851	0.686013215629264
-0.739203085868651	0.256301505068265
-0.411559622146361	0.330802362773027
0.22330180431083	0.208047035390899
-0.567588757232641	1.20997898442473
-0.0584001309128252	0.0610098800073034
-0.104825209150706	0.111768792638613
0.554117288796065	0.806020507948869
0.101458186842448	0.0960056665128337
-0.813813228681702	0.712049202801479
0.0236632382821713	0.0136514059478386
-0.814841628331273	0.961708647941078
0.13770957340472	0.172041093852654
0.934742493883244	0.631108613816363
1.05955666857317	0.645200330951855
0.131520310831589	0.0629233858438764
0.148598486564552	0.0373599031239063
1.5049985472234	1.27715466682444
0.132055846316588	0.0447762654002208
0.114429252789695	0.0993150764949675
0.045214269194492	0.0290364046626307
0.656460234063569	0.676166902349923
-0.236606371241214	0.0776017669502627
0.80661030139522	0.340174283092776
1.55627251050386	0.774404790364926
0.139930142590356	0.0265210820862786
-0.644388443682788	0.157000626677781
1.43146070068228	0.47602253118107
-0.644770889342653	0.156875139887313
-0.415083137355912	0.175775517043565
-0.242323132990394	0.0794545395999312
-0.827277389386886	0.556517207961241
-0.912095518052362	0.76869470087497
0.502545210708175	0.433366048351765
-0.262527967357173	0.197831361103115
-0.168686975851058	0.0973620233834578
0.147660200036002	0.0844364996591386
0.617764113608502	0.731514125437426
-0.0777845216436375	0.0345113515031587
0.413918606593206	0.313724438632088
0.161416060687149	0.118980992184896
0.521660512335686	0.432242279363023
-0.348038767036868	0.344170608336852
-1.28442020812649	1.22785388330492
0.985194860137092	1.16854554406236
0.135333574882764	0.0710607064674028
1.37090615842183	1.05179708294221
1.43645613213741	0.478161609320723
0.145828384011954	0.0367587486446884
0.374521285990287	0.168240081697029
-0.367917894368281	0.107101339671787
-0.0814625770543385	0.0360704631690969
-0.821450274200452	0.453131595650099
-0.676431466005152	0.407234724661624
-0.999910727807672	0.502761568850451
0.00899286819136218	0.00472989946170337
-0.000477872685651684	0.000517108995781111
0.0623289266746509	0.0552768747421134
1.25365696181501	0.688465240239611
-0.0280058877512935	0.0142721359092266
0.134869413308307	0.0514538660077764
-0.236606371241214	0.0776017669502627
0.315899220689657	0.174634344932958
1.08517443568451	0.820708436746008
0.577400117349746	0.299629777083558
1.93734676175614	1.20915761024124
1.2481163389551	0.687285853301533
0.379043571344212	0.17017850343682
0.840650595939744	0.616578804941948
-1.04729435938822	0.422179438065331
-0.411606579711645	0.174215663689476
0.127666695648323	0.0488134294645902
0.734689410302393	0.806521130087524
0.324218124883745	0.305437214726221
0.371834136704904	0.408114274052965
0.837741823640077	1.291591341848
-0.399748416734412	0.415800466266747
0.574243691074572	0.631680217140991
0.381126779742222	0.410970158787186
0.159797826330075	0.145957766913919
-0.0763899201591318	0.0671218743647007
0.714033854045947	0.591718984739174
0.144293478190614	0.0823788436963291
-1.2084260878613	1.68440475418708
1.03481753720477	1.87042371563451
0.351720035761234	0.306341212691427
0.148259279007513	0.0904236596394893
0.491321425781943	0.420892533175885
1.80801736892668	0.709604687458265
0.293775800202604	0.175645323013853
-0.204894186885269	0.111480217397769
0.774551052314984	1.00884215076552
-0.476723727334087	0.322090711484819
1.13352592780949	1.39885369422254
-0.409494633984721	0.172959670039152
0.130035213829019	0.044048655482993
0.122671652034998	0.0526898037420704
2.09903484483183	0.941607866167158
0.12463831222282	0.0535028527137171
-0.538151618981623	0.206588191897496
0.802281286210352	0.337872104439243
0.130009568369876	0.0558574013678145
0.686596228698341	0.44753134673146
-0.518524306873108	0.27638815782859
1.22734330447182	0.846982663609958
-0.263891522182683	0.134239415908934
-0.00723604804492206	0.00376357802223597
0.126270275977044	0.0604689705158968
0.290541916302672	0.199214471845571
1.33018778743266	1.40617990391687
0.314222664084823	0.173554444458514
0.48324098684968	0.304056650901492
1.05353377336681	1.22495608309299
0.523839643318587	0.301727615293992
1.75721862590857	1.79281379193199
0.344267910454491	0.172556784683622
0.143665287756915	0.0427236629465922
0.147685616873541	0.0372140815523598
0.429138140572359	0.17277091636147
-0.0906366837198948	0.0400878634997561
0.670261397806108	0.312920763191569
0.935545450234915	0.63110116304026
-0.213912936266721	0.116922293610709
0.967128651231593	0.782923821107327
1.25561416805772	0.693634697863814
-0.162442973725322	0.0592138065020847
0.803676101253231	0.338560822354516
0.420564830185675	0.1687012908538
1.07857968977427	0.811923525850064
-0.625984455329668	0.30451398202405
0.130930392317291	0.0562124990464871
0.129566273275525	0.0620577690433059
0.425731903869299	0.171276253891763
0.147211981908801	0.0371529932006973
-1.29602411633073	0.591175930859625
1.06553863420746	0.650963955662029
1.46120592397096	1.46536847188274
0.169124668541667	0.145431522754311
0.164483987599798	0.213664560593077
0.276047121225058	0.297124278594581
0.0325548288158315	0.0310623787122768
0.359435272270431	0.324445292706596
-0.525624956087993	0.610952161052601
1.26969846327129	1.97804542851269
0.264966288349621	0.213728613815648
-0.415752979871155	0.292678436470524
1.11819828121697	1.14496559274868
0.0852985903568217	0.0620842366444747
-0.428646506885067	0.557203107940117
-0.147932850531882	0.121269669580962
-0.569797358018383	0.367162518067779
1.43657196137551	0.894571483632581
0.963431378599204	0.778471600035043
0.482195339047697	0.303382086426193
0.648993667183473	0.205806233366664
1.25242337421849	0.689036040188378
-0.0405666935313584	0.0322670161795212
1.76222868299771	0.988937089046917
0.165674493706675	0.130396566765463
-0.41699461742993	0.176372793392454
0.141726775817505	0.0358473898154438
-0.419899321881331	0.178034045801847
0.150921468814773	0.0379194736694598
1.04689591619914	0.507818294012664
0.801755330227302	0.336545278543495
-0.647461655721112	0.157598110120326
0.881794437377797	0.474364913068797
-1.04333787761146	0.419567920605661
0.13033881931918	0.0622518710002887
0.144615475180464	0.0762505901843707
1.21551180776735	1.18530800203229
0.331919771166066	0.165757490955413
-0.138088080785644	0.0831318539459297
0.522345185258431	0.299891008679806
0.422836315481735	0.302932112700343
0.928204633721644	1.12382502547002
0.651349240994328	0.207129762624853
1.80892476946184	0.710964612544011
0.147211981908801	0.0371529932006973
-0.750450153330483	0.260698014203123
0.932829613639135	0.244963311679429
1.01970949094797	0.387091911393297
2.32165475045972	2.73909381585676
0.800721225051069	0.336355711547751
1.31147797650061	0.575223127248405
0.159175006356997	0.0973975975257293
-0.812960163632615	0.545056277775526
0.141370077382639	0.0745413567832211
-0.167267366049274	0.0609436470739813
1.51825209928884	1.82681671827759
0.671567285471957	0.313972657940135
0.29084739830378	0.198822080413861
0.672673403940124	0.314898367961165
1.0973503182561	0.981631015547009
0.670261397806108	0.312920763191569
0.297713974927834	0.177914971719621
0.375086899156727	0.168553234624934
-0.80245843855726	0.829248189883553
-0.0686690141438951	0.0523473275829045
0.445665466648159	0.555895725762628
0.0521022641206945	0.0450383617065298
0.0388657002127132	0.0319759508213277
0.803414635990866	1.11620022862019
0.17011787779046	0.173183890095881
0.686366023282256	0.928010487707706
-0.067117361442398	0.0428676210676827
0.833585844828257	0.757473169894786
-0.232404697226061	0.178583549867041
0.619950375313956	0.813524794962362
0.0980723388347923	0.0802852744391181
0.464629800058009	0.498252617120912
-0.0359249598718774	0.0240237217888983
0.529298895412401	0.440472687438872
-1.18716587033807	0.673489707564379
0.694091091742357	0.454335057245326
0.584004542138487	0.43993506110815
0.9734638305345	0.792894426638103
-0.209010108948668	0.142726769557272
-0.0217181179953438	0.01460843526304
-0.27192240529555	0.138024833775663
0.762585871762608	0.595882745737831
0.584446343651271	0.30420040934434
0.882073173610616	0.474794386552053
1.42929199523109	0.885831397627482
-1.0440627882473	0.420113469192121
-1.30360431603777	0.595903269975718
-0.237477952696761	0.0778886575961749
0.885537261821486	0.476595195670346
-0.211074612087448	0.114798528684394
0.36674549437557	0.164249520021009
0.446927488583187	0.301589479911062
-2.9355919300569	2.19417018466669
0.376161795930662	0.169144742488819
0.299573153921712	0.179311097639973
0.653601146228235	0.207521943701603
0.456144188675783	0.309613457598113
0.765440985791128	0.456016644643099
1.25189292169615	0.689841585471618
1.3179205498072	1.38340101131174
1.21066949976682	1.18135036371749
1.8524306233588	2.03365040213884
0.769724706576117	0.458806726041265
-1.00337604243393	0.504614190424239
-1.83334580943494	0.755859310527549
1.43882340562666	0.478615560848155
1.95135265955319	0.45428366780025
0.125814958951753	0.0426379562652384
-0.426897271541116	0.180655079955326
0.664074050861189	0.309578167183628
-0.788370303416665	0.349083376814077
0.150921468814773	0.0379194736694598
0.147711566649	0.0436919278675976
-0.329579122799	0.153749164617559
1.44582447327455	0.899727358487335
1.55125607563751	0.772432148878795
0.127629604761486	0.0488205219881876
-0.170110577552325	0.0619558041516788
-1.51118867054998	0.779819847007487
-0.417467411302943	0.239161366765612
0.550514653115071	0.436136806642387
0.173187407226279	0.163436797729574
0.0187031593049616	0.0219899466220127
0.175325745338879	0.185539588127534
0.127790540185491	0.13429104009665
0.0985250225103185	0.0808921459671235
0.0902933640136513	0.0658507568823227
0.0593433330743812	0.0515437957196744
-0.673827240537611	0.751675907542079
0.929554758186029	0.62448296472966
0.00269463554967031	0.00141487384273036
-0.157421481418236	0.126590613382241
-0.0195917886141691	0.020380513488757
-0.0504090893436037	0.0330289022422693
-0.481478921500459	0.326482330446771
0.483378860077545	0.304016369240328
2.09761678300046	0.940719512481992
1.310612918568	0.574810701056327
1.22472835119584	0.842174246105442
0.509730325059622	0.183209946756868
0.928610334889687	0.62342868789514
0.0649592439141442	0.0437411591395347
0.410419341029752	0.310528652636148
0.498141790247763	0.512272296912973
0.133184693597689	0.045081783840785
2.09581547295033	0.939333405111585
-1.00846605927864	0.507906940676498
0.931950133432299	0.244413497437813
4.56397911921196	2.56833586874629
0.807174604124676	0.339947339299481
0.127401176765911	0.0486776025592294
-3.76853265433323	1.5149268511572
2.10142264111892	0.943067738907912
-0.125872348868713	0.0505877679549075
0.5354454362353	0.307422201250693
1.07775087498376	0.810949720400606
0.526679401416908	0.437107923239001
0.340313318556945	0.170581749630853
0.421218083319536	0.169306142598634
1.43602101245823	0.478148523404795
0.146831091835794	0.0369592007582587
0.802584969004989	0.337412275736925
0.134993392187805	0.0402831505348415
1.44054352221705	0.895578539338785
0.136471442907569	0.0407207925774643
-1.3548781110989	0.861493019796845
1.80892476946184	0.710964612544011
-0.737482026667645	0.256039848593742
-1.00260349347699	0.503975981573226
1.04374081788366	0.506748469358095
0.426763417978963	0.171717622830452
0.881992745154384	0.47445760788454
1.4406577565604	0.479253975897627
0.318887768013145	0.176218662928312
1.31410625822521	0.57783656828618
0.182254063670632	0.20640577414972
0.0338914885555621	0.0448663949689987
0.678567502017466	1.15747653257854
-0.471086717339044	0.657362056098558
0.384672352282426	0.395657171055888
-0.580809709792061	0.627119259796522
-0.0292437040884555	0.0232184933766902
0.327149151141048	0.299507343447635
0.936113754556919	0.62965635075423
0.133592638462362	0.0573486605282302
-0.268156824758551	0.202998500814919
-0.189076538758028	0.248790192116277
1.20940909553488	1.57646037109182
0.368818728043767	0.165224491426244
0.375877720199591	0.169013848826421
1.23491521261885	0.852993243464339
0.67852113605993	0.439571895825313
1.24485974294908	0.683169295296104
0.689871470496928	0.451085824694749
-0.332400861175524	0.154909270721447
1.02259212061632	0.388312776500153
0.672075622959684	0.695804288558448
0.529950054663375	0.305537045368029
0.0700686082684258	0.0522401969560311
0.809152231594216	0.339586730779702
0.651896042016441	0.207030647505349
-0.366464707125696	0.106727724314083
-3.08991345953591	0.960747174631736
0.504647904803176	0.181052956645613
0.139333258450746	0.0470277427412695
-0.238619080974611	0.0782457591467586
1.25207815834684	0.690106296456495
0.42791787344274	0.17200805643275
0.838115235623637	0.61467564778024
1.21021961119662	1.18041642118547
0.130876868199433	0.0500409830206624
1.22253341433224	0.839705991527618
1.04294695174601	0.506041139211412
0.585550672734543	0.304938403297854
1.04422282616674	0.506574585851397
0.312891222089629	0.172626690728688
1.08484544262163	0.817316414772313
0.512314858404992	0.184147765390866
0.127404599016016	0.0486879770090128
1.76619355220641	0.992787073850311
0.14103192177006	0.0419706320314239
0.967297763400641	0.781717870424302
0.195800432065954	0.210271980231657
0.0312895353456371	0.0385036414898288
0.167588135452864	0.15768979947247
0.470420437230448	0.693049329150678
-0.133771820904408	0.111278051649298
-0.446405448592698	0.429689468241228
-0.464463144071164	0.47565521884504
-0.693915168936729	0.864278335265368
0.0717956486542266	0.0483373267527054
0.301953345319122	0.180909107034235
-0.889504508777541	0.976782150719595
0.228765332876961	0.33275134448637
-0.0167591152406591	0.0114804930343784
0.76654218929704	0.45567028473657
0.674245853668489	0.315896632523772
-0.118205350485196	0.0476614114297141
-0.169429544051113	0.0615948708988973
0.24132048322379	0.221906552779814
-0.299123028729909	0.191877194940018
-0.418024609494646	0.295158803815576
0.933927540837272	0.629926849645895
0.886827870871143	0.476712822283004
-0.239975824588399	0.0786192096818251
-1.80379071234984	0.398266610487963
3.2530948013434	1.10108931722157
1.02118575779327	0.386986467154184
1.43426258001525	0.476487353747323
0.762736257358962	0.452340811046165
0.935515179855096	0.245440180005837
2.73288680278306	1.68120863105683
2.33820696694681	1.17549427117663
0.140785309842846	0.0419396944428236
1.55042853323998	0.770697042585978
0.119209923776022	0.0511702948748555
0.585371003295135	0.304133464774019
-0.0509501415288986	0.0244770370817886
-1.85399828490284	1.17971790952242
1.93949545737623	1.21385852905807
0.506024897221242	0.182012241745483
0.933710809861868	0.244826616527384
0.126079963588286	0.0481422666847844
0.126246634046377	0.0427797401919976
-0.0803043962779948	0.0355992518776308
-0.789360513665424	0.349747285437635
1.37182870789096	1.05299427142307
-0.0717650171483837	0.0617842175776076
-0.115110343347233	0.136240253081704
0.316566173855962	0.313524272646814
0.518290715123424	0.659149473061373
-0.671946639562232	0.710558927413474
0.713050479327649	0.949519064805246
0.439908729450836	0.502584291873497
0.138913167654702	0.0733118528154449
-0.621263855609833	0.516146239193715
0.429987728509094	0.416025596539702
0.188169744861685	0.226128594842346
-0.71668303792366	0.642170144266572
0.942337183733352	0.930431518989802
1.59218522546662	1.10629321512294
0.765877824116436	1.07194610799692
-1.62399362174501	1.26060777395395
1.05517783327023	0.511876756823513
-2.49201763621784	1.41455564903887
0.0358242719663248	0.0280239526669852
0.291742601920864	0.188264592513655
-0.709867723385891	0.574678831472636
-0.511218585972841	0.272330654250048
-0.164767698413953	0.0600142622210228
0.421218083319536	0.169306142598634
1.43511052997664	0.477089390053173
-0.738391052425425	0.256391693854344
1.80409513671821	0.707822997900645
0.510007909511423	0.183564268952108
0.87853661267738	0.472390539880406
-0.0556183204186848	0.0267012708067225
0.767950428180953	0.456936702858372
1.37264666039715	1.05453119457272
0.336629451938788	0.167942510333458
0.297319711511355	0.204036140238522
0.00207042020545481	0.00108218202936098
-0.332886534729303	0.155232224225155
0.518549439351782	0.297878069984123
0.881794437377797	0.474364913068797
1.87978662218997	1.6090024974102
0.125971845710945	0.04268091793272
-0.0809627151604905	0.0359217727600921
0.767312907583346	0.819889065097875
-0.0199180665059716	0.0165860171563468
-0.161308666000935	0.182825191124183
0.300256542034144	0.407174507764814
0.303207292163605	0.311837774326357
-0.15877448314445	0.158818016382259
0.354110884156218	0.384101747261032
-0.545383387112695	0.692860237799588
0.705556787869925	0.794277812599512
0.262220250538454	0.202986668275649
0.405894482282454	0.484773110556769
0.233807385420843	0.292248682180782
0.22818248205653	0.233442876146832
0.0646122847039058	0.0434495684570614
1.04998407917682	1.21668071524282
0.582263873693322	0.30247836051595
0.331064822978576	0.165127670876216
0.289967992151531	0.208996891034692
0.650989123300468	0.907342103459925
0.471952266445416	0.29423329194602
0.824642539965777	0.747722322630146
-0.353708360654699	0.215507889134792
0.500634144910009	0.516601041540868
0.776464024582399	0.834848587082051
1.08662983374625	1.47437664279049
-0.11222121740687	0.0452297350951107
4.55870770606605	2.57300473337348
0.805070042197189	0.338557112187809
0.146301463254213	0.0369121679082859
0.508367320272208	0.182688579641735
0.885537261821486	0.476595195670346
-0.563540043416188	0.361373650446344
0.691803030000385	0.451748514699611
0.338564272136817	0.169450480063069
0.131103414420957	0.0563135018124023
0.473951756963967	0.296732102514007
0.583550386318695	0.303122682771648
0.890853020300409	0.770781018483364
0.134054080736754	0.0704792038274867
1.05739759631228	0.644189705779026
0.779355761694433	0.464369979714592
-1.47008447288087	1.33249833494367
0.499363800640492	0.429666463111003
0.27445841378486	0.294459056745076
0.458697158024587	0.875833508537918
0.273581329258018	0.311350050494707
0.853244968508723	1.32744317141196
-0.348374251959908	0.367747823673879
-0.161444893800252	0.14561696419197
0.399499456366783	0.464621017581115
-0.0773165791796732	0.0495143115116466
0.380469451757395	0.311967968795434
-0.335337246244792	0.305756435584867
0.26485930764756	0.363272803059501
0.13155152063707	0.0630207629562641
0.936002181174413	0.631043247251884
-0.00100037662941337	0.000486248329303378
0.553457773888185	0.4395112176003
0.313529002724301	0.432147831714422
0.392720766030106	0.309824854319139
1.45415609696675	1.45547543913793
0.294995653523018	0.190264307812451
0.121066851147808	0.116632254070507
0.585069143821422	0.439490442053209
-0.178215472350382	0.124632752046426
1.59609148573164	1.11075111535149
1.76010341944513	0.986120994847678
1.22235999871078	0.841611880836867
0.653242855413462	0.207522075223881
0.67266312264444	0.314512022315772
3.39510991947254	3.25967323179737
0.479621823017321	0.301452244569939
0.339377139335487	0.169976696559763
0.519771125090738	0.298412908391346
0.51174254082849	0.184178364192085
0.888763249600626	0.478179456657525
0.481329574844521	0.302972226147493
0.315594171719568	0.173873461823536
-1.04010501166836	0.418219287530912
0.13029932403335	0.0685177717336874
0.521757783360781	0.299494739619949
0.325620834239505	0.315433555250544
-0.272406274339702	0.251842969435415
0.397447187992768	0.40068353452936
-0.0322724864770963	0.0260440277082023
-1.4957548185265	1.05585453239007
-0.65470180780374	0.643301171331116
0.262265362337308	0.231952498746285
0.298346323888161	0.179029117042588
1.04477301317624	0.506956885971242
0.803676101253231	0.338560822354516
-1.11948357351333	0.773581705217297
0.284153931843417	0.29501379905779
0.550874409386497	0.437380943558032
0.345833190903694	0.173348773941361
0.878091640297086	0.470420535032834
0.191295012957896	0.194245870058618
1.01881061691072	0.386619941894425
0.680676027164811	0.442389152344274
1.07564861550256	0.807816708877608
1.2515766669606	0.689788385908174
0.803109682744645	0.338252847610738
1.76484406348662	0.989739098820334
0.427016536312027	0.171675195348067
1.2510477708057	0.690276905484279
0.716196503519517	1.24346483383652
0.154905678232666	0.18590992916985
0.645442004885009	0.754201050632137
-0.979893150345614	1.38767892165329
-0.523137688832115	0.489458318973002
-0.263760895556713	0.225327687240027
-0.136459875497408	0.0821573668139815
1.31732394649098	0.577596717444378
0.517537290215165	0.427678986695537
0.294832404975643	0.176389851111623
0.132828486087372	0.0699098231211162
0.12620421785317	0.0540884181719938
0.426509628253346	0.171575902443478
1.33804613224179	1.22165111704173
1.75749014161533	0.98540509845969
0.371056022348203	0.166697220282981
1.80520382516112	0.709003956616184
0.375308450248779	0.16867150412803
1.22230856001446	0.840284647994588
-0.0844611288241775	0.0373475635316252
0.638626657435362	0.45150026241065
0.220337624105362	0.214661209941616
0.265316293594116	0.320525600006117
-0.3865012235444	0.380951103539703
0.502563235085781	0.517941057204142
0.128326549056664	0.130787238347806
-0.0564329914841847	0.0444265483915314
-1.08854283486739	1.38964325635645
-0.824696013652662	0.55442256945478
0.82589803831352	0.867805628531484
0.441227884504391	0.415607046230052
0.880703584429769	0.473556056720163
0.13111954300145	0.0689716738396452
1.43554514923892	0.477898562880183
2.0967159187814	0.940286941886901
0.838623549051767	0.616261842505013
0.92862160547707	0.625418191608055
0.686100353188408	0.448261047174541
0.297713974927834	0.177914971719621
2.04476128533528	2.55899445389283
0.631386131021996	0.570525727306387
0.307438346184232	0.406963464927173
0.624598521937009	0.87626841945649
0.404833767130724	0.52913093048206
-0.0483627472293703	0.0441775066825371
-0.519045698019395	0.720818850781524
0.607426430437224	0.567657837946456
0.42477638229932	0.304945755420439
0.3710278194285	0.397432639161408
0.517126002254278	0.296096684063671
1.229151241934	0.848002492808298
0.514659313486759	0.185330599053687
1.31876238356208	0.579389020639623
1.03923292857735	0.503225657584576
1.09864855011389	0.984851313598566
0.475548384643937	0.298007561839089
0.485829624319505	0.306092585531553
0.140369378009766	0.0801709730822064
0.501965442360095	0.431888086777313
0.417213895312881	0.316700222047336
0.165190832073532	0.178750316032143
0.267409499826151	0.302235306134541
-0.474249645751052	0.524554196629464
0.351489059534778	0.398323437151204
-0.0797278431869806	0.0611042078041681
0.600892738165192	0.560428157824768
0.683035321085678	1.00868807625961
0.44278625250157	0.479950398354623
1.53637685771123	2.51989919488882
1.99596802559899	1.86569370696915
0.769250328651083	0.458163362107987
0.482975414404131	0.303686743250901
0.292843723720049	0.188733259007699
0.261910300225302	0.203147565854019
0.168377306451365	0.13290885986961
0.0706365297385883	0.0494253584421373
0.363641672573756	0.397110617607419
-0.239834352146134	0.185216068928171
-0.255481081031118	0.23947884538177
-0.277631798385456	0.280895428656591
0.414332836912567	0.313610053085132
1.08540552562239	0.959759726844284
0.625413822290585	0.659977662376779
0.593681883789449	0.715474521550666
-0.285732166565864	0.32800510634726
0.735328273631793	0.888867204471779
-0.0326529298584153	0.0291709028567833
0.434013919252926	0.313181633473649
0.167727641041259	0.114455392752767
1.45516319051721	2.42357965999035
-0.369581547173266	0.3608933848245
-0.355726271070016	0.399684889181683
0.0673325370362352	0.0470620912019952
0.561777836939174	0.840158486085487
0.367272067931653	0.39272287420363
0.270199266796714	0.218300370954003
0.708194770551063	0.87344557933591
0.497888996686758	0.585737162225099
0.276498338349916	0.297607439032037
-0.00956466510491633	0.0066467618393774
0.58462471803977	0.304184290374938
0.26828386281699	0.208849069727938
-0.262321854899336	0.223315197036557
0.670208326705374	0.832924058831736
0.734044742081701	0.8065958595058
0.42311339457533	0.169929187550257
0.401520043178077	0.318040510676277
-0.356594337945757	0.258857887805517
0.283848333398998	0.212980246144019
0.163111342362836	0.105856005806103
2.41975097976427	3.05916330384529
0.88871520727212	0.768308061909512
0.826471760018934	0.749521872919
0.495059053978968	0.424552440465648
1.39912434419956	1.74804554719388
0.357607970130503	0.312324936120276
0.548945307176615	0.541618871980905
1.69562085455097	2.57094153817927
