x	y
-0.237964363432232	0.0779752644503507
-1.70197680181902	0.97994976635051
-0.745246297326046	0.258886832464192
-0.566963254431508	0.365379550139025
-0.333462346010832	0.15544043726936
-0.235702342750488	0.0772348714749425
-0.751027518459726	0.261129168281002
-2.13825329120308	1.65693752426612
-1.53645538754434	0.554877978644979
-0.359365673988087	0.104727737543846
-0.636543067206528	0.308932202351327
-0.747055356811924	0.259655588067032
-1.63137175454245	1.27060861115875
0.531117601205993	0.305626865698228
-1.35180934443412	0.859632448827886
0.133973111041317	0.0706248092852747
0.835783624323339	0.612941244488196
0.367804682936512	0.164972913507321
-1.18438075890342	0.671114459292441
-0.817576179500733	0.639427784617591
1.37217312001166	1.05652988804527
0.648390697278338	0.205622460530046
0.334859619278704	0.167367358700209
-0.608413416139139	0.454792813132789
-0.81468348292415	0.450209613387948
-2.65452692260464	1.65450383238421
-0.626975244966897	0.304549343118473
-0.329317511719044	0.153288395629677
-0.209822800521551	0.114447261749222
1.08146654994019	0.816574200762526
-0.620210379338719	0.300386716586819
-0.810075741777092	0.44670773491037
0.142761726532005	0.0424383939640617
0.127139358897129	0.0486135320129704
-1.24566486287314	0.953522984487639
-0.356151601955719	0.218135671464287
-0.359911076994201	0.104872867536805
-0.534119830392118	0.204770125602286
-0.366464707125696	0.106727724314083
-1.49485063773421	1.05409450936232
-0.91774277074165	0.777609980284809
-0.160606318496032	0.0585053816652521
0.129294713966626	0.0493809262988417
-0.975062557948543	0.606925512170839
-0.329094468580607	0.153485560574559
1.43736854221364	0.477697177929381
0.428337085783734	0.17238502095994
-2.49201763621784	1.41455564903887
-0.741848012858367	0.258096023054699
-0.746398951925364	0.259006606566591
-0.351950237972585	0.214430252744654
0.650444653728205	0.206870989076807
-1.24226787162339	0.948035695176166
1.81120016539257	0.709851988767397
0.879109335937713	0.472093996764405
-0.0827248743193607	0.0366231336985067
-0.816696799070678	0.54756736312048
-1.15300618747366	0.353816991053109
-0.518524306873108	0.27638815782859
-0.328883028563903	0.152999602912908
-1.27205650417044	1.2069381968626
0.126267491942015	0.0541741330369721
-0.236907687744681	0.0776141769879425
-0.696605790554782	0.495036686444559
-0.510945868958804	0.271378872046795
-1.15253539705602	0.353154418604941
-1.83539757756382	0.75750800966345
-2.58478470503525	0.675813541092272
-1.15755644738434	0.355289941594665
-1.80379071234984	0.398266610487963
-0.640820070260403	0.156173374069777
-1.15345350292765	0.353548980162923
0.137209797477049	0.0464410009267909
0.34234124116375	0.171248096465625
0.124279063685735	0.0593825518299378
-0.44248497879427	0.460042356557008
-0.0255952075563216	0.0131051879107047
1.45585348622333	1.45902399043554
-0.232472770636219	0.0760207535555694
0.1254510870501	0.060061920728133
0.842321114127096	0.618201037365023
0.126380894026797	0.0428651612574455
0.140458165206262	0.0418615852654621
-1.0014834948517	0.503689162250359
-2.58428653566473	0.675727611967995
-0.56567573925304	0.364414480316411
-0.412168831892509	0.173912902882032
-1.807243397525	0.398882182291443
-1.53235676509745	0.553502300358264
-0.641207204081918	0.156050090719873
3.92014768119151	1.72455292462658
1.54868705422368	0.770114878924921
-1.50379949164865	0.772972900650777
-0.1645988737961	0.0599392345868267
-0.482102979181881	0.327207192994924
-0.415283378544705	0.292804165217356
-0.00276197963555492	0.00141019460436375
0.127550853913579	0.054681298179081
-1.00951280160404	0.508764632003384
-0.304239734680256	0.225223695318263
0.137706219346659	0.0725476903197983
-0.63127269362914	0.307180413649044
-1.25327928104617	0.960983267233427
-0.421251670083349	0.241931417385535
-0.745575630010693	0.259159802580382
-0.719367601394181	0.644695205212917
-1.11720208264229	0.772327957576776
-1.53127286779506	0.553105673100975
0.135344827059028	0.0258639507496658
-2.09002422236249	0.96852720746282
-0.78489108076276	0.346823398999766
0.140785309842846	0.0419396944428236
0.163983536420555	0.106474497978248
0.763803383012901	0.597432530758847
-0.958649841779637	1.11095513366734
-0.52187674342145	0.401063892496579
-0.138984687725429	0.083630168842647
0.423297554136293	0.169650514200448
-1.85619123015914	1.1809311205765
0.086106703440885	0.0626969897282979
-1.15486421229877	0.353960755591684
-2.58817701744193	0.677412741892899
0.139930142590356	0.0265210820862786
-3.08953695583634	0.959084825597379
-2.58453548475525	0.676764203908389
-1.80368476738292	0.398254084963023
-2.58478470503525	0.675813541092272
-2.58453548475525	0.676764203908389
-0.647461655721112	0.157598110120326
-1.5318146928413	0.553494474919415
-0.410542928737097	0.173545077062394
-0.787558915132848	0.34862507972379
0.47757408890564	0.299402958096368
-0.62519244486668	0.521354327217413
-0.410466022549811	0.366596437198409
-0.692302989032314	0.492485866913609
0.0262153906972773	0.0150783489379003
-1.00417383279281	0.506023554653868
-1.19326000078834	0.678118705730794
-1.04672508023987	0.421388808602623
-0.747205042395714	0.259333196173835
-0.358123262300442	0.219064224114188
-0.731715572069632	0.713511739066053
-1.80379071234984	0.398266610487963
-2.58453548475525	0.676764203908389
-2.58428653566473	0.675727611967995
-1.80368476738292	0.398254084963023
-1.80379071234984	0.398266610487963
-0.644770889342653	0.156875139887313
-0.644388443682788	0.157000626677781
1.55725919812634	0.776293467065032
-0.819847659478136	0.642743248611107
2.54488970588519	1.41578822197631
-0.251824509635015	0.167183627982227
-0.35678776053833	0.218268877932569
-0.46690483773823	0.548470491172175
-1.2062006249234	1.67878116288909
0.519156345434223	0.429422982969082
1.43837405811374	0.8948801692274
1.216700721895	1.01825645551197
-0.501323550051364	0.434428400264894
-1.29472617400731	0.591702964733025
-0.353498683035303	0.255221175737112
0.597667354550505	0.557371769354017
-0.288929505708671	0.184641976162842
-0.416683138160911	0.176658736963844
0.648993667183473	0.205806233366664
0.805769324127157	0.339679478238357
-2.58428653566473	0.675727611967995
-1.80368476738292	0.398254084963023
-2.58453548475525	0.676764203908389
-1.807243397525	0.398882182291443
-1.15394884803957	0.353566779644249
-2.58843250021574	0.677477739401539
-2.58817701744193	0.677412741892899
0.139373629020068	0.0264474830594518
-1.53273207896643	0.55406409993797
-0.0771049008967734	0.0341811221278756
0.0448119689211271	0.0287849174906489
-0.806787581332983	0.94763964296261
-0.151458165911011	0.108204126059699
0.00651700030446813	0.00340360074148197
-0.462070210965582	0.363786426664561
0.0376432073478207	0.0229973430983238
2.72851893201269	1.67945443911584
0.527066972416775	0.303375300820722
1.94456183657453	1.2164275773858
-0.0690439345335085	0.0441516046285654
-1.62361854154227	1.25996160901076
0.130744221929315	0.0626632101184184
-0.511417147047862	0.271769410653297
-0.816757908860855	0.717149384742556
0.135673678815912	0.0458252950414776
-0.306539844122055	0.227156852865218
-0.816261479678453	0.636249969701256
-0.941862087111991	0.697610928690782
-0.124064151874363	0.0499563084162275
0.135241571366043	0.0457978406238609
-0.788092149452314	0.348156649758313
-0.741276499011426	0.25781621104378
-0.235702342750488	0.0772348714749425
0.143549438263141	0.0362330396689423
-0.74730280862006	0.259785520477436
-0.643123124462485	0.156504140249688
-1.15895089420025	0.355454865791994
-0.643506271279338	0.156786530055825
0.139930142590356	0.0265210820862786
-2.58428653566473	0.675727611967995
-0.421212550689684	0.241743316669033
0.418555138510212	0.298710553003373
-0.414847659867812	0.291771546429724
-0.150597879405278	0.107562726905708
-1.06455768128346	0.863427697779504
-0.788272066928701	0.34905422630462
-0.544676860697881	0.209125800517674
1.43693291937878	0.478412112216202
-0.208996506098626	0.113885425204439
-0.790711532679895	0.349867124124677
0.514659313486759	0.185330599053687
-0.115191383174165	0.0464576903941925
0.129522219655271	0.0681579400887747
-0.11222121740687	0.0452297350951107
-0.26011307561822	0.131796339993091
0.510875541395758	0.183928738190787
-0.669560756830165	0.40159438682992
-0.746151045211633	0.259667037559905
-1.04729435938822	0.422179438065331
-1.29826407772452	0.593186558976334
0.585069143821422	0.439490442053209
-0.217618042502576	0.118996233915782
-0.263039407603636	0.133242337364442
-0.742182711888573	0.257807372285815
-0.625481845066128	0.304067520719002
-0.534955549485768	0.20533826801366
-0.640820070260403	0.156173374069777
0.139884098064408	0.0416988824150201
1.80646672530512	0.709284888569376
-0.743838178560171	0.258439685322713
-1.15392338036234	0.354212278509058
1.80520382516112	0.709003956616184
-0.788272066928701	0.34905422630462
-1.53327386150544	0.554071585244721
-4.01299394869743	1.76442641905919
-0.742419833798786	0.258214778445979
-0.12251310002018	0.0493311811331522
-0.807889665940061	0.445090215852943
-1.1148254364377	0.770236513330685
-0.361135025894967	0.262595353788239
-2.58428653566473	0.675727611967995
-0.644388443682788	0.157000626677781
-0.362166381635235	0.105626912484328
-2.48596638048581	1.40793454162515
-0.120221895582485	0.0484021148428881
0.1413598194657	0.0421025960431846
-0.741276499011426	0.25781621104378
-0.547759660466298	0.210426051094333
-2.30011795897942	1.17842837547358
1.01881061691072	0.386619941894425
-1.53219054338251	0.553674997524989
-0.633257498052175	0.308082292759909
-0.511888508228291	0.272084462032796
-0.821621780582874	0.454133904102265
-0.111644440355427	0.0449592610623866
0.338908918711688	0.169488009939787
-0.626766920440267	0.304444801690903
0.134017031435675	0.0453596828980063
-1.52845204149787	0.551521368985269
-0.36125776400353	0.10521302829144
-0.123774166039407	0.0498612949473713
-0.164387942822071	0.0946748838876151
-4.01355559579839	1.7650763449388
-1.5125459287448	0.7795227654022
0.796209618447384	0.334179844967257
0.148598486564552	0.0373599031239063
-0.536916905059439	0.205820498292262
0.130304023458337	0.0497578171777221
-3.08991345953591	0.960747174631736
0.650802186307997	0.206632813066924
-0.643506271279338	0.156786530055825
-0.530588147709039	0.202983488424755
-1.53127286779506	0.553105673100975
-1.24653816843506	0.954891618753123
-1.24722166944133	0.952093623124848
-0.706304836506971	0.50437944034546
-1.8359662765192	0.757377146649207
1.0130279017246	0.382955756204677
-0.643506271279338	0.156786530055825
-0.644006342900786	0.156718049862583
0.506315898519982	0.181852445327471
0.615912111964865	0.429516175469953
-0.422075454177104	0.178557882335538
2.335105510004	1.17068296824542
-3.77773358560313	1.51350236051967
0.137985828570291	0.0725907510360288
-0.267259189939473	0.135896801529097
2.50571950806247	3.3371661490861
0.134034043386139	0.0704410797514968
-0.516555109458473	0.275287828553836
-0.694061164797214	0.491959296376643
0.0649592439141442	0.0437411591395347
-0.115191383174165	0.0464576903941925
1.31349145731342	0.576107730106197
0.968870967686883	1.05768975471321
-1.17195908310943	1.03338858853033
-0.208585615783043	0.113708800471962
-0.0256218817739652	0.0131208397951926
-0.631583032546464	0.307380080346945
0.450393167696754	0.304876320614603
-0.427555582456128	0.2461134271671
-0.464629251119928	0.36723138412994
0.00141524750314463	0.000744194477126029
-0.0181113323717984	0.00938672155539116
-0.816962552596622	0.547016997135493
-0.408389278763485	0.172521995430745
-0.231902563698962	0.0759328875160839
-0.531995963675557	0.203626498317514
-0.168882286622644	0.0614263520611943
-0.117286194918503	0.0472237307229723
-0.208585615783043	0.113708800471962
-0.805857661586363	0.444252595919224
-3.46538037258837	1.25291021678476
-0.232817046683503	0.076320654332776
0.142206421270329	0.0359541333965371
2.74877977095104	0.77489585677119
3.62559622686951	1.43343777832231
-1.83875848168522	0.759162449562453
2.09276253598417	0.936728533565338
0.51408721869374	0.185096174251148
-1.04333787761146	0.419567920605661
-0.673314550301141	0.404979872545956
-0.264862402408207	0.134362415317849
-2.30137588419491	1.17969921492116
-0.791745678755755	0.350963339322673
-0.0581882332095024	0.0279013771612736
-0.238535498919549	0.0782368452146959
-0.416678053457735	0.176199717074817
1.2555313328671	0.693014411465741
0.132620364305083	0.0449502398034842
0.138983315146558	0.0414025350222139
-1.5360848806456	0.555230368935604
0.766388555760097	0.455906802737379
-1.85619123015914	1.1809311205765
-0.625670173867328	0.303791256789512
-0.416406198179431	0.176293113457099
-0.0459809012496877	0.0221530462587697
0.136934224057857	0.0463018278790837
-0.260622600593223	0.132363581503456
0.125053384432414	0.0536187783474695
0.136471442907569	0.0407207925774643
0.672145456483834	0.314698451840055
-1.18158933926976	0.667896337203291
1.55642181666941	0.775769693892146
0.139116366788222	0.052882278254538
-0.745575630010693	0.259159802580382
-1.35058811839982	0.857426271224634
0.653601146228235	0.207521943701603
-0.540582499054048	0.207502129989812
-0.122184114556964	0.0492063967765336
0.426763417978963	0.171717622830452
-0.508014720052232	0.270071788281819
-0.743896854421394	0.258064932248095
-1.15439361670696	0.354342573020678
-1.29231840462832	0.589747004566986
-0.0535355743675058	0.0257109021875868
-1.51091888098795	0.778169586560806
-3.46927590533187	1.25338166490445
-0.791032726258207	0.349127621361829
-1.83448317285978	0.756769538624434
1.43511052997664	0.477089390053173
-1.53127286779506	0.553105673100975
0.145828384011954	0.0367587486446884
0.426763417978963	0.171717622830452
-0.361622063644185	0.105340752849314
-1.83933150009103	0.759192863567997
-2.58453548475525	0.676764203908389
-1.24595700312149	0.951166631866175
-0.571087568802147	0.367832925673355
0.163797216822109	0.116244374152228
-0.328831196592297	0.153006686566565
-0.116866819661468	0.0470375235131344
0.306940285540547	0.18458164099003
-0.211906143148332	0.115803402542726
-0.50983094544039	0.270635095407691
-0.207311513823846	0.112993032487741
0.128529592821195	0.0551795940565614
-1.36553454667542	1.3872086328991
1.50657978595453	1.27996097171153
-0.106138936962679	0.0660734317819336
-0.510735637908211	0.388695775275044
-0.076317843672021	0.0338489964275553
-0.626262289418769	0.30408029518159
0.157085742001305	0.106793848726354
-1.74877246692928	1.93337514843362
-0.0831977721764975	0.0368280039842016
0.13279405965443	0.0569890673700884
-0.746726771319564	0.259871772377509
1.00590210357022	0.946633024947968
0.762532076882175	0.452533159132505
1.25214778019186	0.690181006466159
0.130696468789369	0.0624629316306409
-0.354970012940517	0.216580933962114
-0.270175037321991	0.13713263794754
-1.16257519536487	0.356251231866774
-2.08409075306825	0.962306691222641
0.125438755776582	0.0539125712291976
-0.0821850494427267	0.0364012227030386
-0.0476014008626157	0.0229316892611167
-0.999109679756036	0.50221030256292
-1.6964033579819	0.976503197657573
-1.50755969563052	0.776743410627958
0.336951372798464	0.1688159810196
-0.626781417742501	0.304966990645863
0.14043408111114	0.0740818224826568
-1.4927426523254	1.05128652631182
-0.119470237064633	0.0481183717796714
-0.809826220144981	0.446245617678367
-0.332566821175194	0.155089866310951
-3.08991345953591	0.960747174631736
0.932829613639135	0.244963311679429
-3.09408861819707	0.962829753125291
0.139373629020068	0.0264474830594518
-1.53273207896643	0.55406409993797
0.147211981908801	0.0371529932006973
-0.742991962113009	0.25807407437927
-1.54037392610232	0.555673685460265
-1.15486421229877	0.353960755591684
-1.80368476738292	0.398254084963023
-0.33434410647939	0.155866546092207
0.120968824979378	0.0462221149018486
0.137209797477049	0.0464410009267909
-0.162988659613012	0.0594305969388654
0.670810620872465	0.582218377688899
0.799437652307309	0.33605302588236
-0.268996887038998	0.136518576461386
0.838623549051767	0.616261842505013
0.12406017577192	0.0532801367426926
0.312999413835971	0.172562461868682
-0.217188352919367	0.118728852790318
-0.788010854383733	0.348646522023297
0.931510252648764	0.628109809169178
-1.01030942569559	0.508379886648387
-0.167734705918524	0.0611523983971872
0.127632326063365	0.0547626704571631
0.766318421873516	0.455290012608178
0.127695954893036	0.0609866611199307
0.876458455654635	0.47031870954107
-0.513153722157741	0.272672395964921
0.37262170263716	0.167157964409165
-0.115696238437404	0.0466631346161035
-0.56861807451102	0.365271406558509
-0.968061682868039	0.599107639289754
-0.164885457806792	0.0600794376284763
-0.419105204222685	0.177722426333996
-0.789904941534589	0.34986194743257
0.526351589807608	0.302937607918793
-0.172009393473816	0.0993251382293044
-0.119502036025581	0.0482059612807356
-0.0822520611988082	0.0364085831997755
-0.413215219454388	0.174663650444526
-3.7650365789172	1.51294271983965
1.31262627398235	0.575986404326764
0.368089159288004	0.165084917541878
1.43541695881771	0.890799375296464
0.126110187619287	0.0603326852409792
-0.167267366049274	0.0609436470739813
0.133030288407026	0.0507304017338581
-0.415625943139248	0.175609558697721
-0.411606579711645	0.174215663689476
-0.234561901877787	0.0768788971748607
-1.04504330162185	0.420310634398934
1.95062146582611	0.454190159391569
1.04636987389972	0.507879636175238
-1.15067412918645	0.352834915266282
-0.357909997986639	0.104187393238945
-0.424678390410647	0.244587975832324
-0.993719971161017	0.497671136898656
-0.0846351485350611	0.0374911557959136
0.144384075109687	0.0881288514846385
0.13646011285282	0.0717951592640153
-0.428997998938882	0.181628312381446
1.59579331855452	1.11022985157535
-0.426365885370058	0.245201349536078
1.3791969308786	1.06382663569567
-1.69500393262173	0.973788080417057
-0.422878944402051	0.242605884796205
1.43708163641992	0.89510606428613
-0.94233085354055	0.698810697035159
-0.254848566190041	0.128639789336311
-0.331276198044971	0.154343404199691
-0.670841320036846	0.401877671134907
0.416412881982219	0.315651438977524
-1.69239843499757	0.972196555916096
0.323057978652354	0.178686581965832
1.21699883674334	1.0208400080725
-1.03979555880417	0.418029576607972
1.55558357995564	0.774858404813003
-0.536354313754785	0.205687389529939
-0.818078270864465	0.452510550348246
-0.0288666353664869	0.0147456293517511
-0.624310605649048	0.302828046887611
0.1413598194657	0.0421025960431846
-1.29882524856631	0.59401691909246
-0.167527449292993	0.0610228882448846
-0.263525383338003	0.134033111124304
-1.53235676509745	0.553502300358264
-0.239491259504407	0.0784232627618526
-0.358820522080737	0.104443282865586
-0.0841438221738773	0.0372059823141111
1.04661731927128	0.507649762836834
-0.116201193749778	0.0468543671532894
-0.208048426328744	0.11293892714818
0.130612563424312	0.0499328947737428
-0.677429409436317	0.407444202200218
-1.29512448214983	0.591490771636577
-0.426747218342492	0.245543745835048
0.649897891813891	0.206374526154303
-1.807243397525	0.398882182291443
-1.5318146928413	0.553494474919415
-0.737482026667645	0.256039848593742
-0.237477952696761	0.0778886575961749
0.145828384011954	0.0367587486446884
-0.711730160539369	0.578262486282972
-0.515087769174852	0.273809967429783
0.322222095306172	0.178204583769342
0.00320080470313374	0.00169453583559578
-0.479046549983296	0.323949661892194
-0.163517989375334	0.0941707140123033
0.424686162586357	0.17084869480222
-0.118335868420248	0.0476159691965743
-0.813279766229848	0.633605413090011
1.10107884317319	0.984803463858547
-0.569797358018383	0.367162518067779
0.299996591090271	0.193966363069739
-0.155303036753814	0.111106200522457
-0.420424849941728	0.178268943095334
0.0200868600007345	0.0115702537321582
-0.514580896371279	0.274144878789277
-0.719349993841786	0.584641055668806
0.123113728309991	0.0471196042066694
-0.131391566161697	0.0791473739406891
0.79803379266607	0.33575390202409
1.88357548227896	1.61880534092045
1.22556554517235	0.843641054220566
1.06146235332433	0.648251818027657
-0.974593354794338	0.606479876865919
0.591787414066181	0.307978138486996
0.146774179931898	0.0369732700828277
-0.568974189864523	0.36545701401777
-0.205343106577205	0.111775936571007
0.974431276254148	0.790387881543331
0.343436390849316	0.171970707040343
2.24751666172118	1.72373852714443
0.420839113677415	0.168996516764758
-0.263681193696928	0.133656735214391
0.341557338158989	0.170786628536172
-0.671133366023786	0.403436983304301
-1.34622005334249	0.853321313660898
-0.3252019342678	0.151330883003157
0.805501251862067	0.338624636899129
-1.0430285489592	0.420216988954647
-0.164052849140934	0.0597221791440503
1.44348376717917	0.479628088721833
0.472674709500514	0.295698527157199
-3.09029030460571	0.960832707527767
-0.412385920261258	0.17445564490394
-0.353073029682724	0.216018623238028
-0.166433974342939	0.060538271799136
-0.307072454433393	0.227943712371772
-0.215176100895378	0.117496671863838
-0.523376258472242	0.490179588340358
-2.00570448925072	1.41598957456666
2.11694386451725	2.16915521092011
-0.266893008482862	0.135623783851961
0.144968703849095	0.088373720969004
-1.05932770612117	0.857869574641416
-0.266071452424054	0.135090267132759
1.21592314140622	1.18706259074546
0.147171014015683	0.0898663415802921
0.456144188675783	0.309613457598113
0.00166459858775788	0.00087122509424016
-0.245906473208399	0.163098789455715
-1.36382781349864	1.14371572919103
-0.811741323736085	0.7111778617768
0.164625801072415	0.12143640438255
0.0249595174160882	0.014363056964679
-0.815430420182072	0.716773253083314
0.581692063407182	0.437122881570836
-0.972161240964337	0.604991472966361
0.694371283328627	0.454835344089888
-0.0826927787797058	0.0366898485093226
0.936919805507248	0.630880689466277
0.585550672734543	0.304938403297854
0.145046429165729	0.0764581334360187
0.623857290727737	0.438564705642991
-1.83391433948043	0.756511402066625
0.310181655409718	0.186573068205173
0.62710791092769	0.441859913027331
-0.121968457227465	0.0491257814845276
-0.569395547735667	0.367401734004362
-1.06212261325681	0.861594850243424
-0.332886534729303	0.155232224225155
0.422565108326337	0.169882850838849
0.633396088679028	0.448235133546917
1.02349375759299	0.388665902021623
-0.671226303312956	0.402310498790677
-0.13967828574861	0.0841802662171074
-1.06388722225535	0.864650614091924
-0.424204957132343	0.243269437058842
-0.741848012858367	0.258096023054699
-0.996675484119628	0.500920171091431
1.02150850319604	0.387098107061976
1.31262627398235	0.575986404326764
-1.30051105209889	0.593845328981837
2.09851806560284	0.940645540920032
-1.50558055264954	0.772635945311081
-0.971907459537104	0.602993921245492
-0.701481726818441	0.499041878568215
-0.48142739218283	0.325364757975511
-0.819744588783379	0.550353387220667
-0.418224298476693	0.294990964460213
-0.0543364632600268	0.026094969545905
0.140372437814169	0.0739485264505027
-0.515697664142984	0.274618645366371
2.00169062993781	1.88224780979834
0.291247085960383	0.187758447914378
-1.00043487315502	0.503226775995486
-0.817576179500733	0.639427784617591
-0.24379783336115	0.161515262252471
0.169163741240484	0.125052481795996
0.825516454155317	0.746382296255134
-0.0444000779862448	0.0214144362783253
0.444344181163899	0.299234049139498
-0.0272200856143326	0.0139083174132854
0.521723514623392	0.299485169937314
-0.0819351270645048	0.0362847113031604
0.314175593939886	0.173296479956369
-0.450802475435891	0.353591955182393
-0.289508642903671	0.184922592264679
0.734346008126436	0.717077320648846
-0.353590368993682	0.255773570165101
-0.904493928329701	0.848344950571447
0.0182057058151026	0.0105634265684766
-0.0862153061797636	0.038182813753959
-0.264799809236029	0.13468569590973
-0.823917177875438	0.554108454719206
-0.563277367464269	0.362123845827195
0.13029932403335	0.0685177717336874
0.518450152205961	0.186308129624229
0.580770647807191	0.301205332462493
0.678950283828017	0.440832462394316
-1.35938234270407	0.864370720174613
0.583061486658868	0.302968243382615
-0.210212589712959	0.114811381746333
-0.267988884262377	0.136161048092301
0.147107660280117	0.0898716602483647
-0.608714701471549	0.454767278617341
-0.419518569359191	0.295822016929491
0.320945079104456	0.177437777429789
-0.362166381635235	0.105626912484328
-0.122257887612385	0.0491858277973282
-1.117289646214	0.772494912080192
-0.355233039650803	0.217351368086277
-0.485822674356361	0.329492324363233
-0.367917894368281	0.107101339671787
0.585550672734543	0.304938403297854
0.140184451576725	0.0265585662587612
-0.233689169788626	0.076674255613353
-0.53973627715052	0.207373309478453
-0.534119830392118	0.204770125602286
-0.118167975302211	0.0475958821832056
-1.52899469498403	0.551909382987037
-0.366106353055766	0.106564775009011
-0.738055403900028	0.256318943131305
0.366790229170985	0.164223606258725
-0.609522452521127	0.455359790719724
-1.29798623806601	0.594484945125978
-0.809427565082717	0.447366972870512
-0.428962275218413	0.246705231799162
-0.115191383174165	0.0464576903941925
-0.205755520279389	0.111993750683694
-0.133269927936624	0.0802435404200072
1.74764963578495	1.35420051761298
0.286188668020155	0.205999786330953
-1.57603984738919	1.54449448630685
-0.327221920674157	0.152122620223386
-0.817984829276709	0.549853696758891
1.20898433932576	1.17518660242585
0.344578707090317	0.172755209033255
-0.264621144329682	0.134267116384728
-0.203478756168824	0.138536498650201
-0.242931418164308	0.160861388852926
0.887329382909413	0.765831754815557
-0.297215334698776	0.19036039820229
-0.289508642903671	0.184922592264679
0.684983109136437	0.445603156148417
-0.564854236244369	0.362937195247543
0.830451411198385	0.606291001386973
0.68909570356792	0.450009514471468
-0.167734705918524	0.0611523983971872
0.932769951595795	0.629102604765849
0.688765459252074	0.448876856179175
-0.810150432537075	0.446867569420495
-1.84919750679044	1.17158213989556
0.801831777002685	0.337763886330832
1.59516692625	1.11004653336499
0.670460913680602	0.313777246022022
-0.634558401780338	0.308934493339009
0.77197854482534	0.459785346642973
1.59707572178105	1.10964626316518
-0.168335169686758	0.0612330376006044
-0.80714911285625	0.445060429873085
-0.561239408377666	0.478123202854551
-1.25281916311749	0.956658319887809
0.979810850916646	0.798229254490491
0.133507076242699	0.0639237566531705
-0.237747525916144	0.077958682705542
-0.332566821175194	0.155089866310951
-0.675328720416174	0.406177812408653
-0.538440187846927	0.206758866526095
-0.741514061952099	0.257437556377308
1.43693291937878	0.478412112216202
1.43645613213741	0.478161609320723
-1.0441657216201	0.420510686701662
-0.622981014213999	0.302527601706261
0.935126029437946	0.245318397037238
0.133719957549112	0.0453066786126365
-0.644388443682788	0.157000626677781
0.140184451576725	0.0265585662587612
0.514659313486759	0.185330599053687
-1.80379071234984	0.398266610487963
-1.80368476738292	0.398254084963023
0.932829613639135	0.244963311679429
-0.35900113863639	0.104616647983879
0.138638280790805	0.0466938949128218
-0.536916905059439	0.205820498292262
-0.0806731947887289	0.0357206382053144
0.127318606160041	0.0546303316327336
1.55585578875958	0.776687781318743
-0.262770460211448	0.133240632678087
-0.817404492584541	0.547441641781251
0.0741332166772184	0.0519925363035381
-0.705007441185136	0.503374779936129
0.673190814379244	0.315279389328192
0.880405850762828	0.472668350363438
0.761003100870547	0.451652448221097
0.426215010092659	0.171417255852221
-2.13859141255554	1.66186499350306
-0.953869768025825	0.708605008785887
0.681092489948738	0.442749051924822
1.06327660605887	0.649936354509882
0.799710015319836	0.336365637644939
0.928973205719174	0.625766621958645
0.4465117282232	0.301347127592363
-1.18619208450964	0.672094585260407
-0.124599982417495	0.0501711996108527
1.23659049412431	0.853270452966803
0.12245680493383	0.0525949064803283
-0.234829575212863	0.0770304092976012
-1.69588145675418	0.975393165487989
0.144730589732381	0.0826933355711759
-1.06438831499837	0.866135806749733
0.135879182930537	0.0774213110738754
0.13075083502815	0.0442922816393792
-0.0586291956064505	0.0281049990777676
-0.538440187846927	0.206758866526095
0.114525062730834	0.0437717893578693
1.08848796496852	0.823300441768411
-0.0882157390330579	0.0390450474566933
-1.69344348683037	0.972960930957391
1.30839696300911	0.572999917193612
0.722667629489416	0.60290219331685
0.135805977315208	0.045997318265274
-0.0255127055097917	0.0130689126142779
-1.29798623806601	0.594484945125978
-0.0415191055577031	0.0200320679712694
1.0614016977997	0.646283189721745
-0.166575930814302	0.096081522068841
-1.15394884803957	0.353566779644249
-0.813230409088559	0.449720161235436
-0.79229075965778	0.35123286452189
-0.535517937221125	0.205561517916868
1.43554514923892	0.477898562880183
-0.328775106388878	0.153300235929224
-0.644770889342653	0.156875139887313
0.645241128115201	0.204592987808019
1.310612918568	0.574810701056327
-1.15300618747366	0.353816991053109
0.146774179931898	0.0369732700828277
0.147685616873541	0.0372140815523598
0.139930142590356	0.0265210820862786
2.74700474235958	0.773735225227364
-2.58843250021574	0.677477739401539
0.510303034449659	0.183694667904733
-1.5318146928413	0.553494474919415
-2.58453548475525	0.676764203908389
-1.15439361670696	0.354342573020678
0.145828384011954	0.0367587486446884
-2.65135544923114	1.64926091899801
0.321386834977012	0.177659071841874
-1.69292090676293	0.972715968176357
-0.327127692777193	0.152095231450226
0.424609350616232	0.170668515007686
0.529493861174753	0.30514954825973
0.57899652428056	0.300703641435945
1.21823676891565	0.834418470892572
-0.236036093012264	0.0773277810609913
0.487872401343173	0.307309787071352
-1.15439361670696	0.354342573020678
-1.51200245574654	0.779034836916128
0.509435415274993	0.183330389793874
0.138053520376293	0.0466653032248357
-0.810635436557608	0.446993892848414
1.44325300605375	0.898565532834688
0.135111673281351	0.0455953248633317
-0.971437360535787	0.602482347993352
1.31468004021919	0.577244755259019
-0.361622063644185	0.105340752849314
-0.676606008689282	0.407067026313057
0.37109870850574	0.166395457666345
0.318887768013145	0.176218662928312
-0.213931960890632	0.116692196745225
-1.04786382925772	0.422554751457188
2.54265145020253	1.41421387133784
1.75694190031849	0.984938886554118
-0.41401656070109	0.17494084170968
-1.69560017546339	0.973781826707912
0.806045844413056	0.339866638922853
-1.80368476738292	0.398254084963023
0.133719957549112	0.0453066786126365
-0.266722938987056	0.135698346644502
-0.644388443682788	0.157000626677781
-0.35900113863639	0.104616647983879
0.42603070036383	0.171276559470924
-0.328998711203005	0.153120897504069
-0.741848012858367	0.258096023054699
-0.79229075965778	0.35123286452189
0.42873751352789	0.172357953807125
-1.50892103259037	0.776059699944057
-0.510623997366057	0.271275418366379
-0.329579122799	0.153749164617559
-0.17226279513517	0.0627452428304373
-0.233387135509462	0.0765198473617531
-2.58453548475525	0.676764203908389
-0.242826079944331	0.0794597380017546
2.10051794173385	0.942924711508684
0.138460679810576	0.0412231247306769
-1.29260010942573	0.590704652352426
2.33424386790496	1.17094696945816
-0.542142876918705	0.208312018224663
2.74877977095104	0.77489585677119
1.95062146582611	0.454190159391569
-2.58428653566473	0.675727611967995
-3.46584456958788	1.25353297605489
-0.742419833798786	0.258214778445979
-2.58428653566473	0.675727611967995
-0.236907687744681	0.0776141769879425
-1.05183927444485	0.422942015736087
-1.15347733768864	0.353947479713194
-1.80368476738292	0.398254084963023
2.7496138177855	0.775189687209382
-0.234829575212863	0.0770304092976012
-1.69263687362517	0.97024855091143
0.664328057587927	0.310135116741257
0.143769359189851	0.0876320238206706
-0.697055233119592	0.495388789164652
0.428884876273104	0.172685936510533
-0.166303823066915	0.0957267531752673
0.930266336669679	0.626195766056017
-1.35084351237982	0.858327649434974
0.774148550463464	0.461667787659327
0.0331529736294837	0.0203142239319799
-0.433131410512796	0.249299843273949
0.673204349578598	0.585691990091514
0.128723483715433	0.0491814625007699
0.30212582374543	0.180817387491825
0.632814792504996	0.446973294066857
0.124739677514431	0.0534855834590382
0.133507076242699	0.0639237566531705
-0.17226279513517	0.0627452428304373
-0.315329358029926	0.234615372499989
-0.787825204296024	0.348755440723153
0.133184111334162	0.0638448148763491
-0.174006277754227	0.10047140770623
-0.810747092493628	0.710694043210027
-0.246299381311088	0.163413939329262
-1.04786382925772	0.422554751457188
0.636920350753912	0.450711159687956
0.130658112595085	0.0442562319396043
0.527871694444926	0.304035267248013
-0.328679558688356	0.152835350935582
0.450807059606913	0.305287096921408
-0.164080448154753	0.0597916313207312
0.433954647143081	0.174597287039438
0.129250339089754	0.0493813338422963
-1.492183046094	1.05184763933253
-2.00236300591841	1.41100630788438
-0.948459122180098	0.706212599295974
0.127544085718749	0.0610523382765286
0.686258198279875	0.44682266517204
-2.13464813346013	1.65309096682977
0.765440985791128	0.456016644643099
-0.627063245520577	0.304048305327858
-0.165691341247652	0.0603002900840328
-0.423697581346612	0.243202439050646
-0.746151045211633	0.259667037559905
0.510875541395758	0.183928738190787
0.135805977315208	0.045997318265274
-1.80379071234984	0.398266610487963
0.131403007248952	0.0502411654303301
-0.126774632118561	0.0510070776237582
0.141019054487964	0.0475747975662239
0.650802186307997	0.206632813066924
-0.241751693846918	0.0791910993295349
0.135571700409456	0.0404808758649131
-1.5369997817935	0.555799845674469
-1.53127286779506	0.553105673100975
-0.643506271279338	0.156786530055825
-2.58453548475525	0.676764203908389
-0.743838178560171	0.258439685322713
-0.162988659613012	0.0594305969388654
-1.80368476738292	0.398254084963023
-0.644770889342653	0.156875139887313
-0.792008151205469	0.350994474519001
-0.995876692813988	0.499784780994487
-1.00417383279281	0.506023554653868
-0.0836707547885627	0.0370230725246624
0.634113247419051	0.447528126567519
0.45767196752564	0.31035465294662
-0.788915540437304	0.349290087251084
0.136647163468063	0.0462674600791703
0.143337222216575	0.0426016228100372
-0.945968838166295	0.70007798268682
1.51519333507304	1.29380310448994
-0.997475051090468	0.500772502167631
-0.211475305846475	0.115572051561274
0.584291456953177	0.43810388763951
0.0165681979845916	0.0096324105840243
1.0078546699115	0.950367550169976
0.00294527042805684	0.00156518461233967
0.284039355314859	0.204265348392918
0.0344919960113433	0.0211170788847411
0.581774610950595	0.302164579711831
-0.2871964034211	0.183063543565232
-0.539276806409919	0.207127681793212
-0.694689947747041	0.494707504855688
0.547112346946886	0.432663684343337
-0.672861777824184	0.404838773834704
-0.116201193749778	0.0468543671532894
-1.69018994892135	0.968408576595627
-2.64717495592479	2.97182095573518
0.124931900467265	0.0597570237931017
-0.127421636614638	0.0766380533018461
-0.170912764961516	0.0622636754540297
-1.00682013337008	0.506431560136912
-0.792553264813643	0.351420601868644
1.02549223592864	0.388513835126415
0.337004276951116	0.168546940844312
0.269121242802665	0.200820562203005
-0.119470237064633	0.0481183717796714
-0.0451427160582039	0.0217684123685783
-1.04447463018139	0.420263617366416
-1.06507410083928	0.864851557371531
-0.823040475286732	0.553733961165383
0.129100735962285	0.0678721220317935
-0.238048417060954	0.0780891030505443
-1.53273207896643	0.55406409993797
-1.80379071234984	0.398266610487963
-0.539566084012002	0.206854348653996
-2.65533785651216	1.65574010731837
2.74617618045436	0.774720201883077
0.142836544444112	0.0424005568045196
-0.170657202371693	0.0621653392334387
0.127139358897129	0.0486135320129704
-0.326005707438094	0.151777723979142
0.130035213829019	0.044048655482993
2.74700474235958	0.773735225227364
-0.539276806409919	0.207127681793212
-0.644006342900786	0.156718049862583
-1.15439361670696	0.354342573020678
-0.235702342750488	0.0772348714749425
1.55108075039915	0.772309927164353
-2.36462315198429	2.17006249239072
0.150481785037224	0.0377820806483386
-0.746726771319564	0.259871772377509
-0.673685005183004	0.405305943964604
-0.519172963197523	0.276454359043213
0.685368715834762	0.446048844829738
-0.575231660759424	0.371050302611707
-0.784625312207766	0.347139882397849
1.00844018355491	0.950882181170388
-0.161955146658891	0.0589102517704039
0.797468141763966	0.335094894845618
0.138464353450353	0.0730490494588521
0.13025014830917	0.0622201448813221
0.480149909926637	0.301071841442375
0.584933081207528	0.304607318650711
-0.328099467810591	0.152527097598611
-0.629088850135847	0.305648751929342
0.877244239776432	0.470938803493508
0.971369232817404	0.787564450721803
0.529139050238398	0.305036430403964
-0.810718598682409	0.448237280387505
0.972904830276749	0.789318527835791
0.409511975299936	0.309203740141342
-0.351977174977932	0.214355497412862
-1.69292090676293	0.972715968176357
0.144933923695045	0.0828856231744564
-0.211906143148332	0.115803402542726
0.877811694689677	0.471012161870703
-0.677335959247268	0.407740768375655
0.130990702938834	0.068792506087309
-0.422549423427795	0.243080120698811
0.128254156162725	0.0612224889777154
0.421218083319536	0.169306142598634
-1.48996580261126	1.04883014195123
-0.236876597981329	0.0775723615768606
-0.268534861886795	0.136526323607918
-0.419105204222685	0.177722426333996
0.136471442907569	0.0407207925774643
-0.11222121740687	0.0452297350951107
-0.786735419503452	0.347531231043421
-1.04359703690809	0.420463940972424
-3.46630912179766	1.25319506698382
-1.80368476738292	0.398254084963023
-1.80379071234984	0.398266610487963
-1.80368476738292	0.398254084963023
1.95062146582611	0.454190159391569
1.95062146582611	0.454190159391569
0.142727172563101	0.0269105320645235
1.95062146582611	0.454190159391569
1.9537169353899	0.454657075827859
-1.80379071234984	0.398266610487963
-1.80379071234984	0.398266610487963
-1.80368476738292	0.398254084963023
-1.80368476738292	0.398254084963023
0.140184451576725	0.0265585662587612
0.139373629020068	0.0264474830594518
0.13912027261828	0.0264101516649031
0.147211981908801	0.0371529932006973
1.9537169353899	0.454657075827859
-1.15347733768864	0.353947479713194
0.931950133432299	0.244413497437813
-2.58453548475525	0.676764203908389
-1.53645538754434	0.554877978644979
-1.53219054338251	0.553674997524989
1.95135265955319	0.45428366780025
-0.643506271279338	0.156786530055825
-1.15253539705602	0.353154418604941
0.140184451576725	0.0265585662587612
-1.15392338036234	0.354212278509058
0.931565691852841	0.244293555241305
0.142637387713013	0.0360861991956938
-2.58843250021574	0.677477739401539
0.651349240994328	0.207129762624853
-1.807243397525	0.398882182291443
-1.80379071234984	0.398266610487963
1.95062146582611	0.454190159391569
0.142469531863295	0.0268725113483955
0.140184451576725	0.0265585662587612
-3.09408861819707	0.962829753125291
-2.58478470503525	0.675813541092272
1.95062146582611	0.454190159391569
-3.09408861819707	0.962829753125291
1.95062146582611	0.454190159391569
-2.58428653566473	0.675727611967995
-1.80379071234984	0.398266610487963
1.95062146582611	0.454190159391569
0.932444120238111	0.244842742206832
-0.643123124462485	0.156504140249688
1.95135265955319	0.45428366780025
-0.644006342900786	0.156718049862583
-2.58428653566473	0.675727611967995
-2.58453548475525	0.676764203908389
-1.19376206400863	0.678345819902289
0.66946355892512	0.312949470582969
-0.406550923105446	0.171438350236448
-1.5380893189947	0.555528608035834
1.95135265955319	0.45428366780025
1.95062146582611	0.454190159391569
-2.58428653566473	0.675727611967995
-0.640820070260403	0.156173374069777
-0.236036093012264	0.0773277810609913
0.139930142590356	0.0265210820862786
0.336951372798464	0.1688159810196
-0.238048417060954	0.0780891030505443
-1.53381589120228	0.553464419719289
0.935126029437946	0.245318397037238
-0.64834559013069	0.157812973783057
1.04557188016202	0.50751321134606
0.147211981908801	0.0371529932006973
1.95062146582611	0.454190159391569
-0.367012159161167	0.106980484577588
0.139884098064408	0.0416988824150201
0.130564350619715	0.0498651977453956
0.425731903869299	0.171276253891763
-1.11811663384182	0.774850641967335
-0.425962132359888	0.245201298332041
-0.0923820508198685	0.0407852495705489
-0.570227350571507	0.367485149954672
-0.0787275294464189	0.0349281669469604
0.587322742669331	0.305843967788847
-1.86259300158895	1.18854992704162
-0.173110171672221	0.0998373597737567
0.334907616405521	0.167482513432932
0.131870569010978	0.0446938595709682
-0.262677747700059	0.133160093281085
0.426509628253346	0.171575902443478
0.143912405765303	0.04271032796887
-0.289634966162036	0.184676215298483
-0.78918254545158	0.348950710156185
1.09648278677301	0.98042961040298
0.12245680493383	0.0525949064803283
-0.538151618981623	0.206588191897496
-0.416932295672681	0.176432436193325
0.132454946751471	0.0505582487246412
0.66621801102779	0.311234872670405
-1.69239843499757	0.972196555916096
0.883143039179833	0.47365519783822
-0.263039407603636	0.133242337364442
0.425158099758077	0.170968360882111
1.08689245680932	0.820302448768262
-2.25650886957906	1.9085681277472
-0.415150464556487	0.292812263174687
-1.29231840462832	0.589747004566986
-0.968673849911101	0.600992834249979
-0.624283826381864	0.30283498588259
-0.0827248743193607	0.0366231336985067
-0.26307155450646	0.133790623855337
1.80928263677467	0.710925581726897
0.51174254082849	0.184178364192085
0.131138830447316	0.0501120794034004
-0.163231778429432	0.0940112373268203
-4.23083021944514	2.02311603996682
-0.0902123259009917	0.0398860772513096
-0.363619197342818	0.105894774191241
-1.80368476738292	0.398254084963023
-0.237176848830075	0.0778020280962772
-0.7003231168896	0.563591238007712
-0.644770889342653	0.156875139887313
0.142206421270329	0.0359541333965371
-2.58817701744193	0.677412741892899
-0.361802623855853	0.105358062763741
-1.49194236598658	1.05036065731085
-0.359547086209289	0.104628681768365
-0.363074920327927	0.105749762822137
-0.237964363432232	0.0779752644503507
-0.643506271279338	0.156786530055825
0.136758557035923	0.0520372467156199
-0.535517937221125	0.205561517916868
-0.629782807136493	0.306242603386559
-0.997721731950155	0.501381111468742
-1.63085265862763	1.27150290753829
-0.678975217151969	0.408677100367832
-0.128487555895366	0.0771949637068354
-0.419105204222685	0.177722426333996
2.74617618045436	0.774720201883077
1.95135265955319	0.45428366780025
-3.08953695583634	0.959084825597379
0.147211981908801	0.0371529932006973
-1.04816955160128	0.42197561480355
-0.236606371241214	0.0776017669502627
0.652253897170883	0.207102973093912
-1.04349362118201	0.419740113125698
-0.236876597981329	0.0775723615768606
-0.266804313887327	0.135653406642141
-1.0430285489592	0.420216988954647
0.147211981908801	0.0371529932006973
-1.15345350292765	0.353548980162923
-0.363255768460324	0.105782299807354
0.144241227938778	0.0428872731898325
-3.76853265433323	1.5149268511572
0.137209797477049	0.0464410009267909
-0.743500141593555	0.258000966288552
-1.04436802647587	0.420175062937639
-1.80368476738292	0.398254084963023
-0.413761434958365	0.17508532022509
0.127144848043385	0.0545432860660862
-0.0874779872296784	0.0387192813385469
0.129503847038972	0.0556015256100624
-0.237747525916144	0.077958682705542
0.873217612473719	0.468039423479721
-0.62449202699946	0.303056626999744
0.123113728309991	0.0471196042066694
0.629975822572896	0.443545071710449
1.37012446033552	1.04998909530076
-1.04359703690809	0.420463940972424
-0.123268639679827	0.0496614187106757
-0.0796708708172302	0.0353056502192563
-0.0497180361133576	0.0239141705188443
-0.348944229936254	0.213000605977281
0.523025592862322	0.301268472256706
0.125388482656794	0.0599694684115581
-2.01084109111553	1.41767250971913
-0.308608068957042	0.228573614753041
-0.256041898948154	0.129641385176312
0.144015271820973	0.0823665041014039
1.43361119042249	0.890661469325863
0.125541488754479	0.0538572524062044
-0.999109679756036	0.50221030256292
0.127384118892759	0.0609433387370501
0.890488472294577	0.770790558370369
-0.329898311772297	0.153841776701836
0.429138140572359	0.17277091636147
0.841085266690211	0.617515843561577
-0.750450153330483	0.260698014203123
1.25320831641663	0.689829279676215
0.130494608916524	0.0560445647659465
-0.424302852751071	0.244044023750557
-0.416683138160911	0.176658736963844
0.323057978652354	0.178686581965832
-0.0535355743675058	0.0257109021875868
2.34263802835622	1.17544278616231
-1.00656187038526	0.506311819403069
-1.29287893594334	0.590150472890643
0.121004926026123	0.0462451566202137
-0.512523855067385	0.272122607990208
-0.364760989388525	0.106129027528873
-0.740941800230378	0.257318537190623
-0.535229688526196	0.205150139645459
0.931493603239347	0.626178102770126
1.93603848323697	1.20846903568041
0.375371225326836	0.168758685101821
0.127666695648323	0.0488134294645902
-0.116996177784194	0.0471562356616979
0.373414055043821	0.167570580005263
0.80661030139522	0.340174283092776
-0.167267366049274	0.0609436470739813
0.506024897221242	0.182012241745483
0.133184693597689	0.045081783840785
-0.640433285495798	0.155891307450366
-1.15439361670696	0.354342573020678
-0.538988830342672	0.206637222810477
-0.976104159759752	0.607863548771747
0.768162249016594	0.457472168467014
0.141900724869751	0.0811222584695307
-0.268534861886795	0.136526323607918
1.43784625468668	0.477947615428851
1.31612729710276	0.577002863033466
-0.747630638147624	0.259859955972283
0.142261903209059	0.0422917434711763
-1.53273207896643	0.55406409993797
-0.644388443682788	0.157000626677781
-1.15300618747366	0.353816991053109
0.932444120238111	0.244842742206832
0.133719957549112	0.0453066786126365
-0.648735146604395	0.157899750679971
0.140785309842846	0.0419396944428236
-0.787558915132848	0.34862507972379
-0.812905455170033	0.449284509756125
-0.330927648275202	0.153795023378849
0.125227952562414	0.053704545454513
0.981221067321859	0.801207275926817
-0.171459560951733	0.0624735259319497
0.33726441657783	0.16887617972487
-0.508988876196452	0.270530855057286
-0.415880213118191	0.176088333213337
-0.570645880013019	0.367763538985882
-1.29135050930103	0.589403957324184
0.148598486564552	0.0373599031239063
0.129016766819201	0.0553994024226449
-0.330609211155798	0.153855602486934
-0.11534473344152	0.0689038199949514
0.133866794108002	0.0640442008692001
-1.49194236598658	1.05036065731085
-0.817631521012216	0.638611316292424
-0.356367739272117	0.21793147476421
-0.425845339677082	0.244364942960099
-0.424180796187914	0.179791775745621
0.126346136685917	0.0482983004587781
0.37689040414072	0.169208369761286
1.74913243932495	1.36039049218125
1.43786474996169	0.896112083814067
3.03820268880283	2.25776754998434
0.804369098228827	0.338540181824416
0.128606999596073	0.0551462037161714
1.31176150416243	0.575573951673107
0.125552145919766	0.0479427958915315
1.37540296106919	1.05912013873671
-0.818379321698061	0.549304715277546
-0.623515226401515	0.302693603610376
-1.18387792747148	0.670672405513553
-3.76799522552508	1.51241274258477
-1.04812869904685	0.421228500560098
-0.16908184300615	0.0616182877911792
-1.8396714502032	0.75990222543046
-1.807243397525	0.398882182291443
-2.58478470503525	0.675813541092272
-1.04786382925772	0.422554751457188
0.523710247789829	0.300986573280643
-0.536354313754785	0.205687389529939
0.425961192082242	0.171382412553361
-0.420694214773728	0.17814154213963
0.430233238224466	0.173265323266744
1.32313106150777	0.578859536921869
0.673190814379244	0.315279389328192
0.428884876273104	0.172685936510533
0.140176586815333	0.0473370975808659
-1.1547506215075	0.354173653078364
0.146737983479964	0.0369987654124611
-0.741848012858367	0.258096023054699
-0.361802623855853	0.105358062763741
-1.47833136234478	1.34513036262182
-0.362166381635235	0.105626912484328
0.371891833900981	0.166807844763612
-0.746726771319564	0.259871772377509
0.653242855413462	0.207522075223881
-1.04873903928095	0.422350290876866
0.140184451576725	0.0265585662587612
0.135344827059028	0.0258639507496658
-0.418613927528284	0.177092534913632
-0.543552235605529	0.208968478049413
0.140184451576725	0.0265585662587612
-0.536354313754785	0.205687389529939
-0.786748384546598	0.347623898535113
0.650991162239829	0.206772040177897
-0.643889763897163	0.156661592959279
-0.640820070260403	0.156173374069777
-1.15392338036234	0.354212278509058
-0.741848012858367	0.258096023054699
0.139895576367301	0.0472026204931546
-0.119976357247685	0.0483101990534039
-1.15707876120986	0.354760041850164
-1.85997431867198	1.18662171880431
1.55973887921642	1.68695086937894
-1.35099659271642	0.85883886470938
-0.745246297326046	0.258886832464192
-0.158171975950617	0.0908288318589858
-0.123268639679827	0.0496614187106757
0.317908313900076	0.175843764862732
-1.37129803649012	1.3994680949932
-0.927804095538306	0.790842297737111
-0.810877316355683	0.447855550126881
-0.16617394898698	0.0605322426701329
1.21919520455297	1.02083888008827
-1.74743946443143	1.48466660718529
-0.714326078731845	0.578866916212339
-0.678069871841254	0.407902020622047
0.160001758923228	0.103714018148099
0.881794437377797	0.474364913068797
-0.248046486493262	0.081092677350905
2.54322098219492	1.41500179840191
-0.79229075965778	0.35123286452189
-0.413761434958365	0.17508532022509
0.924502048503133	0.61965546612389
0.416763526223535	0.166804289899503
0.689198356601897	0.448935302178374
-0.9654508935591	0.597166743612233
-1.0698611760024	0.871232023705752
-4.86031467861094	3.18017708839273
-1.0424602576406	0.419767093556931
-0.54298951890346	0.208686132634316
0.134082192845823	0.0511497929953536
0.139950112757962	0.079934146675876
0.454032825067479	0.307698850774482
-0.542142876918705	0.208312018224663
-1.34361715005533	0.849853704351128
-0.0697142652111511	0.0308839584474563
0.128985887415983	0.0492872066083608
-1.83875848168522	0.759162449562453
-1.5380893189947	0.555528608035834
-0.787280243012554	0.348288022167107
1.04502186505443	0.507130780035814
-0.117372225466347	0.0472598191570808
0.370813114838721	0.166248752720769
0.139556940401302	0.0415648034416572
-0.999664102164789	0.50066577643932
0.13029932403335	0.0685177717336874
0.651349240994328	0.207129762624853
-0.362166381635235	0.105626912484328
-0.630055962189897	0.306429394145344
0.143549438263141	0.0362330396689423
-0.362166381635235	0.105626912484328
1.74942818791299	1.36084672220345
-0.079515907274068	0.0352711953292249
-0.359836777653537	0.220207149571809
-0.60133744531917	0.448484947364342
1.06238250350221	0.648554220885497
-1.69263687362517	0.97024855091143
-0.414557503610828	0.175513398695098
-0.367559864207876	0.107030285212501
-3.46927590533187	1.25338166490445
0.932444120238111	0.244842742206832
1.43693291937878	0.478412112216202
-3.46584456958788	1.25353297605489
0.642169232846576	0.203375103078369
2.89180993126386	1.95640822961403
-0.411861256276197	0.1743163347704
-0.513003734163239	0.272158839357233
-0.747630638147624	0.259859955972283
-0.643123124462485	0.156504140249688
0.150004967546857	0.037720852406733
0.14311796249796	0.0361933240878638
0.931950133432299	0.244413497437813
-0.673847003119619	0.404001940566246
-0.0249128789322577	0.0127848895471163
-0.704198948175205	0.568876212270288
-0.428838813976849	0.246825606171573
-0.411082008987883	0.173889028123327
-0.353263411513207	0.21538023944303
-0.211424462342861	0.115198918800688
-0.132670734170435	0.0799649689390541
-0.816785055637825	0.451722706717952
-1.69744748235304	0.977598762611975
-0.357903443150388	0.259450726273349
-1.5375444255416	0.556007810250909
-0.331761427612055	0.154607301840527
-1.85778557311896	1.18542503264011
0.143879211844678	0.0820888226172975
1.05831246738061	0.645423482325442
0.874284558443684	0.468251773578699
1.04928845669154	0.510185199589409
-0.671133366023786	0.403436983304301
-0.0230955023516862	0.0118691073178671
-0.414812336223945	0.175551517343517
-0.354524686930058	0.216300382928582
-0.121015374532583	0.0487294791693069
-0.334751086755625	0.155939922480283
-0.81244664687086	0.544252106541388
-0.330290420678813	0.153721356460474
-1.04504330162185	0.420310634398934
-1.18498438624651	0.670029808030367
-1.70121289846943	0.976997786877677
0.125408465112357	0.0424671852721392
-1.04447463018139	0.420263617366416
-0.237176848830075	0.0778020280962772
-1.04215155805216	0.41903356624497
-0.366464707125696	0.106727724314083
0.511170021003071	0.183944282461123
1.08428560646891	0.819114508921066
0.122850580679262	0.046993631496274
0.139947662100296	0.041632372501591
-0.234829575212863	0.0770304092976012
0.367756312537484	0.164917584080915
0.888257471311702	0.477626777576014
2.33907291366883	1.17576776874569
0.801452247780404	0.337326448224681
0.132055846316588	0.0447762654002208
0.878600540442999	0.471543293851663
0.316872027717051	0.174512763278035
-0.799479539991761	0.352960086612365
0.126873713953215	0.0484980742887475
1.5546086335245	0.773342529579661
-0.410287929413116	0.173525212006242
-0.647461655721112	0.157598110120326
0.13912027261828	0.0264101516649031
0.143549438263141	0.0362330396689423
-0.423655878943367	0.179601389929487
0.145913540346097	0.0367609236539561
0.135571700409456	0.0404808758649131
0.146737983479964	0.0369987654124611
0.132055846316588	0.0447762654002208
-0.237176848830075	0.0778020280962772
0.140184451576725	0.0265585662587612
-4.01299394869743	1.76442641905919
-1.80379071234984	0.398266610487963
0.133844822337681	0.0452431679767638
-1.00043487315502	0.503226775995486
-1.29416690786798	0.591404736908153
0.147107660280117	0.0898716602483647
1.20967982165321	1.00925858777868
-0.0199500397132367	0.0102982882266228
-1.68995172850468	0.9688502157446
-2.30464412753805	1.18358085404448
-1.0430285489592	0.420216988954647
-1.36789243097887	1.39265584716592
-0.510623997366057	0.271275418366379
-2.29900129298328	1.17810099608835
-0.816203301211474	0.546620696133472
-1.11573118341866	0.771407101014656
0.136866407823722	0.072070273112881
-0.215590439583362	0.117756328191704
-0.0858970926150639	0.0380543051371307
-0.539551348887912	0.206952502569875
-0.215203766223769	0.117661780868097
-0.116824807734169	0.0470219246927207
-1.35051389727991	0.858321445519459
-0.233689169788626	0.076674255613353
-1.19406193455345	0.676604552557883
-0.124569937655474	0.0501563108687718
-0.514419637847435	0.272887509860086
-0.540676944404638	0.207308900738306
-1.29798623806601	0.594484945125978
-0.797836293383537	0.353582414982322
-2.08970743638331	0.967957362748596
-1.52845204149787	0.551521368985269
-2.58428653566473	0.675727611967995
0.147211981908801	0.0371529932006973
-0.236606371241214	0.0776017669502627
0.139556940401302	0.0415648034416572
0.513514928417607	0.184609017201606
0.517582841363913	0.186137922585082
-0.164767698413953	0.0600142622210228
-1.29428175562447	0.591951812360937
0.12665727582098	0.0543043577885764
-1.00951280160404	0.508764632003384
2.54561939521382	1.4182407785019
-0.540582499054048	0.207502129989812
-2.00359073002912	1.41159144582331
0.371056022348203	0.166697220282981
0.63039992332828	0.443570199534523
-1.29390008255342	0.590220898907324
-1.69211829398489	0.970898830046807
-1.86028117602747	1.18945073640662
-0.644006342900786	0.156718049862583
-1.15300618747366	0.353816991053109
-0.175913700711765	0.0639260098913201
-0.118458300552698	0.0476887146360413
0.132192663108907	0.0505233330425467
-1.15392338036234	0.354212278509058
0.126580946763741	0.0484205414565657
0.130876868199433	0.0500409830206624
0.932444120238111	0.244842742206832
1.43554514923892	0.477898562880183
0.1413598194657	0.0421025960431846
-0.330868247851591	0.154319001711918
-0.700441185426732	0.499718752742598
0.129927317712827	0.0622759845878981
-0.970640715548483	0.602070267812576
-0.0842928980806763	0.037282830739451
-1.29343965055052	0.590338284427117
-1.34791899632098	0.854243754215247
0.137800724960117	0.0464203893522687
-0.607948715724882	0.453741099764616
-0.353524058406767	0.216257729084973
-0.0544375179603308	0.0261577141616244
-0.813389546274975	0.44945820776594
-0.168882286622644	0.0614263520611943
-1.11646884502579	0.774310764662087
-0.422110601913229	0.242767040300264
0.706225461609554	0.582116290826979
-0.168074397032081	0.0612163017428414
-1.00767070294424	0.507358793962883
-0.171459560951733	0.0624735259319497
-0.539003042837417	0.206891853429863
0.652695254572546	0.207024892635355
-1.80368476738292	0.398254084963023
-0.409763708704338	0.173063603492995
1.43554514923892	0.477898562880183
-4.22914619414463	2.02072971670873
0.120130475896076	0.0459156136963213
-0.0479982753818084	0.0231082525611488
0.420967379737451	0.16913923643217
-0.745246297326046	0.258886832464192
-0.742419833798786	0.258214778445979
-0.681080608861042	0.409868511232307
0.306623665672953	0.168503425812418
-0.167989696665473	0.0612306831168572
-0.536752738777067	0.205726898813731
-1.50353020356154	0.772614705719597
-0.329094468580607	0.153485560574559
-0.242025564504491	0.0793476290892232
-1.83391433948043	0.756511402066625
-0.362166381635235	0.105626912484328
0.140184451576725	0.0265585662587612
-0.738391052425425	0.256391693854344
-1.51200245574654	0.779034836916128
-0.367917894368281	0.107101339671787
1.8126593939658	0.711373352606016
0.139333258450746	0.0470277427412695
-1.80368476738292	0.398254084963023
0.139373629020068	0.0264474830594518
0.933710809861868	0.244826616527384
0.142261903209059	0.0422917434711763
0.425233825907791	0.170893815182968
2.74534949223189	0.773319630917041
-0.235132025937081	0.0770784326047616
-0.330290420678813	0.153721356460474
0.0423997010049449	0.0258950730715333
-1.74916517886011	1.49144295375776
-1.50095937151068	1.05923742434464
-0.411336703163519	0.174112307825355
-0.416660711448864	0.176125270189946
-0.945561153368228	0.700467596060624
-1.68890878097921	0.967523692343952
-0.539276806409919	0.207127681793212
-0.601501022593033	0.447812996109977
-0.210198544318499	0.114837101976142
0.513922620795209	0.293712552423996
-0.792008151205469	0.350994474519001
-0.788637278420783	0.348623215590649
-0.626487162667797	0.3048405731411
-0.17226279513517	0.0627452428304373
0.130616866380514	0.0561113343755478
-0.541858189636432	0.207923122154612
0.142261903209059	0.0422917434711763
-0.54029754085068	0.207542814541063
-0.0876321072750047	0.0387798763662611
-1.0424602576406	0.419767093556931
-1.04390615555555	0.420016956092299
-1.24823461396033	0.954959561255496
-0.534681401761577	0.204992678078054
-0.237477952696761	0.0778886575961749
-2.65533785651216	1.65574010731837
-1.29584514606247	0.591232601102268
-0.362710949837822	0.10577213020672
-1.5338107001665	0.553849543857526
-1.807243397525	0.398882182291443
-1.80379071234984	0.398266610487963
-1.80368476738292	0.398254084963023
0.145828384011954	0.0367587486446884
0.146301463254213	0.0369121679082859
-2.08914030548738	0.967642230149142
-0.787280243012554	0.348288022167107
-0.263495036060398	0.133582226251039
-1.29854797059543	0.594785420705011
-0.119213425596225	0.0480776361981399
-1.03865945292652	0.417336231168104
-0.790655928288034	0.349811250163246
0.803109682744645	0.338252847610738
-0.547478193416001	0.210280624654121
-0.548040451965792	0.210304981022337
-4.23431671645728	2.0226310215273
-0.64834559013069	0.157812973783057
-1.04816955160128	0.42197561480355
-1.83482918178446	0.757249944313784
-1.04215155805216	0.41903356624497
-0.368465304895136	0.107151020414935
3.2530948013434	1.10108931722157
-1.807243397525	0.398882182291443
-1.15439361670696	0.354342573020678
0.141111686058764	0.0419151383415947
-0.259400372425109	0.131595577211311
-0.115985853788578	0.0467592443534002
-0.366106353055766	0.106564775009011
-0.739537230825823	0.256790305287863
-1.57814720090937	1.54680763246688
-0.416656038729352	0.294247442497655
-0.126774632118561	0.0510070776237582
-0.213450520995095	0.116510386917313
-0.000704713292958141	0.000386196735822564
-0.511095096651744	0.27159009320338
-0.810357850723879	0.710574685419347
-1.35147937653146	0.85910561299321
-0.623934840732071	0.519769911004072
-0.813554999992809	0.449650984268995
-0.132355868712352	0.0796265052501298
1.11820061628732	1.14332891205686
-1.7419842915041	1.48001100540642
-0.412401679022686	0.1743622029642
-0.968204745788732	0.600636523115894
-0.806665027683436	0.444806365814789
-0.669560756830165	0.40159438682992
1.49893681952691	1.26864096387698
-0.116201193749778	0.0468543671532894
-0.506465221439042	0.268855265857122
-1.0424602576406	0.419767093556931
-0.300459493847661	0.192622203392969
-0.787825204296024	0.348755440723153
0.132334068168148	0.063354161421338
-3.76907032896904	1.51568182757693
0.371056022348203	0.166697220282981
-1.16305893466411	0.356419765567601
-1.16165682669275	0.355854814021849
-1.29854797059543	0.594785420705011
0.339845272609903	0.170318344639393
-0.361622063644185	0.105340752849314
-0.363074920327927	0.105749762822137
-1.80379071234984	0.398266610487963
-1.80379071234984	0.398266610487963
0.139930142590356	0.0265210820862786
0.1413598194657	0.0421025960431846
4.16627077487027	2.00755618620192
-0.540676944404638	0.207308900738306
0.653242855413462	0.207522075223881
-0.119502036025581	0.0482059612807356
1.06565523307007	0.651913962976632
-0.807956830332975	0.444939271660374
-0.16617394898698	0.0605322426701329
0.131403007248952	0.0502411654303301
1.02349375759299	0.388665902021623
0.322616679065097	0.178465506416989
-0.171203966457287	0.0623441479261125
0.135344827059028	0.0258639507496658
-1.53273207896643	0.55406409993797
-2.29873681238736	1.17708572497648
-0.41213126151368	0.174476836425326
-3.09029030460571	0.960832707527767
-1.80368476738292	0.398254084963023
0.513514928417607	0.184609017201606
-0.62546181692	0.303728034164568
0.132888220671258	0.0450543248212034
0.1413598194657	0.0421025960431846
0.139930142590356	0.0265210820862786
-0.746151045211633	0.259667037559905
1.95062146582611	0.454190159391569
0.877473626421389	0.471687376025581
-1.04359703690809	0.420463940972424
0.14964569022086	0.0374991574970551
-0.640433285495798	0.155891307450366
0.133923259922592	0.0705444651899769
0.0245653685661671	0.014138308855015
-0.632085560099039	0.307521696721065
-0.515490713237074	0.274573263464983
0.509139648815982	0.183001422100664
-0.0484393436399602	0.0233229051181171
-0.264711076726965	0.134623179317158
-1.0430285489592	0.420216988954647
-1.86078209934007	1.19005138228785
-0.738629090206008	0.25643862371353
-2.08857336254039	0.966845001646058
1.04591916421935	0.506628953287883
0.513791165711859	0.185017905562863
-0.0586291956064505	0.0281049990777676
-1.29714380228962	0.592863976572713
1.50728882967503	1.28486583399282
-1.53273207896643	0.55406409993797
-2.29985279094791	1.179082966891
-1.51267589191849	0.778589634545645
-0.419373905236508	0.177724611943894
-0.166461197604221	0.060635495321787
-0.631568377012149	0.307429315176704
1.80746835953378	0.709202041495987
2.7496138177855	0.775189687209382
1.03529538389013	0.499923143845385
2.3435042061304	1.1776183138615
-1.04786382925772	0.422554751457188
-0.643889763897163	0.156661592959279
-0.644006342900786	0.156718049862583
-0.64834559013069	0.157812973783057
-1.80368476738292	0.398254084963023
1.95135265955319	0.45428366780025
0.139373629020068	0.0264474830594518
-0.236907687744681	0.0776141769879425
0.129193281029703	0.0437930146230249
0.512350271865968	0.184252494024572
-1.83043986388187	0.753760008449951
0.314759567714184	0.173341345651385
-0.0790440975880961	0.0350671324623352
-4.41249783992221	2.27466022940119
-0.326323997702978	0.151896080069932
0.126873713953215	0.0484980742887475
-1.00146922354152	0.503367904798545
-0.0489244386607608	0.023541595251956
-0.743325166733626	0.258205235128744
-0.786748384546598	0.347623898535113
-2.09002422236249	0.96852720746282
-0.996152523807641	0.500456853044565
-0.54298951890346	0.208686132634316
-0.415625943139248	0.175609558697721
1.8046556556941	0.70860181691833
-0.363664142019236	0.105826742826499
-1.50647323937646	0.775812020822925
-0.168074397032081	0.0612163017428414
-0.535517937221125	0.205561517916868
-0.242323132990394	0.0794545395999312
0.134284439062011	0.0454806903417194
-0.329094468580607	0.153485560574559
-2.80612104349542	1.91841740854579
-0.413451632847349	0.174827366740274
0.585241780380197	0.304695889810787
-0.75298599730948	0.260820752819183
-0.743262218330639	0.25823540605921
-0.167527449292993	0.0610228882448846
-0.786967841347924	0.347425529050795
-0.543552235605529	0.208968478049413
0.374864628479379	0.168424965881573
1.43892052960144	0.896667408444665
-0.363619197342818	0.105894774191241
-0.411606579711645	0.174215663689476
-1.51200555592775	0.778239929415751
1.93825867832063	1.21180759279955
-0.167527449292993	0.0610228882448846
-0.979469712409055	0.60993225133569
0.646495256830482	0.205229626326689
-0.78353714772363	0.346347964569494
2.72479462979952	1.67427095411083
-0.739537230825823	0.256790305287863
-0.627284383604873	0.305293930755849
0.356985772287091	0.158692566643
0.143992581516926	0.0427137531860369
-0.641207204081918	0.156050090719873
-2.48300313528042	1.40439801298057
0.132323532241134	0.0448554349010625
0.421218083319536	0.169306142598634
-2.09452339351181	0.969049726207304
-1.18947620893422	0.675916339428314
-0.363255768460324	0.105782299807354
0.650802186307997	0.206632813066924
-0.628578201049627	0.304869473263611
-0.999109679756036	0.50221030256292
-0.168621485035434	0.0613849497001624
-0.330702248892747	0.15403885315791
-1.86108918104676	1.18782867718156
0.128325110221656	0.0551317037248561
-0.419105204222685	0.177722426333996
-1.00524561024655	0.5061589926653
-0.415354340451682	0.175826033861495
-1.00898937625135	0.508451599615989
-0.644006342900786	0.156718049862583
-0.236876597981329	0.0775723615768606
-1.15799700419576	0.355156175000868
0.139373629020068	0.0264474830594518
-0.741611944171996	0.257255485732723
0.644067040997044	0.20376868468444
-0.359365673988087	0.104727737543846
0.135571700409456	0.0404808758649131
0.1393097200573	0.0414857340564309
-0.327540557729094	0.152267111977313
-1.00176141169685	0.503164984634554
0.14311796249796	0.0361933240878638
0.670521006679873	0.313565928273777
0.142637387713013	0.0360861991956938
-1.15300618747366	0.353816991053109
-0.540582499054048	0.207502129989812
-1.50852212142174	0.776732572721054
-1.0475588652018	0.42149621463875
-0.746726771319564	0.259871772377509
-1.83539757756382	0.75750800966345
0.126873713953215	0.0484980742887475
-1.807243397525	0.398882182291443
-1.5318146928413	0.553494474919415
-1.50534817333519	1.06247155737566
0.138002632722343	0.0786589823594223
1.04661731927128	0.507649762836834
-1.04447463018139	0.420263617366416
-0.160319523165808	0.0583350960570636
2.74534949223189	0.773319630917041
0.135344827059028	0.0258639507496658
-1.84024402602088	0.759932191900061
-1.8424611917744	0.758876876070502
-0.510623997366057	0.271275418366379
0.879109335937713	0.472093996764405
0.493653286126991	0.310570131057158
0.134993392187805	0.0402831505348415
-1.36668063494706	1.14530556676767
-0.519120169030083	0.398689597418142
-1.50647323937646	0.775812020822925
-1.24098424380042	0.944742976504472
0.666746090606477	0.311537467124405
-1.04504330162185	0.420310634398934
-0.8184038343654	0.451870466116787
-0.514360464015102	0.273536132948534
-1.07379927323772	0.875182422941806
-0.823478785710896	0.55401018118515
-1.85750210676359	1.18444970792539
-1.83215060436848	0.754540882399906
0.421766683738154	0.169549998799388
0.768943537937231	0.458215666564665
-0.512831479929529	0.272498018254291
-1.51146215100402	0.778368643876949
-0.157399544658507	0.0571949337680641
1.60279866066839	1.11972136728936
-0.237747525916144	0.077958682705542
1.23123106387669	0.850059205901264
-0.785979855707481	0.34735595560074
0.796628576513548	0.334546331757879
0.806886142301205	0.340161855421042
-2.93703319222737	2.19298672331092
-0.670473104437162	0.400894816293186
-0.368465304895136	0.107151020414935
-1.04359703690809	0.420463940972424
-1.84338110591993	0.759617556570427
-1.35132638410262	0.859114496556006
-1.00497457066128	0.50533039772604
-0.266804313887327	0.135653406642141
-0.566065200509358	0.363441922461679
-0.542142876918705	0.208312018224663
-2.08970743638331	0.967957362748596
-0.743838178560171	0.258439685322713
-0.422865270096431	0.179172734425968
-0.162442973725322	0.0592138065020847
-0.35900113863639	0.104616647983879
-3.08953695583634	0.959084825597379
-0.652722162914945	0.158602682980072
0.135344827059028	0.0258639507496658
-0.364212438746839	0.106078206157018
1.31703222580319	0.5778351002051
-0.8184038343654	0.451870466116787
0.513219052715781	0.184783577478651
0.128606999596073	0.0551462037161714
0.338039337726491	0.168997178696222
-0.625374231720014	0.303049823840955
0.13345272036125	0.0452283641533281
-2.30435569641955	1.18273827430254
-1.29714380228962	0.592863976572713
-1.69292090676293	0.972715968176357
-0.553988727371592	0.471013203348005
-0.692050083625848	0.491599789931626
-0.117701460942153	0.0474082205040144
-0.539460073012084	0.206753693045733
0.123329872222957	0.0471154138748317
0.120853079986566	0.0518132311403125
-0.119502036025581	0.0482059612807356
0.125792710466476	0.0480720739069019
-0.324830675326125	0.151080712128583
0.338825476421225	0.169377251035938
0.370305089139202	0.165917275900182
-0.78918254545158	0.348950710156185
0.765133424361134	0.455487920457593
1.04582003072606	0.507497265174686
-0.4129266002395	0.174623248528402
-2.29914758620969	1.17567084614963
-0.415880213118191	0.176088333213337
-0.13215172864115	0.0530341043730813
0.580976637686067	0.301580238283322
-0.0267025766532745	0.013664210173959
-1.28110928132558	1.22414501827034
-1.69396150556759	0.973343939628147
-0.787558915132848	0.34862507972379
0.141779574715649	0.0747403675728138
-0.621887603144683	0.30150327447583
-1.85700048967435	1.18434042737021
0.510007909511423	0.183564268952108
-0.119254778209273	0.0479834595897149
-0.328998711203005	0.153120897504069
1.4367565283313	0.893596215237905
-0.713218163154802	0.578555188893935
-1.24689321268952	0.950035211840281
-0.425055986583617	0.24385032520275
-0.237176848830075	0.0778020280962772
-1.18548762585227	0.670669199283097
-1.00176141169685	0.503164984634554
-0.328998711203005	0.153120897504069
0.678745781021281	0.317552388224107
-1.18947620893422	0.675916339428314
-1.85750210676359	1.18444970792539
1.51073263287347	1.2886664454664
-0.234259276164921	0.0768738569502217
-0.367559864207876	0.107030285212501
0.130616866380514	0.0561113343755478
0.120656499627568	0.0461128191357198
-2.08252394673407	0.962179928698986
-1.0424602576406	0.419767093556931
0.688310418231544	0.448584600167604
0.146301463254213	0.0369121679082859
0.148598486564552	0.0373599031239063
-1.00549630243412	0.506795601514535
-0.784904468227469	0.346585951872652
-1.30219407706137	0.595893702113712
0.142022916992306	0.0477968286389763
-0.362166381635235	0.105626912484328
0.66946355892512	0.312949470582969
0.128510875123466	0.0613985157413147
-0.542704791685888	0.208593778995558
-1.50892103259037	0.776059699944057
-0.787558915132848	0.34862507972379
1.06297383066014	0.649495697298288
-0.566480734210856	0.363838341982903
-0.948886261430095	0.706199257037486
-0.0556183204186848	0.0267012708067225
-3.4697465656871	1.25533488138392
-0.542704791685888	0.208593778995558
0.147685616873541	0.0372140815523598
-0.238048417060954	0.0780891030505443
1.01450480132645	0.384141080456392
-1.8359662765192	0.757377146649207
-1.5369997817935	0.555799845674469
0.141706129525731	0.042013169534679
-0.325520395364441	0.151540356213755
-2.58453548475525	0.676764203908389
0.803413969531267	0.33795722026847
-0.540676944404638	0.207308900738306
-0.365558606293867	0.106312944290692
-2.09027475534868	0.967795207570568
-1.5360848806456	0.555230368935604
-2.49508634101334	1.41564171236791
-1.18947620893422	0.675916339428314
-0.630560001867424	0.306878318745572
0.142637387713013	0.0360861991956938
0.932829613639135	0.244963311679429
-1.807243397525	0.398882182291443
3.25219401652934	1.09882975306147
3.92014768119151	1.72455292462658
0.136156966750329	0.025975077128062
-2.58453548475525	0.676764203908389
-1.15439361670696	0.354342573020678
-0.362710949837822	0.10577213020672
1.01970949094797	0.387091911393297
-3.08991345953591	0.960747174631736
3.6333004232004	1.43322989837651
-2.58453548475525	0.676764203908389
-0.7389639873091	0.256670839118185
-0.361622063644185	0.105340752849314
-0.64834559013069	0.157812973783057
-0.644006342900786	0.156718049862583
1.95062146582611	0.454190159391569
-0.641207204081918	0.156050090719873
-4.02687988994555	1.76623377916117
-0.362166381635235	0.105626912484328
-3.47021758744757	1.25549793829818
0.673388593393112	0.315093182729649
0.13175865494629	0.0446170289070746
0.513219052715781	0.184783577478651
-0.751361132629358	0.260688727676406
0.419869691676992	0.168463950453023
0.654507105141339	0.207585170258097
-1.04215155805216	0.41903356624497
-0.746480385939584	0.259149400296474
-0.641207204081918	0.156050090719873
-0.793221296083391	0.350766236975956
-0.419630490333242	0.177957182429578
-0.740941800230378	0.257318537190623
-0.532556235592668	0.203847975527694
-0.372235623119104	0.108110512872481
0.509730325059622	0.183209946756868
-1.53273207896643	0.55406409993797
-1.53235676509745	0.553502300358264
-0.739537230825823	0.256790305287863
-0.363305030281797	0.105822190302149
0.123413532805332	0.0417839171511729
0.142727172563101	0.0269105320645235
-1.80368476738292	0.398254084963023
1.80837546568447	0.710560744847372
-0.644006342900786	0.156718049862583
-1.15253539705602	0.353154418604941
1.43602101245823	0.478148523404795
1.0514131501065	0.510674081850787
2.74534949223189	0.773319630917041
0.134551053521162	0.0455179755309149
-0.359365673988087	0.104727737543846
-1.53219054338251	0.553674997524989
0.138983315146558	0.0414025350222139
-1.15345350292765	0.353548980162923
-0.236036093012264	0.0773277810609913
-1.807243397525	0.398882182291443
1.95062146582611	0.454190159391569
-0.643506271279338	0.156786530055825
-2.29955953562649	1.17846115038366
-1.80379071234984	0.398266610487963
0.511170021003071	0.183944282461123
-0.242323132990394	0.0794545395999312
-3.46630912179766	1.25319506698382
-0.53917516246793	0.207092528951807
-2.00987972124697	1.41765999771189
-0.54298951890346	0.208686132634316
0.147649013295955	0.0371443901885897
0.933324263209431	0.244705909364566
-0.643889763897163	0.156661592959279
-4.01355559579839	1.7650763449388
-0.532951012902131	0.203506065107642
-2.58453548475525	0.676764203908389
-0.360713154621022	0.104928044856164
0.150443359742849	0.0377633287087368
0.147211981908801	0.0371529932006973
-2.30267800536255	1.18088997769813
-2.58843250021574	0.677477739401539
0.931950133432299	0.244413497437813
-0.35845544263212	0.104471490348146
-0.738055403900028	0.256318943131305
-1.53127286779506	0.553105673100975
0.145828384011954	0.0367587486446884
-0.362166381635235	0.105626912484328
3.25399732634696	1.10138712863889
1.04374081788366	0.506748469358095
-1.15486421229877	0.353960755591684
-3.46584456958788	1.25353297605489
-0.366464707125696	0.106727724314083
0.802668187105503	0.338057252899506
-1.2931604748656	0.591359256359774
-3.08991345953591	0.960747174631736
-3.08991345953591	0.960747174631736
0.130612563424312	0.0499328947737428
0.130303680116296	0.0559691112641248
-0.0852140110967779	0.0377082348411202
-0.235400067060849	0.077117263856364
1.25932812295724	0.695796600619346
0.367297507151026	0.164673936832453
-0.745575630010693	0.259159802580382
-1.85349765949082	1.179297436536
-0.625670173867328	0.303791256789512
-1.86456002502359	1.1925945382009
-0.630560001867424	0.306878318745572
-0.747055356811924	0.259655588067032
-0.246315011704383	0.080633175235185
-3.09447285673231	0.961828946915894
0.771453715699124	0.459740482583653
-1.83391433948043	0.756511402066625
-1.50892103259037	0.776059699944057
-0.113013863935969	0.04549571968942
0.883366943645668	0.475434962929319
0.933932101635886	0.630595689162009
-0.539276806409919	0.207127681793212
-0.539566084012002	0.206854348653996
-1.18387792747148	0.670672405513553
-0.237477952696761	0.0778886575961749
-3.76960824963311	1.51539382282941
-1.15253539705602	0.353154418604941
-1.53327386150544	0.554071585244721
-1.15067412918645	0.352834915266282
0.129067851333879	0.061655916881879
1.43602101245823	0.478148523404795
1.3094564119373	0.574146809919677
0.139930142590356	0.0265210820862786
0.139884098064408	0.0416988824150201
0.135805977315208	0.045997318265274
-0.167443831401717	0.0609707855596089
0.140184451576725	0.0265585662587612
-1.18008401514576	0.667140187746818
0.127666695648323	0.0488134294645902
-1.18438075890342	0.671114459292441
0.139930142590356	0.0265210820862786
-0.644388443682788	0.157000626677781
-1.29372102355982	0.59176400453293
-1.807243397525	0.398882182291443
-0.644388443682788	0.157000626677781
-1.80368476738292	0.398254084963023
-1.80379071234984	0.398266610487963
-2.09426725327089	0.969284496520593
0.144241227938778	0.0428872731898325
-0.363853877285648	0.105873302795216
-0.741276499011426	0.25781621104378
0.129749512526583	0.0439402422989819
-1.83482918178446	0.757249944313784
2.74877977095104	0.77489585677119
0.933710809861868	0.244826616527384
-2.00359073002912	1.41159144582331
-1.5369997817935	0.555799845674469
-1.18897362198673	0.675564151778305
-0.240882528791921	0.078904451336732
-0.243192926623713	0.0796302555049372
0.140785309842846	0.0419396944428236
0.651349240994328	0.207129762624853
-0.362166381635235	0.105626912484328
-0.644388443682788	0.157000626677781
0.650991162239829	0.206772040177897
0.143912405765303	0.04271032796887
0.142727172563101	0.0269105320645235
0.140184451576725	0.0265585662587612
-0.741276499011426	0.25781621104378
-0.364163724519504	0.105904858966181
-1.18488364724918	0.671719547806238
-0.644770889342653	0.156875139887313
0.672623533048747	0.31400520612991
-1.34710632077912	0.851765656727572
-0.362166381635235	0.105626912484328
-0.647461655721112	0.157598110120326
-0.512037543841056	0.272003341698994
0.12845890519089	0.0491078051730474
-0.415880213118191	0.176088333213337
-0.78543539970003	0.347149797386619
-0.538440187846927	0.206758866526095
-1.53219054338251	0.553674997524989
-0.809504211025334	0.446125750750635
0.126380894026797	0.0428651612574455
-1.80368476738292	0.398254084963023
-1.53127286779506	0.553105673100975
-0.540021211439973	0.207221505212573
-0.78810398399432	0.348831685910165
-0.0543776611799779	0.0261178424935564
-1.06705162296416	0.869305261320489
-0.254493833475526	0.169132081280996
0.129549410691115	0.0680895887247632
-0.425557364035199	0.244852785903915
1.06255893274659	0.649919061011324
0.301738729794259	0.195161028353055
0.293302504917394	0.189049837376514
-0.328831196592297	0.153006686566565
-1.06212261325681	0.861594850243424
0.880684996922381	0.472669683555481
1.04928845669154	0.510185199589409
-0.08379947197434	0.0371644470058304
-0.805280496145694	0.891052288134844
2.72007332906793	1.66810522018898
-0.670321823251825	0.401907233152298
-0.212266896740048	0.115654738063251
0.0426756787588319	0.0260802279437921
0.145346966014353	0.0831691474284333
0.119380905546135	0.0511693571301701
-0.815482902252376	0.715851526771682
-0.260672495273471	0.132299262543906
-0.424144424128514	0.243392394019766
-1.8342610889082	0.756597291586424
-1.51281898811406	0.780377100264654
-0.810150432537075	0.446867569420495
0.134344345393478	0.0512753138279318
0.119696350428732	0.0513658153696628
0.936003651471436	0.631550523617502
-0.328998711203005	0.153120897504069
-0.562028910729054	0.360564315376785
-0.357284835734928	0.218372875577589
-0.257856965546589	0.130603253540638
-0.669128443188461	0.401515314015906
-0.511095096651744	0.27159009320338
0.125752849936547	0.0540688711911673
-1.62316698595748	1.25949283691602
-1.69612194496232	0.974489288335459
-0.160864592689006	0.0585505223318761
-1.5318146928413	0.553494474919415
-0.416683138160911	0.176658736963844
-0.740369846039464	0.257039463862401
-1.53662981716208	0.555438343483155
0.67025166489187	0.313316478720409
0.142261903209059	0.0422917434711763
-0.173066900958544	0.062952678461674
-0.363619197342818	0.105894774191241
0.931950133432299	0.244413497437813
0.143549438263141	0.0362330396689423
0.143089034703473	0.0425083446227902
-1.15755644738434	0.355289941594665
-0.0756919481672258	0.0335721222364344
0.13432231797939	0.0642862273582917
0.128350501127829	0.043512403302682
0.671885995524242	0.314044506672613
0.144060798177726	0.0823667328235491
-0.233387135509462	0.0765198473617531
-0.330609211155798	0.153855602486934
0.510875541395758	0.183928738190787
-0.112725163918855	0.0454339502474393
1.04502186505443	0.507130780035814
-0.243192926623713	0.0796302555049372
0.674503668410309	0.315980036042274
0.127666695648323	0.0488134294645902
0.132455871023204	0.0505632780370314
-0.264862402408207	0.134362415317849
0.421218083319536	0.169306142598634
-0.629465627660057	0.306278798357727
-0.0459809012496877	0.0221530462587697
-1.29512448214983	0.591490771636577
3.25219401652934	1.09882975306147
-0.746726771319564	0.259871772377509
-1.04359703690809	0.420463940972424
-0.785169599684833	0.347346077464268
0.340449397287037	0.170534423098523
0.128119709905925	0.0549646122828988
0.871640348253948	0.465900064086688
-1.5318146928413	0.553494474919415
0.13912027261828	0.0264101516649031
-1.80368476738292	0.398254084963023
0.135344827059028	0.0258639507496658
1.95062146582611	0.454190159391569
-1.80368476738292	0.398254084963023
-1.80368476738292	0.398254084963023
1.95135265955319	0.45428366780025
-1.80379071234984	0.398266610487963
-2.58453548475525	0.676764203908389
-0.362166381635235	0.105626912484328
0.148123932113398	0.037298775193441
-1.80368476738292	0.398254084963023
-0.647852271039411	0.15768507802046
-3.09066749133914	0.959393078286489
-1.80379071234984	0.398266610487963
-1.80379071234984	0.398266610487963
2.74617618045436	0.774720201883077
-0.641207204081918	0.156050090719873
-1.5318146928413	0.553494474919415
-1.80368476738292	0.398254084963023
-3.08991345953591	0.960747174631736
-1.15300618747366	0.353816991053109
-1.80368476738292	0.398254084963023
1.95062146582611	0.454190159391569
-1.80368476738292	0.398254084963023
-1.15933632072629	0.354909147754877
1.95135265955319	0.45428366780025
-1.80368476738292	0.398254084963023
-1.80379071234984	0.398266610487963
0.139930142590356	0.0265210820862786
-1.80379071234984	0.398266610487963
-1.80379071234984	0.398266610487963
0.139373629020068	0.0264474830594518
-1.80368476738292	0.398254084963023
1.43973986105876	0.479489791047764
1.95135265955319	0.45428366780025
1.95135265955319	0.45428366780025
-1.80368476738292	0.398254084963023
-1.80379071234984	0.398266610487963
-1.80379071234984	0.398266610487963
0.13912027261828	0.0264101516649031
1.95135265955319	0.45428366780025
-1.80368476738292	0.398254084963023
-1.80368476738292	0.398254084963023
-3.08991345953591	0.960747174631736
-1.80368476738292	0.398254084963023
-0.644006342900786	0.156718049862583
-1.80379071234984	0.398266610487963
-1.80368476738292	0.398254084963023
-0.643506271279338	0.156786530055825
1.95135265955319	0.45428366780025
-1.15347733768864	0.353947479713194
-3.08991345953591	0.960747174631736
1.43602101245823	0.478148523404795
-1.80368476738292	0.398254084963023
-3.09029030460571	0.960832707527767
1.9537169353899	0.454657075827859
0.140184451576725	0.0265585662587612
0.933710809861868	0.244826616527384
-1.807243397525	0.398882182291443
-0.644006342900786	0.156718049862583
-3.7742031804641	1.51362386380608
-2.58453548475525	0.676764203908389
0.139930142590356	0.0265210820862786
-0.741276499011426	0.25781621104378
0.139930142590356	0.0265210820862786
0.146737983479964	0.0369987654124611
-0.239678349640492	0.0785174602984043
-1.53273207896643	0.55406409993797
0.142637387713013	0.0360861991956938
-2.58453548475525	0.676764203908389
-0.645166441735812	0.157071156419286
3.25586177376341	1.1013084673078
-2.58478470503525	0.675813541092272
0.139373629020068	0.0264474830594518
-1.53327386150544	0.554071585244721
-0.363074920327927	0.105749762822137
-2.08376976833869	0.963251483518619
-1.80379071234984	0.398266610487963
-2.58478470503525	0.675813541092272
-1.52899469498403	0.551909382987037
-1.53164925455074	0.552638815903533
-1.80379071234984	0.398266610487963
1.95062146582611	0.454190159391569
0.932829613639135	0.244963311679429
-1.80368476738292	0.398254084963023
0.139930142590356	0.0265210820862786
-0.362530893266771	0.105463937638037
-2.58453548475525	0.676764203908389
0.139930142590356	0.0265210820862786
-1.80368476738292	0.398254084963023
-1.80379071234984	0.398266610487963
2.74617618045436	0.774720201883077
-1.80368476738292	0.398254084963023
0.932444120238111	0.244842742206832
0.139373629020068	0.0264474830594518
0.139373629020068	0.0264474830594518
-1.15392338036234	0.354212278509058
-1.80368476738292	0.398254084963023
0.935515179855096	0.245440180005837
0.138699758667585	0.0263265295910935
-0.64477214166203	0.156983480169134
-1.80379071234984	0.398266610487963
0.139930142590356	0.0265210820862786
-1.80379071234984	0.398266610487963
0.147211981908801	0.0371529932006973
-0.644388443682788	0.157000626677781
-1.80368476738292	0.398254084963023
0.139930142590356	0.0265210820862786
-1.80368476738292	0.398254084963023
-1.15347733768864	0.353947479713194
-2.58453548475525	0.676764203908389
-3.09408861819707	0.962829753125291
0.139373629020068	0.0264474830594518
-2.58428653566473	0.675727611967995
-2.58478470503525	0.675813541092272
1.95062146582611	0.454190159391569
2.7496138177855	0.775189687209382
-1.807243397525	0.398882182291443
-3.09066749133914	0.959393078286489
0.931565691852841	0.244293555241305
2.74877977095104	0.77489585677119
0.13912027261828	0.0264101516649031
0.928481199205008	0.243805258274956
-3.76557168292632	1.51230600255237
0.933710809861868	0.244826616527384
-3.09066749133914	0.959393078286489
0.932444120238111	0.244842742206832
0.13912027261828	0.0264101516649031
-1.15799700419576	0.355156175000868
-0.644388443682788	0.157000626677781
-3.76450171843679	1.51272854782687
-1.53235676509745	0.553502300358264
-1.53662981716208	0.555438343483155
-0.640433285495798	0.155891307450366
-1.15253539705602	0.353154418604941
-2.58453548475525	0.676764203908389
-1.80368476738292	0.398254084963023
-1.80379071234984	0.398266610487963
-1.15847376642875	0.355686548405735
-1.80379071234984	0.398266610487963
-0.362710949837822	0.10577213020672
-1.53273207896643	0.55406409993797
0.139930142590356	0.0265210820862786
-1.807243397525	0.398882182291443
-1.80368476738292	0.398254084963023
0.13912027261828	0.0264101516649031
-1.80379071234984	0.398266610487963
-0.643506271279338	0.156786530055825
-1.80368476738292	0.398254084963023
-3.08991345953591	0.960747174631736
-3.09408861819707	0.962829753125291
0.150921468814773	0.0379194736694598
0.140184451576725	0.0265585662587612
-2.58428653566473	0.675727611967995
-1.80368476738292	0.398254084963023
-1.80368476738292	0.398254084963023
-1.80379071234984	0.398266610487963
-0.644770889342653	0.156875139887313
-1.80368476738292	0.398254084963023
1.95062146582611	0.454190159391569
0.139930142590356	0.0265210820862786
0.140184451576725	0.0265585662587612
0.139373629020068	0.0264474830594518
0.13912027261828	0.0264101516649031
0.13912027261828	0.0264101516649031
0.140184451576725	0.0265585662587612
-1.80368476738292	0.398254084963023
-1.80368476738292	0.398254084963023
0.139930142590356	0.0265210820862786
0.142727172563101	0.0269105320645235
-1.15394884803957	0.353566779644249
-1.15755644738434	0.355289941594665
1.95062146582611	0.454190159391569
1.95062146582611	0.454190159391569
0.140184451576725	0.0265585662587612
-1.15439361670696	0.354342573020678
-1.15799700419576	0.355156175000868
-0.64477214166203	0.156983480169134
-2.58817701744193	0.677412741892899
-1.80379071234984	0.398266610487963
-1.19784105562099	0.678919463010039
-0.720926776880799	0.645835771388716
0.137209797477049	0.0464410009267909
-0.259036816656233	0.131345733386782
-0.543823047707367	0.208731068675775
-4.22735042176467	2.0168938929154
-2.30798780593326	1.18383266622942
-0.812010344841587	0.448283481185331
0.129821335166026	0.0495807397916189
-0.363074920327927	0.105749762822137
1.31818872914101	0.57803285948981
-0.242894765745569	0.0796348330145537
0.36479629945061	0.163314475567023
0.132055846316588	0.0447762654002208
-1.8359662765192	0.757377146649207
-0.624661830631615	0.303154266509194
-1.66586297165434	1.74711090922449
-0.433063787189823	0.249419572009527
-0.485555763021324	0.329989647390075
1.43545536478125	0.890131126044033
-0.514257400182108	0.273780481854813
-0.787558915132848	0.34862507972379
0.340137787520046	0.17037003822384
0.317167323605302	0.175094543657857
-1.15347733768864	0.353947479713194
-0.510895983582877	0.27211449498185
-0.128073456151452	0.0515121087126927
-0.943139682682762	0.69902113706949
-1.00522127112949	0.506259591133505
-1.04359703690809	0.420463940972424
-1.85299712905964	1.17856607818259
-0.625966193544888	0.304092312163021
-1.15347733768864	0.353947479713194
-0.782777316828543	0.344991699958696
-0.78810398399432	0.348831685910165
-1.35569098209261	0.86044074834901
-0.696400269601517	0.496306498848653
0.870988680150273	0.466026874839983
-0.626678913665066	0.304047430235979
0.306158200130718	0.184067021972506
0.122284243762024	0.0525055197786768
-0.512682015957348	0.272427704581861
-1.83277758245026	0.754444070298794
-0.625966193544888	0.304092312163021
0.130926243753371	0.0443397136390041
-1.15439361670696	0.354342573020678
-3.09066749133914	0.959393078286489
0.147685616873541	0.0372140815523598
-0.512682015957348	0.272427704581861
0.514659313486759	0.185330599053687
-0.430965081947099	0.248305619265008
-0.673968794025049	0.404650266583998
-0.631064140132954	0.307206484600334
-0.0526663809694798	0.0252722400742803
-1.49588973845055	1.0567077456611
0.146737983479964	0.0369987654124611
-0.644006342900786	0.156718049862583
0.511447846039878	0.183898335950935
0.771336510208013	0.459531001084451
-0.162988659613012	0.0594305969388654
-0.238318402636722	0.078044741642038
2.09993760890072	0.942375075531877
-1.50755969563052	0.776743410627958
-0.543552235605529	0.208968478049413
-0.531708200428217	0.203515978942766
1.01540222010121	0.384610211569901
-1.807243397525	0.398882182291443
-0.126774632118561	0.0510070776237582
-3.46584456958788	1.25353297605489
-1.85750210676359	1.18444970792539
-0.897470624898127	0.919430263695337
-0.202994028615335	0.138026374283437
0.175633669957056	0.147593610268226
-0.325155023918424	0.293813488971228
-0.025993062038617	0.0177555855915061
0.141801702687689	0.0747695689273306
0.435511340136589	0.313688168932311
-0.406291673902079	0.326015649150121
-0.714199072154378	0.580627169702916
-0.993198344299512	0.99774522656627
0.0175913464611431	0.0133600753908692
-0.461385817182165	0.364312368541619
0.290854281329288	0.187129146926632
0.42942355056596	0.308685735647307
-0.0798323227211098	0.035395033779357
-0.414557503610828	0.175513398695098
0.583061486658868	0.302968243382615
-1.18365552839269	1.04824801297366
0.669407078595184	0.312784091809823
-0.165592014214102	0.0602587133019824
0.57899652428056	0.300703641435945
-0.411336703163519	0.174112307825355
-0.415608883219363	0.17598019938734
-0.419970755162234	0.241091598962136
-0.975531841537938	0.60719694734002
-0.747630638147624	0.259859955972283
-1.8396714502032	0.75990222543046
-0.996922463819315	0.500245115175116
0.13345272036125	0.0452283641533281
-1.48109656591438	1.34971868417809
-0.937536568547974	1.14478145768067
-0.641589586090136	0.584999975323819
0.00422045314301124	0.00298188423767537
0.166673038089388	0.13165969267332
-0.892640745701634	0.910410950792324
-0.603610777754428	0.603003271207419
-0.0531502709068541	0.0347931337045673
-2.36885438906239	3.11507374769455
-0.359982008085371	0.261775898710564
-0.130983971112674	0.0788763615734484
-0.425402091195103	0.244206165925495
1.02201384172153	0.387406801790706
-1.18897362198673	0.675564151778305
0.139387708993493	0.0734396017215325
-0.315579074000422	0.234610086617129
0.29468556285202	0.190392037569764
-0.311814898448306	0.231188583916191
-0.806956860805896	0.705876470954816
-0.330290420678813	0.153721356460474
0.415947537379453	0.166416866111191
-2.0948354143142	0.969898927194453
-0.539276806409919	0.207127681793212
1.01630401569638	0.384821506664436
0.80661030139522	0.340174283092776
0.80254307274593	0.337440554502806
-0.241156977507758	0.0789592581942133
0.146774179931898	0.0369732700828277
-0.117877731994865	0.0474656693086417
0.646495256830482	0.205229626326689
0.426763417978963	0.171717622830452
-0.118889047336032	0.0478319304173705
-0.534684508764927	0.502949227555807
-0.213448611343037	0.145827244406693
-0.209772002781094	0.143285849346773
-0.183842909641833	0.146286566858103
-0.178553199400168	0.159502037728088
0.334316605017232	0.307994042278618
0.596141703980936	0.641494377649039
-0.278959581916186	0.259145708500858
0.164654355166924	0.12991654981179
-0.286304520947999	0.240417564153859
-0.301163840863265	0.222398726953148
0.310203091157794	0.186710633227903
-0.740941800230378	0.257318537190623
-0.808117554075681	0.445149576825599
2.09761678300046	0.940719512481992
-0.359365673988087	0.104727737543846
1.02439581816121	0.388554234754345
-1.04272005949682	0.419280018630572
1.01630401569638	0.384821506664436
-2.08465629694215	0.964135619256246
-0.36125776400353	0.10521302829144
-1.15019981108223	0.352703694647943
-1.80379071234984	0.398266610487963
-1.50933407130767	0.77729948010748
0.932444120238111	0.244842742206832
-0.643889763897163	0.156661592959279
-0.536354313754785	0.205687389529939
0.525532064016482	0.301234841935816
-0.393749654227357	0.34801616379566
-0.429959048503438	0.409629754340266
0.444186223579809	0.418896556116233
0.584248770046482	0.438665945582221
-0.0405943277957001	0.0272037939835707
-0.0571379964870981	0.037504649253779
0.0415364304512304	0.0254076811201901
0.152330016173039	0.098477440253851
0.157275081959979	0.111088415812351
0.0703462659024722	0.0492534191682904
-0.207584715038364	0.162647224124939
-0.126984710394159	0.0923336921148373
-0.128479917770369	0.0934988394467507
-1.07748823565405	1.15226688833953
-0.968444767732217	1.04771503949652
0.560751206099657	0.446630754081695
0.168989663664767	0.137586610910422
0.0897922888880057	0.0715066083748707
-0.697055233119592	0.495388789164652
-0.306066310776949	0.22663180558846
0.132888220671258	0.0450543248212034
-1.53235676509745	0.553502300358264
1.80646672530512	0.709284888569376
-0.626470669551696	0.304366021568912
-0.643506271279338	0.156786530055825
-0.740369846039464	0.257039463862401
-1.03979555880417	0.418029576607972
-0.229321188797506	0.0750375888085326
-0.643889763897163	0.156661592959279
-0.367012159161167	0.106980484577588
-0.746726771319564	0.259871772377509
0.150443359742849	0.0377633287087368
-1.15439361670696	0.354342573020678
-1.04729435938822	0.422179438065331
-0.481636691365021	0.326675934763467
0.452966235198653	0.307028985409091
-0.0255127055097917	0.0130689126142779
0.733518156557063	0.805526235580716
-0.58524745065459	0.665739174629314
-0.0517853099499809	0.0399522854971131
-0.725074216776418	1.04280317354252
-0.711311292323754	0.89743823618153
-0.0980554925166294	0.0844679288316917
0.0281495892527534	0.0230758728090301
-0.0144443388402953	0.0119955322848973
0.238565491852797	0.240916183726225
-1.49495005680014	1.05070810579569
-1.68914704649188	0.968211931970269
1.80892476946184	0.710964612544011
-0.644006342900786	0.156718049862583
0.932444120238111	0.244842742206832
-0.644770889342653	0.156875139887313
-0.237747525916144	0.077958682705542
-0.644006342900786	0.156718049862583
1.80928263677467	0.710925581726897
0.148123932113398	0.037298775193441
-1.80379071234984	0.398266610487963
0.651349240994328	0.207129762624853
-0.64834559013069	0.157812973783057
-1.15847376642875	0.355686548405735
-0.35509650144986	0.103203233283959
0.123640608666328	0.0473064541364208
-1.07173387070494	1.44800820872685
-0.576505949104705	0.371172219450858
-1.24678106824426	0.951657622098487
-0.81551254552126	0.54721072173945
-0.253080650042905	0.168197258938984
-0.243466592241872	0.0797347561677764
0.322222095306172	0.178204583769342
1.43554514923892	0.477898562880183
-1.45743476746809	1.57810093417074
-0.717938386427904	0.643578504365951
-0.736622974623119	0.771657463083482
-0.0213956819326663	0.0146146087982241
-0.71484732406412	0.984042889682711
0.239373526327316	0.220362271078283
-0.343802704202692	0.339206935115802
-0.537738263748443	0.69605980953479
-0.819683954105794	0.64183759574123
0.38070119852138	0.17097314749992
0.135870632111578	0.0772468900785361
-1.18518562190076	0.671777571048883
0.145913540346097	0.0367609236539561
0.13912027261828	0.0264101516649031
-0.647852271039411	0.15768507802046
-3.76799522552508	1.51241274258477
0.139373629020068	0.0264474830594518
0.140184451576725	0.0265585662587612
0.650197491453198	0.206180224010175
-1.15347733768864	0.353947479713194
-1.15439361670696	0.354342573020678
0.932444120238111	0.244842742206832
0.139373629020068	0.0264474830594518
-2.58428653566473	0.675727611967995
-1.11765219955856	0.772352162101503
-0.504518335726734	0.267516038399624
-0.573397712762371	0.615646676765615
-0.410623854844881	0.430201744477678
-0.236168196549611	0.182062809046558
-0.110048814536494	0.0921016900169437
-0.273284534334828	0.290449556035644
0.0538633588468178	0.0456347938610656
-0.330609211155798	0.153855602486934
1.80520382516112	0.709003956616184
0.50458600582036	0.181242123664178
3.62559622686951	1.43343777832231
0.141726775817505	0.0358473898154438
0.932829613639135	0.244963311679429
0.932444120238111	0.244842742206832
-1.15253539705602	0.353154418604941
-2.58478470503525	0.675813541092272
-0.644770889342653	0.156875139887313
-1.15439361670696	0.354342573020678
-3.46491653046888	1.25066289274388
-0.643889763897163	0.156661592959279
0.140184451576725	0.0265585662587612
-1.24095752536444	0.945319200644873
-0.184665530606129	0.146561243652092
0.126553365684675	0.0544127338379484
-1.62727971479539	1.26697180106819
-0.00489618781051059	0.00345511022916208
0.76989256828358	0.45871147526977
-0.539839679278571	0.207260587364668
-1.53327386150544	0.554071585244721
-0.628281411508157	0.304974893572556
0.401141376419821	0.317730729519789
0.382741849196833	0.403900353500053
0.0874344597238	0.0712573143354546
0.482521490907729	0.574738152182079
-0.766575508873045	1.14427459360868
-0.315293354802464	0.357763864161811
-0.525145656973081	0.63340084803822
1.10628908647085	0.994210914954936
-0.425469352958191	0.243940263255517
0.127291159837575	0.0608137889863097
-0.362710949837822	0.10577213020672
-3.76853265433323	1.5149268511572
0.140184451576725	0.0265585662587612
0.51408721869374	0.185096174251148
0.146737983479964	0.0369987654124611
3.25399732634696	1.10138712863889
-2.58478470503525	0.675813541092272
0.13912027261828	0.0264101516649031
0.140184451576725	0.0265585662587612
0.140458165206262	0.0418615852654621
-3.09408861819707	0.962829753125291
-0.643123124462485	0.156504140249688
-1.80379071234984	0.398266610487963
-4.01411754197199	1.76498747005377
-0.604063384076279	0.450342175290564
-0.522471737978182	0.400705603655448
-1.12149494720552	1.10518986380545
0.292485814766537	0.199803928041606
-0.174979326729851	0.100817568936904
-0.245780661605082	0.162972348754147
-0.513420266568726	0.273568751895235
-0.265165456496991	0.134866150122845
-1.15895089420025	0.355454865791994
-2.29929471138622	1.1783275149489
-0.236606371241214	0.0776017669502627
-0.234259276164921	0.0768738569502217
-0.741276499011426	0.25781621104378
0.140184451576725	0.0265585662587612
-0.166461197604221	0.060635495321787
-1.53381589120228	0.553464419719289
-3.09029030460571	0.960832707527767
-1.53327386150544	0.554071585244721
-2.58478470503525	0.675813541092272
-1.15392338036234	0.354212278509058
-1.80379071234984	0.398266610487963
-1.04333787761146	0.419567920605661
-0.209329825105687	0.142897027115966
-0.211826143274739	0.144604505141784
-0.722161832329383	0.64760371002988
-0.12301655105451	0.0495420581668657
0.318790652403905	0.176397973097876
-0.207742581417144	0.113237977784389
-0.808044582517213	0.774654404305001
-2.36797832343228	2.17916351842558
-0.131034202106945	0.0787268144734731
-1.00015760568534	0.502983790465284
-0.416785316042567	0.293672534642375
-0.964511969108561	1.04139530329808
-0.516484970180049	0.39516942608199
0.277794062196335	0.199116660607613
-0.726806147647302	0.652754572225963
-1.06438831499837	0.866135806749733
-0.811658042954601	0.78032873081884
0.410469431261036	0.310831173674477
-0.0917850483469467	0.0569949652889329
-0.350364597797891	0.213610171599506
-0.626695636406249	0.304316750352703
-0.511566278804616	0.271834433941878
0.142727172563101	0.0269105320645235
-0.632072712530663	0.307532076056911
0.128629618148228	0.0436530854985291
-1.15895089420025	0.355454865791994
0.935126029437946	0.245318397037238
1.04983736420811	0.509697963958399
-1.80368476738292	0.398254084963023
-0.740941800230378	0.257318537190623
-1.15486421229877	0.353960755591684
0.139930142590356	0.0265210820862786
0.140785309842846	0.0419396944428236
-0.362710949837822	0.10577213020672
-0.484854721626801	0.461621062764519
-0.57206029316317	0.614918457776677
-0.452668375654572	0.493996570769485
0.930966276556266	0.914604619962759
-0.252478873941642	0.235820971299012
-1.62288286619157	1.96867942361553
-1.52107884351766	0.779383138587587
-1.15347733768864	0.353947479713194
-0.643506271279338	0.156786530055825
0.13912027261828	0.0264101516649031
0.649897891813891	0.206374526154303
0.932829613639135	0.244963311679429
-0.741848012858367	0.258096023054699
2.74617618045436	0.774720201883077
-2.58428653566473	0.675727611967995
-3.08953695583634	0.959084825597379
-2.58453548475525	0.676764203908389
0.139884098064408	0.0416988824150201
-1.5369997817935	0.555799845674469
-0.168280676624519	0.0613309275118674
-1.80379071234984	0.398266610487963
0.165813105735166	0.113178215385016
-0.030577866574426	0.0204738183961258
-0.0403530082745582	0.0321507023378056
0.0310783728130744	0.0190624968403518
0.670780204362144	0.313732636016028
-0.670014380752594	0.401912627088495
0.306683501266578	0.1845800585008
-0.164885457806792	0.0600794376284763
-1.11663723897387	0.771816982361445
0.377755016402215	0.169490182835569
0.29075372929858	0.187563536139459
-0.62519244486668	0.521354327217413
0.811721846312812	0.845621788552619
0.240261618412922	0.226674996501113
-0.204307991454874	0.15953943082726
-0.181929209044998	0.144447962672027
-0.307069485328094	0.283141024355522
-1.5063868714895	2.958350707724
-1.00417383279281	0.506023554653868
-2.08692041005003	0.965378729425355
-0.673227508310805	0.403622720407161
-0.644770889342653	0.156875139887313
-3.09029030460571	0.960832707527767
-1.80379071234984	0.398266610487963
-1.80379071234984	0.398266610487963
0.139373629020068	0.0264474830594518
0.140184451576725	0.0265585662587612
-0.330290420678813	0.153721356460474
-0.701948506809139	0.500907471050578
-0.40859820136492	0.286917606446318
-0.0511156943269742	0.0335118582054081
-0.81464974490579	1.16983112613
-0.564260812246392	0.751192086416102
-0.322685834543001	0.385735681571166
-0.121285863769858	0.0877812054875002
-1.80379071234984	0.398266610487963
1.95062146582611	0.454190159391569
-1.15253539705602	0.353154418604941
-0.644770889342653	0.156875139887313
-1.15439361670696	0.354342573020678
-0.362710949837822	0.10577213020672
-1.80368476738292	0.398254084963023
-1.15439361670696	0.354342573020678
-0.742419833798786	0.258214778445979
-1.80368476738292	0.398254084963023
-2.58453548475525	0.676764203908389
-0.322952701803504	0.341650714325511
-0.456090046687013	0.498664667025095
0.326310534061501	0.391958858176652
-0.560872852086613	0.359830141064885
-1.0440627882473	0.420113469192121
1.07208975796524	0.802972088786901
-0.521790999945266	0.401395140425838
-1.51267589191849	0.778589634545645
0.523482011507984	0.301436114249734
0.510007909511423	0.183564268952108
0.312603326362276	0.172246256646432
-1.02875649318682	0.94457994812681
-0.151908639412585	0.108613846143452
0.708982235280118	0.873034063990719
-0.196510888556731	0.173971855714694
0.172179704368234	0.196016675840158
-0.199595684068212	0.2364006987549
-0.233889048811698	0.321442132784674
-0.819621662766766	0.641139377095997
-0.565218593052431	0.362500336224692
-0.243131767254699	0.160398448014694
-0.643123124462485	0.156504140249688
-0.643123124462485	0.156504140249688
-0.644388443682788	0.157000626677781
-0.644388443682788	0.157000626677781
-1.15707876120986	0.354760041850164
-0.644388443682788	0.157000626677781
0.13912027261828	0.0264101516649031
-0.236606371241214	0.0776017669502627
-0.410287929413116	0.173525212006242
-0.601226326157029	0.448090347057769
-0.350234543562738	0.213950377405786
-1.12001408718219	1.35189707619768
-0.255376640607203	0.324075945317891
-1.15884840067313	0.354739594018442
0.147685616873541	0.0372140815523598
3.62849380145916	1.43519617024906
-1.15114881056694	0.35245741836246
-2.58843250021574	0.677477739401539
-1.807243397525	0.398882182291443
-1.15067412918645	0.352834915266282
-0.643123124462485	0.156504140249688
-1.80368476738292	0.398254084963023
-2.58453548475525	0.676764203908389
0.139930142590356	0.0265210820862786
-0.978963048230719	0.60927319716003
-0.536702892045145	0.694320565143697
0.0274383101477236	0.0219752216102302
-0.475479356431913	0.695600890694668
2.00673161720058	1.89071596036388
0.147685616873541	0.0372140815523598
0.391401614442754	0.308916898173719
0.7155480628366	0.595592441852302
-1.15895089420025	0.355454865791994
-0.538440187846927	0.206758866526095
-1.04359703690809	0.420463940972424
-0.0798323227211098	0.035395033779357
0.0619820488910552	0.0432030072374575
-0.935217487045528	1.14250430148538
0.506585642339318	0.732394804332683
-0.317183725143512	0.261987061864389
-0.362970733498896	0.511511687422691
-0.325898365622584	0.431284649340925
-0.25274739905392	0.349492704139734
0.269121242802665	0.200820562203005
0.00426716118066312	0.0022195720505698
0.299028763030941	0.193196375974511
-0.742182711888573	0.257807372285815
-0.35900113863639	0.104616647983879
-1.15439361670696	0.354342573020678
-0.644388443682788	0.157000626677781
-1.80379071234984	0.398266610487963
-3.08991345953591	0.960747174631736
-0.640433285495798	0.155891307450366
-3.09029030460571	0.960832707527767
-1.15392338036234	0.354212278509058
0.140184451576725	0.0265585662587612
2.74877977095104	0.77489585677119
1.95135265955319	0.45428366780025
-0.124064151874363	0.0499563084162275
-0.617197859415086	0.657815249665677
-0.614361110484557	0.856101737365716
-0.656725037606292	0.918335391744897
-1.15803450000539	0.355059130854004
0.147685616873541	0.0372140815523598
-0.643506271279338	0.156786530055825
0.651349240994328	0.207129762624853
-0.643123124462485	0.156504140249688
-1.04473460322805	0.420181639623663
-0.355642785136652	0.103485182800417
0.651896042016441	0.207030647505349
-0.624957539650513	0.303252493920291
-1.24773789109782	0.954297547095162
-1.00549630243412	0.506795601514535
0.525555892428357	0.302755968665049
-1.11545108733747	1.0947168895523
-0.16617394898698	0.0605322426701329
-0.809341479415278	0.446119265199247
0.128065802893217	0.0434680575192894
-0.352547007882265	0.215100186859156
-0.581776973450492	0.538532049075164
-0.0879107273164388	0.0661172066708774
-0.0722376622987949	0.0551584965090937
-0.274631652318492	0.277114779993188
-0.423109239493074	0.557285413343232
-0.116404506413315	0.11561980809154
-0.217863424292511	0.251770054439351
0.840814393883754	0.617032386890951
-0.411336703163519	0.174112307825355
1.38525819867526	1.06952123046566
0.673388593393112	0.315093182729649
0.136156966750329	0.025975077128062
-0.746726771319564	0.259871772377509
-0.792008151205469	0.350994474519001
-1.15392338036234	0.354212278509058
-2.58478470503525	0.675813541092272
-1.807243397525	0.398882182291443
-2.58428653566473	0.675727611967995
-0.643123124462485	0.156504140249688
-1.80379071234984	0.398266610487963
-3.08953695583634	0.959084825597379
-1.80368476738292	0.398254084963023
-1.80368476738292	0.398254084963023
0.932829613639135	0.244963311679429
-0.366106353055766	0.106564775009011
0.143665287756915	0.0427236629465922
-0.414843293702639	0.1757531596619
0.139373629020068	0.0264474830594518
0.13912027261828	0.0264101516649031
0.140210488911627	0.0417260592948838
-3.46927590533187	1.25338166490445
-2.58428653566473	0.675727611967995
-1.807243397525	0.398882182291443
-1.69072028499641	0.967990296248179
-0.508336558590758	0.270190425497173
0.131984800643426	0.0694630070667678
-2.48192268893259	1.40275162030224
-0.793643904174052	0.351804944175964
-1.50515775706551	0.773632562902453
-0.263891522182683	0.134239415908934
-0.290888886089056	0.24512716002831
-0.483181297766613	0.459305571227714
-0.562989445838236	0.67890990006963
-0.340867657430847	0.3355589091514
0.13259162276198	0.139889249990549
0.00125312159127851	0.00113243677448324
0.0953048845816451	0.0959532765790749
0.148529112476402	0.0850543223298646
-0.626975244966897	0.304549343118473
-0.254960129616659	0.128818865351321
-1.29742468940065	0.593905209910399
1.01823421957205	0.385718705291343
0.139373629020068	0.0264474830594518
-2.48516892469836	1.40579037150586
-1.80368476738292	0.398254084963023
-1.807243397525	0.398882182291443
-2.58817701744193	0.677412741892899
-0.647461655721112	0.157598110120326
-0.648735146604395	0.157899750679971
-1.15347733768864	0.353947479713194
-2.58428653566473	0.675727611967995
-2.58428653566473	0.675727611967995
0.139373629020068	0.0264474830594518
-0.644006342900786	0.156718049862583
-1.80379071234984	0.398266610487963
-1.80368476738292	0.398254084963023
-3.08953695583634	0.959084825597379
-1.83334580943494	0.755859310527549
0.140785309842846	0.0419396944428236
0.646143141275968	0.205158328067658
-1.5318146928413	0.553494474919415
-0.820655530929332	0.452674876518326
0.131984800643426	0.0694630070667678
0.774362030271894	0.460793503089776
0.94973614155292	1.15767134132596
-0.670365493363888	0.70761775806049
-0.113627531654941	0.106376044620492
0.27698993331371	0.363264773259517
-0.345691248422848	0.413384989783629
-0.514904041419268	0.27427589806961
1.31118731400187	0.576162678907346
-0.367012159161167	0.106980484577588
0.13345272036125	0.0452283641533281
0.13912027261828	0.0264101516649031
-1.15067412918645	0.352834915266282
-0.361802623855853	0.105358062763741
-1.15253539705602	0.353154418604941
-0.645166441735812	0.157071156419286
-0.644770889342653	0.156875139887313
0.130930392317291	0.0562124990464871
-0.164080448154753	0.0597916313207312
0.137049883482728	0.0408453847208138
-2.30576316786488	1.18333924157966
-0.056225822932204	0.0368511969088247
-0.235912014818274	0.181652649506504
0.74134015700252	0.900919563232798
-0.287066052750369	0.240887906114814
-0.0872187549972655	0.0835954195173782
-0.350815251886206	0.370996031878616
-0.178380672253161	0.175288229314215
-1.043288757653	0.419327472122216
0.130930392317291	0.0562124990464871
0.146737983479964	0.0369987654124611
-0.74730280862006	0.259785520477436
-3.09370472754254	0.961571400894305
-3.09029030460571	0.960832707527767
0.139930142590356	0.0265210820862786
-3.76396710128731	1.51165110521982
-0.644388443682788	0.157000626677781
-0.235702342750488	0.0772348714749425
0.150004967546857	0.037720852406733
0.150921468814773	0.0379194736694598
-3.46584456958788	1.25353297605489
-3.47021758744757	1.25549793829818
-2.04746827247146	2.17294882311812
-0.299866521936266	0.192617980111733
0.129549410691115	0.0680895887247632
-0.359871197887871	0.220390035506334
-0.361520264687184	0.262881236849164
-0.733602687570864	0.71481879582861
-0.249832779467947	0.232917533336975
-0.566992979867964	0.75700748580899
-0.559585153020892	0.646117653881058
-0.396179221044482	0.437381331287561
-1.85686702079314	1.71386075800777
0.127839872907515	0.0611557106899218
-1.35099659271642	0.85883886470938
-0.116201193749778	0.0468543671532894
-1.80368476738292	0.398254084963023
-0.643506271279338	0.156786530055825
0.139930142590356	0.0265210820862786
-1.15895089420025	0.355454865791994
2.74617618045436	0.774720201883077
0.147211981908801	0.0371529932006973
0.146301463254213	0.0369121679082859
1.95135265955319	0.45428366780025
-1.53127286779506	0.553105673100975
-1.80368476738292	0.398254084963023
-1.15392338036234	0.354212278509058
-2.93155373555789	2.1838393683682
-0.703035715752386	0.502121733105805
0.67346002449245	0.315470259796261
-0.789360513665424	0.349747285437635
-0.0884919120278766	0.0548117296815814
-0.523690488088887	0.489775729217212
0.457440191721077	0.501482409646348
-0.0807296705777642	0.0618411487928976
0.298422621999657	0.306320254780428
-0.411250430059441	0.512648296208591
-0.562791190721265	0.361512451365108
-0.11222121740687	0.0452297350951107
-0.354078273014506	0.215894376925325
-0.241156977507758	0.0789592581942133
0.140184451576725	0.0265585662587612
0.935515179855096	0.245440180005837
-0.663491999564869	0.965221275039766
-0.644770889342653	0.156875139887313
-0.360713154621022	0.104928044856164
0.932829613639135	0.244963311679429
-0.363619197342818	0.105894774191241
-1.807243397525	0.398882182291443
-0.643889763897163	0.156661592959279
-1.49588973845055	1.0567077456611
-0.543823047707367	0.208731068675775
-0.324231931616721	0.150813949836436
-0.521661132704541	0.401222624773601
-0.667013692776579	0.399425616516906
-0.180086732030782	0.142930391607181
-0.459558793755428	0.362065361623133
-0.343720488778956	0.338730328754634
-0.360713154621022	0.104928044856164
0.140184451576725	0.0265585662587612
-1.807243397525	0.398882182291443
0.140184451576725	0.0265585662587612
-0.788915540437304	0.349290087251084
-0.416158815280474	0.176424715546526
-2.58478470503525	0.675813541092272
-2.58428653566473	0.675727611967995
-0.401753667477765	0.388917234227951
-0.501089663978856	0.610950173500106
0.142469531863295	0.0268725113483955
0.13912027261828	0.0264101516649031
1.95062146582611	0.454190159391569
-2.58428653566473	0.675727611967995
-1.80368476738292	0.398254084963023
-2.58478470503525	0.675813541092272
-4.41946071514068	2.28142525704924
-0.419630490333242	0.177957182429578
-0.667322288711726	0.399741210992902
-1.80368476738292	0.398254084963023
-2.58453548475525	0.676764203908389
0.139373629020068	0.0264474830594518
-0.235165124888598	0.0769431925548772
0.132620364305083	0.0449502398034842
-0.644770889342653	0.156875139887313
-2.58453548475525	0.676764203908389
-1.0441657216201	0.420510686701662
-0.787825204296024	0.348755440723153
0.264023394476888	0.204556066466604
-0.0214087433728691	0.0176473109622792
0.27410340496998	0.288023923518135
0.933712860137159	1.13291671044713
0.126946639547592	0.0430503638905684
3.25586177376341	1.1013084673078
-2.58843250021574	0.677477739401539
-0.644388443682788	0.157000626677781
3.2530948013434	1.10108931722157
-1.80379071234984	0.398266610487963
-2.58453548475525	0.676764203908389
-1.807243397525	0.398882182291443
-1.04816955160128	0.42197561480355
-0.0801341146552086	0.0355476390543493
-0.817295738060577	0.640315226666251
0.146301463254213	0.0369121679082859
1.02349375759299	0.388665902021623
-0.362710949837822	0.10577213020672
-0.361802623855853	0.105358062763741
-1.53273207896643	0.55406409993797
4.37294520639831	2.28827124905151
-0.681906267583588	0.409753827841639
-0.348692526134188	0.212285034092682
-0.210773411052494	0.165426951056847
-0.0466749047042419	0.0366224189969418
0.0016072321047732	0.00139162309185271
-0.542260620223075	0.617427945066234
-0.966471978392408	0.598792365159476
-0.538890908730252	0.206797385443168
0.139884098064408	0.0416988824150201
1.80128084073667	0.706472447716932
0.139930142590356	0.0265210820862786
1.95135265955319	0.45428366780025
1.95135265955319	0.45428366780025
0.142727172563101	0.0269105320645235
-0.797290903043392	0.353405248491079
-1.10815725841051	0.76314903260675
0.13912027261828	0.0264101516649031
-1.15300618747366	0.353816991053109
0.146346358967967	0.0368510834186678
-0.644388443682788	0.157000626677781
-0.64834559013069	0.157812973783057
-0.340717523207447	0.158548483973587
0.303889739129896	0.196267809543013
-0.166961971197191	0.115916750482761
0.538414771370739	0.677279199591963
-0.475180593299737	0.580898109129423
-0.359080375734766	0.445045323405996
-0.808785419428654	0.445825893602893
1.4335387523959	0.892446383955669
-1.53127286779506	0.553105673100975
-0.640820070260403	0.156173374069777
1.43412178636911	0.891195052836483
0.931950133432299	0.244413497437813
-3.08991345953591	0.960747174631736
0.939107808803008	0.245913360600712
-0.643506271279338	0.156786530055825
-1.80368476738292	0.398254084963023
0.140184451576725	0.0265585662587612
0.139930142590356	0.0265210820862786
-0.742991962113009	0.25807407437927
-0.241453949883888	0.0791674426738944
-0.690828281652896	0.489886123527121
-0.960497889356153	1.41756650607437
0.102109963458639	0.0840365626668461
-0.489754858347923	0.332802197596717
-0.207800138105071	0.113410652726812
-0.739537230825823	0.256790305287863
0.145913540346097	0.0367609236539561
0.142727172563101	0.0269105320645235
1.04186232536753	0.504107580221577
0.140458165206262	0.0418615852654621
0.932829613639135	0.244963311679429
-1.80368476738292	0.398254084963023
-1.80368476738292	0.398254084963023
0.932829613639135	0.244963311679429
0.139373629020068	0.0264474830594518
-1.80379071234984	0.398266610487963
-1.52845204149787	0.551521368985269
-1.80379071234984	0.398266610487963
0.139930142590356	0.0265210820862786
-1.807243397525	0.398882182291443
2.33338159599126	1.17067533520908
-0.417262109768535	0.176533552473917
-1.83334580943494	0.755859310527549
-0.354439371080884	0.216778774237302
-2.58428653566473	0.675727611967995
0.153733421849462	0.0384586410081059
-0.73573287867505	0.254783841429607
-0.643123124462485	0.156504140249688
-0.267169409826541	0.135795476473849
-0.423360553673222	0.243641074766301
-0.410018726098829	0.173284845006694
0.342352501517743	0.171365468850284
1.04983736420811	0.509697963958399
-0.234561901877787	0.0768788971748607
-1.15300618747366	0.353816991053109
-0.167267366049274	0.0609436470739813
1.66695147833246	1.93608826455953
1.01881061691072	0.386619941894425
0.506024897221242	0.182012241745483
2.09903484483183	0.941607866167158
0.139930142590356	0.0265210820862786
0.932444120238111	0.244842742206832
0.650444653728205	0.206870989076807
-0.787825204296024	0.348755440723153
0.932444120238111	0.244842742206832
-1.15394884803957	0.353566779644249
-2.58453548475525	0.676764203908389
-1.80379071234984	0.398266610487963
-0.364212438746839	0.106078206157018
1.80837546568447	0.710560744847372
0.510580201392862	0.183534349617947
-1.15300618747366	0.353816991053109
-0.359911076994201	0.104872867536805
-1.03629297752344	0.415379442071346
-1.5360848806456	0.555230368935604
-1.29540377032995	0.591333580900372
-0.35239633976736	0.215154656353209
0.402947252604325	0.319291017728981
-0.890437625977235	0.90794363489315
-0.419630490333242	0.177957182429578
1.6343253990745	1.52656853733262
-0.410008862994998	0.172839245252014
0.127666695648323	0.0488134294645902
0.139930142590356	0.0265210820862786
-0.238920608592102	0.0782667689841429
-0.329579122799	0.153749164617559
-1.15347733768864	0.353947479713194
-0.238048417060954	0.0780891030505443
0.280816216454544	0.201846809325023
-0.415861981910471	0.293607906857215
1.05849592118813	0.645592186897041
-1.5318146928413	0.553494474919415
0.33835182328861	0.169080226154265
0.13912027261828	0.0264101516649031
-1.00068173375859	0.503137078395404
0.644691758976379	0.204407522619992
-0.360713154621022	0.104928044856164
0.140458165206262	0.0418615852654621
-0.242323132990394	0.0794545395999312
-2.58428653566473	0.675727611967995
-2.58428653566473	0.675727611967995
-1.15847376642875	0.355686548405735
-3.09408861819707	0.962829753125291
-0.643506271279338	0.156786530055825
-3.46630912179766	1.25319506698382
0.128908083304086	0.0437239734052277
1.80556115744	0.709204238553249
-0.408389278763485	0.172521995430745
-1.16214150109434	0.356023551797343
-1.83391433948043	0.756511402066625
-2.58843250021574	0.677477739401539
-1.15392338036234	0.354212278509058
-0.73458295394823	0.25438535250158
-0.17226279513517	0.0627452428304373
-1.36632464391328	1.3879954101969
-0.1737663554581	0.121325793369848
-0.137752699699775	0.124418497284927
-0.451464945514503	0.353828823949043
-0.817593199955874	0.549481955855486
0.146737983479964	0.0369987654124611
-0.35845544263212	0.104471490348146
0.145145665393506	0.0430929431178775
-0.363074920327927	0.105749762822137
0.669992340809613	0.313365566917382
-0.796384947327038	0.818709479672599
-0.116361514552	0.0467812055251793
-0.742347989383004	0.2578806198378
0.169824094211184	0.163278041568454
-0.0148630125125132	0.0121083047068364
0.226299551635314	0.21645208113223
-0.518848814731032	0.276554404293566
0.839894991478188	0.617254076587659
-1.15300618747366	0.353816991053109
1.95135265955319	0.45428366780025
0.139556940401302	0.0415648034416572
0.140184451576725	0.0265585662587612
1.43834434492453	0.478363981232013
-1.80368476738292	0.398254084963023
-3.76450171843679	1.51272854782687
-0.643123124462485	0.156504140249688
0.144569280114635	0.042929282273931
-3.09408861819707	0.962829753125291
-0.999633587695849	0.502675021948371
-1.86933349152661	1.19466708751928
-3.09066749133914	0.959393078286489
2.74700474235958	0.773735225227364
-1.04215155805216	0.41903356624497
-0.643506271279338	0.156786530055825
0.139373629020068	0.0264474830594518
-1.80379071234984	0.398266610487963
-1.12130820890505	0.777632807534149
-0.505629188481164	0.267825639225062
-0.543266856350763	0.208763548655505
-3.47809480566956	1.25288276573419
-0.702391720115468	0.566870364140779
0.2587031646328	0.235104118866969
-0.647805718226223	0.900442687599546
-0.327851778412135	0.374794486733471
-0.340218787257347	0.31075077778963
-1.84510601167915	0.760477839181384
-1.30190523483154	0.594740147039289
-0.732207872459191	1.09668290846758
-0.0181956629432282	0.014970237425184
-0.000540594601190002	0.00029832437695819
-0.329094468580607	0.153485560574559
-1.11523902745028	1.33964659163335
-0.973561109012005	0.604678968320892
-1.0441657216201	0.420510686701662
-0.16617394898698	0.0605322426701329
-0.292926974478167	0.187664561468778
0.137374037048927	0.0783862845213458
-0.801952967139215	0.355014879449777
0.140458165206262	0.0418615852654621
-1.29826407772452	0.593186558976334
-0.738391052425425	0.256391693854344
-1.29484267117576	0.591893520060509
0.825171320851521	0.748459637872019
1.21115369947536	1.17370504563778
-0.820972296447821	0.551597223192356
0.120853079986566	0.0518132311403125
-1.86486627381975	1.19012297321233
-0.363255768460324	0.105782299807354
0.150921468814773	0.0379194736694598
-1.00472376913968	0.505185473688007
-0.102072529084152	0.0882904822403443
0.0773036025961729	0.0561245933116464
0.132076230801047	0.0566322271995468
0.517582841363913	0.186137922585082
0.144569280114635	0.042929282273931
2.74877977095104	0.77489585677119
1.43554514923892	0.477898562880183
0.932829613639135	0.244963311679429
-0.738391052425425	0.256391693854344
-1.80368476738292	0.398254084963023
-2.58453548475525	0.676764203908389
-1.807243397525	0.398882182291443
-3.46538037258837	1.25291021678476
0.139373629020068	0.0264474830594518
-0.647852271039411	0.15768507802046
-0.363619197342818	0.105894774191241
0.933710809861868	0.244826616527384
-1.15019981108223	0.352703694647943
-0.362166381635235	0.105626912484328
-0.640820070260403	0.156173374069777
-0.346530191211082	0.211137187003289
0.679586044076172	0.317879135775748
2.74700474235958	0.773735225227364
0.144030943602207	0.0363402578839825
-1.15347733768864	0.353947479713194
-1.80368476738292	0.398254084963023
-1.80368476738292	0.398254084963023
0.139930142590356	0.0265210820862786
-1.04276979621639	0.418727010408207
-0.483390967165701	0.32816149539345
-2.29985279094791	1.179082966891
-0.303054064346787	0.276578728644458
-0.449928028471668	0.628586363148547
-1.17490375173351	2.33717851568824
-0.234982460873331	0.243822915316463
-0.312340064721765	0.386436756757868
-0.79283597775452	0.351347519140623
-0.7389639873091	0.256670839118185
-0.793361717726206	0.351281994271046
-0.215714568679448	0.205397461477423
-0.507138639236823	0.515027338373656
-0.418836909369002	0.177528026956452
-0.742419833798786	0.258214778445979
-1.18548364950592	0.671962875148079
-0.925445204566423	0.788277015279322
-0.0809213630400553	0.0358493766055252
-0.557625437687538	0.711729180925984
-0.808574064828274	1.51357748847016
-0.0308956016437394	0.0336882941395306
0.177074154223123	0.171321118523504
-1.37129803649012	1.3994680949932
-0.232817046683503	0.076320654332776
-0.681876407052468	0.908982899660166
-0.212795553163511	0.145333991624317
-2.08522203444905	0.965065541609483
0.294118557976227	0.189707692612938
-0.64997196504223	0.594092646268024
-0.696019432765337	0.496250171648313
-0.827715500545859	0.556681273549606
-0.737482026667645	0.256039848593742
-0.164052849140934	0.0597221791440503
-3.76450171843679	1.51272854782687
-1.04816955160128	0.42197561480355
-1.15439361670696	0.354342573020678
-4.22510923707724	2.01714949266729
-0.810474288164623	0.447003156352787
0.165040904048966	0.112452496330462
-0.225154696180488	0.197708484901469
0.125266506300847	0.0538369509352683
-0.290444931532228	0.185441918804172
-0.166115155850936	0.0958677484952514
0.134284439062011	0.0454806903417194
-1.51118867054998	0.779819847007487
-2.58453548475525	0.676764203908389
-0.362710949837822	0.10577213020672
-1.807243397525	0.398882182291443
-0.999901833140115	0.502732540485895
-0.746726771319564	0.259871772377509
-0.36125776400353	0.10521302829144
-0.423397283932657	0.179196151850758
0.577143593785566	0.836191657382257
-0.478274328663215	0.32333334893996
1.01970949094797	0.387091911393297
1.31262627398235	0.575986404326764
0.650086353252472	0.206202657488722
-1.80379071234984	0.398266610487963
2.54405181873108	1.41563589394824
-3.08991345953591	0.960747174631736
-1.80368476738292	0.398254084963023
-0.419630490333242	0.177957182429578
-1.05556235039328	0.423428850979126
-3.09029030460571	0.960832707527767
-1.83818577064438	0.758655290136435
-0.644770889342653	0.156875139887313
0.14103192177006	0.0419706320314239
3.25219401652934	1.09882975306147
0.650444653728205	0.206870989076807
-0.640820070260403	0.156173374069777
-0.362166381635235	0.105626912484328
-0.643506271279338	0.156786530055825
0.146301463254213	0.0369121679082859
1.43925987176693	0.479237157391687
-0.644388443682788	0.157000626677781
-2.58478470503525	0.675813541092272
-0.352547007882265	0.215100186859156
-0.593106784632948	0.439894074623876
-1.15426973051376	0.353644768316328
-0.236606371241214	0.0776017669502627
-0.239975824588399	0.0786192096818251
-0.541161192916703	0.660501339062649
-2.58478470503525	0.675813541092272
-3.7650365789172	1.51294271983965
-0.644388443682788	0.157000626677781
1.95062146582611	0.454190159391569
-1.80368476738292	0.398254084963023
-2.58478470503525	0.675813541092272
-3.08991345953591	0.960747174631736
-1.11766471272571	0.774242770111867
-0.813216449580322	0.960549816725465
-0.193891577485148	0.189251249129347
-0.164611776129607	0.14860863976432
-0.404147779807059	0.421602033882705
-0.572264736361158	0.614171912115238
-0.782233677155639	0.344921410633585
-0.150839687515401	0.107797833469797
-0.259313242262681	0.264414231486986
-1.46327749902238	2.96076859042118
-0.309183526164837	0.284947329146349
-1.11189768170654	0.768087519596131
-1.57984251127385	1.55094282002681
-0.566095411269127	0.364570578891234
-1.12206233445919	0.777436782317498
-0.587661627091185	0.749340163211508
-0.687922768933236	0.991576668598307
-0.054620451649264	0.0524450690569909
-0.0782661094629035	0.0599350179707402
-0.0956363163720227	0.0594189225000809
0.273202908701052	0.195571069907421
-0.536479084637438	0.205559461444976
-0.0978074089968335	0.09197640906748
0.00924091195901592	0.00832927545587284
0.361690256031216	0.316952472236046
0.586038828074614	0.305252918237039
0.0584981794753205	0.0376724306420956
-0.100193552379906	0.0739529530615181
-0.884294595104237	0.899096297118336
-2.01117733727754	1.42216895408567
-0.747055356811924	0.259655588067032
-1.15394884803957	0.353566779644249
-0.168535700512318	0.0614396736428628
-0.786469190370634	0.347830565965969
0.142755290906384	0.0813439284742885
0.260022489746465	0.208981292502568
-0.0189769203147372	0.00981661955885189
-0.0817510717846955	0.03628092827398
0.933710809861868	0.244826616527384
1.04428275277602	0.505030807654931
0.510007909511423	0.183564268952108
-0.644388443682788	0.157000626677781
-1.11362517198582	0.768689484758865
-0.726185227688385	0.706715048919819
-0.494445565591268	0.427436073319209
-1.16707210054796	1.02759406612173
0.296607401793246	0.191622258809378
0.375026250762712	0.168444419353064
-0.418044110583143	0.176914284742955
-2.08139224285987	0.961563288351015
-0.747055356811924	0.259655588067032
-0.741848012858367	0.258096023054699
-1.5094647672481	0.775846647256371
-1.04891467684345	0.421689492114567
3.91920866228273	1.72418967780064
0.514659313486759	0.185330599053687
-0.670049148741969	0.707221549695058
-0.403980466924389	0.391690059325244
-0.204051666209924	0.111044256131999
-0.810755126345522	1.06137380549563
-0.604063384076279	0.450342175290564
-1.57364469746948	1.54288488040146
-0.362756437456456	0.105570984853003
0.148598486564552	0.0373599031239063
0.80126711010876	0.337101746422082
-3.09066749133914	0.959393078286489
-1.80368476738292	0.398254084963023
-0.747630638147624	0.259859955972283
-3.08991345953591	0.960747174631736
-3.76557168292632	1.51230600255237
-0.751605087981974	0.261127701993451
-1.83391433948043	0.756511402066625
-0.361802623855853	0.105358062763741
-1.15707876120986	0.354760041850164
0.146346358967967	0.0368510834186678
1.43554514923892	0.477898562880183
0.655055294702571	0.20808355560833
0.140184451576725	0.0265585662587612
-3.09066749133914	0.959393078286489
1.01913264922984	0.38618919405726
-0.237176848830075	0.0778020280962772
-0.243192926623713	0.0796302555049372
-0.236606371241214	0.0776017669502627
-0.539003042837417	0.206891853429863
-1.83653527892371	0.756516844477193
-3.4697465656871	1.25533488138392
-0.672861777824184	0.404838773834704
0.880405850762828	0.472668350363438
-0.164339324198145	0.0599109386152847
0.583253175817435	0.303635376955792
-0.574379859303924	0.530308982959461
0.126029498362731	0.0540764454807436
-1.1547506215075	0.354173653078364
0.655055294702571	0.20808355560833
0.933710809861868	0.244826616527384
-1.15300618747366	0.353816991053109
0.146737983479964	0.0369987654124611
-1.15439361670696	0.354342573020678
-3.09408861819707	0.962829753125291
-3.08953695583634	0.959084825597379
-0.644388443682788	0.157000626677781
-3.0982997955292	0.962577124856442
-1.8396714502032	0.75990222543046
-0.943179626851535	0.698627796595227
-0.24964760914085	0.165746487765135
0.725567959203759	0.706878853597338
-1.11437267862792	0.769330999905989
-0.721338706263952	0.646995527772774
-1.00800134326307	1.29989345922664
-0.968942706493471	0.601224823665331
-0.75328289147802	0.987256333369627
-0.355767842500476	0.257244548186768
-0.283708781438502	0.215878081541486
0.172702606233989	0.136891700427808
-0.633148335708335	0.573029633770841
-0.130105266257843	0.0783269166463944
-0.996188325006041	1.00046431390274
-0.693756805740537	0.493246929479588
-0.993004813216587	0.997898667716514
-0.977274755675532	1.05987860824815
-0.893385520098025	0.913546142819094
-1.1755923539325	1.03868242629052
-0.457254526722837	0.403231548697984
-0.221934681193839	0.194913758672826
-0.282615147791879	0.263293379568057
-0.665397024808991	0.877565901087194
-1.36445287454	1.7794273827669
0.0326036387922578	0.0199500884575387
0.250218553863345	0.206894164253857
-0.158186762167332	0.127158531157828
-1.04231308824999	1.19007670268052
-0.137715506315343	0.114841735875007
-0.161247640124062	0.130078019146286
0.287862198033932	0.196825903021533
0.165996888062466	0.122604225714639
0.0426445029697116	0.0343254789999914
0.00996370155471751	0.00703184103877134
0.769973933216113	0.459259347568662
0.773078831806001	0.728056251368524
0.480987105328681	0.301693707925418
1.56587076402868	1.69778855433245
-0.0459809012496877	0.0221530462587697
0.284172038794438	0.204697208602923
0.40967527908375	0.310036855267203
-0.204133591545995	0.111172620205022
-0.118673738096202	0.0478020956268743
0.126873713953215	0.0484980742887475
-0.968020188944232	0.598991876015385
-1.49100578112624	1.04839585412386
0.138053520376293	0.0466653032248357
-1.50755969563052	0.776743410627958
-0.0177154722321568	0.00918671427008145
-0.44713317103501	0.348616185474264
-1.30219407706137	0.595893702113712
-1.49772072674301	1.05715359901288
-0.417475722920007	0.176801619375739
1.0524546418399	0.511237241963224
-0.292050472813752	0.187057146538845
1.43919360946382	0.894464958171292
-0.170912764961516	0.0622636754540297
0.515231212929482	0.185298370736687
0.522112513177176	0.300468118609615
-0.507405172451794	0.269556982742218
0.51174254082849	0.184178364192085
-0.328831196592297	0.153006686566565
-0.455053047081603	0.357832295218592
0.293001046301688	0.189183887030157
-2.25430902848071	1.90575660234963
-0.640481161103158	0.58343637674522
-0.3580772515006	0.219096520781479
-0.542142876918705	0.208312018224663
-0.788370303416665	0.349083376814077
0.628845348330806	0.444135982121211
-0.236036093012264	0.0773277810609913
-1.00174291509759	0.50449251105629
0.932444120238111	0.244842742206832
-0.0804508522075799	0.0356402153386999
1.43784625468668	0.477947615428851
1.25533841866346	0.692211463064849
-2.65187628889339	1.64970554992644
-0.233387135509462	0.0765198473617531
0.932444120238111	0.244842742206832
-1.29977940239743	0.593783595840784
-2.00344221678031	1.40854588111564
3.03104397893142	2.24997670863181
-0.361622063644185	0.105340752849314
-0.237096024560027	0.0776212713222976
0.148047531695805	0.0438361046687506
0.127104067627197	0.0486093383101179
1.31176150416243	0.575573951673107
0.432609510903912	0.174064034612515
0.675342626755929	0.31601997026286
-0.782233677155639	0.344921410633585
-0.813070646491714	0.449017541755398
-1.29343965055052	0.590338284427117
-1.18468253728705	0.671335078239347
2.34494472236283	1.17920351477426
-0.738391052425425	0.256391693854344
-0.819710226569006	0.551547344825335
-0.788010854383733	0.348646522023297
0.420418606770294	0.168895551588938
0.553180244594437	0.438280034586224
0.29602287114615	0.177228703800136
-0.331276198044971	0.154343404199691
0.129471724631548	0.0439089865174185
-1.80368476738292	0.398254084963023
0.126380894026797	0.0428651612574455
3.92309059860542	1.72743139836869
-0.751605087981974	0.261127701993451
-0.535921830813524	0.20531687711624
-0.35845544263212	0.104471490348146
0.146774179931898	0.0369732700828277
-0.367559864207876	0.107030285212501
0.652800991167172	0.207004492672909
-0.171203966457287	0.0623441479261125
0.139614750556349	0.0471639150817238
0.132692238421375	0.0635373715053659
-0.535517937221125	0.205561517916868
-0.564080323114053	0.36234672245654
0.318936885893847	0.176079201499814
-0.789360513665424	0.349747285437635
0.018105107256375	0.010488213675274
-0.415083137355912	0.175775517043565
-0.943559444851677	0.699366463589569
-0.395031042320615	0.348804368988436
-0.703203772510218	0.50155290377967
0.0628030351173758	0.0422107806158352
-0.209763233377888	0.143289411943965
-0.538151618981623	0.206588191897496
-0.512359952516654	0.27232903431051
-0.628585430612749	0.305545711741027
-0.899645486138483	0.844673147198379
-1.53883717189686	1.75920277684729
-0.315984152868651	0.26087122020957
-0.357864221987507	0.219156422796359
-0.565648663197522	0.36277957865085
-0.863348805639163	0.995692675677894
-0.12069179072401	0.0875362629411777
-1.06415686748933	0.864919063366063
-1.47137514729034	1.33404158279233
-1.17046853783913	1.03102732753168
-0.330122539139211	0.153617242404815
-0.350020482983891	0.213493572571889
0.268151010602644	0.208778690672274
-0.35237025177916	0.214735354109703
-1.0185258514128	0.93056324863974
-1.46276534845622	1.5883161804328
0.151283798733875	0.0924215216217187
-0.21218909625055	0.115773349300808
-0.0240714189222176	0.012365493268298
0.00235262246437916	0.00123728331587942
-1.08873354806745	1.38981520609954
-0.0851067978648522	0.0377019577383759
0.125438755776582	0.0539125712291976
0.13298152746469	0.0507632417340983
0.522211946238341	0.300712114293047
-0.813554999992809	0.449650984268995
-1.29135050930103	0.589403957324184
0.690761424982175	0.451381535955626
-0.787558915132848	0.34862507972379
-0.0782559838576269	0.0347243488220265
-0.079515907274068	0.0352711953292249
1.37586294838366	1.06022696493202
-0.747055356811924	0.259655588067032
1.01881061691072	0.386619941894425
0.761311427926508	0.45191078872676
-0.741276499011426	0.25781621104378
-0.0784071203051197	0.034784580300904
0.58227863023005	0.303015137081487
1.23833515200157	0.853507528057867
0.151399210332705	0.0379807126979956
0.377457833359352	0.169712274475596
0.429005684878874	0.172292773737297
-2.08546760183352	0.964798104494995
1.31176150416243	0.575573951673107
-0.162442973725322	0.0592138065020847
-1.19623907322245	0.678950981842957
0.12165498602735	0.0522242944294777
0.935545450234915	0.63110116304026
-0.544950665032821	0.209183918510228
0.14752492088225	0.084268210417005
-0.810176338710542	0.778837969279946
-0.426387253666547	0.245429825620352
-0.69531738521196	0.493732041199728
-0.331065979951669	0.275944242837306
-0.259400372425109	0.131595577211311
-0.328775106388878	0.153300235929224
-0.116490965625942	0.0469648901038593
-2.08490146353936	0.964676824691781
1.80801736892668	0.709604687458265
-0.248619367227669	0.0812155232076932
2.09523747403063	0.938787999909388
-0.237176848830075	0.0778020280962772
0.148123932113398	0.037298775193441
-0.534801701416111	0.204575075952591
-0.742419833798786	0.258214778445979
-0.236606371241214	0.0776017669502627
-2.58428653566473	0.675727611967995
0.14103192177006	0.0419706320314239
-0.540114053535069	0.207176036194891
-0.973796169452033	0.605537456656926
-0.539839679278571	0.207260587364668
-0.512210393105524	0.272112497617259
-0.968673849911101	0.600992834249979
-0.569399238643233	0.366933245418503
-0.623484586687404	0.302800553007253
-0.362166381635235	0.105626912484328
0.133719957549112	0.0453066786126365
-1.28994819211541	0.588720908127976
-0.363619197342818	0.105894774191241
-0.74730280862006	0.259785520477436
-1.15803450000539	0.355059130854004
-3.09066749133914	0.959393078286489
-1.30275435312517	0.596366482996546
-3.76396710128731	1.51165110521982
0.931565691852841	0.244293555241305
-1.1547506215075	0.354173653078364
-0.570242131789086	0.367686951289757
-0.742753785982603	0.258086652205378
-1.8396714502032	0.75990222543046
0.150443359742849	0.0377633287087368
0.149527783414501	0.0375652210591108
-0.738055403900028	0.256318943131305
1.43463558957201	0.476840630255681
-2.58428653566473	0.675727611967995
-0.644006342900786	0.156718049862583
0.137772279789603	0.0465706419319888
0.933324263209431	0.244705909364566
1.55290923344353	0.774094456806211
-1.83505230984646	0.756639373351276
2.74617618045436	0.774720201883077
0.510875541395758	0.183928738190787
-0.643506271279338	0.156786530055825
0.128199680016877	0.0614227746530581
-0.242621469297197	0.079366965399588
0.148123932113398	0.037298775193441
-0.362710949837822	0.10577213020672
-1.69821717607882	0.975456464338961
-0.331033629674421	0.154155899378443
-0.566542113839647	0.36461311792334
0.319281905557862	0.17639900035017
-0.0763347445708029	0.0489016443367541
-0.305843892500195	0.226835942702816
0.478194034637582	0.425830056163059
0.314618665353831	0.173876596048657
-0.596256155470652	0.443264356954645
-0.916582772920497	0.774816514246987
-1.24437936888954	0.951453304796524
-0.120873461266215	0.0724345643101778
-0.79809571563025	0.353262454270147
-0.519643134743045	0.276896432551855
-1.50674280471803	0.774612138867927
-0.482807833022399	0.326401455311816
-0.920109983286947	0.781340168303925
-1.27797472346542	1.22113904825813
-1.19196475697387	0.674779673302827
-0.413174157830069	0.29041390570771
0.764920946948122	0.600230652875991
0.762763581716964	0.598330586308054
1.11439659443093	1.13541077687425
-0.0842371573737431	0.0539797628762951
-0.253000866359292	0.167899883712097
0.599634265892977	0.559873057135738
-0.204994787969768	0.160206681849872
-0.444877323314744	0.390497638899135
0.156715500460014	0.10626363303598
-0.891643445505885	0.909291265365045
-0.500805508212303	0.43448517295316
-0.025577140937949	0.0171597655566529
-0.478517477909958	0.453772366829238
0.294278729670312	0.190172188660922
0.37541508658123	0.319578559853339
0.129927317712827	0.0622759845878981
-0.071869191521913	0.0459960767992611
-0.298304835162026	0.19115986898217
-0.322028391693919	0.149367786086893
-0.537589304181351	0.206094574742513
-0.330548703324559	0.154118154451601
0.768889274574708	0.456792660421834
-1.11599466051475	0.770883663911215
0.314708209169352	0.173375059755402
-0.295055054286064	0.189163444390342
-0.0926533401309448	0.0408607451596814
0.118557737580892	0.0453545359029781
0.31388381957026	0.172753782012133
-0.35845544263212	0.104471490348146
-1.15347733768864	0.353947479713194
-0.239106827612661	0.0784166702528438
-0.788092149452314	0.348156649758313
-1.49528701971473	1.05436693794557
-0.699287051921572	0.498459361025782
0.636920350753912	0.450711159687956
-0.806442438998274	0.444601900213902
-1.52546526289136	0.783021218268963
-0.116996177784194	0.0471562356616979
-0.078100729056418	0.0346291967555931
0.336186611547583	0.168019725829837
0.125792710466476	0.0480720739069019
-0.0485716556477731	0.0233980879127049
1.31526291532979	0.577331121752138
0.344578707090317	0.172755209033255
1.22837414891058	0.847367504278335
1.034665796806	1.09735402632346
-0.170601074589695	0.0984725235780356
-0.681906267583588	0.409753827841639
-2.09115886201322	0.968679872642059
0.131491139507584	0.044577610855764
0.132996091874345	0.0450178549889057
0.511777944885767	0.183767597375127
-1.51591355638878	0.782037064263787
-0.967409423098147	0.599983597731185
-0.534393347384375	0.205023861194337
0.126873713953215	0.0484980742887475
-1.85647976727314	1.1841009307422
-1.69372803704822	0.971560882630988
0.136647163468063	0.0462674600791703
0.136370194837747	0.0461713984476248
-0.411861256276197	0.1743163347704
-0.238350157281475	0.0780664823782393
-0.118673738096202	0.0478020956268743
-1.49682536391753	1.05728097158265
-0.519371074598914	0.276800478067063
1.05275650114659	0.510806467084888
-0.539276806409919	0.207127681793212
-0.367012159161167	0.106980484577588
-0.787558915132848	0.34862507972379
-2.08252394673407	0.962179928698986
-0.643889763897163	0.156661592959279
1.55265104250473	0.772528530641732
-0.414286829670234	0.175347041504799
-0.740705291977838	0.257263180060709
-3.0982997955292	0.962577124856442
-0.644388443682788	0.157000626677781
-0.703272594063392	0.567513849961719
0.13643365787183	0.0718243619683299
-0.120267226298741	0.0484135417622034
-0.415337954656273	0.175690846010217
-0.0464215519544774	0.0223559231530069
-0.538714119684408	0.206903909568311
0.132718448314215	0.0507023271840954
0.79887233154086	0.336139804071938
-1.5078339709167	0.77562890929677
3.25219401652934	1.09882975306147
0.131169059302309	0.0443030547319898
-0.172006496439189	0.0626524689585257
-2.29900129298328	1.17810099608835
0.138409379468777	0.04119030738446
0.653242855413462	0.207522075223881
-2.58817701744193	0.677412741892899
-1.15755644738434	0.355289941594665
-0.742086631485569	0.257298731886112
-0.651837519275806	0.158387554668589
1.25182762709119	0.690977558044493
-1.50701639972444	0.77640312788577
-0.536916905059439	0.205820498292262
-2.14158956348847	1.66498088121756
0.426763417978963	0.171717622830452
-0.970897196257489	0.603891982254358
-0.537877518920207	0.206535210663043
-1.83933150009103	0.759192863567997
-1.35180934443412	0.859632448827886
-0.210352861080047	0.114613608232892
-0.6236927736243	0.302603267131734
-0.455146378963036	0.357636565336943
-0.171028637879267	0.11902670083646
0.695988598304963	0.701151266086931
0.453171129291156	0.306695045227595
-0.3572386156728	0.258799555608657
0.302144797316343	0.195467059174232
-1.29605244799403	1.61669864843268
0.853244325545091	0.975827034710044
-1.25624535420512	0.963701981536173
0.155394539106402	0.100634805751289
-1.27959253456696	1.22282380195094
-0.874559480270081	1.01856492884856
0.147655965986143	0.0845181274059944
-1.06337549980199	0.861336618565447
-0.94100556442081	0.696656968659005
-1.19228730954157	1.50868160863066
-0.736409866284694	0.772144141403603
-0.444395034106375	0.390070736444301
-0.248367190865815	0.164848684406151
-0.353073029682724	0.216018623238028
-0.052712677622426	0.0253212046963554
0.0218556557858641	0.0125888293279452
-0.167814284601087	0.0611122958404124
-0.0379318352413039	0.0301143018933981
-0.610899019873367	0.646774334798927
-0.18180878584784	0.144416230739639
-1.62444544407075	1.26107704847212
0.287070770334368	0.196384746092519
-0.522264280505783	0.400523155902858
-0.0707995940400852	0.0452924071020386
0.165545349583933	0.13453027862325
-1.61449865400445	1.94990571266464
0.0635010482928301	0.0426997297674865
0.147068965740625	0.0840424215095432
-0.233566738299096	0.179518070900946
0.630183300462332	0.666131247783658
-0.123521242162395	0.0897308226668412
-0.973327310651946	0.604906458776573
-0.816535693055517	0.450897279045344
-0.0255799463800493	0.0130824077225826
0.293522937647506	0.189365169118294
0.768637074359308	0.457853056401832
-0.818835351560627	0.55083073945993
-0.330651921467776	0.15393682509938
-0.740369846039464	0.257039463862401
-2.66834247570333	1.65907713223319
-0.710448605987714	0.576856401047454
-2.09426725327089	0.969284496520593
-0.129106073971123	0.0777203107227124
0.884934808416744	0.475702387456337
0.13075083502815	0.0442922816393792
-1.24425259404811	0.948169895757633
0.420967379737451	0.16913923643217
-0.416951157584617	0.17656769154921
1.94431420687461	1.21972051516941
0.343795736682887	0.17232092686562
-1.19653849196474	0.67893050621098
1.2526066754685	0.691415486937782
-0.091502922915708	0.0404250426358258
-0.356512166801107	0.290095970527794
-1.1159483001115	1.34143037440183
-1.00094949707761	1.35983860115282
-0.440658765322422	0.423329549951836
-0.408517794574394	0.328303894226895
-1.36967226803128	1.14822408905003
-0.0598755433541664	0.028678860323374
-1.29854797059543	0.594785420705011
1.02028601783919	0.386776796263063
1.04557188016202	0.50751321134606
0.118557737580892	0.0453545359029781
-0.359911076994201	0.104872867536805
1.43645613213741	0.478161609320723
2.33424386790496	1.17094696945816
-0.165145037809874	0.060131898293132
-0.238048417060954	0.0780891030505443
0.432314675828163	0.173628004819236
1.04557188016202	0.50751321134606
0.431033069519722	0.173555585006391
-0.539003042837417	0.206891853429863
0.343795736682887	0.17232092686562
-0.167527449292993	0.0610228882448846
-3.7650365789172	1.51294271983965
-1.53273207896643	0.55406409993797
0.130466375560179	0.0441955664955123
-0.242894765745569	0.0796348330145537
0.138699758667585	0.0263265295910935
-1.83482918178446	0.757249944313784
-3.09066749133914	0.959393078286489
1.80746835953378	0.709202041495987
2.09793872874783	0.940098510185472
0.149527783414501	0.0375652210591108
-0.233119255955625	0.0764018780789796
-1.15392338036234	0.354212278509058
-1.15799700419576	0.355156175000868
-1.29231840462832	0.589747004566986
-1.04987858754822	0.422210250802028
-0.243764577644916	0.0798103968979659
0.87618005349909	0.470500034350522
0.591288889797523	0.548393702296753
0.833787322159467	0.608840097602301
0.138791573856085	0.0413094962520647
-1.54092175501233	0.556412015131498
0.935515179855096	0.245440180005837
-0.643506271279338	0.156786530055825
0.147211981908801	0.0371529932006973
-0.362710949837822	0.10577213020672
0.135571700409456	0.0404808758649131
-1.80368476738292	0.398254084963023
-1.8399048261413	0.758450988346558
1.43055010345603	0.474969302231746
-0.644770889342653	0.156875139887313
0.141934018068002	0.0422115362011609
0.139930142590356	0.0265210820862786
1.25536026137475	0.69181356761285
0.451220875272064	0.305573386049504
0.371845336738013	0.167081892675487
0.343795736682887	0.17232092686562
-0.512802679675692	0.272811543895646
-0.122249528475328	0.0732461911245135
0.338521682323511	0.169555624637852
-0.418311865323395	0.177293576741684
-0.424239028361522	0.244339634124147
-0.248104579359331	0.164236744461339
-0.890562314618002	0.909434180301869
-0.0464472516886074	0.022388267186658
-1.50109874677124	1.05930710013949
-0.167188873627767	0.0609436443586466
0.64559347674232	0.204972394147955
0.425233825907791	0.170893815182968
-0.111932777164845	0.0451226769424826
-0.183001914105105	0.128296089384788
-1.06978688742837	0.869120815645781
-0.24791145008118	0.16460830157306
-0.926814129520103	0.788797711829547
0.384192697452582	0.315109519043753
0.457984473163526	0.419401464158422
-0.254960129616659	0.128818865351321
-0.92221824257185	0.781852774543598
-0.124563017579432	0.0747308633134585
-0.162442973725322	0.0592138065020847
-0.515021733540184	0.273904303795866
-1.57667160302411	2.34481259645294
-0.349495529539566	0.212856526956842
-0.296826167091399	0.190430791580795
-0.606390309886897	0.453271450615775
-0.103365964269016	0.076304279310141
-0.717200869877076	0.640844463343018
0.124572180837256	0.0595364277022773
1.02259212061632	0.388312776500153
0.71063388656914	0.589171876153701
-0.415880213118191	0.176088333213337
-0.801539440690436	0.698158890179156
0.104871366361838	0.0924744131333534
-0.20665916058008	0.161754469384241
-0.810326320228986	0.778287989064864
0.372351065137621	0.16738222942482
-0.439271209651874	0.421274648982209
0.764308554635737	0.598031684401362
-0.396177015479304	0.350524315599872
-0.25255732079309	0.167891167860527
0.0622258148901069	0.0418873699678592
-0.419899321881331	0.178034045801847
-0.413180958495729	0.174820320112929
0.87938888335884	0.471923387048254
-0.266438328616666	0.135420235454063
0.129518429603928	0.049416130913416
-0.366654353091532	0.106615070232639
-1.95070264808737	1.93034675262596
0.482107495651881	0.302903317558282
0.298794580539846	0.179327342544865
1.5975340874893	1.11309554659085
-0.127611679372078	0.0766497209664428
0.839109573507581	0.615479154671335
-0.569876481498287	0.365491477088813
-0.694092357142632	0.49063246721095
0.160778133398705	0.104240806713105
-0.906801584186202	0.853895704223659
-1.00176141169685	0.503164984634554
-1.06917684288195	0.870887696033159
-0.411979350263182	0.332255574800913
-0.082407761567572	0.0364893697563982
-2.25932329587914	1.91579139922158
-1.37366943449138	1.15453859030861
-0.0489244386607608	0.023541595251956
-1.15847376642875	0.355686548405735
-0.426712035513248	0.245597852297579
0.625650697648013	0.563631748728835
-0.102227210711512	0.0636424454688832
-0.218477652592604	0.119401540137347
-0.419899321881331	0.178034045801847
-0.0814723805224411	0.0360536187779932
-0.234829575212863	0.0770304092976012
-0.00352227155435351	0.00182513251534736
0.431033069519722	0.173555585006391
-0.415367264171831	0.176060665426675
-0.11670624913891	0.0470292737389054
0.131574483881423	0.0692144463168308
-1.29050862589699	0.588908618687569
-0.170110577552325	0.0619558041516788
-0.995876692813988	0.499784780994487
-0.210629074615228	0.11509757434306
-0.483998340480891	0.327390967827166
-0.269263559573353	0.136685046480187
0.58900733430932	0.306874433052877
-1.04359703690809	0.420463940972424
-0.0464472516886074	0.022388267186658
-0.411336703163519	0.174112307825355
0.631096133557395	0.445348691281198
-1.00094665223007	0.503351866236424
-1.00417383279281	0.506023554653868
0.141686950510094	0.0421288595298015
-0.413761434958365	0.17508532022509
-0.119470237064633	0.0481183717796714
-0.0595113741488498	0.0284707324532501
0.42201668048743	0.169638953784636
-0.177007790049868	0.0643755652653329
-0.968673849911101	0.600992834249979
0.135241571366043	0.0457978406238609
-2.30435569641955	1.18273827430254
-0.996399523908138	0.500092061300357
-1.11152637696829	0.767966941943831
-2.08692041005003	0.965378729425355
-1.1942642229184	0.678284077472971
-0.941862087111991	0.697610928690782
-0.81803148933491	0.549527657798685
-0.0526538463511275	0.0252899611905802
0.124165413305695	0.0474740019602665
-0.976001205576416	0.60728158902882
0.135241571366043	0.0457978406238609
-1.51145911798805	0.778215367594673
0.133184111334162	0.0638448148763491
-0.41323615205198	0.174757850001927
0.12552900766566	0.0480228464408457
1.80792140781665	0.708949531932576
0.51203726636452	0.18401339232151
1.04794260318453	0.509335640030191
1.55456853536803	0.774473279453066
-0.367012159161167	0.106980484577588
-0.160061280688517	0.0583136921813335
-0.359547086209289	0.104628681768365
-0.35509650144986	0.103203233283959
0.804935270649123	0.338847883265319
0.76654218929704	0.45567028473657
-0.746726771319564	0.259871772377509
-0.539276806409919	0.207127681793212
0.932829613639135	0.244963311679429
-0.644006342900786	0.156718049862583
0.136156966750329	0.025975077128062
-0.308768690758832	0.229362824421739
-0.802139028886896	0.766814667272176
-0.528528260801676	0.407668643067782
-0.242512919176562	0.160305120875434
-0.288229644419887	0.183965613058468
-0.891643445505885	0.909291265365045
-0.482709500218183	0.327442564968142
-0.0240783929885655	0.0164456264349226
-0.199814448593934	0.177284675422482
-0.127724196944191	0.0929311702140907
1.21467922972003	1.014115975447
0.483812550935694	0.304355174727422
-1.04777410852771	0.420723519479044
1.4406577565604	0.479253975897627
-0.740941800230378	0.257318537190623
-1.15392338036234	0.354212278509058
-0.791032726258207	0.349127621361829
-1.5332649245173	0.553641542884682
0.631955092155391	0.446221358780182
-0.92188068938056	0.78280123367508
-0.670311792241137	0.708185996089836
0.53152005757432	0.682078249346556
0.283790532806779	0.204349593992562
-0.973287229436995	1.0542022687398
-0.431468110509011	0.248548854918912
-0.131462789317564	0.0791811227385579
-0.178061617045896	0.12451406887467
-0.174237760493519	0.121572812269422
-0.644514522575893	0.587646531398597
-1.8299996762767	2.8944159019817
-0.0378962062019791	0.025384509789726
-0.80430497372337	0.998538524334346
-1.15973360004355	1.31074184310225
-0.0731824636159973	0.0468678529242814
-0.627271651111178	0.30471867167267
-1.00015760568534	0.502983790465284
-0.782993270593052	0.345595163598693
0.803109682744645	0.338252847610738
-0.808910264033104	0.707115359073799
-0.234729824457917	0.180382464816544
-0.365772579172946	0.266411740099641
0.588700035346582	0.306389952403324
-0.626766920440267	0.304444801690903
-0.802298522751977	0.828448232215213
1.21906641873872	1.0220350989288
-0.870860186508813	1.01362182388945
-0.0213657041399011	0.0110066228516749
-0.572259097854415	0.526780262500759
0.137220093786679	0.0656910597366585
-0.998833065592244	0.501273082430521
-0.167734705918524	0.0611523983971872
0.340791764086177	0.170435766015477
-0.329803919740083	0.15352662064583
-0.539839679278571	0.207260587364668
-0.323505922521654	0.150284110252351
0.129193281029703	0.0437930146230249
-0.0758993910797549	0.0336565658761483
-0.477401054945205	0.322529145210925
-0.325520395364441	0.151540356213755
-0.252214118048736	0.167493646049804
-1.07402998326759	1.14659414358233
-0.627271651111178	0.30471867167267
1.07680520621463	0.811616264071974
-0.73570715397133	0.771076133679525
-0.315807690161137	0.261137638034198
0.132676219852421	0.0698501326373711
-0.0506283754352685	0.0243740931314148
-0.888829588688079	0.907118748231969
-0.512686065436215	0.590299489561527
-0.112020651845537	0.0830163699720016
-0.803979747238754	0.623434038033699
-0.212619995659236	0.116034026054742
-0.32261601732383	0.267170833151883
-0.207652977177892	0.141430557588346
-0.99799835862722	0.501080261549464
-0.27488514458713	0.208822166289026
-0.706441268712713	0.570795079242315
0.134900478969485	0.070876920792576
-0.676431466005152	0.407234724661624
0.15543445805121	0.100717900715947
1.04502186505443	0.507130780035814
-0.176088745560065	0.122816804507997
0.372573690524045	0.167245867378279
0.282019262922431	0.202949553695926
0.930685517758594	0.625454073555112
-0.820951373186783	0.551445186538295
-0.788370303416665	0.349083376814077
-0.808944492567969	0.446910245326158
-0.287674869253795	0.241203805904207
-0.266940026357212	0.201911656406494
1.56274784703341	1.69037237142839
-0.815387490619533	0.635811925800284
0.156530337571394	0.10110256776528
-0.408964678463762	0.172305550545341
-0.480793982230655	0.325422585399084
-0.887713897831054	0.902109262557541
-1.35188065457853	0.857870226044639
-0.415246506337836	0.292004310986415
-1.00176141169685	0.503164984634554
-0.476885028356999	0.321455513109171
-0.0822218841326252	0.0364909884126464
1.45890227786577	1.46243400224782
1.76700786850707	0.992927799649198
-0.302322626516939	0.19413425587596
-1.04729435938822	0.422179438065331
-0.116996177784194	0.0471562356616979
-0.00274313947822699	0.00144700911417499
-0.026375727793088	0.0134970589246999
0.13075083502815	0.0442922816393792
-2.09101040221219	0.966393654238433
-0.62747991981702	0.304622139923601
-1.04272005949682	0.419280018630572
-0.742182711888573	0.257807372285815
0.585242601647037	0.304704976759703
-1.0430285489592	0.420216988954647
-0.57151779451903	0.367812309277613
1.31205222453913	0.576575770191727
-1.86456002502359	1.1925945382009
-1.11490694993085	0.770213863377402
-1.85678563359534	1.18385440418256
-0.158714128007646	0.0577711738209886
0.143337222216575	0.0426016228100372
0.80062257086113	0.336458128515234
0.646495256830482	0.205229626326689
-0.643506271279338	0.156786530055825
-0.79809571563025	0.353262454270147
0.646143141275968	0.205158328067658
1.06127733721891	0.649048071274196
0.805769324127157	0.339679478238357
-0.235132025937081	0.0770784326047616
0.510875541395758	0.183928738190787
0.805070042197189	0.338557112187809
0.514659313486759	0.185330599053687
0.140184451576725	0.0265585662587612
-0.643123124462485	0.156504140249688
1.43784625468668	0.477947615428851
0.143226726239473	0.0872055488573498
-1.06097122179412	0.859871026564905
-1.29031099660689	1.43451874867404
-0.48407217613309	0.328129517147588
-1.95620184153589	1.94516284444984
-0.404000476770894	0.359037164631093
0.159613479532155	0.103420438522664
-0.318279432653781	0.263605398950269
-0.789727950607759	0.34915733745205
-0.119179601913398	0.0479937579676386
-1.06480537623955	0.866568338248985
0.140554063847228	0.0740072997350358
0.378619910981365	0.170101004100737
0.480055138758748	0.301989023827292
-0.133860294658921	0.0806224404497158
-0.346820894922187	0.249914615437794
0.152411971885896	0.0933698155168374
-0.241082258711293	0.186357654880896
-0.709443714574803	0.57373622864855
1.34256902337416	1.23282958967816
-0.52078927287192	0.400251951664415
-0.901442338876896	0.845931029593415
-1.00015760568534	0.502983790465284
-0.703935620524292	0.622142732585078
0.425246720293625	0.305466765544975
0.521855678155859	0.30022685241058
-0.251040295659384	0.166723617304007
-0.318411798108069	0.237362933274665
-0.206953338836129	0.112917294697934
-0.418054965375392	0.176960828068412
-0.299647211966299	0.192235118818261
-1.24722166944133	0.952093623124848
0.280696470137493	0.191251370836673
0.597401209935538	0.556605076413796
-0.413412002000877	0.332818625224828
-0.808698251870429	0.708900936134592
-0.273245722238804	0.207291301775173
0.152307664336478	0.0984820886814394
-0.736292268004977	0.717729140032961
-0.404843792149544	0.283561426898466
-0.232943739617374	0.179150449002548
-2.30576316786488	1.18333924157966
0.128276602685718	0.0613175176937043
1.94509181413413	1.21950857267028
0.342491531144225	0.171570981982343
-0.629782807136493	0.306242603386559
-1.85568996105745	1.18051020804066
-0.787558915132848	0.34862507972379
-0.672116794255288	0.403056191409091
-0.0870055372202187	0.0385076917078775
-0.413761434958365	0.17508532022509
-0.167527449292993	0.0610228882448846
1.59579331855452	1.11022985157535
-0.971437360535787	0.602482347993352
-2.36797832343228	2.17916351842558
-1.02308806029741	0.938655491515403
-0.530588147709039	0.202983488424755
-0.419224250882888	0.24015602772157
-0.711635895755828	0.578034823422625
-1.08057875403546	1.15426913966281
0.0218947701110859	0.0135362406150736
-0.0242272876731577	0.0124276076447983
0.1764821822642	0.135584107666509
-1.62396019077523	1.96719016757088
-0.547764755542641	0.463232348987624
-0.274153560499132	0.20808854445643
-0.00263535818710017	0.00137873817837911
-1.00365027729542	0.505622069288915
-0.237110509693112	0.182413878090382
0.431466139425927	0.173030179206005
-0.244582681359092	0.162178626686963
-0.119760951485887	0.0482068970784072
-0.263437495875409	0.13395743332601
0.776268823247289	0.463126299758839
-1.052139438368	0.423871922375229
0.522181986978062	0.299750023874981
-0.792816434304595	0.350856600311225
-0.242894765745569	0.0796348330145537
-0.786748384546598	0.347623898535113
-1.8359662765192	0.757377146649207
-1.0430285489592	0.420216988954647
0.142755290906384	0.0813439284742885
0.122771436232607	0.0527363958085792
-0.258582600820048	0.131088345182231
-0.334110387463759	0.15580149518799
-0.790938963532835	0.349958502886818
-0.792008151205469	0.350994474519001
-0.793098515782442	0.351690335205156
-0.26261780359056	0.133509087957349
0.806333800206404	0.339453483429282
-0.629256975303623	0.306078382454369
-0.516962558703461	0.275025637807878
-4.57590118527714	2.55684855234276
0.129250339089754	0.0493813338422963
-0.420372248338153	0.241312727380223
0.583468795674878	0.303244951202982
-1.35373434810289	0.858891078452211
-0.56937796151769	0.366718608283074
-1.00951280160404	0.508764632003384
-0.238048417060954	0.0780891030505443
0.142637387713013	0.0360861991956938
-0.538440187846927	0.206758866526095
-0.261396016026603	0.132386384922661
1.22950499695216	0.847946970549542
-0.318444196678555	0.147409039556645
-0.118167975302211	0.0475958821832056
-1.34791899632098	0.854243754215247
0.124232453407065	0.0532797583551206
-0.41081226088766	0.173851415262344
-0.022362465295926	0.0114987448718425
-0.0811454814620396	0.0359345049697033
-0.3320813235788	0.154825471157972
-1.53127286779506	0.553105673100975
-1.04158325318629	0.418585395243696
1.02259212061632	0.388312776500153
2.55380885768384	1.42060601140664
-0.170110577552325	0.0619558041516788
-0.742182711888573	0.257807372285815
-0.643123124462485	0.156504140249688
-2.58478470503525	0.675813541092272
-1.0441657216201	0.420510686701662
0.131222837903894	0.0444544196344765
0.146346358967967	0.0368510834186678
-2.09115886201322	0.968679872642059
1.43882340562666	0.478615560848155
-0.109760735201756	0.0441515935853918
-0.802706819524476	0.440671084799848
-0.207742581417144	0.113237977784389
-0.208646307161997	0.113850016904515
-0.977266489940822	0.607911232230988
-0.565246721338083	0.363892459780112
-0.181420297320444	0.14414788503787
-0.219611807269964	0.192261250868304
-0.203590660676594	0.138498213710205
-0.357444946788448	0.218968042660998
1.37217242219931	1.05393988772825
0.0696355198643268	0.0487383457047354
-0.810647827839492	0.778228490122079
0.286716889447959	0.195931686338374
1.42621570638617	1.61912761978527
-0.137828525796012	0.0830510863118134
0.432738220629349	0.312081404653655
0.702212723560035	0.45954843304112
-0.821036556449196	0.721581821009119
-0.493698221745423	0.426851348155322
0.398150060662468	0.315354595837922
-1.00995550740183	1.30314646997208
-1.14135817978095	1.51277749422796
-0.409722558988101	0.288213456659656
-0.600420351774301	0.44737443227293
1.37309424752681	1.05243535110274
-0.272101212349922	0.138354578782228
0.0288664879608881	0.0177063757705439
-0.946242945621819	1.16485106768985
-0.0671806252881099	0.0428182817405884
0.275348783046114	0.197250486196738
-0.189881737258322	0.151375005542949
-0.237073543026552	0.204835402340302
0.436907758183857	0.315106569800183
0.587409612215917	0.44224739213454
0.019433767179634	0.0112488242841587
-1.12359478812946	1.10550039186267
-0.252461276024333	0.214045705093888
-0.399840716448138	0.354914932915775
-0.657781562881295	0.647976207687766
-0.439189296846939	0.421548288030769
-0.803406901440058	0.769432152851523
0.519793333368836	0.297455830581615
-0.623758641409376	0.518907195527081
-0.172553571489637	0.0627808480754489
-0.270455915837464	0.137560678546677
0.133835911078933	0.0452415233137729
0.166602775453129	0.118584035969319
0.12406017577192	0.0532801367426926
-0.571106096197057	0.368508714732557
-1.48928695859503	1.04710346291655
-0.3252019342678	0.151330883003157
-0.81095946382378	0.447257894885346
-0.509780887620839	0.270618178186634
0.135805977315208	0.045997318265274
-0.216526772631254	0.170338224972527
0.0368584090359099	0.0288888538231922
0.322175293741016	0.178187101446249
-0.362880108408421	0.263741272016891
0.433837962223742	0.312578367123868
-0.0291107221888362	0.0234439072051178
-0.239070776853828	0.184286422922589
0.144704685879041	0.0882388972915677
-0.48571912625852	0.329414557697908
-0.509137774704411	0.270546596341906
-0.168535700512318	0.0614396736428628
0.134284439062011	0.0454806903417194
0.66621801102779	0.311234872670405
0.655055294702571	0.20808355560833
1.25338491240401	0.691555507421072
-2.09452339351181	0.969049726207304
0.522569093424772	0.300945100166715
-1.52899469498403	0.551909382987037
0.132055846316588	0.0447762654002208
-0.997475051090468	0.500772502167631
0.131491139507584	0.044577610855764
-0.788816222150508	0.349478464433716
-0.366654353091532	0.106615070232639
-0.631064140132954	0.307206484600334
-0.33515020526389	0.156195729928813
-0.507875270594465	0.269800585196273
-0.119470237064633	0.0481183717796714
-0.788649190593012	0.348900846862656
-1.11811663384182	0.774850641967335
-1.83562175071417	0.755780949131131
-2.00844702694099	1.41653045410171
0.125818444924134	0.0480788346880572
-0.163534484401185	0.0596231662713251
2.54999871340608	1.42058297047591
-1.00873874552144	0.506537233660658
0.42859037976658	0.172296683888107
-0.362166381635235	0.105626912484328
-0.415083137355912	0.175775517043565
-0.741611944171996	0.257255485732723
-0.788370303416665	0.349083376814077
-0.626766920440267	0.304444801690903
-1.5318146928413	0.553494474919415
-1.86556090969235	1.19303245891965
-0.366464707125696	0.106727724314083
0.363215921107368	0.162433233032271
-1.04390615555555	0.420016956092299
-0.234259276164921	0.0768738569502217
-0.299551983124444	0.192056213472234
-0.813144965048221	0.781334624187302
0.421468110990343	0.169206090394133
0.310042605825403	0.170715217773834
-0.0284751405585123	0.0145442839648207
-0.801975508650559	0.828721923022464
0.019433767179634	0.0112488242841587
0.425158099758077	0.170968360882111
0.141019054487964	0.0475747975662239
-0.328512567410627	0.152882934099669
0.507753509303104	0.182330878588032
-0.739203085868651	0.256301505068265
1.43736854221364	0.477697177929381
0.140184451576725	0.0265585662587612
0.928481199205008	0.243805258274956
-0.643889763897163	0.156661592959279
-0.644770889342653	0.156875139887313
0.146737983479964	0.0369987654124611
-0.420424849941728	0.178268943095334
0.341594814451155	0.170632605506887
-0.169927228543243	0.0981693526195096
-0.416678053457735	0.176199717074817
-1.29135050930103	0.589403957324184
-1.15392338036234	0.354212278509058
-0.806181032774349	0.444433026770381
-0.361622063644185	0.105340752849314
0.651349240994328	0.207129762624853
0.133155287376562	0.0451076874905746
-0.176305696993179	0.101826799100712
-0.559956149783994	0.359063346311545
0.526273819011841	0.436363811852137
-0.489171749156165	0.332341086834181
-0.496066093947635	0.429390917714873
0.0237059748494654	0.0136424924485907
-1.37227813026979	1.61381196939467
0.444153522026623	0.419065174891338
-0.736544880940671	0.817166745735599
0.170482296217189	0.126298571314894
-1.11774137086724	0.772889503382688
-1.11246702593554	1.09029161230957
-0.60170523384345	0.44899386800093
1.0973398658889	0.982165535298496
0.122771436232607	0.0527363958085792
-2.14300707923755	1.66289852013316
-0.814848556708245	0.449873169479759
-0.575654768421022	0.371170148667944
0.312489648000398	0.172440980377961
-0.31703573049036	0.262245572016521
-0.973905502991611	0.605472271502329
-0.942711083537745	0.69878414220021
-0.942718914921738	0.697912030412381
-1.36753538809386	1.14712497408983
0.127632326063365	0.0547626704571631
-0.515697664142984	0.274618645366371
-2.80711863660951	1.91814672972577
-0.326005707438094	0.151777723979142
-0.564127552791296	0.362921173807285
-0.809760803517382	0.631613649925264
-0.356989650507574	0.218577143986061
-0.880069400711877	0.964191572910143
-0.328804206336206	0.274053985246616
-0.32979630133347	0.299369293440493
-2.04767564635408	2.1748640183211
0.0541468966953983	0.0347782521765208
0.506792374241109	0.437051595223456
-0.293610667491562	0.247933704273344
-0.525596308055434	0.405021896397353
-1.24226787162339	0.948035695176166
-0.726385937095338	0.707383313744713
-0.973327310651946	0.604906458776573
-0.333372300116353	0.15549695719915
-0.689625565655567	0.489140727661961
0.295325960261237	0.190829478851535
0.521755168374959	0.300388766163473
-1.50674745236553	0.774141819151887
-0.0806731947887289	0.0357206382053144
-0.3252019342678	0.151330883003157
-0.483632725282433	0.327257416669125
0.301545368210693	0.180833706853443
0.880684996922381	0.472669683555481
-0.265318351573278	0.134553024100092
-0.167352768336646	0.0966078789243261
-0.697893922477541	0.495995205711107
-2.36966939979153	2.1760596362343
-0.569367443147163	0.366744808241688
-0.0522220230040525	0.0250731843702365
-1.28551825384523	1.42415669292696
0.693701219623732	0.453936927549875
-0.421602827374844	0.241547817063611
-0.78620362131653	0.347297261410915
-0.630375099649688	0.525923374712695
-0.967073734631061	0.599025590536234
-1.11849100060643	0.775444068066626
0.933468842535967	0.629477308633037
-0.0209676667396765	0.0108127376057098
-1.25039689997557	0.957069843147727
-0.422812128437942	0.242455752890315
-0.597041746930379	0.443463730157326
0.130616866380514	0.0561113343755478
-0.305113032824593	0.196081284581052
-0.324716887197225	0.151093847468854
-1.62361854154227	1.25996160901076
0.134284439062011	0.0454806903417194
-0.511095096651744	0.27159009320338
0.134490666007977	0.0708350051104606
-0.825986758857643	0.555751324962607
0.134467301811698	0.0706685099839836
0.141473340838683	0.0806011123939256
0.124931900467265	0.0597570237931017
0.766696081603449	0.456823048063763
-0.242894765745569	0.0796348330145537
1.56262665808473	1.68463900402804
-0.691750310170154	0.490504474055274
-1.18438075890342	0.671114459292441
-0.805751483323387	0.703761608327083
-1.85680677223259	1.18158381827147
-0.806416809258183	0.70397867795225
-0.330122539139211	0.153617242404815
0.303836478869034	0.182823771442824
0.936800956677617	0.632773505180404
-1.25031036694391	0.957669262834049
0.768107025870618	0.45658126277117
1.23028111108658	0.849018090222835
-0.746151045211633	0.259667037559905
0.128629618148228	0.0436530854985291
-0.128868038243657	0.0518065115847343
-1.69425085358479	0.971805944335154
-1.83448317285978	0.756769538624434
0.128042325020344	0.0549399677802007
-0.120773602676824	0.0486054526739146
-0.640820070260403	0.156173374069777
-3.7736621668232	1.51524708251548
0.344418015831881	0.172445406465508
-1.04158325318629	0.418585395243696
-1.29714380228962	0.592863976572713
-0.331095976342275	0.154050409853032
-0.643506271279338	0.156786530055825
1.01848780387876	0.385379695632112
-0.362710949837822	0.10577213020672
-0.747055356811924	0.259655588067032
0.426215010092659	0.171417255852221
-0.124023745975836	0.0498781736585223
-0.208216145915165	0.113590556961069
0.144683239296825	0.0826924237950216
-1.2066254288455	1.2612508650669
-1.1144964854363	1.09237061041451
-0.0493217362227661	0.0237355994274185
-0.815487364144105	0.546354039752565
-1.23516531422794	1.47077528803517
-0.978485320858001	1.06195888632375
1.21692138121702	1.19107465549516
0.567163249999029	0.544102929662627
-0.815132199513354	0.637490624264534
-0.289891171330738	0.185309856930755
0.769111812759281	0.457968288695939
0.802018704154821	0.337633996400516
-0.158169535816871	0.0575109555897276
0.428884876273104	0.172685936510533
-1.04189216281964	0.418924226052755
-0.123774166039407	0.0498612949473713
-0.0240442266189825	0.0123482432289098
-0.42008302468967	0.241298409861778
-1.00951280160404	0.508764632003384
-0.257355388021099	0.171290264314259
-2.48625098975847	1.40844333577737
-0.625966193544888	0.304092312163021
-0.560814325922146	0.359702372642498
-1.57425706345822	1.53841554854542
-0.0196822773416843	0.0101677243734306
-0.7153962096769	0.580251895759212
-0.120267226298741	0.0484135417622034
-1.75904365679633	1.96070720481241
-0.529440938705013	0.407979073150677
-1.84868961078509	1.70295516302652
0.48324098684968	0.304056650901492
-0.723912009479237	0.649902866035972
-0.640445049336254	0.581835095466196
0.28370356430111	0.193786612136246
-0.360544658304064	0.220850936903706
-0.361382645155888	0.221347248935098
-0.237678978134999	0.156814114767831
-0.00127241520097543	0.00064851887755861
-0.263426242273315	0.224987169354813
-0.348035009550778	0.211964210807656
0.276566544179527	0.198110230044193
0.975776076319923	0.794073820772003
-0.132947783077863	0.0800154076478041
0.0181116865063596	0.0104820567119408
-0.129106073971123	0.0777203107227124
-1.18255785097992	1.04636755416223
-0.462616904289691	0.365337798720558
0.287642194869655	0.196663142119403
-1.62427564495979	1.26222171835413
-0.974952113457768	0.605742244687708
-0.0413053871315664	0.0277031622260314
-0.356980585622032	0.259149381746067
-0.914721129039518	0.862290357522034
-0.482156877409519	0.327079450545901
-0.117877731994865	0.0474656693086417
0.129110821871013	0.06186846520915
0.136122818654592	0.0715303520005085
-0.510534153952571	0.271166897825253
-0.599056086484658	0.446261961451577
-0.809665519689178	0.446612988994613
-0.788915540437304	0.349290087251084
0.138050936892778	0.0728599378392714
-0.290210767393711	0.185491813137519
-0.332886534729303	0.155232224225155
-0.429740051534815	0.247607178795061
-0.360368032639965	0.262093590794495
0.636497598350984	0.450309041709655
-0.481827785833113	0.3267000245693
-0.210581398757946	0.114705941888608
-0.160061280688517	0.0583136921813335
0.512726693567501	0.184215879834536
-0.0808280460019315	0.0357754005554834
-0.783816093701143	0.346310199197133
-0.411067241934798	0.173748763483949
0.133592638462362	0.0573486605282302
0.791579888475843	0.331265999509698
-0.699705824385605	0.49875738416029
-1.1856888043001	0.67203509782204
-0.626262289418769	0.30408029518159
-4.01761090594294	1.76844298930181
-0.741848012858367	0.258096023054699
-0.750117157055505	0.260345095813128
-0.0535355743675058	0.0257109021875868
-1.29428175562447	0.591951812360937
0.139373629020068	0.0264474830594518
-1.15799700419576	0.355156175000868
-0.237747525916144	0.077958682705542
-1.45724431666697	1.58078007912225
-0.107964777148761	0.0434549972531213
-0.629782807136493	0.306242603386559
-0.667833923831157	0.400181673042287
0.526824116895025	0.303234821271494
-0.419401659278084	0.177662597528162
-0.699774149229714	0.498040865275195
0.137780150861981	0.0726241076411595
-0.802384171927776	0.441121014262273
-0.0245363863776113	0.0125643305381015
-0.554672341437815	0.471183851338628
-0.974124232061407	0.605847670938396
-0.720607128081601	0.646803811235805
-1.06670175950915	0.863364670272071
0.289965397524241	0.1869287304046
-2.56848405032674	2.71910410602625
-0.35421143081244	0.288593718459246
-0.360754116151821	0.2623544141879
-0.124610174839031	0.0748080145074492
-0.454672988279859	0.357369940645433
0.123709912363814	0.0648985603061479
0.329017570950008	0.164002961688612
0.139488642561833	0.0796006026515394
-0.695146206045286	0.495420048889297
-0.126731409542613	0.0761153505971991
-0.902706689706915	0.849245434714741
-0.0489244386607608	0.023541595251956
-0.564833346985804	0.362994627304883
0.130567495023882	0.0497947995771149
-0.566534005780632	0.365152648629898
-0.208154322912464	0.113463589792799
-0.623484586687404	0.302800553007253
-0.709166717595496	0.575025598995585
-1.69772955246843	0.976042540421656
-1.11894319359682	0.776053104724106
-1.06876095020699	0.870718299942477
-0.409923341423748	0.287857843208153
0.893860450708447	0.773569245425657
-0.453309878856543	0.355988603249024
-0.0204086687955531	0.0139687137810124
-0.121996981262674	0.0885242802561965
-1.5214022020105	1.9704047778201
-0.636543877576521	0.755085788834118
-0.455433161938576	0.358218874568107
-0.071869191521913	0.0459960767992611
-0.0872395838285356	0.0655980880595519
1.20693429090099	1.44442952894612
-0.397425252100436	0.352122040038146
0.135640898925152	0.0715041135399222
-0.805533942766088	0.44332179806541
-1.18488368785661	0.671371776212111
-0.257275088436668	0.171104492836505
-0.420895694678091	0.241859142183206
-0.141279698135003	0.100069036874837
0.161729755558939	0.104871634825681
-1.49414890663327	1.05218621405596
2.24889905291999	1.72983832439772
0.52670526779075	0.303367954885957
0.131421460112159	0.0628886084869292
-0.269095235228564	0.203275563335699
-2.26161904132475	1.92111804947623
-2.9387985264834	2.19715972544728
-0.944703027334127	0.699511294671581
-0.810474288164623	0.447003156352787
0.710091471665943	0.587587059150495
-0.523050068285721	0.402517785047582
-0.290979985891538	0.186119015733955
-0.299619880759779	0.192176955466653
-0.169168713369043	0.0615067395274787
-1.18518562190076	0.671777571048883
-1.5318146928413	0.553494474919415
-1.0424602576406	0.419767093556931
-0.0220767471280822	0.0113447604406351
-0.0258297121597968	0.0132208431243988
0.686602081708401	0.447315020008588
-2.30011795897942	1.17842837547358
-0.33434410647939	0.155866546092207
0.510303034449659	0.183694667904733
-1.807243397525	0.398882182291443
1.9411957571961	1.21586764708126
0.769250328651083	0.458163362107987
-0.569797358018383	0.367162518067779
-0.171478472309298	0.0989501768183525
-1.37296804104448	1.15086378839419
-0.0526663809694798	0.0252722400742803
0.30098742886663	0.18069690273139
0.975477945654004	0.793749960884068
0.131520310831589	0.0629233858438764
2.74877977095104	0.77489585677119
-0.948449790384776	0.703954610377646
1.0527184241795	0.5098886542098
-0.333142181339998	0.155388315870191
0.131103414420957	0.0563135018124023
-1.15426973051376	0.353644768316328
-1.0424602576406	0.419767093556931
0.128993485313436	0.0492299539570369
-0.327402944301204	0.152284139587754
0.131509034857242	0.056361433088696
-0.259763055595591	0.13174781977542
0.135571700409456	0.0404808758649131
-0.648735146604395	0.157899750679971
0.932829613639135	0.244963311679429
1.31324002887349	0.576609113923133
0.932444120238111	0.244842742206832
0.802281286210352	0.337872104439243
-0.789727950607759	0.34915733745205
-2.4961691875098	1.41646388459228
-0.0784071203051197	0.034784580300904
-0.670380702436138	0.401555524853898
-1.57773867201627	1.54662479058525
-0.967878266042252	0.600339561264681
-1.37080726553278	1.15177025689249
0.625758188118271	0.563167717485304
-1.17750608597761	1.04357427227002
-1.56853431213155	1.52916794856908
1.55753004243245	0.777355116374843
-0.237176848830075	0.0778020280962772
-0.996951852885058	0.500309713813726
-0.746726771319564	0.259871772377509
-0.644388443682788	0.157000626677781
-0.0806044391926695	0.0357458779715129
-0.0517777386391328	0.0248678992686384
-0.806663179232956	0.537153662652655
-0.520107885933603	0.399039776812986
-0.788915540437304	0.349290087251084
-0.479637260501423	0.455329256709837
-0.207105523251459	0.14129047444553
-0.416406198179431	0.176293113457099
-1.51064550147062	0.778998256066615
0.132236167244569	0.063295469237266
0.284067952177156	0.204500337377483
-0.168074397032081	0.0612163017428414
-0.168791406744052	0.0614493488838458
-0.644388443682788	0.157000626677781
-1.01931655684664	0.931863306142865
-0.599253252758382	0.445652463205917
0.0224826285096575	0.0129829586398996
-0.249628169439261	0.165846860127456
-0.55279549689001	0.557342132703722
-0.64834559013069	0.157812973783057
-0.534119830392118	0.204770125602286
-1.15847376642875	0.355686548405735
-2.00891869382932	1.41582129396253
-0.708962000183187	0.573009485582576
-2.06588921517018	2.80450360687959
-0.620110447297234	0.515635607167944
-0.692050083625848	0.491599789931626
-0.127668252710748	0.092918125125124
0.689937349054958	0.450272679905857
-0.294602801860565	0.188230883597521
-0.0251743867906109	0.0128941080510488
-1.36116383480518	1.38147386679965
1.5120653167969	1.81924915584143
-1.28191237664649	1.22482571040024
-0.947174631202128	0.703278696424895
-0.466038362620532	0.368114593847277
-0.996788924081473	1.00403404630027
-1.26913971384306	1.84609520208598
-0.17869619072416	0.125068784219852
-1.62379222444167	1.25944346673499
-1.34743556514112	0.854076101574073
-0.479458108992568	0.324125831442615
-0.697728690319237	0.497489448643727
0.139999650892089	0.0799698361988006
-0.201014532656253	0.136270683857161
-1.36234624717378	1.38388985844607
-0.167914273702761	0.0963256505481852
-0.634558401780338	0.308934493339009
-0.161151494424131	0.0586735018797939
-0.240382263443739	0.158807460689465
-0.424583322821833	0.243709246372655
-1.11601733834798	0.773914970969735
-0.953382485470955	1.10127723640994
-0.168535700512318	0.0614396736428628
-0.362710949837822	0.10577213020672
1.55938679196028	0.776395777340408
-1.11573118341866	0.771407101014656
0.802281286210352	0.337872104439243
-0.329484947660693	0.153315497365354
0.369102886589994	0.165589244155417
-0.327084153271864	0.15227087480589
-0.535242446496844	0.205125269108407
-0.329803919740083	0.15352662064583
-0.74730280862006	0.259785520477436
-0.265816893471883	0.135114937422264
-0.359365673988087	0.104727737543846
-2.58817701744193	0.677412741892899
0.142727172563101	0.0269105320645235
0.139373629020068	0.0264474830594518
2.74617618045436	0.774720201883077
-0.538151618981623	0.206588191897496
0.141934018068002	0.0422115362011609
-0.640433285495798	0.155891307450366
1.95135265955319	0.45428366780025
0.136156966750329	0.025975077128062
0.140458165206262	0.0418615852654621
1.25182762709119	0.690977558044493
-3.7650365789172	1.51294271983965
0.146737983479964	0.0369987654124611
-0.819272748602635	0.551271700258722
-0.951735431350556	0.708271469537074
-0.713630107369332	0.579011999273876
-0.689207815766396	0.488676512312624
-1.11864504732547	0.773020459243152
-2.58453548475525	0.676764203908389
-0.248619367227669	0.0812155232076932
-1.80368476738292	0.398254084963023
-0.35281750320795	0.255188650945199
-0.218446055808219	0.11928830415993
-1.47521164146693	1.33991945340951
-0.35625220326027	0.290206881283557
-0.295646004826168	0.189678057047924
-0.352893597846173	0.215752015137235
-0.243192926623713	0.0796302555049372
-0.156858003547669	0.0570283849092019
0.132501267452809	0.0394753433226437
-1.18548762585227	0.670669199283097
-1.36582618197325	1.14197362031628
-0.485322964951936	0.329298571416239
-0.661315537556054	0.65314279778785
-0.519717223865669	0.398762934765247
0.172405471164663	0.122990645554554
-0.0971485947938481	0.0604012099085528
-0.568232112591278	0.366299944456757
-0.665828033469553	0.398417530058067
-0.267988884262377	0.136161048092301
-0.584355153051599	0.541970227136345
-1.0440627882473	0.420113469192121
-0.621806127426652	0.517261779626448
0.163059747030431	0.110987067210728
-0.409008669922395	0.3294679209335
-0.662971177642458	0.837630388798689
-0.823507201917016	0.554201521926923
0.128042325020344	0.0549399677802007
-1.80379071234984	0.398266610487963
0.136084377685652	0.0460683789796626
-0.793098515782442	0.351690335205156
0.131029538502094	0.0444244541563046
-0.406203919788747	0.394263550442984
0.0461286456290624	0.0296525330902824
0.54968333030116	0.435893404067059
0.12825478209097	0.0613783399962075
-0.809273164836589	0.776372543447549
-0.0802009923465377	0.0354952431975529
-0.556231042903518	0.473675838927427
0.299028763030941	0.193196375974511
0.287195330965797	0.216293046432874
-0.309302739998497	0.285062117109925
-0.58136602095744	0.538829914977101
-0.42723602111632	0.246127542710907
-1.1197987599641	1.35198575859531
-0.503643041256745	0.436907268504189
-0.0342387241480365	0.0229388169138566
-0.599737200522738	0.597974127017189
-0.371443411654053	0.362058243117965
-0.0989725150233953	0.0614418138617134
1.03678917081113	1.09830404082401
-0.570489809315517	0.61217391516958
-0.698414187953779	0.497503850868018
-0.178159920268697	0.124489994096091
-0.324344732633633	0.269077343741399
-1.17430129235795	1.03652675568963
-0.72429105416724	0.650189211182081
-0.516142386568682	0.395503622773084
-0.482348771363629	0.326252128491284
-0.411673967895714	0.289411076325022
0.146346358967967	0.0368510834186678
1.2278983774645	0.847224192673576
-0.163534484401185	0.0596231662713251
-0.329635960268901	0.153335334423157
-0.817358403691963	0.640082117318215
-0.0247536459876845	0.0126799693952438
-1.34313489375812	0.849465272034786
-1.07047658472528	0.872228811100086
1.04582003072606	0.507497265174686
-0.0586291956064505	0.0281049990777676
-0.539839679278571	0.207260587364668
-0.423655878943367	0.179601389929487
-0.361001668876346	0.220756834695941
-3.76396710128731	1.51165110521982
-2.58843250021574	0.677477739401539
-1.5360848806456	0.555230368935604
-0.643506271279338	0.156786530055825
0.14311796249796	0.0361933240878638
0.929363107220915	0.243670370746797
-0.367559864207876	0.107030285212501
-1.15392338036234	0.354212278509058
-2.09426725327089	0.969284496520593
-0.0893743245861867	0.0395415373478951
-0.414843293702639	0.1757531596619
-0.810150432537075	0.446867569420495
0.133133786053221	0.0569279091141597
-0.48664682687689	0.330294153119
-0.40672512632476	0.326166947972288
-2.08676081704898	0.965329892444669
-1.29135050930103	0.589403957324184
-0.948449790384776	0.703954610377646
-0.628458480993692	0.305503574856626
0.143912405765303	0.04271032796887
-1.00095912882492	0.503535816701849
-0.116576971276648	0.0468867790156431
-0.237477952696761	0.0778886575961749
-0.128527489411159	0.0935057732112562
0.0587956976153674	0.0395228145206205
-0.579990005441842	0.536285367351381
-0.948458294197946	0.705618886453112
1.46988747248448	1.92287847972743
-0.809545470645063	0.776178240568446
-0.308400063605873	0.229015320372686
-0.127014381697525	0.0924015650169835
-0.760020941575485	0.954330471568096
-0.171537675996382	0.119472129019816
-0.359497438625949	0.261358438840566
-0.269734693841329	0.204292393539012
-1.76213865259917	2.34656758673691
-0.419101914806101	0.295487928260044
-1.80368476738292	0.398254084963023
-2.58428653566473	0.675727611967995
-3.09029030460571	0.960832707527767
-0.787280243012554	0.348288022167107
-0.73942748896637	0.256210399864012
0.128629618148228	0.0436530854985291
-0.82216409957288	0.552672614298917
-0.253511326751656	0.168694255244904
-0.600459822446025	0.447723080845206
-0.32490920117888	0.270245044031763
0.903130784683051	1.00895159972947
0.473699662781372	0.420555014348156
0.929184631630042	1.12626040991551
-0.40471091466578	0.324810415760819
0.164695952549157	0.121513677335653
-0.0946854361601842	0.0588419722333792
-0.403632990652162	0.324167083258692
-0.00736735619763673	0.00384481078682066
-0.452879297320338	0.39849398993547
-0.0694278688682601	0.0528482459908378
-0.326401230993049	0.270998396429553
-0.56824240770728	0.366180073621573
-0.0139741050671167	0.00969160802470861
-0.519730034331377	0.601641104390409
-0.311591437402202	0.231470974655189
-0.231422438664287	0.19914441098238
-0.364636639193049	0.298403308327643
0.552192335230022	0.438769034747348
-0.357418751102185	0.259517266479495
-0.459336216715557	0.361939356832245
-0.425707482334194	0.243871064282784
-0.623549580468667	0.519485087324302
-1.06372190084045	0.862179763200732
-0.479210200241053	0.454569866785386
-2.13973629967419	1.65875142137168
-0.724851147021951	0.704812827850411
-0.325296763018303	0.27058957820904
0.0317385374277807	0.0194242118648166
-0.325035175033878	0.15125996636252
-0.499598149723961	0.431731257687664
-1.1547506215075	0.354173653078364
-0.170912764961516	0.0622636754540297
-0.953873462264526	0.70978279303098
0.825556362544053	0.74861566374439
-0.168901691557673	0.0974282902157682
-1.15392338036234	0.354212278509058
0.521755168374959	0.300388766163473
0.130303680116296	0.0559691112641248
-0.263588703942151	0.133713358669305
-0.362166381635235	0.105626912484328
-1.53381589120228	0.553464419719289
0.13912027261828	0.0264101516649031
-1.15019981108223	0.352703694647943
-0.648735146604395	0.157899750679971
-1.80379071234984	0.398266610487963
-1.53662981716208	0.555438343483155
-0.257403081670856	0.130413291473422
-1.18636349039658	0.671593106722194
-1.34921552773368	0.854954154314892
0.147685616873541	0.0372140815523598
1.80837546568447	0.710560744847372
-0.506465221439042	0.268855265857122
-0.0034933934637406	0.00182123596652888
-0.111140909922649	0.0447693237169241
-1.36710797399033	1.14636789209968
-0.800883760574642	0.69661565511588
-1.14952903001308	1.29264483962805
-0.366694956032154	0.266744176293572
-0.721363763647025	0.647783087862183
-0.208585615783043	0.113708800471962
-0.237176848830075	0.0778020280962772
-0.362710949837822	0.10577213020672
-0.414308007099391	0.291594896390557
-0.0519111298835311	0.0249772380023043
0.837005024504518	0.612758489163776
1.21358223322985	1.33263123024978
-0.0717984342679625	0.0459155748157096
0.16233181728961	0.119629225168048
-0.994727997379517	0.997504171830819
-0.350640085490148	0.253356599291917
0.934627743232905	0.629702094655187
-0.36369446791522	0.326557463801528
-1.49344932137154	1.05476457735774
-0.139384800391208	0.0989540549592946
-0.171531312104166	0.119452681947541
-0.26231521308892	0.13298205227906
-1.80368476738292	0.398254084963023
-0.625966193544888	0.304092312163021
0.932829613639135	0.244963311679429
-0.643506271279338	0.156786530055825
-3.09408861819707	0.962829753125291
-0.647852271039411	0.15768507802046
-0.535517937221125	0.205561517916868
0.768637074359308	0.457853056401832
-0.901158847379365	0.844614772991978
-0.81773434069277	0.639984253255081
0.162870487338035	0.115634950072913
0.0164696678667611	0.00958324002798232
-0.72964755552641	0.711684113991473
-1.36222194866024	1.13895258638094
-0.567790882102034	0.365091148915542
-0.693594372788054	0.49353806416051
-0.0753285038892314	0.0482533947836631
0.162825897843296	0.110991320526785
-0.799208727982228	0.761225631071633
0.390903356766133	0.307652108538598
0.369044277132309	0.313248068440484
-0.0803856859039345	0.0515555595352647
-0.657132258419059	0.647520172861445
-0.526485201853744	0.40504841283164
-0.0556124784883881	0.0364542615299389
0.0418366296512254	0.0256073758146587
0.0226592162501221	0.0171917657989145
-0.171478472309298	0.0989501768183525
0.454804497997362	0.415483806017259
-0.49643233859136	0.429731233142243
-0.411283279403594	0.289257237795508
-0.401776558360319	0.32214379103069
-0.695068019120137	0.493511809162565
-0.353493282757941	0.256042155551523
0.312160850306665	0.172074787324587
0.0443281972384779	0.0285031371041836
0.531809732937874	0.442440943639125
-1.29236117194346	1.43641397792183
-0.807847050273963	0.538741005340651
-0.481636691365021	0.326675934763467
-0.353911798354382	0.216530637668811
0.148598486564552	0.0373599031239063
-0.171715828002281	0.062535222119982
-0.351706739499246	0.214535726946394
-0.212288459628606	0.11560871183891
-1.06584644864674	0.864204447269581
-0.0844592858325983	0.0373695325651941
-0.415608883219363	0.17598019938734
-0.327707707614758	0.152403371064979
-2.58428653566473	0.675727611967995
-3.08991345953591	0.960747174631736
-1.80379071234984	0.398266610487963
0.150481785037224	0.0377820806483386
-0.540676944404638	0.207308900738306
-0.647461655721112	0.157598110120326
-0.644006342900786	0.156718049862583
-0.643506271279338	0.156786530055825
-1.15300618747366	0.353816991053109
-0.360456731308573	0.104884503482122
-0.359365673988087	0.104727737543846
2.73177034433677	1.67873403501839
-0.742419833798786	0.258214778445979
-0.237477952696761	0.0778886575961749
-0.625021176482895	0.302879688914249
-1.69744748235304	0.977598762611975
-2.30520355701273	1.18371915202431
0.505733117049643	0.181688891875415
0.646495256830482	0.205229626326689
0.437185059750641	0.175523103904443
-0.363619197342818	0.105894774191241
0.512153653238601	0.183805277487341
-1.34427397707666	0.850221358008842
-0.048483340844854	0.0233439188759277
-0.162988659613012	0.0594305969388654
0.144241227938778	0.0428872731898325
0.135241571366043	0.0457978406238609
1.0344828673512	0.499147238327093
-0.362710949837822	0.10577213020672
1.43925987176693	0.479237157391687
-1.15392338036234	0.354212278509058
2.74617618045436	0.774720201883077
-2.58453548475525	0.676764203908389
-1.80379071234984	0.398266610487963
-0.793643904174052	0.351804944175964
-2.58478470503525	0.675813541092272
0.649897891813891	0.206374526154303
-1.15347733768864	0.353947479713194
0.130350616233331	0.0498203134879727
0.14103192177006	0.0419706320314239
0.369386961871294	0.165738601158534
-0.784625312207766	0.347139882397849
0.136647163468063	0.0462674600791703
0.133155287376562	0.0451076874905746
-1.04390615555555	0.420016956092299
-0.542142876918705	0.208312018224663
-0.3302288059653	0.153707095174086
-0.0803043962779948	0.0355992518776308
-1.04390615555555	0.420016956092299
0.376161795930662	0.169144742488819
0.432062682383114	0.173762924234813
-1.83539757756382	0.75750800966345
-0.744670437196719	0.258381731549564
-0.415354340451682	0.175826033861495
1.80610961993801	0.709606900893752
0.135111673281351	0.0455953248633317
1.2558676521381	0.693882064620264
-1.00871695861143	0.508215614572523
0.505451262130689	0.181603766022305
0.143192396315798	0.0424627081418978
0.647045217228672	0.20541570040493
-1.5318146928413	0.553494474919415
-3.08991345953591	0.960747174631736
0.935126029437946	0.245318397037238
0.31918898016885	0.176637487240638
-1.50619967584359	0.774272712546176
-0.537041550024437	0.205873852200962
-1.052139438368	0.423871922375229
-1.29770386628742	0.593162801934876
-2.58428653566473	0.675727611967995
0.140184451576725	0.0265585662587612
-0.543266856350763	0.208763548655505
-0.367012159161167	0.106980484577588
-0.644388443682788	0.157000626677781
-1.80368476738292	0.398254084963023
-0.640433285495798	0.155891307450366
-1.80379071234984	0.398266610487963
-1.80368476738292	0.398254084963023
-1.80368476738292	0.398254084963023
-1.15392338036234	0.354212278509058
-0.789904941534589	0.34986194743257
-0.644006342900786	0.156718049862583
-1.80379071234984	0.398266610487963
-1.15755644738434	0.355289941594665
0.653790201953018	0.20742302218683
1.02150850319604	0.387098107061976
-1.04550658635032	0.420677883175507
-2.58453548475525	0.676764203908389
-1.53381589120228	0.553464419719289
1.04447170540575	0.505926902066011
-0.367917894368281	0.107101339671787
-0.540114053535069	0.207176036194891
-1.52845204149787	0.551521368985269
0.147211981908801	0.0371529932006973
-0.640820070260403	0.156173374069777
0.150004967546857	0.037720852406733
-2.58817701744193	0.677412741892899
0.136156966750329	0.025975077128062
-1.80368476738292	0.398254084963023
-0.644770889342653	0.156875139887313
-2.58453548475525	0.676764203908389
-1.80368476738292	0.398254084963023
-3.08991345953591	0.960747174631736
1.95135265955319	0.45428366780025
-2.58478470503525	0.675813541092272
2.74617618045436	0.774720201883077
-0.643123124462485	0.156504140249688
0.146774179931898	0.0369732700828277
2.09903484483183	0.941607866167158
-0.64834559013069	0.157812973783057
-0.367917894368281	0.107101339671787
0.42873751352789	0.172357953807125
0.142727172563101	0.0269105320645235
0.139930142590356	0.0265210820862786
-0.362710949837822	0.10577213020672
0.13912027261828	0.0264101516649031
0.140785309842846	0.0419396944428236
0.147211981908801	0.0371529932006973
0.651349240994328	0.207129762624853
-0.738055403900028	0.256318943131305
-3.46630912179766	1.25319506698382
-3.46538037258837	1.25291021678476
2.74534949223189	0.773319630917041
-1.5318146928413	0.553494474919415
-0.362166381635235	0.105626912484328
-1.52845204149787	0.551521368985269
0.931565691852841	0.244293555241305
1.31410625822521	0.57783656828618
-1.15439361670696	0.354342573020678
-1.15067412918645	0.352834915266282
-0.647852271039411	0.15768507802046
-1.15019981108223	0.352703694647943
-0.362710949837822	0.10577213020672
3.62466075691912	1.43256044684919
2.74877977095104	0.77489585677119
0.650444653728205	0.206870989076807
-0.366464707125696	0.106727724314083
-3.08991345953591	0.960747174631736
-0.644388443682788	0.157000626677781
-2.58453548475525	0.676764203908389
-1.80379071234984	0.398266610487963
-2.58453548475525	0.676764203908389
-2.58453548475525	0.676764203908389
-1.5375444255416	0.556007810250909
-1.15486421229877	0.353960755591684
-0.644006342900786	0.156718049862583
-2.58843250021574	0.677477739401539
-1.80368476738292	0.398254084963023
-1.80379071234984	0.398266610487963
-1.807243397525	0.398882182291443
-0.643506271279338	0.156786530055825
-0.644388443682788	0.157000626677781
0.147211981908801	0.0371529932006973
-0.421237972635709	0.178495761438224
-0.265318351573278	0.134553024100092
-0.643506271279338	0.156786530055825
0.644967858114693	0.204258055343195
0.672082084811952	0.314450435705214
-1.11923705171618	0.77311792056055
-3.09370472754254	0.961571400894305
-1.15300618747366	0.353816991053109
0.141686950510094	0.0421288595298015
1.43693291937878	0.478412112216202
-0.788637278420783	0.348623215590649
-0.237477952696761	0.0778886575961749
-0.177283430967218	0.0643942700097918
0.769191660916296	0.604311936128514
0.120679617389109	0.0517845452499848
-0.694390753211376	0.493224718221749
0.134796168666489	0.0710671933821288
0.301453092535776	0.181169344603386
-0.909960242614768	0.764675912530519
-0.558190551620877	0.475872767980847
-0.947603681693872	0.705023574408685
-1.24697494177244	0.955201914643093
-0.0714202368301591	0.0456715671486019
0.296579431093015	0.191767350132498
-0.312817935800829	0.232575979021308
0.160544425555813	0.109274124738219
-0.550904295035861	0.467960550988023
-0.215135041468706	0.147271561135864
0.274547034676763	0.222415174112988
0.162601750360795	0.110642288655372
0.970214101603183	0.788821562963702
0.71741601054368	0.596852195282921
0.935603742804232	0.921699166193948
1.06177585353022	0.646693850828847
-0.707183479101852	0.504819017901275
0.12684271834842	0.0485397725759886
-2.58428653566473	0.675727611967995
-0.648735146604395	0.157899750679971
-3.08991345953591	0.960747174631736
2.33820696694681	1.17549427117663
-0.169855723368467	0.0618000920799006
-3.76799522552508	1.51241274258477
-1.52899469498403	0.551909382987037
-0.644006342900786	0.156718049862583
0.423362649547664	0.170139296386735
1.55373484206067	0.774450053450293
-0.694689947747041	0.494707504855688
-0.549938637028724	0.466103761177393
-1.02954763936381	0.945510053445256
-0.896199692072557	0.836638182312391
0.134873897154579	0.0709036583558429
0.146177285315719	0.0891989017453365
-0.0222309789564613	0.0114395430213287
-0.464046271034249	0.365703819866498
-0.708249594238534	0.573670080979271
-0.257355388021099	0.171290264314259
-0.807633034921373	0.704638980269353
0.119365899944852	0.0569601618632301
0.015971503119403	0.00927500702590441
-0.628965984927644	0.524343145477581
0.484669071359101	0.431834802885509
-1.29266272550617	1.43946588220425
-1.2076103655515	1.26694152171664
-0.269213969398381	0.203562048322048
-0.415941922221887	0.293370272244174
-0.352586745485158	0.215275454612645
-0.496546350575135	0.429959377296586
0.00403902687806115	0.00212172137761003
0.718495726452287	0.597970764930316
0.456687707772218	0.417875178531726
-0.0267025766532745	0.013664210173959
-1.29162732405652	1.43315602024068
-0.722161832329383	0.64760371002988
-0.480535462290963	0.325545967360462
0.283559061003208	0.203737887169347
0.773842461712744	0.461743820213614
-0.204691357003182	0.139309996301791
-0.0801426666336903	0.0354635552577408
0.454487774847727	0.307683135039483
-0.484323327025545	0.328438363877611
-0.670014380752594	0.401912627088495
-1.68995172850468	0.9688502157446
-1.75806244539521	1.4960421601907
-1.12085703964288	0.776862574861034
-0.999633587695849	0.502675021948371
0.333285920359292	0.16655605601407
0.482229528531735	0.302361634832763
-1.83539757756382	0.75750800966345
-0.633551783082171	0.308246741154595
-0.810840380363982	0.632189326997546
-0.973098230840846	0.605347022813969
0.127629604761486	0.0488205219881876
-0.630578266299989	0.30669451888515
-0.74730280862006	0.259785520477436
-0.547478193416001	0.210280624654121
-0.626487162667797	0.3048405731411
-1.80379071234984	0.398266610487963
-1.0440627882473	0.420113469192121
-0.817908808098384	0.547524647586896
-0.202545640266689	0.137664945821786
-0.62228224238722	0.516878121961643
-0.362166381635235	0.105626912484328
-1.15067412918645	0.352834915266282
-1.53127286779506	0.553105673100975
-3.76450171843679	1.51272854782687
-1.49424900921356	1.05385293532669
-0.0138524557766928	0.0072511291835055
-0.35237025177916	0.214735354109703
-1.0424602576406	0.419767093556931
-0.537315035936971	0.206219810031048
2.09613747448195	0.939740505768579
0.376161795930662	0.169144742488819
0.149152846713701	0.0961651631489766
0.15095514541003	0.0922450458124079
-0.977268985727679	0.607539399688614
-0.104944814968933	0.0776662384159828
-0.636940473333034	0.578195584233167
1.40297025266597	1.75261811280264
-0.201609894414981	0.157231042372501
0.0661492935853907	0.0445551083944019
0.391580672640928	0.309049670576031
-0.168074397032081	0.0612163017428414
-1.2931604748656	0.591359256359774
-0.514419637847435	0.272887509860086
-1.11123523004856	1.08523511541966
-0.261807745404032	0.132803876203818
-1.18468228417349	0.672316148748114
0.148123932113398	0.037298775193441
-0.350420749586857	0.213711135691947
-0.20723340686725	0.162320993103351
-0.549107018503461	0.55282417084571
-0.0925564531886077	0.0574913670029148
-0.724771241623568	0.704103821386647
0.164437415925316	0.121095482797017
-0.248976196388868	0.193074312765755
1.04593158776643	1.21114919331282
-0.213240546219344	0.145510755518394
-0.294598380725109	0.248524558959512
-0.30017279507004	0.192350382929274
0.134866612121887	0.0768197263276188
-1.04816955160128	0.42197561480355
-0.264345626631133	0.134482207269924
1.25958016502306	0.695917467871454
-0.644388443682788	0.157000626677781
-1.53271939951667	0.552723945232647
3.25586177376341	1.1013084673078
1.43463558957201	0.476840630255681
-0.53917516246793	0.207092528951807
-0.536354313754785	0.205687389529939
-0.412425499224897	0.174466513228787
0.428884876273104	0.172685936510533
-0.329094468580607	0.153485560574559
-0.367917894368281	0.107101339671787
0.298154939855843	0.178524949412533
0.127435718153879	0.0609544813817787
0.0569409966355373	0.0382409675111766
-0.313195351896968	0.232848748042337
-0.465293886019818	0.36732249326648
-1.05669661041608	0.854474060110678
-0.0264503971813753	0.0180713553877305
-0.554949797661602	0.471745420491917
-0.477971028949848	0.323411769345152
0.158473272450438	0.107776180113246
-1.20777042861138	1.26180191571771
-0.104495748740152	0.0651025091645728
0.00523967835811375	0.00273250183544512
-0.475795792530205	0.320878728933185
0.736866088947254	0.720574067013737
-0.410014687693236	0.330317771862361
-0.743704176836095	0.780084087264083
-0.810459448607953	0.710547427472809
-0.275901717560698	0.209690966582124
-0.412382824824863	0.290322466647233
0.375432004414478	0.306697645979713
-1.34809297318271	0.852835582156573
-1.02587585606669	0.94041636348285
-0.158378179189115	0.0909374396655274
-0.6216793085348	0.301711881748498
-0.0136761053788052	0.00949048225394843
0.438656195585263	0.316383877802134
-0.9684746591433	1.04844727098469
-0.302863983557501	0.194609494363699
-0.366838425751114	0.330393615476155
-0.616437185080401	0.510706965986892
-1.2512506095368	0.95804669119822
-1.24771283719183	0.953165575701045
-0.263823556262712	0.134029686107247
0.278539999247001	0.189641072371691
-0.0472035284646347	0.0227413249463087
-2.08603393409466	0.96449409129375
-1.16305893466411	0.356419765567601
-0.92633420713005	0.787422170148477
-1.48638757152953	1.03969192631795
-2.58478470503525	0.675813541092272
-0.411336703163519	0.174112307825355
-1.34728093580716	0.853864096479535
-1.35132638410262	0.859114496556006
0.934277210231113	0.630111182815121
-0.998585881831741	0.501553845830247
-1.15707876120986	0.354760041850164
-1.35147937653146	0.85910561299321
-1.11939546272613	0.776449567453385
-1.35155038294898	0.859163297944093
-0.1197176112168	0.0482577149854255
-0.788816222150508	0.349478464433716
0.371562012619632	0.166997408838697
-0.418580029248622	0.177413239267987
-0.484675727540037	0.329314521290953
0.137638529203684	0.0726247477081587
-1.11883665779003	0.776430679321354
0.135958712011009	0.045911207941804
-0.363619197342818	0.105894774191241
-0.362710949837822	0.10577213020672
1.7615695710475	0.987581400026451
-2.65608764106375	1.65506744560043
-1.75168304975378	1.49079257609147
-0.214353793683466	0.117184360036161
-0.0838929267986444	0.0370272686898238
-0.549904913097117	0.465496209903711
-0.2732610834232	0.138856929766252
-0.158612440097734	0.12751370239722
-0.0526031862060218	0.0344648881712329
-0.191548798299447	0.153051627736097
1.13083737264484	1.28268826676163
1.44315660705177	0.899628154850357
-0.416939834766553	0.176476968549373
0.133246353397963	0.0637431305249746
-0.275616929999914	0.209404255097133
0.596585458275626	0.642249251896443
0.127666695648323	0.0488134294645902
-0.737482026667645	0.256039848593742
-0.000855047922891882	0.000407561148408258
0.767655596455633	0.604071201951071
-0.323849978409497	0.292728653458825
-0.31392805317672	0.233706451500593
0.160999493016762	0.109488179049003
0.743941641983297	0.821087628835894
-0.170492448625784	0.138007954341718
-0.0504158437137109	0.0330632149581116
-0.0777654715803272	0.0497882295203123
-0.968311417236278	1.04823365370144
0.93289290781125	0.913578947154104
-0.165655895636883	0.0602718278176269
0.128510875123466	0.0613985157413147
0.124931900467265	0.0597570237931017
0.652253897170883	0.207102973093912
-1.80379071234984	0.398266610487963
-1.53273207896643	0.55406409993797
-0.163534484401185	0.0596231662713251
0.134672383551299	0.0401871605730982
-0.507867922426657	0.269727702712876
-0.112436565258363	0.0453129451577521
-0.534393347384375	0.205023861194337
3.25490159683282	1.09988604599349
-0.025090854542035	0.0128590796098234
-0.621413278748594	0.516084171964739
-0.520074500394771	0.399355125928598
0.165550358712148	0.117705045600774
-0.355725137662284	0.258048395212741
-1.29288084551785	1.43181349989143
-0.460675288352372	0.362161760049823
-0.0777845216436375	0.0345113515031587
-0.251232839126139	0.166843947921346
0.158783213277192	0.102761889002525
-0.656776047443967	0.647184770917206
0.353640688708937	0.307576530520286
-0.070573563575869	0.0451200543012234
0.40709168017572	0.306429039893691
-0.355029772635117	0.256997573801102
-1.07305890025063	1.14320568454534
-0.0203099168375183	0.0138667646435341
-0.241428572257294	0.159222430136011
0.429892480094504	0.309089012612403
-1.0461878009349	1.19807364547426
-0.304091869816897	0.225079986426698
-0.941425744683223	0.697098685773039
-1.07119991757786	0.872454082115387
0.872102989479645	0.887281158598028
-0.311527990808368	0.231098534899797
-1.4985088897396	1.05557526546314
0.312160850306665	0.172074787324587
-0.706596546516687	0.572013635497962
-0.975062557948543	0.606925512170839
0.685368715834762	0.446048844829738
-0.697310253027861	0.49719164674714
-0.332246748523914	0.154820682697304
-1.80379071234984	0.398266610487963
-1.80368476738292	0.398254084963023
-1.15755644738434	0.355289941594665
-0.362166381635235	0.105626912484328
-1.62709283740982	1.26780955917631
-0.242025564504491	0.0793476290892232
-3.08991345953591	0.960747174631736
-1.74663499878619	1.48715832714059
-0.358983348370651	0.2195614249646
-0.0515398263188266	0.0247757075133237
-1.11618417261756	0.771709294387131
-1.76111930449777	1.96389431691752
-0.944703027334127	0.699511294671581
-0.647461655721112	0.157598110120326
-1.53273207896643	0.55406409993797
-3.46584456958788	1.25353297605489
-1.0440627882473	0.420113469192121
-0.0282822192856555	0.0144299332877043
-0.81468348292415	0.450209613387948
-2.00618581130363	1.41729171372677
-0.293911726406063	0.187979815802786
-0.0965884816263431	0.0600112077258521
-0.430085933925497	0.247487197137991
-0.604939025909416	0.451028472866147
-0.567179951122924	0.48375096022921
0.133276490633245	0.0638472250525847
-0.0273061637174665	0.0139603909919245
-0.170912764961516	0.0622636754540297
0.132888220671258	0.0450543248212034
-3.46584456958788	1.25353297605489
-0.740705291977838	0.257263180060709
-1.83100980576584	0.754410690712334
-0.0493771686329346	0.0237119482959157
-0.0493455272673935	0.0237560589056198
0.130239795584639	0.0622573253693947
-0.255678436787592	0.129453272475371
0.934386155720539	0.629978954438725
0.523515662927253	0.434035872618063
-0.0696749419381174	0.0531337584679834
0.441723209787506	0.318760879687118
0.369004256185558	0.312549825060415
-0.356938867752662	0.291347885809661
0.142637387713013	0.0360861991956938
0.295599890632687	0.176882123268236
-0.949296588675852	0.705813791743459
-1.69241356745114	2.14983424260299
-0.512210393105524	0.272112497617259
2.73014621936297	1.6809995248512
1.01823421957205	0.385718705291343
0.482138894942465	0.302926100674287
-0.0262267209974558	0.0134370258584302
-0.656401345306966	0.683538930991144
-0.194616021368335	0.155609312463336
-0.277073434792108	0.210197915970382
0.134814744148477	0.0768217714143271
-0.208563190411368	0.14202309637396
-0.643255789121068	0.585989842303242
-0.809114703668422	0.70573577476379
-0.362356466694061	0.296640139456163
-0.641520848452522	0.584287663893847
1.00976945468655	0.951993284850583
1.37345014890616	1.05653700495127
-0.254771760563169	0.128829112393536
-0.41081226088766	0.173851415262344
-1.80368476738292	0.398254084963023
-1.80368476738292	0.398254084963023
-0.643506271279338	0.156786530055825
-1.5375444255416	0.556007810250909
-3.7650365789172	1.51294271983965
-1.80379071234984	0.398266610487963
-0.673602308561248	0.404559576677968
0.646143141275968	0.205158328067658
0.13912027261828	0.0264101516649031
0.336951372798464	0.1688159810196
1.06199310094831	0.647219838887241
0.0407044446609579	0.0249080899255413
-0.715307025012788	0.580999187119375
-0.924448873013403	0.784660002142545
-0.641027614210544	0.583834469708466
-1.158526974856	1.31136389318446
1.64093231672965	1.53476414151235
-1.69560017546339	0.973781826707912
0.632954162091681	0.448041864561159
-0.513542310784414	0.524284361570386
0.162897251961518	0.111051708916722
-0.353259807149278	0.255927447919666
-0.000714242845375931	0.000354991428637345
-1.1856888043001	0.67203509782204
-0.670201132654349	0.704634894789795
-0.493431495629029	0.425111845631366
0.128797891057587	0.061618384172271
0.601518988523162	0.561520960387113
-0.127023624207214	0.0764169430020628
-0.306519202394765	0.227072946366955
0.298909350049259	0.1933038292432
-0.523834863927671	0.403060305102121
0.149403007931897	0.085561288214332
-1.28070783107591	1.22331513912913
-1.8342610889082	0.756597291586424
-1.04873903928095	0.422350290876866
-0.248450504246149	0.164942564299887
-0.607071267547788	0.453278828322752
-0.157094719854795	0.0901966892243939
-0.633257498052175	0.308082292759909
0.444655380527324	0.299647540101653
0.371321037027816	0.166503233216642
0.336304639080631	0.167903876830779
-0.0496258545181232	0.0238296738166127
0.312160850306665	0.172074787324587
1.37379348473301	1.05698996779434
-0.338056664676754	0.157328094360537
-1.5338107001665	0.553849543857526
-1.19275803323518	0.677638444782413
-0.746726771319564	0.259871772377509
-1.27332158994817	1.21437204440425
-1.00042418877359	0.503131793040766
-0.643506271279338	0.156786530055825
-0.643123124462485	0.156504140249688
-0.692434127650016	0.491549617780591
-0.715492277167264	0.640249067849831
-0.813290055131559	0.544781157754072
-0.420811917284908	0.241651053601612
0.145447692298706	0.0886804464240994
-1.25199044787563	0.959746825581422
-0.692122898917458	0.491336610966875
-0.741276499011426	0.25781621104378
-2.58817701744193	0.677412741892899
-0.742753785982603	0.258086652205378
0.127786664589047	0.0433722500849783
0.294921395157118	0.176250451693221
-0.242323132990394	0.0794545395999312
-1.15019981108223	0.352703694647943
-0.691885665636832	0.491943772291783
-0.674051632959596	0.40493462754534
-0.537589304181351	0.206094574742513
0.129254512841385	0.0493603145146002
0.0283994421060155	0.0163252843843096
-0.11591151239046	0.0467027519938991
-0.4788817762147	0.323099253391847
-0.12724808175538	0.0764311035213547
-1.25201560180528	0.959670538296084
-0.668740398324755	0.401129719517801
-1.74532708888853	1.48564966705623
-0.924671379756224	0.786994103753034
0.126316936897212	0.0483286332675717
0.146301463254213	0.0369121679082859
-1.04359703690809	0.420463940972424
0.931950133432299	0.244413497437813
-0.739798199098655	0.256488865469576
0.935126029437946	0.245318397037238
0.629708646481778	0.444891322549444
-0.117791663752341	0.0474150223758553
-1.06083323730929	0.860584236081166
0.772895998877012	0.460718097460717
-1.1835763771099	0.669222553042624
0.556067382704877	0.44187776499257
-0.804774516674579	0.771406224540231
-0.322786522147672	0.268022001161497
-0.891176203101789	0.91009142938063
0.509139648815982	0.183001422100664
-0.257403081670856	0.130413291473422
0.141900724869751	0.0811222584695307
0.522174391292772	0.432459850735297
0.580282663794114	0.301313985710226
3.92604450803279	1.72559614368006
-0.644770889342653	0.156875139887313
1.63220986599477	1.5282646560527
-0.690166867971543	0.735085904131896
0.908558236712186	1.01872818498362
-0.709911954773553	0.631637068790715
0.00564567567316517	0.00294495119268104
0.175243949125612	0.129858094958484
-0.121976921158444	0.0731315606394356
0.451858188078642	0.30527947623732
0.157627922350894	0.107148443815352
-0.0505086267400446	0.0242676073759967
-0.559595230480193	0.35885009347333
-1.06079478253162	0.85962159504545
-0.165914588337371	0.0604424067058836
-1.35551164268429	0.86188242317732
-1.29882524856631	0.59401691909246
-1.53127286779506	0.553105673100975
-0.365558606293867	0.106312944290692
0.139930142590356	0.0265210820862786
-1.0424602576406	0.419767093556931
0.131491139507584	0.044577610855764
-1.15439361670696	0.354342573020678
-0.740941800230378	0.257318537190623
0.144241227938778	0.0428872731898325
0.147135239147529	0.0435839099617654
0.146301463254213	0.0369121679082859
-1.51645699174585	0.782383683528259
0.485829624319505	0.306092585531553
-1.50931835128354	1.94150489079993
-0.716326158870003	0.640952099436643
-0.311474599743531	0.231437464186996
0.55440574195435	0.440326657495253
0.14252044784869	0.0812488599024163
-0.69565070277973	0.557826301949644
0.284131852996863	0.194188596731311
-0.0222309789564613	0.0114395430213287
-1.17430129235795	1.03652675568963
-0.0961129210868701	0.0597276107266471
0.131103414420957	0.0563135018124023
0.480455661254076	0.301472812658133
-0.801042264892907	0.697354765069767
-2.00407295900164	1.41151586651338
-0.410885329197384	0.288966760957757
-0.16617394898698	0.0605322426701329
-1.06584644864674	0.864204447269581
-0.426365885370058	0.245201349536078
0.42943252525579	0.172879165160614
-0.169100004676222	0.0975866210297446
-1.11791499777457	0.772169322010051
-0.738055403900028	0.256318943131305
-0.808211327967073	0.445069035822316
-0.261582251621878	0.132715207405314
-0.419970755162234	0.241091598962136
-0.414557503610828	0.175513398695098
-0.3320813235788	0.154825471157972
-0.667551254955787	0.399464947563654
-0.420051413066145	0.241376725624707
-1.86556090969235	1.19303245891965
-1.00952762822635	0.506993508100355
0.315060626262257	0.174121322137803
-0.416223480421661	0.238389319076228
-0.413761434958365	0.17508532022509
0.76447550767432	0.600480781437031
1.06278646166248	0.648365285995534
1.0671226611305	0.652059844150203
-0.480842446816526	0.325353975588669
-0.810235170096758	0.447921924365261
-0.119976357247685	0.0483101990534039
-1.12322324199181	0.778160246853704
-0.554625725565332	0.472117118400398
-1.06529353080117	0.867163115266916
-0.603062986910736	0.450316602709521
-0.808942634812332	0.630677909192887
-0.178804462301427	0.125164475633826
-0.696332865886431	0.494067306690927
-0.814094862889815	0.636372459544467
-0.526072368992961	0.405106263516089
-1.17326287864824	1.03760916408808
-0.287782264477206	0.183520158406796
-0.807515868303616	0.773671463503742
-0.822602246581283	0.553291962291517
1.21058540804713	1.45729641298865
-0.8120212701453	0.71293465928082
-0.132870504256214	0.0800041923423848
-1.68811141802754	2.14393810456007
-0.290885304429311	0.185646605040142
-0.245326989296926	0.162574023192525
-0.555258298273726	0.472762366961066
0.355671749883645	0.310862216172855
-1.53626483186632	1.76439797450041
-0.252875667711364	0.214322993622172
-0.116201193749778	0.0468543671532894
-0.00211254768547827	0.00110177236574155
-0.820073693745454	0.551188497375695
-0.211828267111378	0.166358625678949
-0.1671732835036	0.0962487869045665
-0.997721731950155	0.501381111468742
0.128920723122242	0.0552786446610659
0.428489156405394	0.307381179070652
-0.0539765657800072	0.0259109611399737
0.686848259662122	0.448453284462032
1.08415975848192	0.819860854295747
0.477187265148978	0.299673894510357
0.624890332134816	0.439957327385871
0.80254307274593	0.337440554502806
0.415848499884312	0.296362924612065
1.30642849970963	1.53100170928637
-1.06948814373489	0.870669515208235
-1.27858751200428	1.22079637501724
-0.67496113542305	0.405404091837532
0.825496429001154	0.74897072405712
0.148021614957602	0.0845884654195915
0.371606476441863	0.16672745564024
-0.167267366049274	0.0609436470739813
0.337736586810201	0.169219301425705
0.475708376175101	0.421865473753103
0.571860846567982	0.549734998885105
-0.121001489417465	0.0997546811270618
0.157386168802121	0.102015120912955
-0.999845605534121	1.00673290760683
-0.00624660249334382	0.00433219519979077
0.17401148746908	0.142087478799412
0.0448032433163061	0.0288109794806877
0.161975572250557	0.110378168283669
-0.0784528754603909	0.0502395575504441
-0.275974684164586	0.209505146221184
0.450347788598596	0.304834314884381
0.3042906908045	0.182094140195686
-0.887495000070206	0.90204826287152
-0.823090657202456	0.553824872384328
0.27491410669987	0.205914427299879
-0.0249560808686007	0.0127733246528189
0.162573091344071	0.115524085456059
-0.822431849427679	0.453890019194917
-1.36582326075279	1.39214376731074
-0.209772002781094	0.143285849346773
-1.11934864797194	1.10237083595258
-0.272282928731254	0.206207880785907
-0.216022181182532	0.117956053248223
-0.127424603271032	0.0764192406106618
-0.515845415223481	0.274922047301599
-0.985695245917739	0.61313128395059
-0.5632620356358	0.361984105265148
0.931462555925809	0.913352617367491
-0.516284778084498	0.39530289520858
0.172650578352181	0.132367412543438
-0.356246616979435	0.257762307494892
-1.11632595023546	1.09693168098651
-0.0497131470890727	0.0238665053552244
-1.35180934443412	0.859632448827886
-0.35900113863639	0.104616647983879
-1.49725426858161	1.05655664881635
-1.6931598169394	0.972708084489676
0.669992340809613	0.313365566917382
-1.11692042706974	0.77449411465634
0.583562482613191	0.303736078020553
0.499864026640279	0.314286979302347
0.303251792803829	0.182067267701033
-0.807472481816932	0.444685250405488
-0.260217735858802	0.132041011967463
-0.0556605574668069	0.0267178402192885
-2.31216930769922	1.18371506520407
-1.06902717080236	0.870366032873326
-0.943139682682762	0.69902113706949
-0.417730614460362	0.17654375879136
-0.423799749456812	0.244025519206386
1.25692576864066	0.693521170574345
0.123367779868857	0.0589792205189916
-0.974265108433063	0.605982344749949
-0.237747525916144	0.077958682705542
0.130564350619715	0.0498651977453956
-0.520663676711245	0.277374178125458
-0.948155541510658	0.703815974427303
-0.352620898527136	0.215638225577746
-1.27075460930919	1.21032514817782
-1.22927854410683	1.45951383484552
-0.363255768460324	0.105782299807354
-1.12022186645478	0.776919708070814
-2.49239348905544	1.41182526462617
-0.2060373150302	0.112210826477324
0.0199023059205278	0.0115131267373657
-1.35084351237982	0.858327649434974
-1.50353020356154	0.772614705719597
-0.977266489940822	0.607911232230988
-0.525913005343389	0.405003612837288
-0.534119830392118	0.204770125602286
-0.536205624460728	0.205369028212502
-3.08953695583634	0.959084825597379
-2.08490146353936	0.964676824691781
-0.974593354794338	0.606479876865919
-0.353943534063171	0.216594227735602
-1.35229239339305	0.859899438808084
0.514363083274015	0.184986043370105
0.504073515615579	0.180839213902641
-0.817752335697078	0.452356999026614
1.043973276843	0.506180750770939
-2.29985279094791	1.179082966891
0.511170021003071	0.183944282461123
0.673976334457528	0.315562558766203
-0.16617394898698	0.0605322426701329
-1.62334388193727	1.25897815205269
-0.509135515987122	0.268216872360257
-0.415880213118191	0.176088333213337
0.344740000102887	0.172720225350932
-0.0464642409264752	0.0223585531937893
-0.674422025418653	0.405303457767107
-3.27312766288434	3.11014781633979
-2.49480922075139	1.41522319242873
-0.815613381481761	0.714134331743201
-0.887320551505809	1.04036242512188
-0.512933127219099	0.271647398379886
-1.18977537313876	0.67461924225308
-0.518669045557995	0.276095870281757
0.146372497759795	0.0894532810843813
-0.136335500770659	0.0821665018276555
-0.236876597981329	0.0775723615768606
-1.29770386628742	0.593162801934876
-0.00711994591227675	0.00497468426479488
-0.209337718644038	0.114213727419208
-1.11765301018955	1.09446403087098
-0.292694819374405	0.187246425425297
-0.206054631640376	0.112166522186619
0.152777094128098	0.103613602052253
-0.512629215954195	0.272722763646202
-0.97458671134016	0.602891988053652
0.00532021051237573	0.0027931643169575
-0.801901357469088	0.440623648330984
-0.209937258317151	0.114439089741245
-0.56937796151769	0.366718608283074
-0.570671123551671	0.368177573370948
-0.354393592482162	0.216731429783228
0.129472063393939	0.062063215488071
-0.946044621662802	0.70205060539164
1.75875629914717	0.986838518601168
-0.12301655105451	0.0495420581668657
-2.30137588419491	1.17969921492116
-0.266893008482862	0.135623783851961
-0.81919634413193	0.550323186373875
0.39529518149869	0.295272991323315
0.528512887639528	0.438940659762261
0.594908049189323	0.449742223067533
-1.30088049534899	1.62840147035756
0.0184230300731109	0.0106409598493431
-0.321188806502966	0.266015026137229
-0.563698899562121	0.362694650175698
-0.573174472711616	0.528005970208304
-0.291354488510548	0.186183341862483
-0.457089598426442	0.360084344641754
-0.15518727197752	0.124571696871545
0.873811488324747	0.888965204809241
0.254204659248493	0.21051641840926
-0.878156744759283	1.0274730400546
-0.606597305907546	0.452893233318587
-0.29658323915086	0.190102679129265
0.59398395619649	0.551473321320691
-0.365387378780558	0.266093616734349
-0.404143437543741	0.39187807607709
-0.0709485616731416	0.0453153237662264
-0.646043383328333	0.590159156149339
-0.99232229313054	0.997203283109169
0.584291687550545	0.439522227251008
0.4040059766554	0.409341842325488
-0.528098604628091	0.40674782612279
-0.519272104127305	0.398426944170705
0.445679972951886	0.300543228169257
-0.697940432802284	0.561129611121299
0.478548608956149	0.425488398982523
-0.621682454391834	0.516736614733927
-0.265223948760632	0.134500576698214
-0.415880213118191	0.176088333213337
2.3394066510974	1.17497400862948
-0.808856829608844	0.445864983359907
0.874513952307573	0.469084640096652
-0.490431844330274	0.333250852732921
1.68924482761295	2.28697868322745
-0.351467478160712	0.254275850679
-0.244290418653635	0.188829332649052
-1.21088206298979	1.27099766996462
-0.0961129210868701	0.0597276107266471
-0.313256837038392	0.233050185851971
-1.06281084338781	0.861531402386765
-0.269643630868173	0.137010226542536
0.276183075577064	0.197765400250717
0.122092312128742	0.0583630372589733
-0.948439063514634	0.704651681557884
0.286241720249683	0.195894254938166
-0.12622779591874	0.0759260881515403
-0.00907818149071334	0.00473205678478136
-0.0967604347893215	0.0601706056867369
-0.990690813082184	0.994873840879091
-0.259854860195403	0.131853467817397
0.0249595174160882	0.014363056964679
0.764026627633982	0.599979093873101
0.33375938658025	0.166820837017448
1.21482651272005	1.33143398409904
0.0644896357353341	0.0434180726302167
0.0334508275412387	0.0205120705643357
-0.512210393105524	0.272112497617259
-0.267624481335639	0.136078797670415
-0.326600253440071	0.15205844971033
-0.418768349494508	0.240358804523565
-0.0000205015999277597	0.00000913543806162896
-1.00576782189646	0.506470893521155
-0.69250133639478	0.491838143630858
-0.815819535964316	0.637463431987737
-0.512950289642425	0.273372069632629
-0.66500790098251	0.397818142722987
-0.0839530297208923	0.037220594510989
-0.33434410647939	0.155866546092207
-0.079515907274068	0.0352711953292249
0.583370276537225	0.303050138924345
-0.000426751269015215	0.000220851792053223
-0.0508893906578469	0.0244400256139729
-0.173593302157641	0.100264219455237
0.42756477352697	0.171975522232766
-0.0226741107517818	0.0116622929988431
-0.328998711203005	0.153120897504069
-0.126545281345208	0.0760284355786099
-0.0798839157771234	0.035357985930909
-1.62279121149845	1.25598893105126
-2.29929471138622	1.1783275149489
-1.53662981716208	0.555438343483155
0.128065802893217	0.0434680575192894
-2.36377013564539	2.1687220426392
0.117343749793614	0.0503166961412138
-0.329259582453181	0.153513246326157
-0.205324814269937	0.111749620124682
-1.36621734755843	1.39312355598843
-0.20560663074279	0.111912392461016
-0.422131427330971	0.2423107626482
-0.700997185736422	0.499644368631012
-1.27565074964044	1.21606288879635
-1.19245782213711	0.677457942080815
-3.76799522552508	1.51241274258477
1.10208770543402	0.987537304255542
0.12358856102015	0.0472406880187794
1.43602101245823	0.478148523404795
0.124429853890431	0.047598960284698
0.370177344293146	0.16602878145579
0.131293024661033	0.0563749880719188
0.518957509930899	0.297819250196735
0.336951372798464	0.1688159810196
-1.06125050881865	0.860921315988399
0.598519260438809	0.557918961310553
-0.299056567206155	0.192096526230337
-0.00129940152192325	0.000678102576780624
-0.230762727133645	0.0755782267206721
-0.166720587533231	0.0607503375240969
-0.123268639679827	0.0496614187106757
-0.015873263474649	0.0108890271856423
-0.446754256369679	0.392615019498179
0.411843412215384	0.311931340004121
-0.472194841856105	0.317904229567492
-2.04885225318146	2.18034154271992
-0.36125776400353	0.10521302829144
1.25536026137475	0.69181356761285
-1.29106924278045	0.588852198118216
0.135571700409456	0.0404808758649131
-0.643889763897163	0.156661592959279
0.880778265284383	0.473618441757393
0.13027603110456	0.0685083696324767
-0.0560579236426944	0.026877657111305
-1.29287893594334	0.590150472890643
0.278174510284897	0.189476631046496
1.46292161171423	1.4687290748241
-0.407877379789732	0.396360918682234
-0.146845447073458	0.104706504807398
0.455503111469413	0.308407596124301
-0.12155671256178	0.102250372072276
0.775089182078602	0.831457826085605
0.120669951848294	0.0459794943127915
-0.786748384546598	0.347623898535113
0.0556245621060613	0.0357504962373528
0.293089833383404	0.188495601430427
0.138002632722343	0.0786589823594223
-0.544676860697881	0.209125800517674
0.510303034449659	0.183694667904733
0.519348298617	0.429627070988184
-0.215158777287921	0.11752438915976
-0.263839800639119	0.199052604948983
0.417459245989511	0.413078653988429
-0.403989577391325	0.359078862118555
0.405002338530272	0.305700864625034
0.379311353137603	0.310685411987869
-0.823040475286732	0.553733961165383
0.259160818632951	0.222505376515294
-0.444751509806673	0.390442773996119
-0.101599173871409	0.0631415021309836
0.150883411721756	0.0921893648515418
-0.122689221253698	0.0493866228349881
-1.27884255258944	1.40802070297622
-3.7650365789172	1.51294271983965
-1.29854797059543	0.594785420705011
-0.247753299328153	0.0810425506810865
-1.15707876120986	0.354760041850164
-0.357909997986639	0.104187393238945
-0.516962558703461	0.275025637807878
2.74700474235958	0.773735225227364
0.130658112595085	0.0442562319396043
-1.11931686094493	0.775913708158158
-0.927484632004408	0.790999416188227
-0.102371856008598	0.0637415651344897
-0.175078465139634	0.12195137880069
-0.357557476154949	0.259497412220807
-0.720753788236228	0.699157442986332
0.355444305401302	0.310631479692796
0.149859431764706	0.0916496390290972
-0.493739845695718	0.426042332569986
0.631726949635598	0.569612015458815
-0.815331920379148	0.715290448615169
-0.0775538006825556	0.0496725323953817
-0.367776963526583	0.301392335147684
-0.248293252961244	0.164401651298245
-0.410332785323488	0.330181703891723
-0.533848630485652	0.502250751628301
0.000125317227014955	0.000124006450802985
-0.294365739853434	0.188726804722725
-0.408638123196674	0.329120889315184
-0.720822666453452	0.6468304713494
-0.986885619301556	0.988338923151324
-0.104974262350564	0.0654080883403181
0.400222627870213	0.317090149608625
0.00621665605366448	0.00326311722153608
0.376387151749069	0.307352251622049
0.64256362433135	0.454980719715996
0.592206522271075	0.447301614744446
0.034759113017768	0.021280571300525
-0.81464983363062	0.715736986941877
-0.813300149976547	0.54457528965578
-1.29428175562447	0.591951812360937
-1.52790963589386	0.550490172250606
0.652800991167172	0.207004492672909
0.505159659700077	0.181649970886899
-0.792271288408937	0.350130837593064
-0.67651004890608	0.40727283601777
-0.559956149783994	0.359063346311545
-2.25880480949092	1.91228810301042
-0.996675484119628	0.500920171091431
0.141801702687689	0.0747695689273306
-0.00494240271485712	0.00258917733742533
-0.0444000779862448	0.0214144362783253
-0.981970242235779	0.611265510976064
-0.675328720416174	0.406177812408653
-0.620378711669528	0.300398194488741
-0.424239028361522	0.244339634124147
0.482871806127927	0.304130991470423
1.0503161497313	0.509082969064319
0.767107853255804	0.600256474387814
0.32089725394491	0.177370004654303
0.149050913362053	0.0911884640191743
-0.238238452952737	0.0780615880676397
-0.325520395364441	0.151540356213755
-0.17043034957019	0.0619655680455972
-0.16698064175195	0.0608045830755468
-1.80368476738292	0.398254084963023
1.43882340562666	0.478615560848155
0.147685616873541	0.0372140815523598
-0.363074920327927	0.105749762822137
-0.537877518920207	0.206535210663043
-0.537589304181351	0.206094574742513
-0.0734466327930162	0.0325546844252463
-1.18698867844851	0.673015501575736
-0.539276806409919	0.207127681793212
-0.218318349786217	0.119177430074646
-0.171426092503052	0.0989418887794505
-1.35180934443412	0.859632448827886
0.12684271834842	0.0485397725759886
-0.206523636125904	0.112658457556733
-0.0590004303996386	0.0282185516773902
0.138460679810576	0.0412231247306769
-1.80368476738292	0.398254084963023
-0.746151045211633	0.259667037559905
1.59935368691991	1.11398571688368
0.131243529864718	0.0689661544351172
0.147685616873541	0.0372140815523598
-2.58478470503525	0.675813541092272
-0.168074397032081	0.0612163017428414
0.375371225326836	0.168758685101821
1.4460951947368	0.901227883881409
-3.09408861819707	0.962829753125291
-0.159516380937532	0.0580983230362789
0.580684702692968	0.302029466221772
0.374864628479379	0.168424965881573
-0.0492766565624506	0.0237049455030019
-0.669560756830165	0.40159438682992
-0.162988659613012	0.0594305969388654
-0.236606371241214	0.0776017669502627
-1.51726730978925	0.781592944781819
-4.22914619414463	2.02072971670873
-1.63130309318048	1.2719727252221
-0.479046388001753	0.324060474362455
-0.268355355736658	0.136279861319348
0.689036913812278	0.450047987379027
0.127089878559858	0.0608563888990053
0.122323457038	0.0468068087606287
0.129643490477834	0.0556510075398059
-1.29231840462832	0.589747004566986
-0.530028343831043	0.202498593825954
-1.15439361670696	0.354342573020678
0.139373629020068	0.0264474830594518
-0.643123124462485	0.156504140249688
1.436097211687	0.477124097113075
-0.419899321881331	0.178034045801847
-0.42041028264147	0.241371640138569
-1.00524561024655	0.5061589926653
0.837875938977779	0.614294859195611
0.318445561629445	0.175940758234391
-0.351600290215637	0.214757750060202
-0.944291242508132	0.697068705736799
-0.243083180082304	0.188115835009647
0.396457978785689	0.31364889623471
-1.86506042044552	1.19302090960691
1.05220838758712	0.511294880010563
-0.329898311772297	0.153841776701836
-0.132392549074324	0.0796834426300707
-0.508196970668714	0.270133936187846
0.933710809861868	0.244826616527384
-0.537315035936971	0.206219810031048
-0.424272896696115	0.244199221264027
0.452340145294713	0.305992322018335
0.00124898578728355	0.000638852391923645
-1.83537639358633	2.15238223448089
-0.0828804805816946	0.0366843167603586
0.284391258617029	0.19409320175734
-1.45455170370356	1.57677199572011
-0.67232632574182	0.404169806350819
-0.353943534063171	0.216594227735602
-0.116201193749778	0.0468543671532894
0.529698184707516	0.30463767184032
-0.0262267209974558	0.0134370258584302
-0.644770889342653	0.156875139887313
-0.114181972684472	0.0459809246256298
0.143665287756915	0.0427236629465922
-1.80368476738292	0.398254084963023
-2.49480922075139	1.41522319242873
-0.644388443682788	0.157000626677781
-1.53219054338251	0.553674997524989
0.885030405097769	0.476402560264289
1.06264967412855	0.649394827898124
0.169448108538371	0.125424019859148
-0.166803901982884	0.115833555778624
-0.122458620899269	0.073466697339334
1.10059329928638	0.983401634009854
-0.812008437264163	0.543696846973002
-0.67751371592625	0.407193446527178
-2.13905803570491	1.66214940334913
1.09977390517991	0.984327053876649
0.00882368039262263	0.00462007109545776
-1.11973781780432	0.776730039319451
-0.816066949053284	0.638870598517616
0.00141524750314463	0.000744194477126029
-0.522183101902769	0.401792337373683
-0.417504246951496	0.239299424110184
-0.411762662877669	0.289624048207494
-1.18237001806009	0.667676404096959
0.899258039402716	0.780343736328363
-0.173874516649198	0.121307377363531
0.300480474971009	0.194426679481029
1.11603631035891	1.13876737249662
-1.11490694993085	0.770213863377402
1.0909789133095	0.824934392800629
-0.16027978086649	0.0921993335364128
-1.0424602576406	0.419767093556931
-1.15067412918645	0.352834915266282
-0.741276499011426	0.25781621104378
-1.15392338036234	0.354212278509058
-0.787825204296024	0.348755440723153
-0.0854251761604191	0.0378431603717914
-1.29854797059543	0.594785420705011
-0.519172963197523	0.276454359043213
-1.29344278343992	0.590245914120149
-0.809341479415278	0.446119265199247
-0.414812336223945	0.175551517343517
-0.17312908317	0.0999408823001965
0.315937552411621	0.173968016007879
-1.57692182635926	1.54520544067635
-1.19376206400863	0.678345819902289
1.25455532885968	0.691509463795607
-0.353657894526862	0.215684415544774
-1.5125459287448	0.7795227654022
0.128065802893217	0.0434680575192894
0.291397994343411	0.188009530357796
-0.121593828718454	0.0489641661787328
-0.518378911937925	0.276112548336788
-0.0459809012496877	0.0221530462587697
-0.629170574348649	0.305570904739263
-0.704955284409263	0.502710955011836
-0.626989967104852	0.305062602121671
0.131088805941653	0.0500514541295973
0.7115331970925	0.591358427372544
0.83827474190165	0.614670875212123
-0.0766338338993835	0.0339871076908376
0.690427329308007	0.450846545622892
-0.784346898833697	0.346358653769576
0.146301463254213	0.0369121679082859
-3.76907032896904	1.51568182757693
-0.641207204081918	0.156050090719873
-0.236606371241214	0.0776017669502627
-1.83369329866259	0.755180274428823
0.299558787811643	0.179277557971528
-0.633257498052175	0.308082292759909
0.876966092458338	0.471322763193848
0.573345450378393	0.296717483682659
-0.695767666798361	0.49421114269865
-0.990812311930355	0.994052248428648
-0.56824240770728	0.366180073621573
-0.483173406189215	0.326963427521654
-0.16056228168357	0.0923652839287839
0.371562012619632	0.166997408838697
0.0387901813864045	0.0236922330962802
0.135805977315208	0.045997318265274
-0.7389639873091	0.256670839118185
-3.46584456958788	1.25353297605489
-0.643123124462485	0.156504140249688
0.12710674804658	0.0485658833482423
1.02730987438223	0.389285349271904
-0.648735146604395	0.157899750679971
0.65469668159777	0.207920986734369
-0.326116443383599	0.151796388327042
0.31132292192391	0.171541076890993
0.375593549961275	0.168728453298068
1.76700786850707	0.992927799649198
1.5164004283572	1.29256989413638
-0.499100388093575	0.431809312239414
0.142570331877993	0.0814933681536756
-2.08490146353936	0.964676824691781
0.143344198314136	0.0755296240949761
0.426509628253346	0.171575902443478
-0.171715828002281	0.062535222119982
-0.535921830813524	0.20531687711624
-0.793098515782442	0.351690335205156
0.00500194745889847	0.00262813423809307
-0.325035175033878	0.15125996636252
0.306202892740727	0.168056729144243
-0.519318798464432	0.276884858923498
-0.367012159161167	0.106980484577588
-0.363619197342818	0.105894774191241
0.146301463254213	0.0369121679082859
-0.647852271039411	0.15768507802046
0.672932319558158	0.315270459352306
0.771336510208013	0.459531001084451
0.490248074542429	0.308870456586643
0.480514484246685	0.302127149394418
-0.568212586572097	0.485377257021488
0.55903363954635	0.444853244408914
0.0185790417124341	0.0107438519432158
-0.61818925490503	0.51257397400946
-0.350647375198305	0.253336588684889
0.262311257930246	0.211195057381909
0.809984934314118	0.339735259431094
0.932829613639135	0.244963311679429
-0.025090854542035	0.0128590796098234
-0.138883054020821	0.0837101926562118
-1.75644852623239	1.95941729474945
-3.76907032896904	1.51568182757693
-1.29742468940065	0.593905209910399
-0.563270322657586	0.362374074628472
-0.14933969649921	0.106635013619991
-1.36870033884372	1.39741227308502
0.882877866265825	0.901214729070372
-0.487636813645146	0.331531684495475
0.965990513944869	1.05234179107353
0.478097085582399	0.300003356698702
-0.695146206045286	0.495420048889297
-0.87463908237899	0.953389500795928
-0.623301454840806	0.51733865827495
0.767912575180784	0.603142640355556
0.0218101795977866	0.0125975277980419
-0.367012159161167	0.106980484577588
0.573035098054471	0.296326930861173
-1.15345350292765	0.353548980162923
0.139373629020068	0.0264474830594518
-0.643123124462485	0.156504140249688
-3.09066749133914	0.959393078286489
-0.422606840745166	0.242918595834978
-0.6691937520225	0.4014477270877
1.31468004021919	0.577244755259019
0.146774179931898	0.0369732700828277
0.426509628253346	0.171575902443478
0.150004967546857	0.037720852406733
0.935515179855096	0.245440180005837
0.13598650647372	0.0404355840598389
-0.421423308127338	0.297130003867379
0.67155584062676	0.31375933871707
-0.948155541510658	0.703815974427303
0.0387901813864045	0.0236922330962802
0.461055985279994	0.422384038009445
-3.05980194705445	2.4936741399933
-2.14580297735629	2.43546435459807
-0.0969068793458507	0.0602734172746619
-0.0509942222053693	0.0244752587980269
-0.0490094997764597	0.0328515032190181
-0.549797122395361	0.465738424108928
-0.40336163224742	0.282325986276696
0.477663326990961	0.299727886960773
-0.351782704870239	0.21502044996066
-0.996096701562796	1.00161327923761
-0.707660217087732	0.573608396659614
-0.701112048291796	0.499757449346472
-0.104495748740152	0.0651025091645728
0.605104882020857	0.565796898153954
0.653703474723349	0.671939450832839
0.506378667602862	0.437182876539499
-1.11601733834798	0.773914970969735
-0.068970741158708	0.0525684521142383
-0.374386055412535	0.307627363492583
-0.638249346442406	0.5779987229639
-0.811526559894743	0.448109742356664
-3.76450171843679	1.51272854782687
-3.47021758744757	1.25549793829818
0.304976022127	0.183216303803791
-0.0862153061797636	0.038182813753959
-0.119179601913398	0.0479937579676386
0.896970248033144	0.777413104247207
0.599196549650645	0.557628122970636
-0.569080210637467	0.366352398618142
-0.205193477842585	0.111652972780778
0.313500232840853	0.172550665529158
-0.0569388337782159	0.0272923921550077
-0.519969427347449	0.398970080257102
-0.901158847379365	0.844614772991978
0.317167323605302	0.175094543657857
1.50908007128039	1.28654292334755
-0.425867844283664	0.244980604998569
-0.569829232715342	0.366986216497156
-1.18598523004556	0.672531822676205
-0.943988267132291	0.699603638484797
-0.209782210017285	0.114580526934442
0.801714657256735	0.337060528420653
0.157802532603695	0.106972398592657
-0.567372936723891	0.365560422922633
-0.02844600931641	0.014539311597446
-0.0505086267400446	0.0242676073759967
0.122284243762024	0.0525055197786768
0.124739677514431	0.0534855834590382
-3.09408861819707	0.962829753125291
0.644691758976379	0.204407522619992
2.54869679244692	1.42006184044491
-2.30435569641955	1.18273827430254
0.122817301602543	0.0526722605649037
-0.427151908658671	0.245912854816931
0.138138662426263	0.0727757093724884
-0.172809901996153	0.0629242283980546
-1.18568502707154	0.673236912976742
-1.29798623806601	0.594484945125978
0.686602081708401	0.447315020008588
0.579175513426621	0.300320705261566
0.291514755968887	0.187868878566287
-0.974593354794338	0.606479876865919
-0.602449424650063	0.448271318075652
-0.114397417474736	0.0461317845792404
-0.625165952692346	0.303517921019859
-0.367012159161167	0.106980484577588
1.02118575779327	0.386986467154184
-0.320932770467077	0.14890280535212
-0.539276806409919	0.207127681793212
0.139930142590356	0.0265210820862786
0.669203698295707	0.312886079456326
0.129616110312115	0.0620426743558994
-0.813714676913285	0.450036257810427
0.505451262130689	0.181603766022305
-0.164339324198145	0.0599109386152847
0.336951372798464	0.1688159810196
-0.688591135253186	0.488157703153138
-1.06397132966693	0.865492697688594
-0.237477952696761	0.0778886575961749
-1.70145506298548	0.979749773317014
-0.265318351573278	0.134553024100092
-0.0509825227302705	0.0333880066255088
-0.0732916517175519	0.0324667206705544
-3.09029030460571	0.960832707527767
0.650991162239829	0.206772040177897
-0.234829575212863	0.0770304092976012
0.511447846039878	0.183898335950935
0.14252044784869	0.0812488599024163
1.3441618133616	1.23598391369931
1.03589495829509	1.09586795903906
1.03302323477974	1.09126524710176
0.14658563992258	0.0838846772758408
1.39727427687269	1.74175382134434
0.268381195544502	0.20893806533512
-0.120388268549117	0.0870501782237654
-0.480355186164168	0.45565127243335
1.25371629100524	0.691087358930325
0.9261186787204	0.621589286224737
-0.0947368034834252	0.0587086101619434
-0.999591688239263	1.00481352207802
-0.948589740036912	0.702731861377185
-0.643123124462485	0.156504140249688
0.504073515615579	0.180839213902641
0.2878102253693	0.1853602482218
-0.410209187591653	0.288785332969966
-0.551797521315517	0.469090441479393
-0.878516854523368	0.961559316969743
0.927050635848216	0.906499241754333
-0.170301825681067	0.1381129897173
0.059192959106411	0.0397913499645399
-0.903578763811468	0.849375303321084
-0.465563565953752	0.367589085694483
-1.35114904085916	0.856607854431562
-1.54146761099722	1.77175661534881
0.343436390849316	0.171970707040343
-0.664103477386413	0.396877276663583
1.06565523307007	0.651913962976632
-0.741848012858367	0.258096023054699
-0.644770889342653	0.156875139887313
3.25676960114744	1.10310692759313
0.939107808803008	0.245913360600712
0.933710809861868	0.244826616527384
-1.04504330162185	0.420310634398934
0.13513218051545	0.0515708994954218
1.06425660336797	0.650821178504675
0.458993425442457	0.311018763090719
0.0199023059205278	0.0115131267373657
0.719042963658786	0.696607568295653
0.322571015851211	0.178261457940429
0.166589262716435	0.12316100461082
-0.615512444007978	0.509080670371217
-1.17154236567454	1.03104934854279
-1.11692042706974	0.77449411465634
-0.489171749156165	0.332341086834181
0.26390380403753	0.212611164196046
0.254552992811153	0.196229823421664
-0.212316230346659	0.166197036070483
-0.45639081799136	0.359247191709654
-0.803033128894132	0.769123712208426
-0.0505494445071172	0.02428989125529
0.596578428544096	0.555894311280812
-0.297040155993386	0.189805771446384
0.0240982336641309	0.013867326896728
-0.443705550404188	0.389135841969428
-1.25033627041259	0.957513573996656
-0.512359952516654	0.27232903431051
0.775400345913396	0.461941240341974
-0.119179601913398	0.0479937579676386
-0.116996177784194	0.0471562356616979
-1.34743556514112	0.854076101574073
0.37285669292651	0.167587042469164
-0.0295738630228777	0.0150902383928221
0.427394005527684	0.307484771399375
-0.81332331318328	0.544965832341186
0.767941614456007	0.60290436796519
0.138571025016908	0.0729840452143491
-0.428838813976849	0.246825606171573
-0.0784071203051197	0.034784580300904
-0.263588703942151	0.133713358669305
-0.301307397232165	0.193474018487195
-0.424515811354497	0.243698900283125
0.771030647807629	0.459290892658959
1.43007599683668	0.886651213697463
-0.092250924397601	0.0571936057510414
-0.244975198846527	0.162460011454885
1.37147847014516	1.05366925925432
-1.34670156110127	0.854102846158434
-1.35229239339305	0.859899438808084
-0.50927407102079	0.270830688340003
0.521398703422547	0.300058571133355
-0.59436438833124	0.441355007619507
0.804503833721828	0.338780381862777
1.56767539506458	1.69898255603601
-0.209737705330379	0.114176682285665
0.672145456483834	0.314698451840055
-0.259400372425109	0.131595577211311
-0.483141139055757	0.327046011150817
-0.0868411758361308	0.0384397513268805
-1.85669259493994	1.18104110395043
-0.79809571563025	0.353262454270147
-0.361622063644185	0.105340752849314
0.150004967546857	0.037720852406733
-1.35051389727991	0.858321445519459
-0.264345626631133	0.134482207269924
-0.954147267136012	0.710210875218109
-0.963436188927952	0.593023660946534
-1.8342610889082	0.756597291586424
0.135950500853045	0.0650776112530259
-0.176150453309403	0.101753398140478
-0.816962552596622	0.547016997135493
0.141370077382639	0.0745413567832211
-0.056535054750082	0.0271007048823027
-0.125745487372784	0.07562131357599
-0.708365008221984	0.574619855744562
-1.18917499872805	0.675385979454538
-0.740941800230378	0.257318537190623
-0.750117157055505	0.260345095813128
-1.0475588652018	0.42149621463875
-0.670841320036846	0.401877671134907
0.50688951495116	0.182261063083595
-1.15067412918645	0.352834915266282
0.931565691852841	0.244293555241305
-0.241453949883888	0.0791674426738944
-0.35110558567865	0.214455403359101
1.56629431700841	1.69755481784309
-1.29372102355982	0.59176400453293
0.335019133812588	0.167438875167252
-0.496217713033232	0.427855353145688
-0.134346439616343	0.0808673200668264
-0.789360513665424	0.349747285437635
-2.08562731583897	0.964220789418508
-1.18038457283741	0.668009433065026
-0.6270397976697	0.522697205246106
-1.18847113176606	0.674992323762083
1.51030074806677	1.28613658761089
-0.427626926866766	0.245808801480775
0.132334068168148	0.063354161421338
-0.127279376494828	0.0511950369644519
-0.0994145973900089	0.0619152113054516
0.280696470137493	0.191251370836673
0.129549410691115	0.0680895887247632
-0.808695557388511	0.703857278136896
-0.29337864595095	0.247412465688946
0.623957129636637	0.438598040755501
-0.634853088102568	0.309008180667536
-0.363074920327927	0.105749762822137
0.176674088837662	0.135643007335636
-0.640843124950458	0.581843359630049
0.298158391856957	0.192654398839138
0.658415805909945	0.20861395126512
1.55501737702822	0.775774035017368
0.549176954140472	0.435486375486871
0.298565314121443	0.192960127550219
0.688527831066022	0.449683197851722
0.463427689950821	0.425600118359428
0.156963960804193	0.0961817344922321
0.478097085582399	0.300003356698702
0.156141083163162	0.100849830416532
-0.808093105270362	1.00226669060853
-0.319804830658492	0.265158372382103
-0.697474538622589	0.495747045895962
1.21276535460929	1.18139647062341
-0.554481296956039	0.471533907344221
-0.948439063514634	0.704651681557884
-0.0222527996256082	0.0114530802883579
2.34027363336522	1.17732300328594
-3.47021758744757	1.25549793829818
-0.674054570597252	0.404999895153684
-0.644388443682788	0.157000626677781
-0.238535498919549	0.0782368452146959
0.139373629020068	0.0264474830594518
-0.535921830813524	0.20531687711624
0.586542539662999	0.442617224819591
-0.526094136537897	0.40482181522746
0.144501615448001	0.0880920402438496
-0.102062451340279	0.0635318007318604
0.0518654045763991	0.0333524080102599
-0.522491481028057	0.401586482525716
-0.728441888259034	0.709069815887894
0.429021967064629	0.308323360665114
-0.206340458271761	0.140653070367683
0.495338918629773	0.424977969110075
0.0280136208920677	0.0161275846919082
0.147002557206517	0.0895322839006665
-0.484271580034537	0.460701762019382
-0.600342740873704	0.598134628948008
-0.883544885654597	0.894691417926438
-1.36533021373858	1.39224089155372
-0.356444632616775	0.258640081863937
0.1495404301351	0.0965104494370589
1.05211600993207	1.22520205632827
-0.813554999992809	0.449650984268995
-0.809410419170259	0.444630392166684
-1.75254605598111	1.49495872172508
-0.820155212970797	0.64218153559076
-1.08749932007667	1.16477890396654
-0.625966193544888	0.304092312163021
-0.0531108125486794	0.025463154845695
-2.01423330545774	1.42374937598993
-2.58817701744193	0.677412741892899
-0.64834559013069	0.157812973783057
-1.51227541381265	0.780507768949503
0.623087824218312	0.43772085852629
0.374803647957464	0.168371012276692
-0.164052849140934	0.0597221791440503
-0.626487162667797	0.3048405731411
-1.17590620670335	1.0392289281805
0.00882368039262263	0.00462007109545776
-0.0522220230040525	0.0250731843702365
0.337423728732646	0.169081415528796
-0.328290720757545	0.153037061163128
-0.253159146346514	0.168289974666078
-0.689625565655567	0.489140727661961
-0.084742415234684	0.0375495796433429
0.68320653580633	0.445112031541202
0.582765949884679	0.30342180730096
-0.426220452089257	0.244585848571262
0.00293213675872816	0.00151893240854263
-1.36425449244286	1.14418734683104
-0.292607090348231	0.187045035065132
-0.566065200509358	0.363441922461679
0.127838849073853	0.0672064866550198
0.282811157343879	0.192869859492347
0.773014587973615	0.608169579413435
0.331237709521308	0.165192504372224
-0.0777845216436375	0.0345113515031587
0.522615183239266	0.433416818662905
0.320061309067269	0.176824893512572
0.341546333302384	0.170904718397371
-0.62546181692	0.303728034164568
0.123063516785677	0.0470432213749006
-0.512508891777428	0.272075696100941
-0.644388443682788	0.157000626677781
-0.792966195511931	0.35107336690069
-0.160864592689006	0.0585505223318761
-1.62599915586193	1.26265908667051
0.808735099625213	0.340276908081127
-0.0790440975880961	0.0350671324623352
0.523005296986047	0.300092237351569
-0.998589198774274	1.0045753039034
0.713630545395445	0.592456381122591
-0.788586443294004	0.347525409743964
-0.215898085272763	0.117775936765522
-0.251432371249517	0.166971921716126
-1.25408058522382	0.960408590701002
-3.46584456958788	1.25353297605489
0.148123932113398	0.037298775193441
-0.0828568598885666	0.0367304008638995
-0.261895589968274	0.132973210520244
-1.74268211565143	1.47887710268926
0.150921468814773	0.0379194736694598
0.650444653728205	0.206870989076807
-0.676431466005152	0.407234724661624
-1.24066118678693	0.943734372025738
-0.414602741328753	0.290823694395977
1.80429809838357	0.707492948913978
-0.572232546668764	0.368863859815587
-0.293100385553281	0.187529742368072
-0.211444946223704	0.115115488098298
-0.697763587780619	0.496693040491156
-0.787558915132848	0.34862507972379
1.63668131792415	1.5341947226405
-1.48982934395469	1.04707212459266
0.00876168838179315	0.00458328903657945
0.586769047509631	0.442658683729524
0.169773251499214	0.125412072643665
0.164198081709608	0.116718528454218
-0.210384973800563	0.164791379280525
0.151617754166944	0.0979666867025209
-0.00770685066566767	0.00400930516543422
-0.248029698174943	0.164727094607597
0.669203698295707	0.312886079456326
-0.979469712409055	0.60993225133569
-0.0199500397132367	0.0102982882266228
0.265687001984487	0.214018720911408
-0.69618668958056	0.494678749707443
0.805769324127157	0.339679478238357
-1.29260010942573	0.590704652352426
0.150482956856502	0.0919370200157389
-0.203692523964617	0.110758962461399
-0.408311342635767	0.364344684601148
0.604391196341641	0.565731309515002
0.0641235392595058	0.0447694832778568
0.0617332297032376	0.041541266483124
0.574129898279933	0.552202371450845
-0.799496836546232	0.880840005567391
-1.15469698237275	1.30326692736373
0.2661783467205	0.206917608213077
0.25864021005008	0.207462437303331
-1.28252436551254	1.41565339306396
-1.86405972340628	1.19175324919695
-0.63127269362914	0.307180413649044
-0.0794119766546149	0.0351331955664112
-0.233689169788626	0.076674255613353
-0.644006342900786	0.156718049862583
0.142469531863295	0.0268725113483955
-2.00262653601627	1.41066930124876
-0.157676759553765	0.0573124282500179
-3.4697465656871	1.25533488138392
-0.741276499011426	0.25781621104378
-0.082407761567572	0.0364893697563982
-0.647852271039411	0.15768507802046
1.44017683745973	0.479001218015642
0.501159625117065	0.17975893418337
1.54811999734119	0.769713301321377
1.01881061691072	0.386619941894425
1.43554514923892	0.477898562880183
1.95135265955319	0.45428366780025
-0.367917894368281	0.107101339671787
0.138699758667585	0.0263265295910935
0.129927317712827	0.0622759845878981
0.17084138403706	0.12657391513577
-0.211087476055107	0.14394119469188
0.0853048199648123	0.0621699316578269
-0.320948716699091	0.265460450973364
-0.300404719836684	0.1927665043823
-1.88740825384933	2.71927594534806
0.0485271704257227	0.0312079721318183
1.26141474147391	0.695793507451557
-0.622561014203383	0.517743096945177
0.363379589869076	0.318213721453346
0.028755753720839	0.0176305887000209
-0.522272446414537	0.400176743059898
-0.602782365545516	0.4492172948021
0.383897125225254	0.301279128822472
-0.642399731226798	0.584042119062067
-0.80987113917288	0.709729227898974
0.123003504610651	0.0587802644431533
-2.66007486882004	1.65773245222939
-0.625165952692346	0.303517921019859
-0.359911076994201	0.104872867536805
0.140184451576725	0.0265585662587612
-1.69720730503155	0.975333759899732
-1.17386062899211	1.03489617456656
0.127806161251577	0.0548121006177644
1.45828728283077	1.45990890448741
-0.0326027729336156	0.0165814039477487
-1.17454634194526	1.0401416778532
-2.13279115591691	1.64536525535673
-2.0041388132742	1.4131593127944
-0.260169544973373	0.132122181853816
0.484622126236681	0.3046424139379
-0.711762297564622	0.575674584338036
-0.521099246602354	0.399349931483996
-0.209016987904292	0.113928143664068
0.44953190545404	0.303223692565868
0.272472131799112	0.212293260444366
-0.0267025766532745	0.013664210173959
0.296055361610045	0.190693921218929
1.02060878637423	0.387301323550052
0.376161795930662	0.169144742488819
0.137173310550827	0.0781626791918635
0.26404676704082	0.212653827571036
0.125653996666177	0.060078285479224
0.157125586910395	0.101721768656916
0.124541313767228	0.0595944441759547
-0.267169409826541	0.135795476473849
0.159374978329593	0.0975667391906033
-0.17915654117472	0.103420393931061
-0.699705824385605	0.49875738416029
-0.214744587238609	0.117297007068267
0.126611907931373	0.0483937912962149
-0.796486970484447	0.352949680519547
-0.818319324167769	0.548764024404998
-0.515845415223481	0.274922047301599
-0.207846743242016	0.113255404551898
-0.511688134628304	0.272694362663271
1.06406959060774	0.650815518251999
-0.25278459207587	0.127713624420122
-0.243884855896715	0.161404441939953
-0.0344674281198229	0.0231097268812865
0.0254557760432249	0.0146758724965138
0.379970747988459	0.409943895945676
0.390186930530771	0.307627891434341
0.0605740443604966	0.0407420752681755
0.0729933697440657	0.0528949553870286
-0.415324288347835	0.292101278661712
-1.84453084161496	0.761059866992795
-0.332069786319387	0.15421843544081
-0.359553886174953	0.293050058132205
0.419200218812601	0.168055127032852
-0.362710949837822	0.10577213020672
-0.538714119684408	0.206903909568311
0.0153086145128726	0.00891515697002591
-0.246299381311088	0.163413939329262
-0.104721567616707	0.0774583009618698
-0.624661830631615	0.303154266509194
-0.371941952292043	0.336008085788665
0.0229208372828044	0.0131887095358376
-0.0515838278660497	0.0338075329599739
0.159455029417606	0.0976221046007485
-0.625757758019945	0.303604442542415
0.128967983450184	0.061639141336212
0.299028763030941	0.193196375974511
-0.321935517712466	0.266604307761162
-0.264784113998546	0.199849248223201
0.487726173215817	0.435802918415709
-0.0953802761346349	0.0720224867621888
0.161458972635476	0.123005593587097
-0.0554132499756746	0.0428047309195765
-0.203589455541843	0.159097986600281
1.05831246738061	0.645423482325442
-0.00228271855463407	0.00120460356268598
0.442682537666005	0.297849742217735
-0.664523642262617	0.699009854248836
-0.145313219246683	0.103566619799088
0.133819165620387	0.0510753044937369
-0.119502036025581	0.0482059612807356
-0.239667823881339	0.185157372871371
-0.308293932746951	0.22889381261536
-0.996125980311203	1.0004904333498
0.485046119086525	0.43302272302222
0.270104004391043	0.218411226220059
-1.24051385164047	1.88536996113309
-0.0388707829500671	0.0260471742277939
0.256381156494236	0.219734038522698
-1.20810495970723	1.26717478262449
-0.00343087373034924	0.00245436003678689
0.461254929356522	0.423591957537785
-0.166288855629821	0.0956191966794987
-0.167813942506289	0.0968920890654497
-0.178685257431729	0.103181636621764
0.321232979373801	0.177776727684391
-1.15300618747366	0.353816991053109
0.146831091835794	0.0369592007582587
3.25586177376341	1.1013084673078
-1.28994819211541	0.588720908127976
-0.631876832906864	0.307130924818037
-0.741848012858367	0.258096023054699
0.125438755776582	0.0539125712291976
-0.944712150997333	0.699091537347029
-1.06612601817064	0.868027114800992
-0.741514061952099	0.257437556377308
-0.16698064175195	0.0608045830755468
0.650444653728205	0.206870989076807
0.932829613639135	0.244963311679429
-0.510945868958804	0.271378872046795
-1.15300618747366	0.353816991053109
0.416767136029826	0.166963950578058
0.135306930014822	0.0711311441809313
-0.358525105376975	0.260105753372191
0.277277975116855	0.208228112664764
-0.572578179391283	0.527414127473656
-0.823122568231876	0.64500238459086
-0.116767888250112	0.084438175676251
-0.807565643000345	0.773852509881113
-0.532557783479014	0.577459044857285
-0.304566564582856	0.225474052761538
-0.709248004469249	0.575490369973014
0.378611207632193	0.309561721806806
-1.17620928592868	1.0412242472189
-0.976001205576416	0.60728158902882
-0.623484586687404	0.302800553007253
-2.64950070667577	1.6457575069618
-1.29837222296327	0.592813688097769
-0.163247474500049	0.0595011381973
-0.973318246956054	0.603583760377952
-0.747630638147624	0.259859955972283
-0.978202950306693	0.608834505431483
-1.0392274109635	0.417783469942854
-0.627284383604873	0.305293930755849
-0.81302253073973	0.635792152602218
0.304528056731781	0.182848291269071
-0.522204998102257	0.401376538256965
0.129527825842185	0.0620239939525968
0.933487878417995	0.916054784513692
0.480149909926637	0.301071841442375
-0.0447023769557178	0.0215607395935662
1.3728624371439	1.05140022837522
0.288501279041778	0.185512034448754
-0.818341144963172	0.639222996833413
-0.675328720416174	0.406177812408653
-0.711240069305998	0.577780591550375
-0.118709338694451	0.0478788515921534
-0.966747141253851	0.59859049712086
-0.506613482963611	0.268693922285469
0.823087487571756	0.744227860027249
0.670780204362144	0.313732636016028
-0.355047106809453	0.216951703003086
0.337565419310773	0.16870015582955
0.768468892705089	0.457572730208444
-0.294579696504596	0.18888367341596
0.767632166969918	0.456201377318305
-1.50189456800915	1.06010611741294
0.459606272227141	0.311819315647507
0.147251493986776	0.0900137992493949
0.38092355637333	0.171206719978089
-0.822628533289843	0.55323728614414
0.338039337726491	0.168997178696222
-0.710614709017781	0.575457444523552
-0.810747092493628	0.710694043210027
-0.175913700711765	0.0639260098913201
-0.542420081502456	0.208092716001128
1.39662251699579	1.74383803436282
0.766607035205991	0.600977352457941
0.259624843079486	0.200919927433152
-0.147779563865592	0.10542144251268
-0.720282251485974	0.645177627919637
-0.241953032244208	0.159927538400622
-0.00101466000580546	0.00066956254570601
-0.360620472761478	0.323287640384204
0.264346362212029	0.220521376462507
1.00592936491505	1.28625147004022
-0.74297523470418	0.831123684149951
-0.199904970970106	0.177268529365177
-0.0963279750705338	0.059892616467721
0.131870569010978	0.0446938595709682
-0.180289674997009	0.0654618536539103
0.140184451576725	0.0265585662587612
0.42430720660185	0.304216264547077
0.470459226592928	0.506455997983599
-0.485644915546286	0.417071314316535
-0.539551348887912	0.206952502569875
-0.604468221725257	0.45048934426502
-0.436866389902656	0.418304590499755
-0.950440909761239	0.70737708582089
-0.892617081525274	0.911112286097516
-0.294579696504596	0.18888367341596
-0.800943386799428	0.765361526457752
-1.70303220910876	0.977388370561537
-1.24645293620001	0.950343240679811
-0.305591832548923	0.226001862679072
-0.997334855426098	1.00318352187073
0.282347841968653	0.192576954383792
-0.481476548938873	0.325514412701588
0.0572172711364347	0.0368009253781684
-0.162234649467693	0.0933616053083087
-0.0596256065691283	0.0391326873122498
-0.954278386801238	1.10446424117684
0.141240119988702	0.0807195126366614
0.146269337662766	0.0893272953912098
0.260192258811385	0.216428666424348
-0.817242595344458	1.07423277588916
-0.104710672238511	0.0774413805387257
-0.699056761887594	0.498866195667108
-0.422092422370994	0.242362397626299
-0.110157265380787	0.0816340440942513
-1.43555988440561	1.96589452138092
-0.599123840644667	0.597403659298218
0.385030843060565	0.316005058641005
-0.442516815573377	0.387621975374396
0.516308640391862	0.426374440438362
-0.190045972464768	0.15160745931456
-0.966958711403666	1.03850370347717
0.00124898578728355	0.000638852391923645
-0.597966949950951	0.445112129244732
-0.236707847587329	0.182404982367036
-0.14182120200846	0.100680730589101
-0.124741148327821	0.0748583105627191
-0.57394575517597	0.370488862890823
1.43973986105876	0.479489791047764
-1.35084351237982	0.858327649434974
-4.22566924723604	2.01819924476989
-0.533831330797145	0.204533083800296
-0.214360953896561	0.117004145856733
0.28765461273246	0.171103514405757
2.09581547295033	0.939333405111585
-0.294377962227754	0.188352247245162
0.554687593491372	0.440452463313443
-0.534119830392118	0.204770125602286
-1.35325875726747	0.859551285457392
0.364006363537292	0.162905988811598
1.55234099320278	0.77224776836491
-1.18817562927273	0.673461919206207
-0.627284383604873	0.305293930755849
0.51408721869374	0.185096174251148
0.80661030139522	0.340174283092776
-0.637338906232757	0.309505583559723
-0.808372270704459	0.445491292448147
-1.83909918131213	0.759394746718806
-0.927292849490874	0.789504093573097
0.666484656207024	0.579249187644516
0.460433089972935	0.42199170518778
-1.02697183842683	0.940630371276232
-0.561956279398411	0.360017384807935
-0.358951976408399	0.260712286296548
-0.48297953014035	0.327878714276818
-0.508196970668714	0.270133936187846
-0.293506021224552	0.187775216954666
-1.10982086294961	0.763457974914917
-0.816203301211474	0.546620696133472
-0.631064140132954	0.307206484600334
-0.413371815816025	0.291002301042417
-0.566953978588688	0.365510382293319
-0.0798129571783811	0.0354107498594358
-0.169835937641051	0.118189607887358
-0.678776454528456	0.719664055504723
-0.116537047552098	0.0469735509652192
-0.418044110583143	0.176914284742955
-0.809665519689178	0.446612988994613
-0.709924257461331	0.574106894853692
0.449980172340498	0.303636693295534
-0.706747743727968	0.570871219720874
1.96231851563345	2.32204344584923
-0.69507569952269	0.493332165389549
1.95312155882917	2.3046168110956
0.589822679115169	0.44520357558984
1.5940880752772	1.10883068989258
-0.0281744782336096	0.0143994293473312
0.42802088006778	0.30690860851478
-1.85781022212161	1.18273867792908
-0.115696238437404	0.0466631346161035
0.123367779868857	0.0589792205189916
-0.625795901601836	0.302928891235519
-0.361622063644185	0.105340752849314
0.480896571426451	0.302573886639475
1.25424613030137	0.691543070982657
-1.74370716632449	1.48445743938416
-0.738629090206008	0.25643862371353
-0.510573038720783	0.271523601796865
-0.747205042395714	0.259333196173835
0.583253175817435	0.303635376955792
-1.35421618840667	0.859283319220339
1.93982310712847	1.2139912270352
-0.564591322606866	0.362505485724221
-0.512950289642425	0.273372069632629
-0.215192004171136	0.117630377834109
-0.275576865819873	0.255246566495531
-0.0342535623342347	0.0229448743786994
0.908190205681201	1.01806475820752
-0.0867617548771568	0.0383302781147446
-0.149467397549976	0.106459801612493
-1.24741179550789	0.955255124712687
-0.0777827446629412	0.0497959312979821
-0.349643300945653	0.213107905869179
0.0850586487176875	0.0639622000328342
-0.128167830830266	0.0933557048806434
0.580425398918336	0.435757950071919
0.834238490083426	0.610342092289797
0.452284172936087	0.306198650794141
-0.512480393893973	0.27309171763842
1.11486549329963	1.25136853970078
-0.296682560393127	0.19002281031805
0.029159269409985	0.022791126659756
0.0693251574810608	0.0501308952047665
-0.209437587249539	0.164042935408582
0.46772375382448	0.503296040118524
0.401123201819328	0.405172899469113
0.396633444386069	0.313430844716671
0.320622057220005	0.390740770476476
-0.348303280736811	0.344385480145561
-0.474447611674518	0.44856406368183
-0.967948668796607	1.04754056173591
-0.807409870424487	0.538191563365538
-0.813829968753509	0.713849093794836
-0.947604349640286	0.70478481217058
-0.335469901137776	0.156215133085434
-2.93203462814318	2.18435832425947
2.11806549386309	2.16606519221366
-1.17693927264725	1.04111336988219
1.31732394649098	0.577596717444378
0.335992292917797	0.167787995620869
-0.00616501494278601	0.0032287321469607
-0.631325133368287	0.837145326768778
-0.291042351566095	0.290438683505025
-0.352100462477219	0.214839075536121
0.154419974356917	0.0997000463678663
0.388123712517488	0.30526547078762
-0.248302655580649	0.316995650132885
0.0173116342697295	0.0131524806895103
-0.653545970232581	0.597244648429923
1.101052407346	0.985477392494093
0.131511391151018	0.0628401644990545
-0.671503920206736	0.40370347871096
-1.7415306246607	1.47993341977488
-0.414286829670234	0.175347041504799
1.24330145869724	0.68182628643706
-0.788816222150508	0.349478464433716
-0.08379947197434	0.0371644470058304
-0.412710980914614	0.174294062609208
0.836249290046522	0.61348689437313
-1.11636699071306	1.09674776347321
-0.929333526316981	1.20123495878782
-1.03165159472275	1.52314446015951
-0.125303914856627	0.0934585435462348
-0.154252713545099	0.110338951012477
0.426305984524001	0.306471339820278
0.451854481923571	0.30585905658916
0.522288362939031	0.299035475888887
-0.419520244234148	0.296443549649539
-0.12622779591874	0.0759260881515403
-0.812893197225152	0.713896470904301
-1.37323468282793	1.15321742460499
-0.117105359399812	0.0700330159032493
-1.91541934918986	2.36058250226474
-0.0914485111984112	0.0689204520724673
-0.0053341083848217	0.0027780027387765
0.590885162228454	0.445490598661964
-0.531002813501212	0.49885387088056
-0.0726173017277607	0.0464493840370925
-2.07222466500981	2.81766678939812
-0.2834450208835	0.237687299751992
-0.0376803674456353	0.0252625654501597
-0.344834108575636	0.3621409147227
0.480747628608886	0.587952458097892
0.0803954818738356	0.0564465131433961
0.174039640915818	0.137900014530338
-0.809014015631965	0.896644857123609
-0.553931454649474	0.558278820669903
-1.49322796079612	2.12785496659066
0.127695954893036	0.0609866611199307
-0.333372300116353	0.15549695719915
-0.647852271039411	0.15768507802046
-0.967735722303486	0.600126298162333
-0.328679558688356	0.152835350935582
-0.891789858722068	0.911714592726612
-0.856443039311347	1.22032577415132
-0.415188670586607	0.292505915288949
-0.26183794919027	0.132625128614853
-0.933287993680489	1.13865677897368
-0.0913004397041759	0.0566711973872104
-0.884590500684201	1.03412647744858
-0.364755325306542	0.298841926916682
-0.809685370082479	0.707980449742307
-0.214773411822515	0.117450548223801
0.344106715510026	0.17245670996245
-0.261944832063451	0.13290694564692
1.23123106387669	0.850059205901264
0.373447427849125	0.304899736999557
-0.115696238437404	0.0466631346161035
-1.15253539705602	0.353154418604941
-0.78918254545158	0.348950710156185
-0.511365346755456	0.272394249548573
0.0255027961119783	0.01466340149248
0.135249930542085	0.0403117237041322
-0.242894765745569	0.0796348330145537
-0.741848012858367	0.258096023054699
-1.80379071234984	0.398266610487963
-1.53273207896643	0.55406409993797
-0.361802623855853	0.105358062763741
1.01970949094797	0.387091911393297
-1.29798623806601	0.594484945125978
2.10286368043863	0.942244458681702
-2.08945711423755	0.967729012291542
-1.29372102355982	0.59176400453293
1.95135265955319	0.45428366780025
0.807725583079554	0.340138610659652
1.80610961993801	0.709606900893752
0.134672383551299	0.0401871605730982
-1.83539757756382	0.75750800966345
-2.08433551908383	0.96418035335272
-0.207742581417144	0.113237977784389
-0.272358559297423	0.251813031465772
-1.62644979519982	1.2629623375029
-1.37125708160177	1.15148651640731
0.166504674681283	0.118470953559759
-1.46062357317926	1.58693376584421
-0.0664315221165461	0.0424178417010958
-1.02627181075508	0.941085054343877
0.279508894865288	0.190400296341886
-0.48142739218283	0.325364757975511
-0.81217736331569	0.710866733311952
-0.34677585926177	0.210899609394178
-0.142113448880437	0.101083781126954
-0.522967491141879	0.402334482160486
-1.23131461796294	1.87221742303077
1.33385973308443	2.04622694189269
-0.212708109993167	0.145329245034016
-0.520606903854398	0.398606651885874
-1.08766460537218	1.58708810367362
-0.875754255698711	1.02321520131644
-0.565280344401482	0.363771991523092
-0.264192984297302	0.13417316082481
0.134384135477397	0.07086677688299
-0.813952134178135	0.450015870122352
-0.166303823066915	0.0957267531752673
-0.00368884255278894	0.00253882052233492
0.346724712141654	0.300618952636627
-0.662022392815595	0.394043725187675
-2.22034302475606	2.64661336080049
-0.35569545800849	0.217721376865391
-0.0501133403053949	0.0240673656910634
0.834127663083214	0.758970485649469
-0.475901642756576	0.321384627611562
1.51449439388946	1.29085789377361
-0.104974262350564	0.0654080883403181
-0.129388927332729	0.0778893460392726
0.590367306114933	0.445315082003312
0.932312539290577	0.628079825328847
0.299299049278004	0.179667480898436
-1.34475666863028	0.850831717263377
0.39852844798585	0.315695708927479
-0.08379947197434	0.0371644470058304
0.769191660916296	0.604311936128514
-0.581517819288522	0.53924476613924
0.301703186388221	0.180674600024822
-0.167267366049274	0.0609436470739813
-0.790655928288034	0.349811250163246
-0.0827248743193607	0.0366231336985067
-0.816287695651942	0.638060997468059
-1.17536307822074	1.04081051959734
-1.30416491301501	0.59603816184704
-1.11811663384182	0.774850641967335
0.583370276537225	0.303050138924345
0.336792162627685	0.16838702524107
-0.422532484269071	0.24258475044636
-0.262292759260692	0.197325655629888
-0.25763480164282	0.171014324841361
1.25854736828994	0.694881226930905
-0.337736335118779	0.15746029883911
1.80556115744	0.709204238553249
-1.15392338036234	0.354212278509058
-0.951299693493885	0.708569218330698
-2.14032982541411	1.65921382261989
0.582753040209349	0.302633083492523
-0.722970273698252	0.649784576304594
0.157919934122323	0.102206761664699
-0.0829882567993139	0.0531389082289947
-1.07647234497665	0.877072995030039
-0.56694346463922	0.365037308342662
-0.330440805894116	0.153513286944582
-0.35845544263212	0.104471490348146
0.33375938658025	0.166820837017448
0.128199680016877	0.0614227746530581
1.38045972424146	1.06293918743416
0.895022847463583	0.776342068403774
-0.516284014805051	0.394821186788457
0.876232504984603	0.469459284497205
-0.0198417579946382	0.0102425410447214
0.118407598937391	0.0508206599120364
0.426921781934108	0.307031877588547
-0.137591759167259	0.0828444875933744
0.371035885938897	0.315321807164649
1.22606350181731	0.845377008358032
-0.297556344776363	0.190696297081701
-0.627492868665149	0.305165440872885
-0.97111055432494	0.602581615270454
-0.236272852446498	0.0773215369892885
-0.326491111277252	0.151972062797545
0.339845272609903	0.170318344639393
0.134796168666489	0.0710671933821288
-0.818788343088583	0.550065134223435
-0.820972296447821	0.551597223192356
-0.672038132367614	0.404074349929437
1.34331015550955	1.23555308375993
0.0578742078790588	0.0389069999312579
-1.45708595581503	1.57858839546653
-0.481636691365021	0.326675934763467
-2.29549244632258	1.17434110763391
-1.12569243340895	0.780275949306271
-0.354363088204908	0.216877282376883
-2.46705508497763	2.43859352374154
1.10021704232131	0.984264761122124
-1.34743556514112	0.854076101574073
0.316626223803755	0.174826084418973
0.129016766819201	0.0553994024226449
-0.42068139610652	0.178138779139834
-2.49065388179129	1.41351608946082
-0.120799851784789	0.0487069127433155
-0.0828804805816946	0.0366843167603586
0.51174254082849	0.184178364192085
0.421218083319536	0.169306142598634
-1.04276979621639	0.418727010408207
-1.53127286779506	0.553105673100975
0.141686950510094	0.0421288595298015
-0.623484586687404	0.302800553007253
-0.234259276164921	0.0768738569502217
-1.83334580943494	0.755859310527549
-0.418569023061657	0.177074896989422
-0.163793329784282	0.0597182116427333
-0.415624292681494	0.175884857317715
-2.08635409087462	0.965683537778705
0.1413598194657	0.0421025960431846
-1.15300618747366	0.353816991053109
-0.41081226088766	0.173851415262344
1.55570743714233	0.77400390128046
-0.643506271279338	0.156786530055825
-4.01930913647645	1.76567841488379
-0.742753785982603	0.258086652205378
-1.04359703690809	0.420463940972424
-2.05007390013458	2.18284207859757
1.3102202788096	1.53530312301905
0.00380234093468011	0.0019752946696617
-0.421334378420013	0.24217166518625
-0.624363843850821	0.51989678417407
0.861548589755732	0.989318004172137
-0.922719683265876	0.783284534007555
-0.799524870718135	0.823908175730341
-0.0573851661363742	0.0376622699438004
-0.354627502258335	0.216615524703011
-0.0920154261987645	0.0693525048703175
-1.07614317363406	1.14990379272881
-0.353862660782414	0.255969055405258
-0.664160432478026	0.655999379600538
1.11102947601505	1.13058641208085
0.315151234118044	0.173651993144452
-0.652580669260172	0.595027952560489
-0.368543586596657	0.332434848130455
-0.41173045802915	0.367360025641348
0.709495452000675	0.587942346271738
-0.50678637960762	0.268945990361325
0.722684556373358	0.699042384920924
0.430336227329787	0.309805099510863
-0.182648347549763	0.145072306523394
-0.92705566041552	0.789601948828184
-0.807229270534061	0.894674156823823
-0.979775834730529	1.06464855347784
-0.608310926845897	0.454278625873318
-0.687489728048264	0.412919981305212
-1.18189036946856	0.669345654257906
0.133719957549112	0.0453066786126365
-0.695601357647644	0.495704568357971
0.480488373417667	0.302387224855508
-1.83391433948043	0.756511402066625
0.128610634263617	0.0614502189717723
-0.000648166053552535	0.000318399599675958
-0.337736335118779	0.15746029883911
-0.0372136338454916	0.0179964846383331
-0.200603632385066	0.136192007035769
0.0411945634877559	0.0251997316018207
-0.0202920847385686	0.0138860169061063
-0.28845468164579	0.184301916258643
0.281977479873402	0.192572749893033
-0.121968457227465	0.0491257814845276
0.669732606178604	0.313086579259695
2.25312128079896	1.7395333971122
-0.121968457227465	0.0491257814845276
-0.967409423098147	0.599983597731185
-0.999109679756036	0.50221030256292
-0.17413754991923	0.121601613860901
-0.15023655278601	0.107076519205717
0.142233248286261	0.0749775229289095
1.42411195245194	1.61607502861096
-1.00123691845556	0.502856258630045
-1.24139422656958	0.946490464269957
-0.171887184042315	0.0991955389268433
0.839027456170114	0.616720617336749
0.760371450569235	0.593454661036387
-2.05473725171517	2.19140501840326
0.41982920073079	0.318603634169378
0.159776544417124	0.108545721056698
0.0567472339535555	0.036453392324496
-2.13582129001781	2.41595919515361
-0.805857661586363	0.444252595919224
-0.425510376205807	0.244945365719067
0.807725583079554	0.340138610659652
-0.425333634438135	0.24407833717264
-0.116780826677166	0.0470180891710656
0.712191795827963	0.591895797493149
1.09672617250003	0.981451655917268
-1.2059673725498	1.26430701094467
-0.805373930000522	0.443879647261899
-0.353073029682724	0.216018623238028
1.08594201003985	0.820066745061337
-0.672849591911936	0.403315533185136
-1.44643322261105	1.78811266437519
-0.71185176776973	0.5769746252552
-1.2936077882284	0.59082946761556
-0.163247474500049	0.0595011381973
-0.539003042837417	0.206891853429863
0.126580946763741	0.0484205414565657
-2.14169151677586	2.42969780465308
-0.820666205821984	0.642946428828536
-0.537315035936971	0.206219810031048
0.325500959841233	0.180120713126991
-0.37955591687106	0.372913905461505
-1.47300294153365	1.33309372018029
-1.19333784671202	1.50740219410917
0.279201247067128	0.200541239366879
-0.616284625218503	0.51095379028893
0.0243158819896161	0.0140179446495308
-0.81084981377351	0.711404117141854
0.679788715324747	0.441631771779239
-0.707854172277185	0.57144863572433
-0.0884320660721941	0.0390699900197767
-0.996862522576704	1.00223665359788
0.123937780396413	0.0530725063906189
-0.809826220144981	0.446245617678367
0.125227952562414	0.053704545454513
-0.0752144514650853	0.0333060247094355
1.43237272946104	0.476285559011928
-0.172391061207443	0.0627462855582972
1.43146504336458	0.888349370461457
0.660870338708907	0.307677250044138
0.50688951495116	0.182261063083595
0.432861473164417	0.174103376127633
-0.165914588337371	0.0604424067058836
0.135805977315208	0.045997318265274
-0.971580474589645	0.602938644015064
-0.78810398399432	0.348831685910165
0.132323532241134	0.0448554349010625
-0.329803919740083	0.15352662064583
0.132888220671258	0.0450543248212034
0.653601146228235	0.207521943701603
-0.231902563698962	0.0759328875160839
-1.5375444255416	0.556007810250909
-1.15392338036234	0.354212278509058
0.932829613639135	0.244963311679429
-0.231902563698962	0.0759328875160839
-0.242025564504491	0.0793476290892232
0.79887233154086	0.336139804071938
-0.54382907098793	0.20875137125439
-0.40707406111588	0.171761381054793
-0.415354340451682	0.175826033861495
-0.626470669551696	0.304366021568912
-0.059768812388652	0.056841523938857
-0.654586554351798	1.09079057599706
-0.343746966229471	0.429125767153669
-0.178592719338512	0.141478284436462
-0.360465515203447	0.262050100588153
-0.817108856387584	0.639004375124211
-0.571506396315348	0.368313940170631
-0.297300936133846	0.190862435839799
-0.011204309868192	0.0102668623445202
-0.173842080912688	0.2155081744409
-0.00692320100935318	0.00573013246137009
0.902818702080375	0.784227424399027
0.837005024504518	0.612758489163776
-1.36404858314535	1.38898001043415
0.130141945444793	0.0621704951878363
-0.805533942766088	0.44332179806541
0.134551053521162	0.0455179755309149
0.127039346781078	0.0546228640259558
0.122586734723362	0.0469091239037621
0.188857328389156	0.215012497153028
-0.323046504635732	0.473373855861551
-0.362191346951576	0.562653685946398
-0.277281941230374	0.295792877181242
-0.653744501084219	0.786291957553907
0.147027868387477	0.0840199535676531
-0.242894765745569	0.0796348330145537
-0.516555109458473	0.275287828553836
-0.538714119684408	0.206903909568311
-0.276460193186651	0.209965458692057
0.0301281396239828	0.0173092572915155
-1.51118867054998	0.779819847007487
0.131664984349896	0.0502503723006595
0.146774179931898	0.0369732700828277
-0.745575630010693	0.259159802580382
-0.751027518459726	0.261129168281002
-0.786469190370634	0.347830565965969
-1.01722467018806	1.49159079805064
-0.574648749751423	0.370247542114242
-0.666057303225882	1.06591577913613
0.524521699550898	0.301637632377493
-0.333858157358928	0.155710811704574
-1.29287893594334	0.590150472890643
-0.362710949837822	0.10577213020672
-0.643506271279338	0.156786530055825
-0.538440187846927	0.206758866526095
-0.506613482963611	0.268693922285469
-1.0430285489592	0.420216988954647
-1.5318146928413	0.553494474919415
-1.30190523483154	0.594740147039289
-0.323318110139127	0.322566143379276
0.119717678693018	0.108773723409203
-0.163834338770094	0.200902617204158
-0.385547679838103	0.480861526967066
-0.673250121958166	0.892557546783489
-0.307766458092033	0.228209850826715
0.390506476963562	0.392003313427338
0.490862413247278	0.589959955974422
-1.5734397262345	1.53734759719915
-0.116996177784194	0.0471562356616979
0.156171108776616	0.101179533168929
-0.0265042645902798	0.0135343974467015
-1.23811620536507	1.47648710073653
0.241699998157602	0.222965463863095
-0.262423502868826	0.262069127652218
0.103534639090581	0.0852681597913077
0.0144061713711683	0.0124860733304314
-0.462536242395771	0.472781086654137
-0.642229027114652	0.585741587980271
-0.809586060393549	0.837757953681814
0.181952381450334	0.21779527294919
0.228534294375968	0.260212492558974
0.0854527392649259	0.0827358895510303
-0.0680876617274827	0.0724043676115939
-0.182296887919433	0.199203950702065
-0.127632425350769	0.0767727367615433
0.661652763314023	0.308039702095604
-1.69425085358479	0.971805944335154
-3.46927590533187	1.25338166490445
-2.08914030548738	0.967642230149142
-0.36125776400353	0.10521302829144
-1.04447463018139	0.420263617366416
-1.5360848806456	0.555230368935604
-0.237176848830075	0.0778020280962772
0.162468301741244	0.105342352384756
-0.667053819330479	0.843686892357204
1.04992797990394	1.98896060072727
-0.197016261760349	0.241120791923908
-0.450457049811359	0.434196304041999
-0.0830106220544108	0.0368355726931633
-0.801432403310562	0.697981923846671
0.0549232247140864	0.0368845277629494
-0.32680957454671	0.152133628782622
0.156880079705179	0.0961054630486736
0.0791996952131079	0.0593436230419489
-0.923303270544682	1.18823275803993
0.233360543855136	0.258194050301398
-0.295697222952895	0.296232775278948
-0.473687129836889	0.691845734456127
-0.155231215309875	0.154609360237243
-0.409095669232295	0.617398394639035
-0.746093304365879	0.881049841956386
-0.351467141091098	0.253630820198919
0.776928159529508	0.734434350875955
0.152012982187513	0.0931078045975163
0.649844875202924	0.206303215221175
0.126611907931373	0.0483937912962149
-0.357954503797591	0.259728406200426
-1.15439361670696	0.354342573020678
-0.643506271279338	0.156786530055825
-1.34394573945735	0.851419822932225
0.139930142590356	0.0265210820862786
0.139930142590356	0.0265210820862786
0.147685616873541	0.0372140815523598
-0.543552235605529	0.208968478049413
0.653242855413462	0.207522075223881
1.43693291937878	0.478412112216202
-0.643506271279338	0.156786530055825
-0.367012159161167	0.106980484577588
1.4406577565604	0.479253975897627
0.139373629020068	0.0264474830594518
-0.362710949837822	0.10577213020672
-0.361622063644185	0.105340752849314
-1.8359662765192	0.757377146649207
0.148598486564552	0.0373599031239063
-0.166720587533231	0.0607503375240969
0.933710809861868	0.244826616527384
-0.241453949883888	0.0791674426738944
-0.643889763897163	0.156661592959279
0.140184451576725	0.0265585662587612
0.147685616873541	0.0372140815523598
0.933710809861868	0.244826616527384
3.25586177376341	1.1013084673078
-0.357909997986639	0.104187393238945
-0.423833680385088	0.244021591434346
-4.01817667966541	1.76873594417854
-0.454807530821843	0.461217945152496
0.0814754007126311	0.0611430435522002
0.0392910930571564	0.0240533153330675
-0.901600144180607	0.843833007549132
-0.947298437341152	0.703381616680874
-0.336837835911186	0.330804786508724
-0.343967903441419	0.31525713054892
1.07558285779415	0.809456529377724
0.136765336793541	0.0654483964477708
0.338039337726491	0.168997178696222
-0.259854860195403	0.131853467817397
0.880778265284383	0.473618441757393
2.37698710915916	2.00749518534814
-1.06577613724377	0.861741921512395
-0.291646206001536	0.186753809195966
0.603671257132913	0.652759793195947
0.0124522931922123	0.0091672795095036
0.825406520029455	1.21387470519669
-0.0393285249638595	0.0307762524244656
0.810462564868242	0.946120127808102
-0.721742163525023	0.64806882003249
-0.819329772586813	0.639513860228662
-1.2864301161529	0.585145904179363
-0.622346025623094	0.517703150492791
-1.24396583759433	0.949895428305116
-0.999633587695849	0.502675021948371
-0.416932295672681	0.176432436193325
-0.416683138160911	0.176658736963844
-0.129663120146195	0.0520555588017999
1.0216909072254	0.38745924007158
-0.821777845952422	0.454173187502284
-0.487570498135963	0.464295514744589
-0.412196546439729	0.290349243734996
-0.168535700512318	0.0614396736428628
-0.787013983945816	0.348297448415918
-0.471229211887957	0.444155819246682
-1.12270528576396	1.35655219037953
-0.377342048993785	0.369929898834517
0.727341115008967	0.709152574065005
-0.484045283872146	0.327578636858464
0.0553817447118089	0.0371916203901097
0.635967259148179	0.576091821667726
-0.176679703521155	0.123499381508018
-0.479928572594589	0.324687316860955
-0.964288264308419	1.04111012304989
-0.526785485141453	0.406048250812098
0.421596980765848	0.406024782457275
-0.303992305629985	0.224836179041559
-0.237689640884363	0.183347084378104
0.472039069463058	0.41877418254701
-0.330684030541418	0.300485706528777
0.295138127674323	0.202372265323146
0.76517099770109	0.598894464236743
-0.969173873619462	1.04920295026552
-0.100307704166515	0.074022268051089
-0.135106356456225	0.112488509004883
-0.0531502709068541	0.0347931337045673
-0.313177987650456	0.289658765673225
-0.201001589428836	0.17839891128863
-0.0489421939524115	0.0235328489180055
-1.68981830839233	2.13974485380165
-3.47021758744757	1.25549793829818
-1.52845204149787	0.551521368985269
-1.15253539705602	0.353154418604941
-0.643123124462485	0.156504140249688
-1.57486807268728	1.54341280005307
-0.207340396134804	0.141341343707524
-0.800916009156261	0.765002910018105
-0.8067123777509	1.0029405855387
0.0627704736845836	0.0438370967609688
-0.508345450515299	0.269969273126107
-0.12922574866538	0.0777567419969072
-0.12957251016515	0.0778218779748003
-0.59721226687299	0.443611038462989
-1.06765891076199	0.868735868232631
0.369189224806189	0.312299269928424
0.346118641709428	0.311238800548507
-0.878648280238873	0.960887280498097
-0.578636436889206	0.535128209436609
-0.326368090579081	0.346809450191531
0.0253952580803904	0.0155634840570756
-0.109910341677717	0.0684929400757397
0.691617380149962	0.695377217292677
-0.675593640657999	0.71543584852388
0.149077192814793	0.0909085654947628
0.315543895019859	0.173861929814001
0.433509804990624	0.311875068832836
-0.50466633149586	0.267131357572392
1.31962651355507	0.579182253156176
0.140210488911627	0.0417260592948838
-0.17064668295159	0.0984519660026756
-1.15347733768864	0.353947479713194
0.933710809861868	0.244826616527384
0.517582841363913	0.186137922585082
-4.01648026650813	1.76413205646503
3.25490159683282	1.09988604599349
3.25219401652934	1.09882975306147
0.669151543748022	0.313192415379282
-0.543823047707367	0.208731068675775
-1.15392338036234	0.354212278509058
2.33820696694681	1.17549427117663
0.150921468814773	0.0379194736694598
-0.359911076994201	0.104872867536805
0.127525235694214	0.0548105218379527
-0.363255768460324	0.105782299807354
-1.15803450000539	0.355059130854004
-0.596855845930537	0.444105161432925
-1.36681399342663	1.39108647633447
2.09965356992634	1.45954246316732
-0.167814284601087	0.0611122958404124
-1.18568502707154	0.673236912976742
-0.553868000438013	0.77481692397746
-0.577360427448121	0.702696132252199
0.00788755433534145	0.00585110991289326
-0.554083769008602	0.708666851014333
-0.57309135325356	0.369731885444551
-1.00603941475763	0.506000097131875
-0.428319121918867	0.470514813870375
-0.60413182224292	0.908450377710247
0.63627775374711	0.822414865954403
0.524625905915986	0.301896493624039
0.506024897221242	0.182012241745483
-1.18518562190076	0.671777571048883
0.765591317344616	0.454650803598253
-1.70041190436572	0.978172041952356
1.94699385152922	1.21954915073352
0.584137801647847	0.303971114344916
1.75075322687426	1.35982876131577
-0.534708085403058	0.649531478078741
-0.618335614979609	0.968258859506484
-0.11006978316399	0.124472787091644
0.0338684066263051	0.0264801630811492
0.890549355806838	0.769622699527326
-2.13986286322059	1.65938074459529
-0.626766920440267	0.304444801690903
-0.66424726841062	0.963857796873824
-0.378585786569711	0.37061773002775
-1.17143339395164	1.03180495087243
-0.424890334469479	0.243736921598894
-0.296900824955487	0.297493568621496
-2.13812486693406	1.6611462888634
0.12834428976939	0.0434959958618692
-0.648735146604395	0.157899750679971
-0.237176848830075	0.0778020280962772
-1.18219148092132	0.668744163947416
-0.495421124021802	0.427576041401619
-0.286532398129841	0.240887151789285
-0.218446055808219	0.11928830415993
-0.534801701416111	0.204575075952591
0.124739677514431	0.0534855834590382
-0.624661830631615	0.303154266509194
-1.15253539705602	0.353154418604941
-0.363074920327927	0.105749762822137
-0.124627515597518	0.0905617194732505
-0.0580700648146667	0.0511951545217657
0.491323360360478	0.64056295273883
-0.313261208024329	0.354476040723165
-1.14906424044528	1.52948261793462
-0.360290951149441	0.220643789404975
-0.266905080551563	0.201524032474641
-0.329830102537882	0.299563864088405
-0.0492288950773343	0.0236502830717296
-0.411404629282041	0.289714068612621
0.895244724128095	0.775005744115533
-1.35292825843199	0.857646753108121
0.854189724161285	0.976045943811461
-0.24536822386148	0.233623588401713
-0.458278807868144	0.501465490320842
0.824851668332774	0.864217884374615
0.622284848810167	0.817762537200004
-1.11577294295166	1.09234097311099
0.140156020400218	0.0797515267087859
0.426347521946148	0.305543629547598
-0.29539147437465	0.295819149768274
0.359854688807937	0.39238135154755
-0.517879142221265	0.681270275353798
-0.208181343330732	0.216046409866906
-0.387319345497493	0.459428156126973
-0.260761549017957	0.173601596586163
-0.819658966122755	0.549696884205384
0.140458165206262	0.0418615852654621
-1.15392338036234	0.354212278509058
-3.08991345953591	0.960747174631736
0.13912027261828	0.0264101516649031
-0.643123124462485	0.156504140249688
0.146737983479964	0.0369987654124611
-0.363074920327927	0.105749762822137
0.584265660283402	0.303918165395246
-0.989653517693415	1.33868597631085
0.0224012730460787	0.0174862728896598
0.354005971149547	0.401834287953145
-0.242297263118082	0.187092047229336
-0.332658212669573	0.155084371369199
-0.0415861847601279	0.0199953147175534
0.290072750955388	0.198845913222581
-0.640164375989587	0.310544233577736
-0.566113016382408	0.364492405863354
-0.0812803417194255	0.0360581929458078
1.12263657029417	1.26652585644009
-0.681707313649072	0.765980386108408
0.239234570859953	0.208694507655479
-0.150079322366642	0.14915444514532
-0.373447756245715	0.391570549578417
0.367140209421306	0.382531046205457
-0.234769998467923	0.256166855923552
-0.768148247887568	1.01447460689091
-0.331276198044971	0.154343404199691
0.0461286456290624	0.0296525330902824
0.023389846843034	0.0134403448644159
-0.745246297326046	0.258886832464192
2.74617618045436	0.774720201883077
-0.625966193544888	0.304092312163021
-1.85881405681677	1.18261032585597
-0.643506271279338	0.156786530055825
-2.58453548475525	0.676764203908389
-0.64477214166203	0.156983480169134
-0.64834559013069	0.157812973783057
-0.359365673988087	0.104727737543846
-3.09408861819707	0.962829753125291
-0.643506271279338	0.156786530055825
3.62559622686951	1.43343777832231
0.139930142590356	0.0265210820862786
-1.80368476738292	0.398254084963023
-0.234259276164921	0.0768738569502217
0.147685616873541	0.0372140815523598
-0.644388443682788	0.157000626677781
-1.80368476738292	0.398254084963023
-2.58453548475525	0.676764203908389
1.95135265955319	0.45428366780025
-1.04124180825515	0.418513150870408
-1.15253539705602	0.353154418604941
-1.15300618747366	0.353816991053109
-0.415354340451682	0.175826033861495
-0.788370303416665	0.349083376814077
-0.416406198179431	0.176293113457099
-0.00182708316878408	0.00168223514481049
-0.727227637063564	0.707952852797498
-0.436824996086618	0.418562778726781
-0.82134481431231	0.791503947934527
-0.563221593832944	0.724516476099688
-0.506979194085736	0.678666801715577
-0.213176432707299	0.145675441298828
-0.675782184048766	0.406440799141726
-0.298367776466473	0.191352259602545
-0.679428004408261	0.408863147025179
-1.50619967584359	0.774272712546176
0.840685970110161	0.617005597698559
-1.69665590379912	0.973688774749482
0.424246882699315	0.304252649121628
-1.69368073749555	0.973091279262834
-0.376188300127697	0.340720918322532
0.45631975569416	0.485225780763706
-0.28675944985097	0.329923967089483
-0.226330264831095	0.212307373332748
-0.811070095623984	0.7097032034802
-0.401892058232378	0.322495226427939
-2.14460623632175	2.43460317935981
-0.105920528666092	0.0900519108696214
-0.592837593124005	0.757166962199121
1.05294608180419	1.22560371762295
-0.626558460159754	0.303573209509065
-0.0498805803413678	0.0326730272594126
-1.3723251594435	1.97500168846842
-1.15345350292765	0.353548980162923
0.426763417978963	0.171717622830452
3.9240314702215	1.72721837440263
0.665153408288485	0.575585201389067
0.00110803714972084	0.000601225479607242
-1.04272005949682	0.419280018630572
0.136647163468063	0.0462674600791703
-0.539551348887912	0.206952502569875
-0.232817046683503	0.076320654332776
-0.633649685123108	0.529141404927431
-0.419630490333242	0.177957182429578
-0.532995646687439	0.203967396031416
-1.80368476738292	0.398254084963023
-0.0548188820334639	0.0263181355606882
-1.15392338036234	0.354212278509058
-0.544386763003421	0.209013480388639
-0.797978538641526	0.878355580020037
-0.0313865260418076	0.0253107768289817
-0.615438724975523	0.653105300984822
-0.560638447065551	0.477834427126686
0.0478601228782521	0.0292470415810183
-1.20345526638006	1.25987115580612
-0.736780917390782	0.820432997611486
0.627539549942349	0.56529129769795
-0.669560756830165	0.40159438682992
-0.604534041072334	0.450770788661302
-1.18488368785661	0.671371776212111
-0.248842997100287	0.165281749793551
-0.993543001128513	1.34522315484598
-0.0845612779997718	0.0634955951695635
0.228868871109055	0.21962760513009
-1.61416508075013	1.9461331082255
0.142938843228348	0.0817015373596374
-0.165846867702842	0.0954349666668711
-0.21134179082499	0.115195419521853
0.168891125534805	0.137619122720953
0.168947237509478	0.133652626832388
-0.176045517621052	0.139233639487933
-0.286714802713662	0.267858299004361
-0.646491478582721	0.738257856718528
-0.417906496317675	0.239497825457789
0.130350616233331	0.0498203134879727
0.65469668159777	0.207920986734369
-1.1833751935365	0.670032176004978
-2.09157844419881	0.966425877879633
-0.368465304895136	0.107151020414935
-0.112725163918855	0.0454339502474393
0.150004967546857	0.037720852406733
-0.367917894368281	0.107101339671787
-1.04390615555555	0.420016956092299
-0.361802623855853	0.105358062763741
-1.50782946871123	0.774490968758297
-1.45299055156703	1.57688121690853
-0.3120632708351	0.231904772212138
-0.123206737194143	0.0893851964556317
0.457346783843388	0.502475772604912
0.414320948463246	0.313625333154395
0.780606772089742	0.739335283862229
-0.166260196995038	0.0956714276067821
-0.177787613315682	0.124212532596923
-0.217180176706973	0.118696914771803
-0.953715766167121	0.709324086354511
-0.538440187846927	0.206758866526095
-0.210629074615228	0.11509757434306
-0.567812854223586	0.366059594826391
-0.739325607816556	0.824240085528353
-0.145606825098649	0.132363353158435
-1.11792163305715	1.34489050021786
-0.0322466411492946	0.0255927070309951
-0.367036909438191	0.330044531359525
-0.237807830072945	0.183518907645023
-0.0770189383384503	0.0493776790031854
-0.0264370890737849	0.0135180042887158
-0.707388255334927	0.572544782234324
-1.11144567211201	0.767183690223101
-0.547759660466298	0.210426051094333
-0.362166381635235	0.105626912484328
-3.08991345953591	0.960747174631736
0.933710809861868	0.244826616527384
-0.644388443682788	0.157000626677781
0.669203698295707	0.312886079456326
0.146737983479964	0.0369987654124611
0.142761726532005	0.0424383939640617
0.507994482874142	0.182286063003947
-0.371332425761918	0.107991313233765
-1.15253539705602	0.353154418604941
-1.15847376642875	0.355686548405735
-0.362166381635235	0.105626912484328
-0.644388443682788	0.157000626677781
0.146737983479964	0.0369987654124611
-0.233387135509462	0.0765198473617531
0.932444120238111	0.244842742206832
-1.15392338036234	0.354212278509058
-0.24006211015584	0.0785088624097912
-0.751027518459726	0.261129168281002
-0.0854841813569955	0.0656616260849102
-1.0440627882473	0.420113469192121
-0.271798225293416	0.205759648224082
-0.162692375750929	0.0935969321115065
-0.416466624325534	0.293641072553474
-0.412656054429682	0.174681011524449
-0.958686532037355	0.713394158078706
-0.223705720440713	0.122199334656781
-0.271675071757651	0.206068779798058
-0.802426167584187	0.699296628902064
-0.652191176072357	0.596579134145237
-0.415150464556487	0.292812263174687
-0.00320267601401551	0.00167687831328766
-0.177101918995525	0.123837166208702
0.0632933668570769	0.0426122952404803
-0.632685141754604	0.527574350945668
0.0570428657648086	0.0383409146665068
-0.298367776466473	0.191352259602545
-0.399150223747688	0.318751642662908
0.313255960109517	0.172761481405101
-0.888068661280268	0.903521827611202
-0.406430740968384	0.284990534851447
-0.494321244331565	0.427394338863229
-0.642767823954633	0.732637180469781
-0.0460323212801505	0.0367268112394598
0.394768367168422	0.31156344651874
0.284063065014825	0.194197856991342
-0.146810691151223	0.104689345645424
0.301241218455794	0.180613776582112
-0.524323817056518	0.403020391859779
-0.994831356944798	0.498670650218869
-1.24908829108986	0.957648865879811
-0.0815976296118336	0.0361525131558519
-0.566953978588688	0.365510382293319
-1.63116668569297	1.27126416913337
-0.999379585297696	0.502127686463704
-0.630264637780198	0.306854983141789
-0.976936898511675	0.606690833815292
-0.563365343496265	0.36064574726475
-0.821797066051538	0.643053941466744
-0.788370303416665	0.349083376814077
-0.942711083537745	0.69878414220021
-0.968816193182918	0.600571612148408
-0.167554835624773	0.0609262605723192
-1.18967752203259	0.67525063381682
-0.957147906972848	0.711456635035099
-0.717248124874233	0.640869382092372
0.161880309150178	0.110253093227635
-0.264711076726965	0.134623179317158
-1.04067331168611	0.418465554601514
-0.026375727793088	0.0134970589246999
-0.419899605484493	0.295933458440202
-0.169309269748009	0.0615911004931208
-1.07417313571266	1.14644096084271
-1.20865157320906	1.26543717694349
-0.703826018805408	0.501318420884312
-0.641842178438677	0.584373912222688
-0.298436846851689	0.190849263025771
-0.292798972717831	0.186720677089307
0.136571539251672	0.077897759818582
-1.48263770311192	1.3512729355504
-1.57472716883999	1.53874708096357
-0.97295727749244	0.604643734473258
-0.122535249423338	0.0888393456910393
-0.16795811291519	0.0966284551089287
-1.11838618894526	0.775915614450835
-1.25033627041259	0.957513573996656
-0.599261352685082	0.445480261653575
-1.49171643786569	1.051124760994
-0.722592574740842	0.649289392647145
-0.0796638717767028	0.0353385202788546
-0.413491293569074	0.174736744287676
-0.809427565082717	0.447366972870512
-0.541858189636432	0.207923122154612
-0.159516380937532	0.0580983230362789
-1.5375444255416	0.556007810250909
-0.508518334792099	0.270216667097813
1.81301779466331	0.710698605412095
-1.15847376642875	0.355686548405735
-0.62546181692	0.303728034164568
0.376384113127572	0.169188919067443
-0.973174896500504	0.602854725854959
1.51811982392716	1.29766761962975
0.869587081536707	0.884278435954838
-0.924119355931405	0.786162588424482
0.344456268320813	0.309159557100702
-0.0399175190990491	0.0267414302080161
-1.11333440768202	0.768746765296414
-0.522443080824815	0.401648222148111
-1.36570676735017	1.59609885015924
-0.466346657206115	0.36872648340706
-0.873423714339409	1.01826509950732
-0.460033697620255	0.362412916936822
-0.170804717507248	0.098681088851075
-0.143757264537126	0.102250090350746
-0.120006383191874	0.0484050147154472
-0.35900113863639	0.104616647983879
0.130238282667823	0.068578061002799
-0.253600997946957	0.128150935691815
-0.311759971101387	0.231908737398101
0.152695780183364	0.0986673891519258
0.289193686210707	0.197883269191516
-0.407995450051241	0.32793255521386
-1.53219054338251	0.553674997524989
-0.738055403900028	0.256318943131305
-0.236305907551276	0.0774158597277084
0.119380905546135	0.0511693571301701
1.02259212061632	0.388312776500153
0.803676101253231	0.338560822354516
-0.644770889342653	0.156875139887313
0.432861473164417	0.174103376127633
0.150921468814773	0.0379194736694598
-0.647461655721112	0.157598110120326
-0.644388443682788	0.157000626677781
-2.58453548475525	0.676764203908389
-1.15300618747366	0.353816991053109
0.139884098064408	0.0416988824150201
-0.967409423098147	0.599983597731185
-1.04010501166836	0.418219287530912
-0.538440187846927	0.206758866526095
-0.672409081991926	0.404576207038461
-0.522933612758481	0.563748861509689
-1.04878404141049	1.48217966839884
-0.239402602456856	0.207360350071961
-0.295414973296816	0.188915240376941
0.152922063244518	0.0989460130577872
0.479313334609998	0.30037400040306
-0.407995450051241	0.32793255521386
0.132481617220737	0.0567829666323983
0.671124020233682	0.583078529952509
1.37171138070945	1.05283987405537
0.125815709500562	0.0602475026853546
-0.199853473231271	0.177076117603459
-1.1771017139296	1.72042643637476
-0.255413404457438	0.27791159111004
0.431570849802663	0.490145800089188
-0.378322704873739	0.342713878131137
-0.325778164949236	0.270904298546326
0.149056359744352	0.0960539047852425
-0.115972723933482	0.107028531788029
-0.298817555588279	0.300382671426261
-0.812670820700144	0.781669304270947
-0.0457353693915958	0.0219150681960649
0.272778263560701	0.204370114401706
-0.440060217435982	0.457339105824292
-0.966591177799195	1.04471089730745
-0.282676708228525	0.236736971509917
0.158860426053688	0.107867309254498
-4.85509973306614	3.1659919370889
-1.04873903928095	0.422350290876866
-0.723765498273177	0.6489648159292
-0.921435150173634	0.782779911829642
-0.562753318924973	0.678001654557384
-0.0194924138682647	0.0135153385915662
-0.678706747650327	0.407474194983065
-0.165109455645254	0.0600791443256458
-0.120669392591207	0.0485336187421596
-1.03953690806935	0.417771635817701
0.425158099758077	0.170968360882111
-0.0884231390399816	0.0391050026619567
-0.419925247302307	0.177942559842652
-0.281258198357805	0.261730834118087
-0.601111910605753	0.446814592409002
-0.646780987685471	0.59136768522857
-0.28430048806319	0.305229327622723
-0.0960239762327244	0.0596586531280215
-0.0992768010322967	0.061789793008897
-0.900845236640022	0.845129356813635
-0.0370513246359469	0.0248429653110778
-0.278775621051979	0.21206222991584
-0.130503977260139	0.0785288793671643
-0.296456448723861	0.190160202458386
0.826013539950574	0.749377941462232
0.000379968547618352	0.000184177925952253
0.288798237771478	0.197543882591326
0.259521667382841	0.200943203183497
-0.973536151627568	1.05673328521382
0.171767705201234	0.127053268911552
-0.748192522117051	0.83823215235431
-0.149365420546747	0.106373041350327
0.399787210517374	0.300126819452259
0.166000652170378	0.126939112836188
-0.0887628773720278	0.0668114796901732
-0.168299581876968	0.14921591387303
-0.31906223819776	0.264396045595881
-0.309275877465891	0.285470730478116
-1.28892538240965	1.43298061080951
-0.234561901877787	0.0768788971748607
-0.367917894368281	0.107101339671787
-0.170366108403779	0.0620020216160097
-1.8342610889082	0.756597291586424
-1.50325714123151	0.772634118505595
-0.739537230825823	0.256790305287863
-0.741611944171996	0.257255485732723
-0.877149836589072	0.958808522913521
0.455423227229006	0.416413170525809
-0.306378474765177	0.282087542786477
-0.106018237424398	0.0986872102569122
0.0771942139161706	0.0560501202984188
-0.995063186344842	1.00060692955488
-0.895462407857978	0.915363665285963
0.356548018458561	0.299967879819321
-0.31730210276902	0.262081219598657
-0.211016475560266	0.165691812355218
0.37290675093707	0.167394912335294
-0.292005351213465	0.245836648275569
-1.61504503227114	2.48664068138236
-0.505788592378746	0.51391681769856
-0.157612080376944	0.155049259637698
0.355211253258115	0.309953652503664
0.494594692070341	0.42461325007926
0.279806369462812	0.200903793994684
-0.562092418489405	0.649504498746496
0.875674362878655	0.893620638774999
-0.315521166500776	0.260582246504856
0.136122818654592	0.0715303520005085
-0.337900914676481	0.157545838366693
0.127139358897129	0.0486135320129704
-0.116201193749778	0.0468543671532894
-1.83391433948043	0.756511402066625
1.43554514923892	0.477898562880183
0.512609627498565	0.184247131053675
-0.643889763897163	0.156661592959279
-0.238048417060954	0.0780891030505443
-0.362710949837822	0.10577213020672
0.51408721869374	0.185096174251148
-0.647461655721112	0.157598110120326
-0.508667331676622	0.270377833435923
-0.67632540676425	0.716676512740391
-1.02467965925546	0.940972476895895
-0.600125227986618	0.447407572122959
0.023703881215136	0.0136427957034433
-0.495227105205298	0.428288765232506
0.652236844953015	0.670593846110493
0.0796888216798475	0.0579152776354603
-0.238025860608178	0.183744717429832
-0.715703848244761	0.581393542085108
-0.440864736002095	0.386030126442448
0.237419240693839	0.206424836591248
-0.526993337874762	0.494672957466785
-0.402376352348665	0.322947974694419
0.915599302425028	1.02806663173505
-0.646635560897173	0.590782786942763
0.309148380925378	0.170104290664901
-0.320802432620242	0.265968383660913
-0.0491118171735926	0.038615396283787
-1.04256816153492	1.47037433985573
0.00269463554967031	0.00141487384273036
-0.111094839824459	0.082444694128671
0.0823380245797994	0.0598733870930222
-1.51951063592805	1.96853865496226
0.0409428764711736	0.0250161148436109
-0.208563190411368	0.14202309637396
-0.557028522708331	0.473941375342904
-0.793507528998074	0.351437351531063
-0.715216414774795	0.580875097692165
-0.676152271573837	0.406803771307876
-0.0766800962418046	0.0339843320149693
-1.0441657216201	0.420510686701662
-0.167346621209653	0.0965595345290504
-0.332720040454918	0.154794237929502
-0.301650126520674	0.193480939699392
-0.675154256622762	0.406313356959442
0.0355230951173695	0.0217499584993498
-1.36179450974671	1.13860867055237
0.35561582376857	0.298444304638246
0.670657240723657	0.582457347104165
-1.20711469307239	1.26547295580132
0.765746956942096	0.599443776505626
-1.0562390847811	0.852612654965598
-0.417262109768535	0.176533552473917
-0.332566821175194	0.155089866310951
-0.0812803417194255	0.0360581929458078
1.04891193532195	0.508466890620943
-0.0247536459876845	0.0126799693952438
0.136408406947602	0.0717466290451116
-0.631529630559665	0.527217395203338
-0.803093406893989	0.700402772343119
-2.48650758004249	1.40813424395122
0.341868407701362	0.171233077090058
-1.11883665779003	0.776430679321354
-0.353543176227155	0.255857859186365
-0.971437360535787	0.602482347993352
-0.808794919011538	0.775708365823344
0.274889923907983	0.21479713895399
-0.967028096566484	1.0443217165797
0.00922882887435957	0.00483277882210131
-0.0222527996256082	0.0114530802883579
0.831781900590727	0.606601180484326
-1.11355220681655	0.769115662149964
-0.299585445018846	0.192002909804786
-0.60578874708651	0.452172723282406
0.52543680880182	0.302548653932377
0.0639758217640269	0.0429993137160324
-0.891698040611061	0.980814384094431
0.164199161603864	0.129492266390923
-0.10322735226323	0.0642728826514285
0.666034314641327	0.578073545729238
-0.35945152306264	0.220075510404913
-0.741611944171996	0.257255485732723
-1.29175805648946	0.589095158331848
-0.624183393073759	0.302530003469323
-1.50325714123151	0.772634118505595
-1.0449372111498	0.420548668733196
-0.80763328831346	0.44518670796198
-2.29844323093777	1.17734622143086
-0.17226279513517	0.0627452428304373
-0.538714119684408	0.206903909568311
0.12977932359342	0.0495715156889934
0.127926191106297	0.0548832461257612
-0.741611944171996	0.257255485732723
0.371606476441863	0.16672745564024
-0.699670115215042	0.497996364142696
-0.249863935243314	0.16552816152589
-0.175244858240935	0.122389108762322
0.0199023059205278	0.0115131267373657
-0.523356286321187	0.489679629310335
-0.08477152115963	0.063653706170848
0.0444389796015506	0.0285443282181961
-0.270466082920272	0.204840176715001
-2.23586573583265	3.96991340851899
-0.303641739610261	0.257303943784974
-0.885800300325966	0.973622686533291
-0.723648623499031	0.649005423703478
-0.811042864415047	0.447794590129992
-0.404838387375777	0.359803206450635
-1.85368077869995	1.7077043903943
0.930225856401659	0.625398703251768
-0.358018063989495	0.218325942067433
-1.50892103259037	0.776059699944057
-2.9327164696962	2.18724008040259
0.767495684626638	0.602672971395891
-0.121389377004731	0.0728190447173611
-1.11573118341866	0.771407101014656
-0.213268695428331	0.145045683567534
0.477534587777221	0.299676924534471
0.12390321693711	0.0474121589883158
-0.21303576485683	0.116307001582815
0.134816122970676	0.0711031193834541
0.128065802893217	0.0434680575192894
-0.362166381635235	0.105626912484328
-0.647461655721112	0.157598110120326
-1.04215155805216	0.41903356624497
-0.513640217196683	0.273312852098459
-0.482102979181881	0.327207192994924
-0.353040112681948	0.215867269215061
-0.359804733217668	0.322706041331282
-0.294299209305549	0.188582946586229
-0.67487533421092	0.405801360945323
-0.335639829102268	0.156419014421404
-0.400541717464157	0.355650017745422
-0.209789531670856	0.164424402020994
-0.266419039329827	0.201180868603714
0.772830317093894	0.829888098138449
-0.564926727681891	0.363021080857085
-1.11072292930958	1.33370582974888
-0.21301904788693	0.186029442036126
-0.155221891939933	0.11103889829223
-0.256949275956112	0.130188817593751
0.876512929262729	0.469209352119163
-0.424678390410647	0.244587975832324
-1.58170432575889	1.54922574816706
-0.262042376448551	0.132487205372591
-0.395163520002381	0.380856714061134
-0.291055108596151	0.245091889582425
-0.251922177807317	0.167352624682408
-0.294843024131657	0.188602916680132
0.496921789184658	0.427332356382876
-0.0072313900996491	0.00505080436360718
-0.400118633757339	0.385173425722094
0.27556551259824	0.187119609599353
-1.28518448724645	1.42456293840906
-0.793794159552739	0.351089409133937
-2.6505415963118	1.64802161924423
-0.780603574321448	0.343930080618035
-0.512682015957348	0.272427704581861
-0.0496700984012297	0.0238650779040832
-0.124599982417495	0.0501711996108527
-0.510573038720783	0.271523601796865
-0.23399197044413	0.0766065031875398
-1.15300618747366	0.353816991053109
-0.579786229697705	0.373237923702169
-0.696855814339497	0.496966942408312
-0.407921022146413	0.286523434356425
-0.619726093368663	0.51524818802207
-0.359417157339336	0.220018811785594
1.94431420687461	1.21972051516941
-0.555897664865571	0.472862309248506
-0.701692546384551	0.50103829380257
-0.268534861886795	0.136526323607918
-0.624661830631615	0.303154266509194
-0.505629188481164	0.267825639225062
0.0616416008990971	0.0414412886104415
-0.265162722094821	0.134644392113583
-0.259400372425109	0.131595577211311
0.580375717171685	0.301762654605059
-1.50701639972444	0.77640312788577
-0.996107300623852	1.00125668066306
-0.364212438746839	0.106078206157018
-0.363619197342818	0.105894774191241
-0.972990724461852	0.602972775420947
-0.0273560767965592	0.0139930728836629
-2.01069642765636	1.42192631413653
0.162141793471893	0.115088285814716
-1.12583575910546	1.10847429263827
0.771810320194779	0.460174955530068
-0.630586375964982	0.526677926716821
-0.620210379338719	0.300386716586819
0.57899652428056	0.300703641435945
-1.18619208450964	0.672094585260407
-1.49738690873902	1.05834426048038
0.127022328643685	0.0607773445202976
-2.65158291090034	1.648469332005
-0.717999024101921	0.643641271566719
0.322579252654974	0.303838520339331
1.8046556556941	0.70860181691833
-0.820560557473211	0.552086796957569
-0.815333356989205	0.450189165743112
-1.53273207896643	0.55406409993797
-0.625984455329668	0.30451398202405
-1.69396617523182	0.972912183386729
-0.237477952696761	0.0778886575961749
-1.29910988710549	0.594809212556218
-1.04561217000985	0.419982911157141
-0.976329648089416	0.607608921091153
-0.625481845066128	0.304067520719002
1.04716699047905	0.50803185827175
-0.515374687303333	0.274640995826127
-1.85371188666328	1.71030422869599
-1.83482918178446	0.757249944313784
-1.53127286779506	0.553105673100975
-1.29416690786798	0.591404736908153
0.374580146132377	0.168298230322593
1.75875629914717	0.986838518601168
-0.263979290100294	0.134236438248572
0.128253298240731	0.0674247526560041
-0.0874779872296784	0.0387192813385469
0.4465117282232	0.301347127592363
0.693205185952552	0.453130232822704
0.0175486026834075	0.0133316040524967
-0.559535362607727	0.476562479895003
-0.0539974819843789	0.02594646402894
0.169546154055202	0.125321232852908
-2.29599464607943	2.88626525530989
-0.808419723876432	0.775253522944847
-0.294543787884706	0.18824643737492
0.140097789724673	0.0738237723794857
0.131293024661033	0.0563749880719188
-0.814199034851726	0.450210051056419
0.589622916243662	0.306937078654415
-3.7736621668232	1.51524708251548
-0.647852271039411	0.15768507802046
-0.362710949837822	0.10577213020672
0.302074498214535	0.181467033266725
-0.79229075965778	0.35123286452189
-0.126269986626681	0.0507949692920122
0.311091391303396	0.187031787871902
-0.507875270594465	0.269800585196273
-0.60130206135924	0.44857916030069
-0.80553488925244	0.625507899809423
-0.781690173554209	0.344715954688139
-1.00015760568534	0.502983790465284
-0.425333634438135	0.24407833717264
-0.730094761739871	0.709353036274492
-1.0429763283888	1.19236987412902
-0.464198244192814	0.366049886449126
-1.02787007161411	0.943543479594592
0.0488315849609288	0.0314267595045043
-0.166321802561597	0.0959523420777976
-0.668372710093903	0.400689376728503
0.0392177706562193	0.025220212512091
-0.0601139994736046	0.0394755533592059
-0.0977146471421301	0.0719341728471483
0.279437014601931	0.190145675174287
-0.270330553143953	0.204772289841397
-0.887674660734194	0.974666481921639
0.165775190741137	0.126790393826105
-0.825547895213779	1.08555836381513
-0.721742163525023	0.64806882003249
1.75148478181923	1.36260316257675
-0.173066900958544	0.062952678461674
0.292843723720049	0.188733259007699
-0.974921246768842	0.606258996844825
0.540337288080436	0.529590274397195
-0.246908073526371	0.254257062591674
-1.36867693218457	1.60424304074294
0.313838613209423	0.173001484908687
-0.407943400843459	0.328357359127384
-0.614772604926882	0.651314501877198
-0.813798261477637	0.712681938419413
-0.581302738303294	0.538111400684491
0.019433767179634	0.0112488242841587
-0.641220059692857	0.584584517161715
-0.268624291939989	0.1363054865936
-0.680707662530845	0.409512252610462
-0.544114473045216	0.20913830975888
-0.423833680385088	0.244021591434346
-0.172128094804216	0.0625981612410313
-0.7389639873091	0.256670839118185
0.126877274988045	0.0484309004795556
-0.171203966457287	0.0623441479261125
-1.53219054338251	0.553674997524989
-0.563220823852954	0.361874478422657
-0.351977174977932	0.214355497412862
-0.0519111298835311	0.0249772380023043
-0.341446873312183	0.159086307749988
-0.516428912774355	0.275343199730869
-0.946875829010271	0.704131126132554
-0.92912519584307	0.788305745882226
-0.0200789076118303	0.0103645369525837
0.584700819942452	0.439933526931573
0.936919805507248	0.630880689466277
-0.508196970668714	0.270133936187846
0.690761424982175	0.451381535955626
-0.266349516782725	0.13537046568648
-0.210149744566364	0.114460474050187
-0.324716887197225	0.151093847468854
0.877473626421389	0.471687376025581
0.879109335937713	0.472093996764405
0.652253897170883	0.207102973093912
-0.114397417474736	0.0461317845792404
-1.11700825096541	0.772176747551192
-0.702874630450396	0.500557279992637
-2.65187628889339	1.64970554992644
0.147827681765259	0.094921874863022
-0.416708711689076	0.293736056900283
0.136084377685652	0.0460683789796626
-0.448311998174072	0.350651621981331
-0.125060190599522	0.0750513562111885
0.298510034587675	0.192819309443637
0.340137787520046	0.17037003822384
0.879618026814195	0.472288549075475
0.339826507971333	0.170075550682373
0.13513218051545	0.0515708994954218
-0.270001791219375	0.137293794870631
0.344267910454491	0.172556784683622
-1.61634020791225	1.24452823384967
-1.62111419954779	1.96263888724317
-0.253867809352344	0.168603632371462
0.1287295911666	0.0491091719900864
-0.743838178560171	0.258439685322713
0.369893513487104	0.165943605424061
-1.83391433948043	0.756511402066625
-0.999379585297696	0.502127686463704
0.127318606160041	0.0546303316327336
-0.544232611093693	0.208525109452868
-0.81095946382378	0.447257894885346
-1.83505230984646	0.756639373351276
-1.04447463018139	0.420263617366416
-1.18488368785661	0.671371776212111
-1.69368073749555	0.973091279262834
-0.975390633209517	0.606891452354238
-0.644388443682788	0.157000626677781
-0.170402316023952	0.0619786214139739
-0.269178785445282	0.136815478570772
-0.0790440975880961	0.0350671324623352
0.140210488911627	0.0417260592948838
0.140184451576725	0.0265585662587612
-2.48679222239893	1.40905100480134
-0.644388443682788	0.157000626677781
-2.65429742829072	1.652603576568
1.04636987389972	0.507879636175238
-1.1192872007393	0.776707936486982
0.139411005791819	0.0734405064688728
0.688985785320075	0.450568865019983
-1.70546607987464	0.980843843729468
0.0208506853492119	0.0120717491493838
-0.966235519255316	1.04443443393495
-1.64746184807446	2.31894888937085
-1.57296878465188	1.53555482719107
-2.13052422988011	3.0121148642517
-0.730382244869367	0.762510804243212
0.731178323311605	0.712557969867961
-0.100151929938102	0.0621850949268714
-0.000598724238131348	0.000327134731404909
0.283372909208167	0.203594922421885
0.147211981908801	0.0371529932006973
-1.05786876096851	0.424996473716097
0.628693404276016	0.442512186491772
-1.20597274562546	1.26287060934615
0.130708929261949	0.0687638640291719
0.504615785632977	0.435550552345108
-1.27810584124477	1.21972397154837
0.150004967546857	0.037720852406733
-0.242597372783039	0.0794477735508443
-0.785979855707481	0.34735595560074
-2.25887334293864	1.91626103376831
-1.80368476738292	0.398254084963023
-1.15439361670696	0.354342573020678
-0.361920194010415	0.296001223303689
-0.507726691664996	0.269819983881313
-0.166162486274851	0.0955553655682808
-0.78543539970003	0.347149797386619
0.134344789059389	0.0511374457678189
-0.815898219589871	0.547973799790001
-0.169688899132575	0.165600549580675
-0.322312470253992	0.42505278607421
-1.69612194496232	0.974489288335459
1.02407216663448	0.388349697761366
0.510007909511423	0.183564268952108
0.708892421139336	0.585542945216874
-0.127857596647642	0.0514057458152284
0.378726554289915	0.461699362270218
0.223319609839812	0.276929783829934
-0.754073124569239	1.66277918262886
-0.200916221527351	0.193405559817694
-0.140413894452796	0.114537862700285
-0.114902015993657	0.046336907676958
0.373698863825173	0.167750290071269
-0.340453542848789	0.405580130143477
0.319214170062658	0.324298973717649
-1.11319181541719	1.33872773818336
2.10129907079488	1.46080115095678
0.893600238701836	0.775158923257892
-0.15360123814119	0.137720470695983
-0.554401250976276	0.471760408637686
-0.171481169708384	0.119482610192791
-1.15345350292765	0.353548980162923
-1.29175805648946	0.589095158331848
-0.64477214166203	0.156983480169134
0.134848732039709	0.0456117627820755
1.43463558957201	0.476840630255681
-0.809504885706865	0.706682092253431
0.160610178879408	0.12238048347378
1.8098322354038	0.711329755606344
3.16320904185127	2.5707819386059
-0.165433614320958	0.0951791094098171
-0.17209019448088	0.170885328989934
-0.696084732613188	1.0084680845118
-2.30267800536255	1.18088997769813
0.143665287756915	0.0427236629465922
-0.237477952696761	0.0778886575961749
-1.53381589120228	0.553464419719289
1.43693291937878	0.478412112216202
0.933324263209431	0.244705909364566
-1.15300618747366	0.353816991053109
1.95062146582611	0.454190159391569
-1.52899469498403	0.551909382987037
-1.15755644738434	0.355289941594665
-0.740941800230378	0.257318537190623
-0.477423347944275	0.761593603269722
0.0177556883487723	0.0157108493242095
-0.313759292006112	0.233318670113444
0.297852138150022	0.178035940563389
0.41516183574586	0.314315679602704
0.167655862208251	0.161034583002519
-0.516316225195004	0.275119017843791
-0.487883613853113	0.330889082189037
-0.573097346139816	0.369385472601173
-0.817404492584541	0.547441641781251
-1.10733948015767	1.32523665757497
0.156795431270223	0.122971971558559
-0.816570861861014	0.907880501797913
-0.362165857535369	0.325264652077244
-1.0246594638614	2.03637954256677
-0.571063073497376	0.613427797099262
-0.213912936266721	0.116922293610709
-0.169103038261622	0.0976750159591349
-0.162462947675923	0.160323888925978
-1.32778974215311	2.0024182910285
-0.455723064104124	0.592741359142368
-0.379061212854199	0.491943150092197
-0.647461655721112	0.157598110120326
0.151399210332705	0.0379807126979956
-0.363255768460324	0.105782299807354
-0.363619197342818	0.105894774191241
-1.80368476738292	0.398254084963023
3.918269745807	1.72279408442701
-0.363619197342818	0.105894774191241
-1.15300618747366	0.353816991053109
-0.741848012858367	0.258096023054699
-0.644388443682788	0.157000626677781
-2.08490146353936	0.964676824691781
-1.15392338036234	0.354212278509058
0.137209797477049	0.0464410009267909
-1.15300618747366	0.353816991053109
0.147649013295955	0.0371443901885897
-2.58453548475525	0.676764203908389
-0.643506271279338	0.156786530055825
0.139373629020068	0.0264474830594518
-1.15114881056694	0.35245741836246
0.141779574715649	0.0747403675728138
-0.77110956388359	1.06614855154536
-0.551544028489722	0.702988322406338
0.345846321843383	0.464539771113641
0.519376000000867	0.52359916201265
-0.362710949837822	0.10577213020672
-1.25959132748261	0.965875041631548
-0.0272502778947822	0.0219511774678123
-1.00284098702084	1.60460566925763
-0.848650279307885	1.25583632639818
-1.05974514774084	1.76410942554041
-0.60003925918976	0.927090586908357
-0.524941983364324	0.732716589001257
-0.276801836085828	0.334860923168955
0.267825429448474	0.199861021540997
-1.47645404074411	1.34127394035571
-1.11243023999625	0.768755280205111
-0.371332425761918	0.107991313233765
1.43693291937878	0.478412112216202
0.139373629020068	0.0264474830594518
-0.644006342900786	0.156718049862583
-0.414557503610828	0.175513398695098
-1.80368476738292	0.398254084963023
-0.644388443682788	0.157000626677781
-0.643506271279338	0.156786530055825
-0.271204896724008	0.205678320918068
-1.04891467684345	0.421689492114567
-0.919868702659667	0.781112770581876
-0.514213164772954	0.273652144323934
-0.513640217196683	0.273312852098459
-1.34442825788826	0.851809189647953
-0.0834817846062436	0.0370346255583982
-0.782993270593052	0.345595163598693
0.66863919469988	0.312403307344703
-1.00444860123223	0.506172705694347
-0.081617852384437	0.0361388819432353
1.55347727946598	0.773183811517379
-0.209428023988269	0.114130790799467
-0.408279424378461	0.522226331446001
-0.00855266341665792	0.00785149552879393
-0.631728772947757	1.1330491296155
0.487888574985534	0.569074393047749
-0.100292808125758	0.0624486995240805
-0.0780607985092838	0.0346414562587008
0.674142754293878	0.586701715184606
0.0521710322721715	0.0505341190187102
-0.953778250721531	1.53271508275839
0.158101023240485	0.107214317913496
-1.04067331168611	0.418465554601514
0.142302830779347	0.0810410377978186
0.0935320976940097	0.0746196387441996
-1.45427007027037	1.57840004287544
-1.80368476738292	0.398254084963023
-1.51726730978925	0.781592944781819
-0.123304293445297	0.0496585218826265
-4.01243260040315	1.76292461441492
-0.352893597846173	0.215752015137235
-0.306851078889128	0.227656934186289
-0.808372270704459	0.445491292448147
0.929417895824023	0.624507068343441
-0.41720427760482	0.176404407629983
0.0765363295046834	0.0734169661661161
-0.331851467389656	0.301615758468391
-0.538714119684408	0.206903909568311
0.653790201953018	0.20742302218683
-1.15392338036234	0.354212278509058
0.147211981908801	0.0371529932006973
-0.740941800230378	0.257318537190623
1.80218392775286	0.706553037006594
0.653601146228235	0.207521943701603
-1.15067412918645	0.352834915266282
-0.64834559013069	0.157812973783057
-0.323616379240129	0.447845809756677
-0.504077567543914	0.672140196465441
-0.0824817097701163	0.0704328503659084
0.973039510463178	0.791863146170613
-0.295731825853595	0.189418972985376
-0.276327681819578	0.256290463925674
-0.538151618981623	0.206588191897496
0.372351065137621	0.16738222942482
-0.275005045125149	0.208725176644726
-0.713314454688412	0.578943100630259
0.159594232254282	0.103550932527231
1.20501095324789	1.90089218652587
-0.321394756545999	0.320213672438401
-0.808089824837176	0.952234758362862
0.2430051810884	0.224389536088006
0.63248188781837	0.570966459985187
-1.50797963865712	0.776533934641885
-0.415680134547263	0.292932037096723
-0.12134287431913	0.112337902603375
-0.5804063062388	0.73578046902041
0.430485762153355	0.173362486516208
-0.233387135509462	0.0765198473617531
0.147685616873541	0.0372140815523598
-3.09408861819707	0.962829753125291
-3.09066749133914	0.959393078286489
-1.80368476738292	0.398254084963023
-2.58453548475525	0.676764203908389
0.14311796249796	0.0361933240878638
-0.643506271279338	0.156786530055825
-1.15439361670696	0.354342573020678
0.140458165206262	0.0418615852654621
-3.4736685411804	1.2537371526055
-1.80379071234984	0.398266610487963
1.95062146582611	0.454190159391569
0.142761726532005	0.0424383939640617
1.02226842375779	0.387145037531902
0.0330030019148083	0.0202165735893104
-0.118011320087756	0.0992795617884941
-0.191558096221581	0.186564007633006
-0.260788052111317	0.265737507715615
-0.484616075472202	0.329050806923862
-0.543266856350763	0.208763548655505
-0.971692865392297	0.604546781227639
-1.29613754169707	0.592228930202827
0.376958445085517	0.308299977958544
-0.631779342085246	0.714747497244815
-0.0938303309155192	0.0707735788605355
-0.432882299994991	0.508591259066628
-0.519185420177048	0.640487731260647
-0.462131081193561	0.592389581768872
-0.0273884663499918	0.0252362574731211
-0.805352158276198	1.33350069007722
-0.357415261139854	0.291868174147429
-1.52953759655667	0.551918095903925
0.142637387713013	0.0360861991956938
1.43693291937878	0.478412112216202
-0.54298951890346	0.208686132634316
-1.80379071234984	0.398266610487963
-0.930335732942882	0.790860132065536
-0.692015893669354	0.491302340456656
-0.7247860203335	0.650688817303363
-0.48549388850486	0.416901852818674
-2.65135544923114	1.64926091899801
-0.0262824555630334	0.0134544194503971
0.311465720625095	0.187325689589663
1.0358483438602	1.09700522946118
0.520054286521704	0.430353996228769
-1.12053842234274	1.35037196736848
-0.0123015207624614	0.010205589187453
0.0453014913809742	0.0372692510180083
-0.44364159476473	0.599588509543263
-0.402253763522545	0.389227828434115
-0.547257322115432	0.463206851798886
-0.220347505920638	0.17363691233577
0.0745868306934843	0.0540769002012979
0.501176395400769	0.73575790258461
0.296665952051112	0.304006656369232
0.160597350489621	0.12207530243595
-0.354078273014506	0.215894376925325
-0.468164724160013	0.370020641875641
-0.170537162543149	0.138229742227599
-0.274228200856974	0.20807889471803
-0.630578266299989	0.30669451888515
0.341395489247115	0.171068696926097
-0.740705291977838	0.257263180060709
-0.630264637780198	0.306854983141789
-0.78353714772363	0.346347964569494
-1.05271012413604	0.424128793776784
-0.214727194274962	0.11726255221599
-0.265165456496991	0.134866150122845
-0.230498217164052	0.250484897438886
1.05187192349456	1.22047574941254
-0.674133262907737	0.404259113250634
-2.29955953562649	1.17846115038366
-4.01299394869743	1.76442641905919
-0.243764577644916	0.0798103968979659
2.33820696694681	1.17549427117663
0.504293805962934	0.181091765107361
-0.740369846039464	0.257039463862401
-0.750117157055505	0.260345095813128
0.931950133432299	0.244413497437813
-3.46630912179766	1.25319506698382
-0.364669960128148	0.298705382450906
-1.06853300907332	0.869177563199301
0.156699274289126	0.101539987723128
-1.02636229433238	0.93995875119371
0.0218556557858641	0.0125888293279452
-0.413777601982854	0.291841225293356
-1.08011804251904	1.15518424801729
0.343634640018692	0.172087504596464
-0.209010108948668	0.142726769557272
-0.20355248566819	0.138440993519123
-0.799785106211716	0.881755946998503
-0.907407194701316	0.85368768889623
-0.217511454258067	0.171123142739768
0.340677592354242	0.170324200100643
0.00287621590895069	0.00148637424233283
0.474022773572873	0.420943153655397
-0.366463407892075	0.299961138783705
-0.999312901742055	0.501245897582154
-1.5360848806456	0.555230368935604
0.145145665393506	0.0430929431178775
0.510303034449659	0.183694667904733
-1.52845204149787	0.551521368985269
-2.09002422236249	0.96852720746282
-0.644006342900786	0.156718049862583
-3.76960824963311	1.51539382282941
-0.644388443682788	0.157000626677781
-1.05271012413604	0.424128793776784
-0.544386763003421	0.209013480388639
-1.15799700419576	0.355156175000868
-0.237747525916144	0.077958682705542
-0.539276806409919	0.207127681793212
-1.15019981108223	0.352703694647943
-2.08914030548738	0.967642230149142
-0.643889763897163	0.156661592959279
0.139930142590356	0.0265210820862786
-2.58453548475525	0.676764203908389
2.3420057408371	1.17899400091788
-2.58453548475525	0.676764203908389
-2.08376976833869	0.963251483518619
-0.522987492926835	0.402368694494233
0.40700741835248	0.412629986899212
-0.256324252346791	0.218063160791895
-0.0060692068726022	0.00501789262587245
-0.0163677590174434	0.0112232189967209
-1.57644803152303	1.54537928301821
-1.43649415056261	1.9662822946536
-1.23113493847178	1.46339200544326
-1.03087435589884	1.25810425919937
-0.760250672341397	0.954894732896419
-0.681425110236073	0.944337177154338
-0.0939030281118705	0.0689679082499428
-0.358939846436304	0.293252729246634
-0.397589492000071	0.383831779702937
0.031930683383337	0.0242943440209406
0.146774179931898	0.0369732700828277
1.02060878637423	0.387301323550052
-0.212374449967503	0.115935852664693
-0.35845544263212	0.104471490348146
-0.365558606293867	0.106312944290692
0.51174254082849	0.184178364192085
-0.743262218330639	0.25823540605921
-1.01445938960106	0.922538488194815
-0.904661267793182	0.851356964980243
-0.374272738667039	0.306997405057242
-0.420372248338153	0.241312727380223
0.151755695742407	0.0927692571212504
-0.405769657456388	0.32511783588952
0.169679498141067	0.129776001603754
0.164160043899809	0.125230872660361
0.17442748275105	0.138407082056377
0.0387901813864045	0.0236922330962802
-1.17176838184972	1.03223784216143
-0.230962831968163	0.17728648638555
0.161378851063481	0.104772105032459
0.714560954823491	0.593515808019656
-0.658298326666375	0.649453288837296
0.426486873200617	0.41154466053181
1.21879350491461	1.46957263708832
0.558178970087086	0.444073585804153
0.967928367452316	1.05792371148933
-0.440107719176947	0.4222730495961
0.43949163049823	0.413309518278676
-0.186286437482585	0.130630609776413
0.15916521253626	0.103230500515435
0.138913167654702	0.0733118528154449
-0.333858157358928	0.155710811704574
-0.819846088908653	0.452288702325105
-0.640820070260403	0.156173374069777
-0.572662501133137	0.369655918190034
-0.431385856530504	0.247644596033249
-0.210216648802434	0.14351498309086
-0.334915337566587	0.156158117535452
-0.258077290459286	0.130755266274933
0.37109870850574	0.166395457666345
0.580684702692968	0.302029466221772
1.54811999734119	0.769713301321377
-0.0519793347888989	0.0249780995846775
1.223138255901	0.842780078427935
-0.537877518920207	0.206535210663043
0.670261397806108	0.312920763191569
0.123113728309991	0.0471196042066694
-0.236606371241214	0.0776017669502627
-0.595829471882812	0.442530497833082
-0.324550046423997	0.150926811049504
-1.17326287864824	1.03760916408808
-0.800613533431503	0.438982194642357
0.586135632441407	0.440450889421465
-1.29798623806601	0.594484945125978
-0.27364155422323	0.207566816053074
-0.025070657537287	0.0128441336812748
0.713208527932094	0.592314553287663
-0.0315107615903215	0.0160507473186479
0.299721265912911	0.180016394501858
-0.672779142044464	0.404667128086811
-0.605313889614492	0.451717408185309
-1.17025564651127	1.03171775393524
0.426875354030028	0.306557706254072
-1.02617990988859	0.940778868737596
0.289264368825092	0.186124631018766
-0.734065403690825	0.768516299008404
-0.812008437264163	0.543696846973002
-0.720390168801914	0.698450193812299
0.510668821075204	0.183517588552839
-1.53073128975546	0.552070871461178
-1.15345350292765	0.353548980162923
-0.975062557948543	0.606925512170839
-0.787825204296024	0.348755440723153
-0.538714119684408	0.206903909568311
-1.15067412918645	0.352834915266282
0.136471442907569	0.0407207925774643
-0.738391052425425	0.256391693854344
-0.534119830392118	0.204770125602286
-0.412966138002202	0.174475760349816
-1.15439361670696	0.354342573020678
-0.414812336223945	0.175551517343517
-0.741848012858367	0.258096023054699
-0.367917894368281	0.107101339671787
-0.165914588337371	0.0604424067058836
-0.236181965656757	0.077314184171995
0.933324263209431	0.244705909364566
-1.69320532908324	0.971042444496919
3.25399732634696	1.10138712863889
0.12390321693711	0.0474121589883158
-0.539839679278571	0.207260587364668
-0.480125691339692	0.325226784075199
0.321002291536377	0.177288061043211
-0.0303528430986078	0.0154871444216816
-0.318411798108069	0.237362933274665
-0.801300779294351	0.826506054074585
-0.463069770957043	0.365008740959598
-0.707943939952914	0.572233812396046
-0.819683954105794	0.64183759574123
-0.000245010955837728	0.000145399206466802
-1.04926515289441	1.20121910718185
-1.24656170277079	0.954289606290319
-0.423655878943367	0.179601389929487
-0.210992583490923	0.114953136830029
-2.0036581481296	1.41269816849576
-0.751938483930106	0.261119155161525
-1.29854797059543	0.594785420705011
0.3779637100144	0.169886955876806
0.376384113127572	0.169188919067443
-0.237176848830075	0.0778020280962772
0.124429853890431	0.047598960284698
-3.08953695583634	0.959084825597379
-0.114397417474736	0.0461317845792404
-1.15439361670696	0.354342573020678
-0.863930476819257	0.999724190123533
0.38494413260813	0.406727100118605
-0.0731335344594477	0.0543847639700136
0.447475765886099	0.422455466752176
0.0175573640637394	0.0128956807996839
-0.283859408020312	0.264759876567386
-0.660067977903193	0.690896617378102
-0.754165266341367	0.897119752310402
-0.0765474342401694	0.0490651035704667
-0.918609828773932	0.778939558106272
-0.815818131620311	0.450159389415913
-0.699556546982288	0.499149254854002
-0.122978890800926	0.0495443307552067
0.0162195571633568	0.00944164759804608
0.596043313812563	0.717538056798868
0.821441423560826	0.861374301490906
0.874724950839696	0.469148563345109
-0.540114053535069	0.207176036194891
0.0338262902459802	0.0207092540592254
0.698344828261385	0.703912056553062
0.385305022381792	0.302592667498936
1.39644056695852	1.74036517826518
-0.0688783451682708	0.0439902271548452
-0.000191398049668918	0.000115443946957196
-0.996152523807641	0.500456853044565
0.37211414114197	0.166982131110234
0.874792861440638	0.46925062888249
-0.808117554075681	0.445149576825599
-0.805213313664703	0.443266832667231
-0.337736335118779	0.15746029883911
-0.113076475712876	0.0454713251403437
-0.165854781804047	0.0956874899407841
-0.0788884271803217	0.0349565199223425
-1.74961612018339	1.48604640536209
-0.259945484509688	0.131760825063714
-0.701490354841017	0.500306050888054
-0.00738905690900673	0.0038394781765759
-0.129308042309047	0.077866823572451
0.64559347674232	0.204972394147955
-0.693176764307849	0.493120892806766
-0.426365885370058	0.245201349536078
-1.15392338036234	0.354212278509058
-1.049308717888	0.422479383129619
-0.363664142019236	0.105826742826499
0.13305127857207	0.063681736605702
-0.810235170096758	0.447921924365261
-2.58428653566473	0.675727611967995
-1.0599989233278	0.859338448691207
0.0420083772284495	0.0256537533414602
-0.417744254715788	0.294622458439219
-0.478223654304693	0.323379515642791
0.129838441862639	0.05574511941058
-0.261951802216821	0.132712374202531
-0.788370303416665	0.349083376814077
-0.67487533421092	0.405801360945323
-0.0903169124111631	0.0399371128630092
-0.323339080180318	0.150081495061294
-0.402413479051437	0.322872153351687
-0.122078315221016	0.0885062942015649
-0.118709338694451	0.0478788515921534
-0.168041996598144	0.0967427111377798
-1.12223852525735	1.10231081842603
-0.810023976360328	0.777138297760095
-0.0456040651999001	0.0219646927510954
-1.35147937653146	0.85910561299321
0.132055846316588	0.0447762654002208
0.147685616873541	0.0372140815523598
-2.00859372541818	1.41733961821661
-0.792816434304595	0.350856600311225
-0.973796169452033	0.605537456656926
-1.86456002502359	1.1925945382009
-0.325520395364441	0.151540356213755
-1.69292090676293	0.972715968176357
-2.01069642765636	1.42192631413653
-1.34791899632098	0.854243754215247
0.33887935464257	0.169541875889979
0.122279400355273	0.0467643794227236
-0.168882286622644	0.0614263520611943
-0.243192926623713	0.0796302555049372
-0.411606579711645	0.174215663689476
-1.29372102355982	0.59176400453293
-0.361802623855853	0.105358062763741
0.509730325059622	0.183209946756868
0.509730325059622	0.183209946756868
-0.238619080974611	0.0782457591467586
-0.740941800230378	0.257318537190623
0.146301463254213	0.0369121679082859
1.06504904986805	0.651700740174388
-1.80368476738292	0.398254084963023
1.3710213269449	1.05337414492035
1.44582447327455	0.899727358487335
-1.35536040153333	0.862182924796811
-0.497819912355958	0.261793884346914
0.477637288134533	0.299346757936791
0.835814721415177	0.613405782983149
-0.820811791589485	0.453747049248416
-0.693137865200567	0.493199270837001
-0.810840380363982	0.632189326997546
-0.808373439846065	0.772846042401081
-0.710516035788747	0.576356000473299
-0.691631876583173	0.491016292235797
-0.234561901877787	0.0768788971748607
-0.80763328831346	0.44518670796198
-2.48570989054389	1.40739765099697
-0.755896507808061	0.262261625343341
1.22074972967741	0.838987481079416
-0.367012159161167	0.106980484577588
-3.08991345953591	0.960747174631736
-0.625878395666331	0.303123276597779
-0.793361717726206	0.351281994271046
-0.643506271279338	0.156786530055825
-0.811812441104721	0.780400229466909
0.596395635125458	0.451802078454034
0.412871350870231	0.461483036316198
-0.269213969398381	0.203562048322048
-0.744466967783388	0.832148474648817
-0.878847112019189	1.02853463756891
0.376303584080857	0.307743999362724
-0.967236889414479	1.64324103405183
-0.239907118118643	0.184905432460179
0.321002291536377	0.177288061043211
0.841919990636348	0.618424398154872
0.631227739425629	0.44624185944443
-1.11737208449217	0.774439544712245
-0.498983482287618	0.432134997712705
-1.47176390581754	2.46120324621601
0.550096223457844	0.436510177667133
-0.123774166039407	0.0498612949473713
0.590993706222641	0.307394101888157
0.661086615013376	0.751437464785189
0.225781263411123	0.19978811254438
-0.68840859104329	0.775025964255228
-0.629782807136493	0.306242603386559
0.428649326961957	0.307736589652381
-0.182670364244019	0.127674840522762
1.05690915944096	0.644494450941879
0.308392615869293	0.185771228228676
0.972510261667712	1.06311735173395
-0.415354340451682	0.175826033861495
-0.419630490333242	0.177957182429578
-0.35047880774818	0.213790876736069
-1.83539757756382	0.75750800966345
0.550096223457844	0.436510177667133
-0.0836707547885627	0.0370230725246624
-0.674054570597252	0.404999895153684
-0.26754559587544	0.136149310799411
-0.426151050611883	0.244212189353709
-0.945619799454289	0.702350639391961
-0.634558401780338	0.308934493339009
-0.121722426828199	0.0489626054447258
-0.426307489516712	0.245295110365977
-0.823917177875438	0.554108454719206
-0.413180958495729	0.174820320112929
-1.50271492532943	0.772046424356126
1.01970949094797	0.387091911393297
-0.78810398399432	0.348831685910165
-0.299214873000883	0.19179027811175
-0.816962552596622	0.547016997135493
-0.422092422370994	0.242362397626299
-1.06372190084045	0.862179763200732
0.158872140817568	0.112435202067097
0.426993035914976	0.307076583614017
-0.948445048151398	0.70490959230605
-0.427555582456128	0.2461134271671
1.43237272946104	0.476285559011928
1.75830468017165	0.986217056022245
-0.534393347384375	0.205023861194337
-0.701072220313012	0.499947101575825
0.67613829682479	0.3156505936988
0.0367716642074362	0.0225075582785078
-0.0479982753818084	0.0231082525611488
0.51408721869374	0.185096174251148
-0.746480385939584	0.259149400296474
-0.326005707438094	0.151777723979142
-0.622720366264564	0.301970218401775
0.422315142333028	0.169596710708464
-0.743500141593555	0.258000966288552
0.132888220671258	0.0450543248212034
-0.79390713873614	0.351551459161185
-0.362166381635235	0.105626912484328
-4.22735042176467	2.0168938929154
-0.627075757942354	0.304550366401679
-0.78918254545158	0.348950710156185
-0.787825204296024	0.348755440723153
-0.423697581346612	0.243202439050646
-0.50983094544039	0.270635095407691
0.127666695648323	0.0488134294645902
0.126517413282581	0.0542784291940882
-0.741276499011426	0.25781621104378
-0.238318402636722	0.078044741642038
-0.367012159161167	0.106980484577588
-1.80379071234984	0.398266610487963
-0.237747525916144	0.077958682705542
-0.358820522080737	0.104443282865586
-1.18548364950592	0.671962875148079
0.135805977315208	0.045997318265274
-0.362166381635235	0.105626912484328
-0.410018726098829	0.173284845006694
0.12179621988377	0.0465965388459672
-0.64834559013069	0.157812973783057
1.04794260318453	0.509335640030191
0.126946639547592	0.0430503638905684
-2.08619397262715	0.965015392493155
0.578686988232657	0.300428014219063
-1.29854797059543	0.594785420705011
0.1413598194657	0.0421025960431846
-0.534681401761577	0.204992678078054
1.55265104250473	0.772528530641732
-0.816621741274444	0.635886615710517
-2.00080335302113	1.40472599094266
-1.69825190750329	0.976427151754855
-0.292703149365188	0.246328648628001
-0.418463735878195	0.295228820110425
-1.95892058930446	1.95148554661094
-1.35073875263685	0.857192464456199
-1.85568996105745	1.18051020804066
-2.13719200823139	1.65828250757949
-0.787825204296024	0.348755440723153
-0.507038595718023	0.268549382557324
-1.15799700419576	0.355156175000868
-0.644388443682788	0.157000626677781
-0.730859716814649	0.712542242656474
-0.318951054737696	0.263848223879333
0.0739319935359746	0.0536201005525528
0.338069217963646	0.312355516929522
-0.166216346038755	0.150437483837542
0.159589712769877	0.129172117882146
-1.12065944440164	1.09977930362925
-0.913262847997524	1.29759600738895
-0.802407584665173	0.766392782351598
-1.02666782870895	0.941550117178256
-0.168535700512318	0.0614396736428628
-0.164052849140934	0.0597221791440503
-1.07119991757786	0.872454082115387
0.00334960998252685	0.00177682285195272
0.168511807011988	0.141021709768548
-1.28217482692237	2.02159965954617
-0.818078270864465	0.452510550348246
1.08638624120089	0.820588510655186
0.0727060336395241	0.0509215576598584
0.250269609396802	0.206662954327952
0.0578021348992004	0.0371812405782441
-0.512988653405119	0.272556956367363
-0.35615567062737	0.258191018535313
-0.406111711573918	0.361326575397019
-0.595597774479378	0.44179280631226
0.131730458390511	0.0564899751462756
0.122092312128742	0.0583630372589733
-1.04272005949682	0.419280018630572
-1.16343140221458	1.31656149060296
-0.324550046423997	0.150926811049504
-1.00365027729542	0.505622069288915
-1.11766471272571	0.774242770111867
-0.323823825104874	0.150317655825164
-0.0798323227211098	0.035395033779357
-3.05633926803953	2.4882484941918
0.530406167369469	0.305801371937913
-0.0513917421375359	0.0246808887946929
-0.814946730402033	0.716056233259195
-1.24270481551375	0.948467540559518
-0.240585380889817	0.0787794162503464
0.145828384011954	0.0367587486446884
0.935515179855096	0.245440180005837
0.455109502555632	0.308271090214876
-0.0222309789564613	0.0114395430213287
1.8046556556941	0.70860181691833
-1.02299243930339	0.937678871259343
-1.62765802131445	1.26780142048225
0.138978869484541	0.0732322759029268
-0.531114989442457	0.409595352333253
0.80424232840057	0.338337566370001
-0.787293285225393	0.347830224203347
0.131592549884353	0.0446096178723685
0.432062682383114	0.173762924234813
0.131103414420957	0.0563135018124023
-0.264862402408207	0.134362415317849
-1.11481592684238	0.771402249745594
-0.645923188828262	0.590136830535983
-0.244336422490329	0.0799101684604419
-0.41213126151368	0.174476836425326
0.143337222216575	0.0426016228100372
-0.330383234339374	0.15410561364646
-0.716401597010968	0.58203693216721
0.141888124488285	0.0808315780899441
-1.11445430607988	0.769726422269136
0.129210770949753	0.0554987065325644
-0.323187682777963	0.150029425512578
0.368311756557434	0.165178121048922
-0.413215219454388	0.174663650444526
0.139884098064408	0.0416988824150201
0.131403007248952	0.0502411654303301
-1.34743556514112	0.854076101574073
-0.419899321881331	0.178034045801847
0.137209797477049	0.0464410009267909
-1.18518562190076	0.671777571048883
-0.813230409088559	0.449720161235436
-0.823013007353879	0.553077496434102
-0.818562225610651	0.452745611253806
-0.324550046423997	0.150926811049504
0.136647163468063	0.0462674600791703
-0.813616676181194	0.543546953245324
-0.793098515782442	0.351690335205156
-0.783816093701143	0.346310199197133
-1.95845350443744	1.95043044988709
-0.416415534669314	0.176455021086063
-1.00549630243412	0.506795601514535
-0.165914588337371	0.0604424067058836
1.05086472132527	0.51029188793242
1.01823421957205	0.385718705291343
-0.784081161574614	0.346813224493689
-1.04834429720487	0.421433521542912
1.01913264922984	0.38618919405726
-0.235702342750488	0.0772348714749425
-1.15392338036234	0.354212278509058
-0.120295244528641	0.0485077000078596
-2.08970743638331	0.967957362748596
-0.821358931540924	0.551799743728715
-2.36968505300897	2.17511595545316
-0.654916833767265	0.786768639427617
-1.37405286792703	1.40027390706649
-0.248629998587733	0.209956345795402
-0.625233086821844	0.668558176190027
-0.167527449292993	0.0610228882448846
-1.30134513233353	0.594269130650677
-0.49763260433641	0.430151340481169
-0.404349821093046	0.392076318247924
0.437565394915556	0.41049737049402
0.566904452650874	0.543443119131363
0.820696466197079	0.860440129978062
-0.188861231632731	0.150596061869472
-0.0121452303742722	0.0084343690202789
-0.889687406123114	0.908512383291906
0.972945763848146	0.791237882828274
-1.00149418077989	0.503717393127032
-0.0510299712797837	0.024570292981371
-2.3006765631542	1.17791620123856
-0.814368228625086	0.84458257022208
0.17268505188081	0.145015880106808
-0.267708229395194	0.229428528496514
0.478878596081172	0.300036585588798
-0.204068952031976	0.111068046571879
-1.24609780774888	1.64044098200122
-0.247414812956309	0.163778372374961
-0.436525036796649	0.418024180107265
1.73689413582875	1.34078192538532
-1.17709825592127	1.04296027299629
0.162897251961518	0.111051708916722
-0.567383377857096	0.365832523858924
-0.209737705330379	0.114176682285665
-0.135755050483749	0.0818043665327144
-0.562881594333266	0.361227698215313
-0.203209395325928	0.138115252567678
-0.665759623920351	0.700675907361356
-0.524227354616242	0.403193730449312
-0.121088961547046	0.0487649822681702
-0.998309395168808	0.500810095205061
-1.18649439916376	0.671368430358505
-1.00472350568432	0.505616592159781
-1.00444860123223	0.506172705694347
-0.415083137355912	0.175775517043565
-0.41405948205186	0.291821323911742
-0.168225210544803	0.0971325272909793
-0.718051771743322	0.641421284431075
-0.236036093012264	0.0773277810609913
-0.361802623855853	0.105358062763741
0.143665287756915	0.0427236629465922
0.126553365684675	0.0544127338379484
-0.81726865115257	0.452122092823001
-0.800583898668547	0.35427427158914
-1.17829718007822	1.04181658948
1.21558851447219	1.32919104098862
-0.216053098768323	0.118088385648933
-0.415447993694776	0.237241575571412
0.735197943921814	0.71926618261894
-1.29135050930103	0.589403957324184
-0.233387135509462	0.0765198473617531
-0.241453949883888	0.0791674426738944
-2.30996268247794	1.1849792674943
-0.506465221439042	0.268855265857122
-0.36546307597969	0.329235203798739
-0.922372892319541	1.18799726868271
0.131029538502094	0.0444244541563046
-0.167188873627767	0.0609436443586466
-0.781425630857237	0.344538461065501
-0.828055227188343	0.556615902856789
-0.818078270864465	0.452510550348246
-0.168767716769196	0.117481113522372
0.150182311895568	0.0918017205042845
-0.543390468068067	0.208398628831472
0.137998541110424	0.0727707002557547
2.34436975438509	1.17853313606867
1.21719478625837	1.18956375899618
0.134672383551299	0.0401871605730982
-0.237477952696761	0.0778886575961749
-1.29501851864946	0.591906870943179
-0.627568130771192	0.304412357300944
-1.52899469498403	0.551909382987037
1.25483077342271	0.692626429783641
0.123113728309991	0.0471196042066694
-2.49147613591662	1.41463001246942
-0.424486001021275	0.179665093686071
-0.53973627715052	0.207373309478453
-0.238048417060954	0.0780891030505443
-1.5360848806456	0.555230368935604
-0.789360513665424	0.349747285437635
-1.53127286779506	0.553105673100975
-1.29910988710549	0.594809212556218
-0.999356845792316	0.50158103310501
-1.29882524856631	0.59401691909246
0.679586044076172	0.317879135775748
2.72717089907207	1.67923850113833
0.142836544444112	0.0424005568045196
-0.644006342900786	0.156718049862583
0.128350501127829	0.043512403302682
-0.644388443682788	0.157000626677781
0.126611907931373	0.0483937912962149
-0.790166934135272	0.349752325890181
-0.265899863742464	0.135183294368662
-1.17285385923195	1.03726135153269
-0.818835351560627	0.55083073945993
-0.413012424868642	0.289740233955629
-0.550319330032312	0.466902154521797
-0.465883955486751	0.368123338406929
-0.357625317732096	0.291960584730606
-1.08668792169013	1.38080450938363
-1.03953690806935	0.417771635817701
-0.746726771319564	0.259871772377509
-1.04786382925772	0.422554751457188
-0.727568231334814	0.709251917285406
-0.487065060752402	0.419147503244643
-0.0240442266189825	0.0123482432289098
0.665159792680978	0.577314025514154
0.937244333948763	0.923286724907517
0.552232993348284	0.437563486256221
0.171316873945161	0.135695129131331
0.433783023433885	0.31169796940667
-0.610232680152818	0.735660530575513
-0.874779591572524	1.01942513785842
-0.21584409778674	0.235156709692722
-0.125331425696384	0.0911751954616807
-0.243884855896715	0.161404441939953
-0.101547764352813	0.0632803619545517
0.591321472585658	0.634528028017697
0.781204432675179	1.02059785291284
0.546720372297079	0.538112683944717
0.372672283643203	0.316743346319398
0.301530546187724	0.180697118136933
1.39662251699579	1.74383803436282
-0.443887483095031	0.389233502560726
-0.489173826332901	0.420770998895453
-0.416122337698293	0.292625714311542
-0.625984455329668	0.30451398202405
-0.295643570664506	0.249869407675704
-0.557554603331123	0.474695195826406
-0.625239952906809	0.520786851087338
-0.999910727807672	0.502761568850451
-0.79229075965778	0.35123286452189
-1.51091888098795	0.778169586560806
-0.993719971161017	0.497671136898656
0.474342227215079	0.297076189436567
-0.327402944301204	0.152284139587754
0.153992590201245	0.10444393708291
-0.0886490181694323	0.0666932364063347
-0.359153301845472	0.293441911234623
-0.541937487972132	0.591474217016001
0.0267760102175627	0.0154099077288384
-1.00197974801016	1.00858611464908
-0.120177904292297	0.0720190730162186
-1.67036159413104	1.75193111202401
0.143801265477416	0.0820552094546513
-0.29316061901706	0.187501623444919
-0.81922683239952	0.550423645844339
0.432965793249319	0.311845183410698
-0.979001095348755	0.609778612628018
-0.705217093295232	0.567689297029124
0.147650567555466	0.090236620024456
-0.0249388934958437	0.0127979032178138
0.128153335456218	0.0612270378604691
-0.986146613566876	0.985304003489745
0.157774049605893	0.102227700824419
-1.53971710665185	1.76761983539353
-0.526072368992961	0.405106263516089
-0.20727561070131	0.162123296505613
0.154055030472171	0.0997409452243352
0.830265327528593	0.752356078803863
-0.304141667675844	0.22522335283953
0.0925309767917944	0.0697988668541501
-0.0803078486955595	0.051476854938923
-0.519717223865669	0.398762934765247
-0.119213425596225	0.0480776361981399
0.143706024751672	0.0482957409829809
0.368089159288004	0.165084917541878
4.16045368861399	2.00047451707447
1.02259212061632	0.388312776500153
-0.745575630010693	0.259159802580382
3.25399732634696	1.10138712863889
-0.814523977988949	0.450425995449949
-0.413738576873722	0.174896264237106
-3.09029030460571	0.960832707527767
-1.0014834948517	0.503689162250359
0.651349240994328	0.207129762624853
-0.170912764961516	0.0622636754540297
-0.363074920327927	0.105749762822137
-0.236876597981329	0.0775723615768606
-0.420424849941728	0.178268943095334
-1.00549630243412	0.506795601514535
-0.360713154621022	0.104928044856164
-0.538714119684408	0.206903909568311
-0.357909997986639	0.104187393238945
-0.367012159161167	0.106980484577588
-3.47021758744757	1.25549793829818
-0.115696238437404	0.0466631346161035
0.1413598194657	0.0421025960431846
-0.783272111395061	0.345984321147423
-0.644770889342653	0.156875139887313
-1.53273207896643	0.55406409993797
-3.09447285673231	0.961828946915894
1.43973986105876	0.479489791047764
-1.2931604748656	0.591359256359774
0.1413598194657	0.0421025960431846
-1.04158325318629	0.418585395243696
0.933710809861868	0.244826616527384
0.145828384011954	0.0367587486446884
-0.412656054429682	0.174681011524449
0.769709132156387	0.724946683408359
-0.282766899689711	0.236883030614494
-0.365871973945437	0.356401944067819
-0.557584773206641	0.563587778815485
-0.554520227032216	0.471350322641658
-0.600459822446025	0.447723080845206
-0.708886444101807	0.63034446262902
-0.289375961178736	0.270828353637487
-0.874813653660636	1.14201571303389
0.272307157659502	0.203978035740155
1.2928927780334	1.65025680163442
0.164199161603864	0.129492266390923
0.147982175711164	0.0904751547433945
0.16224819103942	0.127798095816034
0.0645894061412358	0.0450811779970328
0.137918999057313	0.0786330617565368
-0.161409800498605	0.0587422036398654
-0.483576143203168	0.460270369116599
-0.306851078889128	0.227656934186289
-0.559967567325667	0.358912402779635
0.0317484630572306	0.0248422432554557
0.155307047644019	0.100601273564797
1.00263825089929	0.943789630184508
0.332972645992842	0.166339734751262
-0.366004495170821	0.300251082109694
0.821280675555362	0.742582055842749
0.71058701696762	0.80248595483566
-0.0898489365152839	0.0676428289727938
-0.461214511184833	0.47052517662546
-1.19295962521491	0.67768487996135
-0.975531841537938	0.60719694734002
-0.324716887197225	0.151093847468854
-0.329317511719044	0.153288395629677
-0.69618668958056	0.494678749707443
-0.821386493950002	0.643115296806578
-0.625984455329668	0.30451398202405
-0.325520395364441	0.151540356213755
-0.0822520611988082	0.0364085831997755
-0.238048417060954	0.0780891030505443
-4.0187427564194	1.76809084731994
0.125818444924134	0.0480788346880572
-0.353645286201633	0.256319467845354
-0.657413791558026	0.646069673574118
0.420020057297635	0.168605023825821
0.331873036748576	0.165307346375993
0.527518220518914	0.303678674446064
1.02407216663448	0.388349697761366
0.00540691938244846	0.00284044725467357
0.375026250762712	0.168444419353064
0.132970576060015	0.0570365641847254
-0.901757254536316	0.922697679574585
-2.25880480949092	1.91228810301042
-0.28826343094096	0.183943001813532
0.0775937653695901	0.0523464885511632
-1.50095937151068	1.05923742434464
-2.30011795897942	1.17842837547358
-0.0787275294464189	0.0349281669469604
-2.08789506927395	0.964112198624482
-0.326116443383599	0.151796388327042
0.022876228481829	0.0132083589279964
0.293929834346211	0.189827495131511
-0.328775106388878	0.153300235929224
-0.0140251778687704	0.0073506915113929
-0.623779998772917	0.302562177812443
1.05845031051131	0.512340442289828
0.44737891326567	0.302078258029229
-0.173657042725353	0.121226563408689
1.84373864466057	2.41334203913128
-1.49124990738279	1.05007630380003
-0.163974893050829	0.0943989864488746
-0.0863690925012887	0.0382537768846042
-2.80316712397605	1.91662729706006
-1.18570279924782	0.670715614367144
0.688215332197121	0.450020980748977
2.09761678300046	0.940719512481992
0.132790251127428	0.0635599150245549
0.372634133719023	0.167393885449147
-0.538714119684408	0.206903909568311
0.51408721869374	0.185096174251148
1.95062146582611	0.454190159391569
1.01881061691072	0.386619941894425
1.76539396934055	0.992170814016704
0.589494554448971	0.307026753684589
0.128065802893217	0.0434680575192894
-0.547759660466298	0.210426051094333
0.514837037076023	0.294828428069297
0.127931809070693	0.0489078759226262
-2.30854592509123	1.1842016189703
0.371828855737804	0.166679202936927
-0.418848599971352	0.177271749453934
-0.427948777596741	0.180984885677579
-0.0216299123280941	0.0111320319255156
-0.236272852446498	0.0773215369892885
0.134344345393478	0.0512753138279318
-0.262251173676553	0.133278699219635
-1.1297518235019	0.783583411770317
-1.00389946623194	0.504834745813312
-0.644388443682788	0.157000626677781
1.3094564119373	0.574146809919677
-0.64477214166203	0.156983480169134
2.34027363336522	1.17732300328594
1.55347727946598	0.773183811517379
-0.176460675791699	0.0641802060317615
-0.164821788962179	0.0599594459173495
-0.29101866907804	0.18597099482067
0.152228753655968	0.0930756401404129
-0.714746349398764	0.638735882953939
-0.674818444514865	0.713244276411531
-1.11615426078156	1.33912816775439
-0.296570226060724	0.25078793270787
0.164846975888432	0.112118980294691
-0.410946258785942	0.366006300789805
-1.22525644768402	1.4531325151842
-0.661770506802671	0.694476392582022
-0.0913004397041759	0.0566711973872104
0.0720753844854208	0.05220542181059
0.16737875823396	0.140155446403484
-0.396877229756526	0.316945863607042
-0.743131961830019	0.875371094362174
-1.07145951593591	1.14151884815783
-0.343247976400804	0.208472462398073
-1.00898937625135	0.508451599615989
-0.235132025937081	0.0770784326047616
-0.337094572494199	0.157137945280682
-0.130105266257843	0.0783269166463944
-0.202564844919987	0.179949144360167
-0.406291673902079	0.326015649150121
2.54618687046728	1.41902857330452
-0.59845195285629	0.444763232049545
-0.705982024090223	0.571334648395342
-0.953687771306689	1.10338790611558
-0.600131106810099	0.720127916135038
-0.170187781574408	0.0982248432379748
-1.95024197166137	1.93302285318415
-0.813554999992809	0.449650984268995
-2.30096949220809	1.17941012456883
-0.950147485270304	0.706218491720298
-0.951731057622995	0.706629397535436
-0.330868247851591	0.154319001711918
-1.34718315608365	0.854617652849209
-0.162730522397591	0.0592739727742593
-0.509742947314451	0.271026827995432
-0.219308670184665	0.119819072127864
-0.546758330453988	0.548853306538376
-0.176408393878746	0.123230100177423
-0.312135983320197	0.232152853093295
-1.29798623806601	0.594484945125978
-0.487525848852664	0.33086636331088
-0.810817255980544	0.541300259814605
-0.125154100274888	0.0502541182042929
4.37205228069165	2.28721042667166
-0.713697710787659	0.638047039910135
0.932664846450677	0.629179705841584
1.21552336497909	1.46554582574782
-0.431811371457754	0.248705622113505
-0.0538524185746233	0.0258196855715359
-2.00817166653651	1.41674038267233
0.762121668305817	0.597149760696221
0.802281286210352	0.337872104439243
-0.244836208829128	0.0800257507237933
-0.36125776400353	0.10521302829144
-0.903858773946246	0.850365190285776
0.372399343899737	0.167140159545225
0.131870569010978	0.0446938595709682
-0.269632631338682	0.137081909150369
-1.15779356309448	1.3094574478471
0.480173734806414	0.301147664079688
-0.397222842511577	0.317231984079349
-3.76557168292632	1.51230600255237
-1.69239843499757	0.972196555916096
-0.621887603144683	0.30150327447583
-0.520663676711245	0.277374178125458
-0.271998991269725	0.206274297740734
-2.50667536089014	3.58306510180303
-0.74730280862006	0.259785520477436
0.142185918422229	0.0422239014432829
-0.425510376205807	0.244945365719067
-1.84338110591993	0.759617556570427
-0.421212550689684	0.241743316669033
-0.356690104792196	0.258851920196799
-0.930263506570487	0.792142602555088
-1.36625403676524	1.14458785437947
-0.62757888454079	0.304996859432152
-0.511888508228291	0.272084462032796
0.372573690524045	0.167245867378279
0.346187394108468	0.173342632333124
-1.00149418077989	0.503717393127032
0.371321037027816	0.166503233216642
1.22950499695216	0.847946970549542
0.428884876273104	0.172685936510533
1.4352780288252	0.890976549579536
-0.623484586687404	0.302800553007253
0.128433605172811	0.0550768295516118
-1.25031036694391	0.957669262834049
0.128606999596073	0.0551462037161714
0.134551053521162	0.0455179755309149
0.42311339457533	0.169929187550257
-0.0827248743193607	0.0366231336985067
1.04557188016202	0.50751321134606
1.55151471686537	0.771593003677496
1.05008419852068	0.510410286079726
-0.16908184300615	0.0616182877911792
-0.619707870158474	0.30020422367339
-0.090956097262602	0.040207133914387
-0.0510299712797837	0.024570292981371
0.125266506300847	0.0538369509352683
-1.83539757756382	0.75750800966345
-2.66487106972838	1.65985782269755
-1.04390615555555	0.420016956092299
1.80037781238315	0.705873091583144
-0.167814284601087	0.0611122958404124
-1.69239843499757	0.972196555916096
3.2530948013434	1.10108931722157
0.670829500250473	0.31342875722369
-0.0271846069645599	0.0138960923179108
-2.30435569641955	1.18273827430254
-1.18686537154995	0.67242960407962
-1.65093277727489	2.33032979481791
-0.622981014213999	0.302527601706261
-0.741870393845215	0.779695593746445
-0.994494560758705	0.998736203588896
-0.605241779767705	0.451154898705119
-1.04390615555555	0.420016956092299
-0.803140774892082	0.830272934455842
-0.548850358682796	0.552774216587435
-1.07120144496991	1.14118274219113
-0.475649056727064	0.450481112591454
0.171584639232997	0.135674358922229
-0.816275429350497	0.716117916738981
0.324619292409161	0.179506395858774
-1.86606149278437	1.19253591821183
0.130187649341207	0.0441073748021701
-0.994488915953677	0.497657429873001
0.513205080640301	0.293358220440098
0.270946644589472	0.210781186560322
-0.728133746765713	0.654995969104083
-0.256585424639134	0.129933577422555
-0.428435867968471	0.246677885717854
-0.407151405241005	0.327279777371116
0.279867437349835	0.201050318759025
0.564191430305678	0.53979910281214
-0.414456059305828	0.292174546725062
0.135679791981563	0.0458226089514247
-4.01817667966541	1.76873594417854
-1.53127286779506	0.553105673100975
-0.0480851853878428	0.0231420749807973
-1.85568996105745	1.18051020804066
-1.62216872735859	1.25934845905043
0.0227995528106024	0.0131582988479702
-0.900570935494399	0.844883106765034
-0.408953335192643	0.328826667587622
-0.423764146956636	0.243112051408363
-0.213933147791868	0.116831385005297
1.59655375747462	1.11202232986998
0.143344198314136	0.0755296240949761
-0.12413219975283	0.0745226783309891
1.880248209606	1.61352380819181
-0.566985710757788	0.365119183362499
-2.09641241855144	0.966067703807144
0.143665287756915	0.0427236629465922
-1.70277852175866	0.978771721272547
1.02259212061632	0.388312776500153
0.884523445757304	0.475849452123069
-1.36294633629059	1.13547392722495
0.430485762153355	0.173362486516208
-0.742753785982603	0.258086652205378
-0.133746858693348	0.0805448467491689
0.549911359151026	0.434941450766301
-2.4662056240003	2.43912958338917
-1.04067331168611	0.418465554601514
0.803937433966823	0.338472481863912
-2.13431127760172	1.6484216781764
-0.622477540161479	0.302164540797342
0.128723483715433	0.0491814625007699
-1.29680995445079	1.44248892746695
-0.924759656457293	0.786367454805627
0.433954647143081	0.174597287039438
0.139373629020068	0.0264474830594518
-0.0509501415288986	0.0244770370817886
-0.362710949837822	0.10577213020672
-0.167267366049274	0.0609436470739813
0.00422902741106272	0.0022387067155972
-1.74370716632449	1.48445743938416
-0.619413699156682	0.29966639120346
-0.607429148422823	0.453403694806815
0.147649013295955	0.0371443901885897
0.670518387421126	0.313125848769654
-0.081617852384437	0.0361388819432353
0.339826507971333	0.170075550682373
-1.35003129020343	0.857535443455371
0.685430467830096	0.445894428016792
0.413764539365251	0.165431399907961
1.80801736892668	0.709604687458265
-0.62197416450419	0.301690782802897
-0.788370303416665	0.349083376814077
-0.539839679278571	0.207260587364668
-0.0803043962779948	0.0355992518776308
-0.620881577627314	0.300869672246217
0.88387435492894	0.47501719388829
0.126566298272559	0.0605648875768645
0.930236367880124	0.625174372834525
-0.534955549485768	0.20533826801366
0.316695688335268	0.174932546070567
0.631682292132832	0.443838878601861
-0.534955549485768	0.20533826801366
1.05969096551613	0.647509032574783
-0.808372270704459	0.445491292448147
-1.69796970555818	0.977658925190942
0.422315142333028	0.169596710708464
-1.04390615555555	0.420016956092299
-0.647852271039411	0.15768507802046
-1.50434197663952	0.773063695386728
0.797468141763966	0.335094894845618
0.510303034449659	0.183694667904733
-1.69716580515113	0.974934326438767
-0.813491749918448	0.636220961703528
-0.507726691664996	0.269819983881313
-0.650819052664903	0.595151680819982
-0.00488751483850987	0.00255973674332592
-0.696605790554782	0.495036686444559
-0.696636005946104	0.494920710336344
-1.37082727112448	1.15155728454956
-0.755317718247726	0.262036872229693
-0.263742545620501	0.269322325977469
-0.150681877328538	0.123711118604545
0.736057648863208	0.809170656795492
-0.418689739088561	0.24006975953178
0.367297507151026	0.164673936832453
-0.969047704126098	0.599370606310556
-0.539003042837417	0.206891853429863
-0.322602721623828	0.267876741302882
-0.603137485885293	0.725560727520837
-0.921815019774598	0.781258721043132
-0.333858157358928	0.155710811704574
-1.17366091065774	1.03841124045208
0.0522847046325738	0.0336557095205998
-0.497640050730677	0.430973276819821
-0.289395376436522	0.24364836721464
-0.514756088790085	0.273459162996618
-0.119470237064633	0.0481183717796714
0.800721225051069	0.336355711547751
-0.534681401761577	0.204992678078054
-1.47737534775436	1.34371094106628
-0.817837430129381	0.787386271133898
0.330332734677996	0.303526737677569
-0.924759656457293	0.786367454805627
-0.0852596194307244	0.0377206492064565
1.39490226715574	1.73798718204449
0.696968694110226	0.456450963094663
-0.315329358029926	0.234615372499989
-1.24656170277079	0.954289606290319
-1.36434053639327	1.38651155557765
-0.741611944171996	0.257255485732723
0.627844368212873	0.441546158622345
-0.536752738777067	0.205726898813731
-0.355642785136652	0.103485182800417
-0.233387135509462	0.0765198473617531
-0.676521466694989	0.406803703394033
-0.235702342750488	0.0772348714749425
-0.20742534915512	0.113038593060834
-0.905336904095347	0.928137670689193
-1.50109261173439	1.06161793637589
-1.0403638965725	0.418077260779257
-0.541296447427492	0.20764222744423
-0.362710949837822	0.10577213020672
-0.407597308642659	0.172020217579854
0.284131852996863	0.194188596731311
-0.616821845122919	0.511236341485597
-0.812815588889099	0.633073258154213
1.02582286437892	0.3883445324808
-0.678442721946512	0.407909002005071
-0.675154256622762	0.406313356959442
-0.633786149156945	0.307650992393033
-0.509595947795515	0.270691983398304
-0.130105266257843	0.0783269166463944
-1.58407950353265	2.1396068675483
-0.0556857206133637	0.0267296203897237
-0.426747218342492	0.245543745835048
-1.11939546272613	0.776449567453385
0.801452247780404	0.337326448224681
0.12684271834842	0.0485397725759886
0.123745541030962	0.053134029266817
0.371321037027816	0.166503233216642
-1.34784176560688	0.854687892743301
1.23350375597063	0.849841018876565
-0.948873699712443	0.705219597177477
0.1393097200573	0.0414857340564309
-0.0819351270645048	0.0362847113031604
-0.357628040105921	0.218782166246662
-1.24469252380267	0.949064693829972
0.586523293196605	0.305459152631062
0.29197636399526	0.188392504696062
-1.35277553099781	0.859897434488365
0.422565108326337	0.169882850838849
1.06098217294333	0.645749504205739
-0.974265108433063	0.605982344749949
-0.560450810295798	0.359394640730434
0.676396224252286	0.31663611417973
0.362709097413956	0.162184143382456
-2.56225950687185	2.71424779935413
-1.1856888043001	0.67203509782204
-1.35262216957124	0.858586133124071
-0.513097266168019	0.273265217134103
-1.04215155805216	0.41903356624497
1.93656946785071	1.20899773517411
1.80556115744	0.709204238553249
1.31583685770224	0.578688566094146
0.309472242937863	0.186270828585818
-0.0947321965247316	0.0589025435492423
-0.945265338810942	0.69923643297265
-0.814616932190339	1.17022467854928
-0.649593412215004	0.593728151828505
-2.056035276067	2.19326534081829
-0.643967640203148	0.587803921988494
-0.611649277460803	0.739130867665164
0.447677225745313	0.422184579854019
-0.573520871954267	0.370001554679252
-0.170080789631707	0.0979704819406492
-0.0527528549677784	0.0253722153195299
-0.238535498919549	0.0782368452146959
-1.8396714502032	0.75990222543046
-0.101602806383982	0.0862768244909877
-0.169042267052536	0.167688265714355
0.157779375309952	0.123765797505852
0.124931900467265	0.0597570237931017
-0.086926786431106	0.0385126798942974
-0.966747141253851	0.59859049712086
-0.276672735048983	0.279866302085597
-0.148922310449416	0.122028986533133
-0.0842709021994018	0.0373636095372986
0.132888220671258	0.0450543248212034
-0.759981764194667	0.951815152505477
-0.46592275963461	0.368002059703538
-1.01957678476443	0.92852731733156
-0.426747218342492	0.245543745835048
0.637899779419327	0.451121212041172
-0.116537047552098	0.0469735509652192
-0.676152271573837	0.406803771307876
-0.942752079481019	0.6979601211158
-0.427555582456128	0.2461134271671
-0.554168481972315	0.469310049708485
-1.34977044544026	0.856251848356998
0.0338602235081826	0.0206628432314605
-0.125449263353515	0.0753348444674477
0.164215181066971	0.111965662106096
0.0382300165023642	0.0233906931796249
-0.90904938667211	0.856461037511043
-0.0750603717179265	0.033306027117632
-0.535517937221125	0.205561517916868
-0.237477952696761	0.0778886575961749
-3.08991345953591	0.960747174631736
-0.422077644854332	0.242602477281339
-0.670468082548495	0.40213056066319
0.669732606178604	0.313086579259695
-1.25502816322051	0.960840959544034
-0.963253412982444	0.594815534116983
-1.18538490442466	0.671852268237255
1.04849182639768	0.509718584989272
-0.516168575206898	0.274983924325663
-0.939876412236849	0.694370895494868
-0.973425997337785	0.604914660475219
-1.50647323937646	0.775812020822925
-1.04436802647587	0.420175062937639
-1.15755644738434	0.355289941594665
-0.116490965625942	0.0469648901038593
-1.07849526832751	1.15242858744468
-0.717284690371445	0.640655647629274
-1.2931604748656	0.591359256359774
0.667747507778805	0.578541483871078
-3.09029030460571	0.960832707527767
0.14103192177006	0.0419706320314239
-0.41081226088766	0.173851415262344
0.482975414404131	0.303686743250901
0.482541496021525	0.303348073204068
-0.0000205015999277597	0.00000913543806162896
0.314222664084823	0.173554444458514
-0.118297233206783	0.0475898317157364
-0.168280676624519	0.0613309275118674
-1.18058569353961	0.667579924296952
-0.740941800230378	0.257318537190623
-1.85219007468335	1.1778386619725
0.683964012244699	0.44605168748829
0.7751397632453	0.462050154418799
-0.921815019774598	0.781258721043132
1.75830468017165	0.986217056022245
0.873496924154837	0.467722607376954
-1.00629587781411	0.506415795438021
-2.30323705460312	1.18200631303729
0.65469668159777	0.207920986734369
0.57899652428056	0.300703641435945
0.651349240994328	0.207129762624853
1.0200314996791	0.386398513169522
-0.127063540239845	0.0511115997929757
-0.996399523908138	0.500092061300357
-0.785341943065825	0.346624841667728
-0.253237285345026	0.127968235748848
-0.259763055595591	0.13174781977542
-0.823942514298023	0.645607660573591
-0.592703452130303	0.439400291737868
-0.998833065592244	0.501273082430521
-0.996675484119628	0.500920171091431
-0.744040292780805	0.830503686677343
-1.25163933108578	2.0552597183904
-0.430701301899378	0.411020208750294
-0.696341122924025	0.831491755439999
-0.928358315542235	1.19903882434561
-0.414790842328704	0.292123369750729
-0.264898213763388	0.199893488400282
-0.936615550822604	0.689804049190262
-0.670100692392911	0.401771011831863
-0.0714202368301591	0.0456715671486019
-0.417775107269964	0.176541370480315
-0.643506271279338	0.156786530055825
-3.09408861819707	0.962829753125291
-1.53164925455074	0.552638815903533
-0.472020662357329	0.577421440131747
-0.74079426030389	0.776528538278401
-0.369038062591033	0.225884841100465
0.1413598194657	0.0421025960431846
-0.923642749502699	0.785552373250599
-0.9376559805153	1.28359732598157
-0.593726136298555	0.588436217578243
-0.66986969731089	0.401533702363854
-0.203208522396334	0.110555718435398
-0.564476279310084	0.481722890873883
0.271471805248963	0.202848869623999
-0.180704102051142	0.12639673489228
-0.461426271065607	0.363499131314656
-0.265249476734511	0.134442634529074
-0.21434313517683	0.1172039919672
0.126553365684675	0.0544127338379484
1.94241834031554	1.21580992238539
-1.04843348997268	0.42268378687421
-0.813312335468768	0.449352086126168
-0.805373930000522	0.443879647261899
-0.0820379218521622	0.036274809496396
-0.324065009512398	0.15047931744454
-0.348908550328848	0.212890979032403
-1.1816892950742	0.668303686027136
-0.408513163287088	0.286617155442888
-0.568232112591278	0.366299944456757
1.21459716490964	1.01772883728461
0.766222524494618	0.456608540802294
-0.81803148933491	0.549527657798685
-0.266060889631509	0.200990631237266
-0.086681829371525	0.0650469085878591
-0.563650534643972	0.362153846961858
-0.120799851784789	0.0487069127433155
-0.542142876918705	0.208312018224663
-0.644006342900786	0.156718049862583
-0.781425630857237	0.344538461065501
-0.922910224476965	0.785133843263658
-1.43890186181026	2.15836288060929
-1.29826407772452	0.593186558976334
-1.77014103055532	2.35227575093288
-0.563270322657586	0.362374074628472
-2.09002422236249	0.96852720746282
-0.308293932746951	0.22889381261536
-0.131391566161697	0.0791473739406891
-0.970170958245392	0.601386390493854
0.297951791004433	0.178606389733152
-0.787558915132848	0.34862507972379
-0.644006342900786	0.156718049862583
-0.412710980914614	0.174294062609208
-2.49147613591662	1.41463001246942
-0.7389639873091	0.256670839118185
-0.967878266042252	0.600339561264681
0.407947237209073	0.30759856178189
-1.04359703690809	0.420463940972424
1.4330298391556	0.890725740117961
-0.515263997430111	0.274565694437898
0.118818122763379	0.0454064667878964
-0.269632631338682	0.137081909150369
-0.997721731950155	0.501381111468742
0.37211414114197	0.166982131110234
-1.04698922224577	0.421366979566404
-0.513153722157741	0.272672395964921
-2.80335256265563	1.91452153477858
1.02028601783919	0.386776796263063
-1.15486421229877	0.353960755591684
-0.787013983945816	0.348297448415918
-1.0424602576406	0.419767093556931
-2.6489804211412	1.64372777877745
-1.29287893594334	0.590150472890643
0.650086353252472	0.206202657488722
-0.238920608592102	0.0782667689841429
0.140785309842846	0.0419396944428236
-0.164052849140934	0.0597221791440503
-2.30352581227079	1.18186938757569
-0.363255768460324	0.105782299807354
-0.424583322821833	0.243709246372655
-1.17305538666369	1.03395992239632
-1.0403638965725	0.418077260779257
0.290912872215923	0.199239756741339
-1.11648147125471	1.34434355020617
-0.705090012225959	0.569701748543332
-0.479046388001753	0.324060474362455
-0.308400063605873	0.229015320372686
-0.185409556490413	0.147746175665013
-0.163517989375334	0.0941707140123033
0.929431528480217	0.626445264407106
-0.208074644371124	0.11346619637295
-0.265619914649008	0.135069730266933
-1.54183385012035	0.556979646258816
-0.747538120585577	0.259257919372238
-1.15253539705602	0.353154418604941
-1.30549038506997	1.79304608671157
-0.328775106388878	0.153300235929224
0.139333258450746	0.0470277427412695
-1.50892103259037	0.776059699944057
0.650802186307997	0.206632813066924
-0.818236109290694	0.452404110184117
-0.729978673354943	0.807564748901736
-1.05586391914241	0.852833395099961
-0.444038606742729	0.389632581367598
0.0122580580858551	0.00719420096048708
-1.52953759655667	0.551918095903925
1.59579331855452	1.11022985157535
-0.116996177784194	0.0471562356616979
-0.41720427760482	0.176404407629983
0.810688359963782	0.341190097058029
-0.241453949883888	0.0791674426738944
-1.69692536650458	0.977213704171719
2.09914313406806	1.45894879993974
-0.951307332135095	0.707871917925572
-0.0704681108824433	0.0312464711211572
-1.15439361670696	0.354342573020678
-0.996675484119628	0.500920171091431
-0.364212438746839	0.106078206157018
-0.543671293584342	0.208484820382793
-0.999386692748481	0.502104358979482
-0.3320813235788	0.154825471157972
-0.0455831397375591	0.0219711383096536
-0.316995122678052	0.146573055423126
-0.744414342222034	0.258355426914266
-0.624812752130519	0.303049266930397
-1.04786382925772	0.422554751457188
-1.15803450000539	0.355059130854004
-0.740705291977838	0.257263180060709
-0.429709786904097	0.247444776359838
-0.813761769933732	0.545123828761488
-0.823090657202456	0.553824872384328
-0.812142544283848	0.634409061150763
-0.713142086406097	0.578676200432898
-0.806744440737704	0.705210929833132
-0.171715828002281	0.062535222119982
-0.628585430612749	0.305545711741027
-0.741848012858367	0.258096023054699
-1.5369997817935	0.555799845674469
-0.238318402636722	0.078044741642038
0.131029538502094	0.0444244541563046
0.512922403195653	0.184486383498599
0.510007909511423	0.183564268952108
-0.791463174895768	0.350267087353982
0.132888220671258	0.0450543248212034
0.373644966086393	0.16789882897663
-0.746151045211633	0.259667037559905
-0.243691256522987	0.079660254038021
1.02226842375779	0.387145037531902
-0.644388443682788	0.157000626677781
-4.01411754197199	1.76498747005377
-2.66834247570333	1.65907713223319
-1.15392338036234	0.354212278509058
-1.15439361670696	0.354342573020678
-1.15799700419576	0.355156175000868
-1.5318146928413	0.553494474919415
-1.2907900581269	0.589216258109716
1.0195371096822	0.38582119059101
-0.176208202634952	0.0641050752213532
-0.742182711888573	0.257807372285815
0.1413598194657	0.0421025960431846
0.1393097200573	0.0414857340564309
-0.329317511719044	0.153288395629677
0.141934018068002	0.0422115362011609
-1.11610181365242	0.7713845124163
-1.00201701834855	0.504117324485756
-3.7650365789172	1.51294271983965
-1.24823461396033	0.954959561255496
-1.11782670594974	1.09734807580953
-1.37489988883155	1.80720138563845
0.629708646481778	0.444891322549444
-1.16896864430832	1.03050841944462
-0.921169796423193	0.781313476353647
-2.0041388132742	1.4131593127944
-0.169883896372831	0.0618368277104948
-0.328157841808291	0.272666437988836
-0.891421797345561	0.911231424037363
0.158303304718668	0.107695907280435
-0.813324273947354	0.712355579964519
-0.169835937641051	0.118189607887358
-0.058543727581448	0.0384398853998419
-0.411856774135809	0.331428802321989
-0.539839679278571	0.207260587364668
-0.293625246075501	0.1876354934617
-0.356983323220603	0.258958162686724
-0.513787203793804	0.273500210328847
1.04477301317624	0.506956885971242
-1.49391634880395	1.05490416750964
0.41163649019514	0.311678598625336
-0.544512919265376	0.209060965089162
0.128065802893217	0.0434680575192894
0.145828384011954	0.0367587486446884
-0.538151618981623	0.206588191897496
-0.324398256476375	0.150739750676104
-0.0216863759637496	0.0111591525281239
-1.1155450992008	0.770859494332338
-0.599721291190813	0.446837407114157
-2.08635409087462	0.965683537778705
0.79803379266607	0.33575390202409
-0.810635436557608	0.446993892848414
-0.742182711888573	0.257807372285815
-1.07837896829795	1.15242816375077
0.0203306230109509	0.0117730049044047
1.25614341202314	0.692818894948525
-0.422169132435018	0.24256188015724
-1.36257714625945	0.865138161573624
-0.814848556708245	0.449873169479759
-1.91733512000292	2.37692304797951
-1.03082953933213	0.946062858471365
-1.35003129020343	0.857535443455371
-0.673232035186901	0.405043182518226
-0.241453949883888	0.0791674426738944
-1.83952999035484	0.756761156379491
0.133155287376562	0.0451076874905746
-0.236606371241214	0.0776017669502627
-1.51591355638878	0.782037064263787
-0.213881797309599	0.116803698969525
-0.742419833798786	0.258214778445979
0.65414904119533	0.208020876626531
0.426509628253346	0.171575902443478
-0.172519762711266	0.0627427399008346
-0.625021176482895	0.302879688914249
-0.23399197044413	0.0766065031875398
0.132055846316588	0.0447762654002208
-0.165109455645254	0.0600791443256458
0.134607242487656	0.0513708533944172
-1.83539757756382	0.75750800966345
-0.975390633209517	0.606891452354238
0.134993392187805	0.0402831505348415
0.148598486564552	0.0373599031239063
0.14103192177006	0.0419706320314239
0.144030943602207	0.0363402578839825
0.148123932113398	0.037298775193441
-0.162442973725322	0.0592138065020847
-0.751027518459726	0.261129168281002
-0.675328720416174	0.406177812408653
-0.884787513188057	0.900498163313726
-0.481666570167799	0.325925608532844
-0.711057957427962	0.576441513203965
-0.0627548648199925	0.0400125747548877
-0.411800556044568	0.290065948240237
0.0495391735817245	0.0317992466297084
-0.813491749918448	0.636220961703528
-0.566563879076935	0.364568088092723
-2.13617949055498	2.40307690779861
-0.810718598682409	0.448237280387505
-0.163793329784282	0.0597182116427333
-1.0055170664969	0.505458413299925
0.12552900766566	0.0480228464408457
-0.344378230130421	0.411094501525587
-0.271208459813031	0.331465173101159
-0.254468814557402	0.322635635320519
-0.0102438046413389	0.0102171855279921
-0.264681968366395	0.285414409869489
0.403305881123336	0.302981076703038
-0.116824807734169	0.0470219246927207
-1.83875848168522	0.759162449562453
-0.423655878943367	0.179601389929487
-0.101453270133208	0.0632066368295137
0.452755676346	0.306389744755825
0.127786664589047	0.0433722500849783
-1.54037392610232	0.555673685460265
0.936401569876498	0.245675339056074
-1.84453084161496	0.761059866992795
-3.76343272727151	1.50890227492143
0.0291299942630781	0.0178825150594796
-0.660075594162763	0.651448410720009
-0.741514061952099	0.257437556377308
-0.643889763897163	0.156661592959279
-0.361802623855853	0.105358062763741
-1.03628161874036	1.1785011666261
-0.667049556480362	0.806802418692526
-1.00444860123223	0.506172705694347
-1.22747689283761	1.86045349804327
-0.811670868397064	0.711171791738971
-0.570227350571507	0.367485149954672
0.139373629020068	0.0264474830594518
-0.647461655721112	0.157598110120326
-0.237747525916144	0.077958682705542
0.145828384011954	0.0367587486446884
-1.80368476738292	0.398254084963023
0.142469531863295	0.0268725113483955
0.142637387713013	0.0360861991956938
-1.51308953704211	0.779721954830417
-0.643123124462485	0.156504140249688
-2.58843250021574	0.677477739401539
-0.644006342900786	0.156718049862583
-0.238535498919549	0.0782368452146959
0.142727172563101	0.0269105320645235
-0.647852271039411	0.15768507802046
-1.15300618747366	0.353816991053109
-1.15067412918645	0.352834915266282
-1.15300618747366	0.353816991053109
-2.58428653566473	0.675727611967995
1.95135265955319	0.45428366780025
0.140184451576725	0.0265585662587612
0.650444653728205	0.206870989076807
3.25219401652934	1.09882975306147
-1.80368476738292	0.398254084963023
-1.807243397525	0.398882182291443
0.135344827059028	0.0258639507496658
0.13912027261828	0.0264101516649031
-0.643123124462485	0.156504140249688
-1.00043487315502	0.503226775995486
-0.131672402896056	0.0959393975839485
0.00105388640345191	0.000587460569144964
-0.535517937221125	0.205561517916868
-0.428838813976849	0.246825606171573
1.30461534937901	0.570549366404683
-0.254379467832548	0.169281283886168
0.051807581233512	0.0333434567281305
0.323940336539934	0.295973780778709
-0.345689791967052	0.341561260796221
0.700195780658416	0.85651347877914
-0.401636737173561	0.388339991725799
-0.325566303074678	0.3717350314167
-0.136251736298919	0.145654320297888
-0.81332331318328	0.544965832341186
-0.495130756377015	0.63647998639787
-0.279102250066609	0.319202907591634
-0.566992979867964	0.75700748580899
0.294920398229035	0.190589478178647
0.651896042016441	0.207030647505349
-0.170912764961516	0.0622636754540297
-0.356858226389403	0.401167012556671
-0.0199500397132367	0.0102982882266228
-0.414302932155302	0.175032334301047
-0.644770889342653	0.156875139887313
-0.0517498160564418	0.0339203010038687
0.768330937876051	0.457037851976182
-0.737818425892552	0.255841649506686
0.143665287756915	0.0427236629465922
-0.643506271279338	0.156786530055825
-0.35845544263212	0.104471490348146
-1.80368476738292	0.398254084963023
-2.58453548475525	0.676764203908389
0.424863892598348	0.170611039670474
0.287558794484219	0.196499666061864
-0.161367880708516	0.130112059766927
-0.162442973725322	0.0592138065020847
-0.644006342900786	0.156718049862583
-1.15439361670696	0.354342573020678
0.269308190289735	0.217438784041115
-0.816476473510985	0.639522801364135
-0.967181041979329	1.49006327073264
-1.18698867844851	0.673015501575736
-1.36510888501746	1.14531051804411
-0.366106353055766	0.106564775009011
0.142469531863295	0.0268725113483955
0.935126029437946	0.245318397037238
-1.80368476738292	0.398254084963023
-0.743838178560171	0.258439685322713
-1.53554019388682	0.554309681981325
0.509805060222284	0.183409050611913
0.139373629020068	0.0264474830594518
-0.748692670861159	0.259686293548182
-0.742182711888573	0.257807372285815
-0.643506271279338	0.156786530055825
-0.644006342900786	0.156718049862583
-0.741276499011426	0.25781621104378
-3.46584456958788	1.25353297605489
-1.80368476738292	0.398254084963023
-0.746726771319564	0.259871772377509
-0.644770889342653	0.156875139887313
-1.15392338036234	0.354212278509058
2.74877977095104	0.77489585677119
0.430485762153355	0.173362486516208
1.95135265955319	0.45428366780025
-2.58843250021574	0.677477739401539
0.933710809861868	0.244826616527384
-2.58428653566473	0.675727611967995
0.13912027261828	0.0264101516649031
-1.80368476738292	0.398254084963023
-0.407368341222876	0.506619378006871
-0.401528809771393	0.321620458938857
-0.416158815280474	0.176424715546526
-0.207291974838117	0.112893082101552
-0.542446778291364	0.456759309990082
-0.793507528998074	0.351437351531063
-0.971722963836299	0.602233059526315
0.136501741101708	0.0653516707761222
0.450807059606913	0.305287096921408
-1.28854962691831	1.43213472766953
-0.131881816016614	0.0960372618983507
-0.0628821489673669	0.0547857111334924
0.336696208284942	0.376899102222787
0.48416360024677	0.579164003208204
0.076741677365641	0.0698890897677707
0.220328210836526	0.252743609642791
-1.11944306487531	1.10174589221501
-0.116116709860579	0.108889769856191
-0.39809406088356	0.352568128653247
-0.34273913715919	0.408992744279445
-0.570012321105845	0.690032046014925
0.388583645388295	0.306160513064532
2.09813250073282	0.939765309562342
0.798599288615639	0.335667569176938
0.00562879647208799	0.00397475348471643
-0.0515744618015568	0.0346048963900219
-0.237096024560027	0.0776212713222976
-0.121218183408607	0.0723822209793191
-0.371332425761918	0.107991313233765
-0.363255768460324	0.105782299807354
-1.80379071234984	0.398266610487963
-0.747055356811924	0.259655588067032
-1.53164925455074	0.552638815903533
-0.273832860302578	0.207437426507512
-1.80379071234984	0.398266610487963
-0.739798199098655	0.256488865469576
-0.723243284622926	0.702630491756958
-0.0846351485350611	0.0374911557959136
-0.528858183618048	0.406967714411567
-0.818288586029607	0.547898027915605
-1.19326302109819	0.676967660531182
-0.745111449018866	0.834689270189552
-0.753338142815992	0.89473506044556
-0.293799735429563	0.31100698365819
-0.813515226516875	0.713192180210296
-1.5318146928413	0.553494474919415
0.79803379266607	0.33575390202409
0.509805060222284	0.183409050611913
-0.738629090206008	0.25643862371353
-1.15300618747366	0.353816991053109
-0.747055356811924	0.259655588067032
-1.04158325318629	0.418585395243696
-0.372785945355085	0.108267682205669
-1.83909918131213	0.759394746718806
0.139930142590356	0.0265210820862786
-1.8359662765192	0.757377146649207
-0.362166381635235	0.105626912484328
-3.7650365789172	1.51294271983965
-2.58478470503525	0.675813541092272
-2.58453548475525	0.676764203908389
0.140785309842846	0.0419396944428236
0.142469531863295	0.0268725113483955
-0.241751693846918	0.0791910993295349
-0.647852271039411	0.15768507802046
0.928481199205008	0.243805258274956
-1.15895089420025	0.355454865791994
-1.53219054338251	0.553674997524989
0.140184451576725	0.0265585662587612
0.929363107220915	0.243670370746797
-1.15300618747366	0.353816991053109
0.139930142590356	0.0265210820862786
-0.243192926623713	0.0796302555049372
-2.58843250021574	0.677477739401539
-1.0329071582376	0.948999733461556
-0.546038726781867	0.669016429097746
-0.958567068993848	1.40549078136081
-0.699287051921572	0.498459361025782
0.805204693550491	0.339371994678625
-0.133450020008832	0.0534818254052038
-1.36600008732786	1.78695194315238
0.940489882231591	0.635401459736898
-1.18917499872805	0.675385979454538
0.923332568640401	0.618793166225447
0.280006295643318	0.201190857349643
-0.289082618106404	0.243071934060106
-0.238434814053233	0.206204799804614
0.082519668912914	0.0599388946990114
0.247332123385074	0.223232889772425
-1.01330822889274	1.8487191666434
0.426925186541217	0.54727683517934
-0.0741768012271507	0.0641270335034969
-0.597512995720888	0.444205212531621
-0.694272211820824	0.494289770517977
-0.129098126637987	0.0775281789578158
-0.310812524038239	0.35767802913743
0.679854603009435	0.97414901640817
-0.00255402711776291	0.00132024126001138
-0.263891522182683	0.134239415908934
-1.35760591474771	0.862063216600224
-0.256983862409792	0.218295723906978
-0.403342100025574	0.323319799591955
-0.234259276164921	0.0768738569502217
-0.369084363556542	0.10724569547567
-0.242894765745569	0.0796348330145537
-0.230762727133645	0.0755782267206721
-1.53327386150544	0.554071585244721
0.139373629020068	0.0264474830594518
0.935515179855096	0.245440180005837
-0.643123124462485	0.156504140249688
-1.04349362118201	0.419740113125698
-1.83909918131213	0.759394746718806
-3.46584456958788	1.25353297605489
-1.15439361670696	0.354342573020678
-0.54797237363883	0.551248898020728
-0.518728863314665	0.398376947748393
0.142814016661559	0.0870371689224669
0.153221453666951	0.0991431607549368
1.88391541992939	1.61910225661015
1.22533093866247	1.48250439489307
-0.101401232297362	0.0631464404911822
-0.0730073090342818	0.0557720251531004
-0.339208350799539	0.309376209475745
-0.032245558931967	0.025506280431979
-0.644388443682788	0.157000626677781
-2.58817701744193	0.677412741892899
-1.80379071234984	0.398266610487963
-3.4697465656871	1.25533488138392
-3.09029030460571	0.960832707527767
0.139556940401302	0.0415648034416572
0.132055846316588	0.0447762654002208
-1.80379071234984	0.398266610487963
0.139930142590356	0.0265210820862786
-0.644388443682788	0.157000626677781
0.139930142590356	0.0265210820862786
-0.647852271039411	0.15768507802046
0.936401569876498	0.245675339056074
-0.644388443682788	0.157000626677781
-1.15019981108223	0.352703694647943
0.146737983479964	0.0369987654124611
-2.58453548475525	0.676764203908389
-3.09029030460571	0.960832707527767
-0.643123124462485	0.156504140249688
0.142469531863295	0.0268725113483955
-0.12247362403796	0.0493446725033237
0.881209925149689	0.47392028017938
0.589965545847643	0.444785415446802
4.98848233069523	3.56018093923041
0.136084377685652	0.0460683789796626
-0.419630490333242	0.177957182429578
-0.621952943366323	0.515870729660712
-0.10928029979449	0.0810029884444172
-0.177787613315682	0.124212532596923
-1.05572563881499	1.67719048127895
-0.131225141198296	0.0956166265162471
-0.271614263985347	0.273525827980924
0.931264101793501	1.13020300848104
-0.151595191353549	0.135721973630529
-0.403536862498841	0.323374954332292
-0.597578611790345	0.444244597430813
-0.601304317204624	0.690804868202366
-1.62372616684854	1.25891872133406
0.300123276932434	0.180044309200105
0.131416766923374	0.0564326013447517
-0.304942902079108	0.225804341506066
-1.61989473779287	1.96150748101422
-0.80034796865937	0.881919652495636
-0.0534384410021384	0.0350198993020997
-0.425046679712464	0.244253791365288
-0.948021288631545	0.70383031278481
-0.209016987904292	0.113928143664068
-0.746726771319564	0.259871772377509
-0.517584958564377	0.275616890728423
-0.742182711888573	0.257807372285815
-1.83448317285978	0.756769538624434
-0.797836293383537	0.353582414982322
0.88926892655804	0.478370830137916
-1.63002105281462	1.27036865129829
-0.818078270864465	0.452510550348246
-0.0552191074455116	0.0265173882026074
-0.812040666869954	0.543713208906441
-1.23227142937923	1.4607733031092
-0.268899654896961	0.13668838415969
-0.409812549593427	0.28846757401495
-0.805373930000522	0.443879647261899
-0.570227350571507	0.367485149954672
-0.329635960268901	0.153335334423157
-0.818078270864465	0.452510550348246
-0.79390713873614	0.351551459161185
-1.75296884858481	1.49581816573969
-1.37129803649012	1.3994680949932
-0.538151618981623	0.206588191897496
-0.180026482199348	0.126075462977089
-0.164387942822071	0.0946748838876151
0.885346736336874	0.76369100034821
0.551000485593929	0.543972013904845
-0.355947796986603	0.217534119907144
0.144887227748965	0.0829104102959631
-0.414828580143038	0.175497670231101
-0.807956830332975	0.444939271660374
1.22991023017496	1.03368465310965
-0.0830060120245051	0.0367499089374129
-0.676975399130032	0.407180794983707
-0.919415891548603	0.779641570948266
-1.18468228417349	0.672316148748114
-1.48744546224808	1.35529923185431
-2.04753277810395	2.16794243894876
0.376161795930662	0.169144742488819
-1.29372102355982	0.59176400453293
-2.08987488288067	0.964197192974937
-0.814523977988949	0.450425995449949
-0.168882286622644	0.0614263520611943
0.79887233154086	0.336139804071938
0.794652567195825	0.333318485688298
-0.164626550938382	0.0599144793142656
-1.04189216281964	0.418924226052755
-1.15392338036234	0.354212278509058
-2.29605022680779	1.17509369550735
-1.25245127115062	0.960595140804233
-0.233387135509462	0.0765198473617531
-0.363619197342818	0.105894774191241
-0.165145037809874	0.060131898293132
-0.9810668169866	0.609829009968026
0.650991162239829	0.206772040177897
-0.544114473045216	0.20913830975888
-0.118673738096202	0.0478020956268743
-1.29191114365573	0.589347285103776
-0.362710949837822	0.10577213020672
0.126079963588286	0.0481422666847844
0.138460679810576	0.0412231247306769
0.430099833409523	0.172780336117568
-0.644388443682788	0.157000626677781
-1.04349362118201	0.419740113125698
-0.644388443682788	0.157000626677781
0.51174254082849	0.184178364192085
0.42808311482521	0.172136637320523
-1.04447463018139	0.420263617366416
-3.7650365789172	1.51294271983965
-0.517877760282223	0.482103828667851
0.482767027781006	0.430614833084573
-1.8564989685255	1.18391827169119
-0.967451618404953	1.0467057080429
-0.81262868392402	0.712341281774506
-1.1145663475433	1.34036796803995
0.0364943430310976	0.0223335864422676
-0.677696115785355	0.407486178093333
-0.207383119095944	0.113147421425224
0.289558615081198	0.186563925920851
-1.83448317285978	0.756769538624434
-0.543266856350763	0.208763548655505
0.144241227938778	0.0428872731898325
-0.330702248892747	0.15403885315791
-0.125161507033459	0.103339116762181
0.239712771388512	0.215073072813178
0.341395489247115	0.171068696926097
0.450143868471136	0.304140522173191
0.583474956519038	0.645133850759601
0.16337237927316	0.143117838771172
-0.187150262333819	0.148777469922813
0.128433605172811	0.0550768295516118
-0.147844231461522	0.105302060975424
-0.187836927900815	0.149827771121464
-0.407041136662209	0.285419710942862
-0.165145037809874	0.060131898293132
-1.50879141901527	0.777100763370216
-0.944703027334127	0.699511294671581
-0.415337954656273	0.175690846010217
-0.167267366049274	0.0609436470739813
-0.808944492567969	0.446910245326158
-0.740941800230378	0.257318537190623
-0.976104159759752	0.607863548771747
-0.353311948140147	0.216063950545025
-0.0502553028783164	0.024165943702296
-0.670380702436138	0.401555524853898
-0.918022882282339	0.779008251629831
-0.123462139279216	0.074142104575519
0.895697322119084	0.776109974963577
-0.406353135825218	0.325820219568357
0.767524773562237	0.601896468058327
-0.0472898024734883	0.0227948884833008
-0.548884377911854	0.210678234764431
-0.24665033734776	0.163685787190585
-0.348422929514968	0.212240581641676
-1.62963889602281	1.26681462122843
-0.666647759001566	0.398470581572015
-1.25330106137637	0.961047023869208
-0.64834559013069	0.157812973783057
-0.819370015741919	0.641965671291155
-1.29882524856631	0.59401691909246
0.626969345509674	0.565449498416866
0.557000320647951	0.442048685892432
-0.327295243408991	0.152328062598557
-1.15115769729181	1.29614800993785
0.707439695178757	0.584799403174364
0.51408721869374	0.185096174251148
0.93726848422184	0.632555942065029
-0.674328757820677	0.405547716168267
1.54686211618613	0.767708335789702
-0.412656054429682	0.174681011524449
-1.2346702917529	1.47032105208211
-0.119871123517217	0.0868516405548316
-0.41613474123821	0.176119518306245
-0.249956524000805	0.165602470674607
-1.5192675359101	1.97134098988024
2.33589871670775	1.17276480474714
0.133508382553801	0.0637779348552704
-0.127764860587549	0.076762900544811
0.141111686058764	0.0419151383415947
-1.00417383279281	0.506023554653868
0.135571700409456	0.0404808758649131
0.374803647957464	0.168371012276692
-1.15347733768864	0.353947479713194
0.131222837903894	0.0444544196344765
-0.821339774729347	0.551832589322157
-0.809665519689178	0.446612988994613
-0.164339324198145	0.0599109386152847
-0.419630490333242	0.177957182429578
-0.329579122799	0.153749164617559
-1.8615691596679	1.18798834460288
0.31132292192391	0.171541076890993
0.140184451576725	0.0265585662587612
-0.538730061851111	0.206193824014181
-2.08603393409466	0.96449409129375
-1.84081690904406	0.759188618862807
-0.536479084637438	0.205559461444976
0.510875541395758	0.183928738190787
0.1413598194657	0.0421025960431846
-0.16908184300615	0.0616182877911792
-2.58478470503525	0.675813541092272
-0.741848012858367	0.258096023054699
0.131063774470569	0.0626996992914999
-0.54298951890346	0.208686132634316
-0.237747525916144	0.077958682705542
3.25399732634696	1.10138712863889
0.374238821297594	0.167861758730564
-1.04843348997268	0.42268378687421
-0.415354340451682	0.175826033861495
-0.708564663167417	0.572731116797313
-0.291414240552921	0.245679088291128
-0.571484306397545	0.61246855673856
-0.728781853651696	0.709179334694774
0.798510531469211	1.18842814298707
-0.522760536174542	0.489416579768537
-0.0930398679438511	0.070175606839275
-0.442899074886034	0.388206468330358
-0.270057487780254	0.204045193666883
-0.513787203793804	0.273500210328847
-0.0473262871602052	0.0227927630581422
-0.41323615205198	0.174757850001927
-1.54037392610232	0.555673685460265
-2.49977240134653	1.41645004524075
-0.567409044740746	0.364745170747708
-0.600125227986618	0.447407572122959
0.0679418678494432	0.0475209267397498
-0.14180867464643	0.128636407915061
0.255555280069802	0.211716527346524
-0.210198544318499	0.114837101976142
-0.20639384220633	0.140595308829164
-0.441561223262888	0.424366007285547
0.073062910338055	0.0512009611467633
-0.305763650811134	0.28139382358586
-0.420521414117005	0.241475957709411
-0.420811917284908	0.241651053601612
-0.465543386071446	0.367650712420301
0.435211729257745	0.313261539432528
-0.00789305717643849	0.00412464975363091
0.129193281029703	0.0437930146230249
-0.515845415223481	0.274922047301599
-0.969000170418027	0.600298147342671
-0.976432901435878	0.607151397303204
-0.514904041419268	0.27427589806961
-0.259400372425109	0.131595577211311
0.323012258036286	0.178596583955999
-0.62782020787333	0.304781746284826
0.297055851156959	0.178172130380708
0.140458165206262	0.0418615852654621
1.75955206319763	0.987433265790141
-0.534393347384375	0.205023861194337
-0.746726771319564	0.259871772377509
-0.172671101458526	0.0628492394971158
-1.04272005949682	0.419280018630572
-0.78353714772363	0.346347964569494
-0.809268580489396	0.446833435822016
-0.425985075794958	0.244883380934026
-0.6691937520225	0.4014477270877
-0.511417147047862	0.271769410653297
-1.50002448796926	1.05689156694057
-0.267624481335639	0.136078797670415
-0.574373115580886	0.370605728889944
0.664844301596275	0.577293203360127
-1.24896353547111	1.64904310184864
0.76558830890368	0.599603010429899
0.152142517271631	0.086839422922752
0.133592638462362	0.0573486605282302
-0.027798632028432	0.0141780600061504
-0.950147485270304	0.706218491720298
-0.525550731389637	0.404481836085932
-0.26231521308892	0.13298205227906
-0.267259189939473	0.135896801529097
-0.359911076994201	0.104872867536805
-2.2620681743758	1.92138611935241
0.454703926671514	0.415833903084199
-0.415374930132794	0.293188685327476
0.0168852114962338	0.00981804655279809
0.160105857961664	0.121885145209769
-0.204912547983577	0.111557325544127
0.1413598194657	0.0421025960431846
0.300011816044052	0.179513975872911
-0.165691341247652	0.0603002900840328
-1.57950457370681	1.549473214311
-0.2390274349931	0.157727637576665
-0.802993383308003	0.768066049268392
-0.355642785136652	0.103485182800417
-0.621176187643801	0.301238719885307
-1.11663723897387	0.771816982361445
0.400383869775147	0.31690030880585
-0.735762510381576	0.718044203215343
-0.0737433928993788	0.0471664644891247
-0.518378911937925	0.276112548336788
-0.974265108433063	0.605982344749949
-1.29135050930103	0.589403957324184
-0.636155508911381	0.309242738909145
0.127931809070693	0.0489078759226262
0.525541234883103	0.302285933246411
0.127786664589047	0.0433722500849783
-4.01761090594294	1.76844298930181
-1.50837743383326	0.775968801494011
-0.741848012858367	0.258096023054699
-1.34646897106186	0.853073349632121
-0.263082007344732	0.133320111363075
0.772284044368868	0.4605558268554
-0.994764316409594	0.498130157447555
-1.04698922224577	0.421366979566404
-1.51091888098795	0.778169586560806
-0.360713154621022	0.104928044856164
0.142727172563101	0.0269105320645235
-3.76396710128731	1.51165110521982
-1.04843348997268	0.42268378687421
-0.534119830392118	0.204770125602286
-0.787013983945816	0.348297448415918
-1.15799700419576	0.355156175000868
-0.537589304181351	0.206094574742513
-0.788092149452314	0.348156649758313
1.01913264922984	0.38618919405726
-1.51064550147062	0.778998256066615
-0.234829575212863	0.0770304092976012
-0.263133185847779	0.133454358961631
-0.539276806409919	0.207127681793212
1.00884072262214	0.952530135980709
-0.684702542343843	0.771129679789438
-0.55511117382315	0.561053906756814
-0.565255051797674	0.363944523479175
-0.522249591827582	0.604507165148742
0.152036324681263	0.107217632616603
0.167408555819785	0.12379117452638
-0.824369137575139	1.08403268760918
-0.36455169278277	0.29856132559343
-0.422142331786172	0.242397952839629
0.293368245885101	0.189290590209428
-0.746726771319564	0.259871772377509
-1.15707876120986	0.354760041850164
-0.312534161458669	0.232239417250738
-0.0972938630236725	0.0605297912588546
0.275949289823117	0.320169891552479
-0.240722223147867	0.208501887612036
-0.437726075850251	0.418863604119713
0.339299043885222	0.169613101638522
-0.447447609220883	0.393359983414987
0.777895703335721	0.927172565686405
1.068817278414	1.35114746923368
-0.328831196592297	0.153006686566565
0.128254156162725	0.0612224889777154
-0.746726771319564	0.259871772377509
-0.367370736590504	0.106848889573284
-1.0049723971438	0.506574590675267
0.694440618814078	0.698297925920183
-0.698449739889563	0.497493288927851
-0.206940351583884	0.112861456564984
0.426509628253346	0.171575902443478
-0.534955549485768	0.20533826801366
0.139373629020068	0.0264474830594518
-0.237176848830075	0.0778020280962772
-0.539551348887912	0.206952502569875
-0.237176848830075	0.0778020280962772
0.505451262130689	0.181603766022305
-0.637841522694497	0.310139041418793
0.131929033420281	0.0504202941929281
0.451890735339139	0.305623251462335
0.598937595226457	0.45339296484809
-1.00122021034096	0.504272179395878
-1.35051389727991	0.858321445519459
-0.745575630010693	0.259159802580382
-0.797005001771687	0.35221208137405
-0.803233673572363	0.888132175995265
-0.16617394898698	0.0605322426701329
-0.425920131063042	0.245283083372055
-0.101354319380883	0.0629843946770947
-0.601037245670323	0.875695498815749
-1.48767707013344	2.10076647958779
-0.424203936905029	0.244075233619256
-1.04390615555555	0.420016956092299
-1.00122021034096	0.504272179395878
-0.457263112010038	0.360194529145895
-0.598576739015384	0.445928121463662
0.0774640903094814	0.0562355601649551
-0.0897223252448174	0.0755231366064977
-0.467431146868313	0.516047918438721
-0.0498303233394636	0.0384371339589768
-0.0713296448255984	0.0456002975152955
0.318494625386887	0.175927449437077
-0.528528260801676	0.407668643067782
0.283273951337515	0.203659049278709
0.480747839189572	0.586871263278018
0.447908239406947	0.422996578281372
0.829679765454794	0.871936149604961
0.246841838827066	0.233837133264979
0.00118992134574549	0.000867692493654332
-0.121346855294197	0.0877782903429592
-0.268821531533829	0.136754695692316
-0.00320267601401551	0.00167687831328766
-0.802918506334316	1.04602435631562
-0.159043481923661	0.0913762978718827
-0.078572371521343	0.0348537957440428
-1.28882787339485	0.587667232482263
-1.53554019388682	0.554309681981325
1.43973986105876	0.479489791047764
-1.80379071234984	0.398266610487963
-1.53127286779506	0.553105673100975
0.142206421270329	0.0359541333965371
-0.363074920327927	0.105749762822137
-1.15439361670696	0.354342573020678
-2.58817701744193	0.677412741892899
0.139373629020068	0.0264474830594518
2.33763139679723	1.17482410750653
0.145828384011954	0.0367587486446884
-1.53127286779506	0.553105673100975
0.149527783414501	0.0375652210591108
-1.80368476738292	0.398254084963023
-1.53327386150544	0.554071585244721
-2.58453548475525	0.676764203908389
-3.08991345953591	0.960747174631736
-1.04158325318629	0.418585395243696
0.140785309842846	0.0419396944428236
0.148123932113398	0.037298775193441
0.139373629020068	0.0264474830594518
-0.535791908283722	0.205464292080573
-0.644388443682788	0.157000626677781
-0.236036093012264	0.0773277810609913
-0.747630638147624	0.259859955972283
-0.807718082425469	0.706130636405562
-0.129414648131959	0.118475458765742
-0.148086393561175	0.134931460334147
-0.869893988674726	1.0128322539156
1.00853547349069	0.950258775598652
-1.11211404807781	1.08737497869858
0.475983917257804	0.514268956360632
-1.02866079043324	0.944472728103536
-0.078704684213231	0.0504016413321933
-0.972050476357458	0.603141239346648
0.947562079033765	1.1570147521382
-0.618238984714391	0.657875457487919
1.29504066300053	1.65188161181662
0.523667947182488	0.528526004980517
-0.187307559099156	0.14932312746464
-0.656228778720851	0.646136621341681
-0.563207142745175	0.361737240527643
-0.708908212500444	0.572477017747275
-0.351096940635431	0.370872846834306
-0.095374520278412	0.0805510608387408
-0.211073583679564	0.115169794335262
-0.793098515782442	0.351690335205156
0.0206907645193318	0.0119605472282306
-0.0636379103292402	0.0483347834405129
-0.047072646260848	0.030831070707802
0.135950500853045	0.0650776112530259
0.147649013295955	0.0371443901885897
2.09185664329429	0.936292324337415
-0.120799851784789	0.0487069127433155
-0.791745678755755	0.350963339322673
-0.361495644284038	0.29526512148664
-0.8242845409741	0.794103465768521
0.304113534133139	0.182666392281207
-1.36324347214262	0.863636655894645
0.13912027261828	0.0264101516649031
2.74617618045436	0.774720201883077
0.141934018068002	0.0422115362011609
-0.618494720318737	0.298535133903102
-0.449908677743521	0.350734610412106
-0.691688831461564	0.551667919187315
-0.807731229171554	0.444957825547657
-0.408699691565855	0.172271152898569
-1.28882787339485	0.587667232482263
-0.418580029248622	0.177413239267987
-0.542142876918705	0.208312018224663
-1.29231840462832	0.589747004566986
-0.518833593023975	0.397870143296347
-0.62546181692	0.303728034164568
0.503513432405427	0.594864677779706
0.734454872750503	0.806261949893379
0.430485762153355	0.173362486516208
-1.15300618747366	0.353816991053109
-1.83505230984646	0.756639373351276
-0.17226279513517	0.0627452428304373
-1.80368476738292	0.398254084963023
-1.15253539705602	0.353154418604941
-0.643889763897163	0.156661592959279
-0.527175666824581	0.405389539481941
0.932312539290577	0.628079825328847
0.455882375707785	0.417035340164772
-0.341184185693324	0.335292708840137
0.121850718050028	0.125267633824058
-1.29826043272408	2.20314230234139
-0.216536309542078	0.148117148859427
-0.353073029682724	0.216018623238028
-0.143362297286766	0.101879387227496
-0.523152254043524	0.401832160072324
0.312414985760075	0.171997022382078
0.483409250823885	0.303918384421321
0.836949966819857	0.613757689458508
0.596049436333898	0.64087723220176
0.632773226310912	0.572209824882997
0.38954023103276	0.402080173080185
-0.369630469687872	0.333461872274507
0.757730594585269	1.05166330740074
1.39381183654757	1.7385513668651
-0.42508286799778	0.244774726639616
-0.410568569680701	0.288403847358002
-0.172544012832221	0.120400332841864
-1.02096643615616	1.57373934894587
-0.676606008689282	0.407067026313057
-0.121088961547046	0.0487649822681702
-0.36125776400353	0.10521302829144
0.135538095266814	0.0458551699678765
-0.996399523908138	0.500092061300357
-0.367012159161167	0.106980484577588
-0.35900113863639	0.104616647983879
0.147685616873541	0.0372140815523598
-1.15345350292765	0.353548980162923
-2.58453548475525	0.676764203908389
-0.747630638147624	0.259859955972283
-0.643506271279338	0.156786530055825
-0.35845544263212	0.104471490348146
-0.537877518920207	0.206535210663043
-0.359365673988087	0.104727737543846
-1.15347733768864	0.353947479713194
-1.83528069034894	0.756548371776701
-0.643123124462485	0.156504140249688
-0.167527449292993	0.0610228882448846
-0.170366108403779	0.0620020216160097
0.145828384011954	0.0367587486446884
-3.46584456958788	1.25353297605489
-3.09408861819707	0.962829753125291
-1.80379071234984	0.398266610487963
0.150921468814773	0.0379194736694598
0.139373629020068	0.0264474830594518
1.01540222010121	0.384610211569901
-1.1547506215075	0.354173653078364
-0.644006342900786	0.156718049862583
-0.746726771319564	0.259871772377509
-1.83391433948043	0.756511402066625
-0.275414938861705	0.277765525160828
0.0792453818500461	0.0592832425907996
-0.80714911285625	0.445060429873085
-0.674328757820677	0.405547716168267
-1.21469624863832	1.27428421344358
-0.948030950552201	0.705422163688162
-1.12272195836738	1.10437280244301
-0.208173728094164	0.113457163605971
-0.727242580232066	0.652996276823976
-0.267870150104956	0.246637869236733
0.322044085428536	0.311855683048003
-0.504746928631482	0.511846106479619
0.0168073926614806	0.0123408325598172
-0.724285669283874	1.00220844731197
-0.458715566649417	0.53539685073983
-0.941901032154185	0.69821119649645
-0.100663458908485	0.0948726440657277
0.147704214111978	0.0845085883524351
0.00657414683755456	0.00489605078979072
-0.0737433928993788	0.0471664644891247
1.04612175080087	0.507031841034888
-1.83585483071607	0.757054768382734
-0.537041550024437	0.205873852200962
0.141726775817505	0.0358473898154438
-1.04124180825515	0.418513150870408
0.0381513389860742	0.0233625159197726
-0.0530545092352023	0.0254733299260034
0.126873713953215	0.0484980742887475
-1.15895089420025	0.355454865791994
-0.366106353055766	0.106564775009011
-1.15803450000539	0.355059130854004
-0.679801456421323	0.409304970371834
-0.00453500729447926	0.00237515650610901
-0.810969989161669	0.446870786223498
0.315342065730111	0.303121904163207
-0.112981089648097	0.118131758015149
0.67103898853407	0.313556713426624
0.675288147138302	0.315994439863794
-1.80368476738292	0.398254084963023
-3.76396710128731	1.51165110521982
1.02407216663448	0.388349697761366
1.4406577565604	0.479253975897627
0.13912027261828	0.0264101516649031
-1.15392338036234	0.354212278509058
-3.46538037258837	1.25291021678476
0.325546670474567	0.179974607541618
-0.820464319093403	0.550775026481558
0.831548823048009	0.756970997275461
-0.233593579367322	0.201141363648265
-0.0576356073133728	0.0560469321787048
-0.146088447818872	0.132584995954419
-0.647330238909193	0.775996895268832
-0.99544034290006	1.00029600447188
-0.0282589103995352	0.0189493244327786
-0.102709016563016	0.0639992972733654
-0.344304987412429	0.209179779900047
-0.816520683750835	0.546457935220895
-0.263437495875409	0.13395743332601
0.277919043890589	0.21722386603707
-0.290014385913538	0.244064431043421
0.250064817287914	0.23769724204594
0.359445691455339	0.314838729707656
-0.491458975961249	0.62997954637578
0.0622258148901069	0.0418873699678592
-0.0000205015999277597	0.00000913543806162896
0.00182107789554955	0.000956044252660523
0.0558055501267048	0.0501706851792844
-0.475713773395423	0.489911916333781
-1.03756238240257	1.45388901344295
-0.242025564504491	0.0793476290892232
2.74617618045436	0.774720201883077
-0.367012159161167	0.106980484577588
-0.74730280862006	0.259785520477436
0.140184451576725	0.0265585662587612
-1.80368476738292	0.398254084963023
0.142261903209059	0.0422917434711763
-0.739798199098655	0.256488865469576
-4.0146797874846	1.7640616471764
-0.371332425761918	0.107991313233765
-3.46538037258837	1.25291021678476
-2.58817701744193	0.677412741892899
-1.0424602576406	0.419767093556931
-3.09408861819707	0.962829753125291
-1.53554019388682	0.554309681981325
-0.644388443682788	0.157000626677781
-1.15755644738434	0.355289941594665
0.139373629020068	0.0264474830594518
0.142469531863295	0.0268725113483955
-0.364163724519504	0.105904858966181
-1.80368476738292	0.398254084963023
2.74617618045436	0.774720201883077
-1.15439361670696	0.354342573020678
-3.09370472754254	0.961571400894305
-0.7389639873091	0.256670839118185
0.644067040997044	0.20376868468444
-0.479109227957107	0.324135866916951
-0.146436556150062	0.153415140455869
0.165307932479572	0.122083302269459
1.34135492319959	1.23162185885925
-0.705079522005289	0.570013302882779
-0.607623875875255	0.607156450545116
-0.0798323227211098	0.035395033779357
-0.352397235752265	0.21476557149905
-1.51321560986277	0.778566998081147
-0.151546195997398	0.108329384980822
-0.452354057647087	0.492761973932197
-0.279620436801169	0.265924541820147
-0.0677124190357264	0.0600963484613989
-0.809672516887628	0.838123433781566
-0.0540661766762325	0.0475839750270378
-0.397774700910209	0.439259989534748
-0.750482530871348	1.33011885384694
-0.527479725848034	0.495423532352368
-0.113153665003851	0.0816327145853438
0.0154859910175356	0.0089973963528715
-0.625757758019945	0.303604442542415
0.370019261671425	0.165632650645132
0.333907369447858	0.166896404970175
0.532582804874471	0.249393438421576
0.129210770949753	0.0554987065325644
-0.112436565258363	0.0453129451577521
-0.33741563775192	0.157371459850069
-0.128698588945816	0.0772673277143666
-0.819046269661145	0.452792804792074
-0.234829575212863	0.0770304092976012
-0.4730704226361	0.318734869008186
-0.925400430863979	1.19508514376947
-0.292993319385459	0.187534773573589
1.63140707315039	1.52326938538093
-0.241453949883888	0.0791674426738944
-0.231030602804286	0.0756614949038123
-0.334663988080781	0.156039977520218
-0.625966193544888	0.304092312163021
-0.414828580143038	0.175497670231101
0.376668032478417	0.169399934512036
-0.331441173224477	0.154198338712517
1.63377610524076	1.52875730504993
0.138791573856085	0.0413094962520647
-0.515697664142984	0.274618645366371
-0.174873329474135	0.122133499379766
0.877836541849882	0.894936157340263
-0.522183101902769	0.401792337373683
-1.74092668249387	1.47395036206986
-0.812591715379058	0.712909038072966
-1.00069761368402	0.503871862860633
-1.30219407706137	0.595893702113712
-0.90352707857956	0.849616816082252
-0.184692734436441	0.12943204177224
-0.668740398324755	0.401129719517801
-0.357214846586329	0.258967116656354
-1.67241606220848	1.75717994039128
-0.572661911498066	0.369355120339688
0.633238303956818	0.447374851204295
-0.625577076943592	0.521686754666518
0.633058300863873	0.446673487018722
1.22331125144073	0.841221918335372
-0.2060373150302	0.112210826477324
0.163062940612967	0.115831949411461
-0.820094172723704	0.642151161838913
-1.95708057939273	1.94701596436155
-0.69250133639478	0.491838143630858
0.478042413838232	0.299254267919129
-1.12094461370001	0.776934751455124
-0.463969445056698	0.365983715950258
-1.17135872345377	1.03155098833226
0.582753040209349	0.302633083492523
-0.741848012858367	0.258096023054699
-0.751605087981974	0.261127701993451
-0.741848012858367	0.258096023054699
-0.742923963799081	0.258084826658777
0.137491058495855	0.0464919533469216
-0.238048417060954	0.0780891030505443
0.367520125992465	0.16470162537914
-1.85599754329465	1.18318323372186
0.139884098064408	0.0416988824150201
-1.04333787761146	0.419567920605661
1.03584289611354	0.500239130589587
-1.34728093580716	0.853864096479535
-0.537877518920207	0.206535210663043
-0.806504056304195	0.443811756059223
-0.163793329784282	0.0597182116427333
-1.04359703690809	0.420463940972424
-2.08857336254039	0.966845001646058
-1.15394884803957	0.353566779644249
-1.11883665779003	0.776430679321354
-0.54298951890346	0.208686132634316
-0.337736335118779	0.15746029883911
0.147685616873541	0.0372140815523598
-1.1851836078729	0.672885903753995
-0.736908958226035	0.255490300483238
-3.46584456958788	1.25353297605489
-1.18270388247687	0.668993170359611
-0.745246297326046	0.258886832464192
-1.04816955160128	0.42197561480355
0.422315142333028	0.169596710708464
-0.807563923449997	0.444180851582347
-0.405228051173872	0.325724344827245
-0.175297552298413	0.122249779841875
-0.479970267663325	0.324851213829386
-0.168351589729938	0.117018995971381
0.164555939286499	0.121380678493738
0.488892009090451	0.436822266549249
-0.453466818331055	0.35633240182302
-0.102707607805456	0.0639629832801592
-0.91908362294888	0.779448498411949
0.45895356732039	0.311106250252412
0.707524876819132	0.585754583598099
0.0397976577966743	0.024308050768174
-0.568232112591278	0.366299944456757
-0.0833281245430227	0.0369538792562086
-0.666600272910569	0.398401144193082
-1.23976173727652	0.942076388387259
0.15286768285735	0.103655054250518
-0.483249145795589	0.326942195481761
0.284576397684732	0.182684391897297
0.130652055736235	0.0625812718833957
-1.67784789962626	1.76521736488483
-0.0820903075738657	0.0363336472423792
0.320945079104456	0.177437777429789
2.34287085894135	1.17891344564012
0.140458165206262	0.0418615852654621
-0.254053964488117	0.128405894925837
-0.419644717458482	0.241051381094827
-0.511095096651744	0.27159009320338
-0.483173406189215	0.326963427521654
0.581481718977274	0.302576775462838
-0.430965081947099	0.248305619265008
0.777206500879374	0.4636124422281
-0.0229416118562123	0.0117815516774126
0.803232524572793	0.337967990502814
-1.50933407130767	0.77729948010748
-1.30275435312517	0.596366482996546
0.519881700054143	0.298040704442663
1.0909789133095	0.824934392800629
-0.165109455645254	0.0600791443256458
-0.243764577644916	0.0798103968979659
0.684094643455578	0.445630478641505
0.136172752460106	0.0715230032340353
1.46078749016487	1.46459751547544
-0.410700352894267	0.330185940226253
-0.630076027559197	0.306026666226603
-0.1645988737961	0.0599392345868267
0.132620938429534	0.0568874520951038
4.37814981643103	2.27964067328141
-0.743325166733626	0.258205235128744
0.300586802337338	0.180617232028556
0.520485659322062	0.298859231401481
0.135571700409456	0.0404808758649131
-1.67493856037785	1.76113645840401
-0.176617604553119	0.102008219561939
0.764026627633982	0.599979093873101
-0.0505494445071172	0.02428989125529
-0.0556183204186848	0.0267012708067225
-0.790711532679895	0.349867124124677
-0.234561901877787	0.0768788971748607
0.769630371847608	0.458937057318973
-0.510573038720783	0.271523601796865
-1.62434749525792	1.26437548994342
0.3812761809616	0.312937740450333
0.287530642044182	0.185035714841689
0.129124881975239	0.0554099024919796
-0.788370303416665	0.349083376814077
-0.788370303416665	0.349083376814077
-0.722775206396217	0.648220692027353
-1.03033878445343	0.946355269480152
-1.04698922224577	0.421366979566404
-0.671295158862903	0.402195655102367
0.146558706502964	0.0434202356977088
-0.622182527552928	0.302074532621127
-1.68966844416536	0.96845604876438
0.1413598194657	0.0421025960431846
-0.164339324198145	0.0599109386152847
-0.168535700512318	0.0614396736428628
-0.644388443682788	0.157000626677781
1.06845622456821	0.65397185371211
0.12892022587394	0.0490775463840044
-1.0475588652018	0.42149621463875
-0.326116443383599	0.151796388327042
-0.235400067060849	0.077117263856364
-0.410542928737097	0.173545077062394
-1.0424602576406	0.419767093556931
-1.0441657216201	0.420510686701662
-0.788370303416665	0.349083376814077
-0.647461655721112	0.157598110120326
0.142206421270329	0.0359541333965371
0.135344827059028	0.0258639507496658
0.131403007248952	0.0502411654303301
1.80409513671821	0.707822997900645
-0.168280676624519	0.0613309275118674
-0.515374687303333	0.274640995826127
-0.490021035530322	0.332879417034675
-0.278258205120074	0.232250789709603
-0.235689534265843	0.18157698542193
-0.106138097995715	0.0661297549013285
-1.29195543841334	2.04016827091703
0.137588010115398	0.0784208857573837
-0.558407022190499	0.475696157134352
-0.810471420495834	0.954563355998302
0.674245853668489	0.315896632523772
-0.259400372425109	0.131595577211311
-0.742753785982603	0.258086652205378
-0.266614587879807	0.201501711610851
-0.66637524702559	0.700431142159253
-0.0331615317184604	0.0222261042220208
0.772618644128723	0.728954927446305
0.162417103249264	0.105268219298225
0.151295349368655	0.0922341989299118
-0.290210767393711	0.185491813137519
-0.429709786904097	0.247444776359838
-0.25414290325651	0.128380863484907
-1.62436781762826	1.25788382422656
-0.0569029630276066	0.0272871922729571
-0.215906107287171	0.117936100862766
-1.34622005334249	0.853321313660898
0.126029498362731	0.0540764454807436
1.59013364320592	1.10292313153053
-0.409379268764004	0.329752109688534
-0.115696238437404	0.0466631346161035
-0.623779998772917	0.302562177812443
-0.671133366023786	0.403436983304301
-1.19028033076577	0.675237057384142
-1.48217100319511	1.34633831068643
-0.805857661586363	0.444252595919224
-0.127632425350769	0.0767727367615433
0.429685760035668	0.173072121254546
0.137315356908544	0.0657497491531512
-0.30011375730765	0.192529324139121
-1.35051389727991	0.858321445519459
-0.357903443150388	0.259450726273349
0.340449397287037	0.170534423098523
-0.167443831401717	0.0609707855596089
-0.539551348887912	0.206952502569875
-0.359365673988087	0.104727737543846
-0.368532888014773	0.10708848957613
-0.112436565258363	0.0453129451577521
-0.627318967182632	0.304507830347297
-0.644006342900786	0.156718049862583
0.334232767721973	0.167008288783323
0.375026250762712	0.168444419353064
0.875035500419764	0.889341914461071
-0.417236770884734	0.336100669339696
0.134391107428482	0.0576793934440901
1.04849182639768	0.509718584989272
0.516714904121659	0.18565931107904
-0.36125776400353	0.10521302829144
-1.29854797059543	0.594785420705011
-0.569797358018383	0.367162518067779
-1.58452637173035	1.55678473514072
-1.15830259457448	1.30914950662442
-1.00201701834855	0.504117324485756
-0.790394189627804	0.349534409883907
-0.41213126151368	0.174476836425326
0.308294025921304	0.169316129125193
-0.504518335726734	0.267516038399624
-1.49865387452586	1.05734242785321
-0.234742791152061	0.0768644117133685
0.669203698295707	0.312886079456326
0.138791573856085	0.0413094962520647
-0.418836909369002	0.177528026956452
0.1300409938453	0.0496158380371013
-0.809504211025334	0.446125750750635
-0.326005707438094	0.151777723979142
0.149527783414501	0.0375652210591108
-1.49729329495011	1.05709213249316
0.519313648492476	0.298243904974846
0.137209797477049	0.0464410009267909
-0.159516380937532	0.0580983230362789
-1.18548762585227	0.670669199283097
-0.674504745611929	0.405310312748073
-0.167554835624773	0.0609262605723192
-1.18927474093894	0.674314702205785
0.925270262087131	0.621171415679672
-0.742753785982603	0.258086652205378
-1.15895089420025	0.355454865791994
-0.625984455329668	0.30451398202405
-0.163247474500049	0.0595011381973
-1.00095912882492	0.503535816701849
0.763352841090491	0.453620197196593
-0.234259276164921	0.0768738569502217
0.126346136685917	0.0482983004587781
-1.51118867054998	0.779819847007487
0.124251307497194	0.0532475021057132
-0.246843817568297	0.0805413127373905
-1.24899809640353	0.955189752436193
-1.29428175562447	0.591951812360937
-0.737482026667645	0.256039848593742
-1.44446180763402	1.77287866792968
0.0544271152556837	0.0365013851984785
-0.0914424843958005	0.0689286394588274
-1.76190420331642	1.96554448492266
0.37436258560494	0.305229673616868
-0.238524654181754	0.184101853435094
0.282224603677419	0.201879155302452
0.477095524275263	0.424521914130555
-0.336609567506129	0.156963649053611
-0.692852439085353	0.491679298206421
0.139373629020068	0.0264474830594518
-0.644006342900786	0.156718049862583
-0.493591560407447	0.426566372826333
-0.444567253573446	0.388946923241126
-0.993555096094066	0.999508258749383
0.131403007248952	0.0502411654303301
-0.020789817870209	0.0107201963472219
-0.167989696665473	0.0612306831168572
-0.694898567048944	0.493265225226555
-0.0577473553627785	0.0276890416010489
0.13565976351343	0.0715609550310845
-0.2614421806946	0.132770280914834
-1.75894422351513	2.32794181007007
-0.339129747983826	0.309988795685411
-0.0685070004992168	0.0437798399484783
0.290282127696261	0.1731286544539
-1.00123691845556	0.502856258630045
-1.02489942604887	0.938966085658453
-1.04978531604098	0.42212279102282
-0.526098480256545	0.279944003177294
-0.597563512848451	0.444416375062238
-0.0203698892659656	0.0105104704214574
1.10787655328393	1.12238995172987
-0.0927084352607502	0.0697912014462491
0.133962793640632	0.0641477163722926
0.776373980013471	0.732839923245559
-0.809665519689178	0.446612988994613
-0.409225771407635	0.160169308441672
-1.00524769573252	0.505793543555981
3.25676960114744	1.10310692759313
-1.0049723971438	0.506574590675267
0.124465621048049	0.0534709936762376
0.00125870705216122	0.000659811039695846
-4.01704543498079	1.76720193977273
-0.705805091578423	0.570980542613104
-0.327518574241523	0.272447028977189
-0.949313771398244	0.705518616718327
-1.57984251127385	1.55094282002681
-0.813834857569305	0.545622396409539
-1.04900334165877	0.422413472971706
-0.973098230840846	0.605347022813969
-1.24904905235425	0.955975509453816
-1.34703086694675	0.85528587064758
1.44020126185908	0.896618372533995
-1.5424263462444	1.77456304601344
-1.05063259492268	1.20378635121127
-1.05358159006348	0.423921348895945
-0.163490517795769	0.0941564065235773
-0.241465675009428	0.186431511269502
-1.34832380396361	0.855470764757821
-1.69692536650458	0.977213704171719
0.124475237540179	0.0595251244878254
-0.518441652411184	0.276118234628504
-0.3252019342678	0.151330883003157
2.24625028166986	1.72363267868444
0.144428582923937	0.082605460448888
-4.01817667966541	1.76873594417854
-0.164885457806792	0.0600794376284763
-1.15439361670696	0.354342573020678
-0.124311820539015	0.0500573671176849
-1.18877209149224	0.673475657906044
-0.611626746769217	0.457131393662046
-0.626262289418769	0.30408029518159
-1.6277306996963	1.26693119484838
0.134873897154579	0.0709036583558429
-0.266722938987056	0.135698346644502
-0.422865270096431	0.179172734425968
0.80424232840057	0.338337566370001
-1.11774137086724	0.772889503382688
-0.423347419582258	0.242547210645008
0.128254156162725	0.0612224889777154
-0.975531841537938	0.60719694734002
1.75480516985738	0.982115317324589
-1.5125459287448	0.7795227654022
-0.168791406744052	0.0614493488838458
-0.998521775528817	0.501233458496769
-2.30828780572994	1.18386804900694
-0.348490172982805	0.212610185051073
-1.61603293008663	1.24734137848354
0.159206839024814	0.103289004977195
-0.272187816705978	0.138376586759636
1.77000722665339	0.993477277806171
-0.820094172723704	0.642151161838913
-0.0635588481706309	0.0492979979459986
-0.403792004793512	0.420881110807778
-0.129098126637987	0.0775281789578158
-0.757921955176611	0.900420529724705
-0.149932957318418	0.107056235485812
0.083156335472671	0.0622828747699309
-0.18513518323241	0.147076808698739
-0.693137865200567	0.493199270837001
-1.17583954026791	1.04136106700943
-1.62837353121706	1.26704952594114
-0.974488363090813	0.605591828764571
-0.526856624445276	0.405911983795643
-1.29963231429403	1.6243913289257
-0.537877518920207	0.206535210663043
-1.29624653225401	0.590875708239556
-0.673392467547319	0.403896406797726
0.335220538867661	0.167523534683405
-0.972161240964337	0.604991472966361
-0.407493982270719	0.28484756815852
-0.15361775820484	0.109691605675585
-0.427151908658671	0.245912854816931
0.167013805084877	0.113766746189036
-0.706559067313029	0.572108718187758
-0.209811163700603	0.142927450182401
-0.951307332135095	0.707871917925572
-1.04010501166836	0.418219287530912
-1.18038457283741	0.668009433065026
0.310880129366064	0.171296868312414
-1.00043487315502	0.503226775995486
-0.245742362350826	0.0803898319792119
-0.210523460578377	0.143876962388396
-0.422921440987514	0.243166769951728
-0.801256245812842	0.827632540675978
-0.126182624869838	0.0917884854403303
-0.207383119095944	0.113147421425224
-0.310468880581235	0.230827278860002
-0.25889713188639	0.131359750868756
0.135185751667125	0.0712924517504353
-0.812893197225152	0.713896470904301
0.293310213511986	0.189374405726631
-0.967629808986542	1.04722115621461
0.662295852104803	0.573424257567376
0.0106778641608253	0.00561575127980962
0.278225461786712	0.208722360465391
-0.0444409490225458	0.029057284746198
-0.20636100373496	0.140742174340959
0.586247986098219	0.441827891807961
0.517584973601697	0.519271563033225
-0.697863562853322	0.495404071913076
-1.0686102817455	0.869575451917997
0.0344214303387761	0.0210874256083865
0.137568500001886	0.072522776860223
-0.102028081094974	0.0635643776910295
-0.415736439486653	0.292729627975709
-0.297499336564303	0.190882908579244
-0.519186382151351	0.398262578111669
-1.50701639972444	0.77640312788577
0.514954766217988	0.185204661003018
-0.534667654362354	0.204659811666073
-0.235735416566093	0.0772160964519024
0.138983315146558	0.0414025350222139
-1.29484267117576	0.591893520060509
0.650444653728205	0.206870989076807
-3.08991345953591	0.960747174631736
0.880933074446657	0.472854792363314
0.1413598194657	0.0421025960431846
-0.363255768460324	0.105782299807354
-0.356189321077493	0.103630136124459
0.141934018068002	0.0422115362011609
-1.15439361670696	0.354342573020678
-0.236305907551276	0.0774158597277084
0.512314858404992	0.184147765390866
0.150443359742849	0.0377633287087368
-0.643123124462485	0.156504140249688
-0.538714119684408	0.206903909568311
-0.36125776400353	0.10521302829144
-0.543110168951612	0.208257998232427
-0.741848012858367	0.258096023054699
0.148623873461255	0.0439438946495961
-1.04010501166836	0.418219287530912
0.802847723592207	0.338179963633335
2.33763139679723	1.17482410750653
0.649897891813891	0.206374526154303
0.936401569876498	0.245675339056074
-2.08546760183352	0.964798104494995
-0.36234773438668	0.105369001563162
-0.348267216854083	0.212077112490219
-0.411986655789639	0.28970477488884
0.286065094739264	0.183968907814473
-0.809159371612678	0.775837399642029
-0.48298959505173	0.458900019298621
-0.36915067476892	0.360428836816512
-0.995777626259753	1.00031560780449
-0.808690837994842	0.774776435723769
-0.325206447961632	0.269982510108653
-0.750738816110905	0.842544484350435
-0.950614356969833	1.09382727874611
-0.0927578439477338	0.0699145741173218
0.278282412124302	0.208393056236218
-0.922621534589757	0.782285112506105
-0.498073940224247	0.431392406051553
-0.450521402345907	0.396514094313252
-0.809910726539183	0.447682017792057
-1.01707797360166	0.920919983075664
-1.5765571359587	1.54687318234068
-3.76907032896904	1.51568182757693
-1.19724147717157	0.679338308870176
-0.576788318012711	0.372264089940309
-0.563928851077571	0.361144677616882
-0.314584228511124	0.234331126210185
1.5040271790224	1.27815398902037
-1.03179487243843	0.946397293595846
-2.13825329120308	1.65693752426612
-1.0049723971438	0.506574590675267
0.131870569010978	0.0446938595709682
-0.233689169788626	0.076674255613353
-0.264307693330805	0.199301055304735
-0.624756464018838	0.520337413702538
0.593225356081473	0.447884435568789
-0.249606338873407	0.165328078165256
-0.022362465295926	0.0114987448718425
-0.431404780743076	0.248588286433223
0.626455504551395	0.440814646507017
-1.47256545462729	1.33391144253583
0.0815294516084957	0.059318271019453
0.30240677966468	0.181484778878771
-1.01701876711232	0.928010810995637
-0.637670431698996	0.57968924793482
-0.163472793035946	0.094127754958629
0.150532673117017	0.092071037253011
-0.220712459770648	0.174031095985961
-0.487390108466012	0.418826652946877
0.127318606160041	0.0546303316327336
0.180949150519988	0.12921478230228
0.461469600247778	0.313560142950721
-0.241046533386737	0.159374177805227
-0.309521684711401	0.230031107182451
0.157766521020321	0.107251520494845
-0.289406018914286	0.242962753967438
-0.566911173669083	0.36420141908095
0.71333016210318	0.593567700494632
-0.237477952696761	0.0778886575961749
0.510303034449659	0.183694667904733
-1.8396714502032	0.75990222543046
1.05006841523834	0.509170893688999
1.59707572178105	1.10964626316518
-2.58428653566473	0.675727611967995
0.142637387713013	0.0360861991956938
-0.362166381635235	0.105626912484328
-0.739537230825823	0.256790305287863
-0.329803919740083	0.15352662064583
0.136084377685652	0.0460683789796626
-1.83100980576584	0.754410690712334
-1.83505230984646	0.756639373351276
-2.29900129298328	1.17810099608835
0.933324263209431	0.244705909364566
0.138409379468777	0.04119030738446
-0.417475722920007	0.176801619375739
1.95135265955319	0.45428366780025
2.54702436961341	1.41996679520183
-0.240882528791921	0.078904451336732
-0.1645988737961	0.0599392345868267
-1.15799700419576	0.355156175000868
-1.15347733768864	0.353947479713194
-0.411606579711645	0.174215663689476
-1.04816955160128	0.42197561480355
0.58475417863079	0.304390555192014
-1.14972585591097	0.352042822396007
-0.165691341247652	0.0603002900840328
-0.747630638147624	0.259859955972283
-0.643889763897163	0.156661592959279
-0.733304449211233	0.716480500337861
0.686469416216963	0.685990510413548
0.278752005703968	0.217977861629073
-0.0144981756821579	0.00997274466460861
0.450650661506419	0.30472029665811
-1.54502321042311	1.77044991146674
0.395328314887285	0.312631084604016
0.00751408496669625	0.00530020474886739
-0.805544495770706	0.833803469149891
-0.813018482485471	0.712618401063399
-0.177109596650502	0.123858329896641
-0.248199609263282	0.164401852178154
-1.07640135858806	1.14899656966153
0.733307015573267	0.804811779033119
-1.02348331005722	0.938915638894195
-0.714750446054412	0.580249755766625
-0.454243570280123	0.356501480687681
-1.5734397262345	1.53734759719915
-0.557563601639183	0.475163546531364
-0.695183359614097	0.495013604164581
-0.513558668576255	0.273071922666177
-0.0756803663479627	0.0483083742171956
-0.405651122026895	0.360860815721461
-0.141689430610194	0.115725933312456
0.132698280628905	0.069885632049305
-0.120799851784789	0.0487069127433155
-0.482395499310599	0.325848798888684
-0.406366036218279	0.424371738295122
-4.01355559579839	1.7650763449388
-0.7389639873091	0.256670839118185
-3.76799522552508	1.51241274258477
-0.993331474685377	1.34577236072949
0.168954548480663	0.137475866779849
0.355278702514236	0.394862200117244
-0.572138644622837	0.526998631012836
-0.595334031321757	0.591618361646356
0.307972227641864	0.185479796075585
-0.458134693545806	0.361027689511895
-0.105705450462348	0.0659168213224319
0.000852745580210508	0.00044817730096429
0.30539799004845	0.183427741122967
0.552547504373489	0.438175536223748
-0.00192755483933935	0.00102278781077497
1.30102126646384	1.66654512435193
0.260344952844689	0.230370344887669
0.433606189593085	0.420248933278191
-0.337364726255781	0.308206262566908
0.302334363845632	0.31090625347339
-1.15850699328171	1.30874335054453
1.21422810617171	1.18726058149982
-0.502165385000734	0.435484295877782
0.415727250012268	0.47826730575517
-0.374572008091973	0.393134518695037
-0.356744602307255	0.378747657183085
-0.0848079822810651	0.0725657276739948
-0.224861418968503	0.231933698037113
-0.358810866525392	0.260428574793624
-0.329579122799	0.153749164617559
-0.169383404703233	0.0615886055497602
2.74617618045436	0.774720201883077
1.80701548129766	0.709687594083792
1.80746835953378	0.709202041495987
0.929363107220915	0.243670370746797
-3.46584456958788	1.25353297605489
-0.742182711888573	0.257807372285815
-1.15300618747366	0.353816991053109
-1.53662981716208	0.555438343483155
-1.15300618747366	0.353816991053109
1.02381664464771	0.387649015457202
0.147685616873541	0.0372140815523598
-0.644006342900786	0.156718049862583
3.25399732634696	1.10138712863889
-0.361622063644185	0.105340752849314
-1.83818577064438	0.758655290136435
-1.53219054338251	0.553674997524989
0.650086353252472	0.206202657488722
0.13912027261828	0.0264101516649031
0.143665287756915	0.0427236629465922
-0.644388443682788	0.157000626677781
-0.741848012858367	0.258096023054699
-0.631197102709034	0.526235638645578
0.00404810155741848	0.00307686396529815
-1.26320928287119	1.83146839536557
0.307990699360529	0.389997672763463
0.834582088441497	0.759956007154312
0.0444112858176546	0.0271231863685361
0.826310384539059	0.747465062417469
0.323596371491292	0.313609824761506
-0.45066195824397	0.396250143861003
0.708844050246888	0.587431075273842
-0.324121997232468	0.241929523118151
0.0413244996827721	0.0252438909145358
-0.856318483146964	1.1645812550504
-0.460414728114623	0.36307573772531
-0.635725873295207	0.875193522588835
-0.322076460269259	0.267477731812161
0.0798040748808947	0.0579990260598619
0.104680681589877	0.0837972389720778
-0.299259536110012	0.274422723155072
-0.273835300655132	0.207628413588527
-0.00894021539723875	0.00622023975881097
-1.02269287321866	0.938191428740608
-0.97284790273219	0.60355390638009
-0.456333133195275	0.359236596174216
-0.0832077561510692	0.0533356062616261
-0.173214230914386	0.0630427194237617
-1.11664730239354	1.0913193241266
-0.597332152919402	0.444708554976185
0.162200565126456	0.114885166379091
0.335662241624307	0.167773579898591
-0.143820274437271	0.102277874747608
0.529943952408822	0.30463258611938
0.769724706576117	0.458806726041265
-0.417923018676463	0.239475993636254
0.772955208901238	0.726400309079496
0.145713354754909	0.0833653411586242
-0.169727786996245	0.0979455744126709
-0.812612733302467	0.635246453396143
0.138458264593678	0.0789521401014711
-0.9177320646328	0.777314750202586
-0.0242059253230843	0.0124091508709414
-0.24475429965357	0.189598892456133
0.395156317436174	0.312208612295553
-0.1671732835036	0.0962487869045665
-0.445499422519508	0.390585987534391
0.815942040263743	0.851782135442159
-0.339961232736984	0.28424702281805
0.474636936636823	0.420885803746221
0.292538418876112	0.188679260978156
0.41757861338445	0.316650258982574
-0.0347251554017412	0.0232739604565407
-1.01761422116359	0.928627903813676
0.387464323668467	0.304591697679117
-1.26842529188082	1.20595544094595
0.584656426754335	0.303644357694526
-0.159516380937532	0.0580983230362789
0.932444120238111	0.244842742206832
-0.640820070260403	0.156173374069777
-1.29854797059543	0.594785420705011
0.138983315146558	0.0414025350222139
-0.35845544263212	0.104471490348146
3.25219401652934	1.09882975306147
-0.644006342900786	0.156718049862583
-3.46630912179766	1.25319506698382
0.509435415274993	0.183330389793874
0.136084377685652	0.0460683789796626
-0.786138740334233	0.347030280481552
1.01830704707751	0.385838023767281
1.44237697436471	0.899505064780659
-1.30416491301501	0.59603816184704
-0.644388443682788	0.157000626677781
-1.15300618747366	0.353816991053109
0.143665287756915	0.0427236629465922
0.927601018172465	0.243257788968905
-2.58453548475525	0.676764203908389
-0.362166381635235	0.105626912484328
-0.648735146604395	0.157899750679971
-2.58453548475525	0.676764203908389
-1.20031462280648	0.679329699565936
-0.0271227767689465	0.0138702352050404
-0.0311709811857427	0.0208926726260236
0.778512472987346	0.735310106125505
0.769616433527138	0.999392213785388
-0.23172569047619	0.199275333580124
-0.812628545959737	0.708831750608676
0.390263994020709	0.307522657663757
-0.704589545349527	0.502937311104128
-2.56842535464844	2.72727021256226
-0.0867859754404927	0.0652530619373964
-1.07057437022131	1.13867037985562
0.13191305868094	0.0632125757605887
-0.597693872873049	0.444805652758058
-0.658784036103482	0.64993941658162
0.360452616370086	0.304133635307764
0.62710791092769	0.441859913027331
0.477641632907467	0.299397159590517
-0.126283337297554	0.0757850227506117
-1.11428912072353	0.771656432142103
-0.139897569946322	0.0992896404646083
-0.662899752347261	0.654477313272222
-0.412240877553559	0.289802338994907
-0.525312191150699	0.404112309899989
0.163370049259896	0.132510315598879
-0.741276499011426	0.25781621104378
0.119209923776022	0.0511702948748555
-1.27870145399751	1.22082507097352
0.149527783414501	0.0375652210591108
0.900734668069162	0.78305139075643
-0.571378453895226	0.368281557115507
-1.12701135643999	1.58658513170866
0.305231803510174	0.307648147144596
-0.0414690145009493	0.0367543155465578
-0.582380341405308	0.627392737940235
1.2125440804526	1.70203825738824
-0.625984455329668	0.30451398202405
-0.235413237059894	0.180883113824581
0.83577861925977	1.14131766521701
0.304794403752839	0.182971674586021
-0.266349516782725	0.13537046568648
-0.0014135900795073	0.000750300235717325
-0.128400318640908	0.0771709831662881
0.624723019873337	0.798288275247069
0.175776340028476	0.159335422310173
-0.325730286344525	0.325003743158375
0.170801075845512	0.170593834093393
-0.704175715413764	1.16319103990239
0.163268898538312	0.115951524024883
0.412139885613421	0.312127589702913
0.299573153921712	0.179311097639973
1.15452530098567	2.2097549212325
-0.203812870213871	0.196252259850139
-0.340152033167836	0.334979877370877
-0.443852077407393	0.554861652345695
0.0837276419844483	0.0822029697386695
-0.300932185539493	0.222134838335508
-0.814039443818446	0.450109713535553
0.650444653728205	0.206870989076807
0.147685616873541	0.0372140815523598
1.8046556556941	0.70860181691833
-1.15300618747366	0.353816991053109
-1.80379071234984	0.398266610487963
-0.359365673988087	0.104727737543846
-0.644006342900786	0.156718049862583
-1.15847376642875	0.355686548405735
0.139373629020068	0.0264474830594518
-1.80379071234984	0.398266610487963
0.932829613639135	0.244963311679429
-1.80379071234984	0.398266610487963
-0.64834559013069	0.157812973783057
-0.362166381635235	0.105626912484328
-3.4706889709537	1.25393147494203
-1.53289908476652	0.552896511345182
-0.644770889342653	0.156875139887313
-2.58817701744193	0.677412741892899
-1.80368476738292	0.398254084963023
-1.04786382925772	0.422554751457188
-1.45066234792177	1.56889201538052
0.456436698497021	0.500542655279611
0.21487820234246	0.225177436659396
0.374291148580366	0.472671644518506
-0.0987013060106302	0.0613072537499105
0.139536938917222	0.0797102884462011
-0.420051413066145	0.241376725624707
-0.327110074835924	0.272060255177732
0.13734893303654	0.0724091780916723
-0.167586946641509	0.0965054462882195
0.372399343899737	0.167140159545225
-0.426422402324472	0.24511932696199
0.46116741811973	0.423238142465992
0.00622707467163512	0.00438630284225074
0.167560604747605	0.151091137701615
-0.305952117734097	0.226669162017568
0.0954707243802059	0.0741789278598764
0.0600347264846322	0.052033634163019
-0.359579702649328	0.426101008682468
-0.714945143457835	0.689048208768257
-0.41081226088766	0.173851415262344
0.159517664526245	0.11301655718971
-0.216164332145373	0.147846463872618
1.74550845017293	1.35560216200007
-0.355050810747576	0.289408337301318
-0.413761434958365	0.17508532022509
-0.236473973339775	0.182358737088356
-0.0317738931997378	0.0212907002077394
-0.678107876655309	0.71810360025595
0.00336201393004699	0.0023857750469764
-0.951123691654121	1.09899343284386
-0.362551585745386	0.221794146325656
-0.668653742546689	0.400645640137015
1.00633891044421	0.948900106849742
-0.444598490908467	0.389974555735578
-0.261127333855765	0.1325248144209
-0.357944006652073	0.259892531951203
-0.293960907338792	0.188378587620817
-0.71436745204903	0.63820099693719
0.453382616201021	0.306919256594909
0.430175304461605	0.309329586001653
0.778772162172886	0.614127495446356
-0.234825838604354	0.180870355621858
0.061391547240126	0.0413063496881418
-0.206618920874808	0.140614176947171
-0.41029784289881	0.288792526422572
0.357671774723366	0.312229514807087
0.177026240661641	0.136136737183092
0.167080494250866	0.127631859480176
0.258499280830797	0.214819504660003
0.482258897089641	0.302470827309629
-0.0295738630228777	0.0150902383928221
-0.522113532987629	0.488653395370896
0.13646011285282	0.0717951592640153
-0.724662534881937	0.651341854975919
-0.326918865342978	0.152022120553748
-0.120510829352026	0.0485852204996473
0.139411005791819	0.0734405064688728
1.43597684438283	0.892719605342506
0.510875541395758	0.183928738190787
0.140184451576725	0.0265585662587612
-0.750450153330483	0.260698014203123
0.136156966750329	0.025975077128062
-1.04124180825515	0.418513150870408
-0.53973627715052	0.207373309478453
-1.15439361670696	0.354342573020678
0.508862718541535	0.182846501147302
-0.167267366049274	0.0609436470739813
-1.53645538754434	0.554877978644979
-0.741276499011426	0.25781621104378
-3.09370472754254	0.961571400894305
-3.7650365789172	1.51294271983965
-0.789099232595275	0.349029682480066
-4.01817667966541	1.76873594417854
-1.0403638965725	0.418077260779257
-2.58453548475525	0.676764203908389
-0.90697024160208	0.854371836320743
0.299423782100834	0.205421576773818
0.277277975116855	0.208228112664764
-0.174299183680049	0.121661599550809
-0.988865488731875	0.990950656848055
0.0338953129028504	0.0207734888644616
-0.0215712083514622	0.0147596896875988
0.553062568920034	0.439256593969587
-0.0539365254459317	0.025910439297914
-0.720109588752995	0.646484114662682
0.544564174542358	0.536964447997503
0.504032127202118	0.521141735288933
-0.808268642848674	0.836080695676152
-0.0313420812511514	0.0159414494929693
-0.248737974292775	0.165008916203559
-0.304897970570044	0.196014349610136
-0.947587973894713	0.703748917023361
0.394877317374663	0.311255976723825
-0.123354871882717	0.089619673104094
-1.02229774880802	0.937523911076373
-0.819275485653491	0.640510737905139
-0.208154322912464	0.113463589792799
0.422565108326337	0.169882850838849
-0.420714030091325	0.178305782739239
-0.565356818525976	0.36311397556906
0.12390321693711	0.0474121589883158
0.151266445131368	0.102380582560187
-0.585241586933082	0.542570690033459
-1.15571295087965	1.30301405069658
-1.37218728442875	1.4011027554465
-0.130186316982242	0.0784158279352525
-0.210212589712959	0.114811381746333
0.595286010834659	0.554548647939604
-0.514433477555663	0.273807799168182
0.372351065137621	0.16738222942482
-0.329579122799	0.153749164617559
-0.647461655721112	0.157598110120326
0.141686950510094	0.0421288595298015
-0.420772740858365	0.241339985148867
-0.725103590629799	0.651555708690953
0.134973859505914	0.0456812873652998
-0.950440909761239	0.70737708582089
-0.573897958936516	0.616700501734977
-0.0260161083092343	0.0133132786866008
-1.37434318010829	1.983493128063
-0.788370303416665	0.349083376814077
-0.419677980076829	0.296107663122121
-0.424072779971921	0.243357662356344
-0.0506283754352685	0.0243740931314148
-2.22061486133471	2.65909350788532
-0.893154672821664	0.913017755779763
-0.948635376088811	1.0942229355526
-0.333538091190822	0.155459236577043
-0.812746231356804	0.449261673821129
1.05641898436849	0.643594491249836
-1.5380893189947	0.555528608035834
-0.404922169227177	0.170414037754929
-0.275140862173001	0.255068205176677
-0.884957130375512	0.972304943404078
0.66576915482249	0.688289874941446
0.125438755776582	0.0539125712291976
0.151646245496076	0.102648718892382
0.144841818267357	0.0828213780469284
-0.787558915132848	0.34862507972379
1.04422282616674	0.506574585851397
0.507462935020791	0.182299507478559
-1.8342610889082	0.756597291586424
-1.00043487315502	0.503226775995486
-0.261489721903535	0.132681254382543
-1.18817024161391	0.674901362088127
1.37379348473301	1.05698996779434
-0.171203966457287	0.0623441479261125
0.143352345062325	0.0818883132118184
0.672932319558158	0.315270459352306
-0.421334378420013	0.24217166518625
-0.787558915132848	0.34862507972379
-0.172809901996153	0.0629242283980546
-0.822602246581283	0.553291962291517
-1.1899788926319	0.676049157069752
-0.115985853788578	0.0467592443534002
-0.815432338152614	0.547874890341549
0.774709208508282	0.610046049971058
-0.570227350571507	0.367485149954672
0.0470151749245473	0.0301345905997437
-0.0592175207866642	0.045833435148241
0.785808402566287	0.94105785767325
1.37906185367015	1.06176741403731
-0.621428288856924	0.662099988565845
0.3395047463198	0.292901138629219
0.271355085351239	0.211676864283082
-0.0567893685670896	0.0372175765242493
-0.295580650322859	0.189513203073954
-0.329803919740083	0.15352662064583
-0.413451632847349	0.174827366740274
-1.29372102355982	0.59176400453293
0.131592549884353	0.0446096178723685
-0.644388443682788	0.157000626677781
0.118296940133049	0.0452420597282688
-0.348035009550778	0.211964210807656
-0.701030478193864	0.499611582524891
0.14101519756628	0.0674733722235231
-0.234112480809925	0.180264717175679
-0.322052483645798	0.149575542267091
-0.00176455227069535	0.00092277217719955
-0.42041028264147	0.241371640138569
-0.412370094190565	0.290311551009064
-0.0219121907262288	0.0112467160180971
-0.415861981910471	0.293607906857215
-0.201315662983154	0.136907870374796
-0.643085804361589	0.58633580873464
-0.394605962644192	0.34847313277454
-0.039774008071935	0.0266254521612829
-0.242621469297197	0.079366965399588
-1.53235676509745	0.553502300358264
-1.58065843028516	1.55041041713783
-1.15019981108223	0.352703694647943
-0.264645539946801	0.134437716201291
-2.4468105716804	3.36817081113156
-0.810853144765885	0.709707190074369
-0.353166360531755	0.287207295546981
-0.506098909507631	0.268137735867381
-0.215176100895378	0.117496671863838
1.06614447210105	0.652625234867664
-1.21262571908041	1.69430751241905
-0.40959096524508	0.428941975380408
-0.741514061952099	0.257437556377308
-1.18947620893422	0.675916339428314
-0.68335387723244	0.411136847340806
0.367804682936512	0.164972913507321
-0.02026260808441	0.0104486898768222
-0.144697354904213	0.102980519199885
-1.04878756110137	1.2010916091566
-0.0827248743193607	0.0366231336985067
-0.357418751102185	0.259517266479495
-0.414526503651679	0.291346456223713
-0.366464707125696	0.106727724314083
-0.704589545349527	0.502937311104128
-0.265447082292323	0.134918151446188
0.371562012619632	0.166997408838697
0.840848907149326	0.615647063951023
-0.118167975302211	0.0475958821832056
-0.805373930000522	0.443879647261899
-1.25031036694391	0.957669262834049
-0.692468368195729	0.492066124027427
-0.811305863919094	0.632829176414305
0.126239101106392	0.0542789650402848
-0.568948195888831	0.366396430453996
0.87804087192212	0.47107414988874
-1.18796873824845	0.674150969109365
0.138983315146558	0.0414025350222139
0.00534241965299748	0.00280134322270083
-0.161775839532207	0.0930731820680193
-1.83539757756382	0.75750800966345
-0.120510829352026	0.0485852204996473
-0.409182045322886	0.172721837418371
-0.166260196995038	0.0956714276067821
-1.1840636088732	1.04801195989623
0.124375165075932	0.0533849944335024
-1.85369119343264	1.17909913976335
0.821520560578915	0.861633561525668
0.0829541622099389	0.0640864163236552
-0.530897044563015	0.498570846991422
0.291215891541633	0.209959918765114
-0.450175701997781	0.434592183281858
-0.022235181960979	0.0154247946664483
-2.12783853043511	3.00947792490221
-0.705872771403249	0.570911151339101
-0.817108856387584	0.639004375124211
-0.628733380625853	0.524180810176363
-0.70194708533172	0.56366112348989
-0.538714119684408	0.206903909568311
0.140458165206262	0.0418615852654621
-0.414031981947508	0.175185312090786
-2.00407295900164	1.41151586651338
-0.0605186686847388	0.0396642103465812
-0.247081619499905	0.163768176964513
-0.165653285888284	0.0955976478013325
-0.0218315689483298	0.0112416004312396
-0.62948967269876	0.305802345342453
-0.329094468580607	0.153485560574559
-0.0827248743193607	0.0366231336985067
0.133555709811231	0.0509301667518891
-1.50743728991117	0.776047713699454
-1.83448317285978	0.756769538624434
-2.08082668123839	0.960637539306021
-0.947418815997179	1.09042753856182
0.310042605825403	0.170715217773834
0.843921032542562	0.619458894446219
-0.0443843495876927	0.0297393610875716
-0.270471410794736	0.205022510517186
-0.526072368992961	0.405106263516089
-0.232817046683503	0.076320654332776
0.118407598937391	0.0508206599120364
-0.484205464527631	0.328817275342529
-1.18664963645246	1.05147146896732
-0.935300371063578	0.797475605686716
0.13692844508394	0.0462929840650054
0.127383039370339	0.0609925489355727
-0.175458833573053	0.122561390580203
-0.121978748247307	0.0731488102887249
0.133555709811231	0.0509301667518891
-0.418345664570306	0.239776990594919
-0.17043034957019	0.0619655680455972
0.269444867554801	0.209746320665411
-0.717885310195371	0.694055311616934
-0.507726691664996	0.269819983881313
-0.326736226100362	0.151788918588291
-2.58817701744193	0.677412741892899
-0.240585380889817	0.0787794162503464
-0.0560579236426944	0.026877657111305
-2.00236300591841	1.41100630788438
-0.999109679756036	0.50221030256292
-0.66995144026754	0.402119074961124
-0.213183114475963	0.116427761114423
-0.510945868958804	0.271378872046795
0.300839934548033	0.18041656348373
-1.06083323730929	0.860584236081166
-0.970897196257489	0.603891982254358
-0.00881302178874072	0.00476187066716468
1.02028601783919	0.386776796263063
-2.65106220047226	1.64846590374731
0.483006939853046	0.303257902548512
-0.330548703324559	0.154118154451601
-0.968204745788732	0.600636523115894
0.667002104134902	0.579594279180558
0.1300409938453	0.0496158380371013
0.311606936616082	0.171811207206028
-1.18438075890342	0.671114459292441
0.305417416959458	0.183447024368728
-0.242323132990394	0.0794545395999312
-1.49227406116711	1.05045740859434
-0.357944006652073	0.259892531951203
-0.704682993642144	0.569388101667049
-0.94100556442081	0.696656968659005
0.13893463580392	0.0664698775041549
0.77348269937476	0.827627831999829
-0.163930280824427	0.132453533121763
-0.574336090175232	0.529499117518718
0.147908003003977	0.0903270263441781
0.0857575312584623	0.0624499386822851
-0.312072138327982	0.232130519957302
-0.811410676121287	1.01019782935771
0.410943267394121	0.311171981510261
-0.0837871850750962	0.0369472528335217
0.315151234118044	0.173651993144452
-1.18508469500302	0.669348667926545
1.43800010768495	0.477126378120325
0.652800991167172	0.207004492672909
2.7496138177855	0.775189687209382
-0.64834559013069	0.157812973783057
1.44881348652381	1.44444248997821
0.141389239269281	0.0806704601511622
-0.554625725565332	0.472117118400398
-0.210033429804181	0.164591035475352
-0.473000909107649	0.445840831196267
-1.31922564923209	1.82826211883619
-0.444899868636269	0.39046410079694
-0.813690685648307	0.634207275825658
-0.424643360804452	0.244460183992015
-0.411861256276197	0.1743163347704
-2.30041105118453	1.17944327209101
-0.789078146733873	0.349059860163757
-0.328998711203005	0.153120897504069
0.159085936753041	0.103025989399014
1.09974981718032	0.983365915967433
-0.350653340805045	0.214232032257942
-0.0822520611988082	0.0364085831997755
0.133148229099586	0.0637613248523892
-0.292393495621615	0.186400987224024
-0.408120665720115	0.17222315888279
0.133719957549112	0.0453066786126365
-1.49762680447867	1.05821121675642
-1.83482918178446	0.757249944313784
-0.419630490333242	0.177957182429578
-0.234829575212863	0.0770304092976012
1.62417277878645	2.36495654521754
-0.124211669232281	0.0745491335538378
-1.2081604839221	1.26491662555088
0.733910823228432	0.716331459079572
1.03505119976566	1.09753659167171
-0.902270994210686	0.92369680589818
-1.27722134326755	1.21732987577768
-0.924003167866413	0.786236026393677
-0.720607128081601	0.646803811235805
-0.332732160802465	0.154976355631243
-0.362166381635235	0.105626912484328
-0.814848556708245	0.449873169479759
-0.95911391904243	0.714062289680607
-1.85568996105745	1.18051020804066
0.512350271865968	0.184252494024572
-0.16810787737874	0.0967467271969778
0.631943909613542	0.445981870367011
-1.3167897236988	1.65343000532386
-0.54029754085068	0.207542814541063
-2.58817701744193	0.677412741892899
0.776737706404781	0.463504008937526
0.524159357401702	0.301010588961251
-0.803982483041	0.831780081626848
-0.422878944402051	0.242605884796205
0.132055846316588	0.0447762654002208
-0.0496258545181232	0.0238296738166127
-0.120295244528641	0.0485077000078596
-0.0176909777947936	0.00917891824051954
-0.412385920261258	0.17445564490394
-0.117917155199096	0.0475117201117283
-1.49194236598658	1.05036065731085
-0.809180697992508	0.44623869353402
0.128561316346225	0.0615741826764182
-1.62427564495979	1.26222171835413
-0.974265108433063	0.605982344749949
-2.65761712600597	1.65289203064967
0.975609342341088	0.795549873470229
-0.120267226298741	0.0484135417622034
-0.0586291956064505	0.0281049990777676
-1.1856888043001	0.67203509782204
-0.788915540437304	0.349290087251084
-0.796486970484447	0.352949680519547
-0.568948195888831	0.366396430453996
-1.49738690873902	1.05834426048038
-0.204980291698255	0.111630865511798
-1.00365027729542	0.505622069288915
0.119870775452816	0.0458419996163068
1.55909265169934	0.776229875885364
-0.323913474642042	0.150503288100066
-0.169564091934642	0.0616947707860513
-0.539276806409919	0.207127681793212
-0.621176187643801	0.301238719885307
-1.83391433948043	0.756511402066625
-0.523834863927671	0.403060305102121
-0.542142876918705	0.208312018224663
-0.538151618981623	0.206588191897496
-0.995629672520172	0.499802491735932
1.345405885274	1.93092455672958
-0.164947302355498	0.133396493409952
-0.726021134988174	0.706935882656209
0.0240982336641309	0.013867326896728
-0.554935999473205	0.558636897556683
0.561655375417274	0.536105606976135
-0.80245843855726	0.829248189883553
0.829199648325586	0.871079625089999
0.773675544697335	0.46102327096777
-0.742347989383004	0.2578806198378
-1.29372102355982	0.59176400453293
0.421383635761188	0.169092436229918
-1.80379071234984	0.398266610487963
1.95135265955319	0.45428366780025
-1.51308953704211	0.779721954830417
-0.597881393463525	0.444396933498408
0.284527419341495	0.194554350083298
-0.47909733714855	0.324185357701239
-0.306696582765974	0.227631475743879
-0.0820903075738657	0.0363336472423792
-1.28053921162283	1.22081544807052
-1.24639733806633	0.951602381380462
-0.203638698069203	0.110824415583621
-0.699705824385605	0.49875738416029
0.303658326734621	0.181756152204389
-0.707968822210247	0.57416494779138
-0.205588712343059	0.139998331633156
-1.00976364681276	0.507944383468151
-0.786748384546598	0.347623898535113
-0.353722660084284	0.215465882421495
-0.539551348887912	0.206952502569875
-0.571063394934263	0.367753478165139
-0.367012159161167	0.106980484577588
-0.482299234773853	0.327209251351701
-0.174299183680049	0.121661599550809
-0.623276269853019	0.302199451643414
0.890454036221267	0.768626014563401
-1.62682880457601	1.26666808939747
-0.825177824785079	0.646646047576745
-1.2395905474373	1.47696678872308
-0.803280279331267	0.887839512714604
-3.47021758744757	1.25549793829818
-0.808727441469309	0.77516702515069
-1.37424645973763	1.61497541893817
-1.20520277060606	1.26214087549562
-2.49147613591662	1.41463001246942
-1.50407258663811	0.773202804817807
-0.00355225217605953	0.00185701377996327
0.0454834126768114	0.029258739637266
-1.38426322354177	2.00198690242816
-1.29714380228962	0.592863976572713
-0.419105204222685	0.177722426333996
-0.264799809236029	0.13468569590973
-0.211444663805183	0.144364999426265
-0.87826901555627	1.02358264192496
-0.424140416007495	0.243485036416162
-0.673314550301141	0.404979872545956
0.768107025870618	0.45658126277117
-0.213073290607664	0.11645263884113
-0.112725163918855	0.0454339502474393
-0.0258624134745922	0.0132410352291745
-0.416683138160911	0.176658736963844
-1.29416690786798	0.591404736908153
-0.429778428617824	0.247313071967815
-1.49194236598658	1.05036065731085
-0.512950289642425	0.273372069632629
-1.04504330162185	0.420310634398934
-1.15300618747366	0.353816991053109
0.133719957549112	0.0453066786126365
1.21368789412383	1.01526905704316
-0.296691750494235	0.18981352591862
-0.0843166066540622	0.0373359749943531
-0.327487069748058	0.152442127050179
-0.514110515895385	0.273780260741913
1.06048420605397	0.648388264357816
-0.0784106286155525	0.0347651795038991
-1.29994893345059	0.594341305014164
-0.741276499011426	0.25781621104378
-0.12247362403796	0.0493446725033237
0.147211981908801	0.0371529932006973
0.877473626421389	0.471687376025581
-0.539003042837417	0.206891853429863
-4.22735042176467	2.0168938929154
-0.626975244966897	0.304549343118473
-1.00043487315502	0.503226775995486
-0.218460186856007	0.119405726751618
-0.523050068285721	0.402517785047582
-1.34847644890474	0.856852747886889
-0.358327608857656	0.292278027641764
-0.647752435586102	0.77458457486138
-0.310985657676703	0.287225319537636
0.165474770580503	0.117535127127035
-0.276680167386358	0.256535696340209
-0.290131690759274	0.244056945749384
-0.082947039820254	0.0622267406788603
-0.877874409466863	0.95871608225052
0.138523488623589	0.0729274738100287
-0.569797358018383	0.367162518067779
-0.971024508871123	0.602059582111411
-0.79283597775452	0.351347519140623
0.142206421270329	0.0359541333965371
-0.0822218841326252	0.0364909884126464
0.137049883482728	0.0408453847208138
-1.11763482894386	1.34499846413037
-0.429240746303118	0.246657478578606
-3.45036686302765	3.72239369883086
1.13129284922212	1.28391778711043
-0.244668001943071	0.162024848561823
-1.3626528243858	1.13715763190741
-1.1113754011164	0.767511224880198
-0.328344974336437	0.152671643464158
-0.939728455219089	0.693824098842156
0.667343685019829	0.580114957868917
-0.515697664142984	0.274618645366371
-0.525367873252364	0.404080275606534
-2.29900129298328	1.17810099608835
-1.19245782213711	0.677457942080815
-1.66554559698526	1.74410195873216
-0.212303519606268	0.115763341461291
-0.363074920327927	0.105749762822137
-0.290837877272887	0.186011792412673
-1.18786942238714	0.673349365419247
-1.17395509078451	1.03681230678468
-1.30051105209889	0.593845328981837
-0.414570910598382	0.236630654874009
-0.199692910641812	0.135540320140135
-0.294783882557796	0.188556903032521
-0.911016761204627	0.859172319029244
-1.07036522824198	0.871112678527616
-0.0362477688820789	0.0243064652094886
-0.395207440251224	0.349822036196832
-0.168535700512318	0.0614396736428628
-1.20980202617568	1.26556586557109
0.128193918224566	0.0489929274062112
-0.662925847298842	0.394977078344586
0.335805392178087	0.167819140535477
-1.00549630243412	0.506795601514535
-0.239491259504407	0.0784232627618526
0.426016478187089	0.170647231635653
-0.967735722303486	0.600126298162333
1.25801897563274	0.694425653582333
-0.79283597775452	0.351347519140623
-1.5318146928413	0.553494474919415
-0.815320420776424	0.545901557626832
-0.41720757119757	0.17681933779099
0.123113728309991	0.0471196042066694
-0.123268639679827	0.0496614187106757
1.25189292169615	0.689841585471618
0.336941103092997	0.168320673222094
-0.329651779505068	0.153004464835857
0.581466167304335	0.301893876436452
-1.51227541381265	0.780507768949503
-0.817752335697078	0.452356999026614
-0.0857432064924748	0.0379580638870085
-1.52953759655667	0.551918095903925
2.09185664329429	0.936292324337415
-1.54092175501233	0.556412015131498
-0.792008151205469	0.350994474519001
-0.167267366049274	0.0609436470739813
0.140176586815333	0.0473370975808659
-1.0430285489592	0.420216988954647
0.135241571366043	0.0457978406238609
-0.639264153330754	0.58193935634624
-0.423131071867169	0.179320024632959
-0.296520548840888	0.190258946047217
-0.556554027879895	0.47333735867904
-0.325842584681449	0.32541522010689
-0.922694797243825	0.782167077578627
-0.644771717272113	0.587455064236522
-0.585051855096399	0.543449293447821
-0.421994029562098	0.241860586644708
0.882073173610616	0.474794386552053
0.377457833359352	0.169712274475596
-2.13870368349705	1.65186733638836
-1.15847376642875	0.355686548405735
-1.15347733768864	0.353947479713194
-1.15253539705602	0.353154418604941
0.413389022384531	0.312991391061785
-0.0520550121854603	0.0340746435384228
-0.556554027879895	0.47333735867904
-1.67112998225269	1.75334473292661
-1.11577294295166	1.09234097311099
-0.00205890445008996	0.00105847802495989
0.130708929261949	0.0687638640291719
-0.0573436085749156	0.0274991873260286
-0.791200734986484	0.350537676799604
-0.0758470415286782	0.0336550832931381
0.332972645992842	0.166339734751262
-0.291255173256958	0.186043853099163
-1.34880593004281	0.855986458235843
-1.62675588433234	1.26618998989457
-0.164767698413953	0.0600142622210228
-0.507726691664996	0.269819983881313
1.77000722665339	0.993477277806171
-1.25035717071284	0.957338625304578
-0.950596016934819	0.706756150534827
-0.816696799070678	0.54756736312048
-0.74592742347967	0.83599402941421
-0.812085793844503	0.543889759211438
-0.679801456421323	0.409304970371834
-0.321663784608928	0.266729481293227
-0.492967085571065	0.425937094406944
-1.15766423009266	1.30929427113773
0.29476998171706	0.202336566286842
-0.235034900250749	0.202904769632989
-0.250199218717656	0.211624523308117
-0.595262040077369	0.441740280694163
-0.541948836718086	0.54295983215819
-1.7120170321502	2.5170725341438
-0.0876321072750047	0.0387798763662611
0.130658112595085	0.0442562319396043
-0.412682437316566	0.174355681677762
-0.127857596647642	0.0514057458152284
-1.83391433948043	0.756511402066625
-0.7389639873091	0.256670839118185
-0.809180697992508	0.44623869353402
-0.328831196592297	0.153006686566565
0.646495256830482	0.205229626326689
-0.162184867260776	0.0590817669813768
-0.114397417474736	0.0461317845792404
-0.321734768692663	0.149458018029166
-0.331595917560583	0.154503022464773
-0.411336703163519	0.174112307825355
0.303691276493537	0.182400235690839
0.127501835187198	0.0432403014906679
-0.740369846039464	0.257039463862401
0.424935578467476	0.170987715399205
-2.08522203444905	0.965065541609483
-1.51200245574654	0.779034836916128
-0.420448944185279	0.17813242029064
-0.238048417060954	0.0780891030505443
-0.644006342900786	0.156718049862583
-1.00069761368402	0.503871862860633
-0.514844469674913	0.524620118540996
-0.626450552090242	0.522700065382716
-0.434645589609817	0.378063532151788
0.0115561954540481	0.00815906514347232
0.30184275872632	0.195444467099768
0.555181178462617	0.441555107248716
-1.06765891076199	0.868735868232631
-0.722676711399012	0.648655057442825
-2.00687622444605	1.41566422081062
0.158679325047141	0.107791113635069
-0.722096306636539	0.647676869154719
-0.812612733302467	0.635246453396143
-0.354367194384201	0.256759969268867
-1.25157453711717	0.9589608103228
-0.364212438746839	0.106078206157018
0.139373629020068	0.0264474830594518
-0.792008151205469	0.350994474519001
0.1393097200573	0.0414857340564309
-0.241751693846918	0.0791910993295349
0.13345272036125	0.0452283641533281
0.131199119968489	0.0628521451121674
-0.17469997969347	0.137996862785665
0.0343844642730764	0.0268930711302476
0.176066624607386	0.125281689491734
-0.811064827081456	0.780011553283995
-0.359365673988087	0.104727737543846
-0.367559864207876	0.107030285212501
-0.366464707125696	0.106727724314083
0.135344827059028	0.0258639507496658
-0.236606371241214	0.0776017669502627
-1.69692536650458	0.977213704171719
-0.854407699625806	1.26755196301524
-1.04271785619107	1.47171803797417
-0.561177521061996	0.852122677333171
-0.694305600345472	1.00572629798397
-0.339709279128849	0.310298619685846
-0.756132439554766	0.899822649972166
-0.124064151874363	0.0499563084162275
-0.696855814339497	0.496966942408312
-0.89313883138777	0.913625524490814
-0.429388086368628	0.503760451735029
-0.525720783491998	0.492872759017502
-0.971253141709192	0.602203052088644
-0.244693732733196	0.331625849716243
-3.09447285673231	0.961828946915894
0.139930142590356	0.0265210820862786
0.139373629020068	0.0264474830594518
0.656959166697518	0.208411137309888
-2.58817701744193	0.677412741892899
-0.643506271279338	0.156786530055825
-1.15755644738434	0.355289941594665
0.147211981908801	0.0371529932006973
-3.09408861819707	0.962829753125291
0.651896042016441	0.207030647505349
-0.793361717726206	0.351281994271046
-1.80379071234984	0.398266610487963
-0.64834559013069	0.157812973783057
-2.58453548475525	0.676764203908389
-1.15300618747366	0.353816991053109
-0.740705291977838	0.257263180060709
-0.675606111794728	0.40676717289067
-0.705279385728296	0.571007732142285
-1.11362517198582	0.768689484758865
-0.822647143870902	0.644571956002436
-0.307065975482443	0.227650044997764
0.0644546440834312	0.043397617703383
0.355041834410298	0.385630993747755
0.357178309312893	0.311871565338512
-0.0598565484538015	0.0536273538627155
-0.023667605543098	0.0210656738263076
-0.114407049811533	0.122667291720776
0.274363686931899	0.20577420623492
-0.431585008059438	0.37453850736786
-0.575224712540372	0.371015377545671
-0.67605804255157	0.407087048444411
0.1413598194657	0.0421025960431846
-1.53164925455074	0.552638815903533
-2.08945711423755	0.967729012291542
-0.266893008482862	0.135623783851961
-0.71648938148872	0.6401422072892
-0.400693010992891	0.416804365325802
0.929278618413258	0.911740848084771
-0.409812549593427	0.28846757401495
-0.420168556573091	0.177832388607199
0.138791573856085	0.0413094962520647
-0.161897426673422	0.0589503097022733
0.150004967546857	0.037720852406733
-0.238535498919549	0.0782368452146959
0.42943252525579	0.172879165160614
0.935515179855096	0.245440180005837
-1.04113017922542	0.417700740478914
-1.53645538754434	0.554877978644979
-1.17580983014749	1.93378130112551
-1.18837159211718	0.673482426481168
-0.552651263509116	0.876358543629089
-0.167882397786975	0.195569416019911
-1.05354067594414	1.91254043329608
-0.171459560951733	0.0624735259319497
-0.132694445004599	0.096701761583963
-0.129074816009543	0.120157380520955
0.148607011712074	0.0905763354371565
-0.247636382188496	0.164410817445273
0.520534718488969	0.431055278220321
-1.00122021034096	0.504272179395878
-0.521123978762736	0.486808089525841
-0.332795171676625	0.429003199667156
-0.266028210875543	0.38169376873495
-0.35900113863639	0.104616647983879
-3.47021758744757	1.25549793829818
0.147649013295955	0.0371443901885897
1.01970949094797	0.387091911393297
-2.58453548475525	0.676764203908389
3.2530948013434	1.10108931722157
0.650991162239829	0.206772040177897
0.79887233154086	0.336139804071938
-0.643506271279338	0.156786530055825
0.139373629020068	0.0264474830594518
1.43602101245823	0.478148523404795
-0.363074920327927	0.105749762822137
0.933324263209431	0.244705909364566
0.142261903209059	0.0422917434711763
3.25676960114744	1.10310692759313
-1.15392338036234	0.354212278509058
-0.785169599684833	0.347346077464268
-1.18138834069444	0.669088912855268
-1.50879141901527	0.777100763370216
-0.053864237578473	0.0415914384779372
-0.435019723961861	0.482152330769419
-0.0706977976083216	0.060956447513028
0.019088371544712	0.0140213755477228
0.134252571638796	0.143789010261158
0.0785548532477263	0.0802047700132092
-0.0616925517227291	0.063246113168363
-0.044834334098496	0.0300093056807257
-0.276707134024446	0.210009988262509
0.375593549961275	0.168728453298068
-0.236606371241214	0.0776017669502627
0.51174254082849	0.184178364192085
0.558509764633391	0.444181015951426
1.51371367826516	1.82653027998797
-0.0505098537946507	0.0396976336324122
0.774894089631129	0.730746015736268
-1.07394258813168	1.14295720677362
0.578398300081504	0.30035771153017
-0.539551348887912	0.206952502569875
-0.266893008482862	0.135623783851961
-1.19245782213711	0.677457942080815
0.143337222216575	0.0426016228100372
0.651349240994328	0.207129762624853
-2.65083471607336	1.64837477403483
-1.15392338036234	0.354212278509058
-0.242323132990394	0.0794545395999312
-0.328400277194292	0.152575855475232
-0.246519691799285	0.21384573648658
-0.541161930069976	0.660491292636272
-1.13311396050834	2.18914944970746
1.72081570855313	3.17740524215549
-0.0851141415129479	0.0376107775123608
-0.551856988224037	0.633511645426763
0.522214426616004	0.299662862246265
0.148782087708463	0.0909305125564468
-1.30457944331884	1.63154544641376
-0.511370342253321	0.686578667855374
-0.333533722384299	0.376152802051494
-0.221314042430788	0.252556746842204
-1.83653527892371	0.756516844477193
0.144241227938778	0.0428872731898325
0.141726775817505	0.0358473898154438
-0.800583898668547	0.35427427158914
-3.09408861819707	0.962829753125291
-2.58453548475525	0.676764203908389
-4.01761090594294	1.76844298930181
-1.04189216281964	0.418924226052755
0.139373629020068	0.0264474830594518
0.932444120238111	0.244842742206832
0.651349240994328	0.207129762624853
0.932829613639135	0.244963311679429
0.140184451576725	0.0265585662587612
-3.09029030460571	0.960832707527767
-2.29605022680779	1.17509369550735
-0.54382907098793	0.20875137125439
-3.46630912179766	1.25319506698382
-0.740941800230378	0.257318537190623
-1.0430285489592	0.420216988954647
-0.872941575479686	0.95178944808818
-0.946019328859711	0.703333565895169
-0.506735370489465	0.514079042913909
0.173119690106947	0.137191026828387
-0.531739157658372	0.684089305347182
0.274057572959492	0.214116586076717
-0.533703537663392	0.622475815092657
-0.289283302932284	0.304194425840175
-0.640173515377594	1.15575267536768
-0.235203179462683	0.202711134621266
0.418171557167395	0.317576097757057
-0.206399482871469	0.160997218622124
-1.84453084161496	0.761059866992795
-1.5081031271544	0.776833803061459
-0.67232632574182	0.404169806350819
0.550137099307071	0.43612966896182
0.137173310550827	0.0781626791918635
-1.47562171018371	1.34091184625978
-0.263437495875409	0.13395743332601
0.128293621960566	0.054951571805486
0.290699443155015	0.187501137983317
-0.538714119684408	0.206903909568311
-0.0372893893106999	0.0180283707934587
0.151120435189966	0.0864543950098728
0.123258535314196	0.0529460615986845
0.30001108802041	0.194156297217237
-0.0500013369195528	0.0239743578912343
0.127039346781078	0.0546228640259558
-0.0249128789322577	0.0127848895471163
0.313780472628344	0.173309757761123
-0.208154322912464	0.113463589792799
1.22257268391257	1.02637887488819
0.273884765533166	0.19576785975189
0.37211414114197	0.166982131110234
-1.15606215309295	1.30679417332297
-0.893471964211165	0.911969072954127
-0.303661450743707	0.224611741442602
-0.815600851012677	0.637965395456269
-0.413180958495729	0.174820320112929
-0.751938483930106	0.261119155161525
-0.697692504508651	0.497161279872785
-0.971224569380134	0.603915993343662
-0.575049822757999	0.371018338084357
-0.823013007353879	0.553077496434102
-0.806341483186088	0.444506436897794
0.67346002449245	0.315470259796261
0.834223562532674	0.609440394970172
-0.363230970845321	0.297197448031144
-0.561239408377666	0.478123202854551
-0.629204836117775	0.567819142237134
0.130926243753371	0.0443397136390041
-1.16815045444939	1.02890461054428
-1.06174114389148	0.859366620789281
-0.742753785982603	0.258086652205378
-0.326600253440071	0.15205844971033
-0.255678436787592	0.129453272475371
0.588118490829347	0.306156630651697
-0.56694346463922	0.365037308342662
-0.346112230650132	0.210805348276223
-0.349973624025638	0.213494193694072
-0.176460675791699	0.0641802060317615
0.128042325020344	0.0549399677802007
0.446095889687506	0.300998120596933
-1.84361095481451	0.760317515339505
-0.793098515782442	0.351690335205156
0.127666695648323	0.0488134294645902
-0.691179657984754	0.490480604427161
0.585419725717184	0.304820371771566
1.02011703978041	0.386086869931914
0.133638310884369	0.0640574649001698
-0.116752650957455	0.0470393378262309
-0.363652146595047	0.264658822111856
-0.211415849834624	0.165960450562975
-0.448003773301387	0.392966240424618
-0.487521351373793	0.330758247750615
-0.892247772703122	0.910381219016411
-0.622477540161479	0.302164540797342
0.143337222216575	0.0426016228100372
-0.738391052425425	0.256391693854344
-0.538440187846927	0.206758866526095
-0.253511326751656	0.168694255244904
-0.906045270860216	0.85192638018867
0.0048493050986274	0.00254564700075855
0.285023864579276	0.194923102526376
-1.43634453563856	1.96593679777095
-0.78810398399432	0.348831685910165
-0.484270688626854	0.46092236844559
-0.333538091190822	0.155459236577043
-0.700858229962881	0.500320536758081
-0.126310959879317	0.0759014378838172
0.165953978062528	0.101759654155373
0.667802967793942	0.580582733032315
-1.11684289154313	0.773338840408164
1.99966072792361	1.87582531201274
0.127089878559858	0.0608563888990053
-1.12155131650234	1.10363943169765
-2.08490146353936	0.964676824691781
0.683598225221829	0.445163135033621
0.134834802112273	0.0455883408616065
-0.415100345459572	0.175724403640198
0.834190812596863	0.610916261952856
0.803109682744645	0.338252847610738
-0.418345664570306	0.239776990594919
0.776883786708506	0.731860210119612
0.475143304338668	0.297618795166016
-0.1317034558023	0.0793140288222195
-0.401406815201725	0.321885616437645
-0.322567805414552	0.267497859015417
-0.816583364729617	0.547063708324249
-0.970561705328232	0.601504227078112
-0.701568817505588	0.499619291745563
-0.73458295394823	0.25438535250158
-2.30408487932824	1.18298687653825
-0.674051632959596	0.40493462754534
-1.53645538754434	0.554877978644979
-0.540114053535069	0.207176036194891
-0.209937258317151	0.114439089741245
-0.205530345252384	0.13998015123142
0.272030047888416	0.212302957119769
0.0148157178662599	0.00865788017139315
0.434167597230733	0.312362843118974
-0.674328757820677	0.405547716168267
-0.609935390148044	0.455234859392176
-0.81919634413193	0.550323186373875
-0.424447107055934	0.2433303241555
-1.74455898411013	1.48287553910572
-0.822628533289843	0.55323728614414
-0.247636382188496	0.164410817445273
-0.927216909134598	0.789230951280843
-0.0547777427183787	0.0263097135910096
-0.160738777409609	0.0924608237976326
0.337423728732646	0.169081415528796
0.149007954473256	0.0907854770706134
-0.358497639088057	0.219326307331365
0.596952022668244	0.555262935227314
0.526602847444374	0.303173063305891
0.129696081873627	0.0556859432174266
-0.164778198390641	0.0950285819029172
0.371562012619632	0.166997408838697
-0.991735281814754	0.991985874067421
-0.508839362927545	0.269915281074584
-0.29316061901706	0.187501623444919
-0.4129266002395	0.174623248528402
-0.359249119050349	0.220017463963516
-0.424203936905029	0.244075233619256
-0.424072779971921	0.243357662356344
-0.308709328101143	0.228911884233162
0.29728882850484	0.192054901499672
-0.459385449876436	0.36215675229972
-0.543110168951612	0.208257998232427
-1.83528069034894	0.756548371776701
-0.817941312239277	0.638975103746049
0.128606999596073	0.0551462037161714
-0.820975994415034	0.642975626090188
-0.182695803151166	0.145292053505152
0.0676784011795153	0.0473367417839245
-0.32683873803549	0.272050001658275
-0.409326071777826	0.287958352563262
-0.458451606321309	0.360079547937945
-0.972020077230513	0.603569918156052
-0.62445336170992	0.302535816037531
0.476776064765072	0.299336237912131
0.0033386932407429	0.00173079039227512
-0.983415850295693	0.97876738758517
-0.473901003401768	0.319388558863392
-0.644256070634034	0.586685801846657
-0.271278776155574	0.137987870845051
0.128908083304086	0.0437239734052277
-0.237477952696761	0.0778886575961749
0.87938888335884	0.471923387048254
1.2558676521381	0.693882064620264
-0.0168248467277179	0.00874631728717136
-0.0203398892166721	0.0104903896419476
-1.36966970598704	1.1465961286325
-0.088877893182034	0.0550781713047544
-0.816412620512382	0.639334197640556
-1.85568996105745	1.18051020804066
-0.697761256230622	0.497508108159402
-0.358820522080737	0.104443282865586
-1.47994557849167	1.3448100634229
0.281222976282465	0.191803109251914
-1.16232802741795	1.31491549917128
-0.879260033935493	0.887498573016236
-1.11692042706974	0.77449411465634
0.276595955005098	0.207300127226985
-0.269375745304838	0.204002061715561
0.16264704655591	0.105449426076078
0.145456107233915	0.0767108341938294
0.136046594798443	0.0651462233807147
-0.42927055057221	0.247162778190116
-0.790166934135272	0.349752325890181
-0.0715672236919421	0.031729319552889
-1.95541971124418	1.94384630465453
0.583533286480067	0.439271770484744
0.764443274400352	0.600305979972489
-0.0965611042368794	0.0600376250446859
0.412947481609989	0.312362496773459
-0.353358001130915	0.255638540960461
-0.125765439992873	0.0505427132003431
-0.570930252820536	0.367176636974959
-0.123808008048592	0.0498697573908732
-0.407454020345018	0.285596893609863
0.623957129636637	0.438598040755501
-0.415055727358447	0.292759815627101
-0.302911604342628	0.224115350246258
-0.416951157584617	0.17656769154921
-0.361802623855853	0.105358062763741
-0.273633733088541	0.139093649664134
0.133540893938682	0.070388629531929
-0.351850512616093	0.254537723328201
-0.0816716790445826	0.0523352648216631
-0.514922451235335	0.39397057148466
-0.720926776880799	0.645835771388716
-1.04672508023987	0.421388808602623
-1.32665994716438	2.00204766990946
0.273664026787185	0.19594714596932
-0.515697664142984	0.274618645366371
-1.51091888098795	0.778169586560806
-0.0793603330277576	0.0351814589819728
0.167935224985335	0.128423254161028
0.148057746739304	0.0905116780855882
-0.718358470218695	0.583305428701228
-0.509459499846364	0.270774912288091
0.129881955529576	0.0620681178684851
0.132710736686105	0.044917982266639
0.931950133432299	0.244413497437813
0.431284878656697	0.173499349519187
-0.0669098968483506	0.0427138417020998
0.725014765769457	0.705120007134983
1.07879311036037	0.813280066740568
0.361289107742179	0.316464040115967
-0.232970675852023	0.179219109302322
-1.50892103259037	0.776059699944057
-0.882704743792371	0.89685983864586
-0.160864592689006	0.0585505223318761
-2.30096949220809	1.17941012456883
-1.52899469498403	0.551909382987037
-1.20132053977769	1.2539191028131
-0.14567596015537	0.103831472925035
-0.561660456185982	0.360243133856744
-0.187491861282712	0.149516974766265
-0.950940656068967	1.09751295268715
-0.413305634016593	0.333058255151946
-0.146448440679027	0.104380493716074
-0.402376352348665	0.322947974694419
0.740072116479628	0.814875923990906
0.161855056934951	0.110120771640133
-0.94100556442081	0.696656968659005
-0.476260305112986	0.321609124861782
0.391022465219823	0.308539733204765
-0.490984233501084	0.333767140200754
-0.218891381169184	0.119617253296929
-1.25710108345163	0.96423193470627
-0.355451357658173	0.289418223907281
-0.818884982609056	0.850903664375591
-0.556114703219314	0.473579544489356
0.0134430246540754	0.00786398947735799
-0.706304836506971	0.50437944034546
-0.62223971719902	0.51806283130957
0.399170828608168	0.315059326605666
-0.741276499011426	0.25781621104378
-1.50379949164865	0.772972900650777
-0.621552075293548	0.300354255380631
-0.95414312928699	0.709610376413598
1.06504904986805	0.651700740174388
-0.513097266168019	0.273265217134103
-0.797290903043392	0.353405248491079
0.932829613639135	0.244963311679429
-1.52845204149787	0.551521368985269
-0.644770889342653	0.156875139887313
0.147685616873541	0.0372140815523598
-2.09002422236249	0.96852720746282
-1.85647976727314	1.1841009307422
-2.66302667491789	1.65773582197064
-0.811548916936459	0.780826046633617
-1.53757948543062	1.75920452247696
-0.29297591796146	0.246924552407617
-0.0749673525798364	0.047975033880746
-0.815761825627739	0.546325534891551
0.0718943582657923	0.0503262946169416
0.133454767465507	0.0572230836550807
-0.349076102655448	0.212646988807453
-1.18289471682549	0.669212637962865
-0.666365111137975	0.398457622195373
-0.2060373150302	0.112210826477324
-0.525119176359203	0.404649560908996
-0.610476199762135	0.455923428106179
-0.575934435488624	0.37140500381106
0.13766712372991	0.0657731027504458
0.37262170263716	0.167157964409165
-0.119470237064633	0.0481183717796714
-0.421219984668851	0.178376295691611
-0.518441652411184	0.276118234628504
-0.609999928215227	0.45582035294092
0.889556899668025	0.766475683979675
1.01902688078839	0.964619963814761
-0.251529953836216	0.167070122964068
-0.48963912814474	0.332730312647959
-1.18716587033807	0.673489707564379
-0.889341488111078	0.907982520506473
-0.735781133876447	0.770308846676844
-0.538890908730252	0.206797385443168
-0.815022796688299	0.547406731837517
-0.809579547639446	0.709872462260738
-0.67487533421092	0.405801360945323
-2.01084109111553	1.41767250971913
-0.291861321129424	0.186764444074843
-0.239404477826605	0.0784394742303508
-0.515845415223481	0.274922047301599
-0.123774166039407	0.0498612949473713
-1.05323435262096	0.846569681863322
-1.17048109164385	1.02951700339979
-0.568527931400303	0.365767479596839
-0.0157304411667579	0.00819502780055982
-0.543552235605529	0.208968478049413
-0.0246690845413701	0.0126466837705038
-0.00289481724918748	0.00149517232922568
-0.415465050057558	0.293180859627344
-0.812905455170033	0.449284509756125
0.125752849936547	0.0540688711911673
-0.415608883219363	0.17598019938734
-0.16546668789861	0.114881776603767
-0.900520814714388	0.845937404830268
-0.694012057881382	0.49383482398379
-0.530330663497093	0.408671267592966
0.0305272258767563	0.0187172800799601
-0.627660481890458	0.304576392370929
1.32747937116567	1.40043034045503
-0.0950707286528904	0.0590913804369673
0.484930178474449	0.305314962353437
-1.06484559763342	0.864838957454763
0.880499120681106	0.473345044301227
0.83752113570817	0.613659221239085
-1.18468228417349	0.672316148748114
0.931950133432299	0.244413497437813
2.74617618045436	0.774720201883077
-0.818453732541709	0.639853185671518
-0.979190684805451	0.607935487087444
-0.113229209503186	0.0456243767897171
0.742703364480509	0.81889891331858
0.97829337856737	0.79731711160489
-0.415188670586607	0.292505915288949
-0.241560246013931	0.159692079333238
-0.412477522761774	0.289749093296294
-0.0216587853245798	0.0111535367349073
-0.673758808081877	0.404054201925006
-0.941440607043406	0.695736718650195
-0.325797667661219	0.151660824849553
-0.311805043747214	0.231901532048548
-0.199768613161941	0.177213391609975
-0.228506970160014	0.201485021012305
0.0476807499010076	0.0306517688287797
-0.332658212669573	0.155084371369199
-0.219414221735827	0.15020110007802
-0.246915584175123	0.163491461301689
-0.246269658380375	0.162850270185628
0.667624090267503	0.311396687780984
-0.0796638717767028	0.0353385202788546
0.338521682323511	0.169555624637852
-0.119470237064633	0.0481183717796714
0.0206907645193318	0.0119605472282306
-0.124552686322226	0.074812491492781
0.550018220366904	0.436354215326155
0.38261668064906	0.326294809914514
-0.297774508586644	0.19117998771852
0.287344699861364	0.185053695102771
1.08561871699201	0.820674253374025
0.342540115726962	0.171511879937784
-0.0749056847690441	0.0332405598705312
-1.11556590702395	0.77330701344695
-0.325314126744569	0.151399086880767
-0.626572728935932	0.303856207945388
-1.53645538754434	0.554877978644979
-0.460016323929642	0.362833040460775
-0.589206180151977	0.672245190125568
-0.603784804950684	0.602004950834968
-0.898162398084875	0.840594515832374
-0.539276806409919	0.207127681793212
-0.809910726539183	0.447682017792057
-1.123417495051	0.779824011828794
-0.359365673988087	0.104727737543846
-0.996675484119628	0.500920171091431
-0.704589545349527	0.502937311104128
-0.415354340451682	0.175826033861495
-0.805857661586363	0.444252595919224
-0.979001095348755	0.609778612628018
-0.534955549485768	0.20533826801366
-0.671214068794035	0.402837842998943
-0.784625312207766	0.347139882397849
-1.86357193877614	1.72259403621512
-0.627776481458223	0.304902086239894
-1.00898937625135	0.508451599615989
1.34007563220648	1.23043055977248
0.132236167244569	0.063295469237266
2.05107774014837	2.57483491320155
1.49938350074308	1.26752502305126
-0.118420981661606	0.0477100615426204
-0.118673738096202	0.0478020956268743
-0.700392476529455	0.500005767298894
-0.295646004826168	0.189678057047924
-0.414557503610828	0.175513398695098
-1.50075792575536	1.06060707448395
-0.512157764202943	0.272974519735246
-0.697958912478812	0.496577945754503
-0.787825204296024	0.348755440723153
-0.333372300116353	0.15549695719915
-0.537877518920207	0.206535210663043
-1.04272005949682	0.419280018630572
-0.244207126196071	0.188627069879563
-0.164298599183137	0.0945362666534636
-1.15775594687383	1.30548629230697
-0.00878882491459522	0.00614203611645003
-0.358826445474701	0.293041204003225
-0.413175354447277	0.291254269058587
-0.511688134628304	0.272694362663271
-0.166321802561597	0.0959523420777976
0.0851653472044908	0.0640382430287964
-0.288419010243931	0.241964540669487
-0.0185796873464061	0.00961182180625296
-0.242950313772336	0.160447195672224
0.594858801897325	0.553552088093415
-0.873656622150136	1.08117558888213
-0.624089325702578	0.518802790288228
-0.00383532892537924	0.00199251939409464
-1.50156006087426	1.0615353407628
-0.816520683750835	0.546457935220895
-1.53127286779506	0.553105673100975
-0.701948506809139	0.500907471050578
-0.168535700512318	0.0614396736428628
-0.238238452952737	0.0780615880676397
-0.537315035936971	0.206219810031048
-1.29770386628742	0.593162801934876
-0.166720587533231	0.0607503375240969
-0.455476738910175	0.358473613498131
0.528785102021569	0.304686976288422
-0.602885107158633	0.600811427190726
-0.0638007204230062	0.0406187019208471
-0.414343986942018	0.291878535098182
-0.941901032154185	0.69821119649645
-0.500704875568495	0.264489305289306
0.962526210148408	1.04825737517028
-1.12535227945419	1.10871444088646
-0.45396146205468	0.356651583618337
0.39158958657701	0.308363935652829
0.28407778346109	0.2039858064436
-0.262677747700059	0.133160093281085
-0.666560841803239	0.398749794760271
-0.975062557948543	0.606925512170839
0.42201668048743	0.169638953784636
-0.788092149452314	0.348156649758313
1.07047417359051	0.654996876930044
0.300753786157485	0.180687018110562
-0.048549610408777	0.0317835312951342
0.138138662426263	0.0727757093724884
-0.421479250005007	0.297688263332496
-0.0994145973900089	0.0619152113054516
-0.213985015889568	0.168201843743154
-0.308776307942058	0.229328258223131
-0.676606008689282	0.407067026313057
-1.06395127654559	0.861134188026501
-0.922359389277568	0.784478466513112
-1.83875848168522	0.759162449562453
-0.997198553489377	0.501228101461149
-1.53273207896643	0.55406409993797
-0.538440187846927	0.206758866526095
-2.14052124016004	3.03881074783163
-0.406931026075334	0.327450499876021
-0.890562314618002	0.909434180301869
-0.57149376254134	0.36817176661377
-0.812040666869954	0.543713208906441
-0.327319676028716	0.272378423639544
-1.11167689113555	1.33445904332226
-0.414044462155018	0.291029860116534
0.0775847290185621	0.0563547280549017
0.476765309318293	0.424032406793073
-0.0414685263003646	0.0277548493011856
0.164020213240775	0.129372262069336
0.38243507418303	0.314015323130279
-0.996916264788197	1.00399585937093
-0.00971525509250081	0.00675830533457309
-0.0348136322417917	0.0233402911278569
0.165726193192948	0.117653526324329
0.159241001423086	0.112753153291126
-0.112001621833598	0.0450710289714248
-0.313130759363616	0.232260284938995
-0.201406153839521	0.136532418345112
-0.477349218164079	0.322416849748409
-1.11811663384182	0.774850641967335
-0.0232159569967415	0.011872092754115
-0.264345626631133	0.134482207269924
0.0641155475013253	0.0447528818013584
-1.16877014926218	1.03071705340691
-1.2931604748656	0.591359256359774
-0.644006342900786	0.156718049862583
0.153252105409293	0.0383013054251703
-0.12446703294158	0.0747877132937534
-0.349044532352494	0.251667477028267
-0.245825914701003	0.162966347533537
-1.5780160390187	2.12627242782446
-1.25244867836421	1.66062535876709
-1.64719318494436	2.32442422864749
-1.07006040447725	0.872354907321297
-0.695013892659754	0.787124749572232
0.366048079855887	0.32150798775583
0.0485271704257227	0.0312079721318183
-0.206670646338275	0.161840315724416
-0.480148193598967	0.456126968272711
-0.513787203793804	0.273500210328847
-0.603538445283666	0.450307157462454
0.938150427092247	0.925360896940574
1.21572914673752	1.01937738558414
-0.626192994085017	0.304213660495068
0.142111611188773	0.0812465718862454
-0.0438219523818982	0.0211285407088659
-0.0825395420491026	0.0366252099743335
0.134078349939747	0.0575506479018331
1.25346251138485	0.691203628034591
0.341596799672475	0.171218517732813
-0.622477540161479	0.302164540797342
-0.212751970073244	0.116228122154418
0.0654248187725879	0.0440679275684919
1.76247234606925	0.991053637235418
0.980678554889909	0.799606352793125
1.11780537983625	1.1408112321151
0.434970486137715	0.313739689482887
-0.296051192286658	0.189941186346717
-0.743121608258111	0.875115636807832
-0.986885619301556	0.988338923151324
-0.817768208843294	0.640561590805998
-1.16281927588812	1.31410657665448
-0.216491991354914	0.148226959869241
-0.904182682170654	0.850365084204172
-1.57425706345822	1.53841554854542
0.245081594838942	0.220922722302428
-0.90333802688458	0.845987601781231
-0.701738589209388	0.501158329009767
-0.420849893825477	0.241593723259771
-0.127505053760432	0.0767133970447355
0.341129120340121	0.17103476464538
-0.811772408431037	0.779830288414469
-0.814556553300781	0.715808110150853
-0.525600238131722	0.404213555790175
0.162688026077915	0.110724936583464
-0.097586860151411	0.0606368394824898
0.689028274635354	0.691524560289349
-0.173643378795923	0.100268549140347
0.523839643318587	0.301727615293992
-1.11410796844275	1.09166663058511
0.374319210859744	0.317752603878568
-0.696019432765337	0.496250171648313
0.0210561960427682	0.0121163635463705
-1.86405972340628	1.19175324919695
-0.267791667962924	0.202674649541377
-0.428053337684418	0.246648095736582
-0.0220790037866854	0.0113610459895753
-0.810485013470087	0.631765357322478
-0.078572371521343	0.0348537957440428
-0.708943439108845	0.574869873904355
0.146859194737582	0.094635871339123
-0.689007780150964	0.488571679044045
-0.0461189812330087	0.0309043982192792
-0.403331243902955	0.323226635005097
-0.0205238304090963	0.0105914690640525
0.326281826760696	0.298663961152852
-0.353645286201633	0.256319467845354
-0.80812809126424	0.705465550221918
-0.783816093701143	0.346310199197133
-1.29769391979125	1.44469577955483
-0.214773411822515	0.117450548223801
-0.603870272960644	0.451035807397608
-0.164387942822071	0.0946748838876151
-1.27480303591433	1.21081960091022
-1.29279389233392	1.43836282970444
1.21287370246449	1.18044612920643
-0.563233286794108	0.361468006448617
0.0567982628942574	0.0381779282989605
0.171816167259412	0.127117740381461
-0.260622600593223	0.132363581503456
-0.129988320987643	0.0782572747970384
-0.79229075965778	0.35123286452189
-0.624372081563304	0.520005552095889
0.15118359149654	0.102331220621049
0.0148157178662599	0.00865788017139315
0.322512686259809	0.17853916384694
-1.00819377672709	0.507902860595525
-0.416683138160911	0.176658736963844
0.371891833900981	0.166807844763612
1.21157777979197	1.01171811690909
1.067666537093	0.653303113065229
-0.125806088589839	0.0754996275512294
-0.357236713807047	0.218474859639053
0.262327596658319	0.203290118672824
0.361510657918889	0.316780844455984
0.425642743369918	0.41066727370346
-0.350129201138536	0.212996733585937
-1.22697703049108	1.45891845191477
-0.636155508911381	0.309242738909145
-0.263588703942151	0.133713358669305
-0.697882000951616	0.789654113924223
-0.3145146969038	0.233991634752105
-0.528615148318734	0.407281514448365
-1.29854797059543	0.594785420705011
-0.117662313502902	0.0473730863080942
-0.905712293936359	0.852986470532486
-2.29332779811628	2.87628508954519
-0.544512919265376	0.209060965089162
0.509435415274993	0.183330389793874
-1.29344278343992	0.590245914120149
-0.419105204222685	0.177722426333996
-0.812826035967969	0.958389274095172
-0.358033535528755	0.291897676405321
-0.72267213472869	0.647649307878268
0.361036536116436	0.304105796827911
-0.183308508521214	0.1284036189306
0.77997708403938	0.839529835300549
-0.28410858418343	0.216298657453014
1.05312970974901	1.22118251659984
-0.399073344170046	0.319252216520785
0.247690936923828	0.210747605715833
-0.651337200756603	0.639590501079833
0.82922410011992	0.604744064949362
0.670780204362144	0.313732636016028
-0.601405598804319	0.448390230591091
-0.291242007493645	0.186407467959562
1.00599414761207	0.948309226383669
-0.293802655262182	0.188185969709303
0.283445919461521	0.181768890690459
0.257925155047474	0.206818980962971
-0.294899621307141	0.188737354097444
0.405805862403175	0.306255734460536
0.153091804513547	0.0937800557406681
-0.304516805437769	0.225450407888686
0.486111300400454	0.306435182904333
0.697377982115894	0.70269804036089
-0.459005563591226	0.361736930714929
-0.552602571077264	0.469838361634622
-0.626553291029403	0.522721980639203
-0.618084765881334	0.51303885627744
-3.46927590533187	1.25338166490445
-0.60030249739039	0.44609734374558
0.0168852114962338	0.00981804655279809
-0.0279950885687093	0.0143100383846937
-1.50647323937646	0.775812020822925
-1.74333407125803	1.47833665299026
-1.04786382925772	0.422554751457188
-1.53273207896643	0.55406409993797
-0.290444931532228	0.185441918804172
-0.361624196249223	0.263003785203667
-1.83778128266357	2.16141725385324
-0.0943298223133794	0.0585811102910071
-0.786524448847301	0.347425558055803
-0.49434668257338	0.427012322269385
-0.692050083625848	0.491599789931626
-0.348237484878044	0.21208534388578
-0.0728924440449142	0.0556671139066611
-0.366227978965177	0.329799255953275
-0.528966571223908	0.407567722862116
-0.0221066462712938	0.0113720975641889
0.273116014958642	0.195211865055166
-0.442096110710925	0.38652573345533
-0.275122219787919	0.208690869988238
0.0509042385038829	0.0327593890964717
0.692685973382089	0.695278311502675
-0.810235170096758	0.447921924365261
-0.619916049100051	0.2997405394969
-0.56854225900914	0.366509999920599
-1.86072337299035	1.71841913483081
-1.12666482138083	0.782024779286672
1.01492316189817	1.3089677571223
0.405307989272963	0.305838206372204
-0.44218043111401	0.386123539001651
-0.237477952696761	0.0778886575961749
1.31205222453913	0.576575770191727
-2.48957161680237	1.41221866317164
-0.241167522479892	0.159426504443899
-0.0175430923950127	0.00909300828773451
0.037983010079434	0.0231626803365473
0.629268739393452	0.444632212407088
-0.521266192417869	0.486681594310427
0.891458489285723	0.77201694922522
-0.338162968948687	0.309040765737363
0.522231099753801	0.432865693136163
-0.693908633701158	0.825006010761937
-0.743148029273851	0.830892489012074
-0.595854263292587	0.442853482720165
-0.808520631272416	0.896382525667075
-0.405821595190642	0.361740706512359
-0.413935783755579	0.333606691747225
-0.17720072375458	0.158298992340843
-0.0352884896539954	0.0236466092396932
0.0255118854064744	0.0199307665753786
-1.70302059868253	0.978619932830469
-0.996152523807641	0.500456853044565
0.343485079370243	0.172045766003148
-0.926411416336005	0.788168685109989
-0.808044582517213	0.774654404305001
-1.8342610889082	0.756597291586424
-0.797032188591297	0.353126788807385
-2.58817701744193	0.677412741892899
-0.537315035936971	0.206219810031048
-0.963788414030209	1.04019800468819
0.584561605283442	0.440351485443981
-0.0208185860337012	0.0107308910483985
0.289965397524241	0.1869287304046
-0.576318791394014	0.62166445745093
0.290699443155015	0.187501137983317
-0.0247407281919067	0.016908932380258
0.480192259371901	0.427617853345141
-0.12906525585511	0.0938596137903164
-0.214754886488785	0.147007545689663
1.50562956873678	1.28272876127892
-0.345430247755497	0.210068524258308
0.145121780568588	0.0828978865120176
-0.023384241113221	0.0120008957218302
-0.124888230285058	0.050215195380074
-0.16381199296997	0.132373307977892
0.0129760959645888	0.00759750511279446
-0.965721128911888	1.03904344614385
0.141239881913807	0.0803612006811594
0.146614091966933	0.0837696496718581
-0.950879308460679	0.707270352933213
1.015557398282	1.30574797436183
0.892097555416479	0.770044134771547
-0.721912849420323	0.647055798901958
-0.497483268397318	0.429919551344499
-0.733085137447618	0.715148587675049
-0.0536996420340561	0.035179524453657
0.00188334251687253	0.000990688975081287
-1.04550658635032	0.420677883175507
-0.164767698413953	0.0600142622210228
-0.351122733619136	0.253805285146636
-0.071587079409576	0.0458256393041404
-0.487109031741915	0.330397405335025
-0.715642884060265	0.58020698350318
-0.628667595788022	0.674283905381282
-0.0524831526030573	0.0344076891120364
-1.31598388405771	1.82369102466972
-0.947587973894713	0.703748917023361
-0.177473050633449	0.124125249760559
-0.524548582085196	0.491655488823125
-0.457375484769151	0.359963877733986
-0.0256218817739652	0.0131208397951926
-0.72267213472869	0.647649307878268
-0.327971186553783	0.152704560446098
1.41979919576348	1.60668555085236
-0.821410235735125	0.551873020838861
-0.607503579313688	0.452827781390801
-0.603870272960644	0.451035807397608
-0.332246748523914	0.154820682697304
-0.655554195877519	0.599484825240209
-0.804258305728378	0.828846525691026
-0.198855108847048	0.159455068075624
-0.326683715300656	0.271556408868639
-1.7614084213195	2.34611420357005
0.777552677914706	0.837010068753225
-0.170315769324381	0.11858003393696
-0.550649962484365	0.466806551010607
2.10476185913215	1.46448841996599
-0.052045674867561	0.0349123204090007
-2.00461956447719	1.41322637521392
0.926188951575267	0.622049394110192
-0.0866874895275825	0.0383942253461441
-0.162442973725322	0.0592138065020847
0.771315410167628	0.459613367691014
-0.0973644189969587	0.0605226393228882
-0.0270691800669416	0.0138506824555927
0.773369272949542	0.461362920517782
-0.0577843384954325	0.0277025993405902
-1.24610147547542	0.954335417219538
-0.36464918377385	0.223216669141373
-0.12247362403796	0.0493446725033237
-1.0430285489592	0.420216988954647
-0.669047661791587	0.401483657672798
0.585419725717184	0.304820371771566
-0.126625677313857	0.0761793358417465
-0.124279792653101	0.0500417642888447
0.287103065831988	0.196597836204805
-0.453728072712517	0.35656249736735
-0.805617678625651	0.94591508248534
-1.74663499878619	1.48715832714059
-1.04386255824078	1.19402714961207
0.816917603034207	0.853548532425246
-1.24486336988657	0.949293705633536
-0.641864590605105	0.583358750973759
-0.153579452279443	0.109828390166454
-1.02857809750675	0.943946628519956
0.0876727669659879	0.0679297681726319
-0.236614951015154	0.182432030974522
-0.62709866861999	0.67131008333811
0.0410468456740588	0.0251174373358267
0.0251088637002183	0.0144301700369122
-0.357964771393345	0.320287120642867
-0.263887325541255	0.133717057084476
-0.792553264813643	0.351420601868644
-0.600643470639696	0.446172792976983
-0.823424981717758	0.552055495382597
-0.816698239534227	0.638608022405113
-0.0573065620415869	0.0274669163180652
1.92985580403526	2.67011957359846
0.972913915776833	0.789966443006191
0.520054286521704	0.430353996228769
0.969780944174046	0.787329072208235
-0.725223635881352	0.650518538505897
-0.167352768336646	0.0966078789243261
-0.00233531145166792	0.0012349996339652
0.688593882575609	0.449916281678093
0.6307379118006	0.44557756953044
0.133628297711465	0.0701875886804089
-0.0510299712797837	0.024570292981371
-0.708365008221984	0.574619855744562
0.509435415274993	0.183330389793874
-0.484895502900495	0.328929302849895
-1.37750735428038	1.40824028348183
-1.62727971479539	1.26697180106819
-0.994474806493798	0.997531441518157
0.378053216972041	0.169670857503772
-1.96003876062795	1.95060122994604
0.532121398212984	0.306389395324581
-0.707572699905392	0.573582180363393
0.144887227748965	0.0829104102959631
-0.0212817939210668	0.0109353075274669
-0.815898219589871	0.547973799790001
-2.48704891291856	1.40789808441602
-1.85249669358767	1.17748689509848
0.0546146302557425	0.0351515064569709
-0.455433161938576	0.358218874568107
-2.48957161680237	1.41221866317164
-2.58453548475525	0.676764203908389
-0.361802623855853	0.105358062763741
-0.479455956647542	0.324196995691451
-0.676889770985257	0.406194493970738
0.550096223457844	0.436510177667133
-0.181119820167986	0.143878946367083
-0.290698900577688	0.185873059220227
-0.51977662576425	0.484806911423812
0.276969707405744	0.207692492413218
-0.104091344516138	0.0648160753886196
0.725558828185609	0.705230295699486
0.690657701766856	0.452106539293861
0.525457205331027	0.302881186258562
0.56713362728558	0.543512770647579
-0.623988257607338	0.302983573474036
0.134816122970676	0.0711031193834541
1.0514131501065	0.510674081850787
0.315060626262257	0.174121322137803
-1.51037574582068	0.777682475780668
-1.62399362174501	1.26060777395395
-0.236606371241214	0.0776017669502627
-1.69216023873969	0.969042717897292
-0.682720149056499	0.945931254360223
-0.181104097260212	0.175069331184695
0.675419597719167	0.588500527219922
0.329111801819585	0.30186491791339
-0.0532093644327909	0.03490745838238
-0.99106813911424	0.995555486971731
-0.134962837846028	0.0812173880180452
0.0710795856175981	0.0514655568223953
0.979810850916646	0.798229254490491
0.532121398212984	0.306389395324581
-0.333691830091661	0.155561116107088
0.685709043667337	0.447752599932461
-0.825248303157077	0.9185545791717
-0.405074618565435	0.325418493182132
-0.408408352427543	0.28687749865457
-0.41051572599613	0.288510365364085
-0.48142739218283	0.325364757975511
-0.422865270096431	0.179172734425968
-0.788915540437304	0.349290087251084
-1.0464197700532	0.420992950185341
0.931046104837626	0.626348051519245
0.772284044368868	0.4605558268554
0.169177092431657	0.115464849053848
-0.709436657317212	0.630478213233725
-0.593208971698212	0.58903860154033
-0.144840053640075	0.103168478650828
0.745673583847869	0.823019723171161
0.0843914890181063	0.0613435982375012
-0.907503974095845	0.852872196026886
-0.288918070895006	0.243188637659271
-0.351148950883414	0.347236358492469
-0.495872541626794	0.638181001279741
-0.186038377320053	0.148044350516533
-0.165170123048317	0.0950712703834708
-1.373519994782	1.80006186310589
-0.237630586336628	0.205386163163305
0.166782870932994	0.13565202917207
0.290379640613077	0.198618710114248
0.0790505606092408	0.0574434029292721
-0.648484974017981	0.592100792218677
-2.29985279094791	1.179082966891
0.767017493878968	0.455786822564774
-0.605384569370216	0.451638702519702
-0.751933393792878	0.893837319881458
-0.420521414117005	0.241475957709411
-1.62444544407075	1.26107704847212
0.411317387184861	0.311225032248956
-0.922910224476965	0.785133843263658
-0.289261708382094	0.184780378415566
-0.712196747955268	0.577499867636771
0.165421157214874	0.126509727815501
0.864425263448866	0.873143173999093
0.156539170375825	0.106373967305227
-0.325778164949236	0.270904298546326
-0.817576179500733	0.639427784617591
-0.326976606904286	0.152113673158927
-0.784360212624691	0.346516166814227
-0.812884938836444	0.544673301880031
-0.421289588738057	0.241750811553674
-0.698824056480991	0.56231981060882
-2.00796518041794	1.41646291771843
0.455122419855853	0.308687381699493
-0.792553264813643	0.351420601868644
-0.267259189939473	0.135896801529097
-1.23114509249365	1.46748461503131
-0.478656484237201	0.64036221154975
-1.05083238597176	1.20375736335891
0.130612563424312	0.0499328947737428
-0.115559449196221	0.0859433027704836
-0.69891633408815	0.561727080988749
0.806226228303081	0.833376104499442
0.0219716873612775	0.0166489648900308
-0.658958029968769	0.82962347908926
-0.364799036881313	0.327387729716084
-0.0597259683998703	0.0462339510011894
0.524351599931503	0.43392499683406
-0.182935985562611	0.128112752170985
0.14785519217312	0.0844596299004187
-0.695794190085704	0.495710299419456
0.470886437925454	0.417183458549435
-0.627776481458223	0.304902086239894
0.660625219537001	0.571351477386379
-0.167087083397496	0.0960798542289358
-0.703114030199792	0.568080809880645
-0.57025594006945	0.367402629368518
-0.510301782607894	0.270949179100825
1.043973276843	0.506180750770939
-0.126774632118561	0.0510070776237582
-0.309400159030448	0.285696781934323
-0.170016774100449	0.179213564512431
0.506250621207255	0.583398835563266
0.348154856510682	0.313021972877531
0.373832832600031	0.305353251400564
-1.85859274670694	1.7157288374567
0.166348445659234	0.122728882657205
-0.823950403643937	0.644397874733459
0.385674624969719	0.30290735233012
-0.14567596015537	0.103831472925035
0.465700515276981	0.428079685097286
-0.718438013810013	0.6437905540461
0.0350759218674396	0.0214778189816171
-0.495817463470393	0.428878322149001
0.295552120488811	0.190693114937618
-1.96239990959385	1.95671981603768
0.166257859514386	0.113285540486541
-1.36797413538692	1.1492972153526
-0.0750060643392602	0.0480113037069088
0.870163995910221	0.882190169134923
1.21906641873872	1.0220350989288
-0.208141228905243	0.142094063173403
-0.292488979200936	0.187035315299921
-0.306496198074115	0.328111792017916
-0.399689581097102	0.386093094777696
0.164044326859162	0.147282600565373
-0.626781417742501	0.304966990645863
-0.115191383174165	0.0464576903941925
-0.624904554258137	0.52043130699758
-1.15607642637457	1.30636878543981
-0.325520395364441	0.151540356213755
0.930347926139387	0.626044491415544
-0.625984455329668	0.30451398202405
-0.264711076726965	0.134623179317158
1.43541695881771	0.890799375296464
-0.337900914676481	0.157545838366693
-0.425239461187466	0.180015805516723
0.897834202910083	0.778299642348383
0.769111812759281	0.457968288695939
-0.41213126151368	0.174476836425326
-0.0552191074455116	0.0265173882026074
-0.621887603144683	0.30150327447583
-0.537589304181351	0.206094574742513
-0.263158357219577	0.133723857633802
-1.18548762585227	0.670669199283097
-0.3252019342678	0.151330883003157
-0.105652531207918	0.0658089483208771
-0.460128553709707	0.362896667009137
-0.245706449989661	0.190257025331824
-0.0911551185273699	0.068667530489139
-1.08377458944265	1.15985403298104
0.546265869206529	0.627915835171524
-0.251042612990773	0.165990597443731
0.429143095745792	0.308800068946046
0.365973177537476	0.309907548351376
-0.423764146956636	0.243112051408363
-0.295240886324857	0.189372875343123
0.579175513426621	0.300320705261566
-0.242025564504491	0.0793476290892232
-0.143674932414382	0.102245442328049
0.692869143548405	0.453092897754655
0.802847723592207	0.338179963633335
-0.741848012858367	0.258096023054699
-0.473945252077172	0.319353282009517
0.879482220947306	0.471667052876794
-0.629760757383075	0.306527018012954
1.23236175787397	0.849601645245434
-0.328831196592297	0.153006686566565
-0.104325642368493	0.0887311622236934
-0.478913352561862	0.640957732577211
-1.62105894879955	1.25567659212027
0.448222127902427	0.301768155803382
-1.70225654070479	0.978571447584327
-0.0492766565624506	0.0237049455030019
0.00478477133579128	0.00250757095206655
-0.523992775147649	0.491300619432875
0.151665420040809	0.0980718959917405
-0.0256621203006737	0.0171926848998077
-0.567802486034791	0.365977629012433
-0.817919788717876	0.451283757797607
-0.409780441536058	0.287565972498245
-0.0189769203147372	0.00981661955885189
-0.457642602673889	0.360613333132548
0.136841091629999	0.0720362280460188
0.12788985360505	0.0612012128308745
-0.514433477555663	0.273807799168182
-0.164225487551096	0.0598078265496197
-0.622511740333703	0.301925600986056
0.131491139507584	0.044577610855764
-0.512802679675692	0.272811543895646
-0.21680656879527	0.148351322024548
-0.0945721506475731	0.0887034736416858
-0.00728331629688347	0.00668919546286877
-0.908000524574349	0.85590584352245
-0.868960930753127	1.19172163899939
-0.513615514233783	0.653417305542406
-2.65102882082955	1.64926907010994
-1.83482918178446	0.757249944313784
1.8046556556941	0.70860181691833
-1.50701639972444	0.77640312788577
-0.173614179164597	0.0631315478454414
-0.742923963799081	0.258084826658777
-0.644388443682788	0.157000626677781
0.133155287376562	0.0451076874905746
1.04873940580309	0.509802214935004
0.650991162239829	0.206772040177897
0.137209797477049	0.0464410009267909
-1.5360848806456	0.555230368935604
-1.29557795676951	0.592205280412913
-0.563052187244559	0.65145757123363
0.0878448212096555	0.0697344783825296
-0.531986464914559	0.577300177829167
0.281254996920693	0.202301878810965
-1.1851836078729	0.672885903753995
-0.705798944435769	0.50213528160269
0.0599898899941724	0.0402278713509251
-1.29287893594334	0.590150472890643
0.672145456483834	0.314698451840055
0.655055294702571	0.20808355560833
1.04447170540575	0.505926902066011
0.0275811620407602	0.0158839142130671
-0.167989696665473	0.0612306831168572
1.80801736892668	0.709604687458265
-2.49039353423768	1.41333144607305
-0.741276499011426	0.25781621104378
-1.5332649245173	0.553641542884682
-1.1547506215075	0.354173653078364
-1.29826368209722	0.593438485703413
-1.11227136510554	1.83991026707122
-0.0125887246774162	0.00868193485213904
-0.304255162378962	0.279912363790751
-0.491395778502756	0.424095811195629
-0.0499478363586894	0.0327521644828037
-0.623988257607338	0.302983573474036
-0.564066779565304	0.362548463392573
-1.25070149296181	0.957225907843928
-0.481827785833113	0.3267000245693
-0.508336558590758	0.270190425497173
0.154372247455988	0.0945664376343987
-1.45675749763844	1.58339247213067
-0.93902074663605	0.694068961511367
-0.418580029248622	0.177413239267987
-0.265223948760632	0.134500576698214
-1.0658119294035	0.863836111487942
-0.115985853788578	0.0467592443534002
-0.630055962189897	0.306429394145344
-0.540114053535069	0.207176036194891
0.131271041698143	0.03920116252469
-0.354627502258335	0.216615524703011
1.06910351378805	0.654933642117964
0.00356900939398957	0.00187429652220757
0.00124898578728355	0.000638852391923645
-0.0444000779862448	0.0214144362783253
0.524666546796985	0.435706487324194
-0.325687072850655	0.15152504926479
-0.91908362294888	0.779448498411949
-1.8872049176186	2.71838536852147
-0.757856787039011	0.902261750138162
-0.727620423816745	0.653757319247697
-0.457755061107078	0.360535985863312
-2.29243191316869	2.88026011143654
-1.47630564209064	1.34477658090586
-0.263979290100294	0.134236438248572
-0.172159866295233	0.0992393418011083
0.133030288407026	0.0507304017338581
-0.566480734210856	0.363838341982903
-0.413761434958365	0.17508532022509
-0.414557503610828	0.175513398695098
-0.818398035421942	0.550212924834905
-0.324550046423997	0.150926811049504
0.14835187328372	0.0848300857046985
-0.297962025898705	0.191046274292735
1.37747439388383	1.06153744296802
1.04794260318453	0.509335640030191
-0.359638133569749	0.261060873885079
-0.812421453926552	0.448968871059799
-0.537877518920207	0.206535210663043
-0.102607970919003	0.0638390247783977
-0.414557503610828	0.175513398695098
-1.8602654832315	1.1864298574928
-0.788370303416665	0.349083376814077
-0.319262741887773	0.238105639220644
0.0651552717753311	0.0455326020587895
0.258528375164375	0.214650121865458
0.349292927846916	0.303171921602141
-1.12233168478507	1.10438577905614
0.269647400321201	0.225323243817517
0.0172413806780861	0.00995291652605058
0.432965793249319	0.311845183410698
1.00503809393749	0.94496962735725
0.371562012619632	0.166997408838697
0.337736586810201	0.169219301425705
2.3851283778677	2.02248476907864
-1.62747427479163	1.26574099272295
-1.29742468940065	0.593905209910399
-1.49795995422255	1.05657081386678
-0.260060023596543	0.244136581345106
-0.177008903242037	0.158052725423356
-0.261902116222823	0.223730171659945
-2.05218043561997	2.17649799169487
-1.2147316959152	1.2761746346808
-1.00497457066128	0.50533039772604
0.340299956367732	0.170240439155864
-0.809320019554314	0.777908948481802
-1.7443878459786	1.48051000542846
0.691403248032569	0.4518809100587
-0.322052483645798	0.149575542267091
-0.235702342750488	0.0772348714749425
-0.116780826677166	0.0470180891710656
0.377830933485734	0.169668237604962
-1.18867257192957	0.675253221058509
-0.405927829970557	0.326296199133797
-0.62197416450419	0.301690782802897
-1.04010501166836	0.418219287530912
0.136046594798443	0.0651462233807147
-1.62354187529135	1.25984044351108
-0.600529232595741	0.447868625967349
-0.332246748523914	0.154820682697304
-0.00839191500691421	0.00435274063187119
0.314316403670979	0.173119793045941
-1.26997153345291	1.20703679299878
-0.238619080974611	0.0782457591467586
-0.695135403839508	0.786519562510503
-0.0668507229125645	0.0506677254380593
-0.674422025418653	0.405303457767107
-0.365828755590752	0.329327583865607
-0.732060517035283	0.765935919141124
-0.316624455641031	0.261972842062872
0.158591785509766	0.116181073118866
0.0709433531096667	0.0497030828506861
-0.550848809894863	0.467096909709354
-0.744417086792763	0.878820912811337
-0.129261370904725	0.0776553721127265
-0.52774504795522	0.495108859498813
-1.27596589824188	1.85237486714237
-0.363299954948002	0.325601785909819
-0.671067060289303	0.852709597859226
-0.867274419788326	1.00730475868477
-0.808001111405272	0.836504971796969
-1.0014834948517	0.503689162250359
-0.329579122799	0.153749164617559
-0.792553264813643	0.351420601868644
-0.422052219097395	0.241922954996429
-1.62957096621282	1.26952557257666
-0.788915540437304	0.349290087251084
-0.920749070103914	0.782749344502859
-0.568220580881268	0.365613546475692
-2.36710400161359	2.17697032325824
0.13692844508394	0.0462929840650054
-0.175944919166529	0.0639306917188674
0.806045844413056	0.339866638922853
-0.414557503610828	0.175513398695098
-0.40103712383753	0.321569932626149
-0.902216650448726	0.848295801491161
-0.629603499038228	0.524909932384448
-0.331353352330495	0.154474758645894
-1.00122310422457	1.59854123956468
-1.15777174612578	1.30644205692078
-0.130393840125518	0.0949727204960593
-0.474111325386699	0.447619682191219
-0.562374236900883	0.360996263277935
-0.130290394302391	0.07836422838123
0.389332368123667	0.320321716444942
-0.672779142044464	0.404667128086811
1.24914944227737	0.686886407600298
-1.83158005250286	0.754669101876136
0.334546021044325	0.167251619809368
0.382717783231682	0.313843689921652
-1.85700048967435	1.18434042737021
-0.179283160947411	0.125473032066585
-0.331672721448829	0.154515919557514
-0.624957539650513	0.303252493920291
0.141934018068002	0.0422115362011609
0.510875541395758	0.183928738190787
-1.83334580943494	0.755859310527549
-0.547197381681225	0.209634222542269
-0.94100556442081	0.696656968659005
-0.163974893050829	0.0943989864488746
0.0827673794521035	0.0602177823346787
-0.515845415223481	0.274922047301599
-0.362710949837822	0.10577213020672
-0.233689169788626	0.076674255613353
-0.362530893266771	0.105463937638037
-1.04333787761146	0.419567920605661
-0.146008262705745	0.104078133384594
-0.633207272907384	0.716587303685855
0.14043408111114	0.0740818224826568
-1.17244491115861	1.03667363291749
-1.35099659271642	0.85883886470938
-0.1568042959712	0.166076740510082
-0.0651082857474537	0.0505640497853046
0.129392291970032	0.0554369179190932
-1.02287680778664	0.473497457639952
-2.29929471138622	1.1783275149489
-0.423149767375147	0.399949901204462
-0.554472200380562	0.560216817414213
-0.970682734813735	1.05200670282197
1.02949176110354	1.08378660103116
0.843359972476961	1.06365682580353
-0.700016951548583	0.835345870947393
-0.158399524298765	0.145245318001951
-0.685401514260055	0.913926391723741
-0.64834559013069	0.157812973783057
-1.83277758245026	0.754444070298794
0.135571700409456	0.0404808758649131
0.128606999596073	0.0551462037161714
-1.04010501166836	0.418219287530912
-0.363619197342818	0.105894774191241
-1.83482918178446	0.757249944313784
-3.76450171843679	1.51272854782687
-1.04158325318629	0.418585395243696
0.143992581516926	0.0427137531860369
-4.41139233225887	2.2753006202608
-1.12409650022468	1.10593485681666
-1.16105600735998	2.09972953075448
-1.26306712254427	1.67819801888784
-0.472375891214665	0.485716822497649
-0.669418085203202	0.706014297786542
-0.155538873679568	0.152592034523495
-0.096629505206808	0.0730063133215887
-0.250152791365377	0.166110215024684
-1.17258791544917	1.03295279427737
-0.672029332814329	0.402939799809457
0.126611907931373	0.0483937912962149
0.801452247780404	0.337326448224681
-0.206523636125904	0.112658457556733
0.508075647691215	0.182571813788913
-2.58453548475525	0.676764203908389
1.43645613213741	0.478161609320723
-0.538440187846927	0.206758866526095
-1.35099659271642	0.85883886470938
1.04502186505443	0.507130780035814
-0.544114473045216	0.20913830975888
-0.801046610177131	0.882665299446372
-0.163534484401185	0.0596231662713251
0.143665287756915	0.0427236629465922
-1.50770651710592	0.77579719922961
-0.172809901996153	0.0629242283980546
0.124952234774902	0.053702608099986
-0.741848012858367	0.258096023054699
-0.806504056304195	0.443811756059223
0.941930808285506	0.9286567319308
-0.485514762297502	0.416700040258059
0.878174237035069	0.470719009413496
0.974044569353258	0.792164580776243
0.48043510659457	0.302149570642856
0.476776543992177	0.424251784778968
0.782050469184516	0.738682086295728
1.08229598017167	0.817442851514003
-0.968673849911101	0.600992834249979
-0.325353119980707	0.151281894201858
0.126346136685917	0.0482983004587781
-1.04359703690809	0.420463940972424
-0.407382386449664	0.363179602284083
-0.24120482233495	0.186518693402009
0.475013095899971	0.420886985481374
0.334667381830634	0.308333884074067
-0.699138697195327	0.498497700412732
-0.208629247820582	0.142407369750313
0.63446511006792	0.573662234855033
0.573407641318649	0.551945098714984
0.252553538454722	0.222475748488572
0.0706765077550806	0.0495022104049874
-0.57186210344881	0.612676831867122
-0.236606371241214	0.0776017669502627
-1.74196577514503	1.48167633835264
-0.0870055372202187	0.0385076917078775
-1.0449372111498	0.420548668733196
0.582753040209349	0.302633083492523
-3.76450171843679	1.51272854782687
0.129193281029703	0.0437930146230249
-1.80379071234984	0.398266610487963
-1.29135050930103	0.589403957324184
0.151399210332705	0.0379807126979956
-0.701966912753837	0.918897829208224
-0.809495010583721	0.709040611882307
-0.259146233941565	0.194705871577352
-0.324625072380799	0.269637759298213
-0.73143185885242	0.811454453157496
-0.117828306900561	0.0852216363553555
-1.07343827221877	1.14294845899513
-0.552279013595074	0.469611560389308
-0.160908879710094	0.0925471831015046
-0.41401656070109	0.17494084170968
-0.166478018933964	0.0960682439335833
1.55373484206067	0.774450053450293
0.646495256830482	0.205229626326689
-1.15347733768864	0.353947479713194
-0.81726865115257	0.452122092823001
-0.359911076994201	0.104872867536805
-1.53235676509745	0.553502300358264
0.140184451576725	0.0265585662587612
-1.04447463018139	0.420263617366416
-0.708876367580326	0.571948819823519
-0.741276499011426	0.25781621104378
0.132307988814815	0.0567689055991867
-0.170366108403779	0.0620020216160097
-0.979469712409055	0.60993225133569
-0.358820522080737	0.104443282865586
-1.68711404268516	2.14301213995088
-0.305505054587427	0.225834241469953
-0.626487162667797	0.3048405731411
-0.306163044459559	0.226825609630985
1.34104270362692	1.23373809386051
0.459599331855519	0.491153849895079
-0.0607112242763553	0.0470624264032278
-0.349525409079086	0.213142226110578
-0.538714119684408	0.206903909568311
1.55513501735626	0.773562175979479
1.02064242307051	0.385788374405308
-0.364163724519504	0.105904858966181
-1.50449729986423	0.77195462792501
-0.0935985366363925	0.0705615444562232
0.519313648492476	0.298243904974846
-0.124007622933747	0.102372316279272
-0.721925375407043	1.03614023545421
-0.366134153693228	0.299970975309555
-0.565482045372015	0.481483355142159
-0.519120169030083	0.398689597418142
0.455718130340113	0.50014593851892
0.00506102667638479	0.00357690480646954
-1.66685952941585	2.65910289790387
-1.50729064378076	0.775039092320791
-1.80379071234984	0.398266610487963
-2.08945711423755	0.967729012291542
-0.999109679756036	0.50221030256292
-0.630560001867424	0.306878318745572
-0.737818425892552	0.255841649506686
-0.544114473045216	0.20913830975888
-1.80368476738292	0.398254084963023
-0.764511304455415	0.962362850865125
-1.59385211633561	3.10837839744768
-0.238783224593465	0.226535186342023
-0.600030362234832	0.598280843389496
1.30236188834527	1.52251919047705
0.0501114454198619	0.03212914772486
1.42582615085211	1.615918667672
0.680627784423637	0.442316144347084
0.64559347674232	0.204972394147955
1.01172800396702	0.957468528965328
1.75282986920346	1.36420154755457
-0.115480842244231	0.0465373051421577
0.139930142590356	0.0265210820862786
-0.361622063644185	0.105340752849314
0.146737983479964	0.0369987654124611
-0.644006342900786	0.156718049862583
-1.53219054338251	0.553674997524989
-1.18338044715413	0.669966188981274
-1.51673119319546	0.779596366618662
-0.0812803417194255	0.0360581929458078
-0.210244709416913	0.114786982291827
-0.621176187643801	0.301238719885307
-0.892499968674343	0.910856083645659
0.667893154365784	0.579690347866825
-0.896806631879495	0.917144831814485
-0.0386025723959771	0.0258866981573668
0.83778644997451	0.615141706979324
0.298103037139005	0.192617426144424
-0.0268849730240201	0.0137554574201938
0.128415688989497	0.0490604418961497
0.12406017577192	0.0532801367426926
-0.239975824588399	0.0786192096818251
-1.51064550147062	0.778998256066615
-0.73786553081862	0.774140576888279
-0.177483838337433	0.144477921693973
-0.314359619783999	0.234125815425344
-0.218460186856007	0.119405726751618
-0.644302138947359	0.588310227588215
-0.648028281895891	0.591948404500772
-0.131382897398721	0.0790783378614863
-0.179184592895887	0.125250924782017
-0.477660811038972	0.453123144138486
0.594199611703673	0.553132352335813
0.636154593676092	0.573269537934474
-0.713320164780274	0.63768984290649
-0.297902776257699	0.191139526925789
-0.941903272084095	1.15680139877995
-1.043288757653	0.419327472122216
-0.647461655721112	0.157598110120326
-0.171715828002281	0.062535222119982
-0.615488192370892	0.77713023654821
-0.439403831945024	0.382861011404797
-0.524678588571255	0.403893670074437
-1.12690180291593	1.36156149715801
-0.82223741788338	0.644175023512734
-0.251329480333437	0.194896446615722
-0.727227637063564	0.707952852797498
-0.407318947293794	0.285659960372514
1.43708163641992	0.89510606428613
0.531209690801291	0.30600397588023
-1.44865487278016	1.78853064616496
-1.03742889521699	0.415673347675531
-0.422606374924752	0.178886515839468
-2.58843250021574	0.677477739401539
-0.644388443682788	0.157000626677781
-0.644006342900786	0.156718049862583
-1.03896900075668	0.416934029797989
-0.332246748523914	0.154820682697304
-0.414843293702639	0.1757531596619
-1.24656170277079	0.954289606290319
-0.626116149578699	0.52138604749592
-1.5369997817935	0.555799845674469
-0.48893114707316	0.332482859171742
-0.00746093834867021	0.00521059153394239
1.76405846644233	0.991432521612201
1.88403611567215	1.6157310983182
-0.41249915278622	0.290752719362648
-0.258255500333219	0.262457287509422
0.092511378433999	0.0737559919476987
-1.17048109164385	1.02951700339979
-1.84024402602088	0.759932191900061
-1.18138834069444	0.669088912855268
-2.08522203444905	0.965065541609483
-0.366106353055766	0.106564775009011
-1.04272005949682	0.419280018630572
-0.249765804680578	0.165770089116241
-0.523442435155266	0.402832078628032
-0.640225606955591	0.72886791812855
0.645808241656284	0.7547564651806
-0.288953185206046	0.288106994406945
0.0993722035380241	0.0854071986944083
-0.285266188880876	0.283650400233101
0.175894436868461	0.130460942587791
0.0184998543552371	0.0107082886923124
0.450474694309647	0.410379884159156
-0.074227180924603	0.0712436991870809
-0.156862924548375	0.143801363746874
-0.130662150847185	0.119685501875577
-0.572913229620523	0.766682656689758
-1.83100980576584	0.754410690712334
-0.181081866285783	0.065581118581142
-1.5318146928413	0.553494474919415
-1.5369997817935	0.555799845674469
-0.734305978070657	0.716842625561584
-0.0714446140657251	0.0456085866908389
-0.173694711589889	0.121142415174776
0.126658533583156	0.0429599674774459
2.3420057408371	1.17899400091788
-0.0962614409740237	0.07074529583663
-0.237477952696761	0.0778886575961749
-1.83391433948043	0.756511402066625
-2.08857336254039	0.966845001646058
-0.643123124462485	0.156504140249688
-1.15895089420025	0.355454865791994
-3.46927590533187	1.25338166490445
-0.567837432732469	0.36523210859088
-0.87580348558872	1.02320199805033
-1.12213717050701	0.778837921677697
-0.788370303416665	0.349083376814077
0.804520827317447	0.337784171232961
0.143337222216575	0.0426016228100372
0.667757587415034	0.580076524402229
1.08564938136394	1.4774392789149
-1.18847113176606	0.674992323762083
0.404446377114203	0.304945137542985
0.918870470760989	0.61301158199972
0.554275535880809	0.766345630633015
1.15913156522221	2.22917520324687
-1.11939546272613	0.776449567453385
-1.53219054338251	0.553674997524989
-0.416947548246649	0.294045076404239
0.383198639514501	0.314294022040707
0.0334845843026006	0.0262055191220005
-0.716858962225944	0.947954665325043
0.226707622363772	0.235977169949479
0.025781011287326	0.0201429347400825
-0.31400846201065	0.379143588051886
-0.362350629827554	0.295794640553033
0.41757861338445	0.316650258982574
-0.236748521588898	0.182237629281882
-0.355205788084236	0.485974969240004
-0.203088005567366	0.218853310428028
-0.398668380548967	0.501792884812401
-0.643889763897163	0.156661592959279
0.139930142590356	0.0265210820862786
-2.09059152506555	0.968842590571424
-0.741848012858367	0.258096023054699
-0.519363427746612	0.777456348700921
-0.482984077244404	0.648179392298693
-0.555004971588564	0.638189605468835
0.274876459793424	0.20591768254555
-1.63002105281462	1.27036865129829
0.524262772933187	0.300977847740013
1.01053601609861	0.381608755274311
0.669992340809613	0.313365566917382
1.76289540196105	2.1798866330627
-0.742347989383004	0.2578806198378
-0.741611944171996	0.257255485732723
0.13903860694883	0.0413471671998274
-1.15755644738434	0.355289941594665
-1.15895089420025	0.355454865791994
-0.78543539970003	0.347149797386619
-0.673668700469819	0.711880680656522
-0.000714242845375931	0.000354991428637345
-0.52265776330571	0.402120194728292
0.133604139296825	0.0639670357985834
-0.333626239597969	0.155627319383404
-0.0879505211638025	0.0389190021160645
-1.0464197700532	0.420992950185341
-0.366106353055766	0.106564775009011
-1.52845204149787	0.551521368985269
0.143665287756915	0.0427236629465922
-0.242025564504491	0.0793476290892232
0.391602803315655	0.308611836439783
-0.28229868050571	0.236162442585738
-1.04672508023987	0.421388808602623
-0.0855785303794775	0.0379012028368277
0.510875541395758	0.183928738190787
0.575215323932646	0.704623311319343
-0.945330691855565	1.44779370720265
-0.890811643802987	0.908042266012254
-0.661770506802671	0.694476392582022
-0.101087467566431	0.0857784828992437
-1.12939304321405	1.59212523069555
-0.397757095978095	0.383930798179726
-0.766935022205826	1.10220681681659
-0.0520085846206125	0.0340712817320151
0.167904527762302	0.119333525991643
1.30586791847387	1.67283323768035
-0.0864426941973299	0.0804226616784408
-0.0755325852784935	0.057648142722249
-0.745246297326046	0.258886832464192
-0.361802623855853	0.105358062763741
-1.53273207896643	0.55406409993797
-3.7650365789172	1.51294271983965
-0.456811966139707	0.533515172831536
-0.122527875865226	0.122477895100966
0.272772703048513	0.220656739483075
-1.02467667631987	0.937323098221939
-0.00100612157496808	0.000538802998319946
-0.171372406113449	0.0987979162409307
-0.537589304181351	0.206094574742513
0.125388482656794	0.0599694684115581
0.716467585544683	0.596916600923111
0.51408721869374	0.185096174251148
-1.15392338036234	0.354212278509058
0.65414904119533	0.208020876626531
0.475114001939338	0.297475843219398
-0.326491111277252	0.151972062797545
-0.644388443682788	0.157000626677781
-0.741848012858367	0.258096023054699
-1.53273207896643	0.55406409993797
-2.58428653566473	0.675727611967995
-1.8396714502032	0.75990222543046
-0.260535594172838	0.13224844779826
-0.929092556906056	0.791803130995354
-0.0479911386867048	0.0230277681287385
0.336466741210172	0.168084657147668
-1.29854797059543	0.594785420705011
-0.78489108076276	0.346823398999766
0.130616866380514	0.0561113343755478
0.65414904119533	0.208020876626531
0.342851136697145	0.171653676642799
0.0660926536205754	0.0444738914693257
-0.49653665169922	0.541585556164947
0.142596188817463	0.0812470400955988
0.283995542131671	0.193956876310133
-0.56567573925304	0.364414480316411
0.0548059124348864	0.0492162392656929
-0.570702079561856	0.613123651543068
-1.22055380781067	1.70656489096884
-0.646311028592412	0.774223719455217
-0.272383661082509	0.274424139114274
0.344997370458153	0.309493616695448
0.249473967291426	0.231364104088833
0.350163725676857	0.315656831343711
-0.903963945430341	0.850844388706272
0.276664217085829	0.19800365328674
-0.343544607534961	0.338568002116556
0.169530267967483	0.184042920358459
-0.280556970857431	0.300286025780893
-0.174033230821022	0.0632238567577844
-3.46927590533187	1.25338166490445
-0.478964616582586	0.453783826799311
-0.583075650720101	0.813698059883753
-0.00711804271737064	0.00497320539149002
0.16576481547925	0.12210067942852
-1.12353496269874	1.10731095104457
0.129425010246068	0.0618624382421176
0.124429853890431	0.047598960284698
-0.237176848830075	0.0778020280962772
0.585283603159251	0.440780137659894
-0.542420081502456	0.208092716001128
-0.364816527926063	0.10584188281234
0.648993667183473	0.205806233366664
-0.236876597981329	0.0775723615768606
-0.215590439583362	0.117756328191704
2.3420057408371	1.17899400091788
0.140184451576725	0.0265585662587612
-0.644006342900786	0.156718049862583
-0.543552235605529	0.208968478049413
-2.30464412753805	1.18358085404448
-0.427115565582368	0.245727288483404
-0.424302852751071	0.244044023750557
-0.0565437134935078	0.0270809396711155
0.877195544444157	0.470564932212988
-0.626975244966897	0.304549343118473
-0.490050923111307	0.332964587193467
0.367804682936512	0.164972913507321
-0.163534484401185	0.0596231662713251
-1.15347733768864	0.353947479713194
0.329931489290191	0.182403334228208
-0.171644228594901	0.119515356596588
0.829679765454794	0.871936149604961
0.71664816965045	0.596445948468924
0.584974327669408	0.539640610337793
-0.294713432153755	0.248799433224233
-0.517620845234443	0.598675585734078
-0.076022418086021	0.0581743000725652
-0.376016452836111	0.368248400883991
-1.10188670950142	1.62121833862526
-0.220330830601896	0.193227612679031
0.765054579038521	1.06910366746978
0.810225371362434	1.04144024812407
-0.559392203206	0.566156036073857
0.161458594663485	0.138132861658415
-0.0956038910091869	0.0703454891963474
-0.758842945456355	0.952077531855542
-0.448292722177052	0.432319321599509
-0.124831545229208	0.105482777071912
0.0467028537340966	0.0402172075070514
1.02875337200257	1.08220496581855
0.0719819191032402	0.0520557197730201
0.0210695080546437	0.0121449383772411
0.145121780568588	0.0828978865120176
-1.50782946871123	0.774490968758297
0.251021493076783	0.207667380679439
-0.157918061034536	0.0906836207162963
-0.238619080974611	0.0782457591467586
-0.120773602676824	0.0486054526739146
0.373983586021531	0.167785985264007
0.299996245150454	0.179626106762996
0.143337222216575	0.0426016228100372
-1.35180934443412	0.859632448827886
-0.631568377012149	0.307429315176704
-1.04447463018139	0.420263617366416
-0.0142710656517724	0.00745805184895875
-0.411606579711645	0.174215663689476
1.80610961993801	0.709606900893752
1.74277584393626	1.35101426148383
-0.485732858619534	0.329667970932226
2.34113999779321	1.17846776749802
0.644691758976379	0.204407522619992
-0.204482067868055	0.111313384036919
0.769165006430714	0.997029407344031
-0.322723366087434	0.32176901271952
0.1248360377403	0.059683162121877
0.49812994029987	0.428577310797796
-0.571924208162617	0.368494816064734
-0.191480221920321	0.211194383222796
-0.164167179299147	0.132501042872392
-0.865204626154031	1.00282452438694
-1.03967643789905	1.18614051236638
-0.336107182424374	0.30661542518401
-0.121403331300569	0.0880640161395821
-0.043613609850407	0.0341610396805881
0.560094882680164	0.629441760703462
-0.208358938844875	0.142231011401687
-0.156259537401569	0.111815219579232
-0.556110844485905	0.640075702122959
-0.338829214574421	0.383513927441968
-0.277722264544355	0.28112721999497
-1.12361878949236	1.57629366776469
-0.585902837856335	0.820010836505074
-1.17486202151552	1.71609161215435
-0.879293209531836	1.02518660477941
0.605894438710629	0.566585348680382
-0.803302930809216	0.827896293288035
-0.602550273412028	0.448488016516847
1.06703242005225	0.652894571894449
0.482945087403693	0.303571184783113
-0.62732330469205	0.523501908989461
-0.626278549225889	0.304519980775598
1.25879997521194	0.695340728531382
0.508940667886974	0.183098517310394
-0.416406198179431	0.176293113457099
0.705850068134939	0.583942656080667
-0.164080448154753	0.0597916313207312
-0.128073456151452	0.0515121087126927
-0.741848012858367	0.258096023054699
-1.53273207896643	0.55406409993797
0.131870569010978	0.0446938595709682
-0.784081161574614	0.346813224493689
1.43693291937878	0.478412112216202
0.934037540207029	0.62844169763662
0.376161795930662	0.169144742488819
-1.83482918178446	0.757249944313784
-0.411113823800828	0.173658606889148
1.01938669987078	0.386305411802006
-0.293385069187841	0.186716995688522
-0.0513971223565944	0.0404614160025486
-1.34776444927957	0.85447733162647
0.299996245150454	0.179626106762996
0.149363725719172	0.0963752929893084
-0.384933020226462	0.456507813295086
-0.693305170004698	0.492670701818979
-0.519120169030083	0.398689597418142
-0.147776770748263	0.121136573471949
-0.187831053439255	0.182285836146511
0.254191356093613	0.253225837386227
-0.733304449211233	0.716480500337861
0.60214507276859	0.650819747884131
0.435405648150266	0.314125365893102
1.45545884879788	1.45545520109322
-0.266143046912868	0.201135519529871
-0.258147218518387	0.263038944900681
-0.187089050166831	0.184475335189101
-0.740705291977838	0.257263180060709
-1.18398462157369	1.73402295811205
-0.929133249096642	1.20219923711912
-1.06658670437447	1.94474583756874
0.000218068232581532	0.000329013010267424
-0.578828346574625	0.535719312339292
-0.357021166586487	0.258349237188628
-0.120510829352026	0.0485852204996473
-0.264592246280646	0.13384579703259
0.587545109069998	0.305315017016987
0.0232190371328644	0.0133686405202686
0.671876564696196	0.314086428737666
0.125479832180241	0.0479193358256835
-0.742182711888573	0.257807372285815
-2.58478470503525	0.675813541092272
-0.0864598493897534	0.0383093062416916
-1.53273207896643	0.55406409993797
-0.362756437456456	0.105570984853003
-0.110925497350492	0.04469916641386
-0.415634602521529	0.17611682369115
-0.124064151874363	0.0499563084162275
-0.335956386144895	0.156370887425855
0.137772279789603	0.0465706419319888
0.133719957549112	0.0453066786126365
-1.69821717607882	0.975456464338961
0.426279362178874	0.171520403429387
0.424935578467476	0.170987715399205
0.0322997643961409	0.0270424932856937
-0.14419146638056	0.130948960891824
-0.808213906071584	0.445131246858292
0.286968978170348	0.196109726535866
-0.330548703324559	0.154118154451601
-0.0919843529837427	0.0943990066792798
-0.940728409606037	1.56209845973269
-0.243726896889479	0.244849060951054
-0.676521466694989	0.406803703394033
-0.339671640431022	0.158198029194084
-0.62755994866606	0.671163910742973
-0.219757555898443	0.19280097201281
-0.980540670019478	1.39325615634782
0.0880875858772684	0.0662912674600038
-0.0971677712280337	0.0821828379044755
-0.289000977079563	0.326663998122293
-0.485970340591029	0.417335398156612
0.0368759636706086	0.0225706510602193
0.339246795500981	0.303162980823682
-0.405751470137484	0.503528895153883
-0.71412592307056	0.94307622200997
-0.589287903735488	0.825806643222108
-1.15799700419576	0.355156175000868
-1.99188733039259	4.26694358430418
-1.26790081407845	1.84222650176177
-0.164041727204396	0.132194189808984
0.777915454323281	0.837247926752509
-0.597015514798207	0.443278042644136
-0.210169214123983	0.114395854401848
0.66621801102779	0.311234872670405
-0.351524592518183	0.214737257426806
-1.29287893594334	0.590150472890643
0.147685616873541	0.0372140815523598
-0.242894765745569	0.0796348330145537
-3.08991345953591	0.960747174631736
0.668674674115125	0.31247028693812
-0.622218834354935	0.301646273579908
0.132433406062052	0.0448790682365348
-0.363255768460324	0.105782299807354
-1.53717500364267	0.554960306214636
-0.783272111395061	0.345984321147423
-1.0449372111498	0.420548668733196
-0.669560756830165	0.40159438682992
-0.370268251686104	0.334388466553882
-0.0942549823962459	0.0795810692202569
-1.06195805588012	0.860904426785385
0.164421200673694	0.125607512528501
-0.979330528330464	0.609828835879085
-0.104699410994418	0.0889769052641011
-1.28674485478254	1.42801554277504
-0.58268821921517	0.540410338803216
-0.296492132102166	0.190144940560826
-0.177473050633449	0.124125249760559
-0.906633848330218	0.852458460387828
-0.519916685108035	0.39908155648947
0.71983624199749	0.599394344101532
-0.916449704502302	0.864636142149458
-0.672512453934958	0.710892698690404
-0.0542707852505856	0.0355982113118387
-0.525518588355332	0.492869194563397
0.000965161027567848	0.000528866985113625
-0.166267462771387	0.161843638438226
-0.0849940541511537	0.0544978126545976
0.454364398788036	0.414832931811938
0.517489305164654	0.427105422349005
-0.464580770553709	0.474860989657673
0.170352794747254	0.153382899148894
-0.214810521936892	0.208364643649514
-0.514693390122441	0.274173575700313
-0.362166381635235	0.105626912484328
-1.0405612985568	0.417329658839004
-0.407865791108929	0.172262617489725
-0.621887603144683	0.30150327447583
-1.32585291628085	2.00492488298854
-0.621845204786167	0.664737609156062
-0.614827505718947	0.653266785821124
0.164227229710187	0.125362309631352
0.159527233542525	0.10337229767856
0.451711335227875	0.30485993489416
-1.58532323225635	2.14052762914002
-0.480332406535571	0.3249323940753
0.589314961272051	0.307055679365578
0.12337646703634	0.0472015738196517
-0.210104948040934	0.143491446643003
0.510875541395758	0.183928738190787
-1.29854797059543	0.594785420705011
-0.0204996769049838	0.0105707465163646
0.132323532241134	0.0448554349010625
-1.049308717888	0.422479383129619
0.139884098064408	0.0416988824150201
-0.36125776400353	0.10521302829144
-0.333691830091661	0.155561116107088
0.132055846316588	0.0447762654002208
-0.638638131158542	0.310487358589575
-0.481936566198998	0.325787414879371
0.125794308234931	0.119358490699968
-0.419283829571472	0.51500693342567
-2.46493197274478	2.43563107606361
-0.233422414771098	0.17964567015292
-0.357849272630805	0.259880996440703
-0.561321038851341	0.74485634850617
0.0787419401815999	0.0757171728407266
-0.564510189282927	0.362439738312058
-0.97484012648735	0.606850394750544
-0.249578092726008	0.165748553672195
-0.696650248312207	1.04608989453303
-0.703621289439098	1.25477185253086
-0.175773522937774	0.156751718107659
-0.273724195373636	0.253174429389714
-0.162021788777921	0.0931918067712731
-0.523444646918111	0.489408931898224
-0.461992458942735	0.364169175039728
-0.127736141537277	0.0768186355697176
0.655876762274141	0.675122799499698
0.427183499433256	0.307289322897404
-0.107261186935824	0.0794727205745351
-0.546111983471039	0.668518892753312
-0.259956495617845	0.244277804776691
0.0703213860320406	0.0492409631752108
-0.135059473963507	0.123862982013197
0.493357182011321	0.421782901258506
0.903499210549078	1.00942747353236
-0.0196114370604159	0.0133843440016977
-0.527454545224741	0.815367290389303
-0.135458653713531	0.135102303786407
-0.45578049162356	0.562839110193491
-0.701510027559791	0.565877081693945
0.13490877553623	0.0646175184446636
0.129329958097978	0.055546912018024
-0.331672721448829	0.154515919557514
-1.51118867054998	0.779819847007487
-0.8610573803107	1.38596204996975
-0.741853811252199	1.19643283690554
-0.507352578710496	0.516472980059439
-0.876020842608863	1.02356724551369
-0.320096120325904	0.265298170744462
0.277323607279479	0.188481759747752
0.932829613639135	0.244963311679429
-0.176460675791699	0.0641802060317615
-0.450164473153367	0.396250079413262
-0.363074920327927	0.105749762822137
0.133155287376562	0.0451076874905746
-0.249778654511783	0.193273188963577
1.04296185231684	0.504805958018039
0.769161109272101	0.458726226836139
-0.417475722920007	0.176801619375739
-0.542982123099903	0.208081480673101
-1.51308953704211	0.779721954830417
-0.0809627151604905	0.0359217727600921
-0.515521902716089	0.274622456372176
-0.426767552794178	0.245851288294989
0.668368229261474	0.312768205499108
0.298617877160612	0.178947337158615
1.56543627067987	1.69598072858042
-0.242784336682224	0.160681394227987
0.519218112987556	0.523724804270334
-0.129627268209991	0.0779800726009789
-0.374416067363107	0.392891879536593
-0.399347004974998	0.354460654425972
-1.44018469948311	1.97787289714889
-0.512268630530115	0.522087666761214
-0.548315206834627	0.551764283471792
-0.352724737984936	0.255358819010601
-0.562848942836466	0.361897520981629
-1.11547434295354	0.771774516162869
-0.331353352330495	0.154474758645894
-0.426712035513248	0.245597852297579
-0.283829406430508	0.180506392893738
-0.0271916390147548	0.0185724069403011
-0.507440618030793	0.440625356841803
-0.405667743373204	0.32613090227168
-1.11490694993085	0.770213863377402
-0.89169385742051	0.910509000752863
-0.694207348383866	0.49340821129952
-0.115243154263125	0.0464459414859408
0.0168512751651258	0.00977238677660615
0.150946665607626	0.0973709921158677
-0.166125611564032	0.0955257712935241
-0.209016987904292	0.113928143664068
-0.163060003114284	0.0938917156025334
-0.265983727488892	0.135177195179416
-0.181668899555384	0.127270151038519
0.278462877029152	0.19915145482758
-1.05844187652096	0.85509869532513
-0.178355689230973	0.0647177562454907
0.523804124822333	0.434634278229397
-0.681928933592752	0.764093628985716
-0.41298871818425	0.290688992900329
-1.64985588831158	2.32718753217879
-1.43398009186391	1.96477088803455
-0.271073517927074	0.205499972684368
-0.203863406951735	0.138670381136546
0.277541802203527	0.208415361522365
-0.493956377544272	0.427016784656773
-0.503830230341842	0.511914957355947
-0.269309082491548	0.203877203179133
-0.80514536095574	0.833443979666154
-0.513153722157741	0.272672395964921
-0.167527449292993	0.0610228882448846
-0.167814284601087	0.0611122958404124
0.318445561629445	0.175940758234391
-1.74532708888853	1.48564966705623
0.142983852571435	0.0817533038032829
-0.808020981181138	1.10638773368377
0.631943909613542	0.445981870367011
0.0718813482857787	0.050206758267065
-0.808672098918388	0.837209926956382
-0.41249915278622	0.290752719362648
1.21257843812328	1.01105002041058
-0.151566181019285	0.108366170842771
-0.813714676913285	0.450036257810427
-0.818078270864465	0.452510550348246
0.403749762057883	0.304364593246999
0.127629604761486	0.0488205219881876
0.673718391373836	0.315696987017925
-1.29135050930103	0.589403957324184
0.128433605172811	0.0550768295516118
1.59737388525948	1.11220467514033
0.87938888335884	0.471923387048254
-1.0430285489592	0.420216988954647
-0.164339324198145	0.0599109386152847
0.482107495651881	0.302903317558282
-0.328026516260394	0.152601612632177
-2.05392494394976	2.19022654117221
-0.583048812085088	0.540663591708292
0.637781819303464	0.45125166104339
-0.369126357634436	0.302932050168901
0.261515304447997	0.224386728678701
0.442642656958962	0.298008465340053
0.634240820986451	0.449034777190125
-0.552920816035534	0.469951178146034
0.095603255332792	0.0782721737351291
-0.671941222689465	0.707068431720882
-0.900137487897351	0.845394835087374
1.0645593686776	0.651526517990408
-0.266167762288225	0.227783188379369
-0.325370078470621	0.270379735147904
-0.525039796167091	0.403771262207174
-1.95065698062708	1.93296527635698
-0.816210250652408	0.636035659465829
-0.0544732162549611	0.0356461851107305
-0.301912454188224	0.193976562558586
-0.798483800086985	0.76157253415214
-0.16374721549796	0.0944179580380232
-1.28313484235824	1.42091011442737
-0.414886686696198	0.292592483979226
-0.273670283746228	0.207782166732588
-0.126510205364455	0.0919241567966516
-0.508988876196452	0.270530855057286
-0.628962005303292	0.305951356252255
1.43693291937878	0.478412112216202
1.80037781238315	0.705873091583144
-0.234259276164921	0.0768738569502217
-0.350364597797891	0.213610171599506
-1.25245127115062	0.960595140804233
0.876512929262729	0.469209352119163
-0.00267970462456185	0.00139892419273285
-0.949296588675852	0.705813791743459
-0.329094468580607	0.153485560574559
0.316738448050686	0.175093321347019
-0.519172963197523	0.276454359043213
0.127404599016016	0.0486879770090128
-1.50864669435594	0.776619151408955
-1.52845204149787	0.551521368985269
0.873217612473719	0.468039423479721
0.582148157826393	0.437444406496872
-0.946046696641995	0.70274827361515
-1.58411959147222	1.55553712392933
0.428337085783734	0.17238502095994
0.309922613663978	0.17073180445554
0.131029538502094	0.0444244541563046
0.132996091874345	0.0450178549889057
0.876512929262729	0.469209352119163
-0.280544061471503	0.213581100373352
-0.344786065774249	0.340225945187521
-1.02299243930339	0.937678871259343
-1.49354302537462	1.04980834710701
-0.433953506427618	0.249980127424206
0.340791764086177	0.170435766015477
-0.636485299498151	0.531860072490075
-1.69106171484448	2.14254079509
-0.267851112170098	0.202310557372767
-0.567812854223586	0.366059594826391
-1.37252946369918	1.15169417968337
-0.351950237972585	0.214430252744654
-0.668372710093903	0.400689376728503
-0.815432338152614	0.547874890341549
-1.03865945292652	0.417336231168104
-0.947304192899329	0.704255089374563
-0.00558390431184434	0.00291005131429739
-1.53963888072174	1.76982637382479
-1.9268892654178	2.39404668955331
-0.621470248051683	0.515031659016935
0.309339403197145	0.186096256730086
0.449365067888841	0.303240042154818
-0.483443752865631	0.328025052533923
0.0199023059205278	0.0115131267373657
-2.00681363929431	1.41441988120311
-0.0518712368881131	0.0249649060118607
-0.0819351270645048	0.0362847113031604
-0.0513917421375359	0.0246808887946929
1.94484431275212	1.21791249728077
-0.515751798434763	0.395110695288029
1.01791216425444	0.385692179378926
0.0573284519931352	0.0368640335315197
-0.605313889614492	0.451717408185309
-1.6947737787251	0.971758443220044
0.00176958042038021	0.000912741543647408
-2.00721161871535	1.41581502506207
0.128940870337764	0.049246839404178
-0.261895589968274	0.132973210520244
0.322663537285344	0.178355073634431
-1.18518562190076	0.671777571048883
-0.28606542942833	0.240373105276611
-0.617333178328654	0.778277756714087
-0.691428629328744	0.779351506985209
-0.131789594476617	0.0794127614855522
-0.989494890262967	0.988685115357379
-1.67041336605275	1.74709330964631
-0.13386640455567	0.108283731127032
0.307104181981768	0.184931688603339
0.309994283750535	0.170612100439911
0.32427059551324	0.17922704424745
-0.658903579363763	0.648842262055724
1.41728510955518	1.60137988892341
-0.282937535049941	0.237069945818444
-0.286311991106609	0.26720615086588
-1.29331652755362	2.19144860787253
-0.218774915268303	0.172088651076238
-0.744547633030575	0.832287830431896
-0.483576143203168	0.460270369116599
-0.481265320275955	0.456612028606246
0.00604701538478511	0.00426885807321518
-0.368098985742417	0.301946840302615
0.0755949525105801	0.0581355625404327
0.162298962359881	0.115215064805698
-0.268576582496761	0.20314951751396
0.882795081560957	0.901860542064166
0.376668032478417	0.169399934512036
1.02291503169053	0.387759077614948
-0.240882528791921	0.078904451336732
-0.359911076994201	0.104872867536805
-0.488760163540996	0.332106946417415
-0.0765256697813192	0.0339312694353969
1.02028601783919	0.386776796263063
0.131199119968489	0.0628521451121674
-0.975390633209517	0.606891452354238
0.479313334609998	0.30037400040306
-1.29296087118166	1.60867040505443
-1.1835763771099	0.669222553042624
-0.741276499011426	0.25781621104378
0.64559347674232	0.204972394147955
-0.420424849941728	0.178268943095334
-0.0825395420491026	0.0366252099743335
-0.699098384599718	0.49912205824824
-0.206953338836129	0.112917294697934
-1.62549339593423	1.97114012007401
-1.80379071234984	0.398266610487963
0.583649841069347	0.303094166465855
0.126411519698715	0.0542451073051796
0.143337222216575	0.0426016228100372
-1.2945637325033	0.591302991254098
-0.104734666542346	0.0650223687333302
-0.256812651319444	0.218205997126381
-0.609391318498476	0.610712590945529
-0.237807830072945	0.183518907645023
-1.91777386969022	2.37697746599607
-0.169251687877334	0.117861651939983
-0.0779197415294534	0.0675399895832659
-0.0871644227501481	0.0654409412064702
0.0817729780060985	0.0631402700850647
-0.621908268876635	0.517595275521089
-0.312227071504524	0.232368006060621
-0.206562697189724	0.195121680975797
0.650444653728205	0.206870989076807
-0.34225367882155	0.159414735379213
-0.904939264529352	0.849597197075054
-0.671408431169534	0.664427538669794
-0.959089556448492	1.11084193906677
-1.08246152976955	1.37661299025412
-0.52187674342145	0.401063892496579
-0.412059124731652	0.289628259773064
-0.639145656032516	0.581987898638842
-0.66355636359837	0.655889370806173
-0.0551037924882624	0.0361556200540619
-0.210842241062895	0.16521475269665
-1.36422927470138	1.13569496689994
-0.0980199161412416	0.0609911091257781
-0.484389364618082	0.461223904997833
-0.181954832255971	0.144493216940466
-0.309521684711401	0.230031107182451
-0.26186004569101	0.132688354260811
-0.0418523228891271	0.0202019917558567
-0.712522180937261	0.57891024787285
-0.573820035732856	0.52954577719882
-1.17305538666369	1.03395992239632
-1.17156392161706	1.03592599758619
-0.447612292028632	0.392828903243974
-1.27376726057161	1.21492647134565
-1.91185769569018	2.36376981448985
0.125176891468931	0.0536593614700109
-0.803860993608373	0.831086944175459
-0.730252910887335	0.762532930679034
-0.704357568965977	0.502873124088521
-0.804148488515787	0.943873836258583
-1.43208698689594	1.9585610482199
0.015551035901391	0.0118324016779674
-0.56520165948447	0.682604745946158
-0.0836707547885627	0.0370230725246624
0.456354222233338	0.309179932158955
-0.507199341737647	0.516488594306981
-0.358045401144429	0.356414440868098
0.560832796602542	0.535011931226878
1.21446443051102	1.18362844337294
0.291696279552179	0.199492864814877
-0.257701152103702	0.219197912584579
-0.105530041344249	0.0780984794591598
-0.364636639193049	0.298403308327643
-0.110271245553547	0.0817201464207491
-0.18599132937122	0.14815818468102
0.0980324041502841	0.0804936929598586
0.694095973935276	0.698952570909092
0.483381452730815	0.431020786892366
-0.0310695763188595	0.020817176058444
0.172480561550078	0.132304989645895
0.550874409386497	0.437380943558032
0.545506441232276	0.537077115498329
-0.523541820491553	0.402669918253313
-0.437885655990103	0.381947379285755
-1.06374092659084	0.864603129554404
0.65414904119533	0.208020876626531
2.74877977095104	0.77489585677119
-3.08991345953591	0.960747174631736
-0.164885457806792	0.0600794376284763
-0.976104159759752	0.607863548771747
0.30579137369997	0.183912966863836
0.876966092458338	0.471322763193848
-1.95184413315944	1.9336409678866
-0.815320420776424	0.545901557626832
-0.815448542589381	0.545442699055533
-0.250970115456774	0.166903468182741
0.806045844413056	0.339866638922853
-1.18786942238714	0.673349365419247
0.131589869219734	0.0564947418302734
1.30547870129105	0.571841073068374
-0.538714119684408	0.206903909568311
-0.414031981947508	0.175185312090786
0.295959695195609	0.190998366420532
-0.689207815766396	0.488676512312624
-1.53219054338251	0.553674997524989
0.126607666522723	0.0483216953353984
0.426255170344838	0.171173986410682
0.143337222216575	0.0426016228100372
-0.181656309638881	0.065893611727983
-0.480869731901139	0.325878215490744
-0.483390967165701	0.32816149539345
-0.236684712271137	0.182396003282668
-0.482021287901677	0.458204794768126
-0.188018578670725	0.149786482232636
-0.0981181427339726	0.0610745010471243
0.021603566242604	0.0164026584255172
0.36445805188488	0.308308962011711
-0.441623593245678	0.424438660674181
-0.117249230531088	0.0985723198874152
-0.916856332578654	1.30609929950871
-0.175388709331559	0.138721797380041
-1.49696277494422	2.12957937652322
-0.538614196730549	0.206624351562852
-0.535791908283722	0.205464292080573
-0.818397897469552	0.640069968923771
-1.11665775965794	1.34235102425846
-0.8052203103151	0.771987778695242
-0.616586156619736	0.655657930275054
-0.265158749694882	0.19992884824741
-1.20164672204772	1.25562761838792
-0.456417692310238	0.402339196904376
-1.15903406823148	1.31081699032348
-0.138937411216626	0.098475734660829
-0.558407022190499	0.475696157134352
-0.308975744521195	0.229380847306257
-0.147870729254495	0.105463854857356
0.551888984720171	0.437776431894039
0.382984072131462	0.299717035564281
-0.600459822446025	0.447723080845206
-0.144114943121083	0.102623802772666
-0.442160870611464	0.387117703483838
-0.406353135825218	0.325820219568357
0.00596877479955581	0.00421452897997852
-0.304603623085396	0.280421183243313
-0.357410484122177	0.258745027172955
-0.809623499910053	0.898448370952659
-0.113259264704002	0.0817078194799711
-1.25990471245632	1.6709719591068
-1.06434685450944	0.866111068973864
0.302105554307221	0.181477145478105
-0.140070524059032	0.0994053156249461
-0.487762269860344	0.568009227810646
0.04309585590896	0.0263688106071502
-0.487109031741915	0.330397405335025
-1.10943109662913	0.763600397819092
-0.627592749835808	0.523333023354778
-0.00774735105887951	0.00539558710183006
-0.436703012443364	0.418276940507952
-0.0645242842167567	0.0500441088546266
-0.405186365582553	0.325719361928543
-0.167796762949644	0.148606269490135
-0.431381781953708	0.411969957900029
-0.87502595607586	0.954234286358643
-0.317388183891819	0.26268042079387
-0.489046161686345	0.419875125871218
-0.927695779504372	0.790134230505924
-0.634839353510634	0.575430710274276
-0.672242365747516	0.402479868950317
-0.415083137355912	0.175775517043565
-0.363619197342818	0.105894774191241
1.80520382516112	0.709003956616184
1.44207806938141	0.479000178026844
1.31468004021919	0.577244755259019
-0.509930205757714	0.270943754129894
-0.167527449292993	0.0610228882448846
-0.0218097945603004	0.0112328716230358
-0.215192004171136	0.117630377834109
-0.33305241037182	0.155303528575634
-0.119976357247685	0.0483101990534039
-1.69448266591189	0.973727404261541
0.508940667886974	0.183098517310394
0.510580201392862	0.183534349617947
0.652695254572546	0.207024892635355
0.672414069874032	0.31387722819826
-1.30190523483154	0.594740147039289
-0.0569616313621208	0.0373548510259851
-0.328831196592297	0.153006686566565
0.931565691852841	0.244293555241305
0.337004276951116	0.168546940844312
-1.50701639972444	0.77640312788577
-1.51091888098795	0.778169586560806
-0.515767024446987	0.394380933949012
-0.723517687216684	0.748500997593919
0.817009604141255	0.95621150869625
0.525715604131761	0.531353765911165
0.267687860588522	0.208377691964053
-0.871832498816514	1.01510262583074
-0.171060107572067	0.0987226617713886
-0.0480345287290441	0.0390326677019688
-1.1200486304958	1.34829663172306
-0.0381446809336352	0.0255118621473203
-1.80368476738292	0.398254084963023
-1.15067412918645	0.352834915266282
-0.81803148933491	0.549527657798685
-0.447646678532321	0.392834192272965
-0.6793484683179	0.40898417213991
-0.915636060673257	0.864500176540721
-0.726397584717216	0.652785719936119
-0.552228330714714	0.55681129154175
-0.599177666535514	0.44649841785662
-0.970615421533611	1.04928500736027
-0.649466648662153	0.636025593020805
-1.57256035259046	1.53486213416373
-0.448982186579983	0.394491167300586
-0.323339080180318	0.150081495061294
0.171407961296902	0.126704747028321
0.158431870340653	0.102698385237943
0.447001782606155	0.301328619880037
0.591798077353767	0.44695921367223
-0.247712232479278	0.164001657570541
-0.022733642173782	0.0155471661622375
-0.146609298483313	0.104253060504568
-0.32376315474032	0.268616592802288
1.05930608881942	1.73249381176678
0.0318874192439088	0.0249482809971071
-1.36510888501746	1.14531051804411
0.440903193824549	0.296149367494142
-0.697503585511526	0.49535429746127
-0.0895599362479721	0.0673477671251779
-0.484917554332925	0.416192853030551
-0.513197932608251	0.272464750883605
-0.979001095348755	0.609778612628018
0.156610223986445	0.101514387651626
-0.203585753406327	0.176389223587356
-0.399398154768614	0.414445336295747
-0.0733203572033675	0.0558755101022603
-0.798712388328175	0.8223986648376
-0.612002664390157	0.613367699927003
-0.708455270034347	0.574451509774023
-0.614642969547497	0.508580014136963
0.262631102838462	0.211494835487086
-1.48004277319404	1.3478639369421
0.76853887493068	0.723248221293419
0.508075647691215	0.182571813788913
-1.53219054338251	0.553674997524989
-1.15707876120986	0.354760041850164
-0.234561901877787	0.0768788971748607
-0.362530893266771	0.105463937638037
0.128343911234542	0.061422669414122
0.509513819382944	0.183136146303308
0.135344827059028	0.0258639507496658
-1.482690001429	1.35092209310385
-1.17491219623171	1.03702000993525
-2.49400402402371	1.41168100099662
-0.329579122799	0.153749164617559
-0.331761427612055	0.154607301840527
0.137603762571643	0.0348647708858813
-2.58428653566473	0.675727611967995
-0.419105204222685	0.177722426333996
-3.4697465656871	1.25533488138392
0.650991162239829	0.206772040177897
-0.508667331676622	0.270377833435923
-0.165214269358064	0.0951672780405179
-0.79213900438562	0.350228182775729
0.147685616873541	0.0372140815523598
0.144241227938778	0.0428872731898325
-1.80368476738292	0.398254084963023
-0.566006179490925	0.517819119811993
-0.184944240008309	0.147285067232178
-1.66606124026836	1.74492523312034
-0.358194513825037	0.259405257918907
-0.49296936620077	0.424050051312235
-0.667760041510395	0.70307487166583
-0.637430585186442	0.579518489666995
0.00932797723457686	0.00658241802785388
-0.366962789008306	0.330783231132101
-0.478249707455876	0.453589244789556
-0.0862611588146856	0.064804164719314
-0.975010743731301	1.38336554416736
-0.443579986669247	0.426233408634467
-0.197658986882997	0.174922587969175
-0.120978399621167	0.0877768514381023
-0.427308208234777	0.470510019800328
-0.147454123069532	0.105132491738006
-0.643123124462485	0.156504140249688
-0.644388443682788	0.157000626677781
-3.46538037258837	1.25291021678476
-0.717780087984233	0.583365408421028
-1.24771283719183	0.953165575701045
-1.57814047268425	1.54735578592535
-0.511413395264437	0.58879072627514
0.0697449088490569	0.0485973558093535
-0.153253250235931	0.109459888138074
-0.889538138224711	0.905097506656109
0.00436894825747052	0.00227413167779763
0.0191961600187155	0.011128457519079
-0.156175894708665	0.111788234472994
-0.074121280237324	0.0474433682129807
-0.325429579367509	0.270227333672871
-0.349781327077686	0.213615730243542
-0.0534075431987075	0.0349495019292353
-0.0520791373094179	0.0340377012742192
-0.0764449241316918	0.0488591542794609
0.430293848996253	0.309451537594104
-0.604063384076279	0.450342175290564
-0.954511231314323	1.10497474469653
0.01807575839028	0.0137330158539132
-0.240248664580441	0.227945383240357
-0.816287695651942	0.638060997468059
0.877022348679029	0.470329226343215
1.43554514923892	0.477898562880183
0.404529000177406	0.305293609491403
-1.24789228938068	1.64748320176781
-1.5410854357465	1.77041366503095
-3.76396710128731	1.51165110521982
-1.04843348997268	0.42268378687421
-0.0952843055391763	0.059138293435005
-1.75745107470115	1.95836411475099
-0.885402771009413	0.899980232117538
-1.08165320885116	1.15556301158769
-0.202005653739849	0.1747902958696
-0.722314219107018	0.701298211726606
0.300809529047938	0.194528904890719
-1.16550784859662	1.02385420446012
-1.83482918178446	0.757249944313784
0.142727172563101	0.0269105320645235
3.25219401652934	1.09882975306147
-3.08953695583634	0.959084825597379
-1.50647323937646	0.775812020822925
0.134081019075937	0.0511086660041786
0.142637387713013	0.0360861991956938
-0.814277736318746	0.450336369915053
-1.04333787761146	0.419567920605661
0.803676101253231	0.338560822354516
0.430780575206884	0.17327437496946
0.144241227938778	0.0428872731898325
-0.166720587533231	0.0607503375240969
-0.785924534344717	0.347074791728862
0.51408721869374	0.185096174251148
-0.411336703163519	0.174112307825355
0.582753040209349	0.302633083492523
-0.0868118199233047	0.0384335175653405
-2.58843250021574	0.677477739401539
-0.644770889342653	0.156875139887313
-0.74730280862006	0.259785520477436
-0.512802679675692	0.272811543895646
-0.896745070204886	0.839333427910336
-0.354933456012493	0.289223921747035
-0.300472021748587	0.275772733093843
-0.213122060885509	0.1457420303382
-0.448287048827934	0.394228397105246
-1.31778101458012	1.82684636858978
-0.574690315722089	0.619489313584731
-0.442141826311405	0.42515329872126
-0.0433393445708957	0.0339925320114559
0.108085208025963	0.0935084296013505
-0.100307704166515	0.074022268051089
-0.507875945773014	0.558567578743496
0.0730475755351864	0.0544558825145102
-0.122874423402176	0.0892383136829217
-0.048467633533595	0.0387703876726457
-0.806824170926034	0.774259357107292
-0.475593913253122	0.450161065431616
1.20967536550444	1.31981643085445
-0.643967640203148	0.587803921988494
-2.01986211494793	3.14940939352063
0.452309428161364	0.306360717985647
0.290072750955388	0.198845913222581
-0.26450366586612	0.199376871356213
-1.11837727209615	1.09895214952342
0.851174154556326	1.07569460433326
0.983481236225006	0.80221209017828
-0.0304475482402865	0.0204182796564415
-0.304349076378956	0.280033958527026
-0.520498609685936	0.399236257456704
-1.27155720130064	1.21159929593899
-1.11920996526822	1.56344205976628
0.427383256527447	0.41198416014224
0.104960368868812	0.0943740395447424
-0.810729705508451	1.00991741077004
0.770979777715452	0.459626470910475
0.127144848043385	0.0545432860660862
0.16486605655293	0.125857298244581
-0.478186613085249	0.493425667202414
-0.595483336706531	0.59228228198854
-1.15392338036234	0.354212278509058
-0.394309328707273	0.348373928865619
-1.23411671395025	1.4729080279419
-0.494686160776802	0.427698777778367
-1.06507410083928	0.864851557371531
-2.13722703917449	2.41798041530124
1.50359232141797	1.27720957198825
-1.15392338036234	0.354212278509058
-1.15847376642875	0.355686548405735
-0.644770889342653	0.156875139887313
-2.58817701744193	0.677412741892899
-1.15755644738434	0.355289941594665
0.334492569904513	0.167052648996824
-0.419186450032754	0.239993881760319
-1.29826368209722	0.593438485703413
0.146558706502964	0.0434202356977088
-0.119685566782326	0.0481687091447422
-0.366464707125696	0.106727724314083
-0.816520683750835	0.546457935220895
0.13345272036125	0.0452283641533281
-0.630560001867424	0.306878318745572
-0.741772218204133	0.257376934477729
-0.643506271279338	0.156786530055825
-0.54298951890346	0.208686132634316
-0.381087838268607	0.449956278732579
-0.270922776413987	0.250097571851389
-0.405255401235537	0.361077318823191
-0.955819667943289	1.40734732501143
-0.616618197836846	0.829556798339936
-0.529911924948679	0.641938967244023
-0.118978607770907	0.110033804697142
-0.304538970596777	0.298815294710236
-0.208954176454443	0.181745508172424
-0.678145258621987	0.760244024252309
-0.646221490828925	0.773711546244459
-0.449997847851788	0.553456098181456
-0.686817735527432	0.989532372509026
-0.806743789403788	1.0512667096888
-1.80379071234984	0.398266610487963
-0.255262382698833	0.169622129720381
0.0175553586616988	0.0133136708181794
-0.538151555699411	0.585086287764322
0.0761989973908924	0.0534098032405454
-0.397879590002076	0.318046898415554
1.39215530187482	1.73233529225577
0.365350290999184	0.320602730788137
-0.077151254590096	0.0493030370033982
-0.359079678722874	0.321884649361443
-0.0560549743756496	0.0366814466773052
-0.141784187746422	0.115732618807824
-0.754580477787259	0.847548626584125
-0.00500593091251878	0.00258827633141751
-0.644409155313649	0.587422293437418
0.114673706171664	0.101586796822046
-0.0996794947317635	0.0734744518696299
-0.328290720757545	0.153037061163128
-2.09115886201322	0.968679872642059
0.883366943645668	0.475434962929319
-0.745602953962474	0.834986219215305
-2.36859489352047	3.1041717055797
-0.653417495959091	0.598062869205254
0.497677696268804	0.428296742010439
-0.820512492226444	0.551399623718752
-0.122458620899269	0.073466697339334
-0.738391052425425	0.256391693854344
1.44256127788974	0.479253790855247
-0.42095048945362	0.178429760792669
-0.815700090548173	0.546080287940496
-1.83875848168522	0.759162449562453
-0.973327310651946	0.604906458776573
-4.41360405906438	2.26934169003593
-0.797290903043392	0.353405248491079
-0.78810398399432	0.348831685910165
-1.58025564163851	1.54253095029724
-1.15392338036234	0.354212278509058
-1.15707876120986	0.354760041850164
-0.379704359449676	0.42469227204227
-0.354328669015375	0.288588851483831
-0.663066379478635	0.69610094082234
-1.27963150061187	1.86833036438566
-0.546740080490436	0.625812477581724
-0.527639285222409	0.495610897153246
-0.372993305928941	0.364163026519325
-0.0420968389540546	0.0373210509537734
-0.480147142263304	0.517825135940939
-1.04304291886439	1.47225024005476
-0.185594848645906	0.147851233140127
-0.85346085213776	1.21330914495139
-0.373990174938693	0.392021584742006
-0.0509825227302705	0.0333880066255088
-0.151773290014457	0.12472880457897
-2.58453548475525	0.676764203908389
-1.15392338036234	0.354212278509058
-0.789622472173722	0.349483656755185
-0.417142204182174	0.294628018427979
0.0754164108772562	0.0563890850597314
-0.74966696347763	0.935241105944097
-0.596878037257104	0.442377879936848
-0.405470771574621	0.361370669759166
-0.922694797243825	0.782167077578627
0.0758665468838958	0.0531778796075777
-0.696437584988845	0.496669296530044
0.167289570664689	0.127963644566834
-0.470065158515259	0.37080602486822
-0.368081810573262	0.3317062343237
0.51754255635394	0.537477418348843
-0.234277003429291	0.202161031749632
-0.312517544063643	0.288995263470951
-0.288350655495912	0.242544659669171
-0.808352968567146	1.15507537420757
-1.18030276069773	1.72373538781017
0.143239090755143	0.0755124351486528
-0.805857661586363	0.444252595919224
0.161550701830708	0.109784879346485
-0.503850141223826	0.511058919236587
-0.625675816693259	0.52110628570976
-0.553511317432075	0.558117368557643
-0.564066779565304	0.362548463392573
-1.12251397933194	0.778535147916495
-1.69744748235304	0.977598762611975
-0.644388443682788	0.157000626677781
-1.12304028560186	0.779632430353525
-0.361802623855853	0.105358062763741
-0.241961538743644	0.0791051075646371
-0.979139727125653	0.608890004565689
-1.27781182781453	1.21548334230716
-0.480373015857293	0.455901419592004
-0.657616029330962	0.64840317687333
-0.658296445814764	0.647688740438274
-1.00942711852132	1.30333666163214
-0.477782234504516	0.453253367040834
-0.471053194793863	0.44474749238025
-0.913915240927851	1.23704604445142
-0.709841221952014	0.93415809919603
-0.370268251686104	0.334388466553882
-0.399341843797302	0.415026255684177
-0.116846567023365	0.0982012743731072
-0.266037038898243	0.200892827827815
-1.80368476738292	0.398254084963023
-0.787825204296024	0.348755440723153
-1.49542204399166	1.05598109711017
-1.61191874400537	1.94571757322732
-0.807577949819576	0.895022264104064
-0.493290123830173	0.425554687433563
0.134563969088954	0.0577312509779058
0.170310289172431	0.146511727257248
-0.081618528756783	0.0611340476628083
0.495714513034341	0.425242706296804
-0.211015000068267	0.144270151031569
0.145893822116584	0.0890956149631723
0.041079295724078	0.0251406943711053
-0.316430719603075	0.235462971065855
0.154530072554801	0.100056741251018
1.20913374239774	1.44312018198614
0.450898343386537	0.41105231823551
0.0671018071697583	0.0469346539202257
0.478913100652144	0.300343471653162
-0.0527262199760692	0.0345759432169879
-0.436020700027766	0.417544716924411
-0.457587014662416	0.360591701187224
-0.374600745121701	0.367081467662905
-0.428184712718791	0.407523582676594
-0.555270297551789	0.47137074065232
-0.0409731947666594	0.0197941610466298
1.75771402749122	0.983258591080842
-1.00268775070379	1.01090301596899
-0.805969252397355	0.773333821776779
-0.706163292179831	0.571655436151651
-0.0896937193228481	0.0396606642755399
-1.15347733768864	0.353947479713194
0.140785309842846	0.0419396944428236
-0.175913700711765	0.0639260098913201
-1.24483823814715	0.951255215717394
-0.415670475534429	0.292937712413732
-0.636476997348421	0.577414967723021
-3.76343272727151	1.50890227492143
-0.540582499054048	0.207502129989812
-1.07231962477185	1.14305689257375
0.12665727582098	0.0543043577885764
-0.949839349847804	1.09583516945069
0.263027539957482	0.211965115883477
-0.136300125423364	0.0994987480808602
-1.01323852486202	0.920409220702158
0.449783633071424	0.304094022951626
-0.357951506902129	0.292003094637661
0.161763059818004	0.110204363237821
0.0283731693687644	0.0174017212117504
0.351670623531922	0.316642152707024
-0.409200990178773	0.287320339047704
0.0593971745541852	0.0399532128785476
0.00222683857594024	0.00116772435913438
-0.357566716219019	0.319970030213639
-0.457965475042872	0.360978017085325
0.059391618255711	0.0382033213584645
0.33375938658025	0.166820837017448
-0.543552235605529	0.208968478049413
0.414946388753575	0.313784273895018
-0.123349906603532	0.0895997236807452
-0.40055106283178	0.32085423936515
-0.414557503610828	0.175513398695098
-1.34751264012037	0.856070175953165
-0.910916636568074	0.858434704637616
-1.0430285489592	0.420216988954647
-1.24826123776895	0.954397736368395
-1.29287893594334	0.590150472890643
-1.50755969563052	0.776743410627958
-0.746726771319564	0.259871772377509
-0.819683954105794	0.64183759574123
-2.09281896488141	0.966813809104745
-3.46630912179766	1.25319506698382
-0.515158693873472	0.274611324040043
0.154107043260041	0.0942649334952469
-0.352854703316518	0.215696217851148
0.817612106088555	0.855521068993818
0.930586496149545	0.625511571257389
-0.52273494107478	0.278547671852697
-0.0976286154124107	0.0607251533825659
-0.452374193412243	0.354123839504175
0.897424874607631	0.778092609332518
-0.0212098255497389	0.0109274954164842
-0.940189060508173	1.22226889435313
-0.352411138146976	0.286212116500908
-0.425867844283664	0.244980604998569
-0.6244327736891	0.66725775362938
0.0839780481355018	0.0630784321340376
0.00455160999652602	0.00321385961785903
0.3355050464673	0.318241279522425
-0.577109930876488	0.533823316344402
-0.0536700390230303	0.0485876399659594
-1.44432274142756	2.53160924549877
-0.647490785686472	0.591309309354237
-1.02170872209515	1.24203792927406
-1.02652778231614	1.25032386899699
-0.565915641486035	0.518600068423466
-0.71140719472808	0.577368373449272
-0.952591856475101	0.708438874850073
-1.11523777536086	1.34188183711195
-0.570227350571507	0.367485149954672
0.395991819040427	0.313007251188516
0.162722201252734	0.110743324700525
-0.699516177036773	0.499481037029131
-0.218460186856007	0.119405726751618
0.12245680493383	0.0525949064803283
-0.654867651326899	0.644138327000441
-0.451254467117139	0.353752182005944
-1.30494104956626	1.45315312927013
-0.813432400516697	0.636187583229957
-0.35945152306264	0.220075510404913
-0.677142960566357	0.7179799561099
-0.184900614672606	0.166050622858002
-0.87544708079932	1.1455547572844
-1.11663723897387	0.771816982361445
-1.37307569705899	1.40156057671453
-0.243847476512291	0.188348185611101
-0.259928110443123	0.244565662036322
-0.60278030262329	0.449738192690114
-3.09029030460571	0.960832707527767
-2.09426725327089	0.969284496520593
-0.44207721549515	0.51023830679656
-0.674780334967344	0.406000676566792
-1.50353020356154	0.772614705719597
-1.15392338036234	0.354212278509058
-1.69720730503155	0.975333759899732
-1.29695711796374	1.61584783644248
-0.169680542780451	0.11795306483497
0.0526475621188565	0.0352853872732103
-2.25840531486829	3.43883943325382
-0.00573352697051201	0.00402634206600465
0.0567916173653708	0.0365627992775879
0.00613299693960935	0.00404044693944533
-0.146292897911293	0.119856103388988
-0.621084447763909	0.514596528863228
-0.10401618005545	0.0647694552629014
-0.162408415527757	0.0935889214282717
-1.17168054802147	1.03439707929238
-0.598886289457	0.596409977544073
-1.22648336485357	1.45641717837347
0.667356660869683	0.689685695988802
-1.24865224711737	0.957216261751892
0.146634369333358	0.0894777505512288
-1.47137514729034	1.33404158279233
-0.132855362970911	0.0800028021136403
-0.272171615357409	0.206374802014972
-0.414557503610828	0.175513398695098
-0.478250182882405	0.493600237173373
-0.177746898749322	0.124262491466078
-1.20624862551123	1.25840141690088
-0.805636338138855	0.443609513732154
-1.6966851651616	0.974227020897305
-0.7328443438829	0.766047728251326
0.270386379088194	0.21050895693599
-0.00451650073752571	0.00319738412275619
0.0462264809371591	0.0297394674851555
-0.288475865933878	0.183812396264397
-0.00129940152192325	0.000678102576780624
0.147002557206517	0.0895322839006665
0.393183291602652	0.310452070688215
-0.352563104850521	0.286681841831457
-1.29270265544287	1.43404742347091
-0.0921214810946644	0.0571257947882166
-0.471203698012992	0.484653140135655
0.177297579437469	0.140863134398986
-0.305620049670577	0.28084269731974
-0.763466760326373	0.959387164334553
-0.267159709334395	0.24550869349314
-0.624554142501448	0.518595691111752
-0.81332331318328	0.544965832341186
-0.672409081991926	0.404576207038461
-0.147805210465338	0.105199546000895
0.175692823901503	0.151655599588836
-0.523254518716001	0.401490050296134
-0.534548169538927	0.503032957576609
-0.112909451580148	0.094647576776792
-0.491395778502756	0.424095811195629
-0.735717572165641	0.719170967180359
-0.415861981910471	0.293607906857215
-0.294770641177525	0.189031510474115
0.601605745664648	0.648937626387528
0.00342946818258402	0.00219543235227943
-0.121812934967813	0.0884308265833372
-0.204617778177067	0.139406578703019
-0.698600800375297	0.497409608570577
-0.0164728947830176	0.0113034351234226
-0.0190679111777961	0.0130481737457661
-0.233120693905864	0.179189811980639
-0.590742218012293	0.584850171929245
-0.0950707286528904	0.0590913804369673
0.0659345510584363	0.0461022495990771
0.32687338262537	0.308155356557799
0.0656257012385284	0.0456858892386064
-0.0522220230040525	0.0250731843702365
-0.130664837902384	0.0786869104414863
-0.992385259554362	0.994596430996926
-0.662180198178987	0.653417687384374
-1.11585217308554	0.770775847900721
-1.69612194496232	0.974489288335459
-0.351417181701463	0.254064386224777
0.0622466276248532	0.0418648527517864
0.260721999218796	0.216976036616314
-0.209286675157527	0.113888895866553
0.566704311464921	0.543311071579395
-0.813432400516697	0.636187583229957
0.160076745430717	0.108969047748961
0.0452792273248115	0.0291080625569566
-0.62070140326832	0.663021912177358
-0.463349411851658	0.510053186468049
-0.00769346273031093	0.00537229571805672
-0.372197873223085	0.364266316375414
-0.139768618592284	0.0842126646093999
-0.116490965625942	0.0469648901038593
-1.04067331168611	0.418465554601514
-0.0725067650049059	0.0321598331404325
0.129783041092458	0.0620339824053752
-0.20656172390656	0.161710174637681
-0.53915289328281	0.538780302646753
0.334962463551692	0.308590366388702
0.435155049745056	0.422070496504634
-0.16944029168145	0.13737348621269
-0.0586157919723844	0.0454262175675515
-0.240601513388931	0.185813212281612
0.153688704996985	0.0941606748862683
-0.349672973933757	0.252258631711018
-0.495975950379936	0.541869029610396
-0.698452279721266	0.833234937568448
-0.50880527478414	0.270551875544077
0.119667383352367	0.110995968277917
-0.462678872632496	0.364962908388478
-0.265736025372121	0.200751907250672
-0.242818362175071	0.160578779419313
-0.208230147934687	0.113641025839366
-0.328609905030074	0.15316434310685
-1.37581626710864	1.15399546789973
-0.538151618981623	0.206588191897496
-1.29022979001745	0.588813145008997
-0.512359952516654	0.27232903431051
-0.788554975426877	0.348914829418651
-0.510251773689649	0.270862164199566
-0.619100107547281	0.513143543512691
0.584658993876331	0.439148473048985
0.171433734683494	0.126765970863239
-0.252317974453756	0.213765470833032
0.0666097767032632	0.0465451604546994
-0.4801415116539	0.324039510355232
0.0820673360500598	0.059666014744225
0.726988599189922	0.706329191051809
-0.516904712538454	0.482152143160459
-0.626989967104852	0.305062602121671
-0.621007571836605	0.300524851511673
-0.300520010100056	0.192793437012952
-0.554498927650839	0.559841362828138
0.704016846876095	0.581806419796742
-0.950147485270304	0.706218491720298
-0.581283318448901	0.628830924595687
-0.641335724262483	0.584455924577838
-0.570836546588877	0.612422413868863
-0.549920821734173	0.553989484217099
0.504615785632977	0.435550552345108
0.298596995782323	0.178938171092277
-0.984078488309039	1.06992287472491
0.671836936152587	0.313765571577623
-1.5369997817935	0.555799845674469
-0.644388443682788	0.157000626677781
-0.7389639873091	0.256670839118185
1.43708163641992	0.89510606428613
-0.738391052425425	0.256391693854344
-1.70145506298548	0.979749773317014
-0.542426008365989	0.208214347777777
-0.631897291735133	0.526728733872501
-0.0619563592370525	0.0470086288028995
0.163546114177016	0.12065638680144
-0.130236576178035	0.0782672472654321
-0.353447374352214	0.287195250401912
-0.0913004397041759	0.0566711973872104
-0.269132271681614	0.203680770444059
0.773478292726808	0.730431368777858
-0.627424918970443	0.523261014791892
-0.361947204189497	0.295336769644845
-0.948886261430095	0.706199257037486
-0.326417411239351	0.151507167539098
0.395120583156872	0.311609794426356
-0.635794592009158	0.720987674868391
-0.89458074024501	0.91317660811656
-0.512210393105524	0.272112497617259
-1.2992199320744	0.59331319337503
-0.366082490434558	0.329792401161589
-0.661272798274251	0.689955188463284
0.151718676870658	0.0980076896613811
0.837875938977779	0.614294859195611
0.429021967064629	0.308323360665114
0.00172680894329217	0.000906006465665525
0.553839511668672	0.440205270180382
-1.35058811839982	0.857426271224634
0.657507650280972	0.208311874525367
-3.46927590533187	1.25338166490445
0.139373629020068	0.0264474830594518
-0.362166381635235	0.105626912484328
-0.118205350485196	0.0476614114297141
-0.427206332447071	0.246211159976315
-1.11542966256958	1.09299241985436
0.507136343988158	0.525274541559668
-0.17858676244803	0.124848817120084
0.0117907048050732	0.00693311139793272
-0.408929648743953	0.287641101630285
0.316567148322492	0.174445394317321
-0.358606147299609	0.320514210263112
-1.11414873857076	1.33663358241519
0.00440032193794019	0.0028588957312203
-0.952584964649482	0.709671574322207
0.555606592134207	0.441268771346578
0.388216460939363	0.388401354738541
-0.147201387780513	0.104942449887252
-0.79674564957107	0.353038117082341
-0.79809571563025	0.353262454270147
-0.817358403691963	0.640082117318215
-0.921701693491053	0.782389043803538
-1.25513773122194	1.66479827095789
-0.0265645749801541	0.0178324831584582
-0.126414532695732	0.0759565310424735
-0.644472298146937	0.585708865412763
0.0410459035911644	0.0250821113583817
-0.423655878943367	0.179601389929487
0.318102475698043	0.175512649030905
0.128350501127829	0.043512403302682
-3.46538037258837	1.25291021678476
-1.52845204149787	0.551521368985269
1.017401126811	0.384987280016856
-0.64834559013069	0.157812973783057
-0.539003042837417	0.206891853429863
-1.51672370337924	0.781246735871237
-0.804448032036333	0.889757334817241
-0.150536284353607	0.107511280121182
0.443834731414304	0.418622234359717
0.569771558129518	0.546277701399474
-1.47649891676567	1.34306143407134
-0.353563068106034	0.287413863980654
-0.20109279232314	0.13652143762057
-0.0203315710826896	0.0138718240584218
-0.81095946382378	0.447257894885346
0.335718984442757	0.167806156710586
-0.012095021669676	0.00840015449904422
-0.150405599210055	0.107439075105429
0.14103192177006	0.0419706320314239
-3.09370472754254	0.961571400894305
0.977860127514262	0.796704766882815
0.547970412391798	0.433719121345659
-1.29031099660689	1.43451874867404
-0.230733113622933	0.17708738019162
0.61666178401926	0.646756642684463
-0.312701427958177	0.232636603582675
-0.263774936971105	0.225339338460741
0.165290092781446	0.117103553922711
-0.266792414642236	0.201714676710752
-0.236831224092281	0.182677819053568
-1.15655485214949	1.30610127799769
0.828342694680651	0.602125376990804
-0.813491749918448	0.636220961703528
-0.230460605909839	0.0755052640748733
0.646495256830482	0.205229626326689
-0.545355412392667	0.209187020884659
-0.640820070260403	0.156173374069777
-0.644770889342653	0.156875139887313
-0.80763328831346	0.44518670796198
-1.5078339709167	0.77562890929677
-0.184193847407737	0.146604358714106
0.295669339225382	0.202741410612088
-0.286759554679463	0.240963934367346
0.0302100006395571	0.0185078549790069
-0.562578737665296	0.360372408328523
-0.359210135799996	0.260966728050482
-0.594514954875565	0.59034537310546
-1.32607096144994	1.83946193748743
-0.945966471622067	1.08795154437522
-1.00417383279281	0.506023554653868
-0.477349218164079	0.322416849748409
-0.209016987904292	0.113928143664068
-0.892280635974871	0.912630344499616
-0.0566735487838951	0.0372068413556799
-0.693137865200567	0.493199270837001
0.514659313486759	0.185330599053687
-0.814001297389014	0.78274657033506
-0.149703349547305	0.106901524607793
0.317952059667506	0.175850913156667
-0.404767478707035	0.283410770000274
-0.318470955313319	0.237425797104377
-0.315427932075429	0.26039003122589
-0.154862569687497	0.124312168719129
0.509484758454201	0.509496825675407
-0.128808819258794	0.0937758711270807
-0.310187285297747	0.230104166456607
-0.260122142012155	0.221141285971186
0.584265660283402	0.303918165395246
-0.567341691546018	0.364481443502769
-1.63486225337682	1.27198209552062
-0.627776481458223	0.304902086239894
-1.83391433948043	0.756511402066625
0.140184451576725	0.0265585662587612
-1.04333787761146	0.419567920605661
-1.69292090676293	0.972715968176357
-2.58817701744193	0.677412741892899
-0.674422025418653	0.405303457767107
-0.997721731950155	0.501381111468742
-0.239106827612661	0.0784166702528438
0.324893223255699	0.315058561745365
-0.271805532256056	0.206117683649681
-0.990122570823333	0.993832078370926
-0.699516177036773	0.499481037029131
-2.0487823879668	2.18036964953302
-0.813481442662387	0.781769874877527
-0.943203490471322	1.22829827466649
-1.07514299244842	1.14400885418513
1.43109558532018	0.887592406503195
0.145429742663103	0.0366530573157977
0.822916388936879	0.862094232359575
0.523957728702921	0.434402866222515
0.172581955103	0.140941730657194
-0.552571776590983	0.557062223805629
-0.377917313440712	0.371282197380292
-0.267934876142379	0.229478487975678
0.904653518630437	1.01223107525252
-0.209456637010223	0.142868221295239
0.725476810235716	0.706118635472592
0.157952937495969	0.102437600060601
0.80508927163081	1.03198958157335
-0.172420957087493	0.0995045552305769
-0.816476473510985	0.639522801364135
0.127368387880844	0.0487264991670796
0.669422820078698	0.312970933444971
0.714033057328022	0.593034737079036
-0.643506271279338	0.156786530055825
-0.240740837756768	0.159219783556595
-0.233957416924537	0.0766762835938485
0.150004967546857	0.037720852406733
-0.786469190370634	0.347830565965969
-1.5081031271544	0.776833803061459
-0.49059709123291	0.423107042332365
-0.81229680019919	0.781564765116318
-0.554105442987667	0.471376769055953
0.426509628253346	0.171575902443478
0.671617393759094	0.31428154536115
0.469755885788563	0.431913959444574
-0.0498875341998529	0.0326570476200463
-0.463589700259774	0.47421081065642
-0.039311458754134	0.0257104190975465
-0.134311538708556	0.0980069365822946
-0.488673961021776	0.531000436024528
-0.407274572977427	0.363247024565897
0.0836947633693833	0.062899787686574
0.168818140752416	0.1249008994209
0.687016418834686	0.689294591048949
0.714033057328022	0.593034737079036
-1.95478886876961	1.93720882419375
-2.13232472752403	1.64617254432079
0.129457531539342	0.0680134418510294
-0.0912751531109672	0.04027748692792
-0.534955549485768	0.20533826801366
-0.644006342900786	0.156718049862583
0.131103414420957	0.0563135018124023
-4.41653788935766	2.2814954753229
-0.80537117077984	0.771848617632474
-1.15439361670696	0.354342573020678
-0.119470237064633	0.0481183717796714
-0.722784063554596	0.647518659115839
0.300565455681522	0.180538288509025
0.0546791589565933	0.0351854505422725
-0.400419833126391	0.355442932677748
-0.0362290146352578	0.0288265677438107
-0.00967895460928897	0.00673299322389224
0.806115803460942	0.937674081935348
1.74831808077506	1.78135491201238
-0.81223894596937	0.711914927463457
-0.624562385715199	0.51949302772394
0.696482535886773	0.700851354826777
-1.45577342362989	1.5781302135453
0.146655243893275	0.0837510572636256
-0.71233690703765	0.577785624312835
-0.626278549225889	0.304519980775598
-1.15347733768864	0.353947479713194
-1.15707876120986	0.354760041850164
-0.261075733333482	0.132566393623836
-0.948867787875057	0.705325458486978
-0.996152523807641	0.500456853044565
-0.567229908333612	0.363814392136592
0.506918461271031	0.437668613667586
-1.02141241537124	0.936243394790978
-0.302970076140263	0.223795057534192
0.273225741803138	0.213391031369432
0.782409640480863	0.935321974395317
-0.573057266363623	0.528090554367583
0.287294362000498	0.195968576741877
0.616665335566504	0.731147531806415
-0.291187332334351	0.290899580026284
-0.525069244538087	0.404299129680606
0.707965873045248	0.586437786040404
-0.73795673631911	0.822741824155847
-0.35220176259747	0.215355885200964
0.344106715510026	0.17245670996245
0.134563969088954	0.0577312509779058
-0.64834559013069	0.157812973783057
-1.35132638410262	0.859114496556006
-0.634558401780338	0.308934493339009
-1.30257948462497	1.62721653734027
-0.71413630866302	0.637114160842162
-0.355854002992227	0.216934883651754
-1.95007543828262	1.92914588910324
-0.182314847784079	0.127710589265678
-0.372956394723975	0.365040227956548
0.297046015535445	0.192128828890387
-0.035755799997663	0.0239604445110547
-0.803427032745763	0.942773164819507
0.38520465714376	0.316605543070469
0.176623990472401	0.135708466348503
0.15095514541003	0.0922450458124079
-0.206005399701007	0.160941704498821
1.08212377312752	0.817963429138252
0.00811626673084279	0.00426516940794112
-0.515845415223481	0.274922047301599
-2.58817701744193	0.677412741892899
-1.0392274109635	0.417783469942854
-0.537604201275585	0.206097064278887
0.128967983450184	0.061639141336212
-1.15345350292765	0.353548980162923
-4.41083984496128	2.27457042127729
-0.938028882857729	1.14790963802623
-1.32214747471286	1.99473521045709
-0.873245720340543	1.08035958443164
0.0187953727114487	0.0142654931983551
-0.628191505733234	0.524408679383205
-0.601368421727006	0.59964289504784
-0.164391466135683	0.132826299328353
-0.0610761851147385	0.0463169596076907
-0.7503958997868	0.842122219856921
0.455743594515055	0.416398680706928
-0.101466364841923	0.0749119612454401
-0.165355903352912	0.133654237265215
-0.645713070930786	0.588750389585486
-0.334250741887591	0.304672251105696
-0.356547060934969	0.258837375245298
-0.69618668958056	0.494678749707443
0.630381566958332	0.445027727539075
-0.54298951890346	0.208686132634316
-4.01817667966541	1.76873594417854
-0.127985305684266	0.0769634981246939
1.25958016502306	0.695917467871454
-0.172102435864251	0.0623676141996663
-1.36137072301035	1.13783898939683
-0.918903577970462	0.779778396671695
-0.622182527552928	0.302074532621127
-0.491159730643575	0.423892369743351
-0.0257357575758814	0.0175749781299293
0.166259274132684	0.127064826817659
-0.369544851727999	0.303464017772984
-0.717060337870237	0.642589552283428
-0.555424851619352	0.472313292684944
-0.955860979848772	0.711921563950728
-0.742753785982603	0.258086652205378
-1.83043986388187	0.753760008449951
-0.741848012858367	0.258096023054699
-0.968673849911101	0.600992834249979
-1.5369997817935	0.555799845674469
-0.547478193416001	0.210280624654121
-0.530011983956759	0.498362865385642
-0.710321950598186	0.574500307679875
-0.603062986910736	0.450316602709521
-0.168621485035434	0.0613849497001624
-1.5375444255416	0.556007810250909
-1.68737086624488	2.14143661341097
-1.22573165972166	1.45251962423244
-1.7443878459786	1.48051000542846
-2.00714871612891	1.41861380807475
-0.268279729034426	0.203028657703749
-0.481280740717273	0.326408915139031
-0.615181876534851	0.508964671822146
-1.50361261428192	1.06273235748914
-0.55570226751062	0.472339908364794
0.8015591888658	0.337184142757606
-0.167527449292993	0.0610228882448846
-3.09029030460571	0.960832707527767
-2.14171607993175	1.66125612700331
-0.403578180739943	0.281776351883567
-0.722292464207756	0.647416241536516
-0.348525797864715	0.212608225067621
-2.00769160013893	1.41649813569194
0.143337222216575	0.0426016228100372
-1.15345350292765	0.353548980162923
-0.555801188897985	0.47274231884537
0.395156317436174	0.312208612295553
0.030488632227537	0.0186836837503073
-0.209772002781094	0.143285849346773
-0.357656943081399	0.218812637228246
-0.802706819524476	0.440671084799848
-0.250496016553597	0.166531309040955
0.136149693891106	0.0406054953419776
-1.29472617400731	0.591702964733025
-0.61637896277238	0.654766360008806
-0.0984864403022318	0.0725608560556044
-0.237758957855016	0.183207097342839
-0.0534798633764	0.0350906382826126
-0.323885539219082	0.269046309630698
-0.569824230790826	0.367670777317855
0.674582419242191	0.587701282815395
-1.85529076856824	1.71557329306446
-0.0265042645902798	0.0135343974467015
-0.804672495461863	0.442532744636023
-3.46491653046888	1.25066289274388
-0.0604176479023352	0.0396564586689938
-0.484483802452921	0.328569436675866
-0.236614951015154	0.182432030974522
-0.242457192183105	0.210285198821197
-0.566989426194344	0.365214938200569
-0.515845415223481	0.274922047301599
-0.294579696504596	0.18888367341596
-1.84010457775621	0.757919735654695
-0.742419833798786	0.258214778445979
-1.80379071234984	0.398266610487963
-1.80368476738292	0.398254084963023
-0.0450837307084436	0.0353724877832704
0.307012899462205	0.301632311154646
-0.238803454380202	0.183955749645204
-0.288801045901238	0.243167059175798
-0.820155212970797	0.64218153559076
-2.04536481506173	2.16907386305404
0.0460815986876585	0.0281640322418899
-1.29854797059543	0.594785420705011
0.139373629020068	0.0264474830594518
-1.58237823639779	2.13824351880507
0.0453581077559336	0.0303457950411261
-0.320551288085471	0.265888467024812
0.284934876362599	0.205249437173126
-0.587103631215714	0.66806166804817
-0.241453949883888	0.0791674426738944
-1.03979555880417	0.418029576607972
-0.677429409436317	0.407444202200218
-0.358424135565688	0.260033229420964
-0.810596443581729	0.954509428318739
-0.129902845953448	0.107492736326496
-0.313185791163432	0.289289666448506
-1.1518914358337	1.29636174218159
-0.615728146916052	0.746389278332243
-1.14727445036799	1.52842978211879
-0.918206897881056	0.778346232546555
-0.3580772515006	0.219096520781479
-0.818552035945755	0.641362286503482
-2.01069642765636	1.42192631413653
-1.50933407130767	0.77729948010748
-1.99657079160265	3.48636230730712
-1.83875848168522	0.759162449562453
-0.737482026667645	0.256039848593742
0.277370545249065	0.198943458031493
0.352393351876871	0.30633971846094
-0.326755518389143	0.271670740223942
-0.577590047791155	0.532674417204664
-1.00611296686744	1.01415874882427
-0.480430496876586	0.324964259110209
-1.25286410995023	0.960893536577572
-1.02892591898512	0.945829176841812
-0.597818356618082	0.595322563114699
-0.627492868665149	0.305165440872885
-1.5360848806456	0.555230368935604
-0.0972417014580355	0.0605039457479255
-0.0958127881043714	0.059453550596581
-0.189979001754687	0.151714445809187
-0.280645748081921	0.213686735425462
0.0651564140896293	0.043833382888045
-0.353259807149278	0.255927447919666
-0.32680957454671	0.152133628782622
-1.18287957085894	0.668553113124311
0.136149693891106	0.0406054953419776
-1.80379071234984	0.398266610487963
-1.80368476738292	0.398254084963023
-1.19704560996642	0.677915553130131
-1.12011612086321	0.777516918928453
-1.69372803704822	0.971560882630988
-0.751027518459726	0.261129168281002
-0.570248191776858	0.368084857465797
-0.408323575577251	0.286837360430055
-1.0686102817455	0.869575451917997
-0.672779142044464	0.404667128086811
-0.358748400327713	0.219616106583161
-1.69744748235304	0.977598762611975
0.142761726532005	0.0424383939640617
-1.80379071234984	0.398266610487963
-1.80368476738292	0.398254084963023
-1.14468784512791	1.5188068370989
-0.593913652425162	0.440606447118418
2.54348371020226	1.41484929621302
0.426851920808735	0.306490912398697
-0.626470669551696	0.304366021568912
0.893408561818118	0.772791347442075
-0.813742854853729	0.633662975333123
0.131103414420957	0.0563135018124023
-0.264711076726965	0.134623179317158
-1.15114881056694	0.35245741836246
-0.413380121168497	0.291521804079312
-0.328512567410627	0.152882934099669
-0.481889041874247	0.326889075852102
-0.564562832454516	0.603526049666291
0.0705597313300537	0.0493929584732366
-0.607134822918294	0.842190205278911
-1.0293203974039	0.946293351191654
-0.423697581346612	0.243202439050646
-2.65348696999525	1.65137059662606
