x	y
0.139884098064408	0.0416988824150201
0.139373629020068	0.0264474830594518
-2.58843250021574	0.677477739401539
1.95135265955319	0.45428366780025
-4.01355559579839	1.7650763449388
-1.15392338036234	0.354212278509058
-0.643506271279338	0.156786530055825
0.139930142590356	0.0265210820862786
0.932444120238111	0.244842742206832
-2.58453548475525	0.676764203908389
-1.80368476738292	0.398254084963023
0.651896042016441	0.207030647505349
2.74617618045436	0.774720201883077
0.139373629020068	0.0264474830594518
-2.58453548475525	0.676764203908389
1.95062146582611	0.454190159391569
-3.08991345953591	0.960747174631736
-1.807243397525	0.398882182291443
-2.58428653566473	0.675727611967995
0.139930142590356	0.0265210820862786
1.95062146582611	0.454190159391569
-1.80368476738292	0.398254084963023
0.136156966750329	0.025975077128062
0.139930142590356	0.0265210820862786
-2.58453548475525	0.676764203908389
0.140184451576725	0.0265585662587612
-0.643889763897163	0.156661592959279
3.2530948013434	1.10108931722157
-0.367917894368281	0.107101339671787
2.7496138177855	0.775189687209382
0.13912027261828	0.0264101516649031
1.95062146582611	0.454190159391569
1.95135265955319	0.45428366780025
-1.807243397525	0.398882182291443
-1.80379071234984	0.398266610487963
0.932829613639135	0.244963311679429
2.74617618045436	0.774720201883077
0.139930142590356	0.0265210820862786
0.140184451576725	0.0265585662587612
0.13912027261828	0.0264101516649031
0.935126029437946	0.245318397037238
1.95135265955319	0.45428366780025
0.933324263209431	0.244705909364566
2.74877977095104	0.77489585677119
2.74617618045436	0.774720201883077
-1.80368476738292	0.398254084963023
-0.736908958226035	0.255490300483238
-2.58453548475525	0.676764203908389
-0.644770889342653	0.156875139887313
0.13912027261828	0.0264101516649031
0.142206421270329	0.0359541333965371
-1.80368476738292	0.398254084963023
-1.80379071234984	0.398266610487963
-3.09029030460571	0.960832707527767
-0.651837519275806	0.158387554668589
-2.58453548475525	0.676764203908389
2.74534949223189	0.773319630917041
-0.644006342900786	0.156718049862583
0.148123932113398	0.037298775193441
-3.09029030460571	0.960832707527767
0.1413598194657	0.0421025960431846
-1.80379071234984	0.398266610487963
0.13912027261828	0.0264101516649031
-0.644388443682788	0.157000626677781
-2.58428653566473	0.675727611967995
-1.80368476738292	0.398254084963023
-1.15019981108223	0.352703694647943
-0.648735146604395	0.157899750679971
0.140184451576725	0.0265585662587612
1.95062146582611	0.454190159391569
1.95062146582611	0.454190159391569
-1.80379071234984	0.398266610487963
0.13912027261828	0.0264101516649031
1.95062146582611	0.454190159391569
-2.58453548475525	0.676764203908389
0.13912027261828	0.0264101516649031
0.139373629020068	0.0264474830594518
0.65414904119533	0.208020876626531
-0.363619197342818	0.105894774191241
1.95062146582611	0.454190159391569
0.139373629020068	0.0264474830594518
-1.80368476738292	0.398254084963023
2.74534949223189	0.773319630917041
0.139373629020068	0.0264474830594518
-1.80368476738292	0.398254084963023
1.95135265955319	0.45428366780025
2.74700474235958	0.773735225227364
-1.80368476738292	0.398254084963023
0.139930142590356	0.0265210820862786
0.139373629020068	0.0264474830594518
-1.15067412918645	0.352834915266282
-2.58478470503525	0.675813541092272
0.139930142590356	0.0265210820862786
-1.80379071234984	0.398266610487963
-1.80368476738292	0.398254084963023
-1.80379071234984	0.398266610487963
1.95062146582611	0.454190159391569
0.140184451576725	0.0265585662587612
-0.644006342900786	0.156718049862583
-1.80379071234984	0.398266610487963
0.146301463254213	0.0369121679082859
1.95062146582611	0.454190159391569
0.13912027261828	0.0264101516649031
0.13912027261828	0.0264101516649031
-1.15347733768864	0.353947479713194
-0.643506271279338	0.156786530055825
-0.645166441735812	0.157071156419286
-2.58478470503525	0.675813541092272
-2.58453548475525	0.676764203908389
0.136156966750329	0.025975077128062
0.153252105409293	0.0383013054251703
0.936401569876498	0.245675339056074
0.139373629020068	0.0264474830594518
3.25399732634696	1.10138712863889
1.95135265955319	0.45428366780025
0.139373629020068	0.0264474830594518
-0.367559864207876	0.107030285212501
0.140184451576725	0.0265585662587612
-0.644770889342653	0.156875139887313
-1.80379071234984	0.398266610487963
-1.80368476738292	0.398254084963023
-0.643506271279338	0.156786530055825
-1.80368476738292	0.398254084963023
0.139373629020068	0.0264474830594518
0.933710809861868	0.244826616527384
2.74534949223189	0.773319630917041
-0.648735146604395	0.157899750679971
-0.363255768460324	0.105782299807354
-0.643889763897163	0.156661592959279
-1.80379071234984	0.398266610487963
0.139373629020068	0.0264474830594518
0.140184451576725	0.0265585662587612
-0.643889763897163	0.156661592959279
0.13912027261828	0.0264101516649031
0.140184451576725	0.0265585662587612
-3.09408861819707	0.962829753125291
1.95135265955319	0.45428366780025
-3.08991345953591	0.960747174631736
1.95062146582611	0.454190159391569
0.932829613639135	0.244963311679429
-0.643123124462485	0.156504140249688
0.139930142590356	0.0265210820862786
-1.80368476738292	0.398254084963023
0.136156966750329	0.025975077128062
-1.80379071234984	0.398266610487963
-3.09066749133914	0.959393078286489
-1.80368476738292	0.398254084963023
-1.80368476738292	0.398254084963023
0.139373629020068	0.0264474830594518
-1.80368476738292	0.398254084963023
-1.807243397525	0.398882182291443
-1.80379071234984	0.398266610487963
-0.643506271279338	0.156786530055825
0.932829613639135	0.244963311679429
0.139930142590356	0.0265210820862786
1.95135265955319	0.45428366780025
0.932829613639135	0.244963311679429
-2.58453548475525	0.676764203908389
0.13912027261828	0.0264101516649031
-1.80379071234984	0.398266610487963
-0.648735146604395	0.157899750679971
-1.80379071234984	0.398266610487963
0.646495256830482	0.205229626326689
0.139930142590356	0.0265210820862786
-1.80379071234984	0.398266610487963
0.146301463254213	0.0369121679082859
-2.58428653566473	0.675727611967995
-2.58817701744193	0.677412741892899
2.7496138177855	0.775189687209382
2.74700474235958	0.773735225227364
1.95062146582611	0.454190159391569
0.140184451576725	0.0265585662587612
-1.15439361670696	0.354342573020678
-0.359365673988087	0.104727737543846
0.932444120238111	0.244842742206832
-2.58453548475525	0.676764203908389
-0.647852271039411	0.15768507802046
-0.643123124462485	0.156504140249688
-1.807243397525	0.398882182291443
0.932444120238111	0.244842742206832
0.139373629020068	0.0264474830594518
-1.80368476738292	0.398254084963023
0.650444653728205	0.206870989076807
0.139930142590356	0.0265210820862786
1.95062146582611	0.454190159391569
-2.58428653566473	0.675727611967995
0.145429742663103	0.0366530573157977
1.95135265955319	0.45428366780025
0.14311796249796	0.0361933240878638
0.135344827059028	0.0258639507496658
1.95062146582611	0.454190159391569
-1.80379071234984	0.398266610487963
1.95135265955319	0.45428366780025
-1.80368476738292	0.398254084963023
-1.80379071234984	0.398266610487963
-2.58453548475525	0.676764203908389
-1.80379071234984	0.398266610487963
-1.80379071234984	0.398266610487963
-1.80368476738292	0.398254084963023
-3.08953695583634	0.959084825597379
-1.80379071234984	0.398266610487963
0.928481199205008	0.243805258274956
0.931565691852841	0.244293555241305
-0.644006342900786	0.156718049862583
-2.58453548475525	0.676764203908389
-1.80368476738292	0.398254084963023
-3.46584456958788	1.25353297605489
0.139930142590356	0.0265210820862786
0.651706549248349	0.206607040468535
-0.643123124462485	0.156504140249688
-0.362166381635235	0.105626912484328
-2.58428653566473	0.675727611967995
-1.80379071234984	0.398266610487963
-1.80379071234984	0.398266610487963
1.95062146582611	0.454190159391569
1.95135265955319	0.45428366780025
1.9537169353899	0.454657075827859
0.936401569876498	0.245675339056074
-1.15439361670696	0.354342573020678
-1.15300618747366	0.353816991053109
-0.363619197342818	0.105894774191241
-2.58453548475525	0.676764203908389
-0.644770889342653	0.156875139887313
0.140184451576725	0.0265585662587612
-1.80368476738292	0.398254084963023
-2.58428653566473	0.675727611967995
0.650444653728205	0.206870989076807
0.140184451576725	0.0265585662587612
-1.80368476738292	0.398254084963023
0.141726775817505	0.0358473898154438
-1.80368476738292	0.398254084963023
-1.80379071234984	0.398266610487963
-2.58453548475525	0.676764203908389
0.148123932113398	0.037298775193441
0.140184451576725	0.0265585662587612
1.95135265955319	0.45428366780025
0.142469531863295	0.0268725113483955
0.139373629020068	0.0264474830594518
-0.644770889342653	0.156875139887313
-1.807243397525	0.398882182291443
0.139373629020068	0.0264474830594518
0.138699758667585	0.0263265295910935
-1.80379071234984	0.398266610487963
-1.807243397525	0.398882182291443
0.140184451576725	0.0265585662587612
-1.80379071234984	0.398266610487963
0.139373629020068	0.0264474830594518
0.142206421270329	0.0359541333965371
3.25219401652934	1.09882975306147
-0.643506271279338	0.156786530055825
-2.58478470503525	0.675813541092272
-1.80379071234984	0.398266610487963
-2.58428653566473	0.675727611967995
-1.15114881056694	0.35245741836246
2.74700474235958	0.773735225227364
-0.360456731308573	0.104884503482122
2.74534949223189	0.773319630917041
0.139373629020068	0.0264474830594518
0.13912027261828	0.0264101516649031
-1.80379071234984	0.398266610487963
1.43693291937878	0.478412112216202
0.139373629020068	0.0264474830594518
0.139373629020068	0.0264474830594518
-2.58453548475525	0.676764203908389
-0.643889763897163	0.156661592959279
0.146737983479964	0.0369987654124611
-2.58478470503525	0.675813541092272
2.74617618045436	0.774720201883077
-3.09029030460571	0.960832707527767
0.931950133432299	0.244413497437813
-1.80379071234984	0.398266610487963
-1.807243397525	0.398882182291443
-2.58478470503525	0.675813541092272
-1.80379071234984	0.398266610487963
0.139930142590356	0.0265210820862786
0.13912027261828	0.0264101516649031
-1.80368476738292	0.398254084963023
-1.80379071234984	0.398266610487963
-1.15114881056694	0.35245741836246
0.148598486564552	0.0373599031239063
-1.80368476738292	0.398254084963023
-2.58428653566473	0.675727611967995
0.932829613639135	0.244963311679429
0.142469531863295	0.0268725113483955
-0.64834559013069	0.157812973783057
-1.15755644738434	0.355289941594665
-0.641207204081918	0.156050090719873
-1.80379071234984	0.398266610487963
-2.58478470503525	0.675813541092272
0.932444120238111	0.244842742206832
-1.80368476738292	0.398254084963023
1.95135265955319	0.45428366780025
-3.09029030460571	0.960832707527767
0.145828384011954	0.0367587486446884
1.95062146582611	0.454190159391569
0.13912027261828	0.0264101516649031
-1.80379071234984	0.398266610487963
2.74700474235958	0.773735225227364
-1.80368476738292	0.398254084963023
-1.80379071234984	0.398266610487963
0.932444120238111	0.244842742206832
0.135344827059028	0.0258639507496658
0.13912027261828	0.0264101516649031
0.648993667183473	0.205806233366664
0.651349240994328	0.207129762624853
1.95062146582611	0.454190159391569
-1.80379071234984	0.398266610487963
-1.80379071234984	0.398266610487963
-1.80379071234984	0.398266610487963
-1.80368476738292	0.398254084963023
0.142469531863295	0.0268725113483955
-0.64834559013069	0.157812973783057
0.139373629020068	0.0264474830594518
-0.644388443682788	0.157000626677781
-2.58453548475525	0.676764203908389
-1.80368476738292	0.398254084963023
2.74877977095104	0.77489585677119
-2.58453548475525	0.676764203908389
0.933710809861868	0.244826616527384
-0.644006342900786	0.156718049862583
0.147685616873541	0.0372140815523598
-1.80379071234984	0.398266610487963
0.932829613639135	0.244963311679429
-1.80368476738292	0.398254084963023
0.13912027261828	0.0264101516649031
0.14964569022086	0.0374991574970551
0.139930142590356	0.0265210820862786
2.74877977095104	0.77489585677119
1.95062146582611	0.454190159391569
-2.58478470503525	0.675813541092272
-0.644006342900786	0.156718049862583
0.140184451576725	0.0265585662587612
-1.807243397525	0.398882182291443
-1.80368476738292	0.398254084963023
-1.80368476738292	0.398254084963023
1.95062146582611	0.454190159391569
1.95062146582611	0.454190159391569
0.932829613639135	0.244963311679429
0.153252105409293	0.0383013054251703
-1.80379071234984	0.398266610487963
2.74617618045436	0.774720201883077
-1.80379071234984	0.398266610487963
0.932444120238111	0.244842742206832
-0.647852271039411	0.15768507802046
-0.643506271279338	0.156786530055825
0.139930142590356	0.0265210820862786
0.147211981908801	0.0371529932006973
2.74534949223189	0.773319630917041
0.931565691852841	0.244293555241305
2.74534949223189	0.773319630917041
-1.80379071234984	0.398266610487963
-1.80368476738292	0.398254084963023
-0.742419833798786	0.258214778445979
0.139930142590356	0.0265210820862786
-0.640820070260403	0.156173374069777
0.13912027261828	0.0264101516649031
0.140184451576725	0.0265585662587612
0.136156966750329	0.025975077128062
0.657867026628534	0.208713496770991
0.140184451576725	0.0265585662587612
0.140184451576725	0.0265585662587612
0.13912027261828	0.0264101516649031
-0.643506271279338	0.156786530055825
-1.80368476738292	0.398254084963023
0.150921468814773	0.0379194736694598
-3.09447285673231	0.961828946915894
0.932829613639135	0.244963311679429
-0.644388443682788	0.157000626677781
-1.80379071234984	0.398266610487963
1.43328619377867	0.475825500287185
0.13912027261828	0.0264101516649031
-1.80379071234984	0.398266610487963
0.932829613639135	0.244963311679429
0.935126029437946	0.245318397037238
-1.807243397525	0.398882182291443
1.95135265955319	0.45428366780025
-0.644388443682788	0.157000626677781
-1.80379071234984	0.398266610487963
0.142469531863295	0.0268725113483955
-1.15345350292765	0.353548980162923
-2.58843250021574	0.677477739401539
0.932829613639135	0.244963311679429
-1.807243397525	0.398882182291443
-1.80379071234984	0.398266610487963
-1.80379071234984	0.398266610487963
-0.643506271279338	0.156786530055825
0.146301463254213	0.0369121679082859
0.513219052715781	0.184783577478651
1.95135265955319	0.45428366780025
0.939107808803008	0.245913360600712
2.74617618045436	0.774720201883077
-1.80368476738292	0.398254084963023
0.144816855539053	0.0429958878810455
0.140184451576725	0.0265585662587612
0.932829613639135	0.244963311679429
-1.80368476738292	0.398254084963023
0.933324263209431	0.244705909364566
1.95135265955319	0.45428366780025
-2.58843250021574	0.677477739401539
-0.366106353055766	0.106564775009011
0.142727172563101	0.0269105320645235
-2.58817701744193	0.677412741892899
-1.80368476738292	0.398254084963023
-2.58453548475525	0.676764203908389
-0.644388443682788	0.157000626677781
-2.58428653566473	0.675727611967995
-3.09029030460571	0.960832707527767
-2.58478470503525	0.675813541092272
-1.80379071234984	0.398266610487963
0.148123932113398	0.037298775193441
-0.643506271279338	0.156786530055825
0.139373629020068	0.0264474830594518
1.95135265955319	0.45428366780025
0.148123932113398	0.037298775193441
0.140184451576725	0.0265585662587612
-0.741848012858367	0.258096023054699
-1.807243397525	0.398882182291443
-3.08991345953591	0.960747174631736
0.13912027261828	0.0264101516649031
-2.58453548475525	0.676764203908389
0.146301463254213	0.0369121679082859
0.13912027261828	0.0264101516649031
2.09903484483183	0.941607866167158
0.510875541395758	0.183928738190787
1.95062146582611	0.454190159391569
1.95062146582611	0.454190159391569
0.932829613639135	0.244963311679429
0.139373629020068	0.0264474830594518
0.936011360767503	0.245553152580958
-1.80379071234984	0.398266610487963
-1.80379071234984	0.398266610487963
-1.807243397525	0.398882182291443
-2.58478470503525	0.675813541092272
-1.53273207896643	0.55406409993797
-2.58453548475525	0.676764203908389
-2.58817701744193	0.677412741892899
-0.741514061952099	0.257437556377308
-2.58428653566473	0.675727611967995
0.154214367512383	0.0385200410094163
1.43554514923892	0.477898562880183
1.9537169353899	0.454657075827859
-0.359911076994201	0.104872867536805
-1.80368476738292	0.398254084963023
0.932444120238111	0.244842742206832
0.142469531863295	0.0268725113483955
-1.80379071234984	0.398266610487963
-0.355642785136652	0.103485182800417
-0.643123124462485	0.156504140249688
0.508567167120095	0.182768045936491
0.140184451576725	0.0265585662587612
-3.08953695583634	0.959084825597379
0.139930142590356	0.0265210820862786
-0.644388443682788	0.157000626677781
-0.362710949837822	0.10577213020672
1.95062146582611	0.454190159391569
-0.743325166733626	0.258205235128744
0.140184451576725	0.0265585662587612
-0.644388443682788	0.157000626677781
0.140184451576725	0.0265585662587612
-2.58453548475525	0.676764203908389
2.74534949223189	0.773319630917041
-1.80368476738292	0.398254084963023
0.148123932113398	0.037298775193441
1.80837546568447	0.710560744847372
1.95062146582611	0.454190159391569
0.146737983479964	0.0369987654124611
0.933324263209431	0.244705909364566
0.136156966750329	0.025975077128062
-1.80379071234984	0.398266610487963
0.932829613639135	0.244963311679429
0.13912027261828	0.0264101516649031
0.139930142590356	0.0265210820862786
-1.807243397525	0.398882182291443
-1.80368476738292	0.398254084963023
2.74700474235958	0.773735225227364
0.145828384011954	0.0367587486446884
0.142727172563101	0.0269105320645235
0.139373629020068	0.0264474830594518
0.146774179931898	0.0369732700828277
-2.58478470503525	0.675813541092272
-1.80379071234984	0.398266610487963
2.09761678300046	0.940719512481992
-3.46630912179766	1.25319506698382
-0.644388443682788	0.157000626677781
0.650444653728205	0.206870989076807
2.74877977095104	0.77489585677119
-0.644388443682788	0.157000626677781
0.932444120238111	0.244842742206832
2.74617618045436	0.774720201883077
0.13912027261828	0.0264101516649031
0.932829613639135	0.244963311679429
0.13912027261828	0.0264101516649031
0.140184451576725	0.0265585662587612
0.148123932113398	0.037298775193441
0.139930142590356	0.0265210820862786
0.13912027261828	0.0264101516649031
3.25399732634696	1.10138712863889
-1.80379071234984	0.398266610487963
0.140184451576725	0.0265585662587612
-1.80379071234984	0.398266610487963
-3.46584456958788	1.25353297605489
-1.80379071234984	0.398266610487963
0.13912027261828	0.0264101516649031
-1.15300618747366	0.353816991053109
-3.09029030460571	0.960832707527767
1.43602101245823	0.478148523404795
0.142469531863295	0.0268725113483955
1.95135265955319	0.45428366780025
0.139930142590356	0.0265210820862786
0.139373629020068	0.0264474830594518
0.13912027261828	0.0264101516649031
-0.741276499011426	0.25781621104378
2.7496138177855	0.775189687209382
0.147685616873541	0.0372140815523598
0.135344827059028	0.0258639507496658
0.140184451576725	0.0265585662587612
-2.58817701744193	0.677412741892899
0.140184451576725	0.0265585662587612
1.9537169353899	0.454657075827859
1.9537169353899	0.454657075827859
-0.641207204081918	0.156050090719873
-2.58428653566473	0.675727611967995
1.95135265955319	0.45428366780025
-1.15253539705602	0.353154418604941
-1.80379071234984	0.398266610487963
-1.15347733768864	0.353947479713194
0.139373629020068	0.0264474830594518
-1.80368476738292	0.398254084963023
0.932444120238111	0.244842742206832
-0.643123124462485	0.156504140249688
1.95135265955319	0.45428366780025
0.931950133432299	0.244413497437813
-0.648735146604395	0.157899750679971
0.13912027261828	0.0264101516649031
-1.807243397525	0.398882182291443
0.13912027261828	0.0264101516649031
0.932444120238111	0.244842742206832
2.09703789272299	0.940172538936034
2.74617618045436	0.774720201883077
0.933324263209431	0.244705909364566
-1.807243397525	0.398882182291443
-2.58453548475525	0.676764203908389
1.95062146582611	0.454190159391569
0.140184451576725	0.0265585662587612
-2.58453548475525	0.676764203908389
0.139930142590356	0.0265210820862786
-0.645166441735812	0.157071156419286
0.139930142590356	0.0265210820862786
0.140184451576725	0.0265585662587612
-1.80368476738292	0.398254084963023
0.142727172563101	0.0269105320645235
-0.644006342900786	0.156718049862583
-1.80379071234984	0.398266610487963
-2.58428653566473	0.675727611967995
0.139373629020068	0.0264474830594518
-1.80379071234984	0.398266610487963
-0.644388443682788	0.157000626677781
-1.80379071234984	0.398266610487963
0.932444120238111	0.244842742206832
2.74617618045436	0.774720201883077
1.95135265955319	0.45428366780025
1.95062146582611	0.454190159391569
0.932444120238111	0.244842742206832
1.95062146582611	0.454190159391569
0.136156966750329	0.025975077128062
-1.80379071234984	0.398266610487963
-1.80379071234984	0.398266610487963
-1.80379071234984	0.398266610487963
-3.09408861819707	0.962829753125291
-0.644388443682788	0.157000626677781
-1.80379071234984	0.398266610487963
-1.80368476738292	0.398254084963023
-1.80368476738292	0.398254084963023
-1.80379071234984	0.398266610487963
-1.80379071234984	0.398266610487963
-1.80368476738292	0.398254084963023
2.74534949223189	0.773319630917041
0.145828384011954	0.0367587486446884
-1.80368476738292	0.398254084963023
-0.640820070260403	0.156173374069777
-1.80368476738292	0.398254084963023
0.933324263209431	0.244705909364566
-0.644388443682788	0.157000626677781
-3.08991345953591	0.960747174631736
-3.09029030460571	0.960832707527767
-1.15439361670696	0.354342573020678
-1.80379071234984	0.398266610487963
0.139373629020068	0.0264474830594518
0.146301463254213	0.0369121679082859
-3.08991345953591	0.960747174631736
0.933710809861868	0.244826616527384
0.145828384011954	0.0367587486446884
-1.15019981108223	0.352703694647943
3.2530948013434	1.10108931722157
-1.80379071234984	0.398266610487963
1.02259212061632	0.388312776500153
0.14311796249796	0.0361933240878638
0.147211981908801	0.0371529932006973
-0.359365673988087	0.104727737543846
-1.80368476738292	0.398254084963023
1.43146070068228	0.47602253118107
0.650991162239829	0.206772040177897
-1.80368476738292	0.398254084963023
-2.58817701744193	0.677412741892899
-0.640433285495798	0.155891307450366
0.933710809861868	0.244826616527384
0.933710809861868	0.244826616527384
-1.15345350292765	0.353548980162923
-1.80368476738292	0.398254084963023
-0.36234773438668	0.105369001563162
0.14311796249796	0.0361933240878638
0.139373629020068	0.0264474830594518
-2.58453548475525	0.676764203908389
-1.80379071234984	0.398266610487963
-3.09029030460571	0.960832707527767
0.933710809861868	0.244826616527384
-1.80379071234984	0.398266610487963
0.139373629020068	0.0264474830594518
-0.644006342900786	0.156718049862583
0.139373629020068	0.0264474830594518
-0.644006342900786	0.156718049862583
-0.640820070260403	0.156173374069777
-0.644388443682788	0.157000626677781
0.139373629020068	0.0264474830594518
0.140184451576725	0.0265585662587612
2.74700474235958	0.773735225227364
0.931950133432299	0.244413497437813
2.74617618045436	0.774720201883077
0.139930142590356	0.0265210820862786
0.139930142590356	0.0265210820862786
1.95135265955319	0.45428366780025
0.147211981908801	0.0371529932006973
0.13912027261828	0.0264101516649031
0.932444120238111	0.244842742206832
0.932444120238111	0.244842742206832
-2.58817701744193	0.677412741892899
0.139373629020068	0.0264474830594518
1.95135265955319	0.45428366780025
-1.15392338036234	0.354212278509058
-2.58428653566473	0.675727611967995
-1.80368476738292	0.398254084963023
-0.643889763897163	0.156661592959279
-1.80379071234984	0.398266610487963
-1.80368476738292	0.398254084963023
-1.80368476738292	0.398254084963023
0.142469531863295	0.0268725113483955
0.13912027261828	0.0264101516649031
2.7496138177855	0.775189687209382
-0.648735146604395	0.157899750679971
-1.80368476738292	0.398254084963023
-2.58478470503525	0.675813541092272
-1.80368476738292	0.398254084963023
1.95135265955319	0.45428366780025
-3.08991345953591	0.960747174631736
1.95062146582611	0.454190159391569
1.95135265955319	0.45428366780025
0.927601018172465	0.243257788968905
0.932444120238111	0.244842742206832
0.139930142590356	0.0265210820862786
0.139373629020068	0.0264474830594518
0.134993392187805	0.0402831505348415
-1.80379071234984	0.398266610487963
0.139373629020068	0.0264474830594518
0.143665287756915	0.0427236629465922
-1.80368476738292	0.398254084963023
0.146737983479964	0.0369987654124611
-0.64834559013069	0.157812973783057
-0.64834559013069	0.157812973783057
-0.644006342900786	0.156718049862583
-3.09447285673231	0.961828946915894
-0.644006342900786	0.156718049862583
0.148123932113398	0.037298775193441
-0.644388443682788	0.157000626677781
-0.539003042837417	0.206891853429863
0.139930142590356	0.0265210820862786
-0.644388443682788	0.157000626677781
1.95062146582611	0.454190159391569
0.936011360767503	0.245553152580958
0.142727172563101	0.0269105320645235
-0.644388443682788	0.157000626677781
-1.80368476738292	0.398254084963023
-0.163793329784282	0.0597182116427333
0.931950133432299	0.244413497437813
0.13912027261828	0.0264101516649031
0.139373629020068	0.0264474830594518
-1.80379071234984	0.398266610487963
0.931565691852841	0.244293555241305
-2.58843250021574	0.677477739401539
2.74700474235958	0.773735225227364
0.142727172563101	0.0269105320645235
0.139930142590356	0.0265210820862786
0.142727172563101	0.0269105320645235
-2.58453548475525	0.676764203908389
-1.80368476738292	0.398254084963023
-0.644388443682788	0.157000626677781
0.139373629020068	0.0264474830594518
0.935515179855096	0.245440180005837
0.135344827059028	0.0258639507496658
-1.80379071234984	0.398266610487963
-1.80379071234984	0.398266610487963
-2.58478470503525	0.675813541092272
-2.58453548475525	0.676764203908389
-2.58478470503525	0.675813541092272
-1.80379071234984	0.398266610487963
-0.643123124462485	0.156504140249688
-1.80379071234984	0.398266610487963
-2.58453548475525	0.676764203908389
0.1413598194657	0.0421025960431846
0.936011360767503	0.245553152580958
0.932829613639135	0.244963311679429
2.74877977095104	0.77489585677119
1.95062146582611	0.454190159391569
0.13912027261828	0.0264101516649031
1.95062146582611	0.454190159391569
-3.09029030460571	0.960832707527767
-1.80368476738292	0.398254084963023
0.13912027261828	0.0264101516649031
1.95062146582611	0.454190159391569
1.95135265955319	0.45428366780025
0.135344827059028	0.0258639507496658
-2.58817701744193	0.677412741892899
-0.644006342900786	0.156718049862583
0.936401569876498	0.245675339056074
0.932829613639135	0.244963311679429
0.932829613639135	0.244963311679429
1.95062146582611	0.454190159391569
-0.643123124462485	0.156504140249688
1.95135265955319	0.45428366780025
3.62466075691912	1.43256044684919
-3.47462404869326	1.2541645444969
-0.648735146604395	0.157899750679971
-2.58453548475525	0.676764203908389
0.148123932113398	0.037298775193441
-1.80368476738292	0.398254084963023
-1.80379071234984	0.398266610487963
0.936011360767503	0.245553152580958
0.150921468814773	0.0379194736694598
-1.80368476738292	0.398254084963023
0.13912027261828	0.0264101516649031
-1.15300618747366	0.353816991053109
0.13912027261828	0.0264101516649031
0.140184451576725	0.0265585662587612
-1.80368476738292	0.398254084963023
1.43463558957201	0.476840630255681
0.142727172563101	0.0269105320645235
0.139373629020068	0.0264474830594518
0.139930142590356	0.0265210820862786
-1.80368476738292	0.398254084963023
2.74700474235958	0.773735225227364
1.43602101245823	0.478148523404795
-1.80368476738292	0.398254084963023
-2.58817701744193	0.677412741892899
0.142727172563101	0.0269105320645235
0.932829613639135	0.244963311679429
-1.15799700419576	0.355156175000868
1.43925987176693	0.479237157391687
1.95135265955319	0.45428366780025
-0.643123124462485	0.156504140249688
-2.58453548475525	0.676764203908389
0.932829613639135	0.244963311679429
0.139373629020068	0.0264474830594518
2.74877977095104	0.77489585677119
-1.80379071234984	0.398266610487963
-1.80368476738292	0.398254084963023
-1.80379071234984	0.398266610487963
-1.80379071234984	0.398266610487963
-1.80379071234984	0.398266610487963
-1.80379071234984	0.398266610487963
0.931950133432299	0.244413497437813
0.13912027261828	0.0264101516649031
-1.80379071234984	0.398266610487963
-0.640820070260403	0.156173374069777
-0.644770889342653	0.156875139887313
0.139930142590356	0.0265210820862786
0.936401569876498	0.245675339056074
0.150004967546857	0.037720852406733
0.151399210332705	0.0379807126979956
0.13912027261828	0.0264101516649031
0.931565691852841	0.244293555241305
0.653790201953018	0.20742302218683
0.13912027261828	0.0264101516649031
0.142727172563101	0.0269105320645235
1.43645613213741	0.478161609320723
0.931950133432299	0.244413497437813
3.25399732634696	1.10138712863889
0.139373629020068	0.0264474830594518
-2.58453548475525	0.676764203908389
-2.58453548475525	0.676764203908389
-3.08991345953591	0.960747174631736
-0.640433285495798	0.155891307450366
-0.644770889342653	0.156875139887313
-0.643889763897163	0.156661592959279
-0.644388443682788	0.157000626677781
-0.643506271279338	0.156786530055825
0.140184451576725	0.0265585662587612
2.74617618045436	0.774720201883077
1.95135265955319	0.45428366780025
-1.80368476738292	0.398254084963023
0.13912027261828	0.0264101516649031
-2.58453548475525	0.676764203908389
0.13912027261828	0.0264101516649031
0.139930142590356	0.0265210820862786
-1.80368476738292	0.398254084963023
0.932829613639135	0.244963311679429
1.95062146582611	0.454190159391569
-1.16214150109434	0.356023551797343
-0.647852271039411	0.15768507802046
0.147649013295955	0.0371443901885897
0.657507650280972	0.208311874525367
-2.58453548475525	0.676764203908389
3.2530948013434	1.10108931722157
0.931950133432299	0.244413497437813
-2.58428653566473	0.675727611967995
-2.58478470503525	0.675813541092272
-2.58453548475525	0.676764203908389
-3.76343272727151	1.50890227492143
0.931565691852841	0.244293555241305
-1.80368476738292	0.398254084963023
1.95135265955319	0.45428366780025
-2.58453548475525	0.676764203908389
0.140184451576725	0.0265585662587612
0.136156966750329	0.025975077128062
0.139373629020068	0.0264474830594518
-1.80368476738292	0.398254084963023
-1.80379071234984	0.398266610487963
-0.365558606293867	0.106312944290692
0.13912027261828	0.0264101516649031
-1.80379071234984	0.398266610487963
-1.80379071234984	0.398266610487963
-1.80379071234984	0.398266610487963
-1.80368476738292	0.398254084963023
-1.80368476738292	0.398254084963023
0.13912027261828	0.0264101516649031
1.95062146582611	0.454190159391569
-2.58478470503525	0.675813541092272
-0.648735146604395	0.157899750679971
-1.80368476738292	0.398254084963023
0.139930142590356	0.0265210820862786
0.142727172563101	0.0269105320645235
-2.58478470503525	0.675813541092272
0.148123932113398	0.037298775193441
0.935126029437946	0.245318397037238
0.931565691852841	0.244293555241305
1.02407216663448	0.388349697761366
-2.58453548475525	0.676764203908389
-0.644770889342653	0.156875139887313
0.646495256830482	0.205229626326689
0.139373629020068	0.0264474830594518
2.74877977095104	0.77489585677119
0.147211981908801	0.0371529932006973
1.95062146582611	0.454190159391569
-1.15114881056694	0.35245741836246
0.932444120238111	0.244842742206832
0.139373629020068	0.0264474830594518
-0.359547086209289	0.104628681768365
-1.80379071234984	0.398266610487963
-1.80379071234984	0.398266610487963
0.147685616873541	0.0372140815523598
-1.80368476738292	0.398254084963023
-1.80379071234984	0.398266610487963
0.651349240994328	0.207129762624853
0.935126029437946	0.245318397037238
-0.643889763897163	0.156661592959279
0.139373629020068	0.0264474830594518
-1.80379071234984	0.398266610487963
0.931565691852841	0.244293555241305
-3.08953695583634	0.959084825597379
0.140184451576725	0.0265585662587612
0.146301463254213	0.0369121679082859
0.146301463254213	0.0369121679082859
0.935126029437946	0.245318397037238
0.147685616873541	0.0372140815523598
0.139930142590356	0.0265210820862786
0.136156966750329	0.025975077128062
-0.644388443682788	0.157000626677781
-1.80368476738292	0.398254084963023
-0.643506271279338	0.156786530055825
-1.15345350292765	0.353548980162923
1.95135265955319	0.45428366780025
-0.643123124462485	0.156504140249688
-0.363619197342818	0.105894774191241
-0.648735146604395	0.157899750679971
-1.80368476738292	0.398254084963023
-2.58478470503525	0.675813541092272
1.95062146582611	0.454190159391569
-1.80379071234984	0.398266610487963
-0.644388443682788	0.157000626677781
-0.644770889342653	0.156875139887313
-0.644388443682788	0.157000626677781
0.139373629020068	0.0264474830594518
-2.58478470503525	0.675813541092272
-1.807243397525	0.398882182291443
1.43645613213741	0.478161609320723
0.142727172563101	0.0269105320645235
-2.58453548475525	0.676764203908389
0.93871391671757	0.245790150722076
-1.80368476738292	0.398254084963023
0.139930142590356	0.0265210820862786
-1.80379071234984	0.398266610487963
0.14311796249796	0.0361933240878638
1.95135265955319	0.45428366780025
0.14311796249796	0.0361933240878638
0.13912027261828	0.0264101516649031
1.95062146582611	0.454190159391569
1.95062146582611	0.454190159391569
0.139930142590356	0.0265210820862786
-2.58478470503525	0.675813541092272
1.0200314996791	0.386398513169522
0.14103192177006	0.0419706320314239
-0.35900113863639	0.104616647983879
-0.643123124462485	0.156504140249688
0.651896042016441	0.207030647505349
3.25676960114744	1.10310692759313
-2.58453548475525	0.676764203908389
1.95135265955319	0.45428366780025
-2.58428653566473	0.675727611967995
-2.58817701744193	0.677412741892899
-1.80368476738292	0.398254084963023
-1.80368476738292	0.398254084963023
0.936011360767503	0.245553152580958
0.139930142590356	0.0265210820862786
-0.643123124462485	0.156504140249688
-0.643123124462485	0.156504140249688
-1.80379071234984	0.398266610487963
-2.58453548475525	0.676764203908389
0.139373629020068	0.0264474830594518
-2.58453548475525	0.676764203908389
2.74534949223189	0.773319630917041
3.25399732634696	1.10138712863889
2.74534949223189	0.773319630917041
0.13912027261828	0.0264101516649031
-2.58428653566473	0.675727611967995
0.140184451576725	0.0265585662587612
0.13912027261828	0.0264101516649031
0.139930142590356	0.0265210820862786
0.139373629020068	0.0264474830594518
0.139373629020068	0.0264474830594518
0.931565691852841	0.244293555241305
0.146774179931898	0.0369732700828277
0.138699758667585	0.0263265295910935
-2.58453548475525	0.676764203908389
0.13912027261828	0.0264101516649031
-1.80368476738292	0.398254084963023
0.142637387713013	0.0360861991956938
0.932829613639135	0.244963311679429
-1.80368476738292	0.398254084963023
-0.647852271039411	0.15768507802046
-1.80368476738292	0.398254084963023
-1.80368476738292	0.398254084963023
-2.58453548475525	0.676764203908389
0.927601018172465	0.243257788968905
-0.647461655721112	0.157598110120326
0.13912027261828	0.0264101516649031
0.146737983479964	0.0369987654124611
-0.644006342900786	0.156718049862583
-1.80379071234984	0.398266610487963
0.13912027261828	0.0264101516649031
0.932444120238111	0.244842742206832
-1.80379071234984	0.398266610487963
0.140184451576725	0.0265585662587612
2.7496138177855	0.775189687209382
0.929363107220915	0.243670370746797
-1.80368476738292	0.398254084963023
0.928481199205008	0.243805258274956
-1.80379071234984	0.398266610487963
-1.80368476738292	0.398254084963023
-1.80368476738292	0.398254084963023
0.136156966750329	0.025975077128062
-1.80368476738292	0.398254084963023
2.75223851146771	0.774442567945191
-0.644006342900786	0.156718049862583
0.510668821075204	0.183517588552839
1.43736854221364	0.477697177929381
0.140184451576725	0.0265585662587612
-0.644388443682788	0.157000626677781
-0.648735146604395	0.157899750679971
1.95062146582611	0.454190159391569
2.74617618045436	0.774720201883077
-1.80368476738292	0.398254084963023
-1.53273207896643	0.55406409993797
-1.8359662765192	0.757377146649207
-1.15392338036234	0.354212278509058
-1.80379071234984	0.398266610487963
-2.58478470503525	0.675813541092272
1.95062146582611	0.454190159391569
-1.80368476738292	0.398254084963023
-1.15345350292765	0.353548980162923
0.139373629020068	0.0264474830594518
0.932444120238111	0.244842742206832
-0.367012159161167	0.106980484577588
0.13912027261828	0.0264101516649031
1.43055010345603	0.474969302231746
0.142727172563101	0.0269105320645235
1.95062146582611	0.454190159391569
0.932829613639135	0.244963311679429
0.139373629020068	0.0264474830594518
0.139930142590356	0.0265210820862786
-0.64834559013069	0.157812973783057
-0.644388443682788	0.157000626677781
1.95062146582611	0.454190159391569
0.931950133432299	0.244413497437813
-0.643506271279338	0.156786530055825
-0.64834559013069	0.157812973783057
-3.46584456958788	1.25353297605489
1.95062146582611	0.454190159391569
-1.80368476738292	0.398254084963023
-1.80368476738292	0.398254084963023
0.140184451576725	0.0265585662587612
0.142469531863295	0.0268725113483955
1.95062146582611	0.454190159391569
-0.643506271279338	0.156786530055825
0.146737983479964	0.0369987654124611
1.95135265955319	0.45428366780025
0.653601146228235	0.207521943701603
-0.64834559013069	0.157812973783057
2.74617618045436	0.774720201883077
1.95062146582611	0.454190159391569
-1.80368476738292	0.398254084963023
-1.80379071234984	0.398266610487963
-1.80379071234984	0.398266610487963
-1.80368476738292	0.398254084963023
0.135344827059028	0.0258639507496658
0.135344827059028	0.0258639507496658
1.95062146582611	0.454190159391569
2.74877977095104	0.77489585677119
0.139930142590356	0.0265210820862786
-0.648735146604395	0.157899750679971
-1.80368476738292	0.398254084963023
-1.80379071234984	0.398266610487963
1.9537169353899	0.454657075827859
-0.643506271279338	0.156786530055825
1.95135265955319	0.45428366780025
-2.58428653566473	0.675727611967995
0.142727172563101	0.0269105320645235
-1.80368476738292	0.398254084963023
-1.80368476738292	0.398254084963023
-1.80379071234984	0.398266610487963
-1.80379071234984	0.398266610487963
-1.80368476738292	0.398254084963023
-1.807243397525	0.398882182291443
0.935126029437946	0.245318397037238
0.147685616873541	0.0372140815523598
0.139373629020068	0.0264474830594518
1.95135265955319	0.45428366780025
-1.807243397525	0.398882182291443
-1.80368476738292	0.398254084963023
-1.80379071234984	0.398266610487963
1.9537169353899	0.454657075827859
0.147649013295955	0.0371443901885897
-0.644388443682788	0.157000626677781
-1.80368476738292	0.398254084963023
0.139373629020068	0.0264474830594518
-1.15300618747366	0.353816991053109
0.146737983479964	0.0369987654124611
0.933710809861868	0.244826616527384
-0.643506271279338	0.156786530055825
-1.15019981108223	0.352703694647943
-2.58453548475525	0.676764203908389
-2.58428653566473	0.675727611967995
0.933324263209431	0.244705909364566
-0.641207204081918	0.156050090719873
-1.15707876120986	0.354760041850164
-2.0948354143142	0.969898927194453
-2.58453548475525	0.676764203908389
0.13912027261828	0.0264101516649031
2.74617618045436	0.774720201883077
0.139930142590356	0.0265210820862786
-1.80379071234984	0.398266610487963
0.143549438263141	0.0362330396689423
0.13912027261828	0.0264101516649031
-3.4697465656871	1.25533488138392
-0.640820070260403	0.156173374069777
1.43602101245823	0.478148523404795
1.43645613213741	0.478161609320723
1.43925987176693	0.479237157391687
1.43645613213741	0.478161609320723
-2.58817701744193	0.677412741892899
0.931565691852841	0.244293555241305
-1.15300618747366	0.353816991053109
-0.36234773438668	0.105369001563162
-2.58453548475525	0.676764203908389
3.25399732634696	1.10138712863889
-1.80379071234984	0.398266610487963
0.932829613639135	0.244963311679429
-1.80379071234984	0.398266610487963
0.650802186307997	0.206632813066924
-0.644388443682788	0.157000626677781
0.142727172563101	0.0269105320645235
0.932444120238111	0.244842742206832
-2.58453548475525	0.676764203908389
1.95062146582611	0.454190159391569
-2.58428653566473	0.675727611967995
-1.15392338036234	0.354212278509058
0.140184451576725	0.0265585662587612
0.13912027261828	0.0264101516649031
-1.80379071234984	0.398266610487963
0.932829613639135	0.244963311679429
0.139373629020068	0.0264474830594518
-2.58478470503525	0.675813541092272
0.136647163468063	0.0462674600791703
-1.80379071234984	0.398266610487963
0.139930142590356	0.0265210820862786
1.95062146582611	0.454190159391569
1.9537169353899	0.454657075827859
-1.80379071234984	0.398266610487963
-1.15300618747366	0.353816991053109
-1.80379071234984	0.398266610487963
-1.80368476738292	0.398254084963023
-3.08991345953591	0.960747174631736
-2.58428653566473	0.675727611967995
-1.049308717888	0.422479383129619
-0.511218585972841	0.272330654250048
0.131029538502094	0.0444244541563046
-0.544793937388731	0.208959866804284
0.13903860694883	0.0413471671998274
-1.80379071234984	0.398266610487963
0.136156966750329	0.025975077128062
3.62466075691912	1.43256044684919
4.16837145636277	2.0051243573723
-1.29287893594334	0.590150472890643
-1.80379071234984	0.398266610487963
0.13912027261828	0.0264101516649031
-1.53273207896643	0.55406409993797
-1.15347733768864	0.353947479713194
-0.747630638147624	0.259859955972283
-1.15392338036234	0.354212278509058
-2.08433551908383	0.96418035335272
0.147211981908801	0.0371529932006973
-1.80379071234984	0.398266610487963
0.13912027261828	0.0264101516649031
0.150004967546857	0.037720852406733
-1.51200245574654	0.779034836916128
-1.15345350292765	0.353548980162923
-1.15439361670696	0.354342573020678
0.135344827059028	0.0258639507496658
-1.80368476738292	0.398254084963023
0.139930142590356	0.0265210820862786
1.95135265955319	0.45428366780025
-1.15347733768864	0.353947479713194
2.09961472965319	0.942156643014485
-1.80379071234984	0.398266610487963
0.138699758667585	0.0263265295910935
-1.80379071234984	0.398266610487963
1.95062146582611	0.454190159391569
-1.15019981108223	0.352703694647943
1.95135265955319	0.45428366780025
0.132620364305083	0.0449502398034842
-0.236305907551276	0.0774158597277084
0.131592549884353	0.0446096178723685
-2.58453548475525	0.676764203908389
0.140184451576725	0.0265585662587612
0.13912027261828	0.0264101516649031
0.146301463254213	0.0369121679082859
0.511447846039878	0.183898335950935
-0.643123124462485	0.156504140249688
0.136471442907569	0.0407207925774643
0.128350501127829	0.043512403302682
-1.15439361670696	0.354342573020678
0.933324263209431	0.244705909364566
-0.644388443682788	0.157000626677781
1.01970949094797	0.387091911393297
0.932444120238111	0.244842742206832
-1.80379071234984	0.398266610487963
1.95135265955319	0.45428366780025
2.74534949223189	0.773319630917041
2.74534949223189	0.773319630917041
-1.80368476738292	0.398254084963023
2.74617618045436	0.774720201883077
1.95062146582611	0.454190159391569
0.147211981908801	0.0371529932006973
-3.09790841588879	0.962404523986388
-1.80379071234984	0.398266610487963
-3.08991345953591	0.960747174631736
-1.52953759655667	0.551918095903925
-1.80379071234984	0.398266610487963
0.139930142590356	0.0265210820862786
1.95062146582611	0.454190159391569
0.139373629020068	0.0264474830594518
0.139373629020068	0.0264474830594518
-1.80368476738292	0.398254084963023
-1.80379071234984	0.398266610487963
-2.58478470503525	0.675813541092272
-3.09029030460571	0.960832707527767
-0.359911076994201	0.104872867536805
4.16138462109116	2.00238958514433
-1.15439361670696	0.354342573020678
-0.367012159161167	0.106980484577588
0.932444120238111	0.244842742206832
0.513299538191439	0.184252704596469
-0.641207204081918	0.156050090719873
-1.80368476738292	0.398254084963023
-0.644006342900786	0.156718049862583
0.931565691852841	0.244293555241305
-0.640820070260403	0.156173374069777
1.43602101245823	0.478148523404795
-2.58428653566473	0.675727611967995
-2.58843250021574	0.677477739401539
0.935515179855096	0.245440180005837
0.150921468814773	0.0379194736694598
1.55456853536803	0.774473279453066
1.9537169353899	0.454657075827859
-0.643506271279338	0.156786530055825
-1.04816955160128	0.42197561480355
-3.09790841588879	0.962404523986388
2.74617618045436	0.774720201883077
0.134409435237647	0.045482239289511
0.645241128115201	0.204592987808019
0.140785309842846	0.0419396944428236
-2.58817701744193	0.677412741892899
0.136156966750329	0.025975077128062
1.95135265955319	0.45428366780025
-2.58428653566473	0.675727611967995
1.95062146582611	0.454190159391569
0.139373629020068	0.0264474830594518
2.74534949223189	0.773319630917041
-1.80379071234984	0.398266610487963
-1.80368476738292	0.398254084963023
-3.08991345953591	0.960747174631736
-1.80379071234984	0.398266610487963
-3.09029030460571	0.960832707527767
0.139373629020068	0.0264474830594518
0.147211981908801	0.0371529932006973
1.9537169353899	0.454657075827859
0.140184451576725	0.0265585662587612
-0.647852271039411	0.15768507802046
0.146301463254213	0.0369121679082859
-0.364760989388525	0.106129027528873
-3.09370472754254	0.961571400894305
-0.643123124462485	0.156504140249688
-0.644770889342653	0.156875139887313
1.95135265955319	0.45428366780025
0.147685616873541	0.0372140815523598
0.650802186307997	0.206632813066924
0.148123932113398	0.037298775193441
0.134993392187805	0.0402831505348415
1.0216909072254	0.38745924007158
1.9537169353899	0.454657075827859
0.136156966750329	0.025975077128062
0.139373629020068	0.0264474830594518
1.95062146582611	0.454190159391569
-1.80368476738292	0.398254084963023
0.142727172563101	0.0269105320645235
-1.80368476738292	0.398254084963023
0.140184451576725	0.0265585662587612
0.140785309842846	0.0419396944428236
-1.80368476738292	0.398254084963023
-1.15392338036234	0.354212278509058
-1.80368476738292	0.398254084963023
1.95062146582611	0.454190159391569
-1.80368476738292	0.398254084963023
-1.80368476738292	0.398254084963023
0.13912027261828	0.0264101516649031
-0.643123124462485	0.156504140249688
1.95062146582611	0.454190159391569
-1.80379071234984	0.398266610487963
0.13912027261828	0.0264101516649031
-0.645166441735812	0.157071156419286
-2.58478470503525	0.675813541092272
-0.644388443682788	0.157000626677781
2.74617618045436	0.774720201883077
0.139373629020068	0.0264474830594518
2.74617618045436	0.774720201883077
0.139930142590356	0.0265210820862786
0.139373629020068	0.0264474830594518
0.139930142590356	0.0265210820862786
1.43693291937878	0.478412112216202
-0.641207204081918	0.156050090719873
-1.80379071234984	0.398266610487963
-1.80379071234984	0.398266610487963
-1.80379071234984	0.398266610487963
2.74617618045436	0.774720201883077
-2.58817701744193	0.677412741892899
-0.643889763897163	0.156661592959279
2.74617618045436	0.774720201883077
-2.58478470503525	0.675813541092272
-1.80368476738292	0.398254084963023
2.74534949223189	0.773319630917041
1.95135265955319	0.45428366780025
1.95062146582611	0.454190159391569
0.932444120238111	0.244842742206832
-0.643889763897163	0.156661592959279
-0.35900113863639	0.104616647983879
0.929363107220915	0.243670370746797
-1.80368476738292	0.398254084963023
-2.58453548475525	0.676764203908389
0.136156966750329	0.025975077128062
-1.80379071234984	0.398266610487963
-0.64834559013069	0.157812973783057
0.935515179855096	0.245440180005837
-1.15300618747366	0.353816991053109
-1.15799700419576	0.355156175000868
0.931950133432299	0.244413497437813
-1.80379071234984	0.398266610487963
0.13912027261828	0.0264101516649031
-1.80379071234984	0.398266610487963
-1.807243397525	0.398882182291443
-0.644388443682788	0.157000626677781
-3.09029030460571	0.960832707527767
-0.643123124462485	0.156504140249688
-1.80368476738292	0.398254084963023
-1.80379071234984	0.398266610487963
1.95135265955319	0.45428366780025
1.95062146582611	0.454190159391569
0.135344827059028	0.0258639507496658
0.139930142590356	0.0265210820862786
0.933324263209431	0.244705909364566
0.140184451576725	0.0265585662587612
-3.08991345953591	0.960747174631736
-1.83448317285978	0.756769538624434
1.95135265955319	0.45428366780025
0.13912027261828	0.0264101516649031
-1.80379071234984	0.398266610487963
-0.643123124462485	0.156504140249688
0.139930142590356	0.0265210820862786
2.74617618045436	0.774720201883077
0.139373629020068	0.0264474830594518
0.931950133432299	0.244413497437813
-2.58478470503525	0.675813541092272
2.74617618045436	0.774720201883077
0.147211981908801	0.0371529932006973
-2.58428653566473	0.675727611967995
-0.648735146604395	0.157899750679971
-1.80379071234984	0.398266610487963
-1.80379071234984	0.398266610487963
2.74534949223189	0.773319630917041
-2.58453548475525	0.676764203908389
0.139373629020068	0.0264474830594518
-0.644388443682788	0.157000626677781
0.135344827059028	0.0258639507496658
-1.29428175562447	0.591951812360937
-1.80368476738292	0.398254084963023
-0.643889763897163	0.156661592959279
0.931950133432299	0.244413497437813
1.31205222453913	0.576575770191727
-0.647461655721112	0.157598110120326
0.932829613639135	0.244963311679429
-1.80368476738292	0.398254084963023
2.74700474235958	0.773735225227364
0.13912027261828	0.0264101516649031
0.150481785037224	0.0377820806483386
-0.644388443682788	0.157000626677781
0.140184451576725	0.0265585662587612
-1.80379071234984	0.398266610487963
0.932444120238111	0.244842742206832
-1.80368476738292	0.398254084963023
3.2530948013434	1.10108931722157
0.931565691852841	0.244293555241305
0.139373629020068	0.0264474830594518
-2.58478470503525	0.675813541092272
-0.644388443682788	0.157000626677781
3.25586177376341	1.1013084673078
-2.58478470503525	0.675813541092272
0.139930142590356	0.0265210820862786
1.95062146582611	0.454190159391569
0.147685616873541	0.0372140815523598
0.139373629020068	0.0264474830594518
0.139373629020068	0.0264474830594518
-2.58428653566473	0.675727611967995
-1.80379071234984	0.398266610487963
1.80837546568447	0.710560744847372
-1.80368476738292	0.398254084963023
-2.58478470503525	0.675813541092272
-1.80379071234984	0.398266610487963
-1.80368476738292	0.398254084963023
-1.80379071234984	0.398266610487963
-1.80379071234984	0.398266610487963
-0.643889763897163	0.156661592959279
-3.09447285673231	0.961828946915894
0.140184451576725	0.0265585662587612
-1.807243397525	0.398882182291443
0.142727172563101	0.0269105320645235
0.139930142590356	0.0265210820862786
-0.648735146604395	0.157899750679971
0.13912027261828	0.0264101516649031
0.139373629020068	0.0264474830594518
1.95135265955319	0.45428366780025
3.25676960114744	1.10310692759313
-3.09029030460571	0.960832707527767
3.62559622686951	1.43343777832231
0.13912027261828	0.0264101516649031
-0.643123124462485	0.156504140249688
0.139373629020068	0.0264474830594518
-1.80368476738292	0.398254084963023
0.932444120238111	0.244842742206832
0.140184451576725	0.0265585662587612
0.13912027261828	0.0264101516649031
-1.80368476738292	0.398254084963023
-1.15300618747366	0.353816991053109
-0.238619080974611	0.0782457591467586
0.13912027261828	0.0264101516649031
0.140184451576725	0.0265585662587612
-3.09029030460571	0.960832707527767
0.140184451576725	0.0265585662587612
0.139930142590356	0.0265210820862786
-0.648735146604395	0.157899750679971
2.74617618045436	0.774720201883077
-1.80368476738292	0.398254084963023
1.95135265955319	0.45428366780025
-1.80379071234984	0.398266610487963
1.9537169353899	0.454657075827859
0.140184451576725	0.0265585662587612
-2.58843250021574	0.677477739401539
1.9537169353899	0.454657075827859
-0.644770889342653	0.156875139887313
0.13912027261828	0.0264101516649031
0.935126029437946	0.245318397037238
0.139930142590356	0.0265210820862786
1.95135265955319	0.45428366780025
0.650802186307997	0.206632813066924
-2.58817701744193	0.677412741892899
-1.80368476738292	0.398254084963023
-2.58843250021574	0.677477739401539
-0.644388443682788	0.157000626677781
0.140184451576725	0.0265585662587612
0.935126029437946	0.245318397037238
0.932829613639135	0.244963311679429
2.74617618045436	0.774720201883077
0.136156966750329	0.025975077128062
-2.58428653566473	0.675727611967995
-1.80379071234984	0.398266610487963
2.7496138177855	0.775189687209382
0.14311796249796	0.0361933240878638
2.10142264111892	0.943067738907912
-1.80368476738292	0.398254084963023
-1.80379071234984	0.398266610487963
-0.643506271279338	0.156786530055825
-1.80368476738292	0.398254084963023
3.25676960114744	1.10310692759313
0.140184451576725	0.0265585662587612
2.74534949223189	0.773319630917041
-0.64834559013069	0.157812973783057
-1.80379071234984	0.398266610487963
-1.80368476738292	0.398254084963023
-0.643506271279338	0.156786530055825
0.13912027261828	0.0264101516649031
0.140184451576725	0.0265585662587612
-0.643506271279338	0.156786530055825
0.140184451576725	0.0265585662587612
-1.80368476738292	0.398254084963023
-2.58453548475525	0.676764203908389
-1.80368476738292	0.398254084963023
0.147211981908801	0.0371529932006973
-1.80368476738292	0.398254084963023
-1.80379071234984	0.398266610487963
-3.08953695583634	0.959084825597379
3.25219401652934	1.09882975306147
2.74877977095104	0.77489585677119
1.95062146582611	0.454190159391569
-1.80379071234984	0.398266610487963
3.25399732634696	1.10138712863889
2.74534949223189	0.773319630917041
0.139930142590356	0.0265210820862786
0.139930142590356	0.0265210820862786
1.95135265955319	0.45428366780025
1.02439581816121	0.388554234754345
0.935515179855096	0.245440180005837
0.140184451576725	0.0265585662587612
-0.643506271279338	0.156786530055825
0.150443359742849	0.0377633287087368
-1.80368476738292	0.398254084963023
-0.362710949837822	0.10577213020672
0.147685616873541	0.0372140815523598
-0.643506271279338	0.156786530055825
-1.807243397525	0.398882182291443
-0.644388443682788	0.157000626677781
-2.58428653566473	0.675727611967995
-1.80368476738292	0.398254084963023
0.13912027261828	0.0264101516649031
-2.58428653566473	0.675727611967995
0.140184451576725	0.0265585662587612
-0.64834559013069	0.157812973783057
0.932829613639135	0.244963311679429
-1.80368476738292	0.398254084963023
-1.80379071234984	0.398266610487963
-1.80368476738292	0.398254084963023
-0.643123124462485	0.156504140249688
0.136156966750329	0.025975077128062
-1.80368476738292	0.398254084963023
-1.807243397525	0.398882182291443
1.95062146582611	0.454190159391569
-2.58428653566473	0.675727611967995
0.139373629020068	0.0264474830594518
0.13912027261828	0.0264101516649031
-1.80379071234984	0.398266610487963
1.95135265955319	0.45428366780025
-3.09029030460571	0.960832707527767
0.146774179931898	0.0369732700828277
0.13912027261828	0.0264101516649031
1.95135265955319	0.45428366780025
2.74534949223189	0.773319630917041
-0.647461655721112	0.157598110120326
0.14311796249796	0.0361933240878638
-1.807243397525	0.398882182291443
0.139373629020068	0.0264474830594518
-2.58428653566473	0.675727611967995
-1.80379071234984	0.398266610487963
-1.80368476738292	0.398254084963023
-0.234259276164921	0.0768738569502217
0.13912027261828	0.0264101516649031
0.135344827059028	0.0258639507496658
-0.644770889342653	0.156875139887313
0.139373629020068	0.0264474830594518
2.74700474235958	0.773735225227364
-2.58478470503525	0.675813541092272
1.95062146582611	0.454190159391569
2.74617618045436	0.774720201883077
-0.644388443682788	0.157000626677781
-0.644388443682788	0.157000626677781
-0.644770889342653	0.156875139887313
-1.80379071234984	0.398266610487963
1.95135265955319	0.45428366780025
-1.80368476738292	0.398254084963023
0.139373629020068	0.0264474830594518
0.140184451576725	0.0265585662587612
0.136156966750329	0.025975077128062
0.140184451576725	0.0265585662587612
-2.58453548475525	0.676764203908389
-2.58428653566473	0.675727611967995
-1.80368476738292	0.398254084963023
-1.80368476738292	0.398254084963023
0.13912027261828	0.0264101516649031
-1.80368476738292	0.398254084963023
0.140184451576725	0.0265585662587612
0.139373629020068	0.0264474830594518
0.932053557222951	0.244515800737602
-0.643506271279338	0.156786530055825
0.13912027261828	0.0264101516649031
-2.58453548475525	0.676764203908389
0.139930142590356	0.0265210820862786
-0.363074920327927	0.105749762822137
0.932829613639135	0.244963311679429
-1.80368476738292	0.398254084963023
-2.58428653566473	0.675727611967995
0.140184451576725	0.0265585662587612
-0.643889763897163	0.156661592959279
0.13912027261828	0.0264101516649031
-0.643506271279338	0.156786530055825
-1.807243397525	0.398882182291443
-0.643123124462485	0.156504140249688
-1.80379071234984	0.398266610487963
2.74700474235958	0.773735225227364
-2.58843250021574	0.677477739401539
-1.807243397525	0.398882182291443
-3.46538037258837	1.25291021678476
1.95135265955319	0.45428366780025
1.9537169353899	0.454657075827859
0.148598486564552	0.0373599031239063
0.146301463254213	0.0369121679082859
0.13912027261828	0.0264101516649031
1.95135265955319	0.45428366780025
0.146774179931898	0.0369732700828277
0.135344827059028	0.0258639507496658
0.146301463254213	0.0369121679082859
-0.647852271039411	0.15768507802046
-2.58428653566473	0.675727611967995
-1.80368476738292	0.398254084963023
-1.80368476738292	0.398254084963023
-2.58453548475525	0.676764203908389
0.933710809861868	0.244826616527384
3.25399732634696	1.10138712863889
1.95062146582611	0.454190159391569
0.135344827059028	0.0258639507496658
-1.80368476738292	0.398254084963023
0.146774179931898	0.0369732700828277
-1.80379071234984	0.398266610487963
-1.80368476738292	0.398254084963023
-1.80368476738292	0.398254084963023
-1.80368476738292	0.398254084963023
-1.80379071234984	0.398266610487963
1.95135265955319	0.45428366780025
0.13912027261828	0.0264101516649031
-1.80368476738292	0.398254084963023
1.95062146582611	0.454190159391569
1.95135265955319	0.45428366780025
0.139373629020068	0.0264474830594518
0.140184451576725	0.0265585662587612
0.932829613639135	0.244963311679429
-1.80368476738292	0.398254084963023
0.142727172563101	0.0269105320645235
0.151399210332705	0.0379807126979956
0.13912027261828	0.0264101516649031
0.142727172563101	0.0269105320645235
0.142469531863295	0.0268725113483955
-0.537589304181351	0.206094574742513
-1.80368476738292	0.398254084963023
-0.643889763897163	0.156661592959279
-1.15486421229877	0.353960755591684
1.95135265955319	0.45428366780025
-0.643506271279338	0.156786530055825
3.2530948013434	1.10108931722157
2.74617618045436	0.774720201883077
-0.643506271279338	0.156786530055825
-1.15253539705602	0.353154418604941
0.139373629020068	0.0264474830594518
1.95062146582611	0.454190159391569
-1.80379071234984	0.398266610487963
-0.644388443682788	0.157000626677781
-2.58428653566473	0.675727611967995
-1.80379071234984	0.398266610487963
-1.80379071234984	0.398266610487963
2.74877977095104	0.77489585677119
0.13912027261828	0.0264101516649031
0.139373629020068	0.0264474830594518
0.13912027261828	0.0264101516649031
-0.644388443682788	0.157000626677781
-1.807243397525	0.398882182291443
-1.15392338036234	0.354212278509058
-1.80368476738292	0.398254084963023
0.13912027261828	0.0264101516649031
-1.807243397525	0.398882182291443
-1.80379071234984	0.398266610487963
1.43511052997664	0.477089390053173
-1.80368476738292	0.398254084963023
-0.648735146604395	0.157899750679971
-1.80368476738292	0.398254084963023
-0.644770889342653	0.156875139887313
3.25490159683282	1.09988604599349
0.13912027261828	0.0264101516649031
-1.80379071234984	0.398266610487963
1.95135265955319	0.45428366780025
1.95062146582611	0.454190159391569
0.933710809861868	0.244826616527384
1.95062146582611	0.454190159391569
-1.80368476738292	0.398254084963023
-2.58478470503525	0.675813541092272
-2.58478470503525	0.675813541092272
-2.58817701744193	0.677412741892899
0.142727172563101	0.0269105320645235
-1.80368476738292	0.398254084963023
-1.807243397525	0.398882182291443
0.146737983479964	0.0369987654124611
1.95062146582611	0.454190159391569
0.13912027261828	0.0264101516649031
1.95135265955319	0.45428366780025
-1.80379071234984	0.398266610487963
2.74617618045436	0.774720201883077
-3.09066749133914	0.959393078286489
0.140184451576725	0.0265585662587612
0.649897891813891	0.206374526154303
-2.58453548475525	0.676764203908389
-2.58478470503525	0.675813541092272
0.13912027261828	0.0264101516649031
-1.80379071234984	0.398266610487963
-1.15345350292765	0.353548980162923
0.139373629020068	0.0264474830594518
-0.643123124462485	0.156504140249688
0.139373629020068	0.0264474830594518
-0.644770889342653	0.156875139887313
-1.1547506215075	0.354173653078364
0.936401569876498	0.245675339056074
0.13912027261828	0.0264101516649031
0.139373629020068	0.0264474830594518
-1.80368476738292	0.398254084963023
2.74534949223189	0.773319630917041
0.137603762571643	0.0348647708858813
-1.80379071234984	0.398266610487963
0.13912027261828	0.0264101516649031
-1.80368476738292	0.398254084963023
0.135344827059028	0.0258639507496658
-1.80368476738292	0.398254084963023
-0.644770889342653	0.156875139887313
0.935515179855096	0.245440180005837
3.25399732634696	1.10138712863889
-2.58428653566473	0.675727611967995
0.139373629020068	0.0264474830594518
0.142469531863295	0.0268725113483955
-1.80368476738292	0.398254084963023
-0.643506271279338	0.156786530055825
0.935126029437946	0.245318397037238
-2.58453548475525	0.676764203908389
-1.80368476738292	0.398254084963023
-1.80379071234984	0.398266610487963
0.13912027261828	0.0264101516649031
-3.47021758744757	1.25549793829818
-0.643123124462485	0.156504140249688
-1.80368476738292	0.398254084963023
-0.640433285495798	0.155891307450366
0.931565691852841	0.244293555241305
0.140184451576725	0.0265585662587612
1.9537169353899	0.454657075827859
0.653242855413462	0.207522075223881
-1.80368476738292	0.398254084963023
0.140184451576725	0.0265585662587612
0.932829613639135	0.244963311679429
0.139373629020068	0.0264474830594518
2.74617618045436	0.774720201883077
0.139373629020068	0.0264474830594518
0.933710809861868	0.244826616527384
1.95062146582611	0.454190159391569
0.139373629020068	0.0264474830594518
-2.58428653566473	0.675727611967995
0.931565691852841	0.244293555241305
-0.643889763897163	0.156661592959279
1.95135265955319	0.45428366780025
-2.58843250021574	0.677477739401539
0.140184451576725	0.0265585662587612
0.139373629020068	0.0264474830594518
-3.09029030460571	0.960832707527767
-0.644770889342653	0.156875139887313
0.13912027261828	0.0264101516649031
1.43554514923892	0.477898562880183
0.141934018068002	0.0422115362011609
-0.643889763897163	0.156661592959279
-1.80379071234984	0.398266610487963
0.139373629020068	0.0264474830594518
0.145828384011954	0.0367587486446884
-0.643506271279338	0.156786530055825
-2.58817701744193	0.677412741892899
1.95062146582611	0.454190159391569
0.142727172563101	0.0269105320645235
-1.80368476738292	0.398254084963023
0.140184451576725	0.0265585662587612
-2.58453548475525	0.676764203908389
-1.80379071234984	0.398266610487963
-0.643506271279338	0.156786530055825
0.139930142590356	0.0265210820862786
-2.58453548475525	0.676764203908389
-3.09029030460571	0.960832707527767
0.140184451576725	0.0265585662587612
-1.80379071234984	0.398266610487963
-3.08953695583634	0.959084825597379
-2.58453548475525	0.676764203908389
-1.80379071234984	0.398266610487963
-0.643889763897163	0.156661592959279
0.139930142590356	0.0265210820862786
1.95062146582611	0.454190159391569
1.95135265955319	0.45428366780025
2.74534949223189	0.773319630917041
0.139930142590356	0.0265210820862786
0.139930142590356	0.0265210820862786
-1.80379071234984	0.398266610487963
0.13912027261828	0.0264101516649031
-0.644006342900786	0.156718049862583
-0.738391052425425	0.256391693854344
0.936401569876498	0.245675339056074
0.139373629020068	0.0264474830594518
1.95062146582611	0.454190159391569
-1.80379071234984	0.398266610487963
0.931950133432299	0.244413497437813
-2.58453548475525	0.676764203908389
2.74617618045436	0.774720201883077
-1.80368476738292	0.398254084963023
-1.80379071234984	0.398266610487963
-1.15439361670696	0.354342573020678
0.140184451576725	0.0265585662587612
-1.807243397525	0.398882182291443
-1.80368476738292	0.398254084963023
1.95135265955319	0.45428366780025
-0.644388443682788	0.157000626677781
-1.80368476738292	0.398254084963023
-2.58428653566473	0.675727611967995
-2.58478470503525	0.675813541092272
-1.80379071234984	0.398266610487963
-1.80379071234984	0.398266610487963
0.13912027261828	0.0264101516649031
0.13912027261828	0.0264101516649031
0.147685616873541	0.0372140815523598
-1.80379071234984	0.398266610487963
-2.58453548475525	0.676764203908389
-1.807243397525	0.398882182291443
-0.640433285495798	0.155891307450366
-1.80368476738292	0.398254084963023
-0.366106353055766	0.106564775009011
0.139930142590356	0.0265210820862786
0.147649013295955	0.0371443901885897
-1.80368476738292	0.398254084963023
0.140184451576725	0.0265585662587612
0.932444120238111	0.244842742206832
0.140184451576725	0.0265585662587612
1.95135265955319	0.45428366780025
0.932444120238111	0.244842742206832
2.7496138177855	0.775189687209382
0.147685616873541	0.0372140815523598
2.74877977095104	0.77489585677119
0.139930142590356	0.0265210820862786
-1.80368476738292	0.398254084963023
-1.80379071234984	0.398266610487963
1.95135265955319	0.45428366780025
1.95135265955319	0.45428366780025
-1.807243397525	0.398882182291443
-3.09029030460571	0.960832707527767
0.13912027261828	0.0264101516649031
-0.643123124462485	0.156504140249688
-1.80379071234984	0.398266610487963
1.95135265955319	0.45428366780025
-1.80379071234984	0.398266610487963
2.74617618045436	0.774720201883077
-1.807243397525	0.398882182291443
-1.80379071234984	0.398266610487963
-1.80368476738292	0.398254084963023
0.142469531863295	0.0268725113483955
-0.644388443682788	0.157000626677781
0.140184451576725	0.0265585662587612
-0.644388443682788	0.157000626677781
0.13912027261828	0.0264101516649031
-1.80368476738292	0.398254084963023
-2.58478470503525	0.675813541092272
-1.80379071234984	0.398266610487963
0.139373629020068	0.0264474830594518
0.140458165206262	0.0418615852654621
1.95135265955319	0.45428366780025
0.135344827059028	0.0258639507496658
0.146774179931898	0.0369732700828277
0.139930142590356	0.0265210820862786
0.139930142590356	0.0265210820862786
-1.15300618747366	0.353816991053109
0.933710809861868	0.244826616527384
0.142469531863295	0.0268725113483955
0.139930142590356	0.0265210820862786
0.933710809861868	0.244826616527384
-1.80368476738292	0.398254084963023
-0.644388443682788	0.157000626677781
-1.15300618747366	0.353816991053109
-3.08991345953591	0.960747174631736
-2.58428653566473	0.675727611967995
3.25490159683282	1.09988604599349
-2.58478470503525	0.675813541092272
-0.643123124462485	0.156504140249688
1.95135265955319	0.45428366780025
0.653601146228235	0.207521943701603
1.43602101245823	0.478148523404795
-0.644770889342653	0.156875139887313
0.146301463254213	0.0369121679082859
1.43645613213741	0.478161609320723
0.148123932113398	0.037298775193441
-0.237176848830075	0.0778020280962772
-1.15253539705602	0.353154418604941
0.13912027261828	0.0264101516649031
-0.644006342900786	0.156718049862583
-0.644388443682788	0.157000626677781
-0.644388443682788	0.157000626677781
1.95135265955319	0.45428366780025
-1.80368476738292	0.398254084963023
0.146346358967967	0.0368510834186678
1.95062146582611	0.454190159391569
0.139930142590356	0.0265210820862786
3.25490159683282	1.09988604599349
0.936401569876498	0.245675339056074
-1.15347733768864	0.353947479713194
-1.5375444255416	0.556007810250909
-2.58843250021574	0.677477739401539
-2.58843250021574	0.677477739401539
1.95062146582611	0.454190159391569
0.13912027261828	0.0264101516649031
0.140184451576725	0.0265585662587612
-1.80379071234984	0.398266610487963
-1.807243397525	0.398882182291443
-1.80368476738292	0.398254084963023
-1.15392338036234	0.354212278509058
-1.80379071234984	0.398266610487963
0.931950133432299	0.244413497437813
-2.58453548475525	0.676764203908389
-0.741514061952099	0.257437556377308
1.8046556556941	0.70860181691833
0.932444120238111	0.244842742206832
0.139930142590356	0.0265210820862786
0.931565691852841	0.244293555241305
-2.58428653566473	0.675727611967995
0.139373629020068	0.0264474830594518
-1.80368476738292	0.398254084963023
1.95062146582611	0.454190159391569
-1.80368476738292	0.398254084963023
0.139373629020068	0.0264474830594518
2.74617618045436	0.774720201883077
-1.80379071234984	0.398266610487963
0.139930142590356	0.0265210820862786
0.140184451576725	0.0265585662587612
1.95135265955319	0.45428366780025
3.25219401652934	1.09882975306147
0.139930142590356	0.0265210820862786
0.140184451576725	0.0265585662587612
1.95135265955319	0.45428366780025
-1.80368476738292	0.398254084963023
1.95135265955319	0.45428366780025
0.147211981908801	0.0371529932006973
0.13912027261828	0.0264101516649031
0.139373629020068	0.0264474830594518
0.936401569876498	0.245675339056074
-1.80368476738292	0.398254084963023
-3.09029030460571	0.960832707527767
-0.640820070260403	0.156173374069777
-1.80379071234984	0.398266610487963
-0.647852271039411	0.15768507802046
1.95062146582611	0.454190159391569
-0.64834559013069	0.157812973783057
-1.80368476738292	0.398254084963023
-2.58453548475525	0.676764203908389
-1.80368476738292	0.398254084963023
-0.640820070260403	0.156173374069777
-2.58453548475525	0.676764203908389
-1.80379071234984	0.398266610487963
1.95135265955319	0.45428366780025
0.139373629020068	0.0264474830594518
-2.58843250021574	0.677477739401539
0.932829613639135	0.244963311679429
-1.80368476738292	0.398254084963023
-1.15847376642875	0.355686548405735
0.142727172563101	0.0269105320645235
0.13912027261828	0.0264101516649031
-2.5921020928315	0.67750903851891
2.74700474235958	0.773735225227364
1.95062146582611	0.454190159391569
0.14311796249796	0.0361933240878638
0.933710809861868	0.244826616527384
0.135344827059028	0.0258639507496658
0.142469531863295	0.0268725113483955
1.95135265955319	0.45428366780025
-1.80368476738292	0.398254084963023
0.147685616873541	0.0372140815523598
-2.58453548475525	0.676764203908389
0.142727172563101	0.0269105320645235
1.95135265955319	0.45428366780025
0.505451262130689	0.181603766022305
-1.80379071234984	0.398266610487963
-2.58453548475525	0.676764203908389
1.95062146582611	0.454190159391569
-3.46491653046888	1.25066289274388
-0.640820070260403	0.156173374069777
-2.58478470503525	0.675813541092272
0.146774179931898	0.0369732700828277
-1.807243397525	0.398882182291443
0.933710809861868	0.244826616527384
-0.644006342900786	0.156718049862583
0.140184451576725	0.0265585662587612
0.13912027261828	0.0264101516649031
-1.80368476738292	0.398254084963023
-1.80379071234984	0.398266610487963
1.95062146582611	0.454190159391569
0.140184451576725	0.0265585662587612
-1.807243397525	0.398882182291443
0.13912027261828	0.0264101516649031
-0.641207204081918	0.156050090719873
-0.644006342900786	0.156718049862583
-1.80379071234984	0.398266610487963
1.95135265955319	0.45428366780025
-3.09029030460571	0.960832707527767
1.80892476946184	0.710964612544011
0.140184451576725	0.0265585662587612
0.139930142590356	0.0265210820862786
-2.58428653566473	0.675727611967995
0.139930142590356	0.0265210820862786
-1.807243397525	0.398882182291443
-2.58478470503525	0.675813541092272
-0.363255768460324	0.105782299807354
-3.08953695583634	0.959084825597379
-1.80379071234984	0.398266610487963
1.95062146582611	0.454190159391569
0.802847723592207	0.338179963633335
-1.80379071234984	0.398266610487963
2.74617618045436	0.774720201883077
1.95062146582611	0.454190159391569
0.145828384011954	0.0367587486446884
0.13912027261828	0.0264101516649031
0.139930142590356	0.0265210820862786
-1.83391433948043	0.756511402066625
-0.644770889342653	0.156875139887313
-1.80379071234984	0.398266610487963
3.25399732634696	1.10138712863889
-1.80368476738292	0.398254084963023
0.13912027261828	0.0264101516649031
-3.09029030460571	0.960832707527767
1.95135265955319	0.45428366780025
-1.80368476738292	0.398254084963023
0.140184451576725	0.0265585662587612
-1.80368476738292	0.398254084963023
0.13912027261828	0.0264101516649031
-0.64834559013069	0.157812973783057
-2.58453548475525	0.676764203908389
-2.58453548475525	0.676764203908389
2.74617618045436	0.774720201883077
0.140184451576725	0.0265585662587612
-1.80368476738292	0.398254084963023
-1.80368476738292	0.398254084963023
0.932444120238111	0.244842742206832
0.135344827059028	0.0258639507496658
0.13912027261828	0.0264101516649031
1.9537169353899	0.454657075827859
2.74617618045436	0.774720201883077
-1.15755644738434	0.355289941594665
-3.09029030460571	0.960832707527767
0.13912027261828	0.0264101516649031
0.142727172563101	0.0269105320645235
-1.80379071234984	0.398266610487963
-1.807243397525	0.398882182291443
-2.58453548475525	0.676764203908389
-1.80379071234984	0.398266610487963
0.139373629020068	0.0264474830594518
-0.640820070260403	0.156173374069777
-1.80379071234984	0.398266610487963
-1.80368476738292	0.398254084963023
0.139373629020068	0.0264474830594518
0.139930142590356	0.0265210820862786
0.149527783414501	0.0375652210591108
0.140184451576725	0.0265585662587612
0.148123932113398	0.037298775193441
-1.80368476738292	0.398254084963023
-1.80379071234984	0.398266610487963
0.139930142590356	0.0265210820862786
0.932444120238111	0.244842742206832
0.13912027261828	0.0264101516649031
-1.80368476738292	0.398254084963023
0.136156966750329	0.025975077128062
-2.58428653566473	0.675727611967995
0.145828384011954	0.0367587486446884
1.95062146582611	0.454190159391569
1.9537169353899	0.454657075827859
-0.367012159161167	0.106980484577588
0.139373629020068	0.0264474830594518
-1.807243397525	0.398882182291443
0.933710809861868	0.244826616527384
-1.80368476738292	0.398254084963023
0.135344827059028	0.0258639507496658
2.74534949223189	0.773319630917041
-3.08991345953591	0.960747174631736
-1.15392338036234	0.354212278509058
-0.643889763897163	0.156661592959279
-0.640433285495798	0.155891307450366
1.95135265955319	0.45428366780025
1.95135265955319	0.45428366780025
0.139930142590356	0.0265210820862786
0.651349240994328	0.207129762624853
-1.80368476738292	0.398254084963023
1.43554514923892	0.477898562880183
-1.80379071234984	0.398266610487963
0.140184451576725	0.0265585662587612
-0.64834559013069	0.157812973783057
-1.80379071234984	0.398266610487963
-1.80379071234984	0.398266610487963
0.140184451576725	0.0265585662587612
0.139930142590356	0.0265210820862786
-2.58453548475525	0.676764203908389
0.931950133432299	0.244413497437813
1.95062146582611	0.454190159391569
1.9537169353899	0.454657075827859
3.25676960114744	1.10310692759313
0.932444120238111	0.244842742206832
0.135344827059028	0.0258639507496658
-1.80368476738292	0.398254084963023
-0.643506271279338	0.156786530055825
-1.80368476738292	0.398254084963023
0.139373629020068	0.0264474830594518
-0.644006342900786	0.156718049862583
-0.644770889342653	0.156875139887313
0.932444120238111	0.244842742206832
0.139930142590356	0.0265210820862786
-0.641207204081918	0.156050090719873
-1.80368476738292	0.398254084963023
-1.80379071234984	0.398266610487963
0.932829613639135	0.244963311679429
0.932444120238111	0.244842742206832
0.147649013295955	0.0371443901885897
-1.80379071234984	0.398266610487963
-1.80368476738292	0.398254084963023
-1.80368476738292	0.398254084963023
1.43925987176693	0.479237157391687
-1.80379071234984	0.398266610487963
-2.58453548475525	0.676764203908389
-1.807243397525	0.398882182291443
-1.80379071234984	0.398266610487963
0.13912027261828	0.0264101516649031
2.74877977095104	0.77489585677119
0.928481199205008	0.243805258274956
-3.46538037258837	1.25291021678476
-2.58453548475525	0.676764203908389
0.13912027261828	0.0264101516649031
0.139930142590356	0.0265210820862786
0.139373629020068	0.0264474830594518
0.932444120238111	0.244842742206832
-1.15394884803957	0.353566779644249
0.142469531863295	0.0268725113483955
0.140184451576725	0.0265585662587612
-1.80379071234984	0.398266610487963
1.43602101245823	0.478148523404795
-1.80379071234984	0.398266610487963
-1.80379071234984	0.398266610487963
0.13912027261828	0.0264101516649031
0.136149693891106	0.0406054953419776
-3.09029030460571	0.960832707527767
1.95062146582611	0.454190159391569
2.74700474235958	0.773735225227364
1.95135265955319	0.45428366780025
2.74700474235958	0.773735225227364
0.139373629020068	0.0264474830594518
0.652695254572546	0.207024892635355
0.931565691852841	0.244293555241305
1.95135265955319	0.45428366780025
1.43554514923892	0.477898562880183
-3.76396710128731	1.51165110521982
-1.80379071234984	0.398266610487963
-1.15439361670696	0.354342573020678
-1.15394884803957	0.353566779644249
0.139930142590356	0.0265210820862786
-1.15392338036234	0.354212278509058
0.139373629020068	0.0264474830594518
-1.80368476738292	0.398254084963023
-1.80368476738292	0.398254084963023
0.65414904119533	0.208020876626531
-3.08991345953591	0.960747174631736
0.139373629020068	0.0264474830594518
-1.80368476738292	0.398254084963023
0.142727172563101	0.0269105320645235
0.139373629020068	0.0264474830594518
0.139373629020068	0.0264474830594518
0.14103192177006	0.0419706320314239
1.95135265955319	0.45428366780025
0.139373629020068	0.0264474830594518
-2.58453548475525	0.676764203908389
-1.80379071234984	0.398266610487963
-1.80379071234984	0.398266610487963
0.142469531863295	0.0268725113483955
0.139930142590356	0.0265210820862786
1.95062146582611	0.454190159391569
-1.80368476738292	0.398254084963023
-1.80368476738292	0.398254084963023
-0.367917894368281	0.107101339671787
1.95062146582611	0.454190159391569
-2.58478470503525	0.675813541092272
-2.58478470503525	0.675813541092272
-1.80379071234984	0.398266610487963
1.80746835953378	0.709202041495987
3.25399732634696	1.10138712863889
-0.647852271039411	0.15768507802046
-1.80379071234984	0.398266610487963
-1.83562175071417	0.755780949131131
0.142469531863295	0.0268725113483955
1.95135265955319	0.45428366780025
0.935515179855096	0.245440180005837
-2.58453548475525	0.676764203908389
0.139373629020068	0.0264474830594518
-1.80368476738292	0.398254084963023
0.13912027261828	0.0264101516649031
0.139930142590356	0.0265210820862786
0.13912027261828	0.0264101516649031
-1.80368476738292	0.398254084963023
0.140184451576725	0.0265585662587612
0.140184451576725	0.0265585662587612
0.139373629020068	0.0264474830594518
-2.58428653566473	0.675727611967995
1.95135265955319	0.45428366780025
0.13912027261828	0.0264101516649031
-1.80368476738292	0.398254084963023
-0.237477952696761	0.0778886575961749
-0.750117157055505	0.260345095813128
3.25399732634696	1.10138712863889
1.95135265955319	0.45428366780025
-2.58428653566473	0.675727611967995
3.2530948013434	1.10108931722157
-1.80379071234984	0.398266610487963
-0.64834559013069	0.157812973783057
0.146737983479964	0.0369987654124611
2.74617618045436	0.774720201883077
-3.4706889709537	1.25393147494203
0.139930142590356	0.0265210820862786
-1.80379071234984	0.398266610487963
-2.58478470503525	0.675813541092272
0.648993667183473	0.205806233366664
-1.80379071234984	0.398266610487963
1.95135265955319	0.45428366780025
0.935126029437946	0.245318397037238
-1.80379071234984	0.398266610487963
0.935515179855096	0.245440180005837
0.424609350616232	0.170668515007686
-0.644770889342653	0.156875139887313
0.137950499335432	0.0410351415310114
0.13912027261828	0.0264101516649031
0.136156966750329	0.025975077128062
0.145828384011954	0.0367587486446884
-1.80379071234984	0.398266610487963
0.935126029437946	0.245318397037238
0.139930142590356	0.0265210820862786
0.140184451576725	0.0265585662587612
-1.80379071234984	0.398266610487963
-0.644388443682788	0.157000626677781
-2.58453548475525	0.676764203908389
0.140184451576725	0.0265585662587612
0.142469531863295	0.0268725113483955
1.95062146582611	0.454190159391569
-1.80379071234984	0.398266610487963
0.148123932113398	0.037298775193441
0.140184451576725	0.0265585662587612
1.95135265955319	0.45428366780025
-1.807243397525	0.398882182291443
-2.58453548475525	0.676764203908389
0.932829613639135	0.244963311679429
-1.80379071234984	0.398266610487963
3.25490159683282	1.09988604599349
-1.80379071234984	0.398266610487963
0.13912027261828	0.0264101516649031
0.140184451576725	0.0265585662587612
0.508940667886974	0.183098517310394
-1.15114881056694	0.35245741836246
-2.58453548475525	0.676764203908389
0.139930142590356	0.0265210820862786
-1.807243397525	0.398882182291443
0.13912027261828	0.0264101516649031
0.140184451576725	0.0265585662587612
-1.80368476738292	0.398254084963023
-1.15439361670696	0.354342573020678
-1.15392338036234	0.354212278509058
0.13912027261828	0.0264101516649031
-1.80379071234984	0.398266610487963
-2.58843250021574	0.677477739401539
1.9537169353899	0.454657075827859
0.135344827059028	0.0258639507496658
-2.58453548475525	0.676764203908389
0.148123932113398	0.037298775193441
0.141934018068002	0.0422115362011609
2.74534949223189	0.773319630917041
0.140184451576725	0.0265585662587612
-2.58817701744193	0.677412741892899
-1.80379071234984	0.398266610487963
1.43554514923892	0.477898562880183
1.55725919812634	0.776293467065032
0.146737983479964	0.0369987654124611
2.74617618045436	0.774720201883077
1.9537169353899	0.454657075827859
0.142469531863295	0.0268725113483955
-0.640433285495798	0.155891307450366
-2.58428653566473	0.675727611967995
-2.58428653566473	0.675727611967995
-2.58453548475525	0.676764203908389
-1.80379071234984	0.398266610487963
0.140184451576725	0.0265585662587612
-1.80379071234984	0.398266610487963
0.936011360767503	0.245553152580958
-1.80368476738292	0.398254084963023
-1.80379071234984	0.398266610487963
0.933324263209431	0.244705909364566
1.9537169353899	0.454657075827859
-0.746480385939584	0.259149400296474
-0.644006342900786	0.156718049862583
-1.15847376642875	0.355686548405735
-1.80379071234984	0.398266610487963
-1.15439361670696	0.354342573020678
1.95062146582611	0.454190159391569
-3.09408861819707	0.962829753125291
-0.644770889342653	0.156875139887313
0.140184451576725	0.0265585662587612
0.13912027261828	0.0264101516649031
-1.53289908476652	0.552896511345182
-1.80379071234984	0.398266610487963
-0.64834559013069	0.157812973783057
0.147211981908801	0.0371529932006973
1.43511052997664	0.477089390053173
2.74700474235958	0.773735225227364
-0.643123124462485	0.156504140249688
-1.807243397525	0.398882182291443
-1.80379071234984	0.398266610487963
-1.80368476738292	0.398254084963023
-1.15439361670696	0.354342573020678
0.139373629020068	0.0264474830594518
1.95135265955319	0.45428366780025
0.932444120238111	0.244842742206832
-1.80379071234984	0.398266610487963
-0.643506271279338	0.156786530055825
0.139373629020068	0.0264474830594518
2.74700474235958	0.773735225227364
0.139556940401302	0.0415648034416572
0.139373629020068	0.0264474830594518
0.933710809861868	0.244826616527384
1.43645613213741	0.478161609320723
-1.80379071234984	0.398266610487963
1.80218392775286	0.706553037006594
-0.242323132990394	0.0794545395999312
-1.15439361670696	0.354342573020678
0.142727172563101	0.0269105320645235
0.13912027261828	0.0264101516649031
0.13912027261828	0.0264101516649031
1.95062146582611	0.454190159391569
1.95135265955319	0.45428366780025
0.139930142590356	0.0265210820862786
1.95062146582611	0.454190159391569
0.146737983479964	0.0369987654124611
1.95062146582611	0.454190159391569
3.2530948013434	1.10108931722157
0.140184451576725	0.0265585662587612
-1.80368476738292	0.398254084963023
-1.80368476738292	0.398254084963023
-3.08991345953591	0.960747174631736
0.13912027261828	0.0264101516649031
0.136156966750329	0.025975077128062
-3.09447285673231	0.961828946915894
0.139373629020068	0.0264474830594518
-0.643123124462485	0.156504140249688
0.142469531863295	0.0268725113483955
0.13912027261828	0.0264101516649031
0.147211981908801	0.0371529932006973
0.647045217228672	0.20541570040493
-0.643506271279338	0.156786530055825
-1.80379071234984	0.398266610487963
0.932444120238111	0.244842742206832
-2.58478470503525	0.675813541092272
1.43645613213741	0.478161609320723
-0.36125776400353	0.10521302829144
-3.08991345953591	0.960747174631736
-2.58428653566473	0.675727611967995
-0.640820070260403	0.156173374069777
1.95135265955319	0.45428366780025
1.9537169353899	0.454657075827859
-1.80368476738292	0.398254084963023
-1.80379071234984	0.398266610487963
2.74617618045436	0.774720201883077
-1.80368476738292	0.398254084963023
0.140184451576725	0.0265585662587612
-1.80379071234984	0.398266610487963
-1.15394884803957	0.353566779644249
-0.363619197342818	0.105894774191241
1.95135265955319	0.45428366780025
-1.80379071234984	0.398266610487963
0.147211981908801	0.0371529932006973
0.139930142590356	0.0265210820862786
-1.80379071234984	0.398266610487963
-1.80368476738292	0.398254084963023
0.654507105141339	0.207585170258097
-3.09066749133914	0.959393078286489
-3.08991345953591	0.960747174631736
1.4406577565604	0.479253975897627
1.43973986105876	0.479489791047764
-2.58843250021574	0.677477739401539
-0.647852271039411	0.15768507802046
1.95062146582611	0.454190159391569
-0.640820070260403	0.156173374069777
0.932829613639135	0.244963311679429
0.13912027261828	0.0264101516649031
1.95135265955319	0.45428366780025
-1.80368476738292	0.398254084963023
0.935515179855096	0.245440180005837
-0.745822468806859	0.25909130793883
0.13912027261828	0.0264101516649031
0.139373629020068	0.0264474830594518
-0.643506271279338	0.156786530055825
-1.80379071234984	0.398266610487963
-1.80368476738292	0.398254084963023
2.09276253598417	0.936728533565338
-1.80368476738292	0.398254084963023
0.140184451576725	0.0265585662587612
-1.80379071234984	0.398266610487963
-0.643506271279338	0.156786530055825
-2.58478470503525	0.675813541092272
-1.15300618747366	0.353816991053109
-0.644388443682788	0.157000626677781
1.95135265955319	0.45428366780025
1.43693291937878	0.478412112216202
1.01970949094797	0.387091911393297
-0.643123124462485	0.156504140249688
-2.58428653566473	0.675727611967995
-3.08953695583634	0.959084825597379
-1.80379071234984	0.398266610487963
-1.80379071234984	0.398266610487963
-1.80379071234984	0.398266610487963
-1.80379071234984	0.398266610487963
-1.80368476738292	0.398254084963023
3.62559622686951	1.43343777832231
-1.04504330162185	0.420310634398934
0.146301463254213	0.0369121679082859
-1.80379071234984	0.398266610487963
0.13912027261828	0.0264101516649031
-1.807243397525	0.398882182291443
-1.53327386150544	0.554071585244721
0.140184451576725	0.0265585662587612
-1.80368476738292	0.398254084963023
0.140184451576725	0.0265585662587612
1.44017683745973	0.479001218015642
-3.46584456958788	1.25353297605489
0.936401569876498	0.245675339056074
-0.743838178560171	0.258439685322713
0.139930142590356	0.0265210820862786
1.95062146582611	0.454190159391569
-2.58428653566473	0.675727611967995
-1.80379071234984	0.398266610487963
-1.80379071234984	0.398266610487963
-1.80379071234984	0.398266610487963
0.135344827059028	0.0258639507496658
-1.15439361670696	0.354342573020678
0.13912027261828	0.0264101516649031
-1.80368476738292	0.398254084963023
0.145828384011954	0.0367587486446884
-0.644770889342653	0.156875139887313
-2.58453548475525	0.676764203908389
-1.80379071234984	0.398266610487963
0.13912027261828	0.0264101516649031
2.7496138177855	0.775189687209382
0.140184451576725	0.0265585662587612
0.139930142590356	0.0265210820862786
0.936401569876498	0.245675339056074
-3.09447285673231	0.961828946915894
-0.741848012858367	0.258096023054699
0.150921468814773	0.0379194736694598
-2.58453548475525	0.676764203908389
-2.58843250021574	0.677477739401539
-1.80379071234984	0.398266610487963
-2.58478470503525	0.675813541092272
-2.58478470503525	0.675813541092272
0.931565691852841	0.244293555241305
-3.09066749133914	0.959393078286489
1.95135265955319	0.45428366780025
2.74617618045436	0.774720201883077
-1.807243397525	0.398882182291443
-1.80379071234984	0.398266610487963
-0.644006342900786	0.156718049862583
0.135344827059028	0.0258639507496658
-1.80368476738292	0.398254084963023
-0.362166381635235	0.105626912484328
2.74700474235958	0.773735225227364
-0.647852271039411	0.15768507802046
-2.58453548475525	0.676764203908389
-0.644388443682788	0.157000626677781
0.139373629020068	0.0264474830594518
0.139373629020068	0.0264474830594518
-1.53381589120228	0.553464419719289
0.936011360767503	0.245553152580958
-0.644388443682788	0.157000626677781
0.147211981908801	0.0371529932006973
1.95135265955319	0.45428366780025
0.932444120238111	0.244842742206832
1.95135265955319	0.45428366780025
-0.643506271279338	0.156786530055825
-1.80379071234984	0.398266610487963
2.74700474235958	0.773735225227364
-1.80368476738292	0.398254084963023
-0.647852271039411	0.15768507802046
-1.80368476738292	0.398254084963023
-2.58478470503525	0.675813541092272
1.95062146582611	0.454190159391569
-2.58453548475525	0.676764203908389
0.931565691852841	0.244293555241305
2.74617618045436	0.774720201883077
0.13912027261828	0.0264101516649031
1.80429809838357	0.707492948913978
1.95062146582611	0.454190159391569
-1.15755644738434	0.355289941594665
0.148123932113398	0.037298775193441
0.932829613639135	0.244963311679429
-3.76557168292632	1.51230600255237
-1.80368476738292	0.398254084963023
1.95135265955319	0.45428366780025
-0.644770889342653	0.156875139887313
0.13912027261828	0.0264101516649031
0.139930142590356	0.0265210820862786
-1.80379071234984	0.398266610487963
0.139930142590356	0.0265210820862786
-0.644388443682788	0.157000626677781
-0.35900113863639	0.104616647983879
-1.80379071234984	0.398266610487963
-0.645166441735812	0.157071156419286
-0.362166381635235	0.105626912484328
-2.58428653566473	0.675727611967995
0.647045217228672	0.20541570040493
0.140184451576725	0.0265585662587612
-3.09029030460571	0.960832707527767
0.13912027261828	0.0264101516649031
0.649540136788795	0.206300566749324
-0.643123124462485	0.156504140249688
-0.643506271279338	0.156786530055825
-1.80379071234984	0.398266610487963
0.145429742663103	0.0366530573157977
2.74534949223189	0.773319630917041
-1.80379071234984	0.398266610487963
0.146301463254213	0.0369121679082859
0.652253897170883	0.207102973093912
-1.80368476738292	0.398254084963023
0.933710809861868	0.244826616527384
-0.645166441735812	0.157071156419286
-0.367012159161167	0.106980484577588
0.147685616873541	0.0372140815523598
1.95062146582611	0.454190159391569
0.142637387713013	0.0360861991956938
0.931950133432299	0.244413497437813
-2.58428653566473	0.675727611967995
0.147211981908801	0.0371529932006973
0.139930142590356	0.0265210820862786
-0.643506271279338	0.156786530055825
-0.644770889342653	0.156875139887313
-3.09408861819707	0.962829753125291
-0.644388443682788	0.157000626677781
-1.80379071234984	0.398266610487963
1.95135265955319	0.45428366780025
0.139373629020068	0.0264474830594518
1.95135265955319	0.45428366780025
-1.80379071234984	0.398266610487963
-2.58428653566473	0.675727611967995
-0.64477214166203	0.156983480169134
-0.743896854421394	0.258064932248095
0.139373629020068	0.0264474830594518
-1.04786382925772	0.422554751457188
-3.09447285673231	0.961828946915894
-0.643889763897163	0.156661592959279
1.95062146582611	0.454190159391569
0.646143141275968	0.205158328067658
2.09523747403063	0.938787999909388
-1.15439361670696	0.354342573020678
-0.644388443682788	0.157000626677781
1.01913264922984	0.38618919405726
-0.643889763897163	0.156661592959279
-0.644006342900786	0.156718049862583
0.139930142590356	0.0265210820862786
0.13912027261828	0.0264101516649031
2.74700474235958	0.773735225227364
-1.15300618747366	0.353816991053109
0.933710809861868	0.244826616527384
0.649897891813891	0.206374526154303
-3.4706889709537	1.25393147494203
0.142469531863295	0.0268725113483955
-1.15019981108223	0.352703694647943
-2.58478470503525	0.675813541092272
1.95135265955319	0.45428366780025
-2.58453548475525	0.676764203908389
-1.15847376642875	0.355686548405735
-1.04447463018139	0.420263617366416
-0.739537230825823	0.256790305287863
-1.5318146928413	0.553494474919415
0.139930142590356	0.0265210820862786
0.140184451576725	0.0265585662587612
0.139930142590356	0.0265210820862786
0.931565691852841	0.244293555241305
0.655055294702571	0.20808355560833
-0.643123124462485	0.156504140249688
-2.58428653566473	0.675727611967995
-0.643889763897163	0.156661592959279
0.13912027261828	0.0264101516649031
0.142469531863295	0.0268725113483955
0.65469668159777	0.207920986734369
-1.15392338036234	0.354212278509058
-0.64834559013069	0.157812973783057
-0.643506271279338	0.156786530055825
-4.0187427564194	1.76809084731994
0.146301463254213	0.0369121679082859
0.932829613639135	0.244963311679429
0.140184451576725	0.0265585662587612
-1.80368476738292	0.398254084963023
-1.15394884803957	0.353566779644249
0.651896042016441	0.207030647505349
-0.644388443682788	0.157000626677781
-2.58428653566473	0.675727611967995
1.02640136155337	0.389250316085842
0.146894232753727	0.0434558800222739
-1.83391433948043	0.756511402066625
0.134993392187805	0.0402831505348415
0.65414904119533	0.208020876626531
0.139930142590356	0.0265210820862786
-1.80368476738292	0.398254084963023
-1.29854797059543	0.594785420705011
-0.644388443682788	0.157000626677781
-1.52953759655667	0.551918095903925
0.136156966750329	0.025975077128062
0.139930142590356	0.0265210820862786
0.142469531863295	0.0268725113483955
0.140184451576725	0.0265585662587612
-1.80379071234984	0.398266610487963
1.43146070068228	0.47602253118107
2.74534949223189	0.773319630917041
2.74617618045436	0.774720201883077
1.95062146582611	0.454190159391569
-1.15803450000539	0.355059130854004
-1.80368476738292	0.398254084963023
-1.80379071234984	0.398266610487963
0.935126029437946	0.245318397037238
-0.643889763897163	0.156661592959279
0.148123932113398	0.037298775193441
2.74877977095104	0.77489585677119
0.139373629020068	0.0264474830594518
-1.80379071234984	0.398266610487963
0.148123932113398	0.037298775193441
-0.640433285495798	0.155891307450366
0.140184451576725	0.0265585662587612
0.139373629020068	0.0264474830594518
0.146558706502964	0.0434202356977088
0.146737983479964	0.0369987654124611
-0.743325166733626	0.258205235128744
-0.643123124462485	0.156504140249688
-0.645166441735812	0.157071156419286
-3.09370472754254	0.961571400894305
-2.58453548475525	0.676764203908389
-0.544793937388731	0.208959866804284
0.139930142590356	0.0265210820862786
0.140210488911627	0.0417260592948838
0.140184451576725	0.0265585662587612
-1.53273207896643	0.55406409993797
3.25586177376341	1.1013084673078
-1.80368476738292	0.398254084963023
0.147211981908801	0.0371529932006973
-1.807243397525	0.398882182291443
0.145828384011954	0.0367587486446884
2.74617618045436	0.774720201883077
0.146737983479964	0.0369987654124611
1.95135265955319	0.45428366780025
-1.80379071234984	0.398266610487963
1.80837546568447	0.710560744847372
-0.644770889342653	0.156875139887313
0.653242855413462	0.207522075223881
-1.80379071234984	0.398266610487963
3.6333004232004	1.43322989837651
-1.807243397525	0.398882182291443
-1.80379071234984	0.398266610487963
3.62653315041301	1.43316175170825
-1.807243397525	0.398882182291443
-2.58817701744193	0.677412741892899
1.43463558957201	0.476840630255681
-0.643123124462485	0.156504140249688
0.933324263209431	0.244705909364566
-1.15392338036234	0.354212278509058
4.37079899261812	2.28263065573263
-3.46630912179766	1.25319506698382
2.74617618045436	0.774720201883077
0.140184451576725	0.0265585662587612
-0.643506271279338	0.156786530055825
-0.362710949837822	0.10577213020672
0.65074859981898	0.206366756402058
-0.363619197342818	0.105894774191241
0.932444120238111	0.244842742206832
0.650802186307997	0.206632813066924
-1.80379071234984	0.398266610487963
1.02491375229262	0.387610704829903
-0.644770889342653	0.156875139887313
2.74534949223189	0.773319630917041
-2.58478470503525	0.675813541092272
-1.15300618747366	0.353816991053109
-2.58453548475525	0.676764203908389
-1.04760025472461	0.421186788735924
1.95062146582611	0.454190159391569
-1.15114881056694	0.35245741836246
-1.15895089420025	0.355454865791994
0.147211981908801	0.0371529932006973
-0.64834559013069	0.157812973783057
0.511170021003071	0.183944282461123
0.142727172563101	0.0269105320645235
2.74617618045436	0.774720201883077
-2.58843250021574	0.677477739401539
-3.47021758744757	1.25549793829818
-1.80379071234984	0.398266610487963
-0.645166441735812	0.157071156419286
1.43463558957201	0.476840630255681
0.147685616873541	0.0372140815523598
0.654507105141339	0.207585170258097
0.139930142590356	0.0265210820862786
0.142727172563101	0.0269105320645235
1.95062146582611	0.454190159391569
-0.643123124462485	0.156504140249688
0.931565691852841	0.244293555241305
-1.80379071234984	0.398266610487963
0.13692844508394	0.0462929840650054
-1.80368476738292	0.398254084963023
1.95062146582611	0.454190159391569
1.01881061691072	0.386619941894425
1.95062146582611	0.454190159391569
1.95062146582611	0.454190159391569
1.95062146582611	0.454190159391569
-0.742086631485569	0.257298731886112
-3.09029030460571	0.960832707527767
3.25676960114744	1.10310692759313
0.650444653728205	0.206870989076807
0.145828384011954	0.0367587486446884
-1.80368476738292	0.398254084963023
-0.644388443682788	0.157000626677781
2.74534949223189	0.773319630917041
0.139930142590356	0.0265210820862786
-1.80379071234984	0.398266610487963
1.95062146582611	0.454190159391569
-2.58453548475525	0.676764203908389
-2.58453548475525	0.676764203908389
-1.80368476738292	0.398254084963023
-1.52953759655667	0.551918095903925
-1.53327386150544	0.554071585244721
0.935515179855096	0.245440180005837
1.43693291937878	0.478412112216202
2.7496138177855	0.775189687209382
0.13912027261828	0.0264101516649031
0.13912027261828	0.0264101516649031
-1.80368476738292	0.398254084963023
1.43602101245823	0.478148523404795
-1.14972585591097	0.352042822396007
-3.46584456958788	1.25353297605489
-1.80368476738292	0.398254084963023
-2.58428653566473	0.675727611967995
-0.643889763897163	0.156661592959279
0.13912027261828	0.0264101516649031
-3.09029030460571	0.960832707527767
-1.15347733768864	0.353947479713194
0.13912027261828	0.0264101516649031
3.62943539911313	1.43554672159634
-1.53008074641995	0.551315909915169
-0.362710949837822	0.10577213020672
-1.80379071234984	0.398266610487963
-1.80368476738292	0.398254084963023
-3.76343272727151	1.50890227492143
-1.80379071234984	0.398266610487963
-1.80368476738292	0.398254084963023
-0.647461655721112	0.157598110120326
1.43554514923892	0.477898562880183
-2.58478470503525	0.675813541092272
0.148598486564552	0.0373599031239063
-3.09066749133914	0.959393078286489
0.13912027261828	0.0264101516649031
0.13912027261828	0.0264101516649031
-0.648735146604395	0.157899750679971
-3.09029030460571	0.960832707527767
-3.09370472754254	0.961571400894305
0.147649013295955	0.0371443901885897
0.145828384011954	0.0367587486446884
0.142469531863295	0.0268725113483955
1.9537169353899	0.454657075827859
0.140184451576725	0.0265585662587612
1.95062146582611	0.454190159391569
0.13912027261828	0.0264101516649031
1.43511052997664	0.477089390053173
1.95135265955319	0.45428366780025
1.95062146582611	0.454190159391569
-1.80379071234984	0.398266610487963
1.95135265955319	0.45428366780025
0.928481199205008	0.243805258274956
-1.80368476738292	0.398254084963023
-3.08953695583634	0.959084825597379
0.13912027261828	0.0264101516649031
-0.643123124462485	0.156504140249688
1.95062146582611	0.454190159391569
0.135344827059028	0.0258639507496658
-2.58453548475525	0.676764203908389
-0.644388443682788	0.157000626677781
2.74534949223189	0.773319630917041
1.43554514923892	0.477898562880183
0.13912027261828	0.0264101516649031
-1.807243397525	0.398882182291443
-1.53273207896643	0.55406409993797
-3.09029030460571	0.960832707527767
1.95062146582611	0.454190159391569
1.43554514923892	0.477898562880183
0.147211981908801	0.0371529932006973
-1.80379071234984	0.398266610487963
1.95062146582611	0.454190159391569
-1.80379071234984	0.398266610487963
-2.58453548475525	0.676764203908389
-2.58478470503525	0.675813541092272
-2.58478470503525	0.675813541092272
-1.04272005949682	0.419280018630572
-4.0187427564194	1.76809084731994
0.142469531863295	0.0268725113483955
-1.80368476738292	0.398254084963023
1.43693291937878	0.478412112216202
0.653601146228235	0.207521943701603
0.935126029437946	0.245318397037238
0.932444120238111	0.244842742206832
2.74617618045436	0.774720201883077
1.9537169353899	0.454657075827859
-0.644388443682788	0.157000626677781
-3.09408861819707	0.962829753125291
1.95062146582611	0.454190159391569
-2.58453548475525	0.676764203908389
-3.4697465656871	1.25533488138392
1.95062146582611	0.454190159391569
1.9537169353899	0.454657075827859
1.9537169353899	0.454657075827859
0.153252105409293	0.0383013054251703
-1.15895089420025	0.355454865791994
-1.80368476738292	0.398254084963023
0.932829613639135	0.244963311679429
-0.644388443682788	0.157000626677781
-1.80379071234984	0.398266610487963
0.139373629020068	0.0264474830594518
-0.644388443682788	0.157000626677781
-2.58478470503525	0.675813541092272
-2.58453548475525	0.676764203908389
0.146737983479964	0.0369987654124611
-1.80379071234984	0.398266610487963
-2.58428653566473	0.675727611967995
-2.58453548475525	0.676764203908389
0.932444120238111	0.244842742206832
1.95135265955319	0.45428366780025
-1.80379071234984	0.398266610487963
0.933324263209431	0.244705909364566
-1.80379071234984	0.398266610487963
-1.80368476738292	0.398254084963023
1.95062146582611	0.454190159391569
1.95135265955319	0.45428366780025
-3.4697465656871	1.25533488138392
-0.644388443682788	0.157000626677781
0.935126029437946	0.245318397037238
-0.643506271279338	0.156786530055825
0.13912027261828	0.0264101516649031
-0.644770889342653	0.156875139887313
-0.739798199098655	0.256488865469576
-0.640820070260403	0.156173374069777
0.650444653728205	0.206870989076807
0.148123932113398	0.037298775193441
0.142727172563101	0.0269105320645235
-1.80379071234984	0.398266610487963
-3.76450171843679	1.51272854782687
-3.09029030460571	0.960832707527767
0.650991162239829	0.206772040177897
-0.641207204081918	0.156050090719873
-0.362710949837822	0.10577213020672
-1.80368476738292	0.398254084963023
0.139930142590356	0.0265210820862786
3.2530948013434	1.10108931722157
0.142469531863295	0.0268725113483955
0.932829613639135	0.244963311679429
-1.15347733768864	0.353947479713194
0.142727172563101	0.0269105320645235
0.932829613639135	0.244963311679429
0.135344827059028	0.0258639507496658
0.135344827059028	0.0258639507496658
2.74534949223189	0.773319630917041
-2.58478470503525	0.675813541092272
0.932829613639135	0.244963311679429
0.139373629020068	0.0264474830594518
-0.517260469050422	0.275412217971777
0.147211981908801	0.0371529932006973
-1.15300618747366	0.353816991053109
0.936401569876498	0.245675339056074
2.74617618045436	0.774720201883077
-1.80368476738292	0.398254084963023
-2.58478470503525	0.675813541092272
-0.643506271279338	0.156786530055825
0.653601146228235	0.207521943701603
-0.64834559013069	0.157812973783057
-0.644770889342653	0.156875139887313
0.139373629020068	0.0264474830594518
-1.80379071234984	0.398266610487963
0.932829613639135	0.244963311679429
0.142727172563101	0.0269105320645235
-0.363255768460324	0.105782299807354
1.01881061691072	0.386619941894425
0.140184451576725	0.0265585662587612
1.43517917219405	0.47735697092426
0.148123932113398	0.037298775193441
-3.08991345953591	0.960747174631736
-0.643506271279338	0.156786530055825
0.140184451576725	0.0265585662587612
0.139930142590356	0.0265210820862786
-3.76960824963311	1.51539382282941
-0.361622063644185	0.105340752849314
0.142469531863295	0.0268725113483955
-1.15300618747366	0.353816991053109
-3.09370472754254	0.961571400894305
-0.644770889342653	0.156875139887313
0.931565691852841	0.244293555241305
-1.83100980576584	0.754410690712334
0.931950133432299	0.244413497437813
-2.58453548475525	0.676764203908389
-0.788637278420783	0.348623215590649
0.150443359742849	0.0377633287087368
-2.58453548475525	0.676764203908389
0.139373629020068	0.0264474830594518
-1.80379071234984	0.398266610487963
0.139373629020068	0.0264474830594518
1.95135265955319	0.45428366780025
0.142469531863295	0.0268725113483955
-0.643506271279338	0.156786530055825
-1.80379071234984	0.398266610487963
1.95062146582611	0.454190159391569
0.803370842803423	0.337660315887921
-1.15300618747366	0.353816991053109
-1.15347733768864	0.353947479713194
-1.15347733768864	0.353947479713194
-0.368465304895136	0.107151020414935
0.671876564696196	0.314086428737666
-0.651837519275806	0.158387554668589
0.932829613639135	0.244963311679429
0.936011360767503	0.245553152580958
-1.80368476738292	0.398254084963023
1.95062146582611	0.454190159391569
-0.643506271279338	0.156786530055825
-1.80379071234984	0.398266610487963
-0.644388443682788	0.157000626677781
0.650444653728205	0.206870989076807
-1.16257519536487	0.356251231866774
-1.18618654179175	0.673369445101349
0.514363083274015	0.184986043370105
1.95135265955319	0.45428366780025
0.136471442907569	0.0407207925774643
1.55528960401594	0.774834518798244
-0.538167038511063	0.20623016620555
1.44207806938141	0.479000178026844
-0.538440187846927	0.206758866526095
-0.118006903174892	0.0474722694697372
-0.539566084012002	0.206854348653996
-1.53127286779506	0.553105673100975
-2.80266758483314	1.91614236049163
-0.978202950306693	0.608834505431483
-0.741848012858367	0.258096023054699
0.142469531863295	0.0268725113483955
-1.80368476738292	0.398254084963023
1.9537169353899	0.454657075827859
0.652800991167172	0.207004492672909
-1.15345350292765	0.353548980162923
1.95135265955319	0.45428366780025
0.142727172563101	0.0269105320645235
3.25490159683282	1.09988604599349
-0.53608051071038	0.205694677790987
1.95062146582611	0.454190159391569
2.7496138177855	0.775189687209382
-1.15486421229877	0.353960755591684
0.805769324127157	0.339679478238357
-0.79390713873614	0.351551459161185
-0.242025564504491	0.0793476290892232
0.140184451576725	0.0265585662587612
-1.53662981716208	0.555438343483155
0.144241227938778	0.0428872731898325
-1.29854797059543	0.594785420705011
-0.238048417060954	0.0780891030505443
2.74617618045436	0.774720201883077
-1.83875848168522	0.759162449562453
-1.80379071234984	0.398266610487963
-0.243466592241872	0.0797347561677764
-1.80379071234984	0.398266610487963
0.140184451576725	0.0265585662587612
-2.58453548475525	0.676764203908389
-1.80379071234984	0.398266610487963
-1.80379071234984	0.398266610487963
-1.15067412918645	0.352834915266282
0.13912027261828	0.0264101516649031
-1.15439361670696	0.354342573020678
0.368543868364901	0.16530009719778
0.514659313486759	0.185330599053687
-3.77312140195183	1.51499536469158
0.932444120238111	0.244842742206832
2.74700474235958	0.773735225227364
3.25676960114744	1.10310692759313
-0.781146805963116	0.344391484637755
0.134834802112273	0.0455883408616065
0.127401176765911	0.0486776025592294
0.932444120238111	0.244842742206832
-2.58817701744193	0.677412741892899
0.136156966750329	0.025975077128062
0.139930142590356	0.0265210820862786
0.135344827059028	0.0258639507496658
-2.58453548475525	0.676764203908389
-1.80368476738292	0.398254084963023
0.150921468814773	0.0379194736694598
-0.12247362403796	0.0493446725033237
0.132692238421375	0.0635373715053659
-0.420424849941728	0.178268943095334
1.95062146582611	0.454190159391569
1.95062146582611	0.454190159391569
0.142727172563101	0.0269105320645235
0.932829613639135	0.244963311679429
1.01938669987078	0.386305411802006
-1.80379071234984	0.398266610487963
0.139930142590356	0.0265210820862786
2.09761678300046	0.940719512481992
-0.538714119684408	0.206903909568311
-0.362166381635235	0.105626912484328
2.74617618045436	0.774720201883077
-4.01817667966541	1.76873594417854
0.136797239438449	0.0461477874091739
-3.09408861819707	0.962829753125291
-0.35900113863639	0.104616647983879
0.128629618148228	0.0436530854985291
0.147211981908801	0.0371529932006973
-0.237477952696761	0.0778886575961749
0.139373629020068	0.0264474830594518
-1.80379071234984	0.398266610487963
-3.46584456958788	1.25353297605489
0.936011360767503	0.245553152580958
1.95135265955319	0.45428366780025
-1.80379071234984	0.398266610487963
-0.647461655721112	0.157598110120326
-0.644388443682788	0.157000626677781
0.932829613639135	0.244963311679429
0.142637387713013	0.0360861991956938
-2.58453548475525	0.676764203908389
-2.58453548475525	0.676764203908389
0.513219052715781	0.184783577478651
0.145828384011954	0.0367587486446884
2.10819730688262	0.942103344598727
0.936401569876498	0.245675339056074
-1.80368476738292	0.398254084963023
-0.643889763897163	0.156661592959279
-1.80379071234984	0.398266610487963
0.650444653728205	0.206870989076807
-0.739798199098655	0.256488865469576
-4.01761090594294	1.76844298930181
0.139373629020068	0.0264474830594518
-0.743325166733626	0.258205235128744
-0.361622063644185	0.105340752849314
0.935126029437946	0.245318397037238
-2.58453548475525	0.676764203908389
0.932444120238111	0.244842742206832
1.43645613213741	0.478161609320723
-1.80379071234984	0.398266610487963
0.935515179855096	0.245440180005837
-2.49093476860864	1.41422228571049
-1.83539757756382	0.75750800966345
-0.539276806409919	0.207127681793212
0.139930142590356	0.0265210820862786
1.95062146582611	0.454190159391569
0.140184451576725	0.0265585662587612
-3.09029030460571	0.960832707527767
-3.09408861819707	0.962829753125291
0.136156966750329	0.025975077128062
0.139373629020068	0.0264474830594518
0.145828384011954	0.0367587486446884
0.139930142590356	0.0265210820862786
-0.647461655721112	0.157598110120326
1.95135265955319	0.45428366780025
-0.361622063644185	0.105340752849314
-0.35900113863639	0.104616647983879
-2.58428653566473	0.675727611967995
-2.58453548475525	0.676764203908389
-0.64477214166203	0.156983480169134
0.140184451576725	0.0265585662587612
-0.643123124462485	0.156504140249688
-1.80368476738292	0.398254084963023
-2.58478470503525	0.675813541092272
-1.80379071234984	0.398266610487963
-3.46584456958788	1.25353297605489
0.139373629020068	0.0264474830594518
1.9537169353899	0.454657075827859
-2.58478470503525	0.675813541092272
-0.367559864207876	0.107030285212501
2.74534949223189	0.773319630917041
-1.80368476738292	0.398254084963023
-3.09408861819707	0.962829753125291
3.2530948013434	1.10108931722157
1.95062146582611	0.454190159391569
-2.58453548475525	0.676764203908389
-0.364163724519504	0.105904858966181
0.13912027261828	0.0264101516649031
-1.807243397525	0.398882182291443
0.142469531863295	0.0268725113483955
0.932444120238111	0.244842742206832
2.74617618045436	0.774720201883077
-0.643889763897163	0.156661592959279
-2.58453548475525	0.676764203908389
0.146301463254213	0.0369121679082859
-3.08991345953591	0.960747174631736
0.150921468814773	0.0379194736694598
-0.643889763897163	0.156661592959279
-0.647852271039411	0.15768507802046
0.139930142590356	0.0265210820862786
0.139373629020068	0.0264474830594518
0.148123932113398	0.037298775193441
-2.58428653566473	0.675727611967995
-1.80368476738292	0.398254084963023
1.95135265955319	0.45428366780025
0.139373629020068	0.0264474830594518
0.932444120238111	0.244842742206832
-0.367559864207876	0.107030285212501
0.13912027261828	0.0264101516649031
2.7496138177855	0.775189687209382
0.13912027261828	0.0264101516649031
0.13912027261828	0.0264101516649031
0.935515179855096	0.245440180005837
0.932829613639135	0.244963311679429
0.140184451576725	0.0265585662587612
-2.58453548475525	0.676764203908389
-1.15300618747366	0.353816991053109
-1.15345350292765	0.353548980162923
-2.58453548475525	0.676764203908389
-3.09447285673231	0.961828946915894
-0.743838178560171	0.258439685322713
-0.644388443682788	0.157000626677781
0.650444653728205	0.206870989076807
-1.15392338036234	0.354212278509058
0.139930142590356	0.0265210820862786
-0.649148438045261	0.157773093407476
-1.15755644738434	0.355289941594665
0.13912027261828	0.0264101516649031
-1.80368476738292	0.398254084963023
1.95062146582611	0.454190159391569
0.932829613639135	0.244963311679429
0.647045217228672	0.20541570040493
-0.740369846039464	0.257039463862401
1.43554514923892	0.477898562880183
1.95062146582611	0.454190159391569
1.95062146582611	0.454190159391569
-0.644388443682788	0.157000626677781
-0.361043050450901	0.104884007498578
1.95135265955319	0.45428366780025
-0.643889763897163	0.156661592959279
0.149527783414501	0.0375652210591108
-0.746480385939584	0.259149400296474
0.147211981908801	0.0371529932006973
-0.238619080974611	0.0782457591467586
0.932053557222951	0.244515800737602
3.25219401652934	1.09882975306147
-0.643889763897163	0.156661592959279
-3.09029030460571	0.960832707527767
0.932444120238111	0.244842742206832
0.146774179931898	0.0369732700828277
-2.58453548475525	0.676764203908389
-2.58428653566473	0.675727611967995
-0.362166381635235	0.105626912484328
-0.365558606293867	0.106312944290692
3.25586177376341	1.1013084673078
1.95062146582611	0.454190159391569
3.25399732634696	1.10138712863889
-1.15345350292765	0.353548980162923
-0.741276499011426	0.25781621104378
-1.83482918178446	0.757249944313784
0.139930142590356	0.0265210820862786
0.933324263209431	0.244705909364566
1.43554514923892	0.477898562880183
1.95062146582611	0.454190159391569
0.143089034703473	0.0425083446227902
0.65414904119533	0.208020876626531
-1.15439361670696	0.354342573020678
-3.46538037258837	1.25291021678476
-0.643889763897163	0.156661592959279
-1.15486421229877	0.353960755591684
0.146301463254213	0.0369121679082859
-0.7363083072662	0.254650320997029
-0.363255768460324	0.105782299807354
1.31291742676874	0.576696640316621
0.936011360767503	0.245553152580958
0.146301463254213	0.0369121679082859
-1.80368476738292	0.398254084963023
1.95135265955319	0.45428366780025
-1.04390615555555	0.420016956092299
0.139884098064408	0.0416988824150201
3.25219401652934	1.09882975306147
0.141111686058764	0.0419151383415947
1.43517917219405	0.47735697092426
1.95062146582611	0.454190159391569
-3.46584456958788	1.25353297605489
0.139930142590356	0.0265210820862786
-1.15300618747366	0.353816991053109
-0.235702342750488	0.0772348714749425
0.13912027261828	0.0264101516649031
1.01450480132645	0.384141080456392
3.25676960114744	1.10310692759313
0.13912027261828	0.0264101516649031
0.148598486564552	0.0373599031239063
0.13912027261828	0.0264101516649031
0.139373629020068	0.0264474830594518
-0.360713154621022	0.104928044856164
0.508940667886974	0.183098517310394
-1.807243397525	0.398882182291443
0.146346358967967	0.0368510834186678
-0.64834559013069	0.157812973783057
-0.361802623855853	0.105358062763741
0.147211981908801	0.0371529932006973
1.80701548129766	0.709687594083792
-0.647852271039411	0.15768507802046
2.33820696694681	1.17549427117663
-0.644388443682788	0.157000626677781
-3.0982997955292	0.962577124856442
0.135344827059028	0.0258639507496658
-1.80379071234984	0.398266610487963
0.150921468814773	0.0379194736694598
-1.80368476738292	0.398254084963023
-1.80368476738292	0.398254084963023
0.932444120238111	0.244842742206832
3.25219401652934	1.09882975306147
-1.15439361670696	0.354342573020678
-1.80379071234984	0.398266610487963
3.2530948013434	1.10108931722157
1.95062146582611	0.454190159391569
-1.15755644738434	0.355289941594665
-1.807243397525	0.398882182291443
-1.80368476738292	0.398254084963023
-0.738055403900028	0.256318943131305
-1.15847376642875	0.355686548405735
-1.807243397525	0.398882182291443
-1.15439361670696	0.354342573020678
0.13912027261828	0.0264101516649031
0.14311796249796	0.0361933240878638
0.146737983479964	0.0369987654124611
-1.5332649245173	0.553641542884682
-1.15439361670696	0.354342573020678
-2.58453548475525	0.676764203908389
-0.643123124462485	0.156504140249688
-2.58843250021574	0.677477739401539
-0.641207204081918	0.156050090719873
0.936011360767503	0.245553152580958
0.139373629020068	0.0264474830594518
0.933324263209431	0.244705909364566
-1.15300618747366	0.353816991053109
1.02028601783919	0.386776796263063
-0.643889763897163	0.156661592959279
0.139373629020068	0.0264474830594518
0.802847723592207	0.338179963633335
-0.741848012858367	0.258096023054699
1.43693291937878	0.478412112216202
-0.643506271279338	0.156786530055825
-0.644770889342653	0.156875139887313
-3.09408861819707	0.962829753125291
-1.15755644738434	0.355289941594665
1.95135265955319	0.45428366780025
1.43463558957201	0.476840630255681
0.508862718541535	0.182846501147302
-0.238833324354039	0.078177897824965
-1.80379071234984	0.398266610487963
-2.58453548475525	0.676764203908389
-1.15933632072629	0.354909147754877
0.931565691852841	0.244293555241305
-2.58843250021574	0.677477739401539
-1.80379071234984	0.398266610487963
-0.644770889342653	0.156875139887313
0.139930142590356	0.0265210820862786
0.649540136788795	0.206300566749324
-0.35900113863639	0.104616647983879
-1.80368476738292	0.398254084963023
1.95135265955319	0.45428366780025
0.140184451576725	0.0265585662587612
3.25676960114744	1.10310692759313
-1.80379071234984	0.398266610487963
-1.80368476738292	0.398254084963023
2.74617618045436	0.774720201883077
-1.80368476738292	0.398254084963023
-1.8399048261413	0.758450988346558
-1.80379071234984	0.398266610487963
2.74617618045436	0.774720201883077
-0.367917894368281	0.107101339671787
-2.58428653566473	0.675727611967995
1.9537169353899	0.454657075827859
-2.58428653566473	0.675727611967995
-1.80368476738292	0.398254084963023
-2.58843250021574	0.677477739401539
1.05672322910417	0.644111632396584
-3.76343272727151	1.50890227492143
0.348242836048252	0.174525004306604
2.74700474235958	0.773735225227364
2.74700474235958	0.773735225227364
-0.644388443682788	0.157000626677781
1.95135265955319	0.45428366780025
-2.65585822890656	1.65643595138729
-1.80379071234984	0.398266610487963
-1.80379071234984	0.398266610487963
-1.80368476738292	0.398254084963023
2.74534949223189	0.773319630917041
-0.643889763897163	0.156661592959279
-0.239491259504407	0.0784232627618526
0.936401569876498	0.245675339056074
1.23200650438238	0.850826688821256
-1.807243397525	0.398882182291443
1.95135265955319	0.45428366780025
0.13912027261828	0.0264101516649031
-2.58478470503525	0.675813541092272
-1.80368476738292	0.398254084963023
0.932829613639135	0.244963311679429
1.80928263677467	0.710925581726897
-0.159516380937532	0.0580983230362789
-1.29372102355982	0.59176400453293
-1.80379071234984	0.398266610487963
0.140184451576725	0.0265585662587612
-3.46584456958788	1.25353297605489
-1.83933150009103	0.759192863567997
0.13912027261828	0.0264101516649031
0.138699758667585	0.0263265295910935
-0.644388443682788	0.157000626677781
0.139373629020068	0.0264474830594518
0.932829613639135	0.244963311679429
-0.362166381635235	0.105626912484328
-1.35099659271642	0.85883886470938
0.371321037027816	0.166503233216642
0.936352997761153	0.63116411722327
-1.80379071234984	0.398266610487963
3.25586177376341	1.1013084673078
2.09568423195787	0.938942642719777
-0.362710949837822	0.10577213020672
-1.5318146928413	0.553494474919415
-1.80379071234984	0.398266610487963
-1.807243397525	0.398882182291443
0.13912027261828	0.0264101516649031
0.801452247780404	0.337326448224681
0.139333258450746	0.0470277427412695
0.933324263209431	0.244705909364566
-0.814039443818446	0.450109713535553
0.652695254572546	0.207024892635355
-1.80368476738292	0.398254084963023
-1.15347733768864	0.353947479713194
2.74534949223189	0.773319630917041
2.74617618045436	0.774720201883077
0.13912027261828	0.0264101516649031
0.146301463254213	0.0369121679082859
0.133568648516399	0.0449835989563822
-0.789078146733873	0.349059860163757
-1.80379071234984	0.398266610487963
-1.80368476738292	0.398254084963023
-2.58478470503525	0.675813541092272
-0.647461655721112	0.157598110120326
1.95135265955319	0.45428366780025
0.139373629020068	0.0264474830594518
-1.80379071234984	0.398266610487963
0.147211981908801	0.0371529932006973
0.124975099288975	0.0421925861615745
0.134973859505914	0.0456812873652998
1.02439581816121	0.388554234754345
3.918269745807	1.72279408442701
1.95135265955319	0.45428366780025
-1.80368476738292	0.398254084963023
-0.644770889342653	0.156875139887313
0.147211981908801	0.0371529932006973
-0.741276499011426	0.25781621104378
0.425412613553604	0.171082204341707
-0.644388443682788	0.157000626677781
-0.538890908730252	0.206797385443168
0.128196514686887	0.0489615198825776
0.136156966750329	0.025975077128062
0.377174167356593	0.169574825269419
0.139373629020068	0.0264474830594518
2.74877977095104	0.77489585677119
-1.80368476738292	0.398254084963023
0.932444120238111	0.244842742206832
-0.415083137355912	0.175775517043565
-1.83100980576584	0.754410690712334
-1.50892103259037	0.776059699944057
-1.80368476738292	0.398254084963023
-1.80379071234984	0.398266610487963
-2.58453548475525	0.676764203908389
-1.80379071234984	0.398266610487963
0.932444120238111	0.244842742206832
0.646495256830482	0.205229626326689
-2.58843250021574	0.677477739401539
1.43511052997664	0.477089390053173
0.13912027261828	0.0264101516649031
0.147211981908801	0.0371529932006973
-0.540582499054048	0.207502129989812
1.95135265955319	0.45428366780025
-0.644770889342653	0.156875139887313
-1.80379071234984	0.398266610487963
-1.16165682669275	0.355854814021849
-0.541858189636432	0.207923122154612
-2.58817701744193	0.677412741892899
-0.647852271039411	0.15768507802046
0.139373629020068	0.0264474830594518
-0.742419833798786	0.258214778445979
-0.364163724519504	0.105904858966181
3.62466075691912	1.43256044684919
-0.643506271279338	0.156786530055825
0.138699758667585	0.0263265295910935
2.74617618045436	0.774720201883077
2.74617618045436	0.774720201883077
-0.362166381635235	0.105626912484328
-1.52899469498403	0.551909382987037
-3.08991345953591	0.960747174631736
-1.80368476738292	0.398254084963023
-0.367012159161167	0.106980484577588
1.43834434492453	0.478363981232013
0.139930142590356	0.0265210820862786
-0.643506271279338	0.156786530055825
-0.647852271039411	0.15768507802046
0.655055294702571	0.20808355560833
-0.539551348887912	0.206952502569875
-3.09408861819707	0.962829753125291
0.931950133432299	0.244413497437813
-0.365558606293867	0.106312944290692
0.147211981908801	0.0371529932006973
0.134672383551299	0.0401871605730982
-0.73458295394823	0.25438535250158
-0.35900113863639	0.104616647983879
-1.80379071234984	0.398266610487963
0.139930142590356	0.0265210820862786
-1.80368476738292	0.398254084963023
0.140184451576725	0.0265585662587612
0.143549438263141	0.0362330396689423
0.148123932113398	0.037298775193441
0.146301463254213	0.0369121679082859
0.146737983479964	0.0369987654124611
-1.80368476738292	0.398254084963023
-3.08991345953591	0.960747174631736
0.145429742663103	0.0366530573157977
0.932829613639135	0.244963311679429
0.13912027261828	0.0264101516649031
-2.58453548475525	0.676764203908389
0.651349240994328	0.207129762624853
0.146301463254213	0.0369121679082859
3.25676960114744	1.10310692759313
2.74617618045436	0.774720201883077
1.43602101245823	0.478148523404795
0.140184451576725	0.0265585662587612
-1.15347733768864	0.353947479713194
0.935126029437946	0.245318397037238
0.144030943602207	0.0363402578839825
3.25586177376341	1.1013084673078
0.135571700409456	0.0404808758649131
-1.807243397525	0.398882182291443
-0.644388443682788	0.157000626677781
1.95135265955319	0.45428366780025
0.140184451576725	0.0265585662587612
0.142727172563101	0.0269105320645235
-1.807243397525	0.398882182291443
0.651896042016441	0.207030647505349
-0.644770889342653	0.156875139887313
-0.647461655721112	0.157598110120326
-2.58478470503525	0.675813541092272
0.13912027261828	0.0264101516649031
0.936011360767503	0.245553152580958
1.43693291937878	0.478412112216202
-1.80368476738292	0.398254084963023
0.150921468814773	0.0379194736694598
-1.80368476738292	0.398254084963023
1.76326585307114	0.991462352256832
-1.53662981716208	0.555438343483155
0.147685616873541	0.0372140815523598
1.01881061691072	0.386619941894425
2.74877977095104	0.77489585677119
0.139930142590356	0.0265210820862786
3.62943539911313	1.43554672159634
-0.741848012858367	0.258096023054699
0.139373629020068	0.0264474830594518
1.95062146582611	0.454190159391569
0.927601018172465	0.243257788968905
-0.419899321881331	0.178034045801847
-1.80379071234984	0.398266610487963
-1.80368476738292	0.398254084963023
-1.53273207896643	0.55406409993797
-0.167267366049274	0.0609436470739813
-0.6216793085348	0.301711881748498
-0.790711532679895	0.349867124124677
1.06406959060774	0.650815518251999
3.62559622686951	1.43343777832231
4.16720668744855	2.00696583735496
-1.80379071234984	0.398266610487963
0.932444120238111	0.244842742206832
0.140184451576725	0.0265585662587612
-3.09066749133914	0.959393078286489
-0.628962005303292	0.305951356252255
0.526824116895025	0.303234821271494
-0.743325166733626	0.258205235128744
0.139930142590356	0.0265210820862786
0.138699758667585	0.0263265295910935
0.650444653728205	0.206870989076807
-0.120267226298741	0.0484135417622034
0.130616866380514	0.0561113343755478
-0.169883896372831	0.0618368277104948
0.130347842926326	0.0497598449847288
0.932444120238111	0.244842742206832
2.10503012668155	1.46753102104443
0.139930142590356	0.0265210820862786
1.95135265955319	0.45428366780025
-2.09002422236249	0.96852720746282
-0.242025564504491	0.0793476290892232
0.932829613639135	0.244963311679429
0.140184451576725	0.0265585662587612
0.933324263209431	0.244705909364566
0.140184451576725	0.0265585662587612
0.932829613639135	0.244963311679429
-0.363074920327927	0.105749762822137
0.65469668159777	0.207920986734369
1.43834434492453	0.478363981232013
1.80610961993801	0.709606900893752
-2.58453548475525	0.676764203908389
1.95062146582611	0.454190159391569
0.147211981908801	0.0371529932006973
-0.643123124462485	0.156504140249688
0.142185918422229	0.0422239014432829
-0.121786660244696	0.0489206287851435
-2.58428653566473	0.675727611967995
-1.53127286779506	0.553105673100975
-1.80379071234984	0.398266610487963
-0.640433285495798	0.155891307450366
-0.742753785982603	0.258086652205378
0.14311796249796	0.0361933240878638
0.135344827059028	0.0258639507496658
0.140184451576725	0.0265585662587612
-1.15799700419576	0.355156175000868
0.139373629020068	0.0264474830594518
0.142469531863295	0.0268725113483955
0.927601018172465	0.243257788968905
0.652695254572546	0.207024892635355
-0.643506271279338	0.156786530055825
-1.15019981108223	0.352703694647943
1.43645613213741	0.478161609320723
0.932444120238111	0.244842742206832
0.139373629020068	0.0264474830594518
0.795486374670441	0.33354288056255
2.74700474235958	0.773735225227364
-2.58453548475525	0.676764203908389
-0.644388443682788	0.157000626677781
-0.644770889342653	0.156875139887313
0.140184451576725	0.0265585662587612
0.147211981908801	0.0371529932006973
0.142469531863295	0.0268725113483955
1.95062146582611	0.454190159391569
0.139930142590356	0.0265210820862786
-2.58478470503525	0.675813541092272
0.931565691852841	0.244293555241305
0.142637387713013	0.0360861991956938
0.140184451576725	0.0265585662587612
0.146346358967967	0.0368510834186678
0.140184451576725	0.0265585662587612
1.95135265955319	0.45428366780025
2.74617618045436	0.774720201883077
1.95062146582611	0.454190159391569
1.95062146582611	0.454190159391569
-0.643123124462485	0.156504140249688
-0.643889763897163	0.156661592959279
0.931950133432299	0.244413497437813
0.653242855413462	0.207522075223881
-1.80379071234984	0.398266610487963
-2.58453548475525	0.676764203908389
1.43973986105876	0.479489791047764
1.95062146582611	0.454190159391569
-1.80379071234984	0.398266610487963
-1.80379071234984	0.398266610487963
0.65414904119533	0.208020876626531
-1.80368476738292	0.398254084963023
0.144030943602207	0.0363402578839825
0.146737983479964	0.0369987654124611
0.13912027261828	0.0264101516649031
-2.58478470503525	0.675813541092272
-1.80379071234984	0.398266610487963
-2.58453548475525	0.676764203908389
-2.58843250021574	0.677477739401539
-3.09029030460571	0.960832707527767
2.74617618045436	0.774720201883077
0.13912027261828	0.0264101516649031
1.95062146582611	0.454190159391569
-2.58453548475525	0.676764203908389
-3.09029030460571	0.960832707527767
-0.643506271279338	0.156786530055825
0.142469531863295	0.0268725113483955
-1.807243397525	0.398882182291443
-1.80368476738292	0.398254084963023
-0.644388443682788	0.157000626677781
-2.58453548475525	0.676764203908389
-1.80368476738292	0.398254084963023
1.43463558957201	0.476840630255681
-1.80379071234984	0.398266610487963
1.95062146582611	0.454190159391569
-1.80368476738292	0.398254084963023
-1.80379071234984	0.398266610487963
-1.15439361670696	0.354342573020678
-0.643506271279338	0.156786530055825
0.136156966750329	0.025975077128062
-1.80379071234984	0.398266610487963
0.139930142590356	0.0265210820862786
0.13912027261828	0.0264101516649031
-0.643123124462485	0.156504140249688
0.136156966750329	0.025975077128062
-2.58453548475525	0.676764203908389
0.139373629020068	0.0264474830594518
-1.80379071234984	0.398266610487963
1.95135265955319	0.45428366780025
0.142469531863295	0.0268725113483955
-1.80379071234984	0.398266610487963
0.931950133432299	0.244413497437813
0.147685616873541	0.0372140815523598
0.139930142590356	0.0265210820862786
0.139373629020068	0.0264474830594518
1.95062146582611	0.454190159391569
0.929363107220915	0.243670370746797
-0.640820070260403	0.156173374069777
-0.750450153330483	0.260698014203123
-2.58453548475525	0.676764203908389
-0.643889763897163	0.156661592959279
0.135344827059028	0.0258639507496658
-1.80368476738292	0.398254084963023
3.2530948013434	1.10108931722157
2.74617618045436	0.774720201883077
0.651896042016441	0.207030647505349
-2.58843250021574	0.677477739401539
-0.737482026667645	0.256039848593742
-0.644388443682788	0.157000626677781
-2.58428653566473	0.675727611967995
-1.80368476738292	0.398254084963023
1.95062146582611	0.454190159391569
-0.363619197342818	0.105894774191241
-2.58817701744193	0.677412741892899
-3.46538037258837	1.25291021678476
-2.58453548475525	0.676764203908389
-2.58453548475525	0.676764203908389
1.95062146582611	0.454190159391569
2.74617618045436	0.774720201883077
-1.80368476738292	0.398254084963023
-1.80379071234984	0.398266610487963
-1.80379071234984	0.398266610487963
-2.58428653566473	0.675727611967995
0.139930142590356	0.0265210820862786
-0.745822468806859	0.25909130793883
0.140184451576725	0.0265585662587612
-2.58478470503525	0.675813541092272
-0.361802623855853	0.105358062763741
-1.80368476738292	0.398254084963023
-1.807243397525	0.398882182291443
0.144569280114635	0.042929282273931
-1.80368476738292	0.398254084963023
-0.647852271039411	0.15768507802046
-2.58478470503525	0.675813541092272
-1.80368476738292	0.398254084963023
0.147211981908801	0.0371529932006973
-3.08991345953591	0.960747174631736
-2.58453548475525	0.676764203908389
-1.80368476738292	0.398254084963023
0.140184451576725	0.0265585662587612
-2.58453548475525	0.676764203908389
-2.58428653566473	0.675727611967995
-0.742753785982603	0.258086652205378
-1.15847376642875	0.355686548405735
-1.80368476738292	0.398254084963023
-0.643889763897163	0.156661592959279
