x	y
0.135344827059028	0.0258639507496658
0.139930142590356	0.0265210820862786
1.9537169353899	0.454657075827859
0.139930142590356	0.0265210820862786
-2.58478470503525	0.675813541092272
-2.58478470503525	0.675813541092272
1.9537169353899	0.454657075827859
-1.0430285489592	0.420216988954647
-2.58478470503525	0.675813541092272
-1.04698922224577	0.421366979566404
3.62653315041301	1.43316175170825
0.13912027261828	0.0264101516649031
-1.15392338036234	0.354212278509058
0.65414904119533	0.208020876626531
1.80646672530512	0.709284888569376
0.511289479278652	0.183331974328821
0.931565691852841	0.244293555241305
0.507502281349303	0.182163208828957
1.55164699462515	0.772711785861097
3.25586177376341	1.1013084673078
1.54868705422368	0.770114878924921
-0.420424849941728	0.178268943095334
-0.536354313754785	0.205687389529939
-1.5001579475103	1.06074807208493
-0.123774166039407	0.0498612949473713
-0.164983403922141	0.0950865342646492
-0.541581111975942	0.207841648639235
-0.115696238437404	0.0466631346161035
-0.746151045211633	0.259667037559905
0.139373629020068	0.0264474830594518
1.80037781238315	0.705873091583144
2.54916247677857	1.41919026486099
2.11117607035093	1.46885530570255
1.31468004021919	0.577244755259019
0.928481199205008	0.243805258274956
0.769418096456464	0.458596726853371
0.880176720850397	0.47211945635966
-1.06438831499837	0.866135806749733
1.7475880451985	1.35650551338216
1.55290923344353	0.774094456806211
2.74617618045436	0.774720201883077
0.644691758976379	0.204407522619992
0.65469668159777	0.207920986734369
0.146774179931898	0.0369732700828277
1.9537169353899	0.454657075827859
0.651896042016441	0.207030647505349
-2.29493484602112	1.17310466907998
-0.246607769456179	0.080675852517704
0.643068526156776	0.20335274830521
0.933710809861868	0.244826616527384
-0.743838178560171	0.258439685322713
-1.15755644738434	0.355289941594665
-0.538714119684408	0.206903909568311
-1.15847376642875	0.355686548405735
0.332498911383558	0.166075075903742
1.01938669987078	0.386305411802006
1.25293242809067	0.690747702125752
1.01970949094797	0.387091911393297
0.145828384011954	0.0367587486446884
1.01733621069892	0.384794828984133
0.511170021003071	0.183944282461123
3.2530948013434	1.10108931722157
0.150921468814773	0.0379194736694598
0.935515179855096	0.245440180005837
0.933324263209431	0.244705909364566
1.43882340562666	0.478615560848155
-0.643506271279338	0.156786530055825
0.146737983479964	0.0369987654124611
0.650802186307997	0.206632813066924
0.140184451576725	0.0265585662587612
0.139373629020068	0.0264474830594518
0.139373629020068	0.0264474830594518
1.43602101245823	0.478148523404795
1.95062146582611	0.454190159391569
-1.80379071234984	0.398266610487963
0.139373629020068	0.0264474830594518
-0.415608883219363	0.17598019938734
0.932444120238111	0.244842742206832
0.936401569876498	0.245675339056074
0.931166434102395	0.244280970808413
2.74534949223189	0.773319630917041
1.95062146582611	0.454190159391569
1.95135265955319	0.45428366780025
0.139930142590356	0.0265210820862786
1.95062146582611	0.454190159391569
1.44207806938141	0.479000178026844
-1.15392338036234	0.354212278509058
3.25399732634696	1.10138712863889
0.149527783414501	0.0375652210591108
0.148598486564552	0.0373599031239063
1.44348376717917	0.479628088721833
0.148598486564552	0.0373599031239063
1.80837546568447	0.710560744847372
1.80610961993801	0.709606900893752
2.74877977095104	0.77489585677119
0.650991162239829	0.206772040177897
1.95062146582611	0.454190159391569
3.62653315041301	1.43316175170825
0.13912027261828	0.0264101516649031
2.74617618045436	0.774720201883077
0.80661030139522	0.340174283092776
0.150481785037224	0.0377820806483386
-0.36234773438668	0.105369001563162
0.139373629020068	0.0264474830594518
0.115834630758097	0.0442252990222882
1.94854561111857	1.21997385772979
-0.738055403900028	0.256318943131305
1.31789761977354	0.578952002833974
0.931166434102395	0.244280970808413
-1.15755644738434	0.355289941594665
0.420167200268719	0.168576620867564
1.43602101245823	0.478148523404795
-0.168535700512318	0.0614396736428628
-0.167734705918524	0.0611523983971872
0.136084377685652	0.0460683789796626
1.02118575779327	0.386986467154184
-0.36817981033721	0.10699049001419
0.146301463254213	0.0369121679082859
0.147211981908801	0.0371529932006973
-3.4697465656871	1.25533488138392
0.139930142590356	0.0265210820862786
1.95135265955319	0.45428366780025
0.935515179855096	0.245440180005837
3.25676960114744	1.10310692759313
-3.08991345953591	0.960747174631736
-0.640820070260403	0.156173374069777
3.25399732634696	1.10138712863889
-1.15394884803957	0.353566779644249
2.74617618045436	0.774720201883077
-1.80368476738292	0.398254084963023
-3.46584456958788	1.25353297605489
-1.53662981716208	0.555438343483155
0.140458165206262	0.0418615852654621
0.809011166414321	0.3407453913173
1.9537169353899	0.454657075827859
3.62653315041301	1.43316175170825
3.25955780844985	1.10146325935908
1.30583042043747	0.571090947323263
-2.58843250021574	0.677477739401539
1.436097211687	0.477124097113075
1.9537169353899	0.454657075827859
0.142637387713013	0.0360861991956938
0.147211981908801	0.0371529932006973
0.139930142590356	0.0265210820862786
-0.744670437196719	0.258381731549564
1.43834434492453	0.478363981232013
0.139373629020068	0.0264474830594518
2.09523747403063	0.938787999909388
2.09961472965319	0.942156643014485
0.931950133432299	0.244413497437813
1.95135265955319	0.45428366780025
1.04582003072606	0.507497265174686
0.652253897170883	0.207102973093912
0.139930142590356	0.0265210820862786
0.13912027261828	0.0264101516649031
1.9537169353899	0.454657075827859
0.649540136788795	0.206300566749324
-1.15300618747366	0.353816991053109
-1.80368476738292	0.398254084963023
-0.363074920327927	0.105749762822137
0.931950133432299	0.244413497437813
-0.643506271279338	0.156786530055825
-0.367012159161167	0.106980484577588
-0.64834559013069	0.157812973783057
-1.15347733768864	0.353947479713194
-1.15300618747366	0.353816991053109
1.43602101245823	0.478148523404795
-1.04359703690809	0.420463940972424
-0.741848012858367	0.258096023054699
3.62849380145916	1.43519617024906
1.95062146582611	0.454190159391569
1.95062146582611	0.454190159391569
0.50688951495116	0.182261063083595
0.14311796249796	0.0361933240878638
0.929363107220915	0.243670370746797
0.650991162239829	0.206772040177897
0.929363107220915	0.243670370746797
0.761725630067058	0.594561239692866
0.11934450509656	0.0456447312335263
-0.540021211439973	0.207221505212573
-0.416988194270825	0.176346716037156
-0.0819351270645048	0.0362847113031604
0.931565691852841	0.244293555241305
0.139373629020068	0.0264474830594518
0.131870569010978	0.0446938595709682
-0.741276499011426	0.25781621104378
-0.943891004142133	0.699919303788246
0.119543781057596	0.0456124547857271
1.31155757880574	0.575397722991523
0.669203698295707	0.312886079456326
0.80661030139522	0.340174283092776
0.140184451576725	0.0265585662587612
-0.35845544263212	0.104471490348146
-0.363255768460324	0.105782299807354
1.43925987176693	0.479237157391687
-1.80379071234984	0.398266610487963
0.929363107220915	0.243670370746797
2.75223851146771	0.774442567945191
1.43973986105876	0.479489791047764
0.881286403279908	0.474171043642113
0.123113728309991	0.0471196042066694
-0.0885427336644345	0.0391552861800388
-0.166720587533231	0.0607503375240969
-0.666280631376187	0.398734085771687
-2.58453548475525	0.676764203908389
-0.241751693846918	0.0791910993295349
-0.786469190370634	0.347830565965969
0.127339097070499	0.0607938615721106
0.312942911744461	0.172677020583982
0.686936014355253	0.449013976060219
-0.0506283754352685	0.0243740931314148
1.31147797650061	0.575223127248405
0.146301463254213	0.0369121679082859
0.936401569876498	0.245675339056074
0.140458165206262	0.0418615852654621
-0.242894765745569	0.0796348330145537
1.43645613213741	0.478161609320723
2.74617618045436	0.774720201883077
0.931565691852841	0.244293555241305
0.593067023339132	0.308864734241186
0.649897891813891	0.206374526154303
0.648941210685989	0.205808664712113
0.634483582704856	0.448958549657034
0.765283945694606	0.454637883125644
0.770846566100453	0.459081607300222
-0.32680957454671	0.152133628782622
2.74617618045436	0.774720201883077
0.117243301102059	0.0448074004445004
1.11622769408334	1.25545387348593
-0.171838572012273	0.0991764905076796
1.02201384172153	0.387406801790706
0.42201668048743	0.169638953784636
1.95062146582611	0.454190159391569
-3.47021758744757	1.25549793829818
0.931950133432299	0.244413497437813
-3.09066749133914	0.959393078286489
0.139930142590356	0.0265210820862786
0.139373629020068	0.0264474830594518
1.95135265955319	0.45428366780025
1.95135265955319	0.45428366780025
1.95062146582611	0.454190159391569
1.95135265955319	0.45428366780025
1.02697965062158	0.388934365978234
1.76088266689704	0.989015530338265
-0.538614196730549	0.206624351562852
0.140130255519626	0.041673932144754
1.55501737702822	0.775774035017368
1.75930782875001	0.985527496464087
2.74877977095104	0.77489585677119
0.138515396205365	0.0351017639698387
0.512435401210267	0.183778778238332
-0.743325166733626	0.258205235128744
-3.09029030460571	0.960832707527767
0.140184451576725	0.0265585662587612
-0.643889763897163	0.156661592959279
-1.53164925455074	0.552638815903533
0.932829613639135	0.244963311679429
1.01921235268527	0.386192849735264
1.05087904792708	0.510183822993794
2.09703789272299	0.940172538936034
0.932444120238111	0.244842742206832
0.655055294702571	0.20808355560833
1.95062146582611	0.454190159391569
0.146346358967967	0.0368510834186678
1.95062146582611	0.454190159391569
1.43463558957201	0.476840630255681
1.9537169353899	0.454657075827859
1.80556115744	0.709204238553249
0.927601018172465	0.243257788968905
0.650444653728205	0.206870989076807
-0.789360513665424	0.349747285437635
0.649897891813891	0.206374526154303
-0.790449505819166	0.349685472605476
0.129250339089754	0.0493813338422963
0.146774179931898	0.0369732700828277
2.74534949223189	0.773319630917041
0.139373629020068	0.0264474830594518
0.140184451576725	0.0265585662587612
1.95135265955319	0.45428366780025
1.43925987176693	0.479237157391687
-0.238535498919549	0.0782368452146959
0.140184451576725	0.0265585662587612
3.25490159683282	1.09988604599349
0.933710809861868	0.244826616527384
1.55316662143204	0.772603111741906
1.02491375229262	0.387610704829903
2.74534949223189	0.773319630917041
1.95135265955319	0.45428366780025
1.95135265955319	0.45428366780025
0.146774179931898	0.0369732700828277
1.01848780387876	0.385379695632112
-0.647852271039411	0.15768507802046
-2.09281896488141	0.966813809104745
0.131592549884353	0.0446096178723685
-0.170657202371693	0.0621653392334387
2.74534949223189	0.773319630917041
0.139373629020068	0.0264474830594518
0.142469531863295	0.0268725113483955
0.138699758667585	0.0263265295910935
0.147211981908801	0.0371529932006973
-0.644770889342653	0.156875139887313
0.13912027261828	0.0264101516649031
3.25676960114744	1.10310692759313
1.95135265955319	0.45428366780025
1.43602101245823	0.478148523404795
-0.648735146604395	0.157899750679971
1.2510477708057	0.690276905484279
0.932829613639135	0.244963311679429
0.93871391671757	0.245790150722076
1.30974779582566	0.574099743860578
0.148123932113398	0.037298775193441
1.95062146582611	0.454190159391569
1.95062146582611	0.454190159391569
1.9537169353899	0.454657075827859
1.95135265955319	0.45428366780025
-0.644388443682788	0.157000626677781
-0.644388443682788	0.157000626677781
-1.80368476738292	0.398254084963023
-1.80368476738292	0.398254084963023
-0.644770889342653	0.156875139887313
0.147649013295955	0.0371443901885897
0.932829613639135	0.244963311679429
0.931565691852841	0.244293555241305
1.95062146582611	0.454190159391569
3.25676960114744	1.10310692759313
0.135538095266814	0.0458551699678765
1.95062146582611	0.454190159391569
1.02201384172153	0.387406801790706
1.95062146582611	0.454190159391569
0.142727172563101	0.0269105320645235
1.95135265955319	0.45428366780025
3.26047275345248	1.10202229496322
1.95135265955319	0.45428366780025
2.7496138177855	0.775189687209382
0.936401569876498	0.245675339056074
1.95135265955319	0.45428366780025
0.928481199205008	0.243805258274956
1.43736854221364	0.477697177929381
1.95135265955319	0.45428366780025
-0.640433285495798	0.155891307450366
0.931950133432299	0.244413497437813
1.95135265955319	0.45428366780025
-1.0403638965725	0.418077260779257
-1.15347733768864	0.353947479713194
3.25490159683282	1.09988604599349
1.80928263677467	0.710925581726897
1.95135265955319	0.45428366780025
1.95135265955319	0.45428366780025
0.136156966750329	0.025975077128062
1.95062146582611	0.454190159391569
-1.807243397525	0.398882182291443
0.140184451576725	0.0265585662587612
0.931565691852841	0.244293555241305
2.74877977095104	0.77489585677119
-1.80379071234984	0.398266610487963
1.95062146582611	0.454190159391569
1.44017683745973	0.479001218015642
2.74617618045436	0.774720201883077
1.43736854221364	0.477697177929381
-2.58453548475525	0.676764203908389
1.95062146582611	0.454190159391569
0.140184451576725	0.0265585662587612
-0.742991962113009	0.25807407437927
0.510875541395758	0.183928738190787
1.80218392775286	0.706553037006594
0.150481785037224	0.0377820806483386
-0.648735146604395	0.157899750679971
2.74617618045436	0.774720201883077
2.74700474235958	0.773735225227364
-0.648735146604395	0.157899750679971
0.139930142590356	0.0265210820862786
1.95135265955319	0.45428366780025
1.95135265955319	0.45428366780025
0.146301463254213	0.0369121679082859
0.139930142590356	0.0265210820862786
2.74700474235958	0.773735225227364
3.2530948013434	1.10108931722157
1.95135265955319	0.45428366780025
0.139373629020068	0.0264474830594518
0.135344827059028	0.0258639507496658
-0.648735146604395	0.157899750679971
0.139930142590356	0.0265210820862786
0.932829613639135	0.244963311679429
0.933710809861868	0.244826616527384
0.139373629020068	0.0264474830594518
0.139930142590356	0.0265210820862786
-1.80379071234984	0.398266610487963
0.936011360767503	0.245553152580958
-0.363664142019236	0.105826742826499
-1.15394884803957	0.353566779644249
3.26047275345248	1.10202229496322
0.651349240994328	0.207129762624853
2.09658939646862	0.939089142469547
0.146737983479964	0.0369987654124611
-1.15439361670696	0.354342573020678
1.43463558957201	0.476840630255681
0.139930142590356	0.0265210820862786
1.95062146582611	0.454190159391569
0.142469531863295	0.0268725113483955
2.74617618045436	0.774720201883077
-1.80379071234984	0.398266610487963
1.43554514923892	0.477898562880183
1.95062146582611	0.454190159391569
0.931950133432299	0.244413497437813
0.146774179931898	0.0369732700828277
2.74617618045436	0.774720201883077
0.650444653728205	0.206870989076807
0.936011360767503	0.245553152580958
1.95135265955319	0.45428366780025
-0.648735146604395	0.157899750679971
0.935126029437946	0.245318397037238
-1.80379071234984	0.398266610487963
2.74617618045436	0.774720201883077
-1.53289908476652	0.552896511345182
-0.738391052425425	0.256391693854344
0.929363107220915	0.243670370746797
-0.746726771319564	0.259871772377509
-0.64834559013069	0.157812973783057
-3.09029030460571	0.960832707527767
0.147649013295955	0.0371443901885897
1.95062146582611	0.454190159391569
0.146737983479964	0.0369987654124611
0.140184451576725	0.0265585662587612
0.139373629020068	0.0264474830594518
1.8098322354038	0.711329755606344
2.74877977095104	0.77489585677119
0.140184451576725	0.0265585662587612
2.74534949223189	0.773319630917041
0.151399210332705	0.0379807126979956
0.932829613639135	0.244963311679429
-0.647461655721112	0.157598110120326
1.95062146582611	0.454190159391569
0.139930142590356	0.0265210820862786
1.95135265955319	0.45428366780025
1.95062146582611	0.454190159391569
-0.362166381635235	0.105626912484328
0.140184451576725	0.0265585662587612
-1.80368476738292	0.398254084963023
-0.742182711888573	0.257807372285815
0.365956886993727	0.163795484319222
0.150443359742849	0.0377633287087368
-0.539276806409919	0.207127681793212
1.95135265955319	0.45428366780025
0.12149447461367	0.0464613350415259
0.139373629020068	0.0264474830594518
-1.83391433948043	0.756511402066625
-0.362710949837822	0.10577213020672
0.140210488911627	0.0417260592948838
0.510580201392862	0.183534349617947
0.650444653728205	0.206870989076807
-0.367012159161167	0.106980484577588
0.140184451576725	0.0265585662587612
0.13912027261828	0.0264101516649031
2.74700474235958	0.773735225227364
-3.09029030460571	0.960832707527767
-0.644006342900786	0.156718049862583
0.146737983479964	0.0369987654124611
-0.368465304895136	0.107151020414935
-1.807243397525	0.398882182291443
0.140184451576725	0.0265585662587612
-1.83391433948043	0.756511402066625
0.932444120238111	0.244842742206832
2.7496138177855	0.775189687209382
1.95135265955319	0.45428366780025
1.02028601783919	0.386776796263063
2.74534949223189	0.773319630917041
1.95135265955319	0.45428366780025
2.74534949223189	0.773319630917041
0.135344827059028	0.0258639507496658
-2.30464412753805	1.18358085404448
0.144241227938778	0.0428872731898325
1.01970949094797	0.387091911393297
1.31439790772862	0.577085966346076
-0.538440187846927	0.206758866526095
-2.58453548475525	0.676764203908389
-0.741276499011426	0.25781621104378
0.150004967546857	0.037720852406733
-1.15019981108223	0.352703694647943
-0.239106827612661	0.0784166702528438
0.13912027261828	0.0264101516649031
-1.15847376642875	0.355686548405735
-1.80368476738292	0.398254084963023
-0.644388443682788	0.157000626677781
0.13912027261828	0.0264101516649031
-0.644006342900786	0.156718049862583
0.932829613639135	0.244963311679429
0.13912027261828	0.0264101516649031
-0.643123124462485	0.156504140249688
1.43693291937878	0.478412112216202
-1.80379071234984	0.398266610487963
0.939107808803008	0.245913360600712
0.139930142590356	0.0265210820862786
0.645241128115201	0.204592987808019
0.510597298786827	0.183459349878206
-1.80368476738292	0.398254084963023
0.933324263209431	0.244705909364566
1.43925987176693	0.479237157391687
0.13912027261828	0.0264101516649031
0.136156966750329	0.025975077128062
0.936011360767503	0.245553152580958
3.62653315041301	1.43316175170825
-1.8359662765192	0.757377146649207
0.806321704852719	0.339346488308648
-0.329971276806879	0.153456960192123
0.424863892598348	0.170611039670474
0.931166434102395	0.244280970808413
-0.114397417474736	0.0461317845792404
1.80928263677467	0.710925581726897
0.139373629020068	0.0264474830594518
-1.80368476738292	0.398254084963023
1.95135265955319	0.45428366780025
0.932829613639135	0.244963311679429
0.931950133432299	0.244413497437813
0.139373629020068	0.0264474830594518
-0.64834559013069	0.157812973783057
0.933710809861868	0.244826616527384
-1.80368476738292	0.398254084963023
0.139373629020068	0.0264474830594518
-0.643506271279338	0.156786530055825
0.936011360767503	0.245553152580958
0.65414904119533	0.208020876626531
0.932829613639135	0.244963311679429
0.150921468814773	0.0379194736694598
-0.35845544263212	0.104471490348146
0.139373629020068	0.0264474830594518
0.139930142590356	0.0265210820862786
0.935515179855096	0.245440180005837
2.74700474235958	0.773735225227364
1.25004520998303	0.686655804077838
0.134848732039709	0.0456117627820755
0.136647163468063	0.0462674600791703
-0.783816093701143	0.346310199197133
-0.235313814779615	0.0770433932106567
1.43925987176693	0.479237157391687
0.810977006379515	0.341224572955702
0.932829613639135	0.244963311679429
0.14311796249796	0.0361933240878638
1.95135265955319	0.45428366780025
-0.362710949837822	0.10577213020672
1.95062146582611	0.454190159391569
0.139373629020068	0.0264474830594518
1.95062146582611	0.454190159391569
0.139930142590356	0.0265210820862786
-0.644770889342653	0.156875139887313
0.148123932113398	0.037298775193441
1.95135265955319	0.45428366780025
0.136156966750329	0.025975077128062
3.2530948013434	1.10108931722157
0.146831091835794	0.0369592007582587
-0.812905455170033	0.449284509756125
0.130876868199433	0.0500409830206624
0.131870569010978	0.0446938595709682
0.515526842938941	0.185438865140755
0.931565691852841	0.244293555241305
0.671876564696196	0.314086428737666
0.932053557222951	0.244515800737602
0.148047531695805	0.0438361046687506
0.139930142590356	0.0265210820862786
0.651706549248349	0.206607040468535
-0.362710949837822	0.10577213020672
0.139373629020068	0.0264474830594518
2.74617618045436	0.774720201883077
-0.643889763897163	0.156661592959279
0.147211981908801	0.0371529932006973
0.936401569876498	0.245675339056074
2.74617618045436	0.774720201883077
-0.366464707125696	0.106727724314083
-2.58843250021574	0.677477739401539
-1.80379071234984	0.398266610487963
-2.58428653566473	0.675727611967995
0.931565691852841	0.244293555241305
1.80646672530512	0.709284888569376
2.74534949223189	0.773319630917041
0.341827453565607	0.171042513560602
2.54729389080162	1.41954849700171
0.139884098064408	0.0416988824150201
-0.413761434958365	0.17508532022509
-1.04698922224577	0.421366979566404
0.65414904119533	0.208020876626531
0.513219052715781	0.184783577478651
0.128350501127829	0.043512403302682
0.143912405765303	0.04271032796887
0.146737983479964	0.0369987654124611
1.01970949094797	0.387091911393297
-0.735157760997472	0.254663419862201
1.43554514923892	0.477898562880183
3.25586177376341	1.1013084673078
3.25676960114744	1.10310692759313
-1.80379071234984	0.398266610487963
1.31497186902393	0.578443560062359
1.43834434492453	0.478363981232013
1.43554514923892	0.477898562880183
-1.15300618747366	0.353816991053109
0.143665287756915	0.0427236629465922
0.139930142590356	0.0265210820862786
0.135344827059028	0.0258639507496658
0.932829613639135	0.244963311679429
0.649897891813891	0.206374526154303
2.74700474235958	0.773735225227364
-1.53273207896643	0.55406409993797
2.74617618045436	0.774720201883077
0.142469531863295	0.0268725113483955
0.139930142590356	0.0265210820862786
0.653242855413462	0.207522075223881
1.02317008310264	0.387996770477132
0.931565691852841	0.244293555241305
1.80737235786488	0.708547533080483
0.132055846316588	0.0447762654002208
-0.167480401240338	0.060980256624027
1.55151471686537	0.771593003677496
1.43645613213741	0.478161609320723
1.01970949094797	0.387091911393297
2.74534949223189	0.773319630917041
0.139369721109985	0.0415084196349322
0.80661030139522	0.340174283092776
-0.238920608592102	0.0782667689841429
2.10142264111892	0.943067738907912
1.43645613213741	0.478161609320723
1.02226842375779	0.387145037531902
0.148598486564552	0.0373599031239063
1.80746835953378	0.709202041495987
1.01881061691072	0.386619941894425
0.931565691852841	0.244293555241305
-1.15300618747366	0.353816991053109
0.139373629020068	0.0264474830594518
-1.15300618747366	0.353816991053109
-0.35900113863639	0.104616647983879
1.44207806938141	0.479000178026844
0.509730325059622	0.183209946756868
1.95135265955319	0.45428366780025
0.511447846039878	0.183898335950935
0.424609350616232	0.170668515007686
0.1413598194657	0.0421025960431846
-3.09029030460571	0.960832707527767
-0.546635298166547	0.209609153419195
-1.807243397525	0.398882182291443
3.25399732634696	1.10138712863889
0.142206421270329	0.0359541333965371
-0.643123124462485	0.156504140249688
1.01733621069892	0.384794828984133
1.0195371096822	0.38582119059101
0.12406017577192	0.0532801367426926
0.135679858700265	0.071507574193623
1.76034694881533	0.987694641338307
1.43736854221364	0.477697177929381
0.13912027261828	0.0264101516649031
0.143337222216575	0.0426016228100372
0.932829613639135	0.244963311679429
-0.174576853528945	0.0634173131670427
0.52672626646143	0.303707426959654
0.127404599016016	0.0486879770090128
0.132417308884049	0.0696781035421786
0.425961192082242	0.171382412553361
0.429143095745792	0.308800068946046
2.0967159187814	0.940286941886901
-1.11646884502579	0.774310764662087
-0.974265108433063	0.605982344749949
0.521398703422547	0.300058571133355
1.09761418144097	0.980762420184127
0.872953450948461	0.887445122446918
0.165275644966849	0.112739333483824
1.60033588297308	1.11748095714443
-0.120476912915537	0.072169025736274
-0.599898023246869	0.445599304270153
0.899402950238854	0.781410282143169
-0.673968794025049	0.404650266583998
0.581969310447795	0.302983355056771
-0.109054483094223	0.0438147919581893
-0.325797667661219	0.151660824849553
-0.0826508289649376	0.0366176516110638
-1.34776444927957	0.85447733162647
-2.29985279094791	1.179082966891
0.526248110657062	0.303103141893306
-0.81519049609771	0.63772027122937
-0.699098384599718	0.49912205824824
0.675342626755929	0.31601997026286
0.510303034449659	0.183694667904733
1.55725919812634	0.776293467065032
0.148598486564552	0.0373599031239063
-0.741848012858367	0.258096023054699
-0.743262218330639	0.25823540605921
1.9537169353899	0.454657075827859
0.653601146228235	0.207521943701603
0.806045844413056	0.339866638922853
0.368880308646119	0.165439335412938
-0.362166381635235	0.105626912484328
1.01434604122159	0.959461971515435
-0.0833281245430227	0.0369538792562086
0.12684271834842	0.0485397725759886
0.805481233097541	0.339051452837185
0.933324263209431	0.244705909364566
4.16720668744855	2.00696583735496
-0.643123124462485	0.156504140249688
-3.08953695583634	0.959084825597379
0.935515179855096	0.245440180005837
0.690815635311797	0.451539870404234
1.55612733581797	0.775358257473659
0.134672383551299	0.0401871605730982
-0.0569029630276066	0.0272871922729571
1.76539396934055	0.992170814016704
-0.115191383174165	0.0464576903941925
0.524287428057032	0.301844309721881
-0.160606318496032	0.0585053816652521
0.12700523353947	0.0544603295988651
-0.168074397032081	0.0612163017428414
1.76167794936984	0.990257765141138
0.347911201573297	0.174358951820564
0.769776501671848	0.45734876231091
0.293775800202604	0.175645323013853
0.325546670474567	0.179974607541618
-0.0518712368881131	0.0249649060118607
0.76834868992731	0.458017918262384
0.131520310831589	0.0629233858438764
-1.05271012413604	0.424128793776784
-0.024772136013758	0.0126846135069378
0.976154233827312	0.794467389111763
-1.01807879258732	0.511631393765845
1.2550848070177	0.693178123428776
1.0503161497313	0.509082969064319
0.511170021003071	0.183944282461123
0.802584969004989	0.337412275736925
2.7496138177855	0.775189687209382
-0.605583981618737	0.452423868007403
-1.86108918104676	1.18782867718156
-0.678161446404926	0.407694869699809
-0.788370303416665	0.349083376814077
-0.234829575212863	0.0770304092976012
0.650991162239829	0.206772040177897
-1.04359703690809	0.420463940972424
-2.48679222239893	1.40905100480134
0.13912027261828	0.0264101516649031
0.138699758667585	0.0263265295910935
0.150921468814773	0.0379194736694598
0.139930142590356	0.0265210820862786
0.147211981908801	0.0371529932006973
-0.414050165073049	0.291132229552485
-0.16264728859867	0.0936365618149416
0.772589862383645	0.46085706692606
-1.34620527607298	0.851308682532149
-0.0271543413348513	0.0138937464688908
0.124996977364053	0.06559475344326
0.132620364305083	0.0449502398034842
1.31732394649098	0.577596717444378
0.148123932113398	0.037298775193441
-1.15803450000539	0.355059130854004
1.02060878637423	0.387301323550052
0.521019595993752	0.298404540335428
-0.123268639679827	0.0496614187106757
0.651896042016441	0.207030647505349
-0.0802009923465377	0.0354952431975529
0.123113728309991	0.0471196042066694
0.128294734379978	0.0614378853699577
-0.233387135509462	0.0765198473617531
-0.823013007353879	0.553077496434102
-0.123946326875393	0.074448770202216
-0.134517746642496	0.0808865721973378
-2.13765839882964	1.65997484681246
-0.424447107055934	0.2433303241555
-0.364212438746839	0.106078206157018
-0.288918070895006	0.243188637659271
-0.296134820242562	0.189674335328899
0.294044821961336	0.189895582700064
0.157841929471783	0.134529054901138
0.641682551427104	0.454432695246266
0.29274657016238	0.188120300684451
-0.354416822910575	0.256830742493521
1.8778462780427	1.6081298476013
1.44875688453075	0.900570281826941
0.139387708993493	0.0734396017215325
-0.907023117370825	0.852629233296918
0.368596073882526	0.165384111372272
1.05969716488362	0.645270028288146
-0.0222309789564613	0.0114395430213287
0.136072505841479	0.0717615816627767
-1.83277758245026	0.754444070298794
-1.15486421229877	0.353960755591684
1.04027413335231	0.503591756690813
1.56049326653269	0.778383401013812
0.139930142590356	0.0265210820862786
1.95135265955319	0.45428366780025
-0.787293285225393	0.347830224203347
1.31118731400187	0.576162678907346
-0.535916804994529	0.20506865411345
0.150921468814773	0.0379194736694598
-1.04729435938822	0.422179438065331
0.137491058495855	0.0464919533469216
0.932829613639135	0.244963311679429
1.31962651355507	0.579182253156176
0.797468141763966	0.335094894845618
1.04928845669154	0.510185199589409
0.656410427642551	0.207912878138105
0.936011360767503	0.245553152580958
0.65074859981898	0.206366756402058
0.804503833721828	0.338780381862777
0.141686950510094	0.0421288595298015
1.31205222453913	0.576575770191727
0.142206421270329	0.0359541333965371
0.142836544444112	0.0424005568045196
-0.239678349640492	0.0785174602984043
-3.46584456958788	1.25353297605489
-1.0424602576406	0.419767093556931
-2.58817701744193	0.677412741892899
0.139373629020068	0.0264474830594518
0.803676101253231	0.338560822354516
0.136149693891106	0.0406054953419776
0.510668821075204	0.183517588552839
0.140184451576725	0.0265585662587612
-1.15799700419576	0.355156175000868
0.142469531863295	0.0268725113483955
1.95062146582611	0.454190159391569
0.936401569876498	0.245675339056074
0.932444120238111	0.244842742206832
0.145828384011954	0.0367587486446884
0.932444120238111	0.244842742206832
1.95062146582611	0.454190159391569
0.511170021003071	0.183944282461123
1.81120016539257	0.709851988767397
1.31118731400187	0.576162678907346
1.43459253919629	0.891812920780691
0.141726775817505	0.0358473898154438
0.130086183242594	0.0497328022504383
0.935126029437946	0.245318397037238
-1.01055997757858	0.508492744744157
0.808289692790784	0.340445735353542
1.04824356325141	0.508521905318841
2.72320518691971	1.67385003611178
1.31118731400187	0.576162678907346
3.25399732634696	1.10138712863889
1.31205222453913	0.576575770191727
0.932444120238111	0.244842742206832
-1.80379071234984	0.398266610487963
0.653601146228235	0.207521943701603
-1.29528558671579	0.591726701535928
-0.35900113863639	0.104616647983879
-0.123774166039407	0.0498612949473713
0.504293805962934	0.181091765107361
2.09871193814529	0.940312204895224
0.931166434102395	0.244280970808413
0.147211981908801	0.0371529932006973
4.1634670213696	2.00163663431657
0.136156966750329	0.025975077128062
-1.50565668230454	0.773683960093725
0.142727172563101	0.0269105320645235
0.932829613639135	0.244963311679429
3.25399732634696	1.10138712863889
0.142727172563101	0.0269105320645235
0.147685616873541	0.0372140815523598
2.74617618045436	0.774720201883077
-0.640820070260403	0.156173374069777
1.95062146582611	0.454190159391569
0.139373629020068	0.0264474830594518
0.142469531863295	0.0268725113483955
0.139373629020068	0.0264474830594518
0.140184451576725	0.0265585662587612
1.80837546568447	0.710560744847372
1.21543367560741	1.0169692619824
0.127404599016016	0.0486879770090128
0.870988680150273	0.466026874839983
0.12700523353947	0.0544603295988651
0.669203698295707	0.312886079456326
0.345994178544899	0.173166246103006
0.13345272036125	0.0452283641533281
1.55191461761552	0.772830828457177
1.2550848070177	0.693178123428776
-0.363619197342818	0.105894774191241
0.936401569876498	0.245675339056074
0.935126029437946	0.245318397037238
0.933324263209431	0.244705909364566
0.796920012322751	0.334249998240715
-1.15347733768864	0.353947479713194
0.931950133432299	0.244413497437813
1.95135265955319	0.45428366780025
-1.80379071234984	0.398266610487963
2.10051794173385	0.942924711508684
0.146737983479964	0.0369987654124611
1.04502186505443	0.507130780035814
0.141111686058764	0.0419151383415947
0.139373629020068	0.0264474830594518
0.139373629020068	0.0264474830594518
1.43602101245823	0.478148523404795
-1.807243397525	0.398882182291443
-2.58428653566473	0.675727611967995
1.95135265955319	0.45428366780025
0.932829613639135	0.244963311679429
1.95135265955319	0.45428366780025
1.95135265955319	0.45428366780025
1.95135265955319	0.45428366780025
1.95062146582611	0.454190159391569
0.932829613639135	0.244963311679429
-0.366464707125696	0.106727724314083
0.932829613639135	0.244963311679429
0.651896042016441	0.207030647505349
0.652253897170883	0.207102973093912
1.95135265955319	0.45428366780025
1.80646672530512	0.709284888569376
0.52543680880182	0.302548653932377
0.578708610292141	0.300489691313762
1.80646672530512	0.709284888569376
1.25318633412264	0.68942663980602
-0.172006496439189	0.0626524689585257
-0.643506271279338	0.156786530055825
0.649897891813891	0.206374526154303
0.148123932113398	0.037298775193441
-0.741848012858367	0.258096023054699
-1.53554019388682	0.554309681981325
0.147211981908801	0.0371529932006973
-0.643123124462485	0.156504140249688
0.936401569876498	0.245675339056074
-2.58843250021574	0.677477739401539
-3.08991345953591	0.960747174631736
2.7496138177855	0.775189687209382
-1.80368476738292	0.398254084963023
3.25586177376341	1.1013084673078
0.649540136788795	0.206300566749324
0.651349240994328	0.207129762624853
0.929363107220915	0.243670370746797
-1.15300618747366	0.353816991053109
-0.643506271279338	0.156786530055825
3.25955780844985	1.10146325935908
0.140184451576725	0.0265585662587612
-2.58843250021574	0.677477739401539
1.95135265955319	0.45428366780025
1.95135265955319	0.45428366780025
2.74617618045436	0.774720201883077
0.932444120238111	0.244842742206832
-0.644388443682788	0.157000626677781
0.148123932113398	0.037298775193441
-1.5318146928413	0.553494474919415
0.13912027261828	0.0264101516649031
0.931565691852841	0.244293555241305
0.140210488911627	0.0417260592948838
0.650444653728205	0.206870989076807
0.138791573856085	0.0413094962520647
1.55501737702822	0.775774035017368
0.141726775817505	0.0358473898154438
-0.238048417060954	0.0780891030505443
3.62653315041301	1.43316175170825
-1.80368476738292	0.398254084963023
-1.15347733768864	0.353947479713194
0.150921468814773	0.0379194736694598
0.148123932113398	0.037298775193441
0.148123932113398	0.037298775193441
0.142469531863295	0.0268725113483955
0.140184451576725	0.0265585662587612
0.932829613639135	0.244963311679429
0.935515179855096	0.245440180005837
0.649844875202924	0.206303215221175
0.150004967546857	0.037720852406733
0.140458165206262	0.0418615852654621
0.510007909511423	0.183564268952108
0.136156966750329	0.025975077128062
0.932829613639135	0.244963311679429
2.74700474235958	0.773735225227364
0.932444120238111	0.244842742206832
-2.58843250021574	0.677477739401539
2.74617618045436	0.774720201883077
1.95062146582611	0.454190159391569
-0.643506271279338	0.156786530055825
1.95062146582611	0.454190159391569
-0.644388443682788	0.157000626677781
0.139373629020068	0.0264474830594518
1.95135265955319	0.45428366780025
0.933710809861868	0.244826616527384
0.140184451576725	0.0265585662587612
-1.80368476738292	0.398254084963023
-2.58453548475525	0.676764203908389
-3.46538037258837	1.25291021678476
0.139373629020068	0.0264474830594518
1.95135265955319	0.45428366780025
0.139884098064408	0.0416988824150201
0.139930142590356	0.0265210820862786
0.142761726532005	0.0424383939640617
1.06584138747854	0.652359798250847
1.23230741342149	0.851149257020452
0.125541488754479	0.0538572524062044
0.506024897221242	0.182012241745483
-0.177007790049868	0.0643755652653329
1.43554514923892	0.477898562880183
0.932053557222951	0.244515800737602
0.932444120238111	0.244842742206832
0.931565691852841	0.244293555241305
0.649844875202924	0.206303215221175
0.135396832233716	0.0457734074737837
0.148123932113398	0.037298775193441
-0.644388443682788	0.157000626677781
-0.647461655721112	0.157598110120326
1.95135265955319	0.45428366780025
0.140184451576725	0.0265585662587612
3.25399732634696	1.10138712863889
0.140785309842846	0.0419396944428236
0.141726775817505	0.0358473898154438
-0.643506271279338	0.156786530055825
1.95062146582611	0.454190159391569
2.74700474235958	0.773735225227364
0.139930142590356	0.0265210820862786
0.140184451576725	0.0265585662587612
-1.80368476738292	0.398254084963023
-1.80368476738292	0.398254084963023
1.95135265955319	0.45428366780025
1.95062146582611	0.454190159391569
-0.648735146604395	0.157899750679971
-0.643506271279338	0.156786530055825
-0.640433285495798	0.155891307450366
-0.647461655721112	0.157598110120326
0.932053557222951	0.244515800737602
0.147211981908801	0.0371529932006973
0.13912027261828	0.0264101516649031
1.95135265955319	0.45428366780025
0.140184451576725	0.0265585662587612
1.43602101245823	0.478148523404795
0.142727172563101	0.0269105320645235
3.2530948013434	1.10108931722157
-2.58453548475525	0.676764203908389
0.148607011712074	0.0905763354371565
0.877531662887662	0.47087912129856
-1.29231840462832	0.589747004566986
0.13552144005285	0.0458286652528921
0.676910781112861	0.316879457877734
0.148598486564552	0.0373599031239063
2.34523466952963	1.17870559726907
1.02730987438223	0.389285349271904
-0.236036093012264	0.0773277810609913
-0.543951619434175	0.208833717025581
0.134672383551299	0.0401871605730982
0.928481199205008	0.243805258274956
0.64559347674232	0.204972394147955
-1.5375444255416	0.556007810250909
1.43511052997664	0.477089390053173
2.74617618045436	0.774720201883077
1.02730987438223	0.389285349271904
1.02640136155337	0.389250316085842
0.143665287756915	0.0427236629465922
0.137882546354006	0.0410247735746319
0.655055294702571	0.20808355560833
0.932829613639135	0.244963311679429
-1.80379071234984	0.398266610487963
0.932829613639135	0.244963311679429
-0.643889763897163	0.156661592959279
0.139373629020068	0.0264474830594518
-1.80368476738292	0.398254084963023
-1.15392338036234	0.354212278509058
0.936401569876498	0.245675339056074
0.139373629020068	0.0264474830594518
0.935126029437946	0.245318397037238
0.931565691852841	0.244293555241305
0.936011360767503	0.245553152580958
1.95135265955319	0.45428366780025
2.74877977095104	0.77489585677119
0.140184451576725	0.0265585662587612
1.9537169353899	0.454657075827859
1.95135265955319	0.45428366780025
0.139373629020068	0.0264474830594518
-1.80379071234984	0.398266610487963
0.650444653728205	0.206870989076807
1.43237272946104	0.476285559011928
0.373129160958494	0.167180597765499
0.932444120238111	0.244842742206832
0.138699758667585	0.0263265295910935
-0.740941800230378	0.257318537190623
0.146774179931898	0.0369732700828277
-1.15895089420025	0.355454865791994
0.139556940401302	0.0415648034416572
0.428884876273104	0.172685936510533
0.376161795930662	0.169144742488819
1.31497186902393	0.578443560062359
0.585062422322912	0.304465534430804
0.373698863825173	0.167750290071269
1.02208591974079	0.38678483133196
0.673718391373836	0.315696987017925
-0.648735146604395	0.157899750679971
-0.745246297326046	0.258886832464192
0.651896042016441	0.207030647505349
-1.80368476738292	0.398254084963023
-1.0449372111498	0.420548668733196
-0.53973627715052	0.207373309478453
-1.53273207896643	0.55406409993797
0.140184451576725	0.0265585662587612
1.9537169353899	0.454657075827859
0.931950133432299	0.244413497437813
2.74617618045436	0.774720201883077
1.43973986105876	0.479489791047764
1.95135265955319	0.45428366780025
0.808014555014014	0.340242153110097
3.25767918892079	1.1021663566718
-0.643506271279338	0.156786530055825
-1.80379071234984	0.398266610487963
-1.80368476738292	0.398254084963023
0.142469531863295	0.0268725113483955
-1.80368476738292	0.398254084963023
-0.363619197342818	0.105894774191241
-0.363619197342818	0.105894774191241
1.95062146582611	0.454190159391569
1.95062146582611	0.454190159391569
0.139373629020068	0.0264474830594518
-1.80368476738292	0.398254084963023
0.136156966750329	0.025975077128062
0.13912027261828	0.0264101516649031
1.95062146582611	0.454190159391569
0.142727172563101	0.0269105320645235
1.95062146582611	0.454190159391569
1.9537169353899	0.454657075827859
1.95062146582611	0.454190159391569
0.935515179855096	0.245440180005837
3.25219401652934	1.09882975306147
2.75223851146771	0.774442567945191
0.145828384011954	0.0367587486446884
-1.15345350292765	0.353548980162923
0.147211981908801	0.0371529932006973
0.139373629020068	0.0264474830594518
-0.0794596675155272	0.0352285202320984
0.131666765306145	0.0503231715267364
0.674245853668489	0.315896632523772
0.429685760035668	0.173072121254546
0.132702580976407	0.0569116823287267
0.680249628830889	0.440211243396327
0.803937433966823	0.338472481863912
1.55234099320278	0.77224776836491
0.512609627498565	0.184247131053675
1.01572390709762	0.384555884138452
0.131596687374881	0.0392828969566221
1.80429809838357	0.707492948913978
1.80837546568447	0.710560744847372
0.148623873461255	0.0439438946495961
0.128629618148228	0.0436530854985291
-0.364760989388525	0.106129027528873
1.0514131501065	0.510674081850787
1.01938669987078	0.386305411802006
1.80375022148517	0.707092166054158
0.931950133432299	0.244413497437813
-0.41081226088766	0.173851415262344
0.650444653728205	0.206870989076807
0.651349240994328	0.207129762624853
3.62849380145916	1.43519617024906
0.510303034449659	0.183694667904733
0.510875541395758	0.183928738190787
1.30925947150867	0.574216413367679
0.136471442907569	0.0407207925774643
0.146737983479964	0.0369987654124611
-0.359911076994201	0.104872867536805
1.95062146582611	0.454190159391569
1.31155757880574	0.575397722991523
-3.76450171843679	1.51272854782687
0.150921468814773	0.0379194736694598
0.135344827059028	0.0258639507496658
-1.1547506215075	0.354173653078364
1.9537169353899	0.454657075827859
-1.15347733768864	0.353947479713194
0.146774179931898	0.0369732700828277
1.95135265955319	0.45428366780025
2.7496138177855	0.775189687209382
1.8046556556941	0.70860181691833
3.2530948013434	1.10108931722157
0.147211981908801	0.0371529932006973
-0.640820070260403	0.156173374069777
0.936011360767503	0.245553152580958
1.9537169353899	0.454657075827859
0.139930142590356	0.0265210820862786
0.136156966750329	0.025975077128062
0.151399210332705	0.0379807126979956
0.139373629020068	0.0264474830594518
0.931565691852841	0.244293555241305
1.9537169353899	0.454657075827859
-0.643506271279338	0.156786530055825
0.139373629020068	0.0264474830594518
0.936011360767503	0.245553152580958
3.25219401652934	1.09882975306147
0.933324263209431	0.244705909364566
-0.644388443682788	0.157000626677781
0.147685616873541	0.0372140815523598
2.74617618045436	0.774720201883077
0.140184451576725	0.0265585662587612
-0.644770889342653	0.156875139887313
1.02349375759299	0.388665902021623
0.368596073882526	0.165384111372272
-4.41028753520901	2.27310501154596
0.140176586815333	0.0473370975808659
-0.3252019342678	0.151330883003157
4.55307453647842	2.57248084555003
1.05166013152136	0.51091249197187
-0.53917516246793	0.207092528951807
-2.30464412753805	1.18358085404448
1.94241834031554	1.21580992238539
0.670780204362144	0.313732636016028
2.10435250286334	0.943273587622899
0.422565108326337	0.169882850838849
0.128629618148228	0.0436530854985291
0.132433406062052	0.0448790682365348
0.667840762835333	0.312078501497872
1.04582003072606	0.507497265174686
1.43834434492453	0.478363981232013
4.16138462109116	2.00238958514433
0.134869413308307	0.0514538660077764
-4.41139233225887	2.2753006202608
-1.5318146928413	0.553494474919415
-0.165592014214102	0.0602587133019824
-1.15300618747366	0.353816991053109
1.4406577565604	0.479253975897627
0.13912027261828	0.0264101516649031
0.67346002449245	0.315470259796261
0.650802186307997	0.206632813066924
0.649897891813891	0.206374526154303
0.143665287756915	0.0427236629465922
1.31291742676874	0.576696640316621
0.670521006679873	0.313565928273777
0.146737983479964	0.0369987654124611
-0.641207204081918	0.156050090719873
-1.15345350292765	0.353548980162923
0.65414904119533	0.208020876626531
2.74700474235958	0.773735225227364
-1.80368476738292	0.398254084963023
-1.80379071234984	0.398266610487963
1.01970949094797	0.387091911393297
1.02028601783919	0.386776796263063
-3.76450171843679	1.51272854782687
0.147211981908801	0.0371529932006973
1.95062146582611	0.454190159391569
1.31118731400187	0.576162678907346
0.140210488911627	0.0417260592948838
0.931565691852841	0.244293555241305
-2.58817701744193	0.677412741892899
-2.58428653566473	0.675727611967995
-3.08953695583634	0.959084825597379
0.140184451576725	0.0265585662587612
0.135344827059028	0.0258639507496658
2.74617618045436	0.774720201883077
0.139373629020068	0.0264474830594518
0.139930142590356	0.0265210820862786
1.95062146582611	0.454190159391569
1.43602101245823	0.478148523404795
1.95135265955319	0.45428366780025
0.655055294702571	0.20808355560833
1.43237272946104	0.476285559011928
1.01913264922984	0.38618919405726
0.93871391671757	0.245790150722076
1.9537169353899	0.454657075827859
1.95135265955319	0.45428366780025
1.80037781238315	0.705873091583144
-2.58843250021574	0.677477739401539
0.64559347674232	0.204972394147955
-3.09408861819707	0.962829753125291
1.06423307212246	0.651266790477796
1.25664969996917	0.694322095482239
-1.0441657216201	0.420510686701662
0.129512755784944	0.0494264527007234
0.67743714985615	0.317296965495858
0.12463831222282	0.0535028527137171
1.22867573902931	0.847859591846366
1.43784625468668	0.477947615428851
-0.168280676624519	0.0613309275118674
-0.418836909369002	0.177528026956452
0.766661664982147	0.600954208275826
0.375590544953868	0.168712643979972
0.127404599016016	0.0486879770090128
0.68820751151638	0.448132235193706
0.882073173610616	0.474794386552053
0.348710142838049	0.174758201426383
0.648390697278338	0.205622460530046
2.0038700896476	1.88522306664292
-1.51118867054998	0.779819847007487
-1.00253996429338	0.504337690350287
1.02201384172153	0.387406801790706
0.480872843631588	0.301708403932629
0.51174254082849	0.184178364192085
-1.80368476738292	0.398254084963023
2.74617618045436	0.774720201883077
0.931950133432299	0.244413497437813
1.43645613213741	0.478161609320723
0.136159727790255	0.0583444895793163
0.676313086541191	0.316109956545294
-0.247180437251904	0.0809195562765353
0.932444120238111	0.244842742206832
0.139373629020068	0.0264474830594518
-0.172006496439189	0.0626524689585257
1.01630401569638	0.384821506664436
0.139930142590356	0.0265210820862786
0.140184451576725	0.0265585662587612
-2.58428653566473	0.675727611967995
-2.58428653566473	0.675727611967995
-1.15253539705602	0.353154418604941
-1.15755644738434	0.355289941594665
0.649897891813891	0.206374526154303
0.935515179855096	0.245440180005837
-0.643506271279338	0.156786530055825
-1.80368476738292	0.398254084963023
1.95062146582611	0.454190159391569
3.25676960114744	1.10310692759313
-1.53164925455074	0.552638815903533
0.935515179855096	0.245440180005837
1.95062146582611	0.454190159391569
2.74877977095104	0.77489585677119
-0.362530893266771	0.105463937638037
1.76112706971004	0.987826929277576
2.74534949223189	0.773319630917041
0.139373629020068	0.0264474830594518
2.74617618045436	0.774720201883077
1.95062146582611	0.454190159391569
2.74700474235958	0.773735225227364
3.25586177376341	1.1013084673078
2.74534949223189	0.773319630917041
1.95135265955319	0.45428366780025
1.95062146582611	0.454190159391569
0.654507105141339	0.207585170258097
-0.644388443682788	0.157000626677781
-2.58453548475525	0.676764203908389
0.807725583079554	0.340138610659652
-0.745246297326046	0.258886832464192
1.43925987176693	0.479237157391687
0.933324263209431	0.244705909364566
1.80319051359514	0.706471839910208
-0.537315035936971	0.206219810031048
0.126346136685917	0.0482983004587781
0.653242855413462	0.207522075223881
1.31291742676874	0.576696640316621
0.801452247780404	0.337326448224681
0.140184451576725	0.0265585662587612
-1.29568541536128	0.591433251049913
-0.36234773438668	0.105369001563162
0.653601146228235	0.207521943701603
0.651896042016441	0.207030647505349
-0.640820070260403	0.156173374069777
1.01823421957205	0.385718705291343
0.417834759836567	0.167613298310707
-0.537315035936971	0.206219810031048
1.25136235077007	0.689385845375163
1.31234319771337	0.575344807364201
0.513514928417607	0.184609017201606
1.02201384172153	0.387406801790706
1.43736854221364	0.477697177929381
0.138699758667585	0.0263265295910935
0.135805977315208	0.045997318265274
0.140184451576725	0.0265585662587612
2.7496138177855	0.775189687209382
1.80218392775286	0.706553037006594
2.74534949223189	0.773319630917041
-0.35509650144986	0.103203233283959
0.146737983479964	0.0369987654124611
-1.50852212142174	0.776732572721054
0.147211981908801	0.0371529932006973
-0.243192926623713	0.0796302555049372
2.74617618045436	0.774720201883077
1.02788817722787	0.388969986257071
0.656959166697518	0.208411137309888
1.43693291937878	0.478412112216202
0.653242855413462	0.207522075223881
2.7496138177855	0.775189687209382
0.653560202180436	0.206996620265979
0.128065802893217	0.0434680575192894
0.133719957549112	0.0453066786126365
1.43693291937878	0.478412112216202
0.136156966750329	0.025975077128062
-0.640433285495798	0.155891307450366
-0.362530893266771	0.105463937638037
-1.83539757756382	0.75750800966345
0.14311796249796	0.0361933240878638
0.933710809861868	0.244826616527384
-1.53645538754434	0.554877978644979
-0.747055356811924	0.259655588067032
-0.36125776400353	0.10521302829144
0.142727172563101	0.0269105320645235
-2.58453548475525	0.676764203908389
-0.746151045211633	0.259667037559905
0.140184451576725	0.0265585662587612
0.140184451576725	0.0265585662587612
-0.643123124462485	0.156504140249688
3.25219401652934	1.09882975306147
-2.58843250021574	0.677477739401539
0.140184451576725	0.0265585662587612
1.43882340562666	0.478615560848155
1.95062146582611	0.454190159391569
0.931950133432299	0.244413497437813
0.936401569876498	0.245675339056074
3.25767918892079	1.1021663566718
2.74700474235958	0.773735225227364
-1.80368476738292	0.398254084963023
0.150443359742849	0.0377633287087368
0.428337085783734	0.17238502095994
2.74534949223189	0.773319630917041
0.130304023458337	0.0497578171777221
0.140457390750665	0.0474017564571443
-1.80368476738292	0.398254084963023
-0.166720587533231	0.0607503375240969
0.672932319558158	0.315270459352306
0.140458165206262	0.0418615852654621
0.147685616873541	0.0372140815523598
-0.362710949837822	0.10577213020672
-1.15347733768864	0.353947479713194
1.55597194320139	0.772906540037351
0.144569280114635	0.042929282273931
-0.237747525916144	0.077958682705542
0.933324263209431	0.244705909364566
-0.538440187846927	0.206758866526095
1.8046556556941	0.70860181691833
3.62653315041301	1.43316175170825
0.371606476441863	0.16672745564024
-1.5375444255416	0.556007810250909
1.55400189613763	0.772629072101019
-0.234259276164921	0.0768738569502217
0.126873713953215	0.0484980742887475
1.31147797650061	0.575223127248405
0.137491058495855	0.0464919533469216
1.01970949094797	0.387091911393297
-1.51173197464431	0.780308699730874
-0.236876597981329	0.0775723615768606
0.513514928417607	0.184609017201606
-1.15019981108223	0.352703694647943
-2.58453548475525	0.676764203908389
1.43146070068228	0.47602253118107
0.651349240994328	0.207129762624853
1.02259212061632	0.388312776500153
0.134094522270005	0.0399902070661405
0.130876868199433	0.0500409830206624
0.669151543748022	0.313192415379282
-1.15803450000539	0.355059130854004
1.80701548129766	0.709687594083792
1.02349375759299	0.388665902021623
1.05166013152136	0.51091249197187
1.25932812295724	0.695796600619346
1.43693291937878	0.478412112216202
1.43510092202551	0.893534722107681
-0.411606579711645	0.174215663689476
-1.53327386150544	0.554071585244721
-0.362710949837822	0.10577213020672
-0.64834559013069	0.157812973783057
-1.53755404046157	0.554088122509819
-0.640433285495798	0.155891307450366
0.650991162239829	0.206772040177897
-0.236606371241214	0.0776017669502627
1.43554514923892	0.477898562880183
-1.15392338036234	0.354212278509058
0.506024897221242	0.182012241745483
-3.09447285673231	0.961828946915894
0.142261903209059	0.0422917434711763
0.148123932113398	0.037298775193441
-2.58428653566473	0.675727611967995
-1.0441657216201	0.420510686701662
0.140458165206262	0.0418615852654621
-1.52899469498403	0.551909382987037
0.513791165711859	0.185017905562863
1.2558676521381	0.693882064620264
0.135805977315208	0.045997318265274
-0.236036093012264	0.0773277810609913
0.65414904119533	0.208020876626531
1.31012134843669	0.574818428531195
2.55083408135923	1.42124747789109
-0.640820070260403	0.156173374069777
1.43602101245823	0.478148523404795
-0.359911076994201	0.104872867536805
0.135538095266814	0.0458551699678765
-3.09408861819707	0.962829753125291
0.138319588463774	0.0410204891001678
-0.237779905435115	0.0777921527193649
0.650444653728205	0.206870989076807
1.80837546568447	0.710560744847372
1.43146070068228	0.47602253118107
2.74877977095104	0.77489585677119
2.74617618045436	0.774720201883077
1.95062146582611	0.454190159391569
0.93871391671757	0.245790150722076
-0.367370736590504	0.106848889573284
-3.46584456958788	1.25353297605489
0.933324263209431	0.244705909364566
-2.58428653566473	0.675727611967995
1.80556115744	0.709204238553249
-1.15847376642875	0.355686548405735
-1.35147937653146	0.85910561299321
-1.29910988710549	0.594809212556218
0.147685616873541	0.0372140815523598
0.132590428419856	0.0448689729669788
0.147211981908801	0.0371529932006973
3.62653315041301	1.43316175170825
1.95135265955319	0.45428366780025
1.310612918568	0.574810701056327
-0.164339324198145	0.0599109386152847
1.43328619377867	0.475825500287185
0.123640608666328	0.0473064541364208
1.02381664464771	0.387649015457202
1.55234099320278	0.77224776836491
0.931565691852841	0.244293555241305
1.01830704707751	0.385838023767281
1.04002906383149	0.503996705620562
-3.7650365789172	1.51294271983965
-0.792553264813643	0.351420601868644
0.508648817829669	0.18261000234337
0.80406788813038	0.337945464900248
0.139373629020068	0.0264474830594518
-0.17226279513517	0.0627452428304373
-0.54691608429449	0.210052738102582
0.135344827059028	0.0258639507496658
0.146301463254213	0.0369121679082859
0.13345272036125	0.0452283641533281
1.02259212061632	0.388312776500153
0.651349240994328	0.207129762624853
1.76700786850707	0.992927799649198
2.10051794173385	0.942924711508684
1.8046556556941	0.70860181691833
1.01913264922984	0.38618919405726
1.31098259018576	0.575061904640739
0.14311796249796	0.0361933240878638
3.25490159683282	1.09988604599349
1.30634143324578	0.572549276189887
0.583859004810808	0.303363846046757
0.509231731203745	0.182998706753304
0.425706706311112	0.171161852825946
1.01823421957205	0.385718705291343
0.425961192082242	0.171382412553361
0.651349240994328	0.207129762624853
-3.09408861819707	0.962829753125291
-1.70948037889702	0.981099081809047
0.150004967546857	0.037720852406733
-3.08991345953591	0.960747174631736
-1.29512448214983	0.591490771636577
0.133995379685463	0.0705262896684815
1.02697965062158	0.388934365978234
-0.233689169788626	0.076674255613353
1.43554514923892	0.477898562880183
-1.80368476738292	0.398254084963023
-0.539839679278571	0.207260587364668
0.135571700409456	0.0404808758649131
0.792145948552028	0.331531733820212
0.147211981908801	0.0371529932006973
0.145721737644136	0.0432014390679942
-0.742419833798786	0.258214778445979
0.8043531492809	0.336843020098174
0.142727172563101	0.0269105320645235
0.649294064553561	0.206116617727131
-1.80368476738292	0.398254084963023
-1.80379071234984	0.398266610487963
1.9537169353899	0.454657075827859
1.31205222453913	0.576575770191727
0.144241227938778	0.0428872731898325
-0.364163724519504	0.105904858966181
-0.241156977507758	0.0789592581942133
1.43554514923892	0.477898562880183
-1.83933150009103	0.759192863567997
0.135571700409456	0.0404808758649131
-1.5369997817935	0.555799845674469
-2.08562731583897	0.964220789418508
1.31789761977354	0.578952002833974
-1.5369997817935	0.555799845674469
1.8098322354038	0.711329755606344
1.25351673890246	0.690531410020346
-0.337177654813414	0.157147766221452
-0.419105204222685	0.177722426333996
0.933324263209431	0.244705909364566
0.139930142590356	0.0265210820862786
1.43511052997664	0.477089390053173
3.2530948013434	1.10108931722157
1.95135265955319	0.45428366780025
2.74617618045436	0.774720201883077
0.145828384011954	0.0367587486446884
0.51174254082849	0.184178364192085
0.146558706502964	0.0434202356977088
0.150004967546857	0.037720852406733
-0.230460605909839	0.0755052640748733
0.148123932113398	0.037298775193441
-0.363255768460324	0.105782299807354
-0.643506271279338	0.156786530055825
0.150443359742849	0.0377633287087368
0.146894232753727	0.0434558800222739
0.147685616873541	0.0372140815523598
2.74534949223189	0.773319630917041
2.74617618045436	0.774720201883077
0.932444120238111	0.244842742206832
0.510303034449659	0.183694667904733
0.345672804336002	0.173028407995348
0.129425010246068	0.0618624382421176
-0.803673064992939	0.441538778486917
-0.543266856350763	0.208763548655505
0.425961192082242	0.171382412553361
0.574632346725405	0.297603333968263
2.0947784487372	0.938173333818132
0.585242601647037	0.304704976759703
0.147211981908801	0.0371529932006973
-0.751938483930106	0.261119155161525
-1.28882787339485	0.587667232482263
-2.09395506210174	0.969018034533993
1.31069635629646	0.575154297721853
0.143665287756915	0.0427236629465922
-0.324550046423997	0.150926811049504
-0.786469190370634	0.347830565965969
2.09851806560284	0.940645540920032
0.425483209780123	0.171231898189555
-0.789360513665424	0.349747285437635
0.650444653728205	0.206870989076807
1.43554514923892	0.477898562880183
2.74617618045436	0.774720201883077
-1.15347733768864	0.353947479713194
0.513514928417607	0.184609017201606
0.587143346816072	0.305689545527708
0.131491139507584	0.044577610855764
0.932829613639135	0.244963311679429
0.37262170263716	0.167157964409165
0.148598486564552	0.0373599031239063
-1.29512448214983	0.591490771636577
-0.330609211155798	0.153855602486934
-1.15253539705602	0.353154418604941
1.80801736892668	0.709604687458265
1.80499981726189	0.708186089434867
3.92309059860542	1.72743139836869
1.43517917219405	0.47735697092426
0.142206421270329	0.0359541333965371
3.2530948013434	1.10108931722157
-1.83818577064438	0.758655290136435
0.141726775817505	0.0358473898154438
-0.743325166733626	0.258205235128744
-1.53273207896643	0.55406409993797
1.76271532143288	0.989028906969471
0.931565691852841	0.244293555241305
-0.369084363556542	0.10724569547567
-0.738629090206008	0.25643862371353
-0.745246297326046	0.258886832464192
-0.644006342900786	0.156718049862583
-0.362530893266771	0.105463937638037
-1.2931604748656	0.591359256359774
0.147135239147529	0.0435839099617654
1.01881061691072	0.386619941894425
-0.239404477826605	0.0784394742303508
-0.802384171927776	0.441121014262273
0.648993667183473	0.205806233366664
-0.124599982417495	0.0501711996108527
0.147685616873541	0.0372140815523598
-0.159774591864955	0.0580738834731969
2.34011219483534	1.17437569713748
-1.53273207896643	0.55406409993797
-3.08953695583634	0.959084825597379
-0.424302852751071	0.244044023750557
-0.240882528791921	0.078904451336732
1.43146070068228	0.47602253118107
1.44582447327455	0.899727358487335
1.43645613213741	0.478161609320723
-0.362166381635235	0.105626912484328
1.95135265955319	0.45428366780025
0.128065802893217	0.0434680575192894
0.126553365684675	0.0544127338379484
1.95062146582611	0.454190159391569
0.1413598194657	0.0421025960431846
1.43645613213741	0.478161609320723
-1.53235676509745	0.553502300358264
0.651349240994328	0.207129762624853
1.55612733581797	0.775358257473659
-1.69344348683037	0.972960930957391
-0.810797787040443	0.446399906865364
-1.29977940239743	0.593783595840784
0.130086183242594	0.0497328022504383
0.142637387713013	0.0360861991956938
3.25586177376341	1.1013084673078
0.676396224252286	0.31663611417973
0.135805977315208	0.045997318265274
-0.746151045211633	0.259667037559905
-0.16617394898698	0.0605322426701329
0.880499120681106	0.473345044301227
1.80610961993801	0.709606900893752
1.02349375759299	0.388665902021623
1.04928845669154	0.510185199589409
-0.170912764961516	0.0622636754540297
0.121481974596911	0.0521546650151508
0.517582841363913	0.186137922585082
-0.0847880715651112	0.0375349209792985
-3.08991345953591	0.960747174631736
-1.15300618747366	0.353816991053109
0.803232524572793	0.337967990502814
0.651896042016441	0.207030647505349
0.150921468814773	0.0379194736694598
0.933324263209431	0.244705909364566
-1.53662981716208	0.555438343483155
0.936401569876498	0.245675339056074
0.140458165206262	0.0418615852654621
-1.15707876120986	0.354760041850164
0.514659313486759	0.185330599053687
0.14311796249796	0.0361933240878638
-1.01771936418724	0.927500478962878
0.452018088802318	0.305661593260087
-0.164052849140934	0.0597221791440503
0.658415805909945	0.20861395126512
3.9240314702215	1.72721837440263
1.02291503169053	0.387759077614948
0.429980032800171	0.172888778729521
0.513299538191439	0.184252704596469
0.932444120238111	0.244842742206832
1.03911384642763	0.50273176699197
-0.363074920327927	0.105749762822137
0.139373629020068	0.0264474830594518
-1.53662981716208	0.555438343483155
-0.62197416450419	0.301690782802897
0.128065802893217	0.0434680575192894
-0.167814284601087	0.0611122958404124
0.651349240994328	0.207129762624853
1.31262627398235	0.575986404326764
-1.15300618747366	0.353816991053109
1.01450480132645	0.384141080456392
-0.120295244528641	0.0485077000078596
0.336186611547583	0.168019725829837
0.139884098064408	0.0416988824150201
-1.0464197700532	0.420992950185341
0.363954494188152	0.162622024923031
0.12977932359342	0.0495715156889934
1.01392445389193	0.383875412660928
0.801452247780404	0.337326448224681
-0.232817046683503	0.076320654332776
1.25528185102602	0.691948679154516
0.143337222216575	0.0426016228100372
1.02317008310264	0.387996770477132
2.74700474235958	0.773735225227364
1.95062146582611	0.454190159391569
0.652800991167172	0.207004492672909
-0.789360513665424	0.349747285437635
-0.643889763897163	0.156661592959279
0.142469531863295	0.0268725113483955
1.43602101245823	0.478148523404795
0.652253897170883	0.207102973093912
-0.36234773438668	0.105369001563162
-1.83818577064438	0.758655290136435
0.793817890914881	0.332936080025089
0.66811171096078	0.312502608734609
1.0514131501065	0.510674081850787
0.509805060222284	0.183409050611913
0.129881955529576	0.0620681178684851
0.514659313486759	0.185330599053687
0.147463498926044	0.0901050517873226
0.877811694689677	0.471012161870703
0.504867282146792	0.181131288675844
3.9269871417736	1.72604412293863
0.649540136788795	0.206300566749324
-0.260988848767667	0.132528656192216
-1.24865224711737	0.957216261751892
-0.123268639679827	0.0496614187106757
0.517011032305669	0.185903633300896
0.134017031435675	0.0453596828980063
2.74534949223189	0.773319630917041
1.95062146582611	0.454190159391569
1.43973986105876	0.479489791047764
0.134834802112273	0.0455883408616065
0.135805977315208	0.045997318265274
0.508940667886974	0.183098517310394
0.131592549884353	0.0446096178723685
0.138983315146558	0.0414025350222139
0.505159659700077	0.181649970886899
0.450570863691489	0.30506178656067
0.522288362939031	0.299035475888887
0.130009568369876	0.0558574013678145
1.31032217925647	0.575449353150941
-0.269178785445282	0.136815478570772
0.370177344293146	0.16602878145579
-0.118420981661606	0.0477100615426204
1.06973226830669	0.653741386571706
0.139373629020068	0.0264474830594518
0.671567285471957	0.313972657940135
0.66841428029343	0.31227672090307
2.54618687046728	1.41902857330452
2.10425118969604	1.46688318233659
-0.643506271279338	0.156786530055825
-0.118167975302211	0.0475958821832056
0.332812369040185	0.166215126705523
-0.618409290148769	0.299213225101509
0.434205852502874	0.174573220965599
0.132439716391308	0.0695393427975114
-0.236907687744681	0.0776141769879425
-1.29344278343992	0.590245914120149
1.43837405811374	0.8948801692274
-0.979659598113027	0.608751054187754
-1.29798623806601	0.594484945125978
-0.534119830392118	0.204770125602286
-0.359365673988087	0.104727737543846
-0.166720587533231	0.0607503375240969
0.932829613639135	0.244963311679429
2.33820696694681	1.17549427117663
0.936401569876498	0.245675339056074
-2.08619397262715	0.965015392493155
0.13912027261828	0.0264101516649031
0.650991162239829	0.206772040177897
-0.643506271279338	0.156786530055825
1.02201384172153	0.387406801790706
-0.0244921090537049	0.0125766281254766
-0.0480851853878428	0.0231420749807973
-0.166720587533231	0.0607503375240969
0.133155287376562	0.0451076874905746
0.344102307482153	0.172472215528201
1.25057614327844	0.688308974423275
0.123010914560037	0.0417646916705607
0.586219161792024	0.304700417754614
-1.84821370199512	0.760517238051604
0.1393097200573	0.0414857340564309
0.650991162239829	0.206772040177897
0.150921468814773	0.0379194736694598
1.01823421957205	0.385718705291343
2.74617618045436	0.774720201883077
0.932829613639135	0.244963311679429
0.42859037976658	0.172296683888107
0.932053557222951	0.244515800737602
0.0135162280487789	0.00790447754581278
0.803676101253231	0.338560822354516
2.34056471803493	1.17779626883001
-0.548884377911854	0.210678234764431
0.130239795584639	0.0622573253693947
2.00514113282198	1.88691553152802
0.427859807442279	0.171922111839754
-1.53271939951667	0.552723945232647
-0.333858157358928	0.155710811704574
0.938162181603956	0.920109174936128
1.25561416805772	0.693634697863814
-0.812085793844503	0.543889759211438
0.287821506201646	0.196819648022011
-0.0749056847690441	0.0332405598705312
0.371056022348203	0.166697220282981
0.14663338796075	0.0839243282784226
-0.995659444086462	1.00187672315827
0.147206767261433	0.0702316235373233
-0.115985853788578	0.0467592443534002
1.55965785379346	0.778082411244399
0.433100627272436	0.173742207505311
0.127926191106297	0.0548832461257612
0.800721225051069	0.336355711547751
0.140184451576725	0.0265585662587612
0.932444120238111	0.244842742206832
2.74617618045436	0.774720201883077
0.140184451576725	0.0265585662587612
2.74534949223189	0.773319630917041
0.142469531863295	0.0268725113483955
-2.58478470503525	0.675813541092272
0.140184451576725	0.0265585662587612
0.140458165206262	0.0418615852654621
-0.260217735858802	0.132041011967463
0.974195814449881	0.792186182363781
-1.00122021034096	0.504272179395878
0.120679617389109	0.0517845452499848
0.12116734866123	0.0520148566274755
-0.262704726595613	0.13352076070117
0.130564350619715	0.0498651977453956
-0.803466338465952	0.440994707970068
0.932829613639135	0.244963311679429
0.147685616873541	0.0372140815523598
-1.80368476738292	0.398254084963023
1.95062146582611	0.454190159391569
-1.80368476738292	0.398254084963023
1.9537169353899	0.454657075827859
2.74534949223189	0.773319630917041
2.5384598851288	1.40963830190447
-1.53755404046157	0.554088122509819
1.43973986105876	0.479489791047764
0.650991162239829	0.206772040177897
1.3136199618746	0.575665599041282
0.120909542874652	0.0577405626699723
0.314618665353831	0.173876596048657
0.148123932113398	0.037298775193441
0.422565108326337	0.169882850838849
0.449084711150653	0.302640835244723
1.34299407834054	1.23589650605312
0.800885599752655	0.336516454156011
-0.36125776400353	0.10521302829144
0.931565691852841	0.244293555241305
-1.70972663932719	0.97917710911405
1.31612729710276	0.577002863033466
0.135344827059028	0.0258639507496658
2.54859581426076	1.41840488489132
-0.0766338338993835	0.0339871076908376
0.649540136788795	0.206300566749324
0.132710736686105	0.044917982266639
1.95135265955319	0.45428366780025
-2.58453548475525	0.676764203908389
-2.58817701744193	0.677412741892899
-0.236907687744681	0.0776141769879425
-1.69239843499757	0.972196555916096
1.37263337779735	1.05403722589652
0.513791165711859	0.185017905562863
0.122986899620161	0.0528369155358614
-0.353311948140147	0.216063950545025
0.483812550935694	0.304355174727422
-1.35569098209261	0.86044074834901
-0.259263665037035	0.131515365292072
0.138114355887596	0.0727579392024548
0.132496832888932	0.0633623042733653
1.01392445389193	0.383875412660928
0.831695656485478	0.60699517332921
0.699837529041265	0.458294487806471
0.130477726242317	0.0559213713095294
0.524979295216652	0.302161920704832
2.10344353635388	0.942792530959027
0.666799198350028	0.311351997918687
0.12845890519089	0.0491078051730474
0.150481785037224	0.0377820806483386
0.139930142590356	0.0265210820862786
2.09851806560284	0.940645540920032
2.74534949223189	0.773319630917041
-0.643506271279338	0.156786530055825
0.13912027261828	0.0264101516649031
3.2530948013434	1.10108931722157
2.3422956193501	1.17824228040636
0.378820910959538	0.169647060862335
-1.87279658706524	1.19186709947247
-0.742923963799081	0.258084826658777
1.9537169353899	0.454657075827859
1.23144873282853	0.850157720643328
0.520128530577975	0.298962886034134
1.95135265955319	0.45428366780025
0.132888220671258	0.0450543248212034
0.315015674688382	0.174080775343973
1.54941041363667	0.769747261203824
1.93818897289431	1.21260709406835
-0.123304293445297	0.0496585218826265
0.671300643333148	0.313935554689604
0.805481233097541	0.339051452837185
0.139930142590356	0.0265210820862786
-0.363619197342818	0.105894774191241
0.135344827059028	0.0258639507496658
0.150004967546857	0.037720852406733
0.13912027261828	0.0264101516649031
-0.35900113863639	0.104616647983879
-0.272434584109194	0.138318020730462
-1.15799700419576	0.355156175000868
0.51408721869374	0.185096174251148
1.06535197542335	0.652185919390961
0.931565691852841	0.244293555241305
0.421218083319536	0.169306142598634
1.04809707860224	0.508127696517526
-0.633786149156945	0.307650992393033
0.881286403279908	0.474171043642113
0.533285170480104	0.307533603869999
1.04849182639768	0.509718584989272
0.505508491964912	0.181360791363593
1.01913264922984	0.38618919405726
-0.230460605909839	0.0755052640748733
0.67182702107669	0.314238010564858
-0.236876597981329	0.0775723615768606
-0.412656054429682	0.174681011524449
1.43759120561934	0.893877195193231
-1.15439361670696	0.354342573020678
0.372067902001967	0.167202323796637
-0.329094468580607	0.153485560574559
-0.0798323227211098	0.035395033779357
0.139373629020068	0.0264474830594518
0.139373629020068	0.0264474830594518
-0.644770889342653	0.156875139887313
-1.80368476738292	0.398254084963023
0.140184451576725	0.0265585662587612
0.516714904121659	0.18565931107904
1.43973986105876	0.479489791047764
-1.18766800775792	0.674330132585566
0.58475417863079	0.304390555192014
-1.16305893466411	0.356419765567601
0.143912405765303	0.04271032796887
-0.0456747796598346	0.021956825655067
0.975039531600635	0.790992066341725
0.555682377002567	0.441372819300163
-0.130595705826685	0.0785488300820754
0.123823056493778	0.0591754753035717
-0.132063614314141	0.0794447741545629
1.88352829275914	1.61888909863607
0.69153903962654	0.451601211578404
-0.363619197342818	0.105894774191241
2.54405181873108	1.41563589394824
0.139614750556349	0.0471639150817238
0.430780575206884	0.17327437496946
0.830826619990172	0.607294301283108
-1.84024402602088	0.759932191900061
0.139369721109985	0.0415084196349322
-1.80368476738292	0.398254084963023
-2.58428653566473	0.675727611967995
-0.361802623855853	0.105358062763741
1.02491375229262	0.387610704829903
0.145828384011954	0.0367587486446884
-1.80379071234984	0.398266610487963
-1.04729435938822	0.422179438065331
-0.548321944353309	0.210654126403204
0.13215540978349	0.0447486465727327
-0.537604201275585	0.206097064278887
1.02349375759299	0.388665902021623
0.148123932113398	0.037298775193441
1.76143357424468	0.987698652920751
2.10344353635388	0.942792530959027
2.7496138177855	0.775189687209382
1.95135265955319	0.45428366780025
3.62849380145916	1.43519617024906
0.766066797126115	0.455290145974512
0.139947662100296	0.041632372501591
1.55191461761552	0.772830828457177
0.131730458390511	0.0564899751462756
-0.643506271279338	0.156786530055825
0.931950133432299	0.244413497437813
0.147211981908801	0.0371529932006973
0.146301463254213	0.0369121679082859
0.140184451576725	0.0265585662587612
2.74700474235958	0.773735225227364
-1.83909918131213	0.759394746718806
-0.238048417060954	0.0780891030505443
0.509513819382944	0.183136146303308
-0.547197526177441	0.209988353810176
0.125438755776582	0.0539125712291976
0.505508491964912	0.181360791363593
0.14103192177006	0.0419706320314239
-2.09426725327089	0.969284496520593
1.74815070993356	1.35690878456116
-0.968802161946401	0.600415318814821
1.04612175080087	0.507031841034888
0.43315619900489	0.174256725856943
0.126343212728425	0.0542090070051475
0.131929033420281	0.0504202941929281
1.43602101245823	0.478148523404795
1.95062146582611	0.454190159391569
-1.15439361670696	0.354342573020678
0.8071613195255	0.339324727483868
-1.29742468940065	0.593905209910399
-1.53327386150544	0.554071585244721
-1.0403638965725	0.418077260779257
1.02407216663448	0.388349697761366
-0.172006496439189	0.0626524689585257
-0.082407761567572	0.0364893697563982
0.577709652351922	0.299809050922006
0.649294064553561	0.206116617727131
1.43554514923892	0.477898562880183
0.150921468814773	0.0379194736694598
-2.58478470503525	0.675813541092272
0.146301463254213	0.0369121679082859
0.146774179931898	0.0369732700828277
0.368596073882526	0.165384111372272
-0.514904041419268	0.27427589806961
-0.164885457806792	0.0600794376284763
0.142261903209059	0.0422917434711763
-0.362710949837822	0.10577213020672
0.421657384222999	0.169294926760953
0.430233238224466	0.173265323266744
-0.120584193892094	0.0485468247237062
0.669422820078698	0.312970933444971
0.801831777002685	0.337763886330832
1.43925987176693	0.479237157391687
1.04137435639643	0.50429075034658
-0.367559864207876	0.107030285212501
0.932829613639135	0.244963311679429
1.30925947150867	0.574216413367679
0.882073173610616	0.474794386552053
-0.362710949837822	0.10577213020672
0.1413598194657	0.0421025960431846
1.43800010768495	0.477126378120325
-1.80379071234984	0.398266610487963
1.02259212061632	0.388312776500153
0.505733117049643	0.181688891875415
-0.515021733540184	0.273904303795866
4.37205228069165	2.28721042667166
0.136084377685652	0.0460683789796626
-0.997198553489377	0.501228101461149
0.124962463611164	0.0422992741894737
0.501734304428085	0.179972490173206
0.144241227938778	0.0428872731898325
3.62755366930347	1.43264967739041
3.62559622686951	1.43343777832231
1.43973986105876	0.479489791047764
1.43973986105876	0.479489791047764
0.931565691852841	0.244293555241305
0.772595679914301	0.460672576422477
-1.51267589191849	0.778589634545645
2.72503581851803	1.67262822487005
0.508940667886974	0.183098517310394
0.931565691852841	0.244293555241305
-1.29528558671579	0.591726701535928
1.80218392775286	0.706553037006594
0.652800991167172	0.207004492672909
2.09581547295033	0.939333405111585
-0.167527449292993	0.0610228882448846
1.2576100851663	0.692375943224822
0.802018704154821	0.337633996400516
0.655055294702571	0.20808355560833
0.146301463254213	0.0369121679082859
0.425483209780123	0.171231898189555
-2.29985279094791	1.179082966891
0.513791165711859	0.185017905562863
-2.29817909383942	1.17478930560774
0.148623873461255	0.0439438946495961
0.800721225051069	0.336355711547751
-1.84453084161496	0.761059866992795
0.509711928103931	0.182972477684844
-0.368465304895136	0.107151020414935
0.521379578027702	0.187008300866291
-1.15439361670696	0.354342573020678
0.13912027261828	0.0264101516649031
2.74700474235958	0.773735225227364
0.797468141763966	0.335094894845618
1.02028601783919	0.386776796263063
-0.230460605909839	0.0755052640748733
-1.5369997817935	0.555799845674469
0.932312496738066	0.6289019498196
0.127786664589047	0.0433722500849783
0.140458165206262	0.0418615852654621
-1.15300618747366	0.353816991053109
-0.238048417060954	0.0780891030505443
0.936401569876498	0.245675339056074
1.95062146582611	0.454190159391569
2.74617618045436	0.774720201883077
0.139373629020068	0.0264474830594518
-1.84024402602088	0.759932191900061
0.142469531863295	0.0268725113483955
-0.167814284601087	0.0611122958404124
2.74617618045436	0.774720201883077
-0.238833324354039	0.078177897824965
-0.233119255955625	0.0764018780789796
-0.750450153330483	0.260698014203123
-2.58478470503525	0.675813541092272
-1.49795599776882	1.05506625257265
-0.244263635699202	0.0799024242801564
-0.41720757119757	0.17681933779099
-0.121088961547046	0.0487649822681702
-0.234561901877787	0.0768788971748607
0.129193281029703	0.0437930146230249
0.321828504787558	0.177809906261087
-2.58843250021574	0.677477739401539
0.140184451576725	0.0265585662587612
1.80556115744	0.709204238553249
0.931950133432299	0.244413497437813
0.425233825907791	0.170893815182968
1.43554514923892	0.477898562880183
-0.361802623855853	0.105358062763741
0.139884098064408	0.0416988824150201
-1.04215155805216	0.41903356624497
-1.80379071234984	0.398266610487963
-0.543951619434175	0.208833717025581
1.95062146582611	0.454190159391569
-0.167527449292993	0.0610228882448846
-0.644388443682788	0.157000626677781
-0.127857596647642	0.0514057458152284
1.04106867438447	0.503955622708007
-1.83933150009103	0.759192863567997
-0.548041779384038	0.210036995789574
0.806886142301205	0.340161855421042
1.80892476946184	0.710964612544011
0.933710809861868	0.244826616527384
-0.533831330797145	0.204533083800296
0.146737983479964	0.0369987654124611
0.139373629020068	0.0264474830594518
-0.233689169788626	0.076674255613353
1.43055010345603	0.474969302231746
1.60279866066839	1.11972136728936
1.01450480132645	0.384141080456392
0.510303034449659	0.183694667904733
-1.50488459626295	0.772851764515853
1.05008419852068	0.510410286079726
2.74700474235958	0.773735225227364
3.62372673657912	1.42967681844102
0.650802186307997	0.206632813066924
0.37109870850574	0.166395457666345
0.884429663407498	0.475339013688177
-0.241751693846918	0.0791910993295349
0.801452247780404	0.337326448224681
0.506598335865915	0.182050842131562
-0.162701758280536	0.0592371154890295
-1.15253539705602	0.353154418604941
-0.246607769456179	0.080675852517704
0.509805060222284	0.183409050611913
-0.237779905435115	0.0777921527193649
0.138983315146558	0.0414025350222139
-0.644388443682788	0.157000626677781
-0.742182711888573	0.257807372285815
-0.946047502248765	0.701497840966992
0.130187649341207	0.0441073748021701
0.928481199205008	0.243805258274956
1.55208297683559	0.7734378125535
0.13912027261828	0.0264101516649031
0.132055846316588	0.0447762654002208
-1.04873903928095	0.422350290876866
-3.76907032896904	1.51568182757693
0.416218350706847	0.166864796256529
1.76088266689704	0.989015530338265
-1.53273207896643	0.55406409993797
-0.363074920327927	0.105749762822137
-0.643123124462485	0.156504140249688
-2.58453548475525	0.676764203908389
0.932444120238111	0.244842742206832
1.95135265955319	0.45428366780025
0.649897891813891	0.206374526154303
-3.46584456958788	1.25353297605489
0.148123932113398	0.037298775193441
0.371776319957306	0.166675414737209
-0.367370736590504	0.106848889573284
0.121726096909533	0.0581129874263543
0.123286164203852	0.041829315160709
-3.46584456958788	1.25353297605489
3.25399732634696	1.10138712863889
2.10142264111892	0.943067738907912
0.66863919469988	0.312403307344703
-0.999652744540356	0.502231122215459
-0.330609211155798	0.153855602486934
-1.85199635305331	1.17594909821342
0.146774179931898	0.0369732700828277
-0.626278549225889	0.304519980775598
-1.80379071234984	0.398266610487963
0.932829613639135	0.244963311679429
0.150921468814773	0.0379194736694598
1.02291503169053	0.387759077614948
1.43237272946104	0.476285559011928
-0.16908184300615	0.0616182877911792
0.649897891813891	0.206374526154303
1.01823421957205	0.385718705291343
-0.238238452952737	0.0780615880676397
0.880455930414487	0.470802510822275
-1.53717500364267	0.554960306214636
-0.419105204222685	0.177722426333996
-0.537877518920207	0.206535210663043
-2.65608764106375	1.65506744560043
-0.484265052290203	0.328905791492658
1.43490673026734	0.892018563986774
0.517011032305669	0.185903633300896
-3.09408861819707	0.962829753125291
2.74877977095104	0.77489585677119
0.664389028845296	0.310089756487222
-0.538714119684408	0.206903909568311
-0.165145037809874	0.060131898293132
1.04367249438165	0.505372089424513
0.80424232840057	0.338337566370001
-0.167814284601087	0.0611122958404124
0.139373629020068	0.0264474830594518
-0.356736109483354	0.103643831809652
0.1413598194657	0.0421025960431846
0.651896042016441	0.207030647505349
1.31118731400187	0.576162678907346
1.43164246154961	0.887502522763212
1.02208591974079	0.38678483133196
0.665961191700831	0.311172226911801
3.25676960114744	1.10310692759313
0.808289692790784	0.340445735353542
0.139930142590356	0.0265210820862786
0.147649013295955	0.0371443901885897
-2.08546760183352	0.964798104494995
-0.118709338694451	0.0478788515921534
-0.415083137355912	0.175775517043565
1.01881061691072	0.386619941894425
1.02150850319604	0.387098107061976
0.135571700409456	0.0404808758649131
2.54348371020226	1.41484929621302
0.580870535073736	0.301673223288184
0.530856371824384	0.305282398776893
-1.15799700419576	0.355156175000868
2.34494472236283	1.17920351477426
-0.532556235592668	0.203847975527694
-0.161409800498605	0.0587422036398654
0.877251546132768	0.470203510037352
0.139930142590356	0.0265210820862786
3.62755366930347	1.43264967739041
0.431033069519722	0.173555585006391
3.25955780844985	1.10146325935908
-4.01299394869743	1.76442641905919
1.43834434492453	0.478363981232013
0.140458165206262	0.0418615852654621
-0.168535700512318	0.0614396736428628
-2.65400689368253	1.6532773140274
3.92108680118811	1.72391382633942
0.13912027261828	0.0264101516649031
-0.53973627715052	0.207373309478453
-0.416415534669314	0.176455021086063
0.149527783414501	0.0375652210591108
0.139930142590356	0.0265210820862786
0.142637387713013	0.0360861991956938
-0.647852271039411	0.15768507802046
1.0524546418399	0.511237241963224
-2.58453548475525	0.676764203908389
-3.08953695583634	0.959084825597379
-1.80379071234984	0.398266610487963
-3.09066749133914	0.959393078286489
2.74617618045436	0.774720201883077
-2.58478470503525	0.675813541092272
0.652253897170883	0.207102973093912
0.136934224057857	0.0463018278790837
-1.17710051252855	0.663920618507433
-1.00232952128595	0.503607892077094
-1.2907900581269	0.589216258109716
-0.121351037619518	0.0488222223589839
-0.792816434304595	0.350856600311225
0.337583664464492	0.168841302394259
0.126411519698715	0.0542451073051796
-2.09369928076206	0.967692069462225
-0.682772640182364	0.410489618524341
0.686543845686121	0.448646658280833
-0.420168556573091	0.177832388607199
1.22759693013115	0.846475145188653
-0.080517730440142	0.0355934325115747
1.31118731400187	0.576162678907346
1.9537169353899	0.454657075827859
1.0186324361341	0.385926866869133
1.80646672530512	0.709284888569376
-0.35845544263212	0.104471490348146
1.43645613213741	0.478161609320723
2.74617618045436	0.774720201883077
0.506598335865915	0.182050842131562
-2.58453548475525	0.676764203908389
-0.79459055778623	0.351479317637881
-3.46630912179766	1.25319506698382
-0.248046486493262	0.081092677350905
1.76075730036106	0.986954174059649
0.505451262130689	0.181603766022305
-0.163793329784282	0.0597182116427333
0.140278152655359	0.0417161885567244
-2.08970743638331	0.967957362748596
1.94991843675383	1.22023625317791
0.510378193206749	0.183446434041979
-1.68514148333177	0.961815229654756
-1.35003129020343	0.857535443455371
1.55501737702822	0.775774035017368
1.43602101245823	0.478148523404795
0.147649013295955	0.0371443901885897
1.02028601783919	0.386776796263063
0.139930142590356	0.0265210820862786
1.80610961993801	0.709606900893752
3.25399732634696	1.10138712863889
0.139930142590356	0.0265210820862786
-0.643123124462485	0.156504140249688
-0.648735146604395	0.157899750679971
0.150921468814773	0.0379194736694598
0.132192663108907	0.0505233330425467
0.933710809861868	0.244826616527384
1.02317008310264	0.387996770477132
0.650086353252472	0.206202657488722
2.34113999779321	1.17846776749802
-0.746726771319564	0.259871772377509
0.64559347674232	0.204972394147955
1.04809707860224	0.508127696517526
-0.644388443682788	0.157000626677781
1.95135265955319	0.45428366780025
0.505733117049643	0.181688891875415
-0.644770889342653	0.156875139887313
0.767855933135546	0.456922042406796
1.55125607563751	0.772432148878795
0.932829613639135	0.244963311679429
3.25676960114744	1.10310692759313
0.134284439062011	0.0454806903417194
0.147685616873541	0.0372140815523598
-1.80379071234984	0.398266610487963
-0.367370736590504	0.106848889573284
-3.76853265433323	1.5149268511572
-0.73458295394823	0.25438535250158
0.135571700409456	0.0404808758649131
-0.237477952696761	0.0778886575961749
1.60309610088266	1.11768161836883
-0.544232566510105	0.208510384822183
-4.22622944798756	2.01853094611435
0.509435415274993	0.183330389793874
1.95062146582611	0.454190159391569
-0.644770889342653	0.156875139887313
2.74877977095104	0.77489585677119
-1.54092175501233	0.556412015131498
0.13912027261828	0.0264101516649031
0.140184451576725	0.0265585662587612
0.651896042016441	0.207030647505349
0.935126029437946	0.245318397037238
-2.58453548475525	0.676764203908389
0.139930142590356	0.0265210820862786
-1.80368476738292	0.398254084963023
1.95062146582611	0.454190159391569
-0.999109679756036	0.50221030256292
1.43693291937878	0.478412112216202
0.65074859981898	0.206366756402058
0.653790201953018	0.20742302218683
-1.15300618747366	0.353816991053109
0.130691491576705	0.0390421182221926
-0.741772218204133	0.257376934477729
0.510875541395758	0.183928738190787
-1.83482918178446	0.757249944313784
0.145145665393506	0.0430929431178775
0.652654881222183	0.206696241994432
0.513219052715781	0.184783577478651
-0.741611944171996	0.257255485732723
0.139556940401302	0.0415648034416572
1.017401126811	0.384987280016856
0.142469531863295	0.0268725113483955
1.95135265955319	0.45428366780025
3.63037846631015	1.4338640049762
0.932829613639135	0.244963311679429
3.2530948013434	1.10108931722157
0.805481233097541	0.339051452837185
1.43784625468668	0.477947615428851
0.670521006679873	0.313565928273777
1.43602101245823	0.478148523404795
0.509435415274993	0.183330389793874
0.131404221039432	0.0500835526381455
-1.83818577064438	0.758655290136435
1.76326585307114	0.991462352256832
-0.12465189115924	0.0500554573083901
1.43602101245823	0.478148523404795
-0.997198553489377	0.501228101461149
-1.34847644890474	0.856852747886889
0.425961192082242	0.171382412553361
0.657507650280972	0.208311874525367
-1.54183385012035	0.556979646258816
1.43602101245823	0.478148523404795
1.43197448627753	0.890063447722805
0.149527783414501	0.0375652210591108
0.804503833721828	0.338780381862777
1.43602101245823	0.478148523404795
-0.644006342900786	0.156718049862583
1.04661731927128	0.507649762836834
1.80837546568447	0.710560744847372
1.80218392775286	0.706553037006594
-0.236606371241214	0.0776017669502627
0.509231731203745	0.182998706753304
-0.3320813235788	0.154825471157972
0.802584969004989	0.337412275736925
0.147211981908801	0.0371529932006973
0.650086353252472	0.206202657488722
0.425706706311112	0.171161852825946
0.140458165206262	0.0418615852654621
0.139373629020068	0.0264474830594518
-0.113892918705605	0.0459105972451963
1.0950016431663	0.978581134339161
0.803413969531267	0.33795722026847
0.935515179855096	0.245440180005837
0.936011360767503	0.245553152580958
0.142727172563101	0.0269105320645235
0.656959166697518	0.208411137309888
-0.41323615205198	0.174757850001927
0.576911131071864	0.299225559875542
0.672932319558158	0.315270459352306
0.648941210685989	0.205808664712113
-0.631064140132954	0.307206484600334
-0.329579122799	0.153749164617559
0.131140754867742	0.0501024106510988
0.146737983479964	0.0369987654124611
-0.237747525916144	0.077958682705542
-1.80368476738292	0.398254084963023
-1.84067936626971	0.758196987445323
-2.58428653566473	0.675727611967995
3.25767918892079	1.1021663566718
0.935126029437946	0.245318397037238
-1.15345350292765	0.353548980162923
0.647947354529066	0.205390836628303
-3.47462404869326	1.2541645444969
-1.35117276114087	0.856157230626663
-1.30275435312517	0.596366482996546
-3.09790841588879	0.962404523986388
2.7496138177855	0.775189687209382
1.02317008310264	0.387996770477132
0.432609510903912	0.174064034612515
0.803413969531267	0.33795722026847
2.54618687046728	1.41902857330452
0.12737289110298	0.0431454582004434
-2.37098868082534	2.18001338045474
-0.816339514804704	0.546825369352698
0.123574955727256	0.0419169033860274
0.508367320272208	0.182688579641735
1.75851136347314	0.984599486680148
-0.539003042837417	0.206891853429863
0.135228005895087	0.0713245265845956
0.142761726532005	0.0424383939640617
1.43645613213741	0.478161609320723
0.13912027261828	0.0264101516649031
-0.363619197342818	0.105894774191241
1.80892476946184	0.710964612544011
-0.367917894368281	0.107101339671787
0.13345272036125	0.0452283641533281
2.74617618045436	0.774720201883077
0.513494339007861	0.184455433484267
1.43693291937878	0.478412112216202
3.62559622686951	1.43343777832231
4.16627077487027	2.00755618620192
1.31641060189182	0.578095540716024
-0.419887330173614	0.177709955771861
-0.359365673988087	0.104727737543846
0.143337222216575	0.0426016228100372
-0.647461655721112	0.157598110120326
-0.238619080974611	0.0782457591467586
-0.641207204081918	0.156050090719873
-0.644388443682788	0.157000626677781
-0.549015089820599	0.210153927561405
2.74877977095104	0.77489585677119
-1.83909918131213	0.759394746718806
0.499436014182049	0.178849176366783
1.02028601783919	0.386776796263063
2.74534949223189	0.773319630917041
0.805070042197189	0.338557112187809
0.650444653728205	0.206870989076807
2.74617618045436	0.774720201883077
-0.237477952696761	0.0778886575961749
0.13912027261828	0.0264101516649031
0.133184693597689	0.045081783840785
-0.978861802473322	0.609263279438663
1.01630401569638	0.384821506664436
-1.15439361670696	0.354342573020678
-4.01355559579839	1.7650763449388
1.43973986105876	0.479489791047764
3.9240314702215	1.72721837440263
0.145828384011954	0.0367587486446884
2.74617618045436	0.774720201883077
0.515526842938941	0.185438865140755
-0.241453949883888	0.0791674426738944
0.806333800206404	0.339453483429282
0.148123932113398	0.037298775193441
0.932444120238111	0.244842742206832
0.146301463254213	0.0369121679082859
-1.80379071234984	0.398266610487963
1.95062146582611	0.454190159391569
0.142469531863295	0.0268725113483955
-0.362710949837822	0.10577213020672
-0.324716887197225	0.151093847468854
0.140458165206262	0.0418615852654621
0.653242855413462	0.207522075223881
0.13912027261828	0.0264101516649031
0.424935578467476	0.170987715399205
1.76247234606925	0.991053637235418
0.138615830801986	0.0467946202516679
0.146346358967967	0.0368510834186678
0.517286536207803	0.185627159850268
2.3394066510974	1.17497400862948
-0.368465304895136	0.107151020414935
2.34263802835622	1.17544278616231
-2.08914030548738	0.967642230149142
0.130732289597403	0.0687328785260601
1.0503161497313	0.509082969064319
0.145145665393506	0.0430929431178775
1.80837546568447	0.710560744847372
0.420294466815709	0.168621444961491
-0.363074920327927	0.105749762822137
-0.644388443682788	0.157000626677781
0.504073515615579	0.180839213902641
-0.367370736590504	0.106848889573284
1.31003057815091	0.573563297385593
1.02349375759299	0.388665902021623
0.135344827059028	0.0258639507496658
1.31205222453913	0.576575770191727
0.139884098064408	0.0416988824150201
0.644691758976379	0.204407522619992
0.65469668159777	0.207920986734369
1.43328619377867	0.475825500287185
0.139930142590356	0.0265210820862786
0.13912027261828	0.0264101516649031
2.09514440204865	1.45074679402228
0.13912027261828	0.0264101516649031
2.74617618045436	0.774720201883077
1.01482142364915	0.384344164321906
0.135344827059028	0.0258639507496658
1.43693291937878	0.478412112216202
1.02549223592864	0.388513835126415
3.62755366930347	1.43264967739041
-2.29929471138622	1.1783275149489
0.138699758667585	0.0263265295910935
2.74617618045436	0.774720201883077
-1.807243397525	0.398882182291443
-3.76907032896904	1.51568182757693
-2.58453548475525	0.676764203908389
1.43973986105876	0.479489791047764
0.512922403195653	0.184486383498599
0.139373629020068	0.0264474830594518
0.510007909511423	0.183564268952108
0.140130255519626	0.041673932144754
0.801831777002685	0.337763886330832
1.43925987176693	0.479237157391687
1.02582286437892	0.3883445324808
-0.640820070260403	0.156173374069777
1.30950113246688	0.572999274023498
0.929363107220915	0.243670370746797
0.933324263209431	0.244705909364566
2.74700474235958	0.773735225227364
0.136471442907569	0.0407207925774643
1.95062146582611	0.454190159391569
3.25490159683282	1.09988604599349
-0.238920608592102	0.0782667689841429
1.95135265955319	0.45428366780025
0.13912027261828	0.0264101516649031
0.147685616873541	0.0372140815523598
0.139373629020068	0.0264474830594518
0.935126029437946	0.245318397037238
0.151399210332705	0.0379807126979956
1.95135265955319	0.45428366780025
0.127222675433409	0.0431873188523152
0.805769324127157	0.339679478238357
-1.84922375130335	0.758051782629793
3.25219401652934	1.09882975306147
0.123574955727256	0.0419169033860274
1.02226842375779	0.387145037531902
0.932829613639135	0.244963311679429
-2.08522203444905	0.965065541609483
1.01830704707751	0.385838023767281
-0.243192926623713	0.0796302555049372
0.502880704361298	0.180077322185233
0.508367320272208	0.182688579641735
1.43511052997664	0.477089390053173
1.01540222010121	0.384610211569901
1.43602101245823	0.478148523404795
-0.792966195511931	0.35107336690069
-3.47021758744757	1.25549793829818
-2.58817701744193	0.677412741892899
2.09581547295033	0.939333405111585
2.10641899069886	1.46822344844516
-0.119213425596225	0.0480776361981399
0.127222675433409	0.0431873188523152
0.649897891813891	0.206374526154303
1.04849182639768	0.509718584989272
0.929363107220915	0.243670370746797
0.933324263209431	0.244705909364566
0.931950133432299	0.244413497437813
3.63140632863219	1.43226876801307
0.650086353252472	0.206202657488722
0.799591342254204	0.33578376319256
2.3422956193501	1.17824228040636
1.02381664464771	0.387649015457202
1.04057927720315	0.503738838632077
1.80520382516112	0.709003956616184
-1.29484267117576	0.591893520060509
0.652654881222183	0.206696241994432
1.95135265955319	0.45428366780025
0.932829613639135	0.244963311679429
0.429980032800171	0.172888778729521
0.139373629020068	0.0264474830594518
0.1413598194657	0.0421025960431846
0.150921468814773	0.0379194736694598
0.147211981908801	0.0371529932006973
-0.363619197342818	0.105894774191241
-0.643123124462485	0.156504140249688
0.146301463254213	0.0369121679082859
0.149527783414501	0.0375652210591108
-1.00232952128595	0.503607892077094
0.650086353252472	0.206202657488722
-0.644006342900786	0.156718049862583
0.424436060618943	0.170350154580925
-0.329317511719044	0.153288395629677
1.80610961993801	0.709606900893752
2.10233110047747	0.942219643817662
3.62747153154789	1.43107841687111
1.95135265955319	0.45428366780025
-0.416415534669314	0.176455021086063
1.01733621069892	0.384794828984133
-0.643506271279338	0.156786530055825
1.43055010345603	0.474969302231746
-0.541858189636432	0.207923122154612
-0.816459111809018	0.451369912632416
0.931166434102395	0.244280970808413
1.80429809838357	0.707492948913978
-1.05069813031946	0.421974056128662
-0.644770889342653	0.156875139887313
0.139930142590356	0.0265210820862786
-1.15799700419576	0.355156175000868
0.140184451576725	0.0265585662587612
1.95062146582611	0.454190159391569
-1.807243397525	0.398882182291443
0.655055294702571	0.20808355560833
1.80556115744	0.709204238553249
0.133184693597689	0.045081783840785
0.148623873461255	0.0439438946495961
1.95062146582611	0.454190159391569
-0.640433285495798	0.155891307450366
0.135249930542085	0.0403117237041322
0.147211981908801	0.0371529932006973
-0.168535700512318	0.0614396736428628
0.129518429603928	0.049416130913416
-0.238833324354039	0.078177897824965
1.43146070068228	0.47602253118107
-0.412168831892509	0.173912902882032
0.508648817829669	0.18261000234337
0.14103192177006	0.0419706320314239
-1.16257519536487	0.356251231866774
1.31497186902393	0.578443560062359
0.67346002449245	0.315470259796261
0.669723009649721	0.312553758057158
1.05166013152136	0.51091249197187
0.647045217228672	0.20541570040493
0.141934018068002	0.0422115362011609
0.932444120238111	0.244842742206832
0.13912027261828	0.0264101516649031
0.150004967546857	0.037720852406733
0.142727172563101	0.0269105320645235
0.1413598194657	0.0421025960431846
0.140184451576725	0.0265585662587612
1.80737235786488	0.708547533080483
1.80556115744	0.709204238553249
1.01938669987078	0.386305411802006
0.127104067627197	0.0486093383101179
2.10084257816429	0.942518600567556
0.146774179931898	0.0369732700828277
0.140458165206262	0.0418615852654621
1.80429809838357	0.707492948913978
1.31439790772862	0.577085966346076
0.809850197578332	0.341145799087641
1.31118731400187	0.576162678907346
0.8015591888658	0.337184142757606
0.931565691852841	0.244293555241305
0.132620364305083	0.0449502398034842
-1.83448317285978	0.756769538624434
-0.789727950607759	0.34915733745205
0.514363083274015	0.184986043370105
-0.169168713369043	0.0615067395274787
1.31118731400187	0.576162678907346
2.34436975438509	1.17853313606867
0.150004967546857	0.037720852406733
2.74534949223189	0.773319630917041
0.148598486564552	0.0373599031239063
2.74534949223189	0.773319630917041
1.95135265955319	0.45428366780025
-1.86058809781385	1.18685350574265
1.80375022148517	0.707092166054158
-0.640433285495798	0.155891307450366
-0.644388443682788	0.157000626677781
0.139556940401302	0.0415648034416572
0.146737983479964	0.0369987654124611
2.74534949223189	0.773319630917041
0.135571700409456	0.0404808758649131
-0.644388443682788	0.157000626677781
3.62466075691912	1.43256044684919
0.140184451576725	0.0265585662587612
0.50458600582036	0.181242123664178
1.43882340562666	0.478615560848155
-1.15253539705602	0.353154418604941
0.145913540346097	0.0367609236539561
-2.30352581227079	1.18186938757569
0.134284439062011	0.0454806903417194
0.140278152655359	0.0417161885567244
1.43432010058299	0.893143282214638
-1.5380893189947	0.555528608035834
0.146301463254213	0.0369121679082859
-2.58453548475525	0.676764203908389
0.140458165206262	0.0418615852654621
0.140210488911627	0.0417260592948838
-1.29231840462832	0.589747004566986
2.74534949223189	0.773319630917041
1.44017683745973	0.479001218015642
0.802939411194588	0.337373268207114
0.809011166414321	0.3407453913173
0.373733594612056	0.167657500409807
1.95135265955319	0.45428366780025
-0.644388443682788	0.157000626677781
-0.168535700512318	0.0614396736428628
2.74877977095104	0.77489585677119
1.95062146582611	0.454190159391569
1.95135265955319	0.45428366780025
-0.644388443682788	0.157000626677781
0.135805977315208	0.045997318265274
-3.76450171843679	1.51272854782687
1.9537169353899	0.454657075827859
0.931565691852841	0.244293555241305
0.931565691852841	0.244293555241305
-1.04292464443712	0.418955145486126
-0.363074920327927	0.105749762822137
-0.367370736590504	0.106848889573284
1.80520382516112	0.709003956616184
0.427859807442279	0.171922111839754
-2.31358192301726	1.1854201100564
3.25219401652934	1.09882975306147
0.810138323016016	0.340824772340884
1.43482864449378	0.89236402657912
0.879897419230828	0.47247403691134
1.93974112721893	1.21363158931175
1.37585204316202	1.06080485198058
0.809850197578332	0.341145799087641
-0.0791991584272068	0.0351226828039932
0.832331023121694	0.754549739988982
0.147649013295955	0.0371443901885897
0.640370807339082	0.202560251406963
3.2530948013434	1.10108931722157
3.25586177376341	1.1013084673078
0.142727172563101	0.0269105320645235
-0.229890801283535	0.0753069747501744
1.95062146582611	0.454190159391569
-0.539839679278571	0.207260587364668
-0.237477952696761	0.0778886575961749
2.33936271352623	1.17483297574957
-1.04843348997268	0.42268378687421
-0.171459560951733	0.0624735259319497
-0.751027518459726	0.261129168281002
0.649897891813891	0.206374526154303
0.143992581516926	0.0427137531860369
0.650802186307997	0.206632813066924
1.01913264922984	0.38618919405726
-0.787013983945816	0.348297448415918
0.646495256830482	0.205229626326689
1.95062146582611	0.454190159391569
1.95135265955319	0.45428366780025
1.95135265955319	0.45428366780025
1.0186324361341	0.385926866869133
0.517011032305669	0.185903633300896
0.139373629020068	0.0264474830594518
0.430485762153355	0.173362486516208
0.141726775817505	0.0358473898154438
-0.416683138160911	0.176658736963844
0.651349240994328	0.207129762624853
1.43693291937878	0.478412112216202
0.142206421270329	0.0359541333965371
1.95135265955319	0.45428366780025
0.932829613639135	0.244963311679429
-0.643889763897163	0.156661592959279
0.65414904119533	0.208020876626531
-0.643506271279338	0.156786530055825
0.139930142590356	0.0265210820862786
0.142469531863295	0.0268725113483955
0.805769324127157	0.339679478238357
0.933710809861868	0.244826616527384
0.932444120238111	0.244842742206832
-0.64834559013069	0.157812973783057
0.138699758667585	0.0263265295910935
-3.76907032896904	1.51568182757693
-0.643123124462485	0.156504140249688
0.931565691852841	0.244293555241305
1.43973986105876	0.479489791047764
-1.0441657216201	0.420510686701662
2.88308331345039	1.94559435178149
0.139884098064408	0.0416988824150201
0.510875541395758	0.183928738190787
-0.237176848830075	0.0778020280962772
0.127666695648323	0.0488134294645902
-0.367917894368281	0.107101339671787
0.12385018137907	0.0420427558153306
0.140210488911627	0.0417260592948838
0.932829613639135	0.244963311679429
1.55316662143204	0.772603111741906
1.43973986105876	0.479489791047764
0.123787612127035	0.0531578608794664
0.931565691852841	0.244293555241305
0.146737983479964	0.0369987654124611
1.43645613213741	0.478161609320723
0.932829613639135	0.244963311679429
0.135396832233716	0.0457734074737837
1.95062146582611	0.454190159391569
1.95062146582611	0.454190159391569
1.017401126811	0.384987280016856
1.9537169353899	0.454657075827859
-0.643506271279338	0.156786530055825
-1.80368476738292	0.398254084963023
-0.643123124462485	0.156504140249688
-1.80368476738292	0.398254084963023
0.13912027261828	0.0264101516649031
-0.358820522080737	0.104443282865586
-0.643506271279338	0.156786530055825
0.932829613639135	0.244963311679429
3.25586177376341	1.1013084673078
1.25267810736268	0.690636942339763
-0.129373408226127	0.0519543450631036
1.76783487171204	0.989773807509724
1.22533307799195	0.842428899147951
-1.34728093580716	0.853864096479535
0.652695254572546	0.207024892635355
-1.49298237194552	1.05433194656706
0.340313318556945	0.170581749630853
0.651349240994328	0.207129762624853
0.142469531863295	0.0268725113483955
0.511447846039878	0.183898335950935
0.13912027261828	0.0264101516649031
1.43328619377867	0.475825500287185
0.931950133432299	0.244413497437813
0.935126029437946	0.245318397037238
0.801452247780404	0.337326448224681
1.02439581816121	0.388554234754345
-3.08991345953591	0.960747174631736
-1.15439361670696	0.354342573020678
-0.743325166733626	0.258205235128744
3.25676960114744	1.10310692759313
-1.04786382925772	0.422554751457188
4.17024392975285	2.00620342888275
0.650802186307997	0.206632813066924
0.42201668048743	0.169638953784636
1.03665993975283	0.500803266492608
0.146301463254213	0.0369121679082859
1.43693291937878	0.478412112216202
2.74617618045436	0.774720201883077
0.148598486564552	0.0373599031239063
0.589802007059548	0.30737004493571
-0.211856421048163	0.115418533097907
0.514659313486759	0.185330599053687
1.44017683745973	0.479001218015642
0.932829613639135	0.244963311679429
3.2530948013434	1.10108931722157
-0.644006342900786	0.156718049862583
3.25676960114744	1.10310692759313
0.14311796249796	0.0361933240878638
1.9537169353899	0.454657075827859
1.95062146582611	0.454190159391569
0.138699758667585	0.0263265295910935
0.932444120238111	0.244842742206832
-0.241048027588157	0.0787203099881868
-2.5921020928315	0.67750903851891
-0.643123124462485	0.156504140249688
-0.367559864207876	0.107030285212501
0.140184451576725	0.0265585662587612
-0.535361692204467	0.205038277144988
0.42311339457533	0.169929187550257
0.132888220671258	0.0450543248212034
-0.159803725741424	0.0581774597919745
-1.86525439303201	1.18911107929301
-0.791745678755755	0.350963339322673
0.147211981908801	0.0371529932006973
1.43463558957201	0.476840630255681
1.4356911679036	0.89258300243904
-1.15300618747366	0.353816991053109
-0.366106353055766	0.106564775009011
1.02259212061632	0.388312776500153
2.33936271352623	1.17483297574957
2.74617618045436	0.774720201883077
1.95062146582611	0.454190159391569
1.43973986105876	0.479489791047764
1.95135265955319	0.45428366780025
3.25399732634696	1.10138712863889
1.80892476946184	0.710964612544011
0.13912027261828	0.0264101516649031
0.935515179855096	0.245440180005837
0.148123932113398	0.037298775193441
-1.0464197700532	0.420992950185341
0.142469531863295	0.0268725113483955
-1.15392338036234	0.354212278509058
2.74617618045436	0.774720201883077
0.336478932913549	0.168473024829597
-0.117082221368916	0.0470920858084761
1.24967893813282	0.688187970617562
-0.331938715443026	0.154334908098753
0.127743989533485	0.0611671606313049
0.66946355892512	0.312949470582969
0.674245853668489	0.315896632523772
-0.643506271279338	0.156786530055825
0.13912027261828	0.0264101516649031
1.43055010345603	0.474969302231746
1.95062146582611	0.454190159391569
1.95135265955319	0.45428366780025
1.0216909072254	0.38745924007158
0.805769324127157	0.339679478238357
1.02259212061632	0.388312776500153
1.95135265955319	0.45428366780025
0.143770159989207	0.0425858715044703
3.25399732634696	1.10138712863889
2.74617618045436	0.774720201883077
1.95062146582611	0.454190159391569
3.25399732634696	1.10138712863889
0.149527783414501	0.0375652210591108
0.13912027261828	0.0264101516649031
0.143665287756915	0.0427236629465922
2.09903484483183	0.941607866167158
-0.238048417060954	0.0780891030505443
0.139373629020068	0.0264474830594518
1.0200314996791	0.386398513169522
0.932444120238111	0.244842742206832
0.932444120238111	0.244842742206832
-0.643506271279338	0.156786530055825
1.9537169353899	0.454657075827859
1.95135265955319	0.45428366780025
0.142469531863295	0.0268725113483955
0.13912027261828	0.0264101516649031
0.144241227938778	0.0428872731898325
0.932444120238111	0.244842742206832
0.933324263209431	0.244705909364566
2.74534949223189	0.773319630917041
0.147211981908801	0.0371529932006973
-1.80379071234984	0.398266610487963
1.43517917219405	0.47735697092426
-1.28882787339485	0.587667232482263
0.664854922867835	0.310140938812919
-0.124979197927877	0.0748849225278912
0.140184451576725	0.0265585662587612
-4.23600457643471	2.01960496217822
0.878258883789587	0.472308852308957
-0.238048417060954	0.0780891030505443
-0.359911076994201	0.104872867536805
1.43554514923892	0.477898562880183
1.05061701670362	0.509552390588669
1.80037781238315	0.705873091583144
0.675869482479759	0.316437085791507
0.650802186307997	0.206632813066924
0.653242855413462	0.207522075223881
0.647397097795455	0.205204922252004
1.95135265955319	0.45428366780025
1.95135265955319	0.45428366780025
0.671617393759094	0.31428154536115
1.55234099320278	0.77224776836491
0.130958095610958	0.0625262193768548
0.12412474638864	0.0420832920191412
0.375371225326836	0.168758685101821
0.577090935143265	0.299144877301989
-0.82098161273232	0.549837579079364
-0.333538091190822	0.155459236577043
-1.04215155805216	0.41903356624497
2.74617618045436	0.774720201883077
0.932829613639135	0.244963311679429
-0.363074920327927	0.105749762822137
2.74700474235958	0.773735225227364
2.09703789272299	0.940172538936034
0.520236375042433	0.186287256446663
0.650802186307997	0.206632813066924
-0.747630638147624	0.259859955972283
0.13912027261828	0.0264101516649031
3.62559622686951	1.43343777832231
0.146737983479964	0.0369987654124611
0.142261903209059	0.0422917434711763
1.9537169353899	0.454657075827859
1.0216909072254	0.38745924007158
1.02259212061632	0.388312776500153
1.80520382516112	0.709003956616184
-1.80368476738292	0.398254084963023
1.9537169353899	0.454657075827859
0.146301463254213	0.0369121679082859
1.9537169353899	0.454657075827859
0.933710809861868	0.244826616527384
0.13912027261828	0.0264101516649031
0.147211981908801	0.0371529932006973
0.511447846039878	0.183898335950935
0.935515179855096	0.245440180005837
3.2530948013434	1.10108931722157
-1.80379071234984	0.398266610487963
1.43511052997664	0.477089390053173
0.148598486564552	0.0373599031239063
3.25399732634696	1.10138712863889
1.01913264922984	0.38618919405726
-2.08800660742194	0.965118130190214
-0.237747525916144	0.077958682705542
-0.231332549240778	0.0757766651054536
0.141726775817505	0.0358473898154438
0.150921468814773	0.0379194736694598
-0.168621485035434	0.0613849497001624
2.74617618045436	0.774720201883077
0.513219052715781	0.184783577478651
2.3414304812252	1.17832238721082
0.148123932113398	0.037298775193441
1.43736854221364	0.477697177929381
0.88100741426741	0.47353915513862
3.25586177376341	1.1013084673078
1.310612918568	0.574810701056327
-1.54037392610232	0.555673685460265
0.933710809861868	0.244826616527384
1.95135265955319	0.45428366780025
1.95062146582611	0.454190159391569
-3.09370472754254	0.961571400894305
0.135714375938121	0.0713490233639453
0.432609510903912	0.174064034612515
0.0307873523971299	0.0176705466486609
-0.572797754975978	0.368069967163311
0.448287170852854	0.302491924163151
0.12390321693711	0.0474121589883158
0.627303060816875	0.44202026469591
0.826932307930738	0.747310391044717
-0.420447113779117	0.241065409890813
0.52325229524341	0.300184217486634
0.139373629020068	0.0264474830594518
1.95062146582611	0.454190159391569
0.511170021003071	0.183944282461123
0.424159303437975	0.170253809910904
0.679842182154324	0.317895340496813
0.51408721869374	0.185096174251148
0.672932319558158	0.315270459352306
0.426215010092659	0.171417255852221
0.673190814379244	0.315279389328192
0.809574821393993	0.341052482546636
1.31205222453913	0.576575770191727
1.95135265955319	0.45428366780025
1.30720354168202	0.572959867621651
0.141934018068002	0.0422115362011609
1.8098322354038	0.711329755606344
-3.09370472754254	0.961571400894305
0.136156966750329	0.025975077128062
1.80499981726189	0.708186089434867
1.95062146582611	0.454190159391569
0.933324263209431	0.244705909364566
0.147685616873541	0.0372140815523598
3.91920866228273	1.72418967780064
0.933324263209431	0.244705909364566
-1.807243397525	0.398882182291443
0.510303034449659	0.183694667904733
-2.58428653566473	0.675727611967995
0.51203726636452	0.18401339232151
-2.58817701744193	0.677412741892899
0.933710809861868	0.244826616527384
0.14311796249796	0.0361933240878638
-0.741848012858367	0.258096023054699
-1.807243397525	0.398882182291443
0.931950133432299	0.244413497437813
-0.644770889342653	0.156875139887313
0.670780204362144	0.313732636016028
-0.169309269748009	0.0615911004931208
-0.0871597565535891	0.0385938591795615
-0.446143817381156	0.348181949592305
0.139884098064408	0.0416988824150201
0.668934660984857	0.312187186591157
0.649897891813891	0.206374526154303
-0.600343345666927	0.446414307006332
-0.114686627932393	0.0462360546775005
2.34027363336522	1.17732300328594
0.505451262130689	0.181603766022305
0.650802186307997	0.206632813066924
1.31147797650061	0.575223127248405
0.673134235145255	0.314650474427798
1.31291742676874	0.576696640316621
1.0200314996791	0.386398513169522
0.648390697278338	0.205622460530046
0.932829613639135	0.244963311679429
0.146774179931898	0.0369732700828277
0.13912027261828	0.0264101516649031
2.7496138177855	0.775189687209382
3.62559622686951	1.43343777832231
0.312114662326805	0.172010728971765
0.300586802337338	0.180617232028556
0.13513606315956	0.0646796741632143
0.880778265284383	0.473618441757393
-0.680333808188805	0.408550438137162
1.06940629127233	0.654468416206084
-0.0501595012095552	0.0241179432902639
0.928057809670604	0.622288619258874
0.768943537937231	0.458215666564665
0.766066797126115	0.455290145974512
0.143010738875087	0.0815639243282245
0.343323478769832	0.172022552740681
1.31262627398235	0.575986404326764
-1.052139438368	0.423871922375229
1.95062146582611	0.454190159391569
0.12385018137907	0.0420427558153306
0.674761056345177	0.315577659975903
-2.08676081704898	0.965329892444669
0.509435415274993	0.183330389793874
0.667530196491127	0.311776625974665
4.36990658516888	2.28289775828203
-1.29770386628742	0.593162801934876
-1.15755644738434	0.355289941594665
1.95135265955319	0.45428366780025
3.25399732634696	1.10138712863889
3.25490159683282	1.09988604599349
0.650991162239829	0.206772040177897
2.09903484483183	0.941607866167158
0.50458600582036	0.181242123664178
-0.791483874342572	0.350227377994833
0.140184451576725	0.0265585662587612
-3.46584456958788	1.25353297605489
0.651349240994328	0.207129762624853
-1.80379071234984	0.398266610487963
0.932444120238111	0.244842742206832
-1.807243397525	0.398882182291443
0.136156966750329	0.025975077128062
1.95062146582611	0.454190159391569
0.146737983479964	0.0369987654124611
0.93871391671757	0.245790150722076
0.140184451576725	0.0265585662587612
1.95135265955319	0.45428366780025
-0.643889763897163	0.156661592959279
0.927601018172465	0.243257788968905
0.140184451576725	0.0265585662587612
-0.644388443682788	0.157000626677781
0.933324263209431	0.244705909364566
0.146737983479964	0.0369987654124611
0.1413598194657	0.0421025960431846
-0.62197416450419	0.301690782802897
-2.30435569641955	1.18273827430254
1.06486246675163	0.651474568785054
1.93825867832063	1.21180759279955
-0.741611944171996	0.257255485732723
-1.29416690786798	0.591404736908153
0.146774179931898	0.0369732700828277
-0.791200734986484	0.350537676799604
0.927351230398855	0.623468606272222
3.62849380145916	1.43519617024906
-0.125075823964744	0.0503368031318774
1.30777883892102	0.573295283481806
2.10344353635388	0.942792530959027
1.76058979648195	0.98513330846223
1.31497186902393	0.578443560062359
-0.166720587533231	0.0607503375240969
-0.243192926623713	0.0796302555049372
0.931950133432299	0.244413497437813
0.650802186307997	0.206632813066924
0.140184451576725	0.0265585662587612
2.74877977095104	0.77489585677119
1.95062146582611	0.454190159391569
0.479715398023099	0.300734245534795
0.878600540442999	0.471543293851663
1.43510092202551	0.893534722107681
1.05190641618068	0.51002643787858
0.417834759836567	0.167613298310707
0.129643490477834	0.0556510075398059
-0.54691608429449	0.210052738102582
0.126517413282581	0.0542784291940882
0.340084809113917	0.169930804758096
0.801714657256735	0.337060528420653
0.302813388829798	0.18162760908266
0.00432703722693299	0.00225026370303969
0.140184451576725	0.0265585662587612
1.43693291937878	0.478412112216202
0.936011360767503	0.245553152580958
1.95062146582611	0.454190159391569
1.95135265955319	0.45428366780025
-1.80379071234984	0.398266610487963
0.65074859981898	0.206366756402058
0.483812550935694	0.304355174727422
0.653242855413462	0.207522075223881
0.810688359963782	0.341190097058029
0.513219052715781	0.184783577478651
1.43800010768495	0.477126378120325
0.13399505078176	0.0452824652766507
0.421468110990343	0.169206090394133
1.01823421957205	0.385718705291343
0.144569280114635	0.042929282273931
-0.647461655721112	0.157598110120326
1.01392445389193	0.383875412660928
3.92309059860542	1.72743139836869
0.932444120238111	0.244842742206832
1.95135265955319	0.45428366780025
2.09703789272299	0.940172538936034
-0.643123124462485	0.156504140249688
-2.58453548475525	0.676764203908389
1.95062146582611	0.454190159391569
-2.58453548475525	0.676764203908389
-1.80379071234984	0.398266610487963
-1.807243397525	0.398882182291443
-0.644006342900786	0.156718049862583
-1.80379071234984	0.398266610487963
-1.80368476738292	0.398254084963023
-3.08953695583634	0.959084825597379
1.43736854221364	0.477697177929381
-0.644388443682788	0.157000626677781
0.139373629020068	0.0264474830594518
1.95135265955319	0.45428366780025
2.74700474235958	0.773735225227364
-3.77258088564468	1.51281229482079
-2.58453548475525	0.676764203908389
0.933710809861868	0.244826616527384
1.95062146582611	0.454190159391569
1.01881061691072	0.386619941894425
0.330119842071135	0.164603568569051
-0.168280676624519	0.0613309275118674
-0.424447277157623	0.179911651412099
0.583061486658868	0.302968243382615
-0.813952134178135	0.450015870122352
-1.35229239339305	0.859899438808084
-1.04520169383577	0.41997620954414
-0.535517937221125	0.205561517916868
1.31641060189182	0.578095540716024
-2.09540376401301	0.969930346989241
1.01482142364915	0.384344164321906
0.8046399083955	0.338558034322969
0.932829613639135	0.244963311679429
1.02060878637423	0.387301323550052
0.668943430071024	0.312477322619706
-0.267714144955106	0.136100539505666
1.95135265955319	0.45428366780025
1.43925987176693	0.479237157391687
0.132433406062052	0.0448790682365348
1.80837546568447	0.710560744847372
1.01921235268527	0.386192849735264
0.879109335937713	0.472093996764405
-0.264406533445697	0.134136213790559
-1.2992199320744	0.59331319337503
-1.50193810559762	0.768774265905354
1.05969096551613	0.647509032574783
0.88871520727212	0.768308061909512
0.128510875123466	0.0613985157413147
1.7418293123195	1.34980098107684
0.655055294702571	0.20808355560833
-0.362166381635235	0.105626912484328
0.652800991167172	0.207004492672909
0.142727172563101	0.0269105320645235
-0.239975824588399	0.0786192096818251
1.02150850319604	0.387098107061976
-1.86209163291269	1.18867683800876
0.373191714624493	0.167495561554729
1.31147797650061	0.575223127248405
1.02317008310264	0.387996770477132
-0.231030602804286	0.0756614949038123
0.657867026628534	0.208713496770991
2.09993760890072	0.942375075531877
0.931565691852841	0.244293555241305
0.136156966750329	0.025975077128062
1.95062146582611	0.454190159391569
-0.236305907551276	0.0774158597277084
0.339299043885222	0.169613101638522
1.01392445389193	0.383875412660928
1.80892476946184	0.710964612544011
1.75955206319763	0.987433265790141
0.65414904119533	0.208020876626531
0.50688951495116	0.182261063083595
0.140184451576725	0.0265585662587612
-0.644006342900786	0.156718049862583
2.74534949223189	0.773319630917041
-1.80379071234984	0.398266610487963
-1.80368476738292	0.398254084963023
-1.80368476738292	0.398254084963023
-0.644770889342653	0.156875139887313
1.95135265955319	0.45428366780025
-0.644388443682788	0.157000626677781
-0.362166381635235	0.105626912484328
1.80520382516112	0.709003956616184
1.95135265955319	0.45428366780025
1.01540222010121	0.384610211569901
-0.643123124462485	0.156504140249688
-1.15755644738434	0.355289941594665
0.147685616873541	0.0372140815523598
2.74877977095104	0.77489585677119
0.514659313486759	0.185330599053687
-0.0594734058262926	0.0284991547253173
-0.812478816817061	0.54400538628868
-1.18947620893422	0.675916339428314
0.147211981908801	0.0371529932006973
1.31324002887349	0.576609113923133
0.652800991167172	0.207004492672909
0.931565691852841	0.244293555241305
-0.739537230825823	0.256790305287863
0.130187649341207	0.0441073748021701
-0.542426008365989	0.208214347777777
0.511862538139479	0.183741470132812
0.426552218843411	0.171425080148201
-0.534119830392118	0.204770125602286
0.929363107220915	0.243670370746797
-0.244336422490329	0.0799101684604419
0.143549438263141	0.0362330396689423
0.932829613639135	0.244963311679429
1.95062146582611	0.454190159391569
0.126029498362731	0.0540764454807436
0.310437249983851	0.170989939476552
0.927601018172465	0.243257788968905
3.92120915738859	1.72324734120207
0.882073173610616	0.474794386552053
0.877751613062348	0.471944156412253
2.10142264111892	0.943067738907912
-0.806825394820163	0.444632671102922
-0.538167038511063	0.20623016620555
0.510007909511423	0.183564268952108
0.801714657256735	0.337060528420653
-0.162988659613012	0.0594305969388654
1.05111173287902	0.50970184884816
0.350863630572993	0.175658965240317
0.524979295216652	0.302161920704832
-1.8564989685255	1.18391827169119
0.136647163468063	0.0462674600791703
0.928481199205008	0.243805258274956
0.134672383551299	0.0401871605730982
3.62849380145916	1.43519617024906
0.140184451576725	0.0265585662587612
0.136156966750329	0.025975077128062
0.1325047548256	0.0505099388405216
-0.785341943065825	0.346624841667728
1.01540222010121	0.384610211569901
0.505159659700077	0.181649970886899
0.375308450248779	0.16867150412803
0.139373629020068	0.0264474830594518
0.806045844413056	0.339866638922853
0.813652809514829	0.341930849843106
0.664904427056566	0.31018357204091
0.131403007248952	0.0502411654303301
0.136149693891106	0.0406054953419776
0.650444653728205	0.206870989076807
-0.786748384546598	0.347623898535113
-0.174038178456592	0.0632687436691289
0.670780204362144	0.313732636016028
1.02028601783919	0.386776796263063
0.150443359742849	0.0377633287087368
1.01938669987078	0.386305411802006
-3.09066749133914	0.959393078286489
1.01450480132645	0.384141080456392
0.139373629020068	0.0264474830594518
-3.47021758744757	1.25549793829818
0.650444653728205	0.206870989076807
0.133719957549112	0.0453066786126365
0.932829613639135	0.244963311679429
2.74617618045436	0.774720201883077
-0.363074920327927	0.105749762822137
0.935126029437946	0.245318397037238
0.65414904119533	0.208020876626531
3.25399732634696	1.10138712863889
2.74617618045436	0.774720201883077
1.51067904346589	1.28726956130598
0.650991162239829	0.206772040177897
-0.625966193544888	0.304092312163021
-2.58453548475525	0.676764203908389
-0.538151618981623	0.206588191897496
0.426763417978963	0.171717622830452
-0.35900113863639	0.104616647983879
-1.29135050930103	0.589403957324184
-1.15392338036234	0.354212278509058
-0.167267366049274	0.0609436470739813
0.144241227938778	0.0428872731898325
1.31205222453913	0.576575770191727
0.138983315146558	0.0414025350222139
0.656410427642551	0.207912878138105
1.02407216663448	0.388349697761366
2.3414304812252	1.17832238721082
1.95062146582611	0.454190159391569
0.80126711010876	0.337101746422082
1.60358612560996	1.12056657158167
0.428884876273104	0.172685936510533
1.08185101022973	0.816920440454485
2.3414304812252	1.17832238721082
1.01970949094797	0.387091911393297
2.54999871340608	1.42058297047591
1.43554514923892	0.477898562880183
-0.338056664676754	0.157328094360537
2.09761678300046	0.940719512481992
0.806886142301205	0.340161855421042
1.55430286855383	0.773539156640171
0.306657702490832	0.184606807115515
-0.42041028264147	0.241371640138569
0.934627743232905	0.629702094655187
0.379347677900807	0.170431400942331
3.62559622686951	1.43343777832231
0.806045844413056	0.339866638922853
-1.04834429720487	0.421433521542912
-3.76557168292632	1.51230600255237
-0.424583674408848	0.243865928112409
0.76043310113217	0.451039423473922
1.06287276001064	0.648729516111975
1.05111173287902	0.50970184884816
2.74617618045436	0.774720201883077
0.424935578467476	0.170987715399205
1.01143749747674	0.381820822972713
-0.741848012858367	0.258096023054699
-0.119685566782326	0.0481687091447422
1.04502186505443	0.507130780035814
-0.537877518920207	0.206535210663043
0.884523445757304	0.475849452123069
1.01823421957205	0.385718705291343
1.04661731927128	0.507649762836834
-0.163534484401185	0.0596231662713251
1.24967893813282	0.688187970617562
0.650444653728205	0.206870989076807
1.80646672530512	0.709284888569376
-0.363074920327927	0.105749762822137
0.129771194134965	0.0438502601536233
0.14311796249796	0.0361933240878638
0.130876868199433	0.0500409830206624
-1.15253539705602	0.353154418604941
1.56022290020959	0.777163158923144
-0.543951619434175	0.208833717025581
-3.09408861819707	0.962829753125291
0.425186822532439	0.170842170434052
2.33820696694681	1.17549427117663
0.142836544444112	0.0424005568045196
2.09568423195787	0.938942642719777
-1.68862575587011	0.967695349540323
1.02640136155337	0.389250316085842
1.55965785379346	0.778082411244399
-0.16617394898698	0.0605322426701329
-3.09029030460571	0.960832707527767
0.650991162239829	0.206772040177897
1.95062146582611	0.454190159391569
0.125479832180241	0.0479193358256835
2.74700474235958	0.773735225227364
1.43693291937878	0.478412112216202
1.43517917219405	0.47735697092426
0.506315898519982	0.181852445327471
-2.58453548475525	0.676764203908389
3.62653315041301	1.43316175170825
-0.542420081502456	0.208092716001128
-0.643506271279338	0.156786530055825
0.932444120238111	0.244842742206832
-1.80379071234984	0.398266610487963
0.649294064553561	0.206116617727131
0.805204693550491	0.339371994678625
1.01881061691072	0.386619941894425
1.95062146582611	0.454190159391569
0.13912027261828	0.0264101516649031
0.932829613639135	0.244963311679429
1.54811999734119	0.769713301321377
0.150921468814773	0.0379194736694598
0.506024897221242	0.182012241745483
1.31410625822521	0.57783656828618
-0.118673738096202	0.0478020956268743
1.43602101245823	0.478148523404795
-0.648735146604395	0.157899750679971
-0.541858189636432	0.207923122154612
1.43736854221364	0.477697177929381
1.95062146582611	0.454190159391569
1.55669334526495	0.777212571863682
0.511447846039878	0.183898335950935
1.30806502302727	0.573080429177984
-0.362710949837822	0.10577213020672
0.673718391373836	0.315696987017925
0.126580946763741	0.0484205414565657
0.48646809841495	0.305912092848814
0.487763333991674	0.306461371404638
0.140369378009766	0.0801709730822064
-0.509742947314451	0.271026827995432
0.833399736993904	0.609764994780127
0.892998155697581	0.772582083695874
0.711716647749201	0.591394125055951
0.51408721869374	0.185096174251148
-0.245451398762788	0.162525086579522
-0.515450990444417	0.273912613596975
-0.4129266002395	0.174623248528402
1.94066454753336	1.21279544859551
0.426279362178874	0.171520403429387
0.128985887415983	0.0492872066083608
-0.363074920327927	0.105749762822137
-0.41401656070109	0.17494084170968
0.134409435237647	0.045482239289511
-0.119502036025581	0.0482059612807356
-0.78810398399432	0.348831685910165
0.132888220671258	0.0450543248212034
0.673718391373836	0.315696987017925
-1.28994819211541	0.588720908127976
-0.569390592689001	0.367218368520605
-0.118964218175896	0.047911892474698
2.54450931710749	1.41447458933852
0.669732606178604	0.313086579259695
-1.00687613150694	0.505951536888022
0.805769324127157	0.339679478238357
-1.86456002502359	1.1925945382009
-2.58478470503525	0.675813541092272
0.505733117049643	0.181688891875415
-0.366106353055766	0.106564775009011
0.136363976488978	0.0718885907773711
0.127666695648323	0.0488134294645902
2.01198205131292	1.89235893288568
0.670301079243839	0.31266659384799
1.01450480132645	0.384141080456392
-3.4697465656871	1.25533488138392
-0.242323132990394	0.0794545395999312
3.918269745807	1.72279408442701
1.74580488157198	1.35622606834629
3.25767918892079	1.1021663566718
-0.325838512855187	0.151615422989224
0.147211981908801	0.0371529932006973
0.932829613639135	0.244963311679429
0.139373629020068	0.0264474830594518
0.147685616873541	0.0372140815523598
0.931565691852841	0.244293555241305
-3.46630912179766	1.25319506698382
0.139930142590356	0.0265210820862786
-0.640820070260403	0.156173374069777
0.511170021003071	0.183944282461123
0.147211981908801	0.0371529932006973
1.95135265955319	0.45428366780025
-1.15847376642875	0.355686548405735
0.650991162239829	0.206772040177897
2.74617618045436	0.774720201883077
-1.80368476738292	0.398254084963023
1.31876238356208	0.579389020639623
0.650991162239829	0.206772040177897
0.145828384011954	0.0367587486446884
0.876232504984603	0.469459284497205
1.04794260318453	0.509335640030191
0.802281286210352	0.337872104439243
1.54785122749093	0.76945291562256
0.311642428264855	0.171225555331363
0.511170021003071	0.183944282461123
0.581481718977274	0.302576775462838
0.692869143548405	0.453092897754655
0.516143076925989	0.185425376730081
2.33676481628703	1.17407183630699
1.31670122068132	0.578357087896594
0.669732606178604	0.313086579259695
0.769804938985043	0.606323579274736
-0.422075454177104	0.178557882335538
0.150004967546857	0.037720852406733
0.143992581516926	0.0427137531860369
0.668943430071024	0.312477322619706
0.139884098064408	0.0416988824150201
1.95135265955319	0.45428366780025
0.150004967546857	0.037720852406733
0.935515179855096	0.245440180005837
0.932053557222951	0.244515800737602
1.43511052997664	0.477089390053173
0.511170021003071	0.183944282461123
1.25455532885968	0.691509463795607
0.936401569876498	0.245675339056074
0.50688951495116	0.182261063083595
0.139373629020068	0.0264474830594518
-0.362166381635235	0.105626912484328
-1.53008074641995	0.551315909915169
-0.360456731308573	0.104884503482122
0.146301463254213	0.0369121679082859
1.43973986105876	0.479489791047764
0.140458165206262	0.0418615852654621
-2.30996268247794	1.1849792674943
-0.73573287867505	0.254783841429607
-1.5045457353372	1.06399173133304
0.133273399379646	0.0451030381230293
0.510875541395758	0.183928738190787
0.133155287376562	0.0451076874905746
0.936401569876498	0.245675339056074
-0.361802623855853	0.105358062763741
0.137049883482728	0.0408453847208138
0.153733421849462	0.0384586410081059
0.139930142590356	0.0265210820862786
0.13912027261828	0.0264101516649031
1.43146070068228	0.47602253118107
-2.58453548475525	0.676764203908389
0.140184451576725	0.0265585662587612
-1.80368476738292	0.398254084963023
0.141111686058764	0.0419151383415947
-0.235165124888598	0.0769431925548772
3.25490159683282	1.09988604599349
2.54561939521382	1.4182407785019
1.3164585335295	0.576484309411764
1.55248068452331	0.773232684060457
-1.15019981108223	0.352703694647943
0.125469311581536	0.0478425628448492
0.653790201953018	0.20742302218683
1.80556115744	0.709204238553249
0.657867026628534	0.208713496770991
-0.238048417060954	0.0780891030505443
-0.64477214166203	0.156983480169134
-3.09447285673231	0.961828946915894
-2.30491528922032	1.18235919452803
-0.366106353055766	0.106564775009011
1.37585204316202	1.06080485198058
-1.80368476738292	0.398254084963023
1.31349145731342	0.576107730106197
0.650444653728205	0.206870989076807
1.02093077092512	0.38619737974925
1.43693291937878	0.478412112216202
0.647045217228672	0.20541570040493
0.650802186307997	0.206632813066924
-0.362166381635235	0.105626912484328
0.142637387713013	0.0360861991956938
0.932444120238111	0.244842742206832
3.2530948013434	1.10108931722157
1.2264014700643	0.844626207809441
0.970993960029384	0.788288244737527
0.451474996873469	0.305226188863251
0.13345272036125	0.0452283641533281
0.374712854288912	0.167947254490276
0.583253175817435	0.303635376955792
0.805898762171884	0.338422977144022
0.415446911836399	0.295947695195531
1.59467598686401	1.11117723158559
0.968643817048917	0.784847934156684
0.13646011285282	0.0717951592640153
-1.19048167310327	0.675913541131212
0.547926199261458	0.433397154286748
0.312160850306665	0.172074787324587
0.37833661593299	0.170002195370742
-1.54238163545367	0.556701514145195
1.04873940580309	0.509802214935004
-1.5318146928413	0.553494474919415
1.55965785379346	0.778082411244399
0.652695254572546	0.207024892635355
1.95135265955319	0.45428366780025
0.139373629020068	0.0264474830594518
0.646143141275968	0.205158328067658
0.931950133432299	0.244413497437813
0.510875541395758	0.183928738190787
-0.334110387463759	0.15580149518799
1.31098259018576	0.575061904640739
0.14311796249796	0.0361933240878638
1.95135265955319	0.45428366780025
-1.80379071234984	0.398266610487963
2.74534949223189	0.773319630917041
-1.80368476738292	0.398254084963023
-0.741848012858367	0.258096023054699
1.80610961993801	0.709606900893752
-0.247753299328153	0.0810425506810865
-1.5375444255416	0.556007810250909
0.420669341008655	0.168873722592186
1.02349375759299	0.388665902021623
0.931565691852841	0.244293555241305
-1.51200245574654	0.779034836916128
0.147685616873541	0.0372140815523598
1.43645613213741	0.478161609320723
2.74617618045436	0.774720201883077
-1.80368476738292	0.398254084963023
1.95062146582611	0.454190159391569
3.25676960114744	1.10310692759313
2.7496138177855	0.775189687209382
1.25854736828994	0.694881226930905
-0.789460915420932	0.349359125409294
0.515526842938941	0.185438865140755
0.667584112949368	0.312199796382596
1.80520382516112	0.709003956616184
-0.745575630010693	0.259159802580382
0.806045844413056	0.339866638922853
2.3422956193501	1.17824228040636
0.138791573856085	0.0413094962520647
0.650802186307997	0.206632813066924
0.929766110567839	0.624950468302556
-1.18947620893422	0.675916339428314
0.140184451576725	0.0265585662587612
4.16231600230563	2.0032971008075
-0.565634984624932	0.363079409151474
-0.630768616520417	0.307077689658054
1.59609148573164	1.11075111535149
0.765133424361134	0.455487920457593
0.131596687374881	0.0392828969566221
0.1300409938453	0.0496158380371013
-0.243466592241872	0.0797347561677764
0.808289692790784	0.340445735353542
0.295039040383601	0.190247908396197
1.25664969996917	0.694322095482239
0.337565419310773	0.16870015582955
0.129471724631548	0.0439089865174185
-1.34776444927957	0.85447733162647
-0.643506271279338	0.156786530055825
0.933324263209431	0.244705909364566
-0.364212438746839	0.106078206157018
0.333126173687756	0.166160929584672
0.139947662100296	0.041632372501591
0.136156966750329	0.025975077128062
0.13912027261828	0.0264101516649031
-3.08991345953591	0.960747174631736
0.142469531863295	0.0268725113483955
-0.643123124462485	0.156504140249688
1.02064242307051	0.385788374405308
-1.86325365898618	1.18832777226176
-0.6691937520225	0.4014477270877
0.429938313744793	0.173061238352031
2.7496138177855	0.775189687209382
0.933710809861868	0.244826616527384
-1.80368476738292	0.398254084963023
-0.644006342900786	0.156718049862583
0.669203698295707	0.312886079456326
-2.29660818758835	1.17545315689145
-0.415880213118191	0.176088333213337
0.141686950510094	0.0421288595298015
0.799710015319836	0.336365637644939
1.02060878637423	0.387301323550052
0.140184451576725	0.0265585662587612
0.147211981908801	0.0371529932006973
0.142261903209059	0.0422917434711763
0.147211981908801	0.0371529932006973
0.135344827059028	0.0258639507496658
1.8046556556941	0.70860181691833
1.31583685770224	0.578688566094146
0.585550672734543	0.304938403297854
-0.631064140132954	0.307206484600334
0.511862538139479	0.183741470132812
1.02118575779327	0.386986467154184
0.130350616233331	0.0498203134879727
-1.0424602576406	0.419767093556931
0.676127107520661	0.316537601377239
0.137049883482728	0.0408453847208138
-0.0810748454046284	0.0359315236089499
-1.15347733768864	0.353947479713194
0.881565295558775	0.474241349803956
-0.238350157281475	0.0780664823782393
-1.15347733768864	0.353947479713194
-1.11727355339385	0.772286377524577
0.132055846316588	0.0447762654002208
0.147649013295955	0.0371443901885897
1.31526291532979	0.577331121752138
0.424138358301413	0.170604635851743
0.147211981908801	0.0371529932006973
1.7445531116544	1.35124530100447
1.04928845669154	0.510185199589409
-1.53327386150544	0.554071585244721
1.0524546418399	0.511237241963224
0.136647163468063	0.0462674600791703
0.126517413282581	0.0542784291940882
0.307381776003303	0.184892787825099
0.130141945444793	0.0621704951878363
0.806045844413056	0.339866638922853
0.93871391671757	0.245790150722076
0.142469531863295	0.0268725113483955
0.144569280114635	0.042929282273931
0.147211981908801	0.0371529932006973
1.95062146582611	0.454190159391569
0.13912027261828	0.0264101516649031
0.939107808803008	0.245913360600712
0.140184451576725	0.0265585662587612
-0.741276499011426	0.25781621104378
2.34056471803493	1.17779626883001
-0.118889047336032	0.0478319304173705
0.41838027739936	0.16771050497688
0.142637387713013	0.0360861991956938
-0.647852271039411	0.15768507802046
0.649844875202924	0.206303215221175
-1.50701639972444	0.77640312788577
-0.7389639873091	0.256670839118185
-0.414031981947508	0.175185312090786
0.144569280114635	0.042929282273931
0.37211414114197	0.166982131110234
3.62849380145916	1.43519617024906
1.02317008310264	0.387996770477132
-0.362530893266771	0.105463937638037
1.95135265955319	0.45428366780025
-1.80379071234984	0.398266610487963
0.931950133432299	0.244413497437813
0.146301463254213	0.0369121679082859
0.932829613639135	0.244963311679429
0.429178612651094	0.172340292704175
0.131787374311868	0.044628168520868
-0.415608883219363	0.17598019938734
0.144241227938778	0.0428872731898325
-0.168361343254433	0.0612342829415445
0.430233238224466	0.173265323266744
0.319329887852886	0.176440025578113
-0.412656054429682	0.174681011524449
-0.330383234339374	0.15410561364646
3.62466075691912	1.43256044684919
0.802847723592207	0.338179963633335
-2.3006765631542	1.17791620123856
1.05111173287902	0.50970184884816
0.799710015319836	0.336365637644939
0.142727172563101	0.0269105320645235
-1.15067412918645	0.352834915266282
0.429138140572359	0.17277091636147
0.668145533595042	0.311709021594546
-0.740110783258044	0.256652541676967
0.140458165206262	0.0418615852654621
1.0344828673512	0.499147238327093
0.419069166940042	0.167903313001811
0.122586734723362	0.0469091239037621
-1.8399048261413	0.758450988346558
-0.115406714289766	0.0465279298350222
-0.544676860697881	0.209125800517674
0.432609510903912	0.174064034612515
0.579973128626267	0.300809716483461
1.05111173287902	0.50970184884816
0.514659313486759	0.185330599053687
0.429138140572359	0.17277091636147
1.55669334526495	0.777212571863682
0.140785309842846	0.0419396944428236
2.74617618045436	0.774720201883077
1.9537169353899	0.454657075827859
-0.644388443682788	0.157000626677781
0.139930142590356	0.0265210820862786
-1.80379071234984	0.398266610487963
0.139930142590356	0.0265210820862786
1.31410625822521	0.57783656828618
0.421468110990343	0.169206090394133
0.129250339089754	0.0493813338422963
3.25490159683282	1.09988604599349
0.140785309842846	0.0419396944428236
-0.486155147239824	0.328555409893412
0.133155287376562	0.0451076874905746
-0.787013983945816	0.348297448415918
0.514954766217988	0.185204661003018
1.8046556556941	0.70860181691833
3.62943539911313	1.43554672159634
0.142637387713013	0.0360861991956938
-0.371332425761918	0.107991313233765
-0.122978890800926	0.0495443307552067
0.150921468814773	0.0379194736694598
-2.58453548475525	0.676764203908389
0.142206421270329	0.0359541333965371
-1.80379071234984	0.398266610487963
0.139373629020068	0.0264474830594518
0.650444653728205	0.206870989076807
-0.362166381635235	0.105626912484328
-0.167814284601087	0.0611122958404124
-0.172391061207443	0.0627462855582972
-1.18407905245206	0.669479429261878
1.55430286855383	0.773539156640171
0.877981057575521	0.471386207006076
0.1413598194657	0.0421025960431846
0.67155584062676	0.31375933871707
0.373927614757211	0.167869305644167
-1.28994819211541	0.588720908127976
1.43463558957201	0.476840630255681
-1.29910988710549	0.594809212556218
1.01572390709762	0.384555884138452
1.02349375759299	0.388665902021623
0.134993392187805	0.0402831505348415
0.12337646703634	0.0472015738196517
0.140184451576725	0.0265585662587612
-0.242025564504491	0.0793476290892232
0.138983315146558	0.0414025350222139
1.76167794936984	0.990257765141138
1.01938669987078	0.386305411802006
0.131870569010978	0.0446938595709682
-0.122689221253698	0.0493866228349881
1.02697965062158	0.388934365978234
1.59841509717826	1.11518794817531
0.13912027261828	0.0264101516649031
0.509435415274993	0.183330389793874
0.429938313744793	0.173061238352031
0.775643005928571	0.609931905602813
0.584656426754335	0.303644357694526
0.130658112595085	0.0442562319396043
2.74617618045436	0.774720201883077
3.62466075691912	1.43256044684919
2.7496138177855	0.775189687209382
-3.47021758744757	1.25549793829818
0.650802186307997	0.206632813066924
0.800885599752655	0.336516454156011
1.95062146582611	0.454190159391569
0.142185918422229	0.0422239014432829
0.650444653728205	0.206870989076807
1.01791216425444	0.385692179378926
-1.80379071234984	0.398266610487963
1.04422282616674	0.506574585851397
0.142761726532005	0.0424383939640617
0.13345272036125	0.0452283641533281
0.136344135553989	0.0718465690676503
-0.539276806409919	0.207127681793212
0.666489401463363	0.311075097187264
0.367582142776689	0.164633896391165
1.04482077017085	0.50650336227409
1.04873940580309	0.509802214935004
1.04447170540575	0.505926902066011
1.76112706971004	0.987826929277576
1.31641060189182	0.578095540716024
0.657867026628534	0.208713496770991
0.931950133432299	0.244413497437813
-1.14972585591097	0.352042822396007
-2.58428653566473	0.675727611967995
0.140184451576725	0.0265585662587612
0.139373629020068	0.0264474830594518
-0.165216634284971	0.0951126999686637
-1.83875848168522	0.759162449562453
0.337727189507284	0.168802351707471
0.689928253510634	0.450762951486657
0.130086183242594	0.0497328022504383
-1.04729435938822	0.422179438065331
1.31262627398235	0.575986404326764
0.506315898519982	0.181852445327471
-1.04504330162185	0.420310634398934
0.147211981908801	0.0371529932006973
-1.5178110510006	0.781572084760555
2.72558384911261	1.6783581961631
0.932829613639135	0.244963311679429
2.09761678300046	0.940719512481992
0.878829699673846	0.471757404673678
-0.245742362350826	0.0803898319792119
1.01772714388996	0.385572121894974
0.339976223743276	0.170166434598039
1.03947870621418	0.503040033909469
3.92214982720788	1.72640548457834
1.01970949094797	0.387091911393297
1.43055010345603	0.474969302231746
2.10142264111892	0.943067738907912
0.140184451576725	0.0265585662587612
3.25399732634696	1.10138712863889
-4.58041407503706	2.56500305899133
0.761717486075164	0.451768286026266
-0.54298951890346	0.208686132634316
1.42548697094167	0.881481575859407
0.132433406062052	0.0448790682365348
0.509730325059622	0.183209946756868
0.77108794528947	0.607023831846497
-1.29343965055052	0.590338284427117
1.31847109511742	0.578360020930028
1.95062146582611	0.454190159391569
0.140184451576725	0.0265585662587612
1.43736854221364	0.477697177929381
-1.80368476738292	0.398254084963023
0.143912405765303	0.04271032796887
1.2492579840671	0.684973573323863
0.379913529433626	0.170777812231944
1.01823421957205	0.385718705291343
0.79803379266607	0.33575390202409
0.65414904119533	0.208020876626531
0.676910781112861	0.316879457877734
-1.29372102355982	0.59176400453293
-0.625966193544888	0.304092312163021
-0.742419833798786	0.258214778445979
-1.53327386150544	0.554071585244721
-0.362166381635235	0.105626912484328
0.146737983479964	0.0369987654124611
0.13912027261828	0.0264101516649031
0.136647163468063	0.0462674600791703
0.931565691852841	0.244293555241305
0.1413598194657	0.0421025960431846
0.140210488911627	0.0417260592948838
0.135249930542085	0.0403117237041322
0.368089159288004	0.165084917541878
0.517151622017387	0.42725388330412
0.689723782645233	0.450488899079502
0.140458165206262	0.0418615852654621
0.371321037027816	0.166503233216642
1.55780021737809	0.77493537674834
-0.118964218175896	0.047911892474698
-3.76960824963311	1.51539382282941
-1.18917499872805	0.675385979454538
-0.351782704870239	0.21502044996066
0.378842197395005	0.170257097428092
0.519821521062253	0.298661001498203
0.66841428029343	0.31227672090307
-0.128362767726421	0.0516183444162896
0.930241850617246	0.627270983084251
0.588700035346582	0.306389952403324
0.694533913677627	0.454624273964831
0.796774507121619	0.33444616319395
1.04873940580309	0.509802214935004
0.139052763408547	0.046964738842049
2.74617618045436	0.774720201883077
-1.15347733768864	0.353947479713194
-1.15347733768864	0.353947479713194
0.132055846316588	0.0447762654002208
-0.745246297326046	0.258886832464192
1.02118575779327	0.386986467154184
1.80610961993801	0.709606900893752
1.4406577565604	0.479253975897627
0.508940667886974	0.183098517310394
1.02697965062158	0.388934365978234
1.4406577565604	0.479253975897627
1.06752135248012	0.653606071236275
0.973888067222178	0.793419200598929
0.692425863237201	0.452803523337297
0.0165300009215903	0.0096271982410429
0.388460299991613	0.319624228153002
0.377174167356593	0.169574825269419
0.585419725717184	0.304820371771566
0.98079838668482	0.800682209471864
1.75669066801847	0.984164880676009
0.485837785035076	0.304974793594352
-0.364212438746839	0.106078206157018
0.127318606160041	0.0546303316327336
0.416767136029826	0.166963950578058
-0.673314550301141	0.404979872545956
-0.53973627715052	0.207373309478453
1.43255039003999	0.888634535590409
0.0573528797856139	0.038514106033911
1.80892476946184	0.710964612544011
1.43973986105876	0.479489791047764
0.151399210332705	0.0379807126979956
-1.53662981716208	0.555438343483155
0.149527783414501	0.0375652210591108
0.142727172563101	0.0269105320645235
0.651349240994328	0.207129762624853
0.140210488911627	0.0417260592948838
0.1413598194657	0.0421025960431846
0.805204693550491	0.339371994678625
1.2468036128484	0.685195352755621
0.586526888369375	0.305406263082896
-1.85778557311896	1.18542503264011
0.516102838475279	0.295428917802074
-0.0755309087809808	0.0334997458986579
1.02060878637423	0.387301323550052
0.336778908732161	0.168269421615906
-0.116490965625942	0.0469648901038593
-5.09272456439226	3.88235520104454
-0.671133366023786	0.403436983304301
-0.363074920327927	0.105749762822137
-0.944274079813958	0.698780950554791
1.54701454758415	0.768444605248625
1.442999624245	0.479373840163957
1.04794260318453	0.509335640030191
0.650444653728205	0.206870989076807
1.76326585307114	0.991462352256832
0.512314858404992	0.184147765390866
0.939107808803008	0.245913360600712
-3.09029030460571	0.960832707527767
0.140210488911627	0.0417260592948838
2.74700474235958	0.773735225227364
1.81018987136438	0.710369632471059
0.142206421270329	0.0359541333965371
1.80646672530512	0.709284888569376
1.04819021147158	0.508591595769797
0.128920723122242	0.0552786446610659
-0.418784916084236	0.239998716294731
-0.350393306561962	0.213799212335276
0.127695954893036	0.0609866611199307
0.80254307274593	0.337440554502806
0.644691758976379	0.204407522619992
1.94801672682215	1.2217851855653
1.35115817499172	1.24575826971469
0.127139358897129	0.0486135320129704
0.335019133812588	0.167438875167252
0.929877831662863	0.624563113609127
0.578818143859585	0.299981885038762
0.124983376738908	0.053579334437076
-0.239189944575117	0.078331525521977
1.25161733485976	0.688521459133206
0.510875541395758	0.183928738190787
-1.83482918178446	0.757249944313784
-0.415880213118191	0.176088333213337
0.505733117049643	0.181688891875415
0.146301463254213	0.0369121679082859
1.80429809838357	0.707492948913978
-0.644388443682788	0.157000626677781
0.652253897170883	0.207102973093912
-0.336930451616959	0.157131587578306
-0.0806731947887289	0.0357206382053144
-1.50824890096741	0.776614223925892
0.123113728309991	0.0471196042066694
0.128254156162725	0.0612224889777154
-0.741276499011426	0.25781621104378
0.429005684878874	0.172292773737297
-0.232247150318379	0.076049180021852
1.74371923758764	1.35081505308384
0.882487787291162	0.472255295061966
0.524168118007528	0.301510101538754
0.146974632830309	0.0897702706070071
0.308697486277762	0.169818313315954
0.509435415274993	0.183330389793874
1.31205222453913	0.576575770191727
0.141686950510094	0.0421288595298015
0.127144848043385	0.0545432860660862
1.02093077092512	0.38619737974925
0.654507105141339	0.207585170258097
0.676653719812964	0.316955102147894
0.805769324127157	0.339679478238357
0.150481785037224	0.0377820806483386
0.936011360767503	0.245553152580958
0.139373629020068	0.0264474830594518
0.764659326147955	0.455272923907854
-0.78810398399432	0.348831685910165
-1.00123691845556	0.502856258630045
0.425158099758077	0.170968360882111
1.02439581816121	0.388554234754345
1.2526066754685	0.691415486937782
0.650444653728205	0.206870989076807
-0.742182711888573	0.257807372285815
1.50485690682183	1.27890665191123
1.95062146582611	0.454190159391569
1.54728399374418	0.76905142613798
-1.04272005949682	0.419280018630572
0.650444653728205	0.206870989076807
0.506024897221242	0.182012241745483
0.13912027261828	0.0264101516649031
0.146301463254213	0.0369121679082859
0.649897891813891	0.206374526154303
1.43554514923892	0.477898562880183
0.126029498362731	0.0540764454807436
0.135892687142016	0.0405226661566277
0.146774179931898	0.0369732700828277
0.932829613639135	0.244963311679429
-0.237964363432232	0.0779752644503507
1.95062146582611	0.454190159391569
-1.53662981716208	0.555438343483155
1.95135265955319	0.45428366780025
0.931565691852841	0.244293555241305
0.936401569876498	0.245675339056074
-0.412656054429682	0.174681011524449
0.131103414420957	0.0563135018124023
0.134973859505914	0.0456812873652998
0.806045844413056	0.339866638922853
1.01572390709762	0.384555884138452
0.653790201953018	0.20742302218683
2.7496138177855	0.775189687209382
-0.171459560951733	0.0624735259319497
0.802281286210352	0.337872104439243
1.95062146582611	0.454190159391569
0.139373629020068	0.0264474830594518
0.147211981908801	0.0371529932006973
0.804503833721828	0.338780381862777
-0.543552235605529	0.208968478049413
0.767687336710163	0.456830051672042
-1.8396714502032	0.75990222543046
-1.83391433948043	0.756511402066625
0.139930142590356	0.0265210820862786
3.62559622686951	1.43343777832231
1.50569387328298	1.28002012808126
0.649294064553561	0.206116617727131
3.9240314702215	1.72721837440263
-0.541143935926914	0.207671605461044
-0.644006342900786	0.156718049862583
-3.09029030460571	0.960832707527767
1.95062146582611	0.454190159391569
-2.58843250021574	0.677477739401539
-1.80379071234984	0.398266610487963
0.150921468814773	0.0379194736694598
-0.363619197342818	0.105894774191241
1.05751789806473	0.644859821714879
-0.541296447427492	0.20764222744423
0.514659313486759	0.185330599053687
-0.631359736133	0.306840471126535
2.74617618045436	0.774720201883077
0.376599525112476	0.16921731006543
1.95062146582611	0.454190159391569
-0.644006342900786	0.156718049862583
-1.80368476738292	0.398254084963023
0.652695254572546	0.207024892635355
-0.362166381635235	0.105626912484328
-0.67068109745064	0.402941002501857
0.131592549884353	0.0446096178723685
0.515653637680753	0.295422205184155
-0.814039443818446	0.450109713535553
0.370117405642991	0.165787008453642
-1.69560017546339	0.973781826707912
1.43736854221364	0.477697177929381
0.592256281074592	0.447278506393742
0.159868702069518	0.108490778629089
-0.644388443682788	0.157000626677781
0.143992581516926	0.0427137531860369
2.74534949223189	0.773319630917041
0.140184451576725	0.0265585662587612
0.148598486564552	0.0373599031239063
0.146774179931898	0.0369732700828277
0.140184451576725	0.0265585662587612
2.7496138177855	0.775189687209382
0.932444120238111	0.244842742206832
0.131403007248952	0.0502411654303301
-1.51296943532397	0.778828600583909
-1.2945637325033	0.591302991254098
-1.8396714502032	0.75990222543046
-1.68943020109639	0.968333269055803
-0.538988830342672	0.206637222810477
-0.234259276164921	0.0768738569502217
-0.333691830091661	0.155561116107088
1.8765695301709	1.60496931695234
0.510007909511423	0.183564268952108
0.932829613639135	0.244963311679429
0.14311796249796	0.0361933240878638
1.95135265955319	0.45428366780025
-1.84361095481451	0.760317515339505
-0.23399197044413	0.0766065031875398
-0.239975824588399	0.0786192096818251
0.879338544854702	0.471347900959241
0.133155287376562	0.0451076874905746
0.579306411846112	0.300695190941969
-0.359911076994201	0.104872867536805
-0.236876597981329	0.0775723615768606
3.25399732634696	1.10138712863889
-0.366464707125696	0.106727724314083
0.480552820312974	0.301356035046884
0.312954322742067	0.172449871443141
-0.00146742169054343	0.000781154339934993
-0.647461655721112	0.157598110120326
0.511170021003071	0.183944282461123
0.139373629020068	0.0264474830594518
3.2530948013434	1.10108931722157
-0.359365673988087	0.104727737543846
-0.262770460211448	0.133240632678087
-0.787013983945816	0.348297448415918
-0.999109679756036	0.50221030256292
-4.01355559579839	1.7650763449388
-0.640820070260403	0.156173374069777
0.146831091835794	0.0369592007582587
0.933324263209431	0.244705909364566
1.04794260318453	0.509335640030191
0.135805977315208	0.045997318265274
-0.540582499054048	0.207502129989812
-0.538167038511063	0.20623016620555
0.931565691852841	0.244293555241305
0.139930142590356	0.0265210820862786
0.13912027261828	0.0264101516649031
-3.09370472754254	0.961571400894305
-0.114902015993657	0.046336907676958
0.655055294702571	0.20808355560833
0.152685341109263	0.0932773150320067
-0.115985853788578	0.0467592443534002
-3.08953695583634	0.959084825597379
-1.04900334165877	0.422413472971706
0.147685616873541	0.0372140815523598
0.144569280114635	0.042929282273931
1.95062146582611	0.454190159391569
0.57968177566121	0.300745816450534
3.03104397893142	2.24997670863181
0.145828384011954	0.0367587486446884
0.650444653728205	0.206870989076807
0.136156966750329	0.025975077128062
-0.644770889342653	0.156875139887313
-3.47021758744757	1.25549793829818
1.95135265955319	0.45428366780025
0.931565691852841	0.244293555241305
0.935515179855096	0.245440180005837
-3.46538037258837	1.25291021678476
-1.15755644738434	0.355289941594665
-1.04189216281964	0.418924226052755
0.146301463254213	0.0369121679082859
1.31032217925647	0.575449353150941
-0.538714119684408	0.206903909568311
0.932444120238111	0.244842742206832
-0.367370736590504	0.106848889573284
0.65469668159777	0.207920986734369
-0.542420081502456	0.208092716001128
1.80520382516112	0.709003956616184
1.54986023346037	0.768863695347867
0.142637387713013	0.0360861991956938
-0.362166381635235	0.105626912484328
0.139373629020068	0.0264474830594518
0.935126029437946	0.245318397037238
-0.643506271279338	0.156786530055825
0.147685616873541	0.0372140815523598
1.95062146582611	0.454190159391569
-1.8396714502032	0.75990222543046
0.508940667886974	0.183098517310394
-0.36125776400353	0.10521302829144
-1.83933150009103	0.759192863567997
1.02118575779327	0.386986467154184
1.43784625468668	0.477947615428851
0.146737983479964	0.0369987654124611
0.14311796249796	0.0361933240878638
1.80409513671821	0.707822997900645
2.54348371020226	1.41484929621302
0.692371803389738	0.452443660878318
0.306960191400076	0.184575214139401
1.95135265955319	0.45428366780025
0.139930142590356	0.0265210820862786
0.13912027261828	0.0264101516649031
0.150481785037224	0.0377820806483386
-0.234259276164921	0.0768738569502217
0.135344827059028	0.0258639507496658
3.25676960114744	1.10310692759313
-1.80368476738292	0.398254084963023
1.95062146582611	0.454190159391569
1.30806502302727	0.573080429177984
0.512350271865968	0.184252494024572
0.153733421849462	0.0384586410081059
-0.511566278804616	0.271834433941878
1.02028601783919	0.386776796263063
0.150004967546857	0.037720852406733
0.671617393759094	0.31428154536115
-0.647461655721112	0.157598110120326
-2.31302360925346	1.18469416080771
0.1413598194657	0.0421025960431846
-0.363619197342818	0.105894774191241
0.142727172563101	0.0269105320645235
1.43554514923892	0.477898562880183
0.14311796249796	0.0361933240878638
0.426509628253346	0.171575902443478
-0.625966193544888	0.304092312163021
0.122771436232607	0.0527363958085792
-0.535517937221125	0.205561517916868
1.43693291937878	0.478412112216202
-0.797290903043392	0.353405248491079
3.25219401652934	1.09882975306147
1.43973986105876	0.479489791047764
1.95135265955319	0.45428366780025
0.140184451576725	0.0265585662587612
0.139930142590356	0.0265210820862786
1.43693291937878	0.478412112216202
-0.538440187846927	0.206758866526095
0.668674674115125	0.31247028693812
0.135241571366043	0.0457978406238609
0.12845890519089	0.0491078051730474
0.690371988468738	0.451250664311632
0.42791787344274	0.17200805643275
-1.50271492532943	0.772046424356126
0.123640608666328	0.0473064541364208
3.62747153154789	1.43107841687111
2.7496138177855	0.775189687209382
-0.41699461742993	0.176372793392454
-0.163793329784282	0.0597182116427333
-0.0774207473877777	0.0342892613639381
-0.945591192562386	0.702660715366717
-0.119470237064633	0.0481183717796714
1.25475418153282	0.692440407310782
-0.166720587533231	0.0607503375240969
0.650444653728205	0.206870989076807
0.0632933668570769	0.0426122952404803
0.649897891813891	0.206374526154303
1.44017683745973	0.479001218015642
-0.741276499011426	0.25781621104378
0.127144848043385	0.0545432860660862
-0.364163724519504	0.105904858966181
0.931565691852841	0.244293555241305
0.139373629020068	0.0264474830594518
0.147211981908801	0.0371529932006973
-0.632368626941211	0.307391044867781
-0.0830106220544108	0.0368355726931633
1.25692576864066	0.693521170574345
1.05111173287902	0.50970184884816
-0.171715828002281	0.062535222119982
-0.0839530297208923	0.037220594510989
0.371606476441863	0.16672745564024
0.932444120238111	0.244842742206832
-1.00951280160404	0.508764632003384
-0.172391061207443	0.0627462855582972
0.130876868199433	0.0500409830206624
-1.12022186645478	0.776919708070814
1.2278983774645	0.847224192673576
0.803109682744645	0.338252847610738
0.592672839145511	0.55105316317382
0.132055846316588	0.0447762654002208
0.652695254572546	0.207024892635355
0.651896042016441	0.207030647505349
1.01921235268527	0.386192849735264
1.31032217925647	0.575449353150941
2.74534949223189	0.773319630917041
0.136471442907569	0.0407207925774643
-0.747630638147624	0.259859955972283
-0.353073029682724	0.216018623238028
0.76989256828358	0.45871147526977
0.122059627868634	0.0466607605491484
0.367250953360033	0.164667889175643
2.74700474235958	0.773735225227364
2.74700474235958	0.773735225227364
1.02730987438223	0.389285349271904
0.873217612473719	0.468039423479721
0.382364137709891	0.171608562843552
0.650444653728205	0.206870989076807
0.135739881775618	0.0713394740153769
0.587630966085751	0.306003814034042
0.886598626073999	0.47725576882334
1.95062146582611	0.454190159391569
-0.644770889342653	0.156875139887313
-1.19275803323518	0.677638444782413
0.121969436589159	0.0523853124302879
0.578508079740895	0.30029882335315
0.131520310831589	0.0629233858438764
-0.791745678755755	0.350963339322673
1.24733384964899	0.686494356169944
0.803109682744645	0.338252847610738
0.582083399407935	0.302184062039937
0.582456807933657	0.303197115458259
0.12978568391941	0.0387494734151033
-0.169883896372831	0.0618368277104948
0.885814780397653	0.476941286014485
1.95135265955319	0.45428366780025
1.8098322354038	0.711329755606344
0.122804691738757	0.0469618730681739
-0.123774166039407	0.0498612949473713
-1.24557259130735	0.95015656835183
0.127022328643685	0.0607773445202976
-0.0253597934152095	0.0130093260969877
0.761311427926508	0.45191078872676
1.7606375835973	0.985536586873356
0.149527783414501	0.0375652210591108
0.122771436232607	0.0527363958085792
0.803937433966823	0.338472481863912
0.13399505078176	0.0452824652766507
-0.806354951886972	0.704579965200569
0.675557993110089	0.316008019478512
0.474754839404645	0.422030788152542
0.770220313796861	0.606324273251962
0.144241227938778	0.0428872731898325
0.268402223060423	0.200509478326894
-0.416068517235525	0.293320974773479
-1.04842789124673	1.20054892968679
-0.329023592181732	0.274100341246817
0.37109870850574	0.166395457666345
0.766222524494618	0.456608540802294
-0.120561224017653	0.0485103130019424
1.30777883892102	0.573295283481806
0.119525912529244	0.0512827147485709
0.4580423614324	0.433771070137145
-0.916563511752838	0.864510784026521
0.127666695648323	0.0488134294645902
2.38411723933153	2.02466965717368
0.673190814379244	0.315279389328192
0.416468123648044	0.166898135501802
0.773842461712744	0.461743820213614
0.119733666119417	0.057150237930287
0.335517758195776	0.167422949604769
1.03978331576876	0.502969125845704
0.149527783414501	0.0375652210591108
-0.789360513665424	0.349747285437635
1.08798705588304	0.822617726254109
-0.424447277157623	0.179911651412099
-1.24362300428755	0.948575273803561
0.316332004703826	0.174528178036329
-0.695767666798361	0.49421114269865
0.13345272036125	0.0452283641533281
-0.629760757383075	0.306527018012954
-1.1211271774489	0.777048950505015
0.451480199334467	0.305768712927924
-0.0522709545453327	0.0251356166625939
0.119870775452816	0.0458419996163068
-0.643506271279338	0.156786530055825
2.10554053295455	1.46513476776411
0.371278595961925	0.166743904522789
0.80479293401228	0.338642479380608
0.123573346195222	0.0530704722631677
0.486600949658437	0.306337430853567
1.43602101245823	0.478148523404795
0.430233238224466	0.173265323266744
0.139930142590356	0.0265210820862786
-0.640433285495798	0.155891307450366
-0.643506271279338	0.156786530055825
-0.114902015993657	0.046336907676958
0.375371225326836	0.168758685101821
0.133719957549112	0.0453066786126365
1.02407216663448	0.388349697761366
0.131138830447316	0.0501120794034004
0.147211981908801	0.0371529932006973
-0.421219984668851	0.178376295691611
-0.361622063644185	0.105340752849314
0.147211981908801	0.0371529932006973
0.139884098064408	0.0416988824150201
0.424863892598348	0.170611039670474
0.140184451576725	0.0265585662587612
-0.168535700512318	0.0614396736428628
0.505159659700077	0.181649970886899
0.371562012619632	0.166997408838697
0.580487011555094	0.301110764841341
0.338039337726491	0.168997178696222
0.79704317436288	0.334666256360803
0.669992340809613	0.313365566917382
-0.533557645822484	0.204456510973878
2.33647443108939	1.17343388735198
1.80556115744	0.709204238553249
1.95135265955319	0.45428366780025
1.95135265955319	0.45428366780025
-0.165914588337371	0.0604424067058836
0.50688951495116	0.182261063083595
-1.5318146928413	0.553494474919415
-0.416683138160911	0.176658736963844
-1.03953690806935	0.417771635817701
-2.08914030548738	0.967642230149142
1.43602101245823	0.478148523404795
1.43892052960144	0.896667408444665
1.80646672530512	0.709284888569376
-0.644388443682788	0.157000626677781
0.144816855539053	0.0429958878810455
-3.08953695583634	0.959084825597379
1.43511052997664	0.477089390053173
-0.412656054429682	0.174681011524449
0.116630961973922	0.0499717975710368
0.426763417978963	0.171717622830452
-0.363619197342818	0.105894774191241
1.30974779582566	0.574099743860578
0.13912027261828	0.0264101516649031
0.161671939885265	0.104976449426647
0.132288970423224	0.0695637011505713
0.800721225051069	0.336355711547751
1.04374081788366	0.506748469358095
-0.35900113863639	0.104616647983879
0.650086353252472	0.206202657488722
0.140184451576725	0.0265585662587612
1.01938669987078	0.386305411802006
3.62943539911313	1.43554672159634
1.05999498870785	0.646999130569134
0.130187649341207	0.0441073748021701
-0.812096314171923	0.447962510147615
-1.53219054338251	0.553674997524989
0.651349240994328	0.207129762624853
-0.115191383174165	0.0464576903941925
0.136084377685652	0.0460683789796626
-0.239106827612661	0.0784166702528438
1.80520382516112	0.709003956616184
0.653790201953018	0.20742302218683
0.932829613639135	0.244963311679429
-0.644388443682788	0.157000626677781
0.936401569876498	0.245675339056074
1.95135265955319	0.45428366780025
2.74617618045436	0.774720201883077
0.137209797477049	0.0464410009267909
-1.83471685447698	2.15201643554613
0.316738448050686	0.175093321347019
-1.83100980576584	0.754410690712334
0.586038828074614	0.305252918237039
-0.631064140132954	0.307206484600334
0.802847723592207	0.338179963633335
0.283751130729881	0.181618087108241
0.340922485782012	0.17083254012451
-0.168637057401282	0.0973919607362052
-0.64834559013069	0.157812973783057
2.74534949223189	0.773319630917041
1.43463558957201	0.476840630255681
-0.243466592241872	0.0797347561677764
-0.0836707547885627	0.0370230725246624
-3.09408861819707	0.962829753125291
0.14311796249796	0.0361933240878638
0.145913540346097	0.0367609236539561
1.43554514923892	0.477898562880183
-0.237176848830075	0.0778020280962772
1.01482142364915	0.384344164321906
-2.08578796571711	0.965562416707721
-1.8564989685255	1.18391827169119
1.02640136155337	0.389250316085842
-2.58843250021574	0.677477739401539
1.43645613213741	0.478161609320723
1.9537169353899	0.454657075827859
1.43412178636911	0.891195052836483
0.134284439062011	0.0454806903417194
-0.0758470415286782	0.0336550832931381
-0.129663120146195	0.0520555588017999
-0.167267366049274	0.0609436470739813
0.136471442907569	0.0407207925774643
0.928481199205008	0.243805258274956
3.91920866228273	1.72418967780064
0.513791165711859	0.185017905562863
0.138771249693674	0.0468546625487764
0.136156966750329	0.025975077128062
-2.58817701744193	0.677412741892899
1.80556115744	0.709204238553249
1.95062146582611	0.454190159391569
0.13912027261828	0.0264101516649031
-0.53608051071038	0.205694677790987
0.876381455962576	0.469500134070201
-4.01411754197199	1.76498747005377
0.12684271834842	0.0485397725759886
0.76671601835935	0.454773722885245
0.585242601647037	0.304704976759703
-1.83334580943494	0.755859310527549
-3.09370472754254	0.961571400894305
1.80520382516112	0.709003956616184
0.932444120238111	0.244842742206832
0.146774179931898	0.0369732700828277
0.510875541395758	0.183928738190787
-0.414286829670234	0.175347041504799
0.650444653728205	0.206870989076807
1.06565523307007	0.651913962976632
1.43645613213741	0.478161609320723
1.9537169353899	0.454657075827859
1.9537169353899	0.454657075827859
0.650086353252472	0.206202657488722
1.01913264922984	0.38618919405726
0.147211981908801	0.0371529932006973
0.145828384011954	0.0367587486446884
0.510303034449659	0.183694667904733
0.80661030139522	0.340174283092776
-0.416202099608993	0.175842842152711
-0.644770889342653	0.156875139887313
1.442999624245	0.479373840163957
1.9537169353899	0.454657075827859
0.149527783414501	0.0375652210591108
0.651349240994328	0.207129762624853
-0.0801341146552086	0.0355476390543493
1.95135265955319	0.45428366780025
3.62466075691912	1.43256044684919
1.43973986105876	0.479489791047764
1.9537169353899	0.454657075827859
1.43602101245823	0.478148523404795
0.802847723592207	0.338179963633335
0.651349240994328	0.207129762624853
2.74534949223189	0.773319630917041
2.74534949223189	0.773319630917041
-0.239404477826605	0.0784394742303508
0.65074859981898	0.206366756402058
0.763044378286703	0.45331043807687
1.93663358274131	1.20980368813071
0.127222675433409	0.0431873188523152
-0.632368626941211	0.307391044867781
2.74534949223189	0.773319630917041
1.04714491608127	0.508623915304983
0.510875541395758	0.183928738190787
0.65469668159777	0.207920986734369
1.05572246847748	0.511387136070123
0.64559347674232	0.204972394147955
1.8046556556941	0.70860181691833
2.09491544551037	0.937355918392519
1.9537169353899	0.454657075827859
2.75223851146771	0.774442567945191
0.143665287756915	0.0427236629465922
1.30634143324578	0.572549276189887
-0.79283597775452	0.351347519140623
3.62559622686951	1.43343777832231
0.666746090606477	0.311537467124405
0.140458165206262	0.0418615852654621
-0.165843419056059	0.0603352068982405
0.146737983479964	0.0369987654124611
0.932444120238111	0.244842742206832
-0.534393347384375	0.205023861194337
1.80701548129766	0.709687594083792
0.933324263209431	0.244705909364566
0.13912027261828	0.0264101516649031
-0.362710949837822	0.10577213020672
-0.643506271279338	0.156786530055825
0.419199996125626	0.167977165099582
1.4328254821856	0.889560019848826
1.02011703978041	0.386086869931914
1.31205222453913	0.576575770191727
0.684983109136437	0.445603156148417
0.664328057587927	0.310135116741257
0.13279405965443	0.0569890673700884
0.932829613639135	0.244963311679429
0.142637387713013	0.0360861991956938
0.126553365684675	0.0544127338379484
-0.538440187846927	0.206758866526095
0.581955600437446	0.302048899755152
1.44207806938141	0.479000178026844
0.139930142590356	0.0265210820862786
-0.163793329784282	0.0597182116427333
-0.794189430050741	0.351626600334436
1.02201384172153	0.387406801790706
-0.238920608592102	0.0782667689841429
1.02259212061632	0.388312776500153
-0.366464707125696	0.106727724314083
1.01938669987078	0.386305411802006
1.04928845669154	0.510185199589409
1.80590455375819	0.707633639150203
1.80610961993801	0.709606900893752
0.13912027261828	0.0264101516649031
0.932829613639135	0.244963311679429
-1.53327386150544	0.554071585244721
1.0659018136909	0.650489494954504
-0.118167975302211	0.0475958821832056
1.44256127788974	0.479253790855247
-0.411606579711645	0.174215663689476
1.43736854221364	0.477697177929381
0.514382494097747	0.184718068254562
-0.122584906036092	0.0491730819416272
0.526248110657062	0.303103141893306
0.133155287376562	0.0451076874905746
0.140785309842846	0.0419396944428236
0.140184451576725	0.0265585662587612
0.13912027261828	0.0264101516649031
-1.80379071234984	0.398266610487963
0.140184451576725	0.0265585662587612
1.95062146582611	0.454190159391569
0.50688951495116	0.182261063083595
0.654507105141339	0.207585170258097
1.32082949962849	0.578518011832582
0.143425458842387	0.048271528106004
0.669992340809613	0.313365566917382
1.43736854221364	0.477697177929381
-1.0464197700532	0.420992950185341
0.432609510903912	0.174064034612515
-1.00253996429338	0.504337690350287
-0.170110577552325	0.0619558041516788
-1.00069761368402	0.503871862860633
0.150921468814773	0.0379194736694598
0.933710809861868	0.244826616527384
-1.80379071234984	0.398266610487963
1.80429809838357	0.707492948913978
0.931166434102395	0.244280970808413
1.95135265955319	0.45428366780025
0.801831777002685	0.337763886330832
1.60142263400054	1.11783471692455
0.128908083304086	0.0437239734052277
0.377457833359352	0.169712274475596
-1.85197388271716	1.7062294084545
0.584265660283402	0.303918165395246
1.80375022148517	0.707092166054158
-0.669499513113542	0.401857419392191
0.932444120238111	0.244842742206832
-0.643123124462485	0.156504140249688
0.150443359742849	0.0377633287087368
-0.643889763897163	0.156661592959279
-2.58843250021574	0.677477739401539
-0.237176848830075	0.0778020280962772
1.43973986105876	0.479489791047764
0.802396290093584	0.33767488408751
0.14103192177006	0.0419706320314239
1.43726424083862	0.895320592719432
-0.0833281245430227	0.0369538792562086
0.372399343899737	0.167140159545225
1.43657196137551	0.894571483632581
0.375655457683651	0.168810789931474
-2.58428653566473	0.675727611967995
-1.80379071234984	0.398266610487963
2.74534949223189	0.773319630917041
0.147211981908801	0.0371529932006973
1.95062146582611	0.454190159391569
1.31176150416243	0.575573951673107
1.80701548129766	0.709687594083792
0.340137787520046	0.17037003822384
-0.165914588337371	0.0604424067058836
-0.165145037809874	0.060131898293132
-0.0813002371397534	0.0359699164986355
0.132620364305083	0.0449502398034842
-3.4697465656871	1.25533488138392
2.74700474235958	0.773735225227364
-0.640433285495798	0.155891307450366
1.30691674991167	0.572884622733256
0.430233238224466	0.173265323266744
0.601628311313747	0.560699616180672
-0.213482030828295	0.116464642550654
-0.488348651631801	0.331784650479505
0.879919967317	0.47279402438654
-0.720547499705512	0.645602985379352
-0.260940873367695	0.132048250264846
1.25561416805772	0.693634697863814
2.09993760890072	0.942375075531877
0.369510978382374	0.165302120399364
0.412999524368279	0.312581847215457
0.40586596566872	0.306457158003424
0.368596073882526	0.165384111372272
-0.411606579711645	0.174215663689476
1.23183293232349	0.850249471494147
0.12820235405302	0.0613005971341395
-0.673392467547319	0.403896406797726
0.429685760035668	0.173072121254546
-0.0831977721764975	0.0368280039842016
-0.124569937655474	0.0501563108687718
-0.509930205757714	0.270943754129894
0.129685301369651	0.0619084246341447
0.534095543300933	0.307948137093488
-0.203638698069203	0.110824415583621
-0.112503603410884	0.0452673495102124
0.127525235694214	0.0548105218379527
0.874005490157051	0.468720582420416
0.128271118804624	0.0674292810718705
-1.63123319337367	1.26867703676505
0.314176618435738	0.173567898724346
-0.0430896785869481	0.0207565308569437
0.800994500180805	0.337272485795403
0.159981564760412	0.103789697407481
-0.330168720244119	0.153699012106793
0.134876551916302	0.0578813115225166
0.529950054663375	0.305537045368029
-0.115961829473528	0.0466833659031424
1.22556554517235	0.843641054220566
-0.1645988737961	0.0599392345868267
0.133604139296825	0.0639670357985834
1.4367565283313	0.893596215237905
0.367582142776689	0.164633896391165
1.46103742722545	1.46529268645854
0.522993256420394	0.300342281240617
-0.0221555265092706	0.0113787194346036
-1.86159035940595	1.18842806252905
0.581285251953855	0.301694526964054
0.131590940315959	0.0629457496018232
0.694924634025554	0.454865648832603
0.137209797477049	0.0464410009267909
0.13329387395159	0.0508544095046093
-0.0915879220201712	0.0567136285549965
-1.18817024161391	0.674901362088127
0.136647163468063	0.0462674600791703
0.804369098228827	0.338540181824416
0.375086899156727	0.168553234624934
0.674602570866497	0.588549903047858
0.472215258894028	0.29522018881412
1.30813869287995	1.53440239102544
-0.412188763877091	0.331919890274602
0.340922485782012	0.17083254012451
0.429685760035668	0.173072121254546
2.09903484483183	0.941607866167158
0.135344827059028	0.0258639507496658
-0.170912764961516	0.0622636754540297
0.379125334343994	0.170435339282331
1.43602101245823	0.478148523404795
-0.212619995659236	0.116034026054742
0.526145801769883	0.302648168111435
0.135344827059028	0.0258639507496658
0.136149693891106	0.0406054953419776
-0.359547086209289	0.104628681768365
3.92014768119151	1.72455292462658
0.881565295558775	0.474241349803956
-0.366106353055766	0.106564775009011
-1.15803450000539	0.355059130854004
1.43693291937878	0.478412112216202
1.31118731400187	0.576162678907346
0.803109682744645	0.338252847610738
-0.0590702425776256	0.0282984585048982
0.147211981908801	0.0371529932006973
-0.644006342900786	0.156718049862583
0.147211981908801	0.0371529932006973
-0.329803919740083	0.15352662064583
0.58227863023005	0.303015137081487
1.43554514923892	0.477898562880183
-0.238619080974611	0.0782457591467586
0.150481785037224	0.0377820806483386
3.25490159683282	1.09988604599349
1.04582003072606	0.507497265174686
1.43602101245823	0.478148523404795
0.142727172563101	0.0269105320645235
1.95135265955319	0.45428366780025
0.141726775817505	0.0358473898154438
1.436097211687	0.477124097113075
0.936401569876498	0.245675339056074
0.649540136788795	0.206300566749324
1.55347727946598	0.773183811517379
