x	y
0.176456386254323	0.140047410686271
0.0768989196094154	0.055828354187192
-0.0375362368970677	0.0251453752790769
-0.438985328489766	0.383818958475617
-0.672695301394848	0.403476230415534
0.141025049871822	0.0805782650954042
0.0457744660160256	0.0279959746853268
0.126343212728425	0.0542090070051475
0.29163325278708	0.199440533406863
-0.363344155048021	0.297299569770813
-0.743838178560171	0.258439685322713
1.06128515818229	0.647419172283466
-0.163490517795769	0.0941564065235773
-1.47281083194261	1.33895991147161
0.0220407927963723	0.0126919541620097
-0.809427565082717	0.447366972870512
-0.515051358639817	0.274425622246119
0.430293848996253	0.309451537594104
-0.416683138160911	0.176658736963844
-0.164333524416322	0.0945716010945063
-0.233689169788626	0.076674255613353
-1.6964033579819	0.976503197657573
-0.171518048915324	0.0989119363714078
-1.49061197222357	1.04349708114052
-0.536354313754785	0.205687389529939
0.128193918224566	0.0489929274062112
-0.430591193385737	0.248178248208477
-0.628962005303292	0.305951356252255
1.31847109511742	0.578360020930028
-0.244263635699202	0.0799024242801564
0.133283739219741	0.0571718282061538
-0.739537230825823	0.256790305287863
-0.212253745740639	0.166429683993259
0.139373629020068	0.0264474830594518
-0.238920608592102	0.0782667689841429
-0.747630638147624	0.259859955972283
2.54440293858941	1.41384024109447
-0.782233677155639	0.344921410633585
-0.367917894368281	0.107101339671787
-1.5369997817935	0.555799845674469
-0.643506271279338	0.156786530055825
-0.626262289418769	0.30408029518159
0.147211981908801	0.0371529932006973
0.139373629020068	0.0264474830594518
0.139373629020068	0.0264474830594518
-0.483632725282433	0.327257416669125
-0.125075823964744	0.0503368031318774
-0.0214104186951523	0.0110277060806506
-0.212654695260251	0.1160619831393
-0.53711139609878	0.506505884455381
0.0673165505055549	0.0453233649335171
-1.05573223971167	1.21207202908334
-0.235702342750488	0.0772348714749425
-0.121593828718454	0.0489641661787328
0.771537830862054	0.607165116539462
-1.07382176416679	1.14394943896668
-0.0434497407609418	0.0447341114971914
-1.49645444902717	1.05747678608987
-1.83391433948043	0.756511402066625
-0.805470200731222	0.535181588539789
0.131138830447316	0.0501120794034004
-0.745575630010693	0.259159802580382
-0.535229688526196	0.205150139645459
-0.904345278880882	0.851270439851151
-0.128004242908702	0.076916453066291
-0.0566494355376228	0.0371684782239552
0.261223203752185	0.217364247889741
-0.0335754332562052	0.0307295673227477
0.118979393354874	0.178636954449913
-0.230158216792066	0.216504112892042
-0.101761882313069	0.0751647376891547
-0.469610131064886	0.482491164749313
-0.669560756830165	0.40159438682992
-0.79229075965778	0.35123286452189
0.635186912175813	0.448482409150836
0.522993256420394	0.300342281240617
-0.463409128088736	0.625050437350224
-0.396542525766395	0.350770554043986
-0.0735449511360749	0.0707690106944374
-1.38149429383126	1.81836448932912
-0.549342043014298	0.466095087600587
0.262522582449003	0.210782437767599
-0.302910548201525	0.420992538601686
-0.370496535305441	0.432906089789258
-0.423864679112007	0.243686258608867
-1.86534867755449	1.18923538117866
0.484145541828921	0.30516110038687
0.116461853348455	0.0499034403132139
0.118092157174116	0.0506478065759975
1.04728142734923	0.50749510410576
-0.553379805669584	0.212046382092855
-0.416466624325534	0.293641072553474
-0.598979272267541	0.446341157746867
-0.295459068124728	0.189494358481747
-1.58247339781113	1.5538778686283
-0.527385184461162	0.49486913694221
-0.143163424022432	0.182690554387087
-0.591456571403684	0.673750866213064
-0.418836909369002	0.177528026956452
0.000215857009737156	0.0000961659813352486
0.763352841090491	0.453620197196593
-0.535791908283722	0.205464292080573
-1.18038457283741	0.668009433065026
-0.260622600593223	0.132363581503456
-0.631568377012149	0.307429315176704
-2.30996268247794	1.1849792674943
-0.412425499224897	0.174466513228787
-0.0811326193673469	0.0715848883323006
-0.0487857354437147	0.0319673945264163
0.548449934090606	0.826457587335251
0.15644835669903	0.100975547505003
-0.493902484057746	0.335538160759081
0.167574081414706	0.114324822860635
0.0684687389877156	0.0719764785958401
-0.969961212425343	0.602394044508982
-0.381875701963811	0.49681567152463
-0.387781358765007	0.409321588910142
-0.818859242316597	0.550569231340529
0.12390321693711	0.0474121589883158
-0.242025564504491	0.0793476290892232
-0.362710949837822	0.10577213020672
-0.0827248743193607	0.0366231336985067
0.140457390750665	0.0474017564571443
-0.232817046683503	0.076320654332776
-0.538714119684408	0.206903909568311
-0.36125776400353	0.10521302829144
0.63013182543378	0.445387825900595
1.21533102227467	1.01785723550645
0.10789168633401	0.135348814311845
0.230241903184785	0.235736377119328
-0.810802014368045	0.542274331984643
-0.344497551103761	0.160279850114623
-0.169883896372831	0.0618368277104948
-0.542142876918705	0.208312018224663
-1.15067412918645	0.352834915266282
-0.621470887216487	0.300977114104701
-0.542704791685888	0.208593778995558
0.425233825907791	0.170893815182968
0.749603019465142	1.06812962183373
1.11262814288408	1.13255046390289
-0.394066391609601	0.469340622561309
0.77340759204325	0.461297043232579
-0.260217735858802	0.132041011967463
-0.567372936723891	0.365560422922633
-0.0954644977740463	0.114168335637511
-0.0256661635554935	0.0131073238152441
0.132454946751471	0.0505582487246412
-0.530875865594866	0.202829591409281
-1.51335009673179	1.95737718705421
-0.272380931577109	0.328252338925961
-0.589190308624334	0.671282447590676
-0.541143935926914	0.207671605461044
-0.742419833798786	0.258214778445979
0.670774152609687	0.31324549840761
-3.76853265433323	1.5149268511572
0.148047531695805	0.0438361046687506
-0.534393347384375	0.205023861194337
-1.83909918131213	0.759394746718806
-1.80379071234984	0.398266610487963
-0.296752367287874	0.250550774693543
-0.396011289396762	0.811521208324507
-0.749657975742125	1.21434788680917
-1.11883665779003	0.776430679321354
-0.518524306873108	0.27638815782859
-0.328512567410627	0.152882934099669
1.06311797121507	1.24004857569402
-0.166266143216321	0.09592095006152
0.543626534002971	1.0755393202027
0.064989481204871	0.0608574467644347
-0.268534861886795	0.136526323607918
-0.902267934417162	0.848076428119882
-0.741848012858367	0.258096023054699
-0.366106353055766	0.106564775009011
2.09813250073282	0.939765309562342
-1.15847376642875	0.355686548405735
-0.995905784334288	0.498589766225226
-0.314201682510254	0.311632871686352
0.146614091966933	0.0837696496718581
-0.449859617669703	0.58362184233462
1.25536026137475	0.69181356761285
0.430233238224466	0.173265323266744
1.34501574738625	1.23728734428266
-0.00405127983287004	0.00370884223672403
0.136046594798443	0.0651462233807147
0.132620364305083	0.0449502398034842
0.12127262000712	0.0579514606332432
-0.305313025128466	0.226007869122532
-0.514904041419268	0.27427589806961
-0.362710949837822	0.10577213020672
-0.409812549593427	0.28846757401495
0.0921548911425126	0.0976310698899508
-0.429968299662544	0.559595561687199
-0.320826455458086	0.265836622021677
-1.15695131585701	1.55071708340431
-1.15847376642875	0.355686548405735
-2.30499456795345	1.18078664971879
-0.427614326446807	0.246287966585501
-1.50189456800915	1.06010611741294
-2.58453548475525	0.676764203908389
-0.643506271279338	0.156786530055825
1.94699385152922	1.21954915073352
0.649540136788795	0.206300566749324
-0.64834559013069	0.157812973783057
-0.165081805074421	0.292356546331503
-0.39340488362121	0.602142533043795
-0.816698239534227	0.638608022405113
0.138872678835803	0.0791903348067672
-0.816287695651942	0.638060997468059
1.34306259730831	1.23356145662155
-0.481280740717273	0.326408915139031
0.566469620066991	0.54275694636868
0.358066624114832	0.591149923975982
-0.335412465837786	0.378760363167408
0.938540764314267	0.925968845098736
0.166372553459012	0.122919659387283
1.30634143324578	0.572549276189887
-0.163534484401185	0.0596231662713251
-0.176186323474672	0.0638893242249096
0.151399210332705	0.0379807126979956
-0.160319523165808	0.0583350960570636
-0.745822468806859	0.25909130793883
-0.465190839253281	0.511494921956893
0.0781618452888312	0.0567560108924549
-0.0458534714535017	0.0407255957403082
0.157076805032263	0.101804592054343
-0.677883497628502	0.407585631004197
0.131063774470569	0.0626996992914999
-0.722009703228152	1.51049909547428
-0.238238452952737	0.0780615880676397
0.481737282253308	0.302279381384333
0.337004276951116	0.168546940844312
-1.29428175562447	0.591951812360937
-0.0505527619394724	0.0242777034166671
-0.127253916357286	0.0925815933289348
-0.627776481458223	0.304902086239894
-0.675245030276533	0.405928255241179
-0.172653089954209	0.120371378552966
-0.0479253878687455	0.053033070255041
-1.17658109294487	1.93789670701336
-0.644388443682788	0.157000626677781
-0.418580029248622	0.177413239267987
1.31118731400187	0.576162678907346
0.119365899944852	0.0569601618632301
-1.15392338036234	0.354212278509058
-0.7389639873091	0.256670839118185
0.139556940401302	0.0415648034416572
-0.782728265644951	0.345520476880253
-0.64834559013069	0.157812973783057
-0.538614196730549	0.206624351562852
-0.422027802909811	0.178635683220404
-0.476723727334087	0.322090711484819
0.0146413000677173	0.0216950050288536
-0.26250922856168	0.346999916834506
-0.543390780655078	0.458781860520361
-0.597680211335387	0.442954406487352
-0.486752238249778	0.33070916595852
-0.944740107483678	0.702075014054674
-0.701112048291796	0.499757449346472
1.51494768172225	1.82697755518458
-0.203638698069203	0.110824415583621
-1.07120144496991	1.14118274219113
0.28118710656873	0.191830143626703
1.36954627688499	1.84525589775574
-0.131025446811322	0.120016030721615
-0.209582850825597	0.283466921392237
0.17377900307152	0.167475825683979
1.21737147611421	1.33939446875068
-0.726019034920746	0.652289147389814
0.340137787520046	0.17037003822384
0.76226140097336	0.452657845292175
1.01881061691072	0.386619941894425
-0.633551783082171	0.308246741154595
-0.407342413248549	0.171938746621826
0.376161795930662	0.169144742488819
-0.717856110574815	0.950819465780399
-0.203589455541843	0.159097986600281
0.11599207731258	0.107264344791848
0.634905855749967	0.449456472477466
0.781762005662637	0.740567505098154
0.655740982517015	0.6750801946384
-0.0587149237341293	0.0599980089344958
-0.524921311052885	0.403629994871551
-0.0547777427183787	0.0263097135910096
1.3098344987372	0.574552074754926
-0.123558466593522	0.0497368390742081
-0.238048417060954	0.0780891030505443
0.265001380709729	0.213625672000986
-0.746398951925364	0.259006606566591
-0.170366108403779	0.0620020216160097
0.572546505087065	0.296022450033264
-0.248328055672158	0.236971446635393
-0.575781385797009	1.0384340645177
-1.09906411332386	1.9851340885705
-0.221223757167974	0.211692490284749
-0.253989185061921	0.25777814184593
-0.295137227932693	0.295882771499969
-0.813794991843424	0.449938009289746
-1.04359703690809	0.420463940972424
1.80892476946184	0.710964612544011
-0.810235170096758	0.447921924365261
-0.35900113863639	0.104616647983879
3.92014768119151	1.72455292462658
1.02028601783919	0.386776796263063
1.02291503169053	0.387759077614948
-0.35509650144986	0.103203233283959
2.10051794173385	0.942924711508684
-1.00549630243412	0.506795601514535
-0.811918645895505	0.633967321833746
-0.625795175731443	4.38242636545863
-1.31917980985382	17.4947687260296
-0.521170421940533	2.25250320148657
-0.334666634216371	0.883036482085635
-0.735501207608858	2.28196653808281
-0.645887808621109	2.04374998089951
-1.29206847797159	6.92464332492414
-1.7549466755517	20.1906187426084
-1.18177775217203	4.65959712382568
-0.408098522367981	0.649998879738477
-0.773636495443718	1.24442493263768
-0.406456202353408	0.528577490785738
-0.774398961999796	1.07160213642644
-0.881106299090601	1.60744914155329
-0.753755028511593	0.943647502095145
-0.816113008631514	1.1730247592348
-0.748935141956006	0.976189946891554
-0.563244507098279	0.67881594101929
-0.240542664563219	0.258845242027646
-0.557834663270536	0.715429432981516
-0.693164765292603	1.03769606537089
-0.0698301759276688	0.076114920682114
-0.683291523704335	1.51922727205298
-0.571010766241544	0.764794236619779
0.382518869742066	0.392792791642159
-0.503225864747169	0.649993321266415
0.360859821100676	0.315423546065329
-0.204238047759581	0.139142139026188
-0.0765256697813192	0.0339312694353969
0.12130018042734	0.0520130327808398
-1.19919344320829	1.65730694997734
-0.959146161224748	1.11200899806813
-0.431910017495796	0.507466171290613
0.101596831893083	0.0834194288851273
-0.193347131703714	0.201557227147774
-0.933641980689614	1.20980564475454
-0.919840061729794	1.18251481628683
-1.01801883768278	1.4931484671876
-0.225979022383629	0.248613736121923
-0.539670970665676	0.587787861600358
-0.317462472705621	0.26269748415199
-0.466346657206115	0.36872648340706
-0.115828907379265	0.069215927859194
-0.143527837064755	0.101976819548639
-0.730011375941524	0.711998801034217
1.76211464956105	2.18311981116306
-0.555208457688385	0.472674591568779
-0.927292849490874	0.789504093573097
0.178177677141175	0.161775066266745
-0.350719663928232	0.370467255528948
-1.30302913205227	2.21375042269178
-0.197320657416571	0.206261703029372
-0.478207798638511	0.493198805333688
-0.0887127227949194	0.0760014737681738
-0.0818266978581255	0.0627819576357187
-0.353684617446032	0.255991866035399
0.133962793640632	0.0641477163722926
-0.567247948552321	0.364124628683096
-1.76165240298015	1.96794409272321
-2.00440693052913	1.40946686712973
1.43215177918677	0.88921267960822
-0.805857661586363	0.444252595919224
0.296022281524834	0.191427960499397
-1.34799450076712	0.856586511344723
-1.85599754329465	1.18318323372186
-1.68914704649188	0.968211931970269
-0.574890959914383	0.619919849785292
-0.550846721727737	4.32042885414174
-0.797755567146648	7.74077659716559
-0.279247380554627	1.01940275450152
-0.220013739972164	0.570832041028477
-0.340132717629836	0.786014556461535
-0.268587586900111	0.608280666032274
-0.505369504170901	1.42537864022011
-0.715535402617783	4.43094184989733
-0.615142379633248	2.0099040322493
-0.854937131481881	1.89447022181831
-1.32028534916412	2.6816893934688
-0.612999924886024	0.956332062028253
-0.741131962425587	1.34073200613638
-0.25981338958037	0.301580266424159
-0.812794689990253	1.4831749765038
-0.808527345031287	1.10835043552032
0.0558457929426168	0.0493230343385116
-1.10510012246284	2.08477213066643
-0.384245614397908	0.454903122777952
-0.320740843512139	0.319677980924982
0.00384873115668538	0.00339857781289557
-0.682632340193559	1.31001889805552
-0.642905215146685	1.86778792463949
0.125821004821107	0.168414536453666
0.341791842401007	0.407886686397423
-0.164623246077644	0.148725603130041
-0.0950656925464015	0.0803120532508494
-0.308194433036872	0.228586731400252
-0.328512567410627	0.152882934099669
-1.25074795272894	0.95798011885691
0.290912872215923	0.199239756741339
-0.411390463562745	0.367677771973205
-0.929813399381504	0.792028413953472
-0.735591694805858	0.770910325262756
-0.289813541936001	0.353835005026415
-0.509884270138846	0.682752737057586
-0.51833312678056	0.912344723687591
-0.00741498802379875	0.00612032113998385
0.109618077036398	0.0948187694613136
-0.547799668626316	0.738203852157086
0.135427318021356	0.190843535390521
-0.77313389402023	1.24323248650162
-0.384631442253456	0.405991436468128
0.281725666131728	0.191584171408181
-0.17509573964052	0.122175626653097
-0.168767716769196	0.117481113522372
0.348874784619524	0.313863400239616
-0.805202861564022	0.947281232187743
-2.13573780475918	2.41641102726016
-1.16097521316729	1.31293937065871
-0.591169236609659	0.754798628401878
-0.162549098048144	0.167299068801761
-0.594359775456904	0.81441001347898
-0.624974804016706	0.982861333410365
-0.276636795208321	0.294908546645981
-0.394437263135328	0.531757334211578
-0.713894085025856	1.25596992709082
-0.713373403148105	0.901579811839036
-0.46550472381745	0.367947171390758
0.164195884613059	0.111805199474778
0.157513496391457	0.102004943292667
-0.641003129672568	0.584270257437848
-0.423697581346612	0.243202439050646
-0.574983308382564	0.530356609596887
-0.997747673620673	0.500612126294363
-0.806665027683436	0.444806365814789
-0.330122539139211	0.153617242404815
-0.81713471326309	0.635901046489002
-0.694960211289365	0.494858917356152
-0.860386316931634	1.11493949768972
-0.438684095570863	1.18926927403663
-0.426379339967529	1.73122981879114
-0.23867758309096	0.460839811505298
-0.188442725151991	0.25535674427664
-0.364336116809846	0.454621131982331
0.716465165499432	1.24172396949612
-0.176551275293503	0.173205738876832
-0.680433806368062	1.13173868979787
0.346298940822208	0.39092330133516
-1.31025815802633	2.37439542683315
-0.266929633885391	0.267558061982297
-0.291937732267517	0.297950547126284
-1.06091448084806	1.93715275426445
-0.297954853355652	0.33977111415124
0.000923161046379481	0.000904749057504057
0.173148508680248	0.205368685382116
-0.440369277650229	0.817546988437774
-0.128887236078825	0.15757380942387
-0.538082295211503	0.653122304821146
0.00755668680030365	0.00656894444627433
-0.618705005369122	0.660077957183806
-0.263623210557235	0.19864678523064
1.4343963951426	0.891484887181697
-0.116201193749778	0.0468543671532894
-0.212399617941664	0.166743799334614
-0.578012258308125	0.623791619556772
-0.951301976906256	1.09872158605235
-0.399822365865473	0.38618832805351
-0.293327706120199	0.247196651283432
-0.396688094223443	0.382415286467749
-0.731598563962183	1.13267636157048
-0.469906901477156	0.636115951897295
-0.951257824089215	2.01400159626398
-0.112539015360853	0.0939595575171479
-0.258719727356258	0.243015159023928
-0.968107333470891	1.7096347995884
-0.0637819252854427	0.0698517596681903
-0.352627304946951	0.395195507950124
0.406511595822457	0.400371325458507
-1.08522303247893	1.38396782382196
-0.367260229363053	0.331039048336831
0.058379093283192	0.0391424650839775
-0.382464945567262	0.403340613665908
-0.106286425946072	0.0786362719199675
-0.713407639368772	0.579460846941406
0.0761951695282407	0.0553160787020757
0.267832443882196	0.223615368443351
0.198613356880998	0.236838076640132
0.119603749532961	0.116911116323766
-0.165799802555048	0.161339503507428
0.112601001060053	0.0997943338225341
0.177904372311078	0.165164801075403
-0.134180000538899	0.141232896979497
-1.49909440356553	2.13948646593178
-0.737005342360357	0.770724126203277
0.158456589107449	0.0970972040122138
-0.439967651141134	0.384318232507861
-0.333537719912037	0.303867083183825
-0.332400861175524	0.154909270721447
-0.354083708909622	0.256423260663531
0.606723576890419	0.567678439447967
0.00565804251121628	0.00298975210465941
-1.02366237595536	0.938073047305496
0.652238804305892	0.669734864542672
-0.391469980374508	0.310951007781793
-0.142147122986811	0.288601301768381
-0.267303984197662	0.766066361177894
-0.664795381001516	2.03656375043416
-0.0994423717384823	0.132883892349337
-0.140767634533272	0.15657077796589
-0.43288548083122	0.671001328937841
-0.0671977505631643	0.0737645486662416
0.109314484429178	0.140120984385298
-0.792248376470907	1.66231834703585
-0.0260603355918438	0.0237329566923314
-0.343663875734594	0.482755318470509
-0.223887364571528	0.279305708085807
1.10977625214837	2.05055287238114
-0.3169799282288	0.481728148349254
-0.166918521161906	0.218031111856935
-0.264360285817142	0.365853501387718
-0.0770442286695964	0.0791819664229865
-0.405697401228255	0.50337107398968
-0.512058876231506	0.688108546029212
-0.381909350922342	0.450920215366625
-0.403563997292441	0.358945614754472
0.0514354276200746	0.0331033987319268
-0.815870154818471	0.548380010866602
0.396233477950991	0.410674668801837
-0.0236214664224839	0.02127364819271
-0.497291210567858	0.544431602099277
-0.0507917092222394	0.045246765000673
-0.272191181374218	0.274107965517425
0.572693815980052	0.700453740024971
-0.258447784716331	0.277016669403673
-0.130052707764134	0.144995862739749
0.538352721926998	0.819281911415226
-0.316531265976437	0.359190724360253
-0.115663186604267	0.110064588202691
0.115446842734925	0.106536593168638
-0.155127422851214	0.161353487834062
-0.0996397776997944	0.084505590506582
0.104554361595573	0.0940530009732929
-0.634769176394822	0.681524033508501
0.465823008123589	0.500142162527345
-0.0169773982812011	0.0136749412014395
-0.0742234363293237	0.0651635586035229
-0.320942989676118	0.289334112972886
-0.552570595108451	0.635312707511557
-1.15224492994666	1.5411664517272
0.64169244049587	0.748393299874291
1.00155692599148	1.2831059812683
-0.177478592703824	0.170710351024649
-0.378885271863732	0.398883226112821
0.0984735122581647	0.0862684934758021
-0.151872008078225	0.108494249161415
-0.111336248950266	0.102337562405749
0.582488140662935	0.643605627736274
0.0672089881011398	0.0485814546329558
-0.435165595111524	0.450651857871921
-0.57782958541082	0.533779582025183
-0.0771374202466642	0.0590528961460913
0.288497832699414	0.171407937296187
-0.808571544827495	0.777000175249662
-1.37080726553278	1.15177025689249
0.785884057777454	0.847446225041334
0.761893719063022	0.597379606619851
-0.402173206417883	0.357723234425016
-0.480494778803118	0.456564105273675
-0.168596917838493	0.16414328174709
-0.630726022151852	2.70707968895231
-0.565937265593057	0.908034532971292
-0.462682014413969	0.741217299936939
-0.344359199602456	0.500956593732203
-0.424319990032084	0.624759769839177
-0.112947449390457	0.13848178397153
-1.0902671629895	1.39208071977994
0.419907078692132	0.318671416673792
0.00228902383116197	0.0012028470653277
0.0331900530231846	0.0266062080663435
-0.378683437318756	0.447034459106083
-0.254697915926183	0.216366948556111
-0.588896178497736	0.751078999320642
-0.740190192011307	1.26626059095519
-0.0778498680632261	0.0661343865841027
-0.120139385952022	0.111133491803976
0.285532789084564	0.309559648140833
0.392272628529302	0.492846252428846
0.613435197536433	0.801153770308132
-0.474019865984821	0.644126704271816
-0.259784357961539	0.264273534503039
0.482518795669792	0.576338825729315
-0.197795294995594	0.175231229032698
0.419595853487508	0.484462440782989
0.173484896773238	0.141799563856642
-0.112849528079144	0.0946279738385347
-0.509244229158524	0.5186674455204
-1.0023013247753	1.28926507953353
0.0159837820907864	0.0117506621628631
-0.415051844051909	0.464279748858589
0.247881609424064	0.217067941013624
-0.290855034762285	0.271490939472997
0.0706222244954096	0.0511188598929661
-0.409722558988101	0.288213456659656
0.0257026022835141	0.0200719112504843
0.657325093172187	0.836338375140541
-0.722514784912354	0.700376389830412
0.377798801175668	0.38663480857985
0.38950510025199	0.402221765699584
-0.763000121806047	0.958674272714622
0.566085485273674	0.752939202557325
-0.115376042920886	0.0969320947444062
-0.267144792732539	0.201761275890293
-0.534548169538927	0.503032957576609
0.772589862383645	0.46085706692606
-0.164621270610491	0.0948978340310025
-0.274988679232942	0.236077927774841
1.21493468642968	1.59011989897224
0.730115441982609	0.80009868741491
-1.09658932406882	1.40360698989283
-0.408280049485619	0.455569678375081
-0.317048429870192	0.948896080880858
-0.219947396862909	0.545838816262237
-0.256748880634166	0.337493605402617
-0.712628839626467	1.32084394092746
-0.235482152848009	0.320504072570043
-0.139595364926365	0.170620245816211
-0.876902554332155	0.957351347180326
0.813514448297457	0.951211968960217
-0.818738300802206	0.788761341766281
0.11010841654643	0.0994385301549291
-0.147638182772028	0.134312691757036
0.456192777907512	0.500926898081531
-0.141833605246965	0.128619136599795
-0.258419385296039	0.27662052860422
0.118938178481554	0.110221613252516
-0.113173073328263	0.105964663740449
0.424902157151193	0.492440560225528
0.448552013420328	0.488506797615719
-0.121101653098685	0.11221615285624
0.346082807462446	0.40652092738788
-0.236842154162715	0.258900840971068
-0.594242221616853	0.679174465999527
-0.636923690262709	0.847857581836853
0.027154192669291	0.0246035067727315
0.119704366483381	0.106544459676121
-0.335564413188547	0.378690906051487
-0.306976738394979	0.282987657554778
0.173443590601622	0.173950077711045
0.300622755431008	0.301870469664347
0.559616802224303	0.62964710527253
1.06255330926598	1.33834681792677
0.180045541389431	0.17427024995246
0.346167741447432	0.300202054439774
-0.406455953894526	0.393729511822502
-0.306694853413757	0.302183162557152
0.0473197277154025	0.0390867678611274
0.252824257973579	0.20946717594143
-0.359694061621498	0.358093149411285
0.177568096083918	0.171148525678919
0.236483539527452	0.222887462235648
-0.61680892001417	0.656768603842368
-0.100018188172733	0.084798521369721
-0.207523957054942	0.16250024056391
-0.124627515597518	0.0905617194732505
0.351367094258776	0.316670247633365
-0.311437521969511	0.231408734157163
-0.383057937095403	0.37734956679055
-0.235331794457276	0.181329632421886
0.0754384211165779	0.0547118964132769
0.535990538345679	0.525086010395982
-0.239135301393433	0.206649253744929
-0.699740246298238	0.498755226956105
-0.376151321284508	1.44285126542437
-0.326573359370282	0.72296366434256
-0.428263964656562	0.707310895865385
-0.120455063098028	0.151816330861324
-0.0803791097040835	0.0616286303882174
0.294182091631572	0.189899216694295
-0.992731241041992	0.996407598103565
0.654071693606763	0.673255662678487
-0.458211090033341	0.566969227459285
-0.801683444804044	1.04386992402066
0.0938315266949315	0.0749022751024548
0.71502154558103	1.11383135506562
-0.292859230872894	0.293074443451229
0.277204989450184	0.316234471072007
-0.042371596884425	0.0374961314585639
0.29643646955333	0.317540456124404
0.412346575863764	0.542744116427429
-0.855706009676299	1.32435363189857
0.17049127230257	0.173540015222595
-0.207584715038364	0.162647224124939
0.514690374059333	0.703806841113536
-0.122430914424894	0.124419703557257
0.0450912196673765	0.0372289658216656
-0.154576162197286	0.138756676119155
0.33229126630576	0.314772401409675
1.00333469365711	1.64378946318303
0.387389751987779	0.398731490452698
0.313514731922811	0.301687685261706
-0.461795126611612	0.506923966932688
0.451171408128672	0.410657266560243
-0.3002948558917	0.221395912679714
0.521301447873992	0.431904918900434
0.840097630753309	1.05743340572961
0.417798848912552	0.492248926898372
-0.887371866561577	0.900095756174964
-1.14732460214619	1.52859204750983
-0.0721611800803498	0.0562638344308696
-0.0690938474669581	0.052635831465311
0.171224001080196	0.161529487654675
0.0163689941243208	0.0128193644139183
0.302562609068337	0.2964737181796
-0.287262724885411	0.183083724864004
-0.179111369880115	0.125209963731818
-0.674308088775565	0.711697205432631
0.0624127063662127	0.0435844363424741
0.260022489746465	0.208981292502568
0.240578136584802	0.232882032012736
-0.400849389029933	0.417231718464902
0.032044906219399	0.0243574253434893
-0.096607660631504	0.071025107182642
-0.512950289642425	0.273372069632629
-0.0839919595730854	0.0630019960167304
-0.388187274923117	1.60599528367173
-0.253365054394883	0.59352168137774
-0.690905423227308	1.62307665370633
-0.108261136602643	0.151715628211736
-0.26292121899531	0.465805944072552
-0.343687489891156	0.465071353010426
-0.0514292314744262	0.0612715796667345
-0.11931428183662	0.138804618594892
-0.590825625371625	0.828765017171501
-0.163035950485744	0.149789184800699
-0.765301514597541	0.963357552591092
-0.343077221842942	0.428352766009902
0.392697465893533	0.553716509468794
-0.244691007425361	0.284547385263512
0.387286164621688	0.606567391225765
-0.0872824015166937	0.102372888396504
-0.00747398395829786	0.00786341949241258
-0.281620899796477	0.301323033422705
0.055581664899137	0.0481451323628953
-0.706229815540746	0.927896286106919
-0.100630824439906	0.10039000385515
0.447872044240992	0.623941983569136
-0.0318059853498011	0.0296596597276837
-0.76551099735872	1.05516181744948
-0.131401897084475	0.137968404135371
0.168674001045162	0.193959903041335
-0.0276875716422052	0.0272269969077469
0.166547475291498	0.174738770617353
0.0975715333729106	0.0855109652866349
0.27317292509367	0.293286356069131
-0.255033803304185	0.307482089262043
-0.107187896093607	0.091373448261519
-0.113607991594734	0.0970313762955232
-0.472383713596661	0.542825633412018
0.28965768359573	0.198246739613027
-0.600459822446025	0.447723080845206
0.622569044843068	0.741055549012392
0.0909483209821954	0.0911184296666189
-0.0321151639416918	0.0215400454440563
-0.028641772538269	0.0230748250506373
-0.082096465147222	0.0772879894748665
-0.462431074560523	0.472551665997198
-0.429720772975721	0.503582552178635
-0.511478405311813	0.588701695245015
0.298458487552753	0.298759969879746
-0.55163811862971	0.556358669777782
-0.915976678992901	1.30208688664551
0.110851295821798	0.102068402552809
-0.168147533494717	0.149189647605655
-0.495458857332311	0.689915263026636
-0.445357922240579	0.575033327536928
-0.203777137616043	0.210523484635735
0.0449167385041812	0.0370402792699112
-1.24135603143787	0.944705685589154
-0.263699127329791	0.248723124774362
-0.265392160965137	0.5832512293007
-0.272514798599206	0.517716900091209
0.0220201523112581	0.0292925403034481
-0.268747035015501	0.460432957777691
-0.434684430252284	0.814653207236305
-0.0151084018015985	0.013702862294107
-0.0186972469273669	0.0196007595287579
-0.109449474546384	0.12383461746773
-0.150818300162284	0.134732039476581
0.247207320170181	0.203805961923678
-0.489810740118918	0.422356953740791
0.215220836567173	0.253867071418382
-0.0945134526118135	0.104289018477458
-0.0876269979918703	0.0928990914459561
-0.0775800245472146	0.0834327761370759
0.187284381209549	0.196269486933572
-0.0921412010615928	0.100494763729689
-0.129337652681678	0.118358036970949
-0.173681988411246	0.170049115291169
-0.4713693733754	0.484615514765883
0.282959675709028	0.312414102087076
-0.224187696622271	0.242269047613399
0.470524597391927	0.628002859946059
1.00750994895905	1.58224277829402
-0.426097066347712	0.498198394855991
-0.228470568607507	0.262578838273014
0.316271556426994	0.383873893295093
-0.368263197311773	0.512758101983319
0.0941822799122112	0.0806389961827068
-0.402034765691788	0.545796026786464
-0.272944226744571	0.296057434537008
0.255637668562074	0.301241710202627
0.351236762648007	0.397555590312498
0.408367472645021	0.414489982495768
0.315594171719568	0.173873461823536
1.85571350278218	2.04004263782806
0.246212424624971	0.221954792475562
-0.373675278348382	0.365931494896501
-0.26493818094366	0.200124828957553
0.580250206919049	0.639653397038981
0.308412162268725	0.311253334110271
-0.384227121775801	0.405743775900126
-0.10319143403754	0.0958922279899882
-0.449674822821426	0.468323517916011
-0.694131646381837	0.826800539626867
-0.466612726016973	0.478452313247669
-0.113317228708986	0.104325758261885
-0.227554012723078	0.265440237456535
0.168214348776124	0.151063489097974
-0.182542257359091	0.144902942412732
-0.202697931503484	0.324391765172723
-0.0659093284327216	0.107950927362326
-0.173590652754858	0.312620214618592
-0.451400846725746	1.02530750455462
-0.222819138989813	0.244513338791378
-0.0355291625338748	0.0346984048594233
-0.687767579301001	1.05883024607496
-0.124998381076047	0.152191588469871
0.03213241542336	0.0331035994112709
-0.571906434311074	0.791535095810473
-0.514087428552655	0.592791477865316
0.247541613887915	0.235088682647437
-0.222928775875253	0.258831505976663
-0.646239710739897	1.14647033958796
-0.713596020389994	1.22468859365327
-0.294610320698772	0.356283687335301
-0.0977079216585857	0.0985264265866861
-0.0623124421414519	0.0551651528753433
0.24377643566332	0.231018607790595
0.00059981580129692	0.000639199141702399
0.277589412770575	0.2084120196834
-0.148390253024637	0.135244840082586
0.270872247326672	0.307106277535707
-0.155206805474232	0.164156901750641
0.276418483036772	0.216175880006731
0.272373084284168	0.303088066897655
-0.134627796199719	0.134192071356959
-0.474403227805566	0.64505488672798
-0.360293351469957	0.427863204428235
-0.0702513505055376	0.0615929030970001
0.166556770546993	0.168882298979535
0.289245436229789	0.3015755735504
0.380145679159779	0.453716117226716
0.329234278196994	0.311049064411902
0.318069819532	0.307058415094805
1.76122152323658	2.17872912170715
-0.0223651417932772	0.0114608739177971
-0.322536532603032	0.26794847474921
-0.612901818235916	0.77077064973079
0.395335196097193	0.312204420489993
-0.181711778097144	0.144184322867728
0.516603125742834	0.537059454610857
-1.55537750722923	2.94571383402435
-0.984445372684553	1.62584533570501
-0.51514080948178	0.693211745153316
-0.0153134461751469	0.0123547120697673
-0.289719519220526	0.289184697519368
-0.233336328045124	0.237908082684047
0.419277401800845	0.484138256002763
-0.479888440597455	0.590035328410208
-1.21478725762181	1.69636448912035
-0.538614196730549	0.206624351562852
0.288287384008404	0.197389110913651
-2.13337734820547	1.64703353096173
-0.550480612001017	0.555111016496565
-1.07202845934807	1.63841899481308
-1.24611154779968	1.64404598334229
-0.194711429615543	0.467977928999383
-0.0260006261053466	0.0397757344259031
-0.0590092914229415	0.062324408338919
0.822861155415938	2.08235042091376
-0.219712191838158	0.306042243135078
-0.0869366642502046	0.104777894629952
0.0973535086265287	0.115793415880013
0.346918860913645	0.442694956396331
-0.0160421100682181	0.0131967641866392
-0.562825261502841	0.650829615214251
-0.2453519173935	0.366562896221396
-0.379164413596662	0.55358060177569
-0.328228383988735	0.412023484479161
-0.00217851546484381	0.00246926728602777
0.0678787519418088	0.073249903464947
-0.0817077477779055	0.0833727693302591
0.389481802220045	0.469711532708103
-0.0342586631211388	0.0313760905041979
-0.278704941236889	0.258963929978067
-0.284678593873649	0.378458253847568
0.305313721467403	0.366407558203117
0.0952696636256156	0.100137766285593
0.169673537002218	0.163283844118452
-0.325909464684043	0.414574626566529
0.123654005730753	0.147617636056549
0.291166604567599	0.391421409444157
-0.0677883951251055	0.0664981392876848
0.185752548902683	0.220181213900256
0.00347572239844519	0.00348175127343755
-0.000438962192572158	0.000311965471045936
-0.270483078004767	0.338059462115125
0.578509875952322	0.708462990666236
-0.0946131754645991	0.0813942957255571
1.76729272480093	2.51987750081708
-0.475718004837654	0.321244083729341
-0.35960113815872	0.293829324838972
-0.228516680270909	0.252137512934543
-0.599253252758382	0.445652463205917
-0.223989360031701	0.197021159807214
-0.279235140825172	0.323987818340946
-0.207608779637983	0.228505657285302
-0.511878380097166	0.70774607482982
-0.522008884366042	0.605475695962726
-0.556984314575139	0.642137819976462
-0.519886285233493	0.601950794721955
-1.00999997206915	1.54863504407835
-0.2905111121742	0.328785158537068
-1.11766471272571	0.774242770111867
-0.133551057763899	0.0804939994659246
-0.241454744059281	0.186569909632445
-0.678083692770735	0.719341546314109
0.002050219922438	0.00146735052434156
-0.540639409692775	0.658713724329205
-0.312081030245284	0.335390777165967
-0.46270297771777	1.10281483076205
0.430302468619537	0.676409245962787
-0.0546660656339806	0.0592645440426534
-0.0987224430077627	0.129586669448545
0.49384244031226	0.922101387972842
-0.277821093277754	0.392206902435226
0.0223139641848957	0.0205262407381368
-0.0520960101105665	0.0464687970146936
-0.15748422868081	0.144215993279457
-0.024070342497359	0.0250566426670386
-0.015639906755408	0.0167611385400196
-0.385304741162349	0.488371088376227
-0.318536387885117	0.449704290949358
0.119455876782274	0.151536096578562
-0.429342286593104	0.769591988566301
0.226419948633274	0.257649651551954
0.586729667468205	0.919967124396219
-0.573088255401397	0.696104899093296
0.0893192221385738	0.0881272552558409
-0.0824131461010233	0.0841287250479023
0.0864122883722794	0.0876024579499094
-1.38025098624878	2.78600914391533
-0.455221566723596	0.708160506717641
0.27745004797107	0.327807706158557
-0.0655369422918314	0.0625898549821821
0.263746979671738	0.312876748683697
0.0383593820776574	0.0308215486133437
0.0632758139748985	0.0654677193607423
-0.257923074038978	0.294398908043945
0.576483599498052	0.853872198240467
0.168368923313255	0.144661422602649
0.0607930747056326	0.0548908163780141
0.872018753055287	0.88811260631347
0.567399561445602	0.542870738412377
0.0359545396311241	0.0288897358757847
-0.378160003561759	0.421980607787923
0.615976645078751	0.644946321344097
-0.169901875257347	0.154138112621718
-0.339646381688803	0.384801773678812
-0.486859607705998	0.687373595584579
-0.177752426513282	0.18567740468291
-0.332036531405102	0.354372007694999
-0.426360624680404	0.554177679475955
-0.464927699160556	0.51233980004203
-0.247708123423543	0.164000121744774
-0.0285414298716467	0.0195013076232106
-0.34061521106472	0.335501452484741
0.161378857464819	0.109760894919541
-0.306548532244416	0.28181783525642
-0.116016356336412	0.0975044170181699
0.011224199728535	0.0171292539484068
-0.192468211524456	0.500766684291155
0.138379653023285	0.292604617549114
0.039819004250328	0.0460193812633236
-0.226840584446213	0.313125250622852
0.0303260554281266	0.0307769192809742
0.41098818787797	0.48258780603043
-0.43180727549712	0.477664551028622
0.809856784260409	1.03885214879228
0.314767192074101	0.400602959020227
-0.0397598453800799	0.0433301057457928
-0.608953675847229	0.892650184817142
-0.112451892357155	0.127685683141248
-0.194632679850146	0.237624865460488
-0.188115351359573	0.237836492840799
-0.440068635362408	1.10111829548685
-0.347330532783708	0.581808842422621
0.317988538207532	0.578506621867145
-0.338247933063266	0.528345373338435
-0.0806436857993755	0.0913977326745268
0.351134389402586	0.62193355501138
0.10438168985244	0.182677509670172
0.385218034165312	0.634600232387101
0.220055732515009	0.256554418801846
-0.0438558241903968	0.0343629702676855
-0.357723376906815	0.48296181762661
0.22712963756171	0.25397155282499
-0.157218598778821	0.166432736724509
0.234281023336408	0.250030573699498
0.0539049319158438	0.0529348482122588
0.0632732449850123	0.0582328090425593
-0.681785297938769	1.24778986804455
-0.376644126104602	0.587241020030769
0.548601467609362	0.841621168760078
-0.284955064311988	0.399639179321983
-0.26389104836021	0.360723132035618
-0.566869074189081	1.11038331195151
0.136534250637402	0.170674877973744
-0.581327676379921	0.967726886436051
-0.270507523243619	0.277786963776804
-0.341432100705387	0.336264323426143
-0.217208285283598	0.189795588601532
-0.114968185596629	0.0854069713460926
-0.485416413115782	0.562676432060508
-0.753266412343712	0.895802516568802
-0.771529864997054	1.23887368230682
-0.0366817239755018	0.0291804463848847
-0.159120608982302	0.209766394850124
0.14706433980371	0.161718452605935
-0.107972875199678	0.0918843611846795
0.0342977261147927	0.0268067742270622
-0.276162500880436	0.607623380049819
0.0286243470941273	0.043414155282028
-0.223465192302912	0.33953199266102
-0.333595694802246	0.375624418187063
-0.589153120568243	0.671172742113788
-0.0644097829344063	0.0500501917655553
-0.149487604481699	0.175269568547221
-0.41986596168076	0.662059359791344
0.610421631089889	0.868188131963694
0.0297191693531909	0.0319271694461715
0.645321200283708	1.29767116688967
0.0633153669143741	0.0727353029095662
0.181199541771961	0.216755097683167
0.228787982250661	0.289086459272407
0.463602655873296	0.848685617153579
0.278422813187551	0.317785480281014
-0.0560964794321893	0.0532344578309239
0.535903402875722	0.892361905055793
-0.00417073041530914	0.00464753741520092
-0.229067229749722	0.277501343577228
-0.607624882904575	0.942516444741717
-0.458505932405552	0.536142308663879
0.0568323747863565	0.0502356076075648
-0.886464622845404	1.46188880084936
0.53459890847058	0.743613156507293
-0.000563011482113839	0.000496575461210708
0.520389791976543	0.677843881022644
-0.293316885135414	0.247176024255733
0.0134614119304744	0.0127061780892909
0.96041759780061	1.69382110756112
1.00010864609665	1.28033655409325
0.00859589811636077	0.00703975469724052
0.0958256410558799	0.100698528351543
-0.617883031457106	0.891520760940257
-0.706014310936874	1.10152516912401
-0.171166524530212	0.167302119609089
-0.292393912610664	0.292466516642196
-1.02476937076185	1.51019307585613
-0.865371116315587	1.18180734486608
-0.443691088021302	0.387596420524207
-0.282029448910434	0.286062551303012
0.0637868016632943	0.0587303059104488
-0.407888743734407	0.396557370124172
0.0216946512507031	0.0188613427520224
0.067379418836864	0.0802250890853948
-0.188655314666395	0.283407848971299
0.0322907969701886	0.0331949737747179
-0.212837950536318	0.300475623517641
-0.347232535158946	0.513153064619477
1.1186484830313	2.08317319764668
1.01357472026161	1.99499534302391
0.268214224726776	0.33006734182123
0.508377415894869	0.868952889835478
0.578888219049444	0.883047635572945
-0.0543287149492829	0.0565602690150112
-0.21232729233453	0.201710229073443
0.419778754363623	0.555947340476288
-0.241791145768869	0.317356380435409
-0.194209688416053	0.237062945259744
0.00964491823613996	0.00959486182090625
0.438382560337281	0.627568550170233
-0.30170852592188	0.416283759694514
0.16966140416629	0.18993954667222
0.394551382097979	0.487457055070803
-0.973587472268002	1.4485425672652
0.0278564763180714	0.022328387102855
0.637744994221054	0.577464166447984
-0.558882615236976	0.476073993688601
0.243912489812178	0.230994934282426
0.16567043135155	0.155589248535818
-0.300411151701448	0.254302698750964
-0.689686912251334	0.777999654571857
-0.26360185819655	0.29662280943925
-0.29021590134751	0.369192301050401
-0.398259947750502	0.573002441800036
-0.156565688589156	0.182568802847324
-0.658607968819585	0.647498943302563
-0.349185249377915	0.212932572061058
-1.20564489495288	1.26043318500203
0.0010628723333054	0.00104393250746534
-0.364245112777682	0.550073632742784
0.259841822225363	0.311748073386379
0.252047159724207	0.21535370218905
-0.0581805411330373	0.0513789014142842
0.00762510440989816	0.00589918572058974
-0.0117608889636236	0.00973649547820288
1.42207288817089	2.92714019870935
-0.60247346796603	0.832063256467236
-0.942091265143075	1.15387202828707
0.107677878564157	0.0970749994458918
0.260408212162545	0.298079738146477
0.0838942420459066	0.0836452851894828
0.387808908822589	0.543687391809732
-0.147926408908447	0.13475553669831
-0.0704689360158346	0.0676079166183429
-0.201215720420576	0.193758042757712
0.111752122383911	0.101090868608828
0.100354722855025	0.0844342728827181
-0.656341347058745	0.789836354972771
0.566672518209206	0.54273301295557
1.74874486946647	1.78218699411814
-0.055260035690584	0.0435534146838639
-0.498454320277471	0.54512217185666
-0.523944113005539	0.403297372939013
0.3997211516462	0.404040070646117
-0.523254114669868	0.606877811716309
-0.265818560852931	0.318492827713714
-0.173436046902176	0.169715191435992
-0.507410137773608	0.76713488449979
-1.18372814475044	1.49604015184847
-0.817017450822515	0.451423422155818
-0.349525409079086	0.213142226110578
0.0752740269272601	0.0818254087910765
0.0606395767998665	0.0583762711373628
-0.303080771538487	0.362878331232099
0.283316912973258	0.312987103774422
0.114742976839091	0.108056290607818
0.261987080885385	0.325529193246569
-0.151663224668762	0.170559265655051
0.298585094196575	0.306426953769546
-0.175311907439326	0.193315967103098
0.133758801570474	0.139148689583699
0.63724342569676	0.975436031213146
0.299943112761954	0.37109403206069
-0.357664862479733	0.443667305831354
-0.249871007042681	0.304038432099415
0.136968207550501	0.149224065603557
-0.767826445971988	1.14565348308828
0.766772982118505	0.994570589101821
0.32531732956582	0.306801469099988
0.00978652711403862	0.00511650908300135
0.359598057024873	0.303291468857598
-0.166264371835224	0.134418883374262
0.0978815351126372	0.0822223933445391
-0.125692735023561	0.0504775632191894
-0.493332627541948	0.426433981972321
-0.335675725388561	0.306224230479002
-0.158325278264015	0.155727320367557
-0.433610734015783	0.647764020592449
0.310025984063668	0.304765504606128
-0.835995208179072	1.26143138443724
-0.511417147047862	0.271769410653297
-0.292680610841765	0.187271931573189
-1.36753370065876	1.14586286536213
-0.457263112010038	0.360194529145895
-0.527832111272698	0.49570383975279
-0.3580772515006	0.219096520781479
-0.41573754064281	0.643842846402359
-0.195381591416165	0.245714793367011
0.0991780584423444	0.0870723165149318
-0.436595452682203	0.542313549754035
0.164398945573404	0.137337640669824
-0.368290715008649	0.430158281251399
0.0152034969914709	0.0131716532970639
0.161136133475593	0.159822060606
0.165868461882957	0.1309651207917
-0.0260248518973715	0.0209587202788208
0.0906362052962191	0.0947979751666207
0.559920382111239	0.759910032919336
-0.240884239444651	0.279891705834506
0.461377003664793	0.637706514824011
-0.00873083548230101	0.00867912724172295
-0.389660996842339	0.510154748282302
-0.231870746903122	0.236170627494825
-0.11214151425485	0.10479115702423
0.36290893731939	0.306847356309712
0.484216842101631	0.304598477743333
0.0630943034561257	0.0424435563998147
-0.0949334037827307	0.0716236701789813
0.101761017400114	0.0855155901833021
0.137299077094998	0.0722981969022883
-0.730935804040875	0.810303215133187
-0.199541675590827	0.17693459536069
-0.0129009590295606	0.0105226969562666
-0.123226160083932	0.121632729491508
-0.211336719540127	0.184416402813063
-0.0761628496617587	0.0337840666399145
-0.78489108076276	0.346823398999766
-1.34776444927957	0.85447733162647
-1.83334580943494	0.755859310527549
-1.26909299047329	1.20624935497377
-1.16978712128413	1.03122265455132
-0.215515252745227	0.147501219674589
-0.136745587656967	0.208990722187578
-0.195355167939286	0.310754404752113
0.0997443228087279	0.125178380719281
-0.125343307544292	0.134186817216037
-0.431074502922825	0.653388634555458
0.166113728831128	0.171424744944105
-0.0875211751904276	0.0978515826160099
-0.179082330158011	0.218006612641415
-0.38827362796245	0.507706647702911
-0.177415922333607	0.182334097270368
-0.259290932985615	0.296469675145484
-0.0940576367727021	0.105869638986523
-0.0990220265186197	0.107367665192119
-0.206332672202532	0.262929269160147
0.558422798535007	0.985848143222669
0.701154286221744	1.36136845729575
0.0395485848903148	0.0420278836283309
0.532820168235535	0.887081522666938
0.0697568070377375	0.0633878008604636
0.224582536423752	0.229065884282446
0.0896479886566552	0.0673926839688084
0.592822758652725	0.549854251146048
0.375743402911093	0.394593739192554
0.342664377785271	0.367282879667779
-0.241775665678604	0.209601090534115
0.0687008432742521	0.0645433453467984
-0.298354885396688	0.299814597398844
0.186959735020145	0.199521727993982
-0.232204092962179	0.257014692724453
-0.206547992258759	0.227064970494215
-0.111800176063215	0.126786806504924
-0.44478074316586	0.574782710306683
-0.168773540361296	0.164415279034844
-0.0998927301626401	0.0622175607573766
-0.329635960268901	0.153335334423157
-0.0447440994560819	0.0215768535810756
0.159129445046428	0.11282483794297
-0.701275350275492	0.500756831411195
-0.0752552809434624	0.0482164825739402
-0.581664868092121	0.538478468429389
0.284830959722338	0.204813468774674
-0.410354695377627	0.287750625036612
-0.670931389219239	0.887869045076876
-0.409476577989567	0.365562125950182
-0.32051297102252	0.567966759040367
0.24818990534175	0.370675044428079
0.556076956715591	0.827710355531217
-0.122127924894076	0.154220405599402
0.167982549810331	0.170292926339354
0.0182857192342695	0.0181714962761038
0.0388523145465536	0.0397295088558213
-0.30707378607063	0.42003232539878
-0.27356835573246	0.297062393637041
-0.0832739981039645	0.0900489973176017
-0.0973766010296141	0.116619324667363
0.00175664874539312	0.00158760534280752
-0.145891652457881	0.188584989196941
0.415177859762104	0.547841342154821
-0.216023830094629	0.282679713481681
-0.199937554732316	0.245117249792612
-0.15341979725361	0.170423873780552
0.0889777988809176	0.0904534067495284
0.180325904765914	0.151997168297733
-0.0486453189409905	0.0318660111211905
0.160610178879408	0.12238048347378
-0.537662939328745	0.654482342535165
0.359101098511305	0.400118266307412
-0.170187781574408	0.0982248432379748
-0.0217184437728789	0.0174614357396948
-0.31333437931401	0.336757899574323
0.413335280466764	0.607084555542029
-0.0477575854730493	0.0476944399782979
-0.0789233905484032	0.0801722672651709
-0.5216123832449	0.817544066234139
-0.516974723620486	0.806916107567797
-0.534101985322999	0.648821934993116
-0.659241292553981	0.98814602535405
-0.485086475828169	0.32963589595345
1.43882340562666	0.478615560848155
-0.894507213708297	0.915452798731148
0.454209155356141	0.30808113517504
-0.81493987527028	0.545237714158414
-0.507875270594465	0.269800585196273
-0.354052681859139	0.288235355653806
-0.994686083395181	1.00066058487025
-0.438629305211977	0.383357953682556
-0.37389675083764	0.366120678421685
-0.504825779744399	0.72862251307158
-0.43869249022511	0.972723243131875
0.0409036398957824	0.0517354493389659
-0.23370227623457	0.317489812218133
0.356915149009853	0.476105650942177
-0.348808800719766	0.436782863237762
-0.0904307046011463	0.0858090517888628
0.165444109891458	0.179044574282445
-0.705597901169948	1.10030403964144
-0.44490825061659	0.574972709460751
0.235911590010302	0.221887905804895
-0.256567115577948	0.309249831037905
-0.115829132952674	0.124610345273489
0.173986002695358	0.189820663130186
0.326039019357618	0.462879679003248
-0.205976977405603	0.238956731877198
0.297409514359513	0.39656308441298
-0.371174997753075	0.5379643773564
-0.463809923157401	0.544258071336732
0.319621385617137	0.382033643911508
-0.481309631361069	0.457565588225406
-1.17450679998726	1.71428186589268
-0.207742581417144	0.113237977784389
-0.150042712063095	0.107182760072451
-0.156035236429701	0.140184723169761
0.279331863562303	0.190155892346941
-0.675378639714978	0.754866303749808
0.164374049531273	0.144051055593519
-0.127901356670317	0.135557231508253
0.456251119884881	0.559301962123007
0.41373217648895	0.684006597384737
-0.221453535759278	0.238666339769338
-0.550211460524757	0.828367172101816
-0.222570321555887	0.258269147190025
-0.255544772129642	0.273163938978431
-0.434010706238372	0.480533901938851
0.684011064669087	0.445246215830498
-0.547478193416001	0.210280624654121
-0.0225203353870951	0.0115673936289321
0.141240119988702	0.0807195126366614
2.72772248067951	1.68014673165788
0.300565455681522	0.180538288509025
-0.357557476154949	0.259497412220807
-0.481691823137533	0.326847954754854
-0.274995853106908	0.292941034596412
-0.663600728837191	1.0290034205692
-0.230791112497406	0.385442435507014
0.0997386015041687	0.146373267402869
-0.107635458362941	0.16319854832517
0.270423049171336	0.425710815221737
-1.15094171691218	2.52469526627191
0.0647599215084821	0.0704194104793964
0.0590447734068097	0.0532295987204871
0.16316315259469	0.197215197167298
0.140139083311863	0.159514090468722
-0.556316358238154	0.924475970822262
-0.0484102360227516	0.0380027142659826
0.363884852196657	0.472034251083016
0.00755917891764095	0.00815124625783403
-0.26573527255014	0.363497764996826
-0.242765811677706	0.314584121701598
-0.120902484150555	0.130699807721405
0.178802830926007	0.232827895464082
-0.116155063212545	0.144167491472427
0.0593853412084515	0.0603937696618249
0.329868196054819	0.396645437023203
0.288704171755111	0.294044124487697
0.271756345370592	0.203556124021093
0.70805361214251	0.586825074594632
0.549976132811977	0.543822152661274
0.0320049652804287	0.0256754845679382
0.0644546440834312	0.043397617703383
0.0280631187951149	0.0219209921862511
-0.195467790115375	0.172769425023146
-0.279877886417353	0.352776699434988
0.0291013956956174	0.0295043502266756
-0.0758209904223401	0.0879950159873199
0.263484033923869	0.342237120495905
-0.352913289741052	0.49220972612389
-0.191190117947655	0.221937598116678
-0.213198793116375	0.27336612474627
-0.504386516051916	0.708197577645718
0.101844399373344	0.0858208889938487
-0.558670432241322	0.784000206015529
0.690425328758174	0.693412268926869
0.631955092155391	0.446221358780182
0.873891882214519	0.886111605586086
0.484216842101631	0.304598477743333
0.320029065453701	0.177049524634984
-1.08034861946323	1.15667992680524
-0.102802475818669	0.0640846752509508
-0.176738696281837	0.123593168351631
-0.767392696656725	1.0121841059925
-0.228655551395855	0.236193817532832
-0.111507859712475	0.119596512475497
-0.437277985472839	0.780332913367922
-0.471967671648538	1.35116089178701
-0.420505418361976	1.11622166802746
-0.47364665215153	1.14756858200345
-0.225171561979756	0.424753460990459
-0.013070141230666	0.0188930725624942
-0.162052916619821	0.273579560296645
-0.744396523230409	1.57968366359125
-0.254699119396956	0.398388820816469
-0.0605222723206488	0.0626972404793072
-0.780709499322555	1.76851067878587
-0.112811593679853	0.145639699203157
-0.211751757074211	0.267900321254066
0.272758059225693	0.304516801359941
-0.102796091669111	0.125921736615781
0.0798965828233564	0.100102194599883
-0.513201512642165	0.816819059086159
-0.0593501145124224	0.0677096869607646
0.0239552564023738	0.024204698786743
-0.222794204038972	0.306327559483203
0.259527382307669	0.325947322911717
-0.213466239745946	0.270616147328133
-0.0189068755020851	0.0187956697820176
0.0444050106097027	0.0366350311451058
-0.230853684682091	0.17714754963583
0.257172933929106	0.198738468938304
-0.0302829938605512	0.0244014219660513
0.305062572196688	0.314429271163622
-1.18778323098699	1.5024108743009
-0.413717233443	0.43357559603898
-0.20928819695734	0.198253648343348
0.0830078109072309	0.0873876850105286
-0.150162257678915	0.176257238262557
-0.162479286965055	0.220596644705684
0.0833383606928561	0.0910292620763691
0.0919264248415596	0.105242966729726
-0.249093069561234	0.318333325693468
-0.301867142394151	0.390787057947724
0.398468481043509	0.622160968039532
-0.495414285577221	0.637326279298448
-0.0201710554320808	0.018517501804997
-0.241953032244208	0.159927538400622
0.379347677900807	0.170431400942331
-0.557501063763895	0.563603767691835
-0.30248379151733	0.256281887371584
-0.805857661586363	0.444252595919224
-0.538440187846927	0.206758866526095
0.672648736734094	0.770178811451503
-0.213501901527798	0.146072045982761
-0.220957373128034	0.227264809373119
-0.459227792008787	0.587355134163462
-0.683586644191044	6.62257991542863
-1.45342981811342	18.3545343917435
-0.438934127732285	1.98123727128114
-0.416343223966057	1.65742123697881
-0.352608317104027	1.22225900124043
-0.554297207613683	2.21330584802286
-0.929884089752211	3.83475570231323
-0.455724749061446	1.10438230537717
-0.184787201282743	0.296789059288592
-0.936228511427564	4.79875353333382
-1.23592612794197	8.84832785289855
-0.698651265907325	2.37504360700272
-0.301952398049665	0.704766312818296
-0.172549605321229	0.34292838056685
-0.655740007727779	2.32354948363079
-1.39693097781747	7.82676942128816
-0.576882914155004	1.45862754214094
-1.08143009653127	3.08860295992065
-0.144381337718371	0.229341513356194
-0.329482958232743	0.598343002418778
-1.16691726338857	4.64053709293783
-1.22561044116342	4.1597975476891
-0.845104614874145	2.63366281349867
-0.445787372122	0.936500762691183
-0.30051254672638	0.494686378189194
0.083047482915189	0.11126876187119
0.0470413058739615	0.0609825029321073
0.0854797930869035	0.103804509471984
-0.178845793605544	0.244519829503877
-0.325439657988695	0.462109225631795
-0.535291168551901	0.812523295771873
-0.173441905380329	0.154357293703704
0.383377294892695	0.393882452928962
-0.79057027750571	1.49399960639298
-0.41959326021419	0.567818035963915
-0.573276875587139	0.695970982888295
-0.640814855439644	1.02602151388955
-0.592242249551023	0.976549776682703
0.224309110731939	0.25863290283914
0.477925020402553	0.829239710719581
0.0903442264105542	0.103195713830341
-0.724740902505685	1.31946337398955
-0.810381276533114	1.38961876589166
-0.207811901207885	0.268245943254224
-0.266471661467664	0.376214494109361
0.137053080870498	0.138169409230637
-0.381434188769441	0.538042400515424
-0.0248903706130711	0.0167166428872523
0.435162520919334	0.313440329718638
-0.0994970883498974	0.0733997125343376
-0.024185695920818	0.0165355236938402
-0.571506396315348	0.368313940170631
0.145299869332226	0.0886995171581362
-0.402413479051437	0.322872153351687
-0.617628430149727	0.748296124937232
-0.514685497094829	0.593968924089457
-0.753744411459061	1.02784587307701
-0.379904914185821	2.5510647191915
-0.337640228706812	1.26075931634504
-0.0622377696544542	0.132864525650747
-0.0178292145304944	0.0348394290694582
-0.201255186752208	0.466631404303929
0.0577250380621948	0.0920012809383318
-0.619804400589808	1.75574567798786
-0.085479934483643	0.10803154903328
-0.651269450063559	2.61595998997823
-0.87540497196574	4.46430285840087
-0.425624315325393	1.00151783244926
-0.419759061533025	1.0853680505668
-0.198681365581923	0.365848500467205
-0.635019461614395	2.06725729904469
-0.748985676816631	2.07960187825438
-0.417924738353456	0.826537069118135
-0.197573373741487	0.26306405156542
-0.625131432499664	1.37975926050395
-0.283911198324211	0.474341070379818
-0.442915213919805	0.95342743457304
-0.798414028299422	1.91832407228658
-0.812110853311092	2.01609320925532
-0.527861685982983	1.17417052124211
-0.0373481870362363	0.0427792185773754
-0.190875524703671	0.278186897684667
-0.00747784117212452	0.00831306935943342
-0.191153660652395	0.242444215896453
0.0000447832032588934	0.0000709503323023812
-0.653046658043833	0.641708403911571
-0.385153838711641	0.432300472896366
-0.0775679161909188	0.0788476724121924
-0.102321872527168	0.0637732201151303
-0.442488953736883	0.570617185870719
-0.46710979095796	0.707327677510057
0.540364984808722	0.940774317826545
-0.464078628758139	0.700984384486451
0.277879070255223	0.42240835282472
0.183959557226699	0.217629946928803
0.01016477607151	0.00974105326853369
-0.719644771936805	1.30783153814836
-0.24376004934238	0.330533318345338
-0.0206889007232094	0.0187974958805457
0.145177942664902	0.168033838023166
-0.108187836917805	0.108671662306305
-0.0738410865510739	0.0790397498681321
0.821746074374923	0.741896428717996
-1.83585483071607	0.757054768382734
-0.550305281486882	0.554141679803219
0.500840191906382	0.430896989390652
-0.711279820075491	0.573873534771867
-0.905328663226869	0.851927219825872
-0.873528688929196	1.08044262739992
0.768701916239519	0.912608101925973
0.281216083636724	0.202051568008498
-0.228115772134277	0.251556331726165
0.89097697459644	1.27824849095994
-0.38078435967747	0.450291597803548
-0.375094338338015	0.441555209078652
0.000687937792873147	0.00129149153790778
-0.128216589419129	0.228015999486256
0.0261641719652386	0.0340407041457486
-0.0190668963299425	0.0227857118749949
-0.245055623130173	0.590715979128855
-0.917059128354356	4.62641000338318
-0.665500295596791	2.22456877790126
-0.262906426474489	0.601409474418457
-0.552465872647106	1.9359957287623
-0.612233183303739	2.25675001196273
-0.732883773200178	2.73281429198115
-0.756236257905542	2.53177404154526
-0.247689423580591	0.394976428949786
-0.0959842045009101	0.14937793916684
-0.218583972695304	0.367461617326764
-0.239569965853918	0.505713471465883
0.115778874275375	0.159512121301037
-0.483436765794794	1.09400921684062
0.0413621369370176	0.0595386309388053
-0.158184845714251	0.225107159225543
0.00553026553338845	0.00710617722496757
0.0505292431068913	0.05908930200789
-0.196541449958455	0.250973408609163
-0.444746764982146	0.544983073726544
-0.699773599590497	0.83610768573868
-0.0407957637819804	0.0396440366348562
-0.213161196941344	0.261250007314974
-0.600917575929488	0.721547854845732
-0.0481123194695777	0.0492182514880043
-0.49590154292555	0.742040150145598
0.0876439644942309	0.108689461183349
-0.452973310360985	0.794759764627555
0.278087595873111	0.408357629438653
-0.653136721229286	1.11566629927523
-0.0778777877966358	0.0781025809101236
-0.594521717907015	0.958836334405752
0.138924020691519	0.155737306859619
0.03318054498021	0.0354417901089498
0.104592893216194	0.126615638891648
-0.109234872001443	0.133457346833348
-0.171478244878027	0.206736739006989
-0.595156072795279	1.07314888101964
-0.200472538940841	0.192856820264808
0.710729039596319	0.590170331766336
0.164461327739032	0.121229647279161
-0.189988462110573	0.151668495615112
0.355638298847621	0.310489981895904
0.997092650191026	1.18984636549577
0.233925393970491	0.249489200954746
-0.72376428075897	1.00180590266932
-0.486239411054668	0.565298161863152
-0.254614661273947	0.322420071266182
0.0816261948126653	0.0787085246770395
-0.5108252438038	0.740621653010324
-0.56940359696702	0.611033840951381
0.038212525553012	0.029940131432369
-0.0418233592133806	0.037564568283977
-0.114343158029451	0.268970163857025
0.00832379076202419	0.0127087182368226
-0.0884318414190148	0.137898761217264
-0.573005003700811	1.27050598634047
-0.452671464995485	1.3732593488646
-0.692895235683832	3.08390680860449
-0.466887724639449	1.33043200296474
-0.294428249082618	0.716044865771241
-0.196738746068429	0.42295811331896
-0.594543045392375	2.03549211263503
-0.879374152014714	4.05054110364463
-0.241641226478391	0.551377104099658
-0.455955264993849	1.08366526921909
-0.264388217807387	0.577674311217563
-0.352225299306086	0.827546114346345
-0.803602260889527	3.29638821387089
-0.316652046184383	0.705868828918945
-0.497058860772408	1.31110097049308
-0.100101830109529	0.156904030977279
-0.278453799234442	0.48860391557354
-0.0400918186354987	0.0463691944494991
-0.294956065831705	0.436256378205854
-0.182636824554882	0.176773350486254
0.69062460978157	1.02417326145831
-0.410938598222511	0.686197793319172
-0.724858258200637	1.7702902372131
0.293947555463943	0.384809700680266
-0.948859607953767	2.41277665553453
-0.246805360369488	0.355138933173169
0.332866972221661	0.529881948612666
-0.49276334808239	0.796568538156386
-0.476055561422647	0.911362070222429
0.20994894663961	0.267162027826328
0.0181823678776584	0.0157761320165192
-0.245198258834227	0.269751294856542
0.143524608351866	0.159324293551872
-0.314722157269175	0.442226256813017
0.0839429525868799	0.0860162503660552
-0.320586180222591	0.437629693720667
-0.3920430633243	0.535785309210371
-0.495685997411457	0.877169996230546
0.0979875338963882	0.101872187931976
0.845895079891603	1.06787538960312
0.384728984119664	0.406262724205951
0.00483210547712064	0.00364226784151548
-0.176645363178717	0.143577637317163
1.10137012656575	1.86854828518648
-0.746432118570887	1.2072594683542
-0.448492883278209	0.58127552427999
0.41032630864467	0.501842677594232
-0.387233756942674	0.527324297584712
0.114677126671554	0.10592220836425
-0.411724174494898	0.513050841040754
-0.247181861781737	0.249623803167597
-0.301425306878282	0.327180195322825
-0.304500329705848	0.307201149839617
-0.237286228292314	0.242789506147653
-0.124486655430746	0.349373294869919
-0.379554186528591	1.72962758266207
-0.183766047731739	0.39392786534231
-0.632473832465336	1.8343879433277
-1.11838600308035	3.22584982126907
-0.942915951035259	2.27024764620028
-1.32957292000748	6.28024918513974
-1.78378123838737	14.4252999454483
-1.28018014853442	4.10431846725306
-0.269142234473231	0.451357900388102
-0.685722658408801	1.86119803017588
-0.895248041892366	2.79682432606597
-1.04567130334807	9.28072384832802
-0.667282038522031	2.50142261985434
-0.494479498225407	2.15653652012654
-0.693101916124297	1.92122286639801
-0.218744876688029	0.342512287033735
-1.08155405148636	4.67186152924161
-0.948610184232037	9.45151177712022
-0.489824911794406	1.18405654519946
-0.108669470773347	0.138665708221348
-0.383190972825107	0.499001565665308
-0.343848068026031	0.381404563064744
-0.199916596359432	0.328192614998448
0.296441073809549	0.673326244266558
0.123716965696444	0.199381712069044
-0.508706378628874	1.35112518348854
-0.271371656434179	0.484997663824233
-0.394175950787937	1.05606731160665
0.165497250137835	0.32085546676381
-0.00473345099965161	0.0049885129174984
-0.107398403365009	0.109160508366295
-0.205830879313832	0.178706900374265
-0.0553018043684539	0.0442893304297524
-0.012317068722616	0.0101412937041804
0.14838216537172	0.0907149416363475
-0.180504502886959	0.126373924031309
0.268194286919388	0.200115579621932
0.305234113394529	0.183362235786347
-0.292694819374405	0.187246425425297
-0.594668256025417	0.76062008030405
0.502698061172883	0.593634558066951
-0.218194604218806	0.252469046233205
-0.168232458360122	0.267610681056616
-0.0714481676121971	0.118942705259796
0.197545984286133	0.295785206914842
0.00894209507123434	0.0098075070141217
0.143212029465424	0.209115148409682
0.0740149991289629	0.103101234549863
-0.160515831180256	0.20052606607784
-0.954205232813158	1.7891210803057
-0.242807423938092	0.405733601896654
-1.23330578110415	2.2335039967599
-1.36547521563352	1.60182127873965
0.0741332166772184	0.0519925363035381
0.146466012446776	0.0891573718086193
-0.520879427459397	0.400422583867332
-0.16268211673423	0.872494793553447
-0.291454947178472	1.73241797120232
-0.667252344860319	5.33084297450664
-0.176543136587659	0.50416337364766
-0.673486876012845	2.98315464448261
-0.68594933609726	2.65647359123157
-1.04638257478583	7.57672359187435
-1.65998462825452	17.6183058441859
-0.797528024522116	3.32041247426785
-0.416100915478421	1.25609845000141
-0.556160368944538	2.07728233536094
-0.859317370011958	4.09756080912232
-1.10517536166375	9.634329003709
-0.69380736600364	3.08209059862028
-0.151569451291487	0.350811133986983
-0.637958261283028	2.25217294036523
-0.487556058061404	1.45457237423517
-0.771179605764705	3.7803977481253
-1.07565150229568	8.50102583103042
-0.617791533296312	1.94771389050016
-0.104196221621449	0.160084669183052
-0.0216822481552432	0.0267772382275171
-0.144410955980688	0.199334389756828
-0.506561710521548	0.978770774427146
-0.370342386100902	0.715424740201394
-0.203735573240199	0.357486385978319
-0.382873353628648	0.814825834949206
0.00978451429189355	0.011122883502075
-0.691160448459639	1.22286154593943
0.595302692077171	0.85715131397949
0.25540404271305	0.329169315943317
-0.266237589803267	0.336224209155891
-0.637070271555633	0.814981985502469
0.344058935770005	0.379199712641051
-1.26151587567286	2.21553064050867
-0.887494098690622	1.46266798887334
0.381013829782299	0.465774886664751
0.592073879811446	0.992554432419544
-0.954259435904252	1.53400704751377
-0.101228380337047	0.12287167824472
-0.0323095602808718	0.0355633117852921
0.0569265572026777	0.0649767267631849
-0.127093943945265	0.150899490753012
0.218335313568302	0.230203858124026
0.407580074412663	0.585770146962636
0.12862402586682	0.133173370803002
0.32156275044401	0.398902461126958
-0.614262685524552	0.856144130099408
0.291972976303025	0.487584046085339
0.023150674450297	0.0212884207422342
-0.173009860437737	0.154045205651082
-0.144933278794194	0.12887717141515
0.548139526168662	0.540906395179254
-0.270636321247811	0.256336097824262
0.0348134790670755	0.152060344285839
-0.0943490774687422	0.449078397874604
-0.284066373871659	1.62221940447334
-0.17534938647505	0.565358635566516
-0.337585511649067	1.18633426476614
-0.0220519275885969	0.0377404373162806
-0.647202386162428	3.50599369794386
-0.630938069095512	3.26158633906168
-0.758372153404854	3.51213452719003
-0.141070161939524	0.30380256730025
-0.253200495761658	0.621970069870662
-0.613401227050369	2.19618779328723
-0.939055802293073	4.15994147575412
-0.766856637140501	2.88526462711346
-0.545016437998161	1.31207429939058
0.0516356549966147	0.0772622587538541
-0.230581000317352	0.448566046929319
-0.297315622641668	0.696372932699678
-0.691876987095761	2.05062587124316
-0.543360832253159	1.54665442276901
-0.314519060917943	0.673995171690047
-0.296502607078916	0.297500803835763
-0.520542845567714	0.666088351016474
-0.453706009708438	0.73154541563071
-0.65175648665219	0.908521934934103
-0.135382627563012	0.151784244963687
-0.341403456387509	0.502075842963349
0.222914086700952	0.276229638460011
0.0687983582295628	0.0804123112471606
-0.263140363343847	0.370571472530067
0.760316270995242	1.43882803984977
-0.315991265947534	0.37589224814757
-0.300766275307811	0.359370804695898
0.0351454389023155	0.038815582173449
-0.148219171883196	0.158049630427757
-0.0455313967443967	0.0499197632537894
0.106795861924607	0.0997324811485877
0.0345337480906767	0.0364419946459879
0.267864916096067	0.286027984327205
-1.3739081463843	1.40505908840655
-0.251338109357514	0.234854280988045
0.163397068224562	0.120523317795143
-0.0944202342810576	0.0586264775880609
0.895177601960278	0.774420899379716
0.0759978638369279	0.0568699936337705
-0.303767640679441	0.340534261483423
0.164456604439243	0.125459256991971
0.0363124614278803	0.0341949859745714
-0.127648266192318	0.116690633106763
-0.170834069371181	0.166845519049444
0.171121879528748	0.1647501452617
0.0780838494668831	0.417659330609306
0.0539746779579015	0.223277697976576
-0.142131627515515	0.513671261835045
-0.237008671404333	0.758342948359765
-0.272823271189175	0.812321048735321
-0.195322536322236	0.602589639662713
-0.461081330055316	1.89533446530955
-0.34359192629328	0.963391853864667
-0.42067622034041	1.41316088109137
-0.0327481433493293	0.0568511321645146
-0.332967881391209	0.942976710497275
-0.891441258191591	3.94717341533329
-0.346085768341025	0.865490595204818
-0.00569625656897427	0.0078062242709875
0.0631780537404628	0.102505426638013
-0.0738907660948466	0.110216375575677
-0.396978399001728	0.990060874118693
-0.582661477609716	1.95105276330116
-0.114436622975899	0.18077391153982
-0.53819976301912	0.78199000740956
-0.0462171201802545	0.052545338692045
-0.320698519124141	0.437213916166972
-0.269871579197617	0.354240737432814
-0.119445460513156	0.150293331793852
-0.4477946786851	0.835213571779218
0.063459547155857	0.0689781762183575
-0.195204132558144	0.227403643078746
0.128938805967166	0.160000149307435
0.25624968195867	0.306564593837935
0.00811250282085962	0.00764024706643397
-0.2418686813397	0.265239392514738
-0.232101528456311	0.271333210170855
-0.179933850546995	0.173809458346744
0.689269691539857	0.692312365454865
-0.805999218013394	1.14790496300746
0.425351801798582	0.410011779591611
0.0946965843466422	0.0734444861741677
0.423241479713054	0.478213462159916
-0.19919434101455	0.217759647492407
-0.910725878230106	1.29242619583507
0.374210866262955	0.392568926444371
-0.825229669589365	1.56022631195702
-0.0694564693460522	0.0597825343387939
0.49135324096565	0.715412585303801
0.0072710195313679	0.00649258061034606
-0.00135724851544175	0.00114793906355591
0.0721310669430762	0.360404376817677
0.0897853637821493	0.375342694341613
-0.257288120931147	0.968972239795501
-0.162171415472831	0.411457323121523
-0.373258282714245	1.60012020751275
-0.496212272457835	2.15559194576757
-0.218604283515203	0.503859992371374
-0.111982978589191	0.230965313240548
-0.318272780459596	0.922034366963642
-0.177156912231696	0.400438505224964
-0.614658594472031	1.85450906532417
-0.262043769944546	0.532183214720953
-0.0168452794871992	0.0194817364124173
0.109513093591745	0.170179226110237
-0.332315085094319	0.641484623650134
-0.334078805300015	0.671606904932837
-0.558116548917538	1.06156733497672
-0.316553450768047	0.531286545317645
0.0417792286737159	0.0562980430079115
-0.432358878676653	0.445964691654974
-0.420370812316209	0.56859022106996
-0.162750535858425	0.179721656547936
0.093289843764699	0.0950611543476806
0.389587784685549	0.572926909823839
0.540627153326647	0.982915139860554
-0.250869278915258	0.316978466264017
-0.0688152237441079	0.0749683302469023
0.16895355780746	0.196880109775261
0.562314360221322	0.982240088324998
-0.300831677109259	0.343790097569072
0.132739146332128	0.148042027066332
0.396844406265163	0.313820300257542
-0.944274079813958	0.698780950554791
-0.355498002429758	0.217311193308992
-0.518316730169189	0.396650051301825
0.930241850617246	0.627270983084251
-0.00360970847117332	0.00188983352709106
-0.07101642954082	0.0541822535271087
-1.04875091927152	1.2031774592326
-0.988930989281136	1.33909952501071
-0.0998143978036622	0.107219272823274
0.683208086386516	0.857756381349253
-0.328282676253817	0.349314333854108
-0.271320203946135	0.313407496155763
0.0877501338573576	0.406138126665859
-0.239178484016764	1.00975743832232
0.145207870709728	0.376418559910996
-0.331194513014603	1.32974106084391
-0.465913401035772	1.80885201624797
0.0449942889671661	0.0719180077392876
-0.232068147287878	0.518889819580358
0.268793027864724	0.613748741501205
-0.285890423614971	0.57961261491465
-0.339884653529222	0.619146657839228
0.198478120497197	0.294847414683836
-0.0872291481913827	0.0894835227217615
-0.411846842740207	0.691679866513837
-0.241879366536343	0.341058675486383
-0.0585371916907151	0.0636602041304738
-0.508353467397205	0.767183224766878
-0.603768783659428	1.18921086274119
-0.0581674029560954	0.07183047880338
-0.290168353785437	0.414344381582633
-0.195178351537745	0.15605571874891
-0.278579083491838	0.258758824362925
0.169504296191819	0.172185541818437
0.184579803110522	0.196745821862817
0.260248001750894	0.322821229885624
0.217747534672874	0.220501794234907
-0.000261550985653708	0.000326456584163362
-0.0350522949375452	0.0309396523918786
0.0420121854899546	0.0403325959388272
0.0573733561248554	0.0497175464053434
-0.083367004690084	0.0796315277027977
0.829920328285018	1.13378719834761
0.245731653808167	0.238416929047018
-0.295580650322859	0.189513203073954
1.31933584012982	0.578796394975642
0.776397061431951	0.462990445493714
-0.699974473419959	0.499646608059732
1.04374081788366	0.506748469358095
2.72374909556043	1.67223345684671
-1.12493139597359	0.780303792681954
-0.485932246202693	0.329864245109955
0.298346323888161	0.179029117042588
-0.144907574505498	0.118640141640646
0.522873480147307	0.52844745371097
-0.357506934207814	0.319806337905106
0.0668818730571895	0.271982187211268
-0.142212216274605	0.534737411598685
-0.252579908731131	0.936276822216251
0.286547311502289	0.851895436752827
-0.10199310440929	0.17882967444772
0.0770322340300568	0.124316543545034
0.00414591981185377	0.00606415718164008
0.118527214638002	0.191452513349341
-0.668996605755036	1.53910274062598
-0.439817165892938	0.781410117256146
-0.317837537820091	0.410563462252721
0.189789375265204	0.231734015958448
0.421916564300458	0.62501881858445
-0.659810199077627	1.27233600795659
-0.472368108790607	0.717112910780373
0.320853224480763	0.397715431819295
-0.193316057774551	0.238483040620228
-0.356932225596643	0.259153399545317
0.0392177706562193	0.025220212512091
-0.0350648146255364	0.0278852472145226
-0.176084915505213	0.175083420721514
-0.256687797152389	0.240909539757627
-0.26607685463276	0.306210857110178
-0.590799797240593	0.673860116254062
-0.325086758145718	0.344973707611116
0.183154862857234	0.195069363167722
-0.0700840733602216	0.0614342648547156
0.301043343278927	0.302466831816009
0.0410919204180194	0.0330406870200573
0.0685690311824082	0.0479102142837441
-1.3704003315885	1.15092758590113
1.59905576234407	1.11585122309464
1.76211464956105	2.18311981116306
0.773536690012261	0.461350927776029
2.09871193814529	0.940312204895224
0.581774610950595	0.302164579711831
1.30777883892102	0.573295283481806
-0.810559258382344	0.447337938049415
0.130323393807507	0.0559778536403509
0.539111556546133	0.529754908170428
-0.525312191150699	0.404112309899989
0.13411147605652	0.61480350491985
0.115778214091132	0.424972916164395
-0.0594780912361811	0.128531595581461
0.134701370723139	0.262599139546843
-0.25323894702003	0.580343544461629
0.255137416066839	0.500264513337056
-0.310082317271114	0.644684732772371
-0.663120943364226	1.3026554951363
-0.0255099118628	0.0306818984882584
1.07112950267175	2.07228720859856
-0.0116892230695697	0.0122975409561824
0.225426301613062	0.255995158947595
-0.358764995099719	0.521190065688656
-0.45574344127637	0.531852075821295
-0.487048084960707	0.801326131910465
-0.522441109757013	0.942198913396478
-0.457846283689337	0.360630072034236
-0.315898366573387	0.235274102189557
-0.169731290699141	0.137623531784912
-0.15272153698297	0.152130342755624
-0.19753892481869	0.206302398968462
-0.123265184136333	0.112211342938715
-0.140756415052837	0.129854739038057
-0.345673982710891	0.341417222202989
-0.745012920467898	0.881902282174351
0.650970350660413	0.824184058168982
-0.330868247851591	0.154319001711918
0.80661030139522	0.340174283092776
-0.514580896371279	0.274144878789277
-0.327540557729094	0.152267111977313
-0.801410721718433	0.354742276019017
-4.02168307194439	1.76744583803716
-0.0539365254459317	0.025910439297914
-0.822190453007287	0.552961321787477
-0.569395547735667	0.367401734004362
-0.245351383782267	0.162422558408748
0.0607474200899869	0.286931597075738
0.0978517790496888	0.432862387170013
0.0915997054059289	0.266376247096077
0.244321115271886	0.876258224045464
0.13930144278006	0.397423488338038
-0.260745015617202	0.781127549145196
-0.445230725048992	1.2954527664438
-0.444369120935513	1.22802558313036
-0.288937920598912	0.535694914436468
0.120415085913194	0.207095856645214
-0.37675148467634	0.819537903892671
-0.130779685599904	0.230265020523373
-0.474830886577545	0.984146606078586
-0.503676637726182	1.29091391084052
-0.707770165155737	0.930981890425225
-0.553607102105779	0.896332918955819
-0.00204497696793202	0.00229927507145958
0.0313978674742648	0.0319141482536851
0.10959794922271	0.136162797248825
0.486617903354147	0.73125688979698
0.0227659719855168	0.0202094033685363
-0.074873626053215	0.0571318964705751
-0.166527618388747	0.0961367301070877
0.629002633402688	0.444054908939398
-0.206959981847343	0.141023503986054
-0.127063540239845	0.0511115997929757
-0.00295981327867699	0.00153246573114731
-0.320551288085471	0.265888467024812
0.906633898362788	1.01523367579728
-0.352234552109429	0.254906187652323
-0.703164726013721	1.06052659291067
-0.430716536675182	0.476260102972382
-0.232339667690506	0.268081051121675
0.0900642204379702	0.468991732997527
-0.00731848107038351	0.0228639584150822
0.0952080154701309	0.308717718158764
0.071727378425321	0.19373112966363
-0.409088207970859	1.8301615346987
-0.530431911743542	2.19754029323557
0.124295427296675	0.262449247495229
-0.1832081108951	0.347742949704689
-0.0867026236167907	0.161890686690367
-0.0529434962391525	0.0902700616462141
-0.183385264159321	0.388170324256606
-0.725483837860318	2.32996969234987
-0.188146065994844	0.3641449771465
-0.269427342466896	0.607692150970304
0.0413630675394876	0.0583856834933828
-0.868673039355574	1.18962273301019
0.142133994627623	0.155674897343735
-0.265216794326556	0.32247257960166
-0.378934163678556	0.640988872967333
-0.412681054617443	0.578277764043237
-0.217257718075904	0.26751234200468
-0.243644234875682	0.283577538645849
-0.352289091109925	0.498288642168021
-1.23411671395025	1.4729080279419
-0.353777596479004	0.255944552013479
-0.443712551003319	0.388669877540377
-0.895602210962621	0.914650348615367
-0.000646715997387153	0.000339291503521881
-0.672084808103646	0.710315421255844
-0.00665522781987459	0.0046602445727228
0.425543307227517	0.42272910567072
-0.188970526223581	0.150857795354006
-0.115879874144888	0.106906123422375
0.12653596949123	0.698811502465239
0.0113369340319478	0.0367314260224897
-0.227102199486771	0.948215158936578
-0.420424096819712	1.80877891099853
-0.61889248946971	2.72806407865201
0.190167972652583	0.408618959240982
0.0310969351680873	0.0446751644424503
0.192322462992105	0.414356775973029
-0.0532896867296677	0.0872987694736323
-0.257737442799882	0.626007269878959
-0.413643893872546	0.878195363023781
-0.461334132072378	1.23767340655634
-0.122723885465344	0.202776386516424
-0.504661023749795	1.2424797258121
-0.721989874727001	0.997670303066347
0.126091553940778	0.126214457244108
-0.264107229137058	0.361029901460061
-0.742177201122591	1.15837833236729
0.0929101776375976	0.107624839404081
0.123194028777087	0.126805563675369
-0.0724268281563996	0.0742075048170964
-0.2418848503283	0.310999824457988
0.381633042098782	0.466990923401332
0.158311374832679	0.107649671527064
0.582263873693322	0.30247836051595
-0.464746426491629	0.367328755791993
0.140826180408369	0.0804599415722357
1.44481049255755	0.900436399075268
0.267911853987984	0.199767837641611
-0.815859084277536	0.96343136859078
-0.552405002443551	0.468759883010258
-0.082693046061248	0.0634232635400112
-0.597885961369444	0.795550985812935
-0.182912390257761	0.192188890289246
0.0797752089885019	0.407455656357221
0.041836593574172	0.159598143466841
-0.237877111840811	1.15052775753452
-0.118745207214819	0.327719424267336
0.273114589135201	0.8979689487048
0.127591322914626	0.271978932845137
-0.122726059342119	0.291355792545341
0.163519536678799	0.410101880198391
-0.471293945455083	1.92985506434532
-0.395227447492003	1.11597378623023
-0.515712469989784	1.81976798788057
-0.0178391612350515	0.030777428939798
0.0720134116951401	0.117318537701295
-0.139589238902608	0.165964568964321
-0.0831502040990534	0.113203399034197
-0.246878911505206	0.335321483484677
-0.242178466049821	0.358621200716493
0.0661707858672248	0.0704331365264988
-0.348490197786701	0.575817446955466
-0.580236419545371	1.17586038550157
-0.143392748518211	0.154196049781075
-0.26683137718144	0.337395789226141
0.233535695217885	0.202598906700925
0.150736274827939	0.0922492661618864
0.27216639524591	0.212334553752421
-0.719353459775199	0.645228041283603
1.43559816168666	0.889785274757347
-0.311751763960908	0.231985156570829
0.469188414634418	0.504013818241933
0.331029880759841	0.313516075654292
-1.82722882678999	2.53625295922362
-0.315313317498377	0.38125612258356
-0.432345170072106	0.631498067216204
0.0303751743200171	0.131967196875494
0.042406563211855	0.16569624197493
-0.147968748861797	0.555577281771177
-0.0403573397540642	0.101027358521075
0.3355360464267	1.14285966473865
-0.130842902561798	0.361736520644834
0.0282440742182951	0.0604592014771104
-0.198473518468083	0.62285334168258
-0.498386443382206	1.73214836512562
-0.319554286285597	1.07124075745913
-0.120162203514496	0.234543414702641
-0.377729558126247	0.644378818256841
-0.132174503161353	0.185296791217183
0.172619838117235	0.243323723895599
-0.575039724103611	1.23500688726632
-0.224230156406675	0.295844337403107
-0.260427953747879	0.32687860419675
-0.0975347202239257	0.111469663111624
-0.691786589024732	1.42791299178499
-0.180381641486521	0.247270931889115
0.556012232901143	1.0081911340281
-0.233243703681571	0.307088009747908
0.163617939423987	0.146984951232386
0.52006937147697	0.429765736592406
-0.534442898640422	0.579326267823101
0.165919450498687	0.117909228788276
-0.170187781574408	0.0982248432379748
-0.896309552002743	0.838905236863371
0.291645494393272	0.297879826577413
0.298159494825364	0.312649080587171
-0.457927308721543	0.502087657055021
-0.342261089375891	0.42748474932505
-1.01030490852121	1.84461809614441
-0.365012464267748	0.514442450809277
-0.264012466603822	0.264309497281507
0.0487906870964716	0.222947934986984
-0.150467080899212	0.779597499572446
0.174496668069476	0.714236690474963
0.202048467535405	0.686012023464001
0.106126078940805	0.315364832675527
0.145656557003881	0.46011926318492
-0.147124807389559	0.465849395735089
-0.339763163643177	1.26680886405598
-0.433398153139781	1.72371618993846
-0.225680541630024	0.368173232543298
-0.030259910960984	0.0365817235188322
-0.105660082892095	0.144172333337533
-0.185689433739728	0.253410648085917
0.029781938736647	0.0313444583345929
0.0701181143565583	0.0820024915375497
-0.326040275237976	0.391248613878342
1.6070845420922	2.06220952268235
-0.321394756545999	0.320213672438401
-0.404311813691327	0.359647935503326
-0.578873381259876	0.535595077351898
-0.241888461738573	0.209722940412001
-0.200999484525159	0.192936148564288
-0.486945372307698	0.621345377341914
0.0264072328147747	0.023476405948769
0.000574671287354989	0.00224886829256574
0.219469631855506	1.49145878143182
0.143507720981118	0.703309998275844
0.0233486684190239	0.0660622647168053
-0.0979787034453372	0.313637856099909
-0.565916162858235	4.20598883042774
-0.661430590369209	7.16116971740306
-0.29612891064832	1.20063817112171
-0.353151552101266	0.48258397477671
-0.0300569958574067	0.0341871461590274
0.0115820808653902	0.0139078294499333
0.504879855175789	0.915864773415431
0.17255535228993	0.223501403008161
0.688981537334739	1.51739233839275
-0.236760245916064	0.313138642545379
0.0679850657879074	0.0782516948048442
-0.0134338818321855	0.0148862584335106
-0.071588552991762	0.0686943038885495
0.0620811123528972	0.316098454910413
-0.121815832181663	0.661598236788446
-0.17906178444555	0.972776196715138
-0.243562245557472	1.33299170876006
-0.591348060689039	5.78021368625504
-0.690273721364328	7.46143124933453
-0.413566175883699	2.34830025020405
-0.00375730502238914	0.00419603242197234
0.242988111170959	0.369081602461101
0.07422762809719	0.0688051789424709
-0.514761044767439	0.819696091159094
0.475152039159909	0.695175359297512
-0.0347286186154171	0.0314146710055724
-0.600672899346415	0.874171527865432
-0.426215063082024	0.642732886079314
-0.152241189644824	0.168725750682473
0.0240268925482046	0.0253617865426365
-0.38164117923122	0.545596570808168
0.0565505152664853	0.286695297221798
-0.27722655839178	2.22753909906486
-0.252546598171328	1.43174402164124
-0.550315945614561	4.99691519519845
-0.558845304332776	6.30961591715265
-0.270397709090118	1.1559580041291
-0.0442244432094895	0.0546760968539167
0.198053467272943	0.338904815611126
-0.0662383111537891	0.0979242433021944
-0.164868523450778	0.230476692915821
0.202212095683716	0.319414468815088
0.444813597139543	0.841320663871829
-0.251893044410718	0.375105068363624
0.22587723162898	0.351672031701279
-0.102127396621877	0.111107823047784
0.377454156175784	0.751177094342165
-0.419112947037433	0.635484200744725
0.0299052786719631	0.129236314096044
-0.156057539504293	0.875347339123959
-0.470278994131119	4.0267439407544
-0.571122706403415	4.95156449552228
-0.315039055547485	1.51803611357352
-0.0681687027979659	0.0710631462618665
-0.379911192968615	0.703829780045693
-0.802553810647555	1.45192892806396
0.662298903575202	0.754571120526579
-0.0126977554819111	0.011709777015486
-0.0496973748403451	0.0390900489792461
0.606761311961826	0.567447607383513
0.0440498485164488	0.0371303528832802
0.233212601475954	0.262395978254173
-0.103576687276181	0.103531065455989
-0.163443833196713	0.180865244537412
-0.378205093755199	0.4461728886286
0.0490482877623013	0.222079648854866
-0.085462135857853	0.386690398813886
-0.319062774562605	2.03775356069853
-0.0553933432294504	0.164928304419195
-0.220250941681379	0.298240613361337
0.00316018000452888	0.00268620053658604
-0.338974996300098	0.54544015270555
-0.503054114002843	0.70571307547206
0.00426773267795334	0.00301946335355743
-0.401794697355867	0.44452333552739
-0.866869531037383	1.12805296030732
-0.881883383194941	0.967081586292309
-0.166624515789498	0.15064237085119
-0.433042028146455	0.581066240854638
-0.0308275776229449	0.0278536330396303
-0.00203673952786857	0.00184134163229091
-0.0988790312270326	0.0837227406900656
-0.998329222672066	1.66048551422962
0.039303843279659	0.17890930373846
-0.0654540113418124	0.300123366811912
-0.0987293064659081	0.0928772006817023
-0.670544166758664	1.15735758878061
0.314116990052422	0.399741120250953
0.146931096992998	0.178604112237039
-0.0256425949880398	0.0267538601272609
-0.901422785360191	1.83057720789629
-0.27932385722148	0.485820168924411
-0.0167207413136462	0.0186967967437432
-0.415743938388952	0.535790561560213
0.516651272136551	0.849223443121707
0.261053914827873	0.338202481346373
0.443350960736496	0.481015187432811
0.119527965435709	0.126390551232476
0.258361626768475	0.343050075511031
0.859319228315231	1.70090878012439
0.357885738421401	0.526888156691734
-0.397132833808252	0.686245848069301
-0.0950503842341736	0.0969027777843662
0.0213298131314979	0.0982991789699327
-0.566341213051081	2.70585821563334
-1.00334219506821	7.73078339310091
-0.244117715720772	0.88703734999878
-0.197037597152717	0.639348954317506
-0.146730024351071	0.185995033841083
-0.487924899288918	0.889000113879462
-0.161237258073448	0.145484061033756
-0.575920650942775	0.773962758466237
-0.309750787178291	0.332032943456279
0.364510825528207	0.398678797241545
-0.0468287857573008	0.0456908984282652
-0.0861207856101865	0.0998784127913129
-0.102080395614183	0.140898254899479
0.0843187506293908	0.155408521058447
-0.000892361429434249	0.00131025677603648
0.0584793382979062	0.0920313460044792
0.315788838780827	0.677264874544291
0.136367274526869	0.260809143073643
0.290441208264232	0.582290759504963
-0.0360209559439819	0.0465973849098497
-0.386068103429203	0.609757727942185
-0.161424268422769	0.326405314593952
0.332758666308743	0.556610902478127
-0.0606012215248685	0.0543453703655223
-0.883192836606585	0.896402016397878
0.0565631787114314	0.0379572809851455
-0.467909231133899	1.23709968849487
-0.911891785322413	4.82083591638476
-1.01376869810846	7.16241617003815
-0.516527234120998	1.4733120356893
-0.534235220208017	1.98736615162453
-0.430785921661078	1.02007007834873
-0.377031259270858	0.790369178061407
0.0617062440952726	0.0942824324506981
-0.0311924599348783	0.0433034595849852
-0.0294332618753008	0.0327869359433056
-0.241548988946025	0.336411481129744
-0.173312985251204	0.235610694371516
-0.376645072801525	0.616959832623042
0.0318300767688477	0.0331893633018364
0.0442205518119217	0.0508792298613535
-0.167293717506031	0.233901737776788
-0.263049936568069	0.489234590004797
-0.161556857296289	0.187011474179367
0.378980648812523	0.471346052536728
-0.180985660501898	0.220519671247283
-0.128999255054094	0.12788432191949
0.234767992175694	0.21001079606392
0.0527793457015756	0.0455888456084819
-0.253737416042902	0.29249038925502
-0.0647627502192577	0.0658753636046737
0.399249319158143	0.670374976965858
-0.00538406170793369	0.00598150484211949
-0.261693859200806	0.29992261407012
-0.00163903993110363	0.00130737586537467
-0.152977278638848	0.136975887791535
0.110169240302111	0.0975109482631541
-0.0754933159458009	0.0577463998721039
-0.309505636229622	1.02104202779898
-0.434942776558941	1.53328790107251
-0.41037943542629	0.917552666661547
-0.901015064296835	4.44346466719999
-1.20523894126273	9.71958553518208
0.235659565191621	0.425537479721703
-0.214184791720995	0.450524885640772
-0.29937411477103	0.744718893921746
-0.415234525444066	1.12337945446328
0.065713929188472	0.107834644797104
0.0245406118834042	0.0363359875852789
-0.395412812289846	0.997483776851951
-0.450876512226932	0.878192135488531
-0.098425405496474	0.133066167621558
0.382573601075975	0.709212510067797
0.0168911227799455	0.0239300665134809
-0.145786951942383	0.212266125206818
-0.307213146249164	0.567078676228816
-0.0290761026040762	0.0363477778050921
-0.246746514211429	0.432441726711062
-0.240444787911257	0.314753463593791
0.174177070269715	0.146200178215461
0.340672502631478	0.390122334764946
-0.33384702671326	0.355958180084417
0.839744823364829	1.15218297544839
0.362511534640598	0.405003254563643
-0.0742315262294085	0.0793602249350086
-0.0906314922867713	0.0931885197377985
-0.100296280941085	0.108901478633851
0.0386812468780507	0.0436445565484079
-0.106982725751162	0.0995691744397552
-0.39528581858102	0.596912618183842
-0.0422378066157269	0.0379538342416288
-0.288823961755255	0.361765230925483
-0.814075155671199	1.06908236082933
-0.16728756021801	0.151571137274166
-0.411487271600913	1.69984758890745
-0.621429821161731	1.47279945129562
-0.861329773492668	3.4631528780896
-0.854615537128833	4.90701912448408
-0.545157224867921	1.22562112658729
-0.498710739951825	1.42887952823994
-0.484162386449865	1.37805220584706
-0.423461480095763	1.09191850506775
-0.0629236686835705	0.0963516147656755
-0.412818089920324	1.09993267307589
-0.310303221210416	0.697435228802716
0.367521152821816	0.679517553072584
0.208852894163528	0.320637552083998
-0.395619906697346	0.790571199687462
-0.211672645730086	0.385661657676596
0.175600349873474	0.257872853410785
-0.752259483116241	2.12885789558203
-0.158508450641308	0.223425902056506
-0.441928271151773	0.898196417171133
0.0301240156248426	0.0268374896307806
-0.244975198846527	0.162460011454885
0.388497988475447	0.410899552919424
0.598793536086876	0.645793968623255
0.477256681356923	0.299378917799449
-0.00991025370392558	0.00688634127758797
-0.513627923804096	0.630562185570136
0.0307671183256311	0.024043964758897
-0.479185092358991	0.640934854903681
-0.366865985761667	0.459345734254972
-0.180481331150022	0.186064167386891
-0.0431459669735341	0.0420302637891571
0.0648952216188868	0.0576694386061532
-0.00240262655221914	0.00222309008642317
-0.164579262904844	0.15994457057747
-0.214321565024554	0.203842993823543
-0.305456735119278	1.6766225165074
-0.364724501443185	1.99709325989292
-0.597488298514651	3.88137317720611
-0.714359779834499	4.4794028070316
-0.726164097189131	2.74633840728227
-0.84913123034745	3.38225762375429
-1.20581027008678	9.58275278370523
-0.557941268801698	1.85078400681591
-0.995995608704442	5.33813811025154
-0.414807534126609	1.29225524304734
-0.302649633868648	0.722252304466801
-0.245670468425843	0.605256492642892
-0.23801237313063	0.563353945763998
0.343657158234978	0.77367774560229
-0.044343631804451	0.0612356500797022
-0.0521287477467034	0.0692784324342489
0.138139951899476	0.198778447916944
-0.616929845578121	1.52181421898655
-0.00726145137178438	0.0102599018028781
-0.133652638493954	0.193503631892528
-0.335111038336416	0.608346461612086
-0.0966440553074974	0.104719399387357
0.357408500955176	0.312113505623806
0.221204071132257	0.242367140562829
-0.0953299702118028	0.082125412077631
0.270277945309293	0.225899647231621
-0.211325549225795	0.200625768352912
-0.365293377022407	0.435590426586053
-0.202075245883398	0.208476737282783
-0.391330877822845	0.525839741769563
-0.247981477195493	0.250340606726593
-0.488002573261777	3.56225010415885
-0.398941916403969	2.12452045002488
-0.943470849623959	7.92804097800114
-0.958475502721743	4.86076651465974
-1.13168999868922	6.98684662577002
-0.71037539326198	2.72616074737035
-0.316417128099154	0.939168004680703
-0.18809255176284	0.422218829951323
-0.331765422564078	0.901942828989646
-0.307822506054692	0.578824825680822
-0.019256477997725	0.0241204611285761
0.0728133835167927	0.0978788509182043
-0.0512585276677634	0.0680614031916555
-0.203912882745427	0.288389088444818
0.222747957841977	0.27189695097608
0.0722111883277392	0.0505365766668495
-0.669979512356004	1.01050784877109
-0.675611020231265	0.894973908479669
0.317638682996089	0.29749172736218
-0.105766312165548	0.0882193163497774
-0.503368223118543	0.739390773813516
-0.0621784910434114	0.054205880532976
-0.289373398823149	0.362478121716646
-0.523806089575013	0.912531791953023
-0.300712921706281	0.343656802605774
-0.451007503358343	2.75243612930462
-0.557233154721456	3.60817155457828
-0.490242339421498	2.15547871531043
-0.894284747459152	5.50130943214448
-0.337260700241239	1.02234303585258
-0.207280260385259	0.562743239745464
-0.278113407222834	0.694719605617082
-0.0615494945001867	0.0947891880155719
0.271124544608169	0.45847370089623
0.136374117792375	0.199969695950921
-0.406218199791281	0.665186469848846
-0.782696521512676	1.17894629415664
-0.499147380758222	0.828515889159633
0.112089701487326	0.107183846994304
-0.0732043281347353	0.0683059437912607
0.30640388325116	0.381252599265006
0.107798166054159	0.116131591460762
0.181643576815101	0.193187816730869
-0.283054665997559	0.332573074203276
-0.0303422219941544	0.0350445087335599
-0.725091638848662	1.00415143199234
-0.397327242959556	2.58756691302134
-0.366162166803381	1.82951697344681
-0.102687353535907	0.214385420560357
-0.630557888462397	2.62213568561326
-0.91348003768745	6.60261796181897
-0.694115222303946	4.51003874685271
-0.128080377440318	0.279256329538992
-0.0379587198740749	0.0543624238523381
-0.408122585548972	0.807553224027502
-0.236573808979234	0.378561661241763
0.22736827312154	0.258859184229782
0.322211175313504	0.302822735706434
0.187133276460692	0.185731277689509
-0.309313829220864	0.285711714340285
0.395256259870095	0.31202249013124
0.566383608751912	0.708520397676287
-0.155418048675263	0.164354748751472
-0.0879383576981353	0.0843416967613411
-0.280799363471665	0.261369795567049
-0.362159959205684	1.28930209277112
-0.677679192430041	3.41662204162024
-0.889913120481391	7.36071946843087
-0.501154830379901	2.99726659727656
-0.20882049996046	0.395932701367632
-0.12167873864551	0.161344168479502
-0.0117946059453425	0.0155967021382078
-0.631553041126789	0.86602894504078
0.163294072328379	0.120433211109151
-0.76470515362429	1.09712678628128
0.1647634245257	0.154640658566009
1.29978234469247	1.66257700021611
0.260620597685093	0.209560770507448
-0.449307109840824	0.582124326779402
0.111746205467676	0.103006733101005
-0.413782595234208	1.98605835943413
-0.255243664306789	0.882202727597047
-0.416817873861469	2.31875448444047
-0.169634576445223	0.627793145367946
-0.293011109054819	0.515762169356151
-0.241354030994657	0.435409500102452
-0.566710667902023	1.13039748883541
0.0535739627214652	0.0747964688780915
-0.0831218397194583	0.0935925498778712
-0.0744369194122674	0.0568829798822143
0.12835913817762	0.126562944106076
0.177361778436197	0.160681281216232
-0.239568828597685	0.184582854632833
-0.603639385015414	0.602781838347235
0.0959794684239135	0.100971302781022
-0.613508610004459	0.853443608161984
-0.391544066369791	3.17731716485222
-0.331007766625218	2.40813426803947
0.0242041429301887	0.075863980742688
-0.257733445122305	0.360434480622871
0.357595384207489	0.724544559466712
-0.316343108520167	0.649810260427423
-0.177210691986971	0.285274429113359
0.0148470588435737	0.0185910357684687
0.446595868182442	0.834234075854018
0.378329353955049	0.566612452828417
-0.334476078110379	0.530544279982571
-0.048636269490216	0.0475754774397393
-0.294569492651681	0.334930021302552
0.46418061613375	0.897343886890864
0.147302373624348	0.320756089788336
-0.203395709176599	0.423633186318246
-0.111766535082147	0.190862576523614
0.0536763492852328	0.0760126295181278
-0.17073585421783	0.337746070526686
0.234130567716433	0.501636989250854
0.0292532238432113	0.0385238675039884
-0.271283523841045	0.356077116290191
-0.18268930289047	0.179908741568538
-0.63614276451635	0.960218406890772
0.125563881855955	0.129534544974225
0.177602728891869	0.241549904344856
-0.0901483954592765	0.146190538179483
0.415812638444787	0.963379158845702
-0.589088945117674	1.46211972134311
-0.0910916752032069	0.118833928957079
0.1743183438833	0.295919579350307
-0.21605660385893	0.364887316385713
0.163530796689573	0.240727884375938
-0.0771299661396816	0.0784002410682954
-0.343720749753075	0.499889490910272
0.411765995435331	0.700367315771938
0.12201422822061	0.141966185618179
0.0563892349803196	0.0714461091295303
-0.367456133001638	0.581146275818643
0.176080068532508	0.318563955463346
-0.284868746298067	0.666660147839146
-0.115217044218778	0.171542988862139
-0.456944747893977	0.984297110704243
-0.264865813949391	0.439704223938438
0.0672898525926933	0.0936319527666616
0.588565951394543	1.6658644427587
-0.4852704018759	1.04319151582983
0.457384482082678	0.852368284343268
-0.0241324955039963	0.0311697022809578
-1.20133015297188	10.533108476089
-0.137582934281539	0.240600035947529
-0.296526337192298	0.57960310873065
0.178748171083002	0.273034060198671
-0.177184657510076	0.285277333024717
-0.740525526058691	2.37630402114732
-0.628552031135753	1.80280134753908
-0.231313477081574	0.518539317959033
-0.235833082084833	0.560095236833126
-0.23837995471303	0.421560563424022
-0.271758940160419	0.493663516289436
-0.0670605729592417	0.082554281248478
0.18380301492947	0.245338636926799
0.55706036692042	1.16484373087475
0.112357842749984	0.159588022056722
-0.0813529776968637	0.0975649483809173
-0.230932369278671	0.39603916120683
-0.527510266066906	1.04312301804918
-0.386869413360417	0.50477419948596
-1.14434036501434	6.53517974224103
-0.519558008548088	0.86493604195109
-0.0377441192105839	0.0417461410347573
-0.235249505182537	0.333240219363109
0.561424142904248	0.8941134392685
-0.0623946342066427	0.067530499963034
-0.316991771354967	0.565502678971677
0.0517084957975378	0.0755514311647354
-0.36915590091619	1.29398293156073
-0.52925487522649	2.38444989387125
-0.322326635016811	0.77084235853443
-0.358218284703449	0.754753074035846
0.430198010705046	1.21782364504886
-0.16193930582624	0.308435128093641
0.122012845733479	0.193709359697188
-0.104473140837773	0.12365867738538
0.209737165169953	0.487794265437143
-0.402172228821426	0.687257743880532
-1.11324585803165	1.84370025012562
-1.5407210242603	21.6650648183132
-0.32864153240924	0.783045436529147
-0.605481375772078	1.74856777746464
0.23308023131061	0.439876612958611
-0.132720158590005	0.227918565636958
-0.57164684279862	1.36183399330892
-0.58220644605639	1.8651220007755
-0.844597236059674	3.45755830810854
-0.629364900646008	2.67253589416174
-0.633125822294235	3.50971197990499
-0.166268639034013	0.386396849925747
-0.355748505511269	0.998802857687905
-0.221965849784548	0.472871224513057
0.118815885284298	0.19516869283785
0.0836799364842434	0.142544517922756
-0.109223373822416	0.174533567431825
-0.131482316314122	0.194492517919802
-0.300739178295828	0.773166599211931
-0.101467937648835	0.182544242603186
-0.136186869973417	0.277096202167049
-0.236795446080231	0.495256199007218
-0.48157909084386	1.59208246476817
-0.424245469940306	1.17922812953536
-0.177250365244393	0.412869450619656
-0.606831815166031	2.08598128972278
0.0374885198269601	0.0456964549481623
-0.831062168364294	2.4293991983826
0.036236055756698	0.0484434960369054
0.213952064725811	0.330156159209461
0.0598392013021031	0.0843059418843547
-0.410252435019804	1.45232446596075
-0.277532487062158	0.816994369306258
-0.143539574699729	0.344143180891931
-0.286877118958221	0.755522307792704
-0.264753893733831	0.789461092807113
-0.50524636583967	1.69357134984536
0.0885108389673151	0.175393904444514
-0.538989736903772	1.17971803616694
-0.0850148875055774	0.0726425724478196
0.280060030071771	0.382457328114604
0.0227349276976286	0.0223213197678767
-0.189466736032297	0.243017967641838
-0.396009882792816	0.620043248354187
-0.20295757056011	0.42400393090215
-0.057194180406668	0.101993851220804
-0.605496228317621	1.39378262904683
0.239599437609636	0.21507669266443
-0.446053632247901	0.62014162949863
0.175239165924438	0.181678484221587
0.107194873163598	0.100025778113729
0.290984159360471	0.396530517322666
0.0231924288638034	0.0234209866000541
-0.0812817963300535	0.0829474171287493
-0.180187054666765	0.501320021384766
-0.289052510642052	1.05635235119759
-0.125081747606088	0.289061815981893
-0.198022752574027	0.471397779620578
-0.555798007190429	1.43894105089289
-0.0388584330530269	0.0368499946329336
0.122666538537728	0.149595172664031
-0.0781718384132731	0.084998318792984
-0.442371947346337	0.755524619164629
-0.264073666211407	0.40387744973859
-0.0520051381269035	0.0568300192546986
-0.021569974353934	0.0305117181971655
-0.33293816047192	0.61247847870487
-0.552705893003848	2.92922841138889
-0.861241068605492	4.92497826058258
-0.371205970798929	1.29758485522068
-0.814103742460332	3.12928432228612
-0.725943230698343	1.35791428807315
0.122803724496551	0.161383516087172
0.0171573005590076	0.017995149817472
-0.331344911571665	0.433978181048125
-0.0384495439873696	0.0444517585767871
0.11413960387504	0.146961638612576
-0.00573763157381195	0.00639727232743369
0.0760612811854766	0.111663531183006
0.189890979263581	0.311548328712136
-0.0656353885414599	0.0855396077883563
-0.363265731270055	1.68193871611821
-0.129291344882242	0.377562635932436
-0.259242288271614	0.681510068720057
-0.0975929453721918	0.202389178935564
-0.45982997710481	0.907573296438793
-0.522558452015059	0.605150550349133
-0.453220614884166	0.589390809797083
0.16996786825456	0.163611377764988
-0.182153235126068	0.176269369617248
0.915456520092599	1.80357602942125
0.472021309886309	0.775544272834253
0.178671774558689	0.209704246006693
0.0328396659429441	0.0411697156666485
-0.0406232607353791	0.0426062045418122
-0.123553528473799	0.177784471067464
-0.389731055769014	1.39590742572976
-0.237475865150518	0.620203398411737
-0.301128024088903	0.34377924422737
0.519520055819355	0.881066639412084
0.106249397683099	0.115904271251515
-0.235153958237628	0.300343758585821
0.0313468390904055	0.0369515765942521
0.263731849713737	0.457546281955692
-0.0594366473442089	0.0851680715819326
0.108761490471496	0.168424660866059
-0.142296037895896	0.384642390692587
-0.2290625561271	0.494229846188345
-0.217645549309968	0.190716932598227
0.0302746479659924	0.0279406330710972
0.0403911898101795	0.0484825687698446
-0.0928421593327642	0.109297525375303
0.339432414047845	0.474037007823347
0.233157019985861	0.4547284613901
0.000949239210882445	0.00106366111070481
0.0340919918297137	0.0320839818722837
0.0745203580340996	0.0902284150340532
-0.36283241057131	0.651941558782679
-0.208222698277689	0.295731718717158
0.586714495435658	1.75969562675883
0.0774111124187816	0.118309626611077
0.0195798791062758	0.0276451317587042
0.172527205684079	0.3522838079572
-0.0661674105222437	0.0988035410662511
-0.0885556818086293	0.146010133802362
-0.144231205265413	0.242479507586024
0.171043769695431	0.194434102858313
0.145576409462938	0.164316730905787
0.452258822580888	1.2918210778232
0.0475899166607098	0.0707077192264054
-0.100752610126651	0.164170400768424
0.0294816440882247	0.0415174252920964
-0.0391715170087741	0.0487793852768005
0.201809101491323	0.292847232256956
0.167360867162107	0.31651521767332
0.093325501691791	0.139765735772739
0.3205181161506	0.944844605465481
0.0213137894417557	0.0328445965682482
0.169818196492249	0.295950089493504
0.0227338764067801	0.0290326265915248
-0.0330990912991672	0.0455809162590832
0.0144376525402515	0.0231445786593884
-0.167906075488745	0.334961209884227
0.064982047622711	0.118702330994474
-0.233098543215644	0.486722117156442
0.156890365286462	0.217825246172113
0.0383075649182289	0.0437636721849689
0.0683066054953251	0.071951961408817
0.120651387535293	0.267672343746739
0.0363800307246582	0.0781564971947519
0.173833884525991	0.501634153226499
0.0205629780825441	0.0354915321871917
-0.0804818504088961	0.134891175115633
0.12277520417525	0.185425655334747
0.0192436691752643	0.0509421749214991
0.0739482155611879	0.19870827009286
0.0155047713181192	0.0389545427493569
-0.0657158518646371	0.127908943917955
-0.876647791423698	2.8715989615505
-0.0769148195599267	0.132998501294612
-0.638997913540444	1.66208757740512
-0.19794942671658	0.710895776462975
-0.46544429657672	1.62386784258279
-0.740206512492588	14.0259154447198
-0.259578621820079	1.93147456190282
-0.0457581322534096	0.160471157424036
-0.349374043452513	2.77118446631632
-0.559551314487328	3.32523671396024
-0.931645304977934	5.05126423181325
-0.00289697217706723	0.00525650875324036
-0.335031476176489	0.656779282319192
-0.339721649870583	1.38980086425898
-0.148018797565547	0.273253199327625
-0.384102988407075	2.277780764106
-0.775850753831828	4.28573240436351
-0.239848749010985	1.09956417422839
-0.489821977370912	2.00273763055743
-0.305529006275883	2.4309489685831
-0.591232715249529	4.13097567193136
