x	y
-0.785169599684833	0.347346077464268
-0.509930205757714	0.270943754129894
-1.83482918178446	0.757249944313784
-0.740941800230378	0.257318537190623
-1.53235676509745	0.553502300358264
-0.789360513665424	0.349747285437635
-0.787558915132848	0.34862507972379
-0.750450153330483	0.260698014203123
-0.164016994134936	0.0595978412833018
-0.6261744941828	0.303974453815849
-1.83277758245026	0.754444070298794
-0.236272852446498	0.0773215369892885
1.43237272946104	0.476285559011928
0.650444653728205	0.206870989076807
-0.162184867260776	0.0590817669813768
-2.49065388179129	1.41351608946082
-0.792680090086977	0.350591169840765
-0.92772599062374	0.788728462584833
0.135538095266814	0.0458551699678765
-0.509930205757714	0.270943754129894
0.673190814379244	0.315279389328192
-0.0809627151604905	0.0359217727600921
0.134418430783318	0.064353321654288
-2.08490146353936	0.964676824691781
-2.30435569641955	1.18273827430254
-0.997721731950155	0.501381111468742
-0.678857609604906	0.408428910663014
-0.419899321881331	0.178034045801847
-0.412656054429682	0.174681011524449
-0.736908958226035	0.255490300483238
-2.58428653566473	0.675727611967995
-0.423394547068522	0.24377349253437
-2.25656201453847	1.90487138979639
0.583976834603296	0.301919448146785
-1.49588973845055	1.0567077456611
-0.634055043804059	0.308658172819365
-0.518199439584001	0.275974117166949
-0.814039443818446	0.450109713535553
-0.537877518920207	0.206535210663043
-0.357246048969481	0.218512075931791
-0.806665027683436	0.444806365814789
-0.631864132095075	0.30716828052273
-1.80368476738292	0.398254084963023
-1.5081031271544	0.776833803061459
-1.0424602576406	0.419767093556931
0.669678650418107	0.313495417453774
1.06346404939465	0.64967073582615
0.424138358301413	0.170604635851743
1.43597684438283	0.892719605342506
-1.05358159006348	0.423921348895945
-0.512508891777428	0.272075696100941
-1.83539757756382	0.75750800966345
-1.18108746823986	0.667836294529972
0.510095510521518	0.183107702258822
-0.119470237064633	0.0481183717796714
1.25455532885968	0.691509463795607
-0.806766140289428	0.444190811094298
-0.787558915132848	0.34862507972379
-0.538440187846927	0.206758866526095
-1.35099659271642	0.85883886470938
-1.0441657216201	0.420510686701662
-0.368532888014773	0.10708848957613
0.13345272036125	0.0452283641533281
0.127839491364296	0.0549442253955098
1.30634143324578	0.572549276189887
-0.0556605574668069	0.0267178402192885
-0.119179601913398	0.0479937579676386
-0.534393347384375	0.205023861194337
1.25318633412264	0.68942663980602
-1.50864669435594	0.776619151408955
-1.74306996469617	1.47950227940794
-0.644388443682788	0.157000626677781
-0.805697128108322	0.443931812866606
-0.741848012858367	0.258096023054699
-0.539839679278571	0.207260587364668
0.676653719812964	0.316955102147894
-3.46538037258837	1.25291021678476
-1.5380893189947	0.555528608035834
0.676653719812964	0.316955102147894
0.932444120238111	0.244842742206832
0.133592638462362	0.0573486605282302
-0.819192058824043	0.451670267774091
-0.168621485035434	0.0613849497001624
-1.80368476738292	0.398254084963023
-1.80368476738292	0.398254084963023
-0.742419833798786	0.258214778445979
-0.538714119684408	0.206903909568311
-1.58451160272951	1.55425495457048
-0.818236109290694	0.452404110184117
-0.820073693745454	0.551188497375695
-0.128868038243657	0.0518065115847343
0.424863892598348	0.170611039670474
-0.62546181692	0.303728034164568
1.05220838758712	0.511294880010563
-0.671503920206736	0.40370347871096
-1.19098455037177	0.675200276772478
-0.604468221725257	0.45048934426502
-0.543951619434175	0.208833717025581
-2.29955953562649	1.17846115038366
0.138791573856085	0.0413094962520647
-0.741848012858367	0.258096023054699
-0.516316225195004	0.275119017843791
-2.58428653566473	0.675727611967995
-0.361622063644185	0.105340752849314
0.123086423488301	0.0528394608302589
0.123258535314196	0.0529460615986845
-2.08433551908383	0.96418035335272
-0.784081161574614	0.346813224493689
0.805769324127157	0.339679478238357
0.131140754867742	0.0501024106510988
1.43602101245823	0.478148523404795
-1.00393074235547	0.5044784612191
0.302527266005188	0.181708297781657
0.971369232817404	0.787564450721803
-0.417786932135046	0.176984940608897
-1.15347733768864	0.353947479713194
0.146831091835794	0.0369592007582587
-0.630560001867424	0.306878318745572
-0.644770889342653	0.156875139887313
-1.80379071234984	0.398266610487963
-1.80379071234984	0.398266610487963
-1.62893825724187	1.26613327509713
-2.31328572916625	1.18446353532552
-1.83933150009103	0.759192863567997
-1.15347733768864	0.353947479713194
0.932444120238111	0.244842742206832
0.148123932113398	0.037298775193441
-0.170110577552325	0.0619558041516788
-2.58428653566473	0.675727611967995
-1.6964033579819	0.976503197657573
-0.402875863328333	0.281762970218372
-0.549729155336259	0.210726313091623
-1.69825190750329	0.976427151754855
0.126346136685917	0.0482983004587781
-1.00201701834855	0.504117324485756
-0.738629090206008	0.25643862371353
-0.214727194274962	0.11726255221599
1.37755853711292	1.06196989678452
-0.675782184048766	0.406440799141726
0.670780204362144	0.313732636016028
2.0945724860102	0.935663049804765
-3.08991345953591	0.960747174631736
0.130706957073237	0.0624434590597807
0.332972645992842	0.166339734751262
0.837490988360661	0.614860091151657
-0.515051358639817	0.274425622246119
-0.432284428021495	0.248899639635869
0.802018704154821	0.337633996400516
-0.257766257656852	0.130593069898911
-0.702366851631418	0.501266929527723
-0.67605804255157	0.407087048444411
-1.80368476738292	0.398254084963023
-1.69825190750329	0.976427151754855
-1.04359703690809	0.420463940972424
-1.15439361670696	0.354342573020678
-1.80368476738292	0.398254084963023
0.134607242487656	0.0513708533944172
0.131491139507584	0.044577610855764
-0.790206732037479	0.348733884018817
-0.171459560951733	0.0624735259319497
-0.418311865323395	0.177293576741684
-0.542704791685888	0.208593778995558
0.147685616873541	0.0372140815523598
-0.361622063644185	0.105340752849314
-0.822632913781075	0.553288037514255
-2.30854592509123	1.1842016189703
-0.237176848830075	0.0778020280962772
-0.419362064307265	0.177688744777064
-0.329317511719044	0.153288395629677
-1.24892752971356	0.951123365890627
-0.118964218175896	0.047911892474698
-0.793643904174052	0.351804944175964
-0.0791991584272068	0.0351226828039932
0.671308628101791	0.313932827924554
2.34027363336522	1.17732300328594
-1.74872969863632	1.49073427780499
1.22550715840724	0.842934966794232
-3.77014641652566	1.51341591434115
-2.26123367053214	1.91503567148775
-0.363255768460324	0.105782299807354
1.61443769216305	1.12682066251434
-0.117501490291217	0.0473311548300217
0.487495053882699	0.306823407515496
1.0473932362929	0.508125929471314
-0.421503614822152	0.178445740141716
-0.326005707438094	0.151777723979142
-0.415354340451682	0.175826033861495
-1.29967198771253	0.594311027725282
-1.50689507512587	0.775231283631423
-1.0424602576406	0.419767093556931
-1.80368476738292	0.398254084963023
-0.362710949837822	0.10577213020672
-1.04843348997268	0.42268378687421
-0.370980083174422	0.107732575808367
-0.241453949883888	0.0791674426738944
0.142727172563101	0.0269105320645235
-1.83334580943494	0.755859310527549
0.150004967546857	0.037720852406733
0.139884098064408	0.0416988824150201
-0.363305030281797	0.105822190302149
0.146301463254213	0.0369121679082859
1.01970949094797	0.387091911393297
-0.237747525916144	0.077958682705542
-0.537877518920207	0.206535210663043
-0.643506271279338	0.156786530055825
-1.0449372111498	0.420548668733196
-1.15347733768864	0.353947479713194
-0.540676944404638	0.207308900738306
0.931950133432299	0.244413497437813
-0.127825837170576	0.0768954926783024
-0.236305907551276	0.0774158597277084
-0.539276806409919	0.207127681793212
-0.164339324198145	0.0599109386152847
-0.115191383174165	0.0464576903941925
1.43231451842469	0.887360616059391
0.369102886589994	0.165589244155417
0.764808199377226	0.453999127171769
0.370117405642991	0.165787008453642
-1.47252488617311	1.3336679302001
1.07974678749663	0.813882072285143
0.13692844508394	0.0462929840650054
-1.04873903928095	0.422350290876866
0.63845201294349	0.451953044786444
-1.34840251695369	0.854162434156937
-1.24355138247004	0.949425119203427
-0.0478054303527627	0.0229905349875277
-0.417732114425169	0.176841019254263
0.801189046347036	0.336764982262919
0.835057009549844	0.610476594450817
-0.622477540161479	0.302164540797342
-0.346267887836765	0.210824907383377
-0.751605087981974	0.261127701993451
-0.544950665032821	0.209183918510228
-3.46584456958788	1.25353297605489
-1.80379071234984	0.398266610487963
0.140184451576725	0.0265585662587612
-0.747630638147624	0.259859955972283
-1.15067412918645	0.352834915266282
-0.363619197342818	0.105894774191241
-1.00602031713653	0.506810651252999
-0.419362064307265	0.177688744777064
-0.511340151221931	0.271895618876989
-0.535517937221125	0.205561517916868
-1.04390615555555	0.420016956092299
0.14103192177006	0.0419706320314239
0.139373629020068	0.0264474830594518
0.136647163468063	0.0462674600791703
-0.53973627715052	0.207373309478453
-1.0441657216201	0.420510686701662
-1.80368476738292	0.398254084963023
-0.809427565082717	0.447366972870512
-1.29372102355982	0.59176400453293
-0.242025564504491	0.0793476290892232
-1.8359662765192	0.757377146649207
-1.29428175562447	0.591951812360937
-0.362710949837822	0.10577213020672
-1.80379071234984	0.398266610487963
0.147211981908801	0.0371529932006973
-1.6926827296578	0.970230608044243
-1.25580891808913	0.96342442543088
1.01921235268527	0.386192849735264
-2.14332649263874	1.66369262263525
-0.672409081991926	0.404576207038461
-0.171203966457287	0.0623441479261125
-0.0275746753665008	0.0141038378425911
-0.42508286799778	0.244774726639616
-0.258810840691663	0.131086672347638
-0.328026516260394	0.152601612632177
0.672353580649473	0.313955467549611
-0.32221898277157	0.149693959123285
0.450195182166954	0.304700717803842
-2.08522203444905	0.965065541609483
-0.418784916084236	0.239998716294731
1.30974779582566	0.574099743860578
0.132016155451334	0.0632156432094585
-1.17857493266572	1.0424315993237
-0.237747525916144	0.077958682705542
-0.0525928675185924	0.0252456388502915
1.26010806773565	0.696373336398546
0.130658112595085	0.0442562319396043
-2.08603393409466	0.96449409129375
-0.296227424626006	0.189445061132769
-1.24683774256587	0.951815423471067
0.134973859505914	0.0456812873652998
-0.740369846039464	0.257039463862401
-2.58453548475525	0.676764203908389
-1.15392338036234	0.354212278509058
-0.643506271279338	0.156786530055825
-0.644006342900786	0.156718049862583
-1.80368476738292	0.398254084963023
-1.15392338036234	0.354212278509058
-1.80379071234984	0.398266610487963
0.139373629020068	0.0264474830594518
0.128199680016877	0.0614227746530581
-1.15707876120986	0.354760041850164
-1.04504330162185	0.420310634398934
0.148598486564552	0.0373599031239063
-0.539276806409919	0.207127681793212
0.151399210332705	0.0379807126979956
1.06425660336797	0.650821178504675
1.31439790772862	0.577085966346076
-1.052139438368	0.423871922375229
-0.7389639873091	0.256670839118185
-1.19275803323518	0.677638444782413
-0.625670173867328	0.303791256789512
-1.1833751935365	0.670032176004978
-1.80368476738292	0.398254084963023
-1.15300618747366	0.353816991053109
0.142206421270329	0.0359541333965371
-1.04436802647587	0.420175062937639
-1.5375444255416	0.556007810250909
-0.800042024202414	0.353650747687019
-1.86456002502359	1.1925945382009
-0.644006342900786	0.156718049862583
-0.0472035284646347	0.0227413249463087
-0.055260188031661	0.0265095287358246
-0.266722938987056	0.135698346644502
-1.19275803323518	0.677638444782413
-0.747538120585577	0.259257919372238
-0.243192926623713	0.0796302555049372
-1.51281898811406	0.780377100264654
0.127839491364296	0.0549442253955098
0.137151566588207	0.0722776012516753
-0.267714144955106	0.136100539505666
-2.65984351625257	1.65864433130785
-0.6723256876591	0.403768684079839
0.695566178772578	0.455155981788001
0.480896571426451	0.302573886639475
-2.08490146353936	0.964676824691781
1.04741372677001	0.507369527028978
-1.04067331168611	0.418465554601514
0.128193918224566	0.0489929274062112
-1.29106924278045	0.588852198118216
-0.809341479415278	0.446119265199247
-1.29798623806601	0.594484945125978
0.126029498362731	0.0540764454807436
-1.00068173375859	0.503137078395404
-1.00015760568534	0.502983790465284
-0.812612733302467	0.635246453396143
-0.643506271279338	0.156786530055825
-3.09066749133914	0.959393078286489
-1.15392338036234	0.354212278509058
-0.783816093701143	0.346310199197133
-1.80379071234984	0.398266610487963
-0.643506271279338	0.156786530055825
-1.807243397525	0.398882182291443
-2.58428653566473	0.675727611967995
-3.47021758744757	1.25549793829818
-0.640433285495798	0.155891307450366
-1.00602031713653	0.506810651252999
-1.15114881056694	0.35245741836246
-1.04359703690809	0.420463940972424
-0.515959772977289	0.275013669296319
0.132888220671258	0.0450543248212034
0.667885013934878	0.311861513229069
0.798306856068644	0.335480314702849
1.31304524468309	0.575330243550069
-0.236305907551276	0.0774158597277084
-0.362166381635235	0.105626912484328
-1.80368476738292	0.398254084963023
1.55741886608382	0.773906566592459
-0.691980428192563	0.490007468516384
-0.544386763003421	0.209013480388639
0.132888220671258	0.0450543248212034
0.12845890519089	0.0491078051730474
-1.15392338036234	0.354212278509058
-1.03865945292652	0.417336231168104
1.26250753936361	0.696808660965334
-1.50461510445314	0.773541781920314
0.131335569215548	0.0562463707858748
0.128065802893217	0.0434680575192894
-4.01355559579839	1.7650763449388
-0.630560001867424	0.306878318745572
-1.70197680181902	0.97994976635051
-0.41213126151368	0.174476836425326
0.417834759836567	0.167613298310707
0.809574821393993	0.341052482546636
-0.334430917187841	0.155983881649704
0.00298944827659563	0.00155062797166673
-0.571535162953192	0.36851618089615
-1.35099659271642	0.85883886470938
-1.30360431603777	0.595903269975718
0.592273710417284	0.308452056647202
-0.810474288164623	0.447003156352787
-0.539276806409919	0.207127681793212
-0.115985853788578	0.0467592443534002
0.139387708993493	0.0734396017215325
-0.351560259182341	0.214714753529603
-0.214773411822515	0.117450548223801
-1.35196224874325	0.859103679460978
-0.167007946678184	0.0608040704424062
-0.415863685003371	0.175697048195577
1.76460867870078	0.990110485152671
1.43892275613071	0.477499573026536
0.140184451576725	0.0265585662587612
-1.80368476738292	0.398254084963023
-3.47462404869326	1.2541645444969
-1.807243397525	0.398882182291443
-1.80368476738292	0.398254084963023
-1.80379071234984	0.398266610487963
0.13912027261828	0.0264101516649031
0.148123932113398	0.037298775193441
-3.09447285673231	0.961828946915894
0.145828384011954	0.0367587486446884
-1.15439361670696	0.354342573020678
-1.83482918178446	0.757249944313784
1.55501737702822	0.775774035017368
-1.15486421229877	0.353960755591684
-0.334177863030891	0.155826022372066
-1.50461510445314	0.773541781920314
0.425706706311112	0.171161852825946
1.0200314996791	0.386398513169522
2.09903484483183	0.941607866167158
-0.534955549485768	0.20533826801366
0.139373629020068	0.0264474830594518
-0.644388443682788	0.157000626677781
-1.03979555880417	0.418029576607972
-2.58428653566473	0.675727611967995
-3.09408861819707	0.962829753125291
0.693205185952552	0.453130232822704
-0.537877518920207	0.206535210663043
1.38126385925731	1.06331877363755
-0.236036093012264	0.0773277810609913
-0.81332331318328	0.544965832341186
-1.35147937653146	0.85910561299321
-0.41589134448257	0.176294469844564
0.128042325020344	0.0549399677802007
-0.487109031741915	0.330397405335025
-0.165431730675123	0.0602020874226276
-0.488110158600158	0.331838976941782
0.144215637058759	0.0822645752253501
0.704695203152944	0.582385629726949
-0.0472035284646347	0.0227413249463087
-0.697728690319237	0.497489448643727
0.000162183853881445	0.000103896506805618
-0.167443831401717	0.0609707855596089
0.140826180408369	0.0804599415722357
-0.675979333105837	0.406780571135179
2.33676481628703	1.17407183630699
-1.0430285489592	0.420216988954647
-0.0509501415288986	0.0244770370817886
0.141653983268152	0.0809582796313179
-0.213199126277004	0.116229578725659
1.34825339189381	1.24081219505718
-1.34824805241166	0.854867870721579
-0.813728571064795	0.545202611331926
0.690317830902744	0.450668649799934
-0.330609211155798	0.153855602486934
-2.58843250021574	0.677477739401539
-1.80368476738292	0.398254084963023
0.936401569876498	0.245675339056074
1.76619355220641	0.992787073850311
0.142469531863295	0.0268725113483955
-1.15347733768864	0.353947479713194
-2.58428653566473	0.675727611967995
-0.644770889342653	0.156875139887313
0.138699758667585	0.0263265295910935
-3.09408861819707	0.962829753125291
-3.08991345953591	0.960747174631736
-0.363619197342818	0.105894774191241
0.371606476441863	0.16672745564024
-1.15439361670696	0.354342573020678
2.72265245037171	1.67294314691273
-0.36125776400353	0.10521302829144
-0.78918254545158	0.348950710156185
-2.30193331937388	1.17932082648547
-0.810718598682409	0.448237280387505
-0.238048417060954	0.0780891030505443
-1.29501851864946	0.591906870943179
-0.0791991584272068	0.0351226828039932
-0.333372300116353	0.15549695719915
-0.56861807451102	0.365271406558509
-1.049308717888	0.422479383129619
-0.808856829608844	0.445864983359907
-0.363619197342818	0.105894774191241
-2.30041105118453	1.17944327209101
-1.0430285489592	0.420216988954647
0.65414904119533	0.208020876626531
-2.29985279094791	1.179082966891
-0.0577412825490634	0.0275735079692693
-0.488348651631801	0.331784650479505
0.583468795674878	0.303244951202982
0.286241720249683	0.195894254938166
0.511170021003071	0.183944282461123
0.633376700270003	0.448343724256895
-0.242025564504491	0.0793476290892232
0.132323532241134	0.0448554349010625
-0.506143729430599	0.268381389991131
-0.508047875617459	0.269827365910371
-0.238619080974611	0.0782457591467586
-1.00043487315502	0.503226775995486
-0.566078811452686	0.36297251594076
-0.211772461839955	0.11545549626136
-0.668004144556966	0.399682225482352
1.04502186505443	0.507130780035814
-1.35299442781876	0.859389515240159
-0.805857661586363	0.444252595919224
-1.85747938302041	1.18494607308693
0.122771436232607	0.0527363958085792
0.444842462310872	0.299768513870741
-0.548040451965792	0.210304981022337
0.775894870535535	0.462622410567514
0.130466375560179	0.0441955664955123
0.932771704844944	0.628133337703846
-0.0835826418412513	0.0370075187357476
0.150443359742849	0.0377633287087368
0.144241227938778	0.0428872731898325
0.139930142590356	0.0265210820862786
2.74700474235958	0.773735225227364
0.148123932113398	0.037298775193441
-0.742923963799081	0.258084826658777
0.139930142590356	0.0265210820862786
-1.80379071234984	0.398266610487963
-1.807243397525	0.398882182291443
0.139373629020068	0.0264474830594518
-0.747630638147624	0.259859955972283
-0.644006342900786	0.156718049862583
-0.644770889342653	0.156875139887313
1.95135265955319	0.45428366780025
-1.80368476738292	0.398254084963023
-3.08991345953591	0.960747174631736
-1.53289908476652	0.552896511345182
-1.04215155805216	0.41903356624497
-1.53327386150544	0.554071585244721
0.146774179931898	0.0369732700828277
1.36963965098984	1.0477720862163
-1.29022979001745	0.588813145008997
-1.24595700312149	0.951166631866175
-0.746726771319564	0.259871772377509
-0.168074397032081	0.0612163017428414
-0.330609211155798	0.153855602486934
-0.428435867968471	0.246677885717854
0.322912441256439	0.178731604877352
-0.54860408816929	0.210474050651976
1.80429809838357	0.707492948913978
0.881209925149689	0.47392028017938
0.133719957549112	0.0453066786126365
-1.0441657216201	0.420510686701662
-3.09447285673231	0.961828946915894
-2.66561021200215	1.65399032848848
-0.124599982417495	0.0501711996108527
-2.08914030548738	0.967642230149142
-1.04873903928095	0.422350290876866
-0.565634984624932	0.363079409151474
-1.51118867054998	0.779819847007487
-0.163944165666177	0.0596761278477429
0.421218083319536	0.169306142598634
-0.237477952696761	0.0778886575961749
-1.51672370337924	0.781246735871237
-0.0898455773267486	0.039747125809084
0.80661030139522	0.340174283092776
0.130926243753371	0.0443397136390041
0.768162249016594	0.457472168467014
-0.508196970668714	0.270133936187846
1.09014798614159	0.824745216282819
0.771334519754254	0.605653145849701
0.126380894026797	0.0428651612574455
-0.568088897158274	0.365456623931562
0.130876868199433	0.0500409830206624
-0.245742362350826	0.0803898319792119
-1.69018994892135	0.968408576595627
-2.0077765371467	1.41309106816952
-0.742347989383004	0.2578806198378
-0.813714676913285	0.450036257810427
1.51519333507304	1.29380310448994
-0.26404430200003	0.13393935759678
0.693648182509975	0.453845705995861
0.037744432724408	0.0230916527316639
4.709120690462	2.87405017555654
0.311765627684461	0.171712815372232
-0.329635960268901	0.153335334423157
-0.998269309223903	0.501009524238477
0.129254512841385	0.0493603145146002
0.523025592862322	0.301268472256706
-0.820975144604754	0.640131641796767
0.628336382094391	0.443263980017722
1.42756053143894	0.88326634605693
-0.789727950607759	0.34915733745205
0.142836544444112	0.0424005568045196
0.31923511703619	0.176052749920645
-1.04189216281964	0.418924226052755
0.140184451576725	0.0265585662587612
-0.64477214166203	0.156983480169134
-1.53219054338251	0.553674997524989
0.507462935020791	0.182299507478559
-1.80368476738292	0.398254084963023
-1.807243397525	0.398882182291443
2.74534949223189	0.773319630917041
-1.15392338036234	0.354212278509058
-0.644006342900786	0.156718049862583
0.135571700409456	0.0404808758649131
-0.643506271279338	0.156786530055825
-1.15755644738434	0.355289941594665
-0.544114473045216	0.20913830975888
-2.30352581227079	1.18186938757569
-1.29372102355982	0.59176400453293
-1.28938794131991	0.588317996070523
0.931950133432299	0.244413497437813
-0.784904468227469	0.346585951872652
0.57899652428056	0.300703641435945
1.31468004021919	0.577244755259019
-0.0787275294464189	0.0349281669469604
1.04898629824896	0.508817253175531
0.667530196491127	0.311776625974665
-1.29882524856631	0.59401691909246
0.137049883482728	0.0408453847208138
0.143665287756915	0.0427236629465922
0.128196514686887	0.0489615198825776
-0.643506271279338	0.156786530055825
-0.11670624913891	0.0470292737389054
-1.30275435312517	0.596366482996546
-0.794998393770754	0.35148898220198
-1.80368476738292	0.398254084963023
-2.09002422236249	0.96852720746282
0.689821430936147	0.451415715627807
-0.78353714772363	0.346347964569494
-1.00201701834855	0.504117324485756
-0.16617394898698	0.0605322426701329
-0.0548188820334639	0.0263181355606882
-1.00122021034096	0.504272179395878
-0.26307155450646	0.133790623855337
0.880499120681106	0.473345044301227
0.130396150838963	0.0685368583627842
0.151945993247245	0.0869361433766261
1.06910351378805	0.654933642117964
-0.0242059253230843	0.0124091508709414
-0.303757834132346	0.194971625575395
0.134082192845823	0.0511497929953536
-0.123268639679827	0.0496614187106757
-0.0218315689483298	0.0112416004312396
-1.29428175562447	0.591951812360937
0.52334700504643	0.300587963321945
-0.42927055057221	0.247162778190116
-0.809341479415278	0.446119265199247
0.580375717171685	0.301762654605059
0.349056637814212	0.174779164286015
0.68320653580633	0.445112031541202
-0.538714119684408	0.206903909568311
-0.787838323415458	0.347899913845856
0.139329269268943	0.079465989853137
-0.00217123781900996	0.00113503979606285
-1.17389214566692	1.03617926927492
-0.212633770019006	0.116121687032809
0.511447846039878	0.183898335950935
1.31789761977354	0.578952002833974
-0.330122539139211	0.153617242404815
-1.00389946623194	0.504834745813312
0.933710809861868	0.244826616527384
3.25767918892079	1.1021663566718
-3.46584456958788	1.25353297605489
-2.58453548475525	0.676764203908389
0.13912027261828	0.0264101516649031
-0.643506271279338	0.156786530055825
-0.644770889342653	0.156875139887313
0.139884098064408	0.0416988824150201
0.933710809861868	0.244826616527384
-1.80379071234984	0.398266610487963
-0.359365673988087	0.104727737543846
0.136156966750329	0.025975077128062
-2.58428653566473	0.675727611967995
1.4406577565604	0.479253975897627
-1.80379071234984	0.398266610487963
-2.58843250021574	0.677477739401539
-0.543552235605529	0.208968478049413
1.02697965062158	0.388934365978234
-0.0799878005966982	0.0354658614475926
-0.172006496439189	0.0626524689585257
0.586038828074614	0.305252918237039
-0.78810398399432	0.348831685910165
-1.15439361670696	0.354342573020678
-0.785169599684833	0.347346077464268
1.22152920299019	0.839749903979773
-0.330651921467776	0.15393682509938
-0.784081161574614	0.346813224493689
2.09961472965319	0.942156643014485
-1.53327386150544	0.554071585244721
-2.13778692954339	1.6566532781535
-1.85781022212161	1.18273867792908
-0.411861256276197	0.1743163347704
-0.359365673988087	0.104727737543846
-1.15347733768864	0.353947479713194
3.63140632863219	1.43226876801307
0.421218083319536	0.169306142598634
-0.540676944404638	0.207308900738306
-0.972520559643241	0.603170962060209
0.79887233154086	0.336139804071938
-0.623189260072258	0.302530137598059
-0.566065200509358	0.363441922461679
0.430485762153355	0.173362486516208
0.347440124721647	0.174123612485034
0.131929033420281	0.0504202941929281
-0.211856421048163	0.115418533097907
0.145293467209067	0.0828071477835608
-0.329898311772297	0.153841776701836
-0.327295243408991	0.152328062598557
-0.544950665032821	0.209183918510228
0.122849604150566	0.046952856778001
-2.00700174889586	1.41514376818086
0.582881452527542	0.302579688927527
-0.169727786996245	0.0979455744126709
-0.21218909625055	0.115773349300808
-0.671295158862903	0.402195655102367
0.524521699550898	0.301637632377493
-0.234829575212863	0.0770304092976012
0.135690076112495	0.0712662014715367
0.649540136788795	0.206300566749324
-0.541143935926914	0.207671605461044
-1.05694766764644	0.854438009279756
-2.00729504485964	1.41404625652567
-3.47021758744757	1.25549793829818
-0.167267366049274	0.0609436470739813
1.06158848364818	0.647991448870788
0.138895356342784	0.0733074124575278
0.668145533595042	0.311709021594546
-1.04473460322805	0.420181639623663
1.80520382516112	0.709003956616184
-0.238350157281475	0.0780664823782393
-1.80379071234984	0.398266610487963
0.508326910928043	0.182369427197822
0.142469531863295	0.0268725113483955
-3.09408861819707	0.962829753125291
-3.09029030460571	0.960832707527767
-1.15392338036234	0.354212278509058
0.145429742663103	0.0366530573157977
0.135344827059028	0.0258639507496658
0.145429742663103	0.0366530573157977
-2.58453548475525	0.676764203908389
1.43645613213741	0.478161609320723
0.647045217228672	0.20541570040493
0.932829613639135	0.244963311679429
-1.80368476738292	0.398254084963023
-0.362166381635235	0.105626912484328
-0.16698064175195	0.0608045830755468
0.935078708684996	0.629765241321312
-0.171848181149981	0.0625529988223328
0.133672803842067	0.0703382318624326
-0.540676944404638	0.207308900738306
1.310612918568	0.574810701056327
-0.243192926623713	0.0796302555049372
0.371562012619632	0.166997408838697
0.876966092458338	0.471322763193848
-0.261396016026603	0.132386384922661
1.0614016977997	0.646283189721745
0.372684462737148	0.167163106922779
-0.331095976342275	0.154050409853032
-0.542704791685888	0.208593778995558
-1.85828568377341	1.18567299507469
0.125952510531064	0.0540662744577592
-2.9387985264834	2.19715972544728
-0.643123124462485	0.156504140249688
-0.168074397032081	0.0612163017428414
-2.58428653566473	0.675727611967995
2.74534949223189	0.773319630917041
-0.165109455645254	0.0600791443256458
1.01938669987078	0.386305411802006
0.138209089805222	0.0466558053907796
-0.166720587533231	0.0607503375240969
0.130443924677827	0.0559721799439753
-0.118383339275328	0.0476570875994882
-1.50837743383326	0.775968801494011
-1.17653414176955	1.03995046091146
-0.416151941981587	0.17593761095921
0.672932319558158	0.315270459352306
-0.114397417474736	0.0461317845792404
1.43645613213741	0.478161609320723
-0.74268646139225	0.257731156830762
-0.5174338172416	0.275306637129106
-0.79229075965778	0.35123286452189
1.31262627398235	0.575986404326764
-0.235400067060849	0.077117263856364
0.14311796249796	0.0361933240878638
-1.85781022212161	1.18273867792908
-0.674213534476233	0.404272611145471
0.514382494097747	0.184718068254562
0.426279362178874	0.171520403429387
-0.575934435488624	0.37140500381106
-0.804156321777627	0.44179170210436
0.130876868199433	0.0500409830206624
0.806886142301205	0.340161855421042
-0.173066900958544	0.062952678461674
-0.518199439584001	0.275974117166949
-0.327707707614758	0.152403371064979
-1.34799450076712	0.856586511344723
0.376951855310105	0.169457183106491
-0.177808262203433	0.0645801841448118
0.140097789724673	0.0738237723794857
-1.6337075614288	1.26956751712498
1.55612733581797	0.775358257473659
-3.08991345953591	0.960747174631736
0.13912027261828	0.0264101516649031
-2.58428653566473	0.675727611967995
-1.15019981108223	0.352703694647943
-4.22510923707724	2.01714949266729
-1.80379071234984	0.398266610487963
-2.58478470503525	0.675813541092272
-0.644006342900786	0.156718049862583
0.146737983479964	0.0369987654124611
1.80520382516112	0.709003956616184
0.13912027261828	0.0264101516649031
1.95062146582611	0.454190159391569
3.2530948013434	1.10108931722157
0.13912027261828	0.0264101516649031
0.140184451576725	0.0265585662587612
0.139930142590356	0.0265210820862786
1.9537169353899	0.454657075827859
-0.996152523807641	0.500456853044565
0.130303680116296	0.0559691112641248
-1.11966530116927	0.777239382865669
-0.0756919481672258	0.0335721222364344
0.884523445757304	0.475849452123069
-0.127784219781786	0.0513431239070283
-0.79283597775452	0.351347519140623
-0.356189321077493	0.103630136124459
-0.329317511719044	0.153288395629677
0.426763417978963	0.171717622830452
-1.83642927999533	0.757086466836809
1.80128084073667	0.706472447716932
-0.534955549485768	0.20533826801366
-0.745575630010693	0.259159802580382
1.02028601783919	0.386776796263063
0.146301463254213	0.0369121679082859
1.80746835953378	0.709202041495987
-1.80368476738292	0.398254084963023
-0.538440187846927	0.206758866526095
-1.15347733768864	0.353947479713194
-0.167814284601087	0.0611122958404124
-0.120510829352026	0.0485852204996473
-0.816132797668584	0.450279001345402
0.336466741210172	0.168084657147668
-0.823013007353879	0.553077496434102
-2.93073469033426	2.18224531066344
-0.41720427760482	0.176404407629983
-1.35180934443412	0.859632448827886
-0.325314126744569	0.151399086880767
0.980678554889909	0.799606352793125
-0.665912631099572	0.398351476821364
-1.62472599391101	1.26285302654022
-0.366654353091532	0.106615070232639
-1.83448317285978	0.756769538624434
1.02118575779327	0.386986467154184
0.131666765306145	0.0503231715267364
0.578885111722839	0.300308968250174
0.131995372471656	0.0565812144509512
1.7426465062134	1.34963721955533
-0.124279792653101	0.0500417642888447
-0.323823825104874	0.150317655825164
0.134272621571332	0.0453584602448176
-2.08490146353936	0.964676824691781
-0.573943366808424	0.370335840242162
-0.742923963799081	0.258084826658777
0.509435415274993	0.183330389793874
-0.161775839532207	0.0930731820680193
-0.407342413248549	0.171938746621826
0.127139358897129	0.0486135320129704
-0.267714144955106	0.136100539505666
-0.793098515782442	0.351690335205156
1.63344976824787	1.52942742293932
0.667002362243919	0.311474238475497
-0.424180796187914	0.179791775745621
-0.644388443682788	0.157000626677781
0.139930142590356	0.0265210820862786
-1.80379071234984	0.398266610487963
0.150443359742849	0.0377633287087368
-3.08991345953591	0.960747174631736
0.142727172563101	0.0269105320645235
-1.15392338036234	0.354212278509058
-0.362710949837822	0.10577213020672
-1.29119789141089	0.587927792240204
1.95062146582611	0.454190159391569
1.43693291937878	0.478412112216202
-0.359365673988087	0.104727737543846
0.139373629020068	0.0264474830594518
0.139373629020068	0.0264474830594518
-0.643506271279338	0.156786530055825
0.139930142590356	0.0265210820862786
-1.80379071234984	0.398266610487963
0.146301463254213	0.0369121679082859
0.667056400625849	0.311511376870559
-0.787558915132848	0.34862507972379
-1.28994819211541	0.588720908127976
0.134672383551299	0.0401871605730982
2.3414304812252	1.17832238721082
-0.364760989388525	0.106129027528873
-0.738629090206008	0.25643862371353
-2.08970743638331	0.967957362748596
-0.237477952696761	0.0778886575961749
0.30795128907695	0.169014390060012
1.8098322354038	0.711329755606344
-1.04873903928095	0.422350290876866
-0.362710949837822	0.10577213020672
-0.741848012858367	0.258096023054699
-0.36234773438668	0.105369001563162
-0.628962005303292	0.305951356252255
-0.801952967139215	0.355014879449777
-0.54635412452816	0.209615681592777
-0.217611061436123	0.118944052938338
-0.41589134448257	0.176294469844564
-0.81726865115257	0.452122092823001
-0.812421453926552	0.448968871059799
-0.117286194918503	0.0472237307229723
-0.625966193544888	0.304092312163021
-0.928501839228173	0.790805212400005
0.344578707090317	0.172755209033255
-0.115191383174165	0.0464576903941925
-0.172006496439189	0.0626524689585257
0.367582142776689	0.164633896391165
0.12165498602735	0.0522242944294777
-0.624196385405173	0.302440458082116
-2.93477236819741	2.19257142269798
0.122850580679262	0.046993631496274
-1.18538490442466	0.671852268237255
0.132134949827235	0.0566048708844881
0.425706706311112	0.171161852825946
-0.159867606347028	0.0919453410884728
1.76350810886753	0.989001266973219
-0.334177863030891	0.155826022372066
-0.360493352613086	0.104831768918573
-0.0253845820619388	0.0130106091010407
1.43786474996169	0.896112083814067
0.1393097200573	0.0414857340564309
0.314176618435738	0.173567898724346
-0.168762955098283	0.06133105456836
-0.817594405403063	0.452110946337019
-1.18650082005442	0.67121636908465
1.21997014142668	0.837997532256964
-0.0849533431199124	0.0376187974979856
0.11934450509656	0.0456447312335263
-0.512508891777428	0.272075696100941
-1.0092402486293	0.508298174464487
0.135571700409456	0.0404808758649131
0.150481785037224	0.0377820806483386
-2.58453548475525	0.676764203908389
-2.58817701744193	0.677412741892899
-3.09408861819707	0.962829753125291
-1.80379071234984	0.398266610487963
-0.750450153330483	0.260698014203123
-1.15523188215757	0.353945404845372
-0.739537230825823	0.256790305287863
-0.742419833798786	0.258214778445979
-3.76396710128731	1.51165110521982
-0.643506271279338	0.156786530055825
0.147211981908801	0.0371529932006973
0.138699758667585	0.0263265295910935
-1.80368476738292	0.398254084963023
2.74700474235958	0.773735225227364
0.143549438263141	0.0362330396689423
-1.15392338036234	0.354212278509058
0.145828384011954	0.0367587486446884
0.140184451576725	0.0265585662587612
-0.790273493952531	0.349226699508649
-1.70013296996859	0.976453879420882
-2.004889419734	1.40939310744714
0.378619910981365	0.170101004100737
0.134017031435675	0.0453596828980063
-0.7363083072662	0.254650320997029
0.1413598194657	0.0421025960431846
0.376161795930662	0.169144742488819
0.139884098064408	0.0416988824150201
1.31497186902393	0.578443560062359
-1.00602031713653	0.506810651252999
-0.242826079944331	0.0794597380017546
-0.741276499011426	0.25781621104378
1.02549223592864	0.388513835126415
-0.504987611624277	0.267758765613225
0.768162249016594	0.457472168467014
-1.18468253728705	0.671335078239347
-0.623484586687404	0.302800553007253
-0.319728462954851	0.148106014914697
-0.81095946382378	0.447257894885346
-0.543951619434175	0.208833717025581
-1.50755969563052	0.776743410627958
-0.362166381635235	0.105626912484328
-1.16165682669275	0.355854814021849
-0.234829575212863	0.0770304092976012
-0.171203966457287	0.0623441479261125
-0.372785945355085	0.108267682205669
0.126084342711983	0.0481371101439267
-0.513475618463293	0.272473768528907
-0.325797667661219	0.151660824849553
-0.118673738096202	0.0478020956268743
-1.49669065333664	1.05763745792369
-0.813714676913285	0.450036257810427
-1.18997691342033	0.675683285562424
0.882498720719617	0.474151862180228
-0.418836909369002	0.177528026956452
-1.29400316630539	0.590898975396601
-1.29798623806601	0.594484945125978
-2.49893287488241	1.41532910753197
-0.538714119684408	0.206903909568311
-2.00277459680134	1.40736178984031
-0.672038132367614	0.404074349929437
-0.266352721841016	0.135403051635669
-1.29798623806601	0.594484945125978
-0.216003766775478	0.117936023019512
-0.261404958001045	0.132349780986885
0.122771436232607	0.0527363958085792
-0.562848942836466	0.361897520981629
-0.999633587695849	0.502675021948371
-1.15345350292765	0.353548980162923
-2.58478470503525	0.675813541092272
0.139373629020068	0.0264474830594518
-0.631568377012149	0.307429315176704
-0.238619080974611	0.0782457591467586
0.146301463254213	0.0369121679082859
0.140184451576725	0.0265585662587612
-1.807243397525	0.398882182291443
0.139373629020068	0.0264474830594518
-1.53235676509745	0.553502300358264
-1.80368476738292	0.398254084963023
-0.367012159161167	0.106980484577588
-0.536354313754785	0.205687389529939
0.123258535314196	0.0529460615986845
-0.742419833798786	0.258214778445979
-1.15523188215757	0.353945404845372
-3.09066749133914	0.959393078286489
2.74534949223189	0.773319630917041
0.147211981908801	0.0371529932006973
0.139930142590356	0.0265210820862786
2.34056471803493	1.17779626883001
-1.80368476738292	0.398254084963023
1.95062146582611	0.454190159391569
-2.58428653566473	0.675727611967995
0.509730325059622	0.183209946756868
0.51174254082849	0.184178364192085
-0.542420081502456	0.208092716001128
-0.434820092065691	0.250037941244929
2.09613747448195	0.939740505768579
-0.211013132636486	0.114925364296801
0.135571700409456	0.0404808758649131
0.136471442907569	0.0407207925774643
-1.15439361670696	0.354342573020678
4.16138462109116	2.00238958514433
-0.789460915420932	0.349359125409294
-0.121280080649147	0.0487804450733573
2.33717496213582	1.1741606507875
-1.04786382925772	0.422554751457188
-0.544114473045216	0.20913830975888
-0.673847003119619	0.404001940566246
-1.50824890096741	0.776614223925892
1.25371629100524	0.691087358930325
-0.372785945355085	0.108267682205669
0.146894232753727	0.0434558800222739
-1.15347733768864	0.353947479713194
0.368089159288004	0.165084917541878
-0.170912764961516	0.0622636754540297
-1.83391433948043	0.756511402066625
-0.969143034684757	0.601195116953056
-0.119179601913398	0.0479937579676386
-0.643506271279338	0.156786530055825
-0.742182711888573	0.257807372285815
0.130876868199433	0.0500409830206624
0.146301463254213	0.0369121679082859
-0.427151908658671	0.245912854816931
-1.15439361670696	0.354342573020678
0.802281286210352	0.337872104439243
-1.052139438368	0.423871922375229
-0.171203966457287	0.0623441479261125
0.424686162586357	0.17084869480222
1.31118731400187	0.576162678907346
1.04477301317624	0.506956885971242
0.374580146132377	0.168298230322593
-0.161151494424131	0.0586735018797939
1.02060878637423	0.387301323550052
-1.69529681250159	0.971337166925857
-0.696855814339497	0.496966942408312
0.12834428976939	0.0434959958618692
-1.6867025142287	0.963374351073762
-0.647852271039411	0.15768507802046
-0.742086631485569	0.257298731886112
0.798306856068644	0.335480314702849
0.655055294702571	0.20808355560833
0.651896042016441	0.207030647505349
-1.80368476738292	0.398254084963023
-0.643123124462485	0.156504140249688
0.653601146228235	0.207521943701603
3.62559622686951	1.43343777832231
-1.15392338036234	0.354212278509058
-1.00577173194613	0.506194790047867
-1.80379071234984	0.398266610487963
-0.643506271279338	0.156786530055825
-0.645166441735812	0.157071156419286
-1.15067412918645	0.352834915266282
1.75851136347314	0.984599486680148
-0.41720757119757	0.17681933779099
-0.747055356811924	0.259655588067032
-0.363619197342818	0.105894774191241
-0.363255768460324	0.105782299807354
0.140184451576725	0.0265585662587612
1.43554514923892	0.477898562880183
-2.58478470503525	0.675813541092272
-1.80368476738292	0.398254084963023
0.132433406062052	0.0448790682365348
-0.644006342900786	0.156718049862583
0.646143141275968	0.205158328067658
0.148123932113398	0.037298775193441
1.95062146582611	0.454190159391569
1.01830704707751	0.385838023767281
-2.48704891291856	1.40789808441602
1.04296185231684	0.504805958018039
1.43762893567243	0.89405364932054
-0.121064703203951	0.0486664195952384
-0.238048417060954	0.0780891030505443
-1.5338107001665	0.553849543857526
0.151399210332705	0.0379807126979956
0.429138140572359	0.17277091636147
0.136156966750329	0.025975077128062
0.122586734723362	0.0469091239037621
0.515231212929482	0.185298370736687
-1.80368476738292	0.398254084963023
-0.644006342900786	0.156718049862583
-1.80368476738292	0.398254084963023
-3.09029030460571	0.960832707527767
0.802847723592207	0.338179963633335
-0.742086631485569	0.257298731886112
-3.08953695583634	0.959084825597379
-0.238619080974611	0.0782457591467586
-2.58453548475525	0.676764203908389
0.935126029437946	0.245318397037238
1.43645613213741	0.478161609320723
-1.80379071234984	0.398266610487963
-1.04359703690809	0.420463940972424
-0.926041013768244	0.78779959855359
-3.76960824963311	1.51539382282941
0.931950133432299	0.244413497437813
0.651896042016441	0.207030647505349
0.377174167356593	0.169574825269419
-0.362166381635235	0.105626912484328
-1.04921491840632	0.421866718877852
0.136156966750329	0.025975077128062
-1.53127286779506	0.553105673100975
0.147685616873541	0.0372140815523598
1.81210894888404	0.710969215120519
-0.622293212406958	0.51808803761891
-0.746726771319564	0.259871772377509
0.142206421270329	0.0359541333965371
0.13912027261828	0.0264101516649031
-1.0430285489592	0.420216988954647
-3.08953695583634	0.959084825597379
-1.04359703690809	0.420463940972424
-3.76907032896904	1.51568182757693
-1.51591355638878	0.782037064263787
-0.72204904730927	0.7013729393005
0.622755846095512	0.559478839191204
0.141801702687689	0.0747695689273306
0.8015591888658	0.337184142757606
-0.708962000183187	0.573009485582576
0.972522401223632	0.791031448801391
-0.0196582183673795	0.0101562075460978
-0.571380346199458	0.368094978276091
-0.0898926940973813	0.055701576120621
-0.365092564228243	0.223501910741429
-0.165854781804047	0.0956874899407841
-0.634558401780338	0.308934493339009
-1.29938699897853	0.594317002812756
-0.516168575206898	0.274983924325663
-0.811042864415047	0.447794590129992
-1.00417383279281	0.506023554653868
-0.236606371241214	0.0776017669502627
-1.30667646314238	0.596041497804946
0.515231212929482	0.185298370736687
-1.15019981108223	0.352703694647943
-0.811648730453094	0.54301078818262
-0.0807765537160107	0.0357939907155913
-0.0552191074455116	0.0265173882026074
-0.260483256913291	0.131976477758542
-0.413491293569074	0.174736744287676
-0.346267887836765	0.210824907383377
-0.16698064175195	0.0608045830755468
-0.411894323886658	0.290121147279737
0.150258921236902	0.0919329137782775
-0.40748979417337	0.285436333153874
-1.06410416040189	0.862683942263486
-0.0523120035954756	0.0251719917512493
-0.20456277143179	0.111401849191264
-0.810150432537075	0.446867569420495
0.132460951331113	0.0634220078025369
0.128065802893217	0.0434680575192894
0.129250339089754	0.0493813338422963
-0.0565015927823578	0.0271097109598829
-0.0851714859454179	0.0377308617726895
0.291804347996612	0.188375403899114
-0.485732858619534	0.329667970932226
1.12961124665556	1.28061373361976
-0.72276040566025	0.701237527269437
0.135892687142016	0.0405226661566277
0.76989256828358	0.45871147526977
-1.15486421229877	0.353960755591684
1.43834434492453	0.478363981232013
1.95135265955319	0.45428366780025
0.139930142590356	0.0265210820862786
-1.80368476738292	0.398254084963023
0.13912027261828	0.0264101516649031
-1.83539757756382	0.75750800966345
-0.243764577644916	0.0798103968979659
2.74617618045436	0.774720201883077
-1.83562175071417	0.755780949131131
-1.15755644738434	0.355289941594665
0.146774179931898	0.0369732700828277
-0.643889763897163	0.156661592959279
3.25399732634696	1.10138712863889
0.140785309842846	0.0419396944428236
1.8098322354038	0.711329755606344
1.43693291937878	0.478412112216202
0.928481199205008	0.243805258274956
0.802847723592207	0.338179963633335
-0.0171237950203469	0.00888239157905878
-1.69263687362517	0.97024855091143
-0.647461655721112	0.157598110120326
0.932444120238111	0.244842742206832
1.31468004021919	0.577244755259019
-0.643506271279338	0.156786530055825
-1.80379071234984	0.398266610487963
1.01970949094797	0.387091911393297
2.09993760890072	0.942375075531877
-0.236876597981329	0.0775723615768606
-0.362710949837822	0.10577213020672
-0.240585380889817	0.0787794162503464
-2.58453548475525	0.676764203908389
-1.15300618747366	0.353816991053109
-1.807243397525	0.398882182291443
-1.16257519536487	0.356251231866774
-1.53327386150544	0.554071585244721
-0.740941800230378	0.257318537190623
1.08556030419429	0.820928014291635
0.142814016661559	0.0870371689224669
-0.42471416474143	0.179734463298617
0.140458165206262	0.0418615852654621
-0.33434410647939	0.155866546092207
-1.17898402552237	1.04200813455932
-1.34743556514112	0.854076101574073
0.143801265477416	0.0820552094546513
1.11518015343248	1.13952151434738
0.823879994769064	0.745749240333117
-1.0430285489592	0.420216988954647
-2.30379628491797	1.18259983140649
-0.943978203303713	0.698536681912823
-0.234527891057011	0.0767634927038812
-3.09370472754254	0.961571400894305
-0.793381333108006	0.351169698411901
0.446132506927999	0.300678456322428
0.139930142590356	0.0265210820862786
0.662708077488022	0.308617733505778
0.116981826563691	0.0446979433904753
0.890033019679678	0.7705235211039
-0.290500596049391	0.185661771461355
0.426520663994385	0.306716930207088
-1.06207790962419	0.860778434775375
-0.168882286622644	0.0614263520611943
0.423590412985369	0.170170280132012
0.509435415274993	0.183330389793874
-0.789727950607759	0.34915733745205
-0.13389754890991	0.0804081352684382
0.140458165206262	0.0418615852654621
-1.85680677223259	1.18158381827147
-0.0838313296458433	0.0370267259227011
-0.167765455788844	0.0968070283784938
0.444800284074814	0.299809057261195
-0.818863734033275	0.640704920789496
1.22115879970656	1.19506974396076
-0.992801372432078	0.99767458770375
1.4356911679036	0.89258300243904
-0.364163724519504	0.105904858966181
1.95062146582611	0.454190159391569
1.43463558957201	0.476840630255681
-1.80379071234984	0.398266610487963
-1.80368476738292	0.398254084963023
-1.15253539705602	0.353154418604941
0.142469531863295	0.0268725113483955
2.74617618045436	0.774720201883077
0.143549438263141	0.0362330396689423
-0.36125776400353	0.10521302829144
-0.79229075965778	0.35123286452189
-1.35196224874325	0.859103679460978
-1.63175360160968	1.27206776890636
0.134834802112273	0.0455883408616065
0.803503726316104	0.338034349549303
-1.2931604748656	0.591359256359774
1.02118575779327	0.386986467154184
-2.58428653566473	0.675727611967995
-1.5332649245173	0.553641542884682
0.508567167120095	0.182768045936491
1.88025341832747	1.60685139583798
-2.49131257186728	1.41100596028916
0.510303034449659	0.183694667904733
1.02497467436037	0.388239323067175
-0.367012159161167	0.106980484577588
0.148598486564552	0.0373599031239063
-1.8359662765192	0.757377146649207
-0.735157760997472	0.254663419862201
-0.11222121740687	0.0452297350951107
-0.267259189939473	0.135896801529097
-1.8342610889082	0.756597291586424
-1.49147403361534	1.04953241656711
-1.8359662765192	0.757377146649207
-1.18817024161391	0.674901362088127
0.319723884136191	0.176676881594154
-0.644388443682788	0.157000626677781
-1.00253996429338	0.504337690350287
-0.621007571836605	0.300524851511673
-0.0811454814620396	0.0359345049697033
-0.808944492567969	0.446910245326158
-0.538714119684408	0.206903909568311
-0.206965086970211	0.112800239312923
0.127501835187198	0.0432403014906679
-0.263437495875409	0.13395743332601
-1.51645699174585	0.782383683528259
-1.15345350292765	0.353548980162923
-0.786967841347924	0.347425529050795
-1.0014834948517	0.503689162250359
-0.119179601913398	0.0479937579676386
-0.511417147047862	0.271769410653297
-1.0696442988539	0.872185542978208
-1.5369997817935	0.555799845674469
-1.00260349347699	0.503975981573226
-1.15019981108223	0.352703694647943
-0.644770889342653	0.156875139887313
-0.644388443682788	0.157000626677781
1.55501737702822	0.775774035017368
1.31381382996212	0.576020696597725
0.865896571664627	0.461211271858432
-0.124279792653101	0.0500417642888447
-1.50728606898736	0.774703166797121
0.665108365498927	0.310556004699303
-0.0479982753818084	0.0231082525611488
-0.536916905059439	0.205820498292262
-0.243764577644916	0.0798103968979659
0.136370194837747	0.0461713984476248
-0.538714119684408	0.206903909568311
-0.534955549485768	0.20533826801366
-1.00123691845556	0.502856258630045
2.54916247677857	1.41919026486099
-1.04333787761146	0.419567920605661
-0.122098795433343	0.0491443293743051
0.165153900340003	0.107190068045877
0.487815617435906	0.307535170157025
-0.168535700512318	0.0614396736428628
0.124429853890431	0.047598960284698
-2.58453548475525	0.676764203908389
0.931950133432299	0.244413497437813
1.31497186902393	0.578443560062359
-1.80368476738292	0.398254084963023
1.75740781048518	0.983491525518379
-1.15847376642875	0.355686548405735
-0.118383339275328	0.0476570875994882
-0.643506271279338	0.156786530055825
-0.542704791685888	0.208593778995558
-0.362166381635235	0.105626912484328
-1.29428175562447	0.591951812360937
-3.76557168292632	1.51230600255237
1.55487576327023	0.773704960854914
-0.538440187846927	0.206758866526095
-1.84081690904406	0.759188618862807
-0.36234773438668	0.105369001563162
0.367163041880108	0.164117462585052
-0.539276806409919	0.207127681793212
3.25399732634696	1.10138712863889
0.123258535314196	0.0529460615986845
-2.0948354143142	0.969898927194453
0.935126029437946	0.245318397037238
-1.53235676509745	0.553502300358264
-0.235132025937081	0.0770784326047616
-0.62546181692	0.303728034164568
-0.361802623855853	0.105358062763741
-0.238619080974611	0.0782457591467586
1.01970949094797	0.387091911393297
-1.29472617400731	0.591702964733025
-0.238318402636722	0.078044741642038
-2.58478470503525	0.675813541092272
-2.58478470503525	0.675813541092272
-0.423389942196307	0.179362958446123
-1.0014834948517	0.503689162250359
-1.53289908476652	0.552896511345182
-0.741848012858367	0.258096023054699
0.127931809070693	0.0489078759226262
-0.415608883219363	0.17598019938734
0.146737983479964	0.0369987654124611
-1.04359703690809	0.420463940972424
-0.640433285495798	0.155891307450366
-0.361802623855853	0.105358062763741
-1.04786382925772	0.422554751457188
-1.8680285014524	1.1910544930939
-1.50729064378076	0.775039092320791
-0.784625312207766	0.347139882397849
-1.15394884803957	0.353566779644249
-1.80379071234984	0.398266610487963
-2.58478470503525	0.675813541092272
-3.08991345953591	0.960747174631736
0.931950133432299	0.244413497437813
0.140184451576725	0.0265585662587612
3.25399732634696	1.10138712863889
-1.5375444255416	0.556007810250909
-1.80368476738292	0.398254084963023
1.95062146582611	0.454190159391569
-2.58453548475525	0.676764203908389
0.137491058495855	0.0464919533469216
0.148123932113398	0.037298775193441
0.513219052715781	0.184783577478651
-0.362166381635235	0.105626912484328
-3.46584456958788	1.25353297605489
-1.80379071234984	0.398266610487963
0.132176251120335	0.0394419969011344
0.129016729610741	0.06183012438279
-0.537041550024437	0.205873852200962
-1.25031036694391	0.957669262834049
1.80520382516112	0.709003956616184
0.146301463254213	0.0369121679082859
0.932444120238111	0.244842742206832
-3.09370472754254	0.961571400894305
0.936011360767503	0.245553152580958
-0.23880995696128	0.0781626369720952
0.134284439062011	0.0454806903417194
-0.808944492567969	0.446910245326158
0.139373629020068	0.0264474830594518
0.132192663108907	0.0505233330425467
-0.412425499224897	0.174466513228787
-0.740369846039464	0.257039463862401
0.422565108326337	0.169882850838849
-1.69448266591189	0.973727404261541
-0.237964363432232	0.0779752644503507
-1.15439361670696	0.354342573020678
0.126774876000977	0.0483298600246457
0.672404499639589	0.314853050257832
-0.742753785982603	0.258086652205378
0.144569280114635	0.042929282273931
0.1413598194657	0.0421025960431846
0.650802186307997	0.206632813066924
-0.173214230914386	0.0630427194237617
-1.15394884803957	0.353566779644249
1.02439581816121	0.388554234754345
1.01970949094797	0.387091911393297
-3.7736621668232	1.51524708251548
0.65469668159777	0.207920986734369
-2.58428653566473	0.675727611967995
-0.539003042837417	0.206891853429863
-1.83505230984646	0.756639373351276
-0.164486251807019	0.0598527758619627
0.878091640297086	0.470420535032834
1.95062146582611	0.454190159391569
0.936011360767503	0.245553152580958
0.935126029437946	0.245318397037238
-1.807243397525	0.398882182291443
-2.93121532433522	2.18276378865343
-0.33434410647939	0.155866546092207
-0.540676944404638	0.207308900738306
-0.234259276164921	0.0768738569502217
-0.415367264171831	0.176060665426675
-2.93961865990203	2.19875127656092
-0.643506271279338	0.156786530055825
0.13912027261828	0.0264101516649031
-0.362710949837822	0.10577213020672
-2.58453548475525	0.676764203908389
0.641269992749397	0.203119371258702
1.95135265955319	0.45428366780025
1.95062146582611	0.454190159391569
1.95062146582611	0.454190159391569
1.95135265955319	0.45428366780025
0.653242855413462	0.207522075223881
-3.09370472754254	0.961571400894305
-1.80368476738292	0.398254084963023
-1.83448317285978	0.756769538624434
-1.83909918131213	0.759394746718806
-0.644770889342653	0.156875139887313
-0.35900113863639	0.104616647983879
-0.647461655721112	0.157598110120326
-0.793098515782442	0.351690335205156
0.134384135477397	0.07086677688299
-0.367012159161167	0.106980484577588
-0.363619197342818	0.105894774191241
-0.747630638147624	0.259859955972283
0.127786664589047	0.0433722500849783
1.43973986105876	0.479489791047764
0.50688951495116	0.182261063083595
-0.362166381635235	0.105626912484328
0.509730325059622	0.183209946756868
-0.643889763897163	0.156661592959279
-3.09408861819707	0.962829753125291
0.654507105141339	0.207585170258097
-1.80379071234984	0.398266610487963
-1.5318146928413	0.553494474919415
-0.738055403900028	0.256318943131305
-1.15300618747366	0.353816991053109
0.139930142590356	0.0265210820862786
1.06078839320049	0.647657688484206
-0.949718459192691	0.70573004177119
-1.80368476738292	0.398254084963023
0.147211981908801	0.0371529932006973
-1.83482918178446	0.757249944313784
-1.15755644738434	0.355289941594665
0.655055294702571	0.20808355560833
0.653790201953018	0.20742302218683
-0.78838349917913	0.347690838816162
-1.34728093580716	0.853864096479535
-1.29428175562447	0.591951812360937
-0.416158815280474	0.176424715546526
0.132076230801047	0.0566322271995468
-0.0208185860337012	0.0107308910483985
-0.3320813235788	0.154825471157972
-0.32680957454671	0.152133628782622
-1.04672508023987	0.421388808602623
-0.333858157358928	0.155710811704574
-1.25366003209795	0.958302597790471
-1.84453084161496	0.761059866992795
-1.2931604748656	0.591359256359774
0.145145665393506	0.0430929431178775
-1.04698922224577	0.421366979566404
-0.21137398214596	0.115114960652303
-0.326323997702978	0.151896080069932
-0.628585430612749	0.305545711741027
-0.367917894368281	0.107101339671787
0.42808311482521	0.172136637320523
0.146301463254213	0.0369121679082859
0.128725368508455	0.0552886583826516
0.147685616873541	0.0372140815523598
0.132620364305083	0.0449502398034842
3.25767918892079	1.1021663566718
0.129559689863469	0.0495123659837738
-0.0838313296458433	0.0370267259227011
0.333285920359292	0.16655605601407
-0.793098515782442	0.351690335205156
0.1413598194657	0.0421025960431846
0.426763417978963	0.171717622830452
0.140785309842846	0.0419396944428236
-1.2596043917839	0.965846251060186
-0.33434410647939	0.155866546092207
-0.631864132095075	0.30716828052273
-0.0790440975880961	0.0350671324623352
-1.17305538666369	1.03395992239632
-0.806504056304195	0.443811756059223
-1.2936077882284	0.59082946761556
-3.09029030460571	0.960832707527767
-1.83875848168522	0.759162449562453
3.25399732634696	1.10138712863889
-1.15439361670696	0.354342573020678
0.146774179931898	0.0369732700828277
2.74617618045436	0.774720201883077
-0.236907687744681	0.0776141769879425
0.146301463254213	0.0369121679082859
0.136156966750329	0.025975077128062
-0.167527449292993	0.0610228882448846
-1.80379071234984	0.398266610487963
-1.80368476738292	0.398254084963023
1.95062146582611	0.454190159391569
0.936401569876498	0.245675339056074
-1.53127286779506	0.553105673100975
-1.04473460322805	0.420181639623663
-1.29798623806601	0.594484945125978
-1.29512448214983	0.591490771636577
-0.787558915132848	0.34862507972379
-0.327127692777193	0.152095231450226
-1.00497457066128	0.50533039772604
-0.239491259504407	0.0784232627618526
-0.743896854421394	0.258064932248095
1.43925987176693	0.479237157391687
-2.58428653566473	0.675727611967995
-0.537315035936971	0.206219810031048
-4.22510923707724	2.01714949266729
-0.41613474123821	0.176119518306245
-0.996675484119628	0.500920171091431
-2.58478470503525	0.675813541092272
-0.625670173867328	0.303791256789512
-0.806181032774349	0.444433026770381
-0.42095048945362	0.178429760792669
-1.15523188215757	0.353945404845372
-1.80368476738292	0.398254084963023
-0.535229688526196	0.205150139645459
-1.84024402602088	0.759932191900061
-3.09408861819707	0.962829753125291
-0.412682437316566	0.174355681677762
-0.746151045211633	0.259667037559905
-1.50837743383326	0.775968801494011
-1.15439361670696	0.354342573020678
0.150443359742849	0.0377633287087368
0.140785309842846	0.0419396944428236
0.139373629020068	0.0264474830594518
0.147211981908801	0.0371529932006973
2.74877977095104	0.77489585677119
-1.80379071234984	0.398266610487963
0.142469531863295	0.0268725113483955
-1.53219054338251	0.553674997524989
0.135344827059028	0.0258639507496658
-1.15439361670696	0.354342573020678
-0.233689169788626	0.076674255613353
-1.83334580943494	0.755859310527549
-0.644388443682788	0.157000626677781
-1.2945637325033	0.591302991254098
-1.53273207896643	0.55406409993797
1.01881061691072	0.386619941894425
0.148123932113398	0.037298775193441
0.136156966750329	0.025975077128062
0.928481199205008	0.243805258274956
-0.541581111975942	0.207841648639235
-0.644388443682788	0.157000626677781
0.141726775817505	0.0358473898154438
-1.5380893189947	0.555528608035834
-1.807243397525	0.398882182291443
-1.80379071234984	0.398266610487963
0.13912027261828	0.0264101516649031
-1.83482918178446	0.757249944313784
0.145828384011954	0.0367587486446884
-0.362166381635235	0.105626912484328
-1.1547506215075	0.354173653078364
-1.04504330162185	0.420310634398934
-1.53662981716208	0.555438343483155
-0.543266856350763	0.208763548655505
-1.53235676509745	0.553502300358264
0.8046399083955	0.338558034322969
-0.367012159161167	0.106980484577588
0.651349240994328	0.207129762624853
-0.644770889342653	0.156875139887313
-1.15523188215757	0.353945404845372
-0.368465304895136	0.107151020414935
1.80520382516112	0.709003956616184
-0.11591151239046	0.0467027519938991
0.140458165206262	0.0418615852654621
2.74617618045436	0.774720201883077
-1.52953759655667	0.551918095903925
-0.238619080974611	0.0782457591467586
0.147211981908801	0.0371529932006973
-1.15847376642875	0.355686548405735
-0.367012159161167	0.106980484577588
-1.19048167310327	0.675913541131212
-1.51308953704211	0.779721954830417
-0.548738024839405	0.210411862583112
0.133155287376562	0.0451076874905746
-2.08945711423755	0.967729012291542
0.646143141275968	0.205158328067658
-0.237477952696761	0.0778886575961749
-4.01299394869743	1.76442641905919
-0.739537230825823	0.256790305287863
-3.47021758744757	1.25549793829818
-0.739537230825823	0.256790305287863
-0.643889763897163	0.156661592959279
-0.238048417060954	0.0780891030505443
-1.84024402602088	0.759932191900061
-0.362710949837822	0.10577213020672
-0.360456731308573	0.104884503482122
0.129559689863469	0.0495123659837738
0.649844875202924	0.206303215221175
1.95062146582611	0.454190159391569
-0.647852271039411	0.15768507802046
0.13912027261828	0.0264101516649031
-0.641207204081918	0.156050090719873
-0.368465304895136	0.107151020414935
-2.09059152506555	0.968842590571424
-0.362710949837822	0.10577213020672
-0.162988659613012	0.0594305969388654
1.75955206319763	0.987433265790141
-1.69239843499757	0.972196555916096
-2.58453548475525	0.676764203908389
-0.362710949837822	0.10577213020672
-1.80368476738292	0.398254084963023
-0.361622063644185	0.105340752849314
0.93871391671757	0.245790150722076
1.95062146582611	0.454190159391569
0.146737983479964	0.0369987654124611
0.142637387713013	0.0360861991956938
0.428630934573171	0.172329760022819
0.650802186307997	0.206632813066924
-1.5318146928413	0.553494474919415
-1.04900334165877	0.422413472971706
-0.64834559013069	0.157812973783057
-0.362710949837822	0.10577213020672
-0.538440187846927	0.206758866526095
1.95135265955319	0.45428366780025
-0.647461655721112	0.157598110120326
0.650991162239829	0.206772040177897
0.139556940401302	0.0415648034416572
-2.49011268293944	1.41310863165816
1.01970949094797	0.387091911393297
-1.53273207896643	0.55406409993797
-1.5360848806456	0.555230368935604
-0.789099232595275	0.349029682480066
-1.49705273245309	1.05577314271082
1.25879997521194	0.695340728531382
0.140458165206262	0.0418615852654621
-0.53973627715052	0.207373309478453
0.932444120238111	0.244842742206832
-0.648735146604395	0.157899750679971
-1.5318146928413	0.553494474919415
-1.15347733768864	0.353947479713194
-2.58453548475525	0.676764203908389
-1.15439361670696	0.354342573020678
-0.643506271279338	0.156786530055825
-1.8359662765192	0.757377146649207
-1.83158005250286	0.754669101876136
0.139369721109985	0.0415084196349322
0.140458165206262	0.0418615852654621
1.80837546568447	0.710560744847372
0.649540136788795	0.206300566749324
1.95062146582611	0.454190159391569
-0.640433285495798	0.155891307450366
0.651896042016441	0.207030647505349
-0.238048417060954	0.0780891030505443
0.65414904119533	0.208020876626531
-1.5078339709167	0.77562890929677
-2.48596638048581	1.40793454162515
-0.741611944171996	0.257255485732723
0.647397097795455	0.205204922252004
-1.49378179656824	1.05342064059327
-0.41213126151368	0.174476836425326
-0.788915540437304	0.349290087251084
1.55373484206067	0.774450053450293
-0.239975824588399	0.0786192096818251
2.33763139679723	1.17482410750653
-3.09408861819707	0.962829753125291
-1.83482918178446	0.757249944313784
0.126084342711983	0.0481371101439267
-1.04215155805216	0.41903356624497
-0.743325166733626	0.258205235128744
1.43554514923892	0.477898562880183
0.804503833721828	0.338780381862777
0.127666695648323	0.0488134294645902
-0.35845544263212	0.104471490348146
-0.363305030281797	0.105822190302149
-2.58817701744193	0.677412741892899
1.80610961993801	0.709606900893752
-1.53273207896643	0.55406409993797
-2.58453548475525	0.676764203908389
-0.363074920327927	0.105749762822137
-0.363619197342818	0.105894774191241
-3.46630912179766	1.25319506698382
-0.644770889342653	0.156875139887313
2.09613747448195	0.939740505768579
0.933710809861868	0.244826616527384
-0.242894765745569	0.0796348330145537
0.13912027261828	0.0264101516649031
0.136149693891106	0.0406054953419776
-0.237176848830075	0.0778020280962772
-0.742753785982603	0.258086652205378
0.426509628253346	0.171575902443478
-0.362710949837822	0.10577213020672
-1.15707876120986	0.354760041850164
-1.00120597195007	0.50310043853426
-0.321250645201412	0.149179792176392
0.134993392187805	0.0402831505348415
-0.643506271279338	0.156786530055825
0.142261903209059	0.0422917434711763
0.139373629020068	0.0264474830594518
-0.644388443682788	0.157000626677781
0.932053557222951	0.244515800737602
-1.29175805648946	0.589095158331848
3.92214982720788	1.72640548457834
0.139930142590356	0.0265210820862786
0.139373629020068	0.0264474830594518
0.146301463254213	0.0369121679082859
0.147211981908801	0.0371529932006973
-0.644388443682788	0.157000626677781
0.430485762153355	0.173362486516208
0.139373629020068	0.0264474830594518
-1.80368476738292	0.398254084963023
-1.80368476738292	0.398254084963023
-1.80368476738292	0.398254084963023
-3.09029030460571	0.960832707527767
-1.15486421229877	0.353960755591684
-0.645166441735812	0.157071156419286
0.148598486564552	0.0373599031239063
-0.363255768460324	0.105782299807354
1.95062146582611	0.454190159391569
2.74617618045436	0.774720201883077
0.147470984841552	0.0436723193874914
0.932444120238111	0.244842742206832
-1.15392338036234	0.354212278509058
-0.643506271279338	0.156786530055825
-1.80368476738292	0.398254084963023
-1.80368476738292	0.398254084963023
1.95135265955319	0.45428366780025
-1.15253539705602	0.353154418604941
-0.644388443682788	0.157000626677781
0.139373629020068	0.0264474830594518
0.286665825258872	0.195191318153279
-0.0244648659590765	0.0125531302328612
-0.623013435317941	0.302368918701401
-0.752516039678181	0.261117937179715
-0.215176100895378	0.117496671863838
-0.413738576873722	0.174896264237106
-0.787293285225393	0.347830224203347
-2.65154789749882	1.65049150188986
-0.643889763897163	0.156661592959279
-2.58478470503525	0.675813541092272
-0.124096004424277	0.0499597341644889
-3.77312140195183	1.51499536469158
-0.341682983682672	0.1588820448763
-0.923642749502699	0.785552373250599
-0.271646531184911	0.138087175800265
-0.165214269358064	0.0951672780405179
-0.210613866730403	0.115019043052998
-0.972770115853123	0.604537954220189
-1.53008074641995	0.551315909915169
0.134094522270005	0.0399902070661405
1.43463558957201	0.476840630255681
1.0186324361341	0.385926866869133
-1.80379071234984	0.398266610487963
-0.739798199098655	0.256488865469576
-0.644770889342653	0.156875139887313
-0.667100627791603	0.398787020140088
-1.69344348683037	0.972960930957391
0.139373629020068	0.0264474830594518
-0.299435997398488	0.191647113110754
0.303167459988578	0.196094401977104
-0.679267702283502	0.408285672958651
0.129866277748802	0.0682825052257345
1.059387283933	0.646790024847916
0.761620098932691	0.45152029291417
-0.67232632574182	0.404169806350819
-1.12040594525805	0.77576691390873
-0.521382879232034	0.399452699573809
-0.50409613385532	0.26581498860074
-1.36900994026398	1.3936106623454
-1.37125861350911	1.14763768586944
-0.628321543595538	0.304923311237029
-0.743838178560171	0.258439685322713
-1.8564989685255	1.18391827169119
-0.0448027196124069	0.0215936735271683
-0.119213425596225	0.0480776361981399
-1.45448914228332	1.57339748258072
-0.353877641846276	0.256300950234903
-0.242323132990394	0.0794545395999312
1.4406577565604	0.479253975897627
-0.644006342900786	0.156718049862583
-3.09447285673231	0.961828946915894
-0.363619197342818	0.105894774191241
1.95062146582611	0.454190159391569
-2.58817701744193	0.677412741892899
-0.640820070260403	0.156173374069777
0.139930142590356	0.0265210820862786
-1.80379071234984	0.398266610487963
3.92497244068958	1.72504003969573
0.13912027261828	0.0264101516649031
0.932829613639135	0.244963311679429
-2.58478470503525	0.675813541092272
-3.47021758744757	1.25549793829818
-1.80379071234984	0.398266610487963
-0.644388443682788	0.157000626677781
-0.647461655721112	0.157598110120326
-0.643123124462485	0.156504140249688
0.146737983479964	0.0369987654124611
-0.367012159161167	0.106980484577588
-3.08991345953591	0.960747174631736
-3.09370472754254	0.961571400894305
-3.09408861819707	0.962829753125291
-1.53327386150544	0.554071585244721
-0.743325166733626	0.258205235128744
-1.80368476738292	0.398254084963023
-1.80379071234984	0.398266610487963
-1.15392338036234	0.354212278509058
0.932829613639135	0.244963311679429
1.43237272946104	0.476285559011928
0.660870338708907	0.307677250044138
-0.364163724519504	0.105904858966181
0.128655290790324	0.0616557066164373
-1.11573118341866	0.771407101014656
-1.69772955246843	0.976042540421656
-1.15300618747366	0.353816991053109
-0.809190486300866	0.709298101665027
-0.0179624682910618	0.00930153533218743
0.521723514623392	0.299485169937314
-0.740705291977838	0.257263180060709
-0.328609905030074	0.15316434310685
-2.58453548475525	0.676764203908389
-1.15300618747366	0.353816991053109
-0.817594405403063	0.452110946337019
-0.299241175454367	0.191971206290627
-1.83448317285978	0.756769538624434
-1.8342610889082	0.756597291586424
-1.5360848806456	0.555230368935604
0.125541488754479	0.0538572524062044
-0.671503920206736	0.40370347871096
0.879043619987642	0.472755150184904
-0.815870154818471	0.548380010866602
-0.968204745788732	0.600636523115894
-0.084742415234684	0.0375495796433429
-2.80562238489518	1.91763075868102
-2.58478470503525	0.675813541092272
0.136156966750329	0.025975077128062
-1.15253539705602	0.353154418604941
0.148123932113398	0.037298775193441
-0.366106353055766	0.106564775009011
1.43602101245823	0.478148523404795
-1.50701639972444	0.77640312788577
-1.18786942238714	0.673349365419247
-2.80988415562666	1.91952575276593
-1.52141719096275	0.782660955313087
1.21305974364484	1.01159787923265
-0.509420547455782	0.270641188455978
1.25922713383461	0.694290260477063
-0.415354340451682	0.175826033861495
-1.11647156293069	0.769913397506182
0.134338666604224	0.070820346228789
-1.58541929051223	1.55750401783355
-0.507405172451794	0.269556982742218
-0.328344974336437	0.152671643464158
-2.30379628491797	1.18259983140649
-0.823889842288179	0.554139603055844
-0.212619995659236	0.116034026054742
1.4406577565604	0.479253975897627
0.147211981908801	0.0371529932006973
-0.366106353055766	0.106564775009011
1.95062146582611	0.454190159391569
-1.5318146928413	0.553494474919415
0.139373629020068	0.0264474830594518
0.146301463254213	0.0369121679082859
-0.644006342900786	0.156718049862583
0.13912027261828	0.0264101516649031
-2.58478470503525	0.675813541092272
0.140184451576725	0.0265585662587612
-0.643506271279338	0.156786530055825
-2.58453548475525	0.676764203908389
0.145429742663103	0.0366530573157977
-1.807243397525	0.398882182291443
-1.53219054338251	0.553674997524989
-0.363074920327927	0.105749762822137
-1.15799700419576	0.355156175000868
0.146774179931898	0.0369732700828277
0.13912027261828	0.0264101516649031
1.0216909072254	0.38745924007158
-1.80368476738292	0.398254084963023
-2.58817701744193	0.677412741892899
0.135344827059028	0.0258639507496658
-2.58453548475525	0.676764203908389
0.139373629020068	0.0264474830594518
-0.644006342900786	0.156718049862583
-0.644388443682788	0.157000626677781
-0.0810748454046284	0.0359315236089499
-0.208874926282994	0.113660783988606
0.37689040414072	0.169208369761286
-1.5205844472007	0.783434629775033
-0.198708871012246	0.134701764576715
0.340922485782012	0.17083254012451
-0.258096552581848	0.130632758174624
-0.0249388934958437	0.0127979032178138
-0.424972439428344	0.180102117573295
-0.415880213118191	0.176088333213337
0.151399210332705	0.0379807126979956
-3.46630912179766	1.25319506698382
-0.236305907551276	0.0774158597277084
-0.699251395258237	0.497972237668975
2.10084257816429	0.942518600567556
0.132327602117454	0.0694525465719758
-1.36802856836374	1.39381257008911
-0.425901925582435	0.244811948474616
-0.362710949837822	0.10577213020672
1.9537169353899	0.454657075827859
3.25399732634696	1.10138712863889
-1.80379071234984	0.398266610487963
-2.30828780572994	1.18386804900694
-1.36881661533039	1.14815551652491
0.922115118344444	0.616531253297449
-1.29854797059543	0.594785420705011
1.38365317278509	1.06666953788717
-1.20658157733567	1.2606835234555
-0.986896710636095	0.612412706665682
-0.0822218841326252	0.0364909884126464
-1.51173197464431	0.780308699730874
0.137049883482728	0.0408453847208138
-0.703280070833453	0.50156630954087
-0.347136110619469	0.211435345764467
-0.0321826405408657	0.0163886508600579
0.280534209366112	0.190968623850743
-3.46538037258837	1.25291021678476
0.150921468814773	0.0379194736694598
1.95062146582611	0.454190159391569
-3.08991345953591	0.960747174631736
1.95062146582611	0.454190159391569
0.932829613639135	0.244963311679429
-1.15439361670696	0.354342573020678
1.95062146582611	0.454190159391569
0.932829613639135	0.244963311679429
2.74617618045436	0.774720201883077
-0.64834559013069	0.157812973783057
-1.80368476738292	0.398254084963023
-0.644388443682788	0.157000626677781
0.133719957549112	0.0453066786126365
-3.47021758744757	1.25549793829818
1.02349375759299	0.388665902021623
-1.15394884803957	0.353566779644249
0.136471442907569	0.0407207925774643
-0.644770889342653	0.156875139887313
1.43693291937878	0.478412112216202
-0.168621485035434	0.0613849497001624
-1.50619967584359	0.774272712546176
-0.362166381635235	0.105626912484328
-0.355642785136652	0.103485182800417
-1.83448317285978	0.756769538624434
-1.04010501166836	0.418219287530912
0.140184451576725	0.0265585662587612
-0.787013983945816	0.348297448415918
-0.975531841537938	0.60719694734002
1.44186900755889	0.898971030095399
0.875022310639109	0.46878862130986
1.95062146582611	0.454190159391569
1.76302290594229	0.989730916713852
1.8046556556941	0.70860181691833
-0.746151045211633	0.259667037559905
-0.327781004312426	0.15246966295957
0.150921468814773	0.0379194736694598
-1.00043487315502	0.503226775995486
-0.537589304181351	0.206094574742513
-0.263950744668756	0.133876908319435
1.31291742676874	0.576696640316621
-0.741848012858367	0.258096023054699
-2.08376976833869	0.963251483518619
-0.362530893266771	0.105463937638037
0.506024897221242	0.182012241745483
0.510875541395758	0.183928738190787
-0.361802623855853	0.105358062763741
-0.176460675791699	0.0641802060317615
-0.427591865569298	0.246161777049117
0.802847723592207	0.338179963633335
-1.68995172850468	0.9688502157446
0.139930142590356	0.0265210820862786
-1.0092402486293	0.508298174464487
-2.80285309154767	1.91517517542955
0.33835182328861	0.169080226154265
0.430485762153355	0.173362486516208
-1.15300618747366	0.353816991053109
-1.04390615555555	0.420016956092299
-0.644388443682788	0.157000626677781
0.878258883789587	0.472308852308957
-1.16214150109434	0.356023551797343
-0.359365673988087	0.104727737543846
-0.781146805963116	0.344391484637755
-1.83818577064438	0.758655290136435
3.2530948013434	1.10108931722157
-0.538714119684408	0.206903909568311
-1.15347733768864	0.353947479713194
0.144030943602207	0.0363402578839825
1.44256127788974	0.479253790855247
2.74617618045436	0.774720201883077
-0.426026948013706	0.244745746326418
-0.746726771319564	0.259871772377509
-1.15426973051376	0.353644768316328
0.142469531863295	0.0268725113483955
-0.644770889342653	0.156875139887313
-0.367559864207876	0.107030285212501
-0.737482026667645	0.256039848593742
0.147211981908801	0.0371529932006973
0.150921468814773	0.0379194736694598
-0.363074920327927	0.105749762822137
-1.00232952128595	0.503607892077094
-0.364163724519504	0.105904858966181
0.510007909511423	0.183564268952108
-0.11670624913891	0.0470292737389054
-1.84024402602088	0.759932191900061
-0.422865270096431	0.179172734425968
-1.69107016721539	0.968675997618047
-0.414031981947508	0.175185312090786
0.803370842803423	0.337660315887921
-0.741276499011426	0.25781621104378
-0.363255768460324	0.105782299807354
-0.742419833798786	0.258214778445979
-1.15884840067313	0.354739594018442
-0.792028922118757	0.350342293651793
-0.366106353055766	0.106564775009011
-0.363255768460324	0.105782299807354
0.13175865494629	0.0446170289070746
2.73150669830517	1.68155985135066
0.127893945531545	0.0488715462219023
-1.29528558671579	0.591726701535928
0.145429742663103	0.0366530573157977
-0.207760841135877	0.113134570272917
-0.326491111277252	0.151972062797545
0.510875541395758	0.183928738190787
-0.643123124462485	0.156504140249688
0.931565691852841	0.244293555241305
0.13912027261828	0.0264101516649031
0.139373629020068	0.0264474830594518
-1.03953690806935	0.417771635817701
-0.634055043804059	0.308658172819365
0.14314513878265	0.0481683870473341
0.126380894026797	0.0428651612574455
-0.363255768460324	0.105782299807354
-0.643889763897163	0.156661592959279
-0.534681401761577	0.204992678078054
-0.167267366049274	0.0609436470739813
1.31032217925647	0.575449353150941
-0.64834559013069	0.157812973783057
-1.15392338036234	0.354212278509058
-1.15755644738434	0.355289941594665
-0.543671293584342	0.208484820382793
1.80892476946184	0.710964612544011
0.512314858404992	0.184147765390866
-0.35900113863639	0.104616647983879
-0.539276806409919	0.207127681793212
1.02150850319604	0.387098107061976
-0.362710949837822	0.10577213020672
-0.36234773438668	0.105369001563162
0.141686950510094	0.0421288595298015
0.932829613639135	0.244963311679429
-0.742419833798786	0.258214778445979
-0.361802623855853	0.105358062763741
-1.80368476738292	0.398254084963023
3.25399732634696	1.10138712863889
1.95135265955319	0.45428366780025
0.139373629020068	0.0264474830594518
-0.752407401641491	0.260596739987815
0.510875541395758	0.183928738190787
1.4458369950463	0.478884850144603
-3.08953695583634	0.959084825597379
-0.741848012858367	0.258096023054699
-1.04447463018139	0.420263617366416
-1.15067412918645	0.352834915266282
-0.742419833798786	0.258214778445979
-1.80368476738292	0.398254084963023
-2.08635409087462	0.965683537778705
-0.647461655721112	0.157598110120326
-0.54029754085068	0.207542814541063
1.04849182639768	0.509718584989272
-1.00472350568432	0.505616592159781
-1.29372102355982	0.59176400453293
-0.236907687744681	0.0776141769879425
-0.167734705918524	0.0611523983971872
0.140458165206262	0.0418615852654621
-1.69396617523182	0.972912183386729
0.808014555014014	0.340242153110097
0.420418606770294	0.168895551588938
-1.8396714502032	0.75990222543046
-0.539003042837417	0.206891853429863
-0.428435867968471	0.246677885717854
-0.332658212669573	0.155084371369199
-0.643123124462485	0.156504140249688
0.510303034449659	0.183694667904733
0.130930392317291	0.0562124990464871
-1.15392338036234	0.354212278509058
-1.52845204149787	0.551521368985269
-0.35900113863639	0.104616647983879
-2.09084226250372	0.96673329446188
-1.04843348997268	0.42268378687421
-0.242025564504491	0.0793476290892232
0.150443359742849	0.0377633287087368
-0.643506271279338	0.156786530055825
0.139884098064408	0.0416988824150201
0.935515179855096	0.245440180005837
3.25676960114744	1.10310692759313
0.150921468814773	0.0379194736694598
-0.243466592241872	0.0797347561677764
1.43834434492453	0.478363981232013
0.139373629020068	0.0264474830594518
-0.164885457806792	0.0600794376284763
0.145828384011954	0.0367587486446884
-1.2992199320744	0.59331319337503
2.74700474235958	0.773735225227364
0.13912027261828	0.0264101516649031
-2.58428653566473	0.675727611967995
-1.15439361670696	0.354342573020678
-1.03979555880417	0.418029576607972
1.25214778019186	0.690181006466159
-0.537877518920207	0.206535210663043
2.74617618045436	0.774720201883077
0.143549438263141	0.0362330396689423
-0.546073363836721	0.209381800174409
0.936401569876498	0.245675339056074
0.136149693891106	0.0406054953419776
0.147211981908801	0.0371529932006973
1.95135265955319	0.45428366780025
0.125716132666771	0.0539064402522061
3.2530948013434	1.10108931722157
0.510597298786827	0.183459349878206
3.91920866228273	1.72418967780064
-2.09395506210174	0.969018034533993
0.931950133432299	0.244413497437813
-0.367012159161167	0.106980484577588
-0.746151045211633	0.259667037559905
0.146301463254213	0.0369121679082859
0.932829613639135	0.244963311679429
0.148598486564552	0.0373599031239063
-3.08953695583634	0.959084825597379
-0.643123124462485	0.156504140249688
-0.172111425863666	0.0625222515430158
-0.752407401641491	0.260596739987815
-0.163793329784282	0.0597182116427333
1.55825619228376	0.775462942683967
-0.746726771319564	0.259871772377509
-0.233957416924537	0.0766762835938485
-1.04359703690809	0.420463940972424
-1.00180642387024	0.502575635889532
-0.749539777911785	0.25991574817577
0.148598486564552	0.0373599031239063
-1.69211453013346	0.970003814391532
-1.15300618747366	0.353816991053109
-0.176460675791699	0.0641802060317615
-0.241453949883888	0.0791674426738944
-0.631080601287921	0.307104525279692
0.13345272036125	0.0452283641533281
-1.30219407706137	0.595893702113712
-1.5098768579029	0.777170686374802
-0.366106353055766	0.106564775009011
0.933710809861868	0.244826616527384
-1.52953759655667	0.551918095903925
1.95062146582611	0.454190159391569
0.13912027261828	0.0264101516649031
0.13912027261828	0.0264101516649031
0.932444120238111	0.244842742206832
0.145145665393506	0.0430929431178775
0.932444120238111	0.244842742206832
-3.46630912179766	1.25319506698382
-0.64834559013069	0.157812973783057
0.140184451576725	0.0265585662587612
-1.80368476738292	0.398254084963023
-1.80379071234984	0.398266610487963
-2.58817701744193	0.677412741892899
-1.5318146928413	0.553494474919415
-1.52845204149787	0.551521368985269
-0.751605087981974	0.261127701993451
-1.00043487315502	0.503226775995486
0.148123932113398	0.037298775193441
-0.363853877285648	0.105873302795216
-0.238318402636722	0.078044741642038
0.137882546354006	0.0410247735746319
0.142469531863295	0.0268725113483955
-0.363074920327927	0.105749762822137
-0.16698064175195	0.0608045830755468
-0.370429165179515	0.107575433728368
-1.15799700419576	0.355156175000868
0.146301463254213	0.0369121679082859
0.931166434102395	0.244280970808413
-1.15067412918645	0.352834915266282
-0.643506271279338	0.156786530055825
3.25490159683282	1.09988604599349
-0.643506271279338	0.156786530055825
-1.15392338036234	0.354212278509058
-0.363255768460324	0.105782299807354
-0.362166381635235	0.105626912484328
-0.36125776400353	0.10521302829144
-0.626975244966897	0.304549343118473
-0.417519308717613	0.176680400231687
-0.541858189636432	0.207923122154612
-0.629170574348649	0.305570904739263
-0.243192926623713	0.0796302555049372
-1.86128311753635	1.19029993114027
0.515571054488244	0.184939238521218
0.802668187105503	0.338057252899506
-1.15392338036234	0.354212278509058
-1.51037574582068	0.777682475780668
-1.18766800775792	0.674330132585566
0.33375938658025	0.166820837017448
0.797194402815309	0.335204194265314
1.05166013152136	0.51091249197187
-0.0862153061797636	0.038182813753959
0.126346136685917	0.0482983004587781
-2.29929471138622	1.1783275149489
-0.789727950607759	0.34915733745205
-1.29798623806601	0.594484945125978
-1.80368476738292	0.398254084963023
-1.15847376642875	0.355686548405735
-0.359547086209289	0.104628681768365
-1.80379071234984	0.398266610487963
2.7496138177855	0.775189687209382
-0.541296447427492	0.20764222744423
1.95135265955319	0.45428366780025
-3.08991345953591	0.960747174631736
-3.09029030460571	0.960832707527767
-1.53273207896643	0.55406409993797
1.0200314996791	0.386398513169522
1.04794260318453	0.509335640030191
-0.643123124462485	0.156504140249688
2.74534949223189	0.773319630917041
0.931950133432299	0.244413497437813
-0.64834559013069	0.157812973783057
-3.08991345953591	0.960747174631736
-2.58453548475525	0.676764203908389
-1.15707876120986	0.354760041850164
-0.626470669551696	0.304366021568912
-0.239106827612661	0.0784166702528438
-1.15439361670696	0.354342573020678
-1.04463214575681	0.4202427411157
-0.235702342750488	0.0772348714749425
-0.173066900958544	0.062952678461674
-2.58843250021574	0.677477739401539
-0.363255768460324	0.105782299807354
-1.15439361670696	0.354342573020678
0.37290675093707	0.167394912335294
0.140184451576725	0.0265585662587612
-0.538714119684408	0.206903909568311
-0.644770889342653	0.156875139887313
0.1413598194657	0.0421025960431846
-1.53273207896643	0.55406409993797
-1.17890327826762	0.665118249332576
-0.622685844723612	0.302347225159659
-0.361622063644185	0.105340752849314
-2.14171068173172	1.66113928491848
-0.167007946678184	0.0608040704424062
-0.339349494339187	0.157993241605703
-0.643889763897163	0.156661592959279
-1.50647323937646	0.775812020822925
-3.08991345953591	0.960747174631736
-2.08578796571711	0.965562416707721
-1.00306301864683	0.504353582827966
0.132055846316588	0.0447762654002208
-1.04504330162185	0.420310634398934
0.799710015319836	0.336365637644939
-0.628082108755988	0.305323540702626
-1.53662981716208	0.555438343483155
-1.83642927999533	0.757086466836809
0.425961192082242	0.171382412553361
1.55513501735626	0.773562175979479
1.25399247684921	0.690394720161163
-1.67241606220848	1.75717994039128
-0.120006383191874	0.0484050147154472
2.10084257816429	0.942518600567556
0.142261903209059	0.0422917434711763
-0.535517937221125	0.205561517916868
-0.626262289418769	0.30408029518159
-0.536643270073492	0.205658430661161
-0.644770889342653	0.156875139887313
-0.367559864207876	0.107030285212501
-3.76960824963311	1.51539382282941
3.62849380145916	1.43519617024906
-1.80379071234984	0.398266610487963
1.95062146582611	0.454190159391569
-3.09029030460571	0.960832707527767
0.136156966750329	0.025975077128062
-0.740941800230378	0.257318537190623
0.151399210332705	0.0379807126979956
-0.363074920327927	0.105749762822137
0.135082049355735	0.0402285684072531
0.432861473164417	0.174103376127633
0.145828384011954	0.0367587486446884
0.146301463254213	0.0369121679082859
-1.15347733768864	0.353947479713194
0.145913540346097	0.0367609236539561
-2.58428653566473	0.675727611967995
-4.23083021944514	2.02311603996682
-1.04786382925772	0.422554751457188
2.33734042346698	1.17474168939723
-0.644770889342653	0.156875139887313
-1.83528069034894	0.756548371776701
0.13912027261828	0.0264101516649031
0.139930142590356	0.0265210820862786
-1.15895089420025	0.355454865791994
1.55474449208561	0.773193910609808
-0.246607769456179	0.080675852517704
-0.237477952696761	0.0778886575961749
1.43602101245823	0.478148523404795
-1.84303597262819	0.760039735058634
-0.237747525916144	0.077958682705542
1.31789761977354	0.578952002833974
-1.03979555880417	0.418029576607972
-1.83100980576584	0.754410690712334
-1.53127286779506	0.553105673100975
-1.51510428309365	0.779900794511156
0.122186085285506	0.0524942434773105
-0.538167038511063	0.20623016620555
0.132888220671258	0.0450543248212034
1.25717857209743	0.694778656366304
-0.327462194341709	0.152141805753617
-0.534119830392118	0.204770125602286
-1.11325416859583	0.769557737337199
0.933710809861868	0.244826616527384
-2.25438044423203	1.90056588361216
0.429685760035668	0.173072121254546
-0.425469352958191	0.243940263255517
-0.362530893266771	0.105463937638037
1.043973276843	0.506180750770939
0.650444653728205	0.206870989076807
0.481704749298424	0.30258769171965
-0.422532484269071	0.24258475044636
0.877251546132768	0.470203510037352
1.02060878637423	0.387301323550052
1.03081139411301	0.389320059416978
0.132888220671258	0.0450543248212034
-1.242294405667	0.946034529939624
0.140458165206262	0.0418615852654621
-1.70574323031903	0.978799186341822
-0.41589134448257	0.176294469844564
0.139884098064408	0.0416988824150201
-1.80379071234984	0.398266610487963
-2.58843250021574	0.677477739401539
-1.15347733768864	0.353947479713194
2.74534949223189	0.773319630917041
0.936011360767503	0.245553152580958
-0.644388443682788	0.157000626677781
0.13912027261828	0.0264101516649031
0.140184451576725	0.0265585662587612
0.139930142590356	0.0265210820862786
-0.361802623855853	0.105358062763741
-0.359911076994201	0.104872867536805
-1.53717500364267	0.554960306214636
-0.644770889342653	0.156875139887313
0.512609627498565	0.184247131053675
-0.644006342900786	0.156718049862583
-0.644388443682788	0.157000626677781
-0.362166381635235	0.105626912484328
-1.80368476738292	0.398254084963023
-2.08578796571711	0.965562416707721
0.65469668159777	0.207920986734369
-1.83482918178446	0.757249944313784
-4.22970734461248	2.02243382061396
-3.09408861819707	0.962829753125291
0.148047531695805	0.0438361046687506
-1.15439361670696	0.354342573020678
-0.359365673988087	0.104727737543846
2.74534949223189	0.773319630917041
-0.643889763897163	0.156661592959279
-0.528173878311646	0.201492534791697
-0.424748583117477	0.179791071172039
-0.246315011704383	0.080633175235185
1.55068779582089	0.770591104466118
1.02028601783919	0.386776796263063
-0.24006211015584	0.0785088624097912
-0.751027518459726	0.261129168281002
-0.238535498919549	0.0782368452146959
-0.539003042837417	0.206891853429863
0.931565691852841	0.244293555241305
1.0216909072254	0.38745924007158
-0.79283597775452	0.351347519140623
-0.362166381635235	0.105626912484328
-0.169309269748009	0.0615911004931208
1.43925987176693	0.479237157391687
0.130926243753371	0.0443397136390041
0.655603229435312	0.207984052388229
1.55938679196028	0.776395777340408
0.139930142590356	0.0265210820862786
-1.69796970555818	0.977658925190942
-0.123484257543804	0.0497247108607297
-0.238619080974611	0.0782457591467586
-1.00629587781411	0.506415795438021
-1.30219407706137	0.595893702113712
-2.09027475534868	0.967795207570568
-0.36125776400353	0.10521302829144
-0.123194427683155	0.0495303784391366
-1.83448317285978	0.756769538624434
0.135344827059028	0.0258639507496658
0.932829613639135	0.244963311679429
0.13912027261828	0.0264101516649031
-0.361802623855853	0.105358062763741
-1.15394884803957	0.353566779644249
-1.80368476738292	0.398254084963023
0.135344827059028	0.0258639507496658
-1.04473460322805	0.420181639623663
-2.58478470503525	0.675813541092272
2.7496138177855	0.775189687209382
2.09613747448195	0.939740505768579
-3.46584456958788	1.25353297605489
-1.53662981716208	0.555438343483155
-0.237176848830075	0.0778020280962772
0.150443359742849	0.0377633287087368
-2.58453548475525	0.676764203908389
-0.643889763897163	0.156661592959279
0.143665287756915	0.0427236629465922
0.146301463254213	0.0369121679082859
-1.0430285489592	0.420216988954647
0.142637387713013	0.0360861991956938
-0.629465627660057	0.306278798357727
-0.538988830342672	0.206637222810477
-0.172391061207443	0.0627462855582972
1.0645593686776	0.651526517990408
0.316332004703826	0.174528178036329
-0.367012159161167	0.106980484577588
0.140785309842846	0.0419396944428236
0.431809998481454	0.173543174400431
0.147649013295955	0.0371443901885897
2.09961472965319	0.942156643014485
0.669732606178604	0.313086579259695
1.31234319771337	0.575344807364201
-0.414812336223945	0.175551517343517
-1.49260540626844	1.04784761540206
-0.268079632017027	0.136322450303649
-0.234829575212863	0.0770304092976012
1.76167794936984	0.990257765141138
-0.120482578753789	0.0484852004865942
-2.65135544923114	1.64926091899801
-1.04786382925772	0.422554751457188
-1.04786382925772	0.422554751457188
-0.263588703942151	0.133713358669305
-0.630768616520417	0.307077689658054
1.04771651768714	0.507550231423306
0.139930142590356	0.0265210820862786
2.74617618045436	0.774720201883077
0.141686950510094	0.0421288595298015
0.932829613639135	0.244963311679429
0.652253897170883	0.207102973093912
1.8098322354038	0.711329755606344
-2.58478470503525	0.675813541092272
2.74534949223189	0.773319630917041
-0.237176848830075	0.0778020280962772
0.652695254572546	0.207024892635355
-0.999880735802943	0.501734414364388
-1.84361095481451	0.760317515339505
-3.77312140195183	1.51499536469158
-1.04447463018139	0.420263617366416
1.54811999734119	0.769713301321377
1.24967893813282	0.688187970617562
1.31176150416243	0.575573951673107
0.510875541395758	0.183928738190787
-0.64834559013069	0.157812973783057
1.80892476946184	0.710964612544011
-0.238619080974611	0.0782457591467586
-1.83448317285978	0.756769538624434
-2.36797832343228	2.17916351842558
-0.417519308717613	0.176680400231687
-1.29910988710549	0.594809212556218
-0.164080448154753	0.0597916313207312
1.94484431275212	1.21791249728077
-0.807248640583883	0.444644375340806
-1.04181050150809	0.418187828327256
0.665689816669044	0.310548513297777
-0.634558401780338	0.308934493339009
-0.647852271039411	0.15768507802046
-1.50379949164865	0.772972900650777
-0.264433274808208	0.13439165471862
1.3094564119373	0.574146809919677
0.279744862300132	0.190494802475917
1.06268633797133	0.648211052318418
-0.513475618463293	0.272473768528907
0.806886142301205	0.340161855421042
0.51174254082849	0.184178364192085
-0.420007644793929	0.240908301806068
-1.04390615555555	0.420016956092299
-1.18538490442466	0.671852268237255
0.125479832180241	0.0479193358256835
1.11016401940061	0.99713415345994
0.296464348905808	0.177497272241728
0.130876868199433	0.0500409830206624
0.650444653728205	0.206870989076807
-4.2313919440591	2.02210481585384
-1.80368476738292	0.398254084963023
0.139373629020068	0.0264474830594518
1.95062146582611	0.454190159391569
0.592453123506699	0.308332538611404
0.650444653728205	0.206870989076807
-1.83482918178446	0.757249944313784
-1.04067331168611	0.418465554601514
-0.35900113863639	0.104616647983879
0.140184451576725	0.0265585662587612
0.650991162239829	0.206772040177897
-1.15755644738434	0.355289941594665
-0.241156977507758	0.0789592581942133
0.932444120238111	0.244842742206832
-1.52845204149787	0.551521368985269
-3.09370472754254	0.961571400894305
2.09761678300046	0.940719512481992
0.115308859722749	0.0440594894082093
0.140210488911627	0.0417260592948838
0.509730325059622	0.183209946756868
-0.167734705918524	0.0611523983971872
-1.50689507512587	0.775231283631423
-0.793098515782442	0.351690335205156
-0.160606318496032	0.0585053816652521
-0.367012159161167	0.106980484577588
0.512609627498565	0.184247131053675
0.653242855413462	0.207522075223881
0.340137787520046	0.17037003822384
1.04661731927128	0.507649762836834
0.147211981908801	0.0371529932006973
-0.625165952692346	0.303517921019859
0.12499623973525	0.0598405348323026
-0.36234773438668	0.105369001563162
-0.235132025937081	0.0770784326047616
2.54702436961341	1.41996679520183
-0.811283133631771	0.446773930274882
-0.791483874342572	0.350227377994833
-2.01437619820805	1.41989907507558
-0.41213126151368	0.174476836425326
-1.5125459287448	0.7795227654022
0.148598486564552	0.0373599031239063
-1.17518293058556	1.03858179011861
0.129228576177805	0.0616009742141792
-0.507726691664996	0.269819983881313
-0.640820070260403	0.156173374069777
0.146774179931898	0.0369732700828277
-3.7736621668232	1.51524708251548
-0.79283597775452	0.351347519140623
1.95062146582611	0.454190159391569
2.09851806560284	0.940645540920032
-0.160061280688517	0.0583136921813335
1.0200314996791	0.386398513169522
1.01938669987078	0.386305411802006
0.13912027261828	0.0264101516649031
-0.742419833798786	0.258214778445979
-0.644388443682788	0.157000626677781
1.04659537666142	0.507416411312683
-0.64834559013069	0.157812973783057
-0.643506271279338	0.156786530055825
-0.742419833798786	0.258214778445979
0.140184451576725	0.0265585662587612
-0.741848012858367	0.258096023054699
-2.08309008924287	0.961877891467273
-1.5369997817935	0.555799845674469
-0.644770889342653	0.156875139887313
1.95135265955319	0.45428366780025
-1.5380893189947	0.555528608035834
-0.792553264813643	0.351420601868644
0.134409435237647	0.045482239289511
-0.121304558309684	0.0488871655410963
-1.29557795676951	0.592205280412913
0.881992745154384	0.47445760788454
-0.542142876918705	0.208312018224663
0.126611907931373	0.0483937912962149
0.683294819950789	0.319080457751402
-0.538440187846927	0.206758866526095
0.412401371407016	0.164864084662666
-0.114397417474736	0.0461317845792404
-0.540858953642075	0.207531528161755
0.510007909511423	0.183564268952108
0.80254307274593	0.337440554502806
1.0195371096822	0.38582119059101
-0.537604201275585	0.206097064278887
0.342652458499262	0.171635816727911
-2.00639651081781	1.41498162528806
0.932829613639135	0.244963311679429
0.686144231729604	0.445667557815797
0.313429812992143	0.172511471482565
-0.625670173867328	0.303791256789512
1.0695918106287	0.655105894682204
0.140184451576725	0.0265585662587612
0.139930142590356	0.0265210820862786
0.139930142590356	0.0265210820862786
-0.35900113863639	0.104616647983879
-1.80379071234984	0.398266610487963
2.74617618045436	0.774720201883077
1.95062146582611	0.454190159391569
-1.15486421229877	0.353960755591684
1.95062146582611	0.454190159391569
-1.29770386628742	0.593162801934876
-1.00176141169685	0.503164984634554
-0.367012159161167	0.106980484577588
1.80610961993801	0.709606900893752
0.65414904119533	0.208020876626531
0.137209797477049	0.0464410009267909
0.649540136788795	0.206300566749324
0.509805060222284	0.183409050611913
-3.76557168292632	1.51230600255237
0.136156966750329	0.025975077128062
-0.36125776400353	0.10521302829144
0.142206421270329	0.0359541333965371
-3.76557168292632	1.51230600255237
-0.356189321077493	0.103630136124459
0.142637387713013	0.0360861991956938
-0.644388443682788	0.157000626677781
-1.15847376642875	0.355686548405735
-3.46584456958788	1.25353297605489
-1.18518562190076	0.671777571048883
-0.359911076994201	0.104872867536805
-0.168535700512318	0.0614396736428628
-2.29493484602112	1.17310466907998
-0.805857661586363	0.444252595919224
0.320165776345862	0.176898089300706
-1.69344348683037	0.972960930957391
-0.0787275294464189	0.0349281669469604
-0.809910726539183	0.447682017792057
-0.363255768460324	0.105782299807354
-2.08578796571711	0.965562416707721
0.125292505207361	0.0599372934142865
-0.26261780359056	0.133509087957349
-1.00602031713653	0.506810651252999
-1.00069761368402	0.503871862860633
-0.164885457806792	0.0600794376284763
1.43109558532018	0.887592406503195
0.669151543748022	0.313192415379282
-0.16560251408398	0.0954984827846199
-0.745822468806859	0.25909130793883
-1.2931604748656	0.591359256359774
-0.236606371241214	0.0776017669502627
0.123367779868857	0.0589792205189916
-0.813714676913285	0.450036257810427
-0.165368118811875	0.0602246818930713
0.80424232840057	0.338337566370001
0.136792407148554	0.0407124662882074
-1.04359703690809	0.420463940972424
-1.83448317285978	0.756769538624434
0.65414904119533	0.208020876626531
3.25490159683282	1.09988604599349
-1.80368476738292	0.398254084963023
-0.643123124462485	0.156504140249688
1.80701548129766	0.709687594083792
0.12435371959888	0.0533070560996423
0.127139358897129	0.0486135320129704
-0.359365673988087	0.104727737543846
-1.04333787761146	0.419567920605661
-0.333538091190822	0.155459236577043
1.31641060189182	0.578095540716024
1.43511052997664	0.477089390053173
1.01913264922984	0.38618919405726
-1.30360431603777	0.595903269975718
0.139884098064408	0.0416988824150201
0.505159659700077	0.181649970886899
-1.53327386150544	0.554071585244721
0.139373629020068	0.0264474830594518
-2.58478470503525	0.675813541092272
-2.58478470503525	0.675813541092272
-1.53235676509745	0.553502300358264
-0.361802623855853	0.105358062763741
-0.999386692748481	0.502104358979482
0.127629604761486	0.0488205219881876
-0.54691608429449	0.210052738102582
-1.0424602576406	0.419767093556931
-1.53273207896643	0.55406409993797
-0.741772218204133	0.257376934477729
-0.643506271279338	0.156786530055825
-0.247753299328153	0.0810425506810865
-0.121304558309684	0.0488871655410963
-0.805533942766088	0.44332179806541
2.54534851827631	1.41743394764208
-1.29826368209722	0.593438485703413
1.32082949962849	0.578518011832582
1.55430286855383	0.773539156640171
-0.41244109396436	0.174149439939968
-0.647461655721112	0.157598110120326
-2.09002422236249	0.96852720746282
0.1413598194657	0.0421025960431846
-0.51711064418838	0.275462183346503
-0.0548188820334639	0.0263181355606882
0.127368387880844	0.0487264991670796
-4.41249783992221	2.27466022940119
0.134094522270005	0.0399902070661405
-1.53235676509745	0.553502300358264
-1.80368476738292	0.398254084963023
-1.04189216281964	0.418924226052755
3.62559622686951	1.43343777832231
1.95135265955319	0.45428366780025
1.8046556556941	0.70860181691833
-3.08991345953591	0.960747174631736
-0.36125776400353	0.10521302829144
-1.99961311918849	1.40522619646062
-0.366106353055766	0.106564775009011
-0.80975183070554	0.447464688239979
-0.644770889342653	0.156875139887313
0.304851174725574	0.197351479950425
3.25955780844985	1.10146325935908
1.04953531998855	0.510027504107607
0.933710809861868	0.244826616527384
-0.235400067060849	0.077117263856364
0.128842956781218	0.055306924987761
-1.05729702922883	0.424401789316615
-1.00097145155495	0.503111416233042
-0.643123124462485	0.156504140249688
-0.64477214166203	0.156983480169134
-0.644388443682788	0.157000626677781
-0.172809901996153	0.0629242283980546
0.513791165711859	0.185017905562863
-1.00549630243412	0.506795601514535
0.336951372798464	0.1688159810196
0.117770176891822	0.0450449291873593
-0.238048417060954	0.0780891030505443
-0.537589304181351	0.206094574742513
-1.50325714123151	0.772634118505595
0.148123932113398	0.037298775193441
1.80646672530512	0.709284888569376
-0.172006496439189	0.0626524689585257
0.64559347674232	0.204972394147955
-0.740705291977838	0.257263180060709
0.135115516978732	0.045691814158371
-1.53554019388682	0.554309681981325
-3.76557168292632	1.51230600255237
0.126566298272559	0.0605648875768645
-0.0213886904962738	0.0110238927597154
-0.747630638147624	0.259859955972283
-0.361802623855853	0.105358062763741
0.510668821075204	0.183517588552839
-0.333372300116353	0.15549695719915
1.80610961993801	0.709606900893752
0.931950133432299	0.244413497437813
0.805330917571856	0.338700975108144
-0.510301782607894	0.270949179100825
-1.83875848168522	0.759162449562453
-1.15019981108223	0.352703694647943
-0.542142876918705	0.208312018224663
-3.46630912179766	1.25319506698382
-0.99799835862722	0.501080261549464
-0.362166381635235	0.105626912484328
-0.117372225466347	0.0472598191570808
0.652253897170883	0.207102973093912
0.136084377685652	0.0460683789796626
-0.628962005303292	0.305951356252255
-0.739203085868651	0.256301505068265
-1.15486421229877	0.353960755591684
-0.157132511236635	0.0571218890983555
0.1413598194657	0.0421025960431846
-0.419644717458482	0.241051381094827
-0.539276806409919	0.207127681793212
-0.233387135509462	0.0765198473617531
-0.362166381635235	0.105626912484328
0.139369721109985	0.0415084196349322
0.148123932113398	0.037298775193441
-0.366106353055766	0.106564775009011
-1.15392338036234	0.354212278509058
-0.167814284601087	0.0611122958404124
0.932444120238111	0.244842742206832
0.936401569876498	0.245675339056074
0.800994500180805	0.337272485795403
-0.362710949837822	0.10577213020672
1.01970949094797	0.387091911393297
-3.09408861819707	0.962829753125291
-0.536354313754785	0.205687389529939
-0.242323132990394	0.0794545395999312
-0.418580029248622	0.177413239267987
0.677706603438666	0.316981002963034
0.145913540346097	0.0367609236539561
1.04582003072606	0.507497265174686
-0.167007946678184	0.0608040704424062
-0.355466790082463	0.21723451260135
1.31410625822521	0.57783656828618
0.931565691852841	0.244293555241305
-0.362710949837822	0.10577213020672
1.80556115744	0.709204238553249
0.124688587384057	0.0422968836920446
-2.30379628491797	1.18259983140649
0.929363107220915	0.243670370746797
-1.1856888043001	0.67203509782204
0.140785309842846	0.0419396944428236
-0.361802623855853	0.105358062763741
0.125227952562414	0.053704545454513
-0.812421453926552	0.448968871059799
-3.76557168292632	1.51230600255237
-1.29854797059543	0.594785420705011
-1.15486421229877	0.353960755591684
-0.359365673988087	0.104727737543846
-0.238619080974611	0.0782457591467586
-0.362166381635235	0.105626912484328
3.25767918892079	1.1021663566718
0.140184451576725	0.0265585662587612
-0.366106353055766	0.106564775009011
-1.83539757756382	0.75750800966345
-1.53235676509745	0.553502300358264
-2.58453548475525	0.676764203908389
-0.742182711888573	0.257807372285815
0.139373629020068	0.0264474830594518
-0.363619197342818	0.105894774191241
0.150921468814773	0.0379194736694598
-1.53645538754434	0.554877978644979
0.147685616873541	0.0372140815523598
-0.643506271279338	0.156786530055825
0.145828384011954	0.0367587486446884
-0.236305907551276	0.0774158597277084
-1.15486421229877	0.353960755591684
-0.247180437251904	0.0809195562765353
-0.133269927936624	0.0802435404200072
-0.0889031541733683	0.0393204936109883
-0.411606579711645	0.174215663689476
-0.512682015957348	0.272427704581861
0.0194964445555067	0.0112307121748013
-0.116249387671786	0.0468597020386418
-1.2461250755763	0.954236368417562
-0.483802477990772	0.328363779372507
0.293818629441134	0.188968836432755
2.09613747448195	0.939740505768579
0.131491139507584	0.044577610855764
-0.787013983945816	0.348297448415918
0.368596073882526	0.165384111372272
0.931565691852841	0.244293555241305
0.00436894825747052	0.00227413167779763
-0.687796377329226	0.412988012004429
-0.36125776400353	0.10521302829144
0.932829613639135	0.244963311679429
-0.792553264813643	0.351420601868644
-1.83818577064438	0.758655290136435
-0.237176848830075	0.0778020280962772
-0.359365673988087	0.104727737543846
-3.08991345953591	0.960747174631736
3.62466075691912	1.43256044684919
-0.361802623855853	0.105358062763741
1.80520382516112	0.709003956616184
3.2530948013434	1.10108931722157
1.43645613213741	0.478161609320723
0.13912027261828	0.0264101516649031
1.95135265955319	0.45428366780025
-1.80368476738292	0.398254084963023
0.146301463254213	0.0369121679082859
-3.7650365789172	1.51294271983965
-0.364760989388525	0.106129027528873
-0.363255768460324	0.105782299807354
0.135344827059028	0.0258639507496658
-0.643889763897163	0.156661592959279
-3.76907032896904	1.51568182757693
-2.58428653566473	0.675727611967995
-2.58428653566473	0.675727611967995
1.95135265955319	0.45428366780025
-1.50515775706551	0.773632562902453
-0.7389639873091	0.256670839118185
1.94138439066584	1.21469387145015
0.299040144828797	0.179236929199636
-1.18817024161391	0.674901362088127
1.01720882945322	0.384625673572835
0.130808254732932	0.056187977847189
0.130696468789369	0.0624629316306409
1.06297383066014	0.649495697298288
0.136149693891106	0.0406054953419776
0.126867977855145	0.0545019814636371
-1.53219054338251	0.553674997524989
-2.30408487932824	1.18298687653825
-0.241453949883888	0.0791674426738944
3.62559622686951	1.43343777832231
0.650444653728205	0.206870989076807
2.54182412365095	1.41309083330818
-0.16908184300615	0.0616182877911792
2.74700474235958	0.773735225227364
-1.04124180825515	0.418513150870408
-1.80379071234984	0.398266610487963
-3.76610703066164	1.51007339072176
-1.5318146928413	0.553494474919415
-0.362710949837822	0.10577213020672
2.74700474235958	0.773735225227364
-0.364760989388525	0.106129027528873
0.141934018068002	0.0422115362011609
-1.80379071234984	0.398266610487963
-1.15300618747366	0.353816991053109
-1.54146983647562	0.556134713928317
0.144030943602207	0.0363402578839825
1.95135265955319	0.45428366780025
1.95062146582611	0.454190159391569
-1.80368476738292	0.398254084963023
0.146737983479964	0.0369987654124611
-0.644388443682788	0.157000626677781
-1.80379071234984	0.398266610487963
0.932829613639135	0.244963311679429
-0.643123124462485	0.156504140249688
0.146737983479964	0.0369987654124611
-1.80368476738292	0.398254084963023
0.139373629020068	0.0264474830594518
1.95062146582611	0.454190159391569
-2.58428653566473	0.675727611967995
-1.15300618747366	0.353816991053109
-0.473687897620174	0.31890352455309
-0.618132441388746	0.512327441104544
-0.515521902716089	0.274622456372176
0.139884098064408	0.0416988824150201
1.60417096742492	1.11720478594095
1.02122213309023	0.386053669499024
1.43693291937878	0.478412112216202
-0.361802623855853	0.105358062763741
-1.80368476738292	0.398254084963023
1.80128084073667	0.706472447716932
-0.937737815863778	0.692394190179404
-0.167144875236577	0.0964446085784336
1.31205222453913	0.576575770191727
-3.09029030460571	0.960832707527767
-0.0858970926150639	0.0380543051371307
-1.15847376642875	0.355686548405735
0.508367320272208	0.182688579641735
-0.234259276164921	0.0768738569502217
-3.09408861819707	0.962829753125291
-0.805857661586363	0.444252595919224
-1.6964033579819	0.976503197657573
-1.15755644738434	0.355289941594665
0.647045217228672	0.20541570040493
1.02788817722787	0.388969986257071
-0.747630638147624	0.259859955972283
-0.536354313754785	0.205687389529939
-2.58453548475525	0.676764203908389
-0.0543364632600268	0.026094969545905
-0.534681401761577	0.204992678078054
0.932444120238111	0.244842742206832
1.0423973946472	0.505080811308232
0.132055846316588	0.0447762654002208
-0.164339324198145	0.0599109386152847
-1.15394884803957	0.353566779644249
-0.647852271039411	0.15768507802046
-3.76907032896904	1.51568182757693
-1.53273207896643	0.55406409993797
-1.15394884803957	0.353566779644249
-0.164339324198145	0.0599109386152847
0.508075647691215	0.182571813788913
-0.171203966457287	0.0623441479261125
0.140458165206262	0.0418615852654621
0.131271041698143	0.03920116252469
-0.36125776400353	0.10521302829144
0.646143141275968	0.205158328067658
-1.69877437016727	0.976488144013543
-0.643506271279338	0.156786530055825
0.150970188013481	0.04452143612068
0.132055846316588	0.0447762654002208
-0.786469190370634	0.347830565965969
-0.750117157055505	0.260345095813128
-2.09540376401301	0.969930346989241
-2.00310858903995	1.41130409299419
-0.972377640264218	0.60335114563594
-1.51173197464431	0.780308699730874
-0.622981014213999	0.302527601706261
-0.976571935823551	0.608016971713913
1.43482864449378	0.89236402657912
-0.415880213118191	0.176088333213337
0.420167200268719	0.168576620867564
-0.165145037809874	0.060131898293132
-0.542426008365989	0.208214347777777
-1.06849434036423	0.868952040215186
-0.540582499054048	0.207502129989812
-0.411336703163519	0.174112307825355
-0.350234543562738	0.213950377405786
-0.175114459712008	0.0636559729048852
-0.171715828002281	0.062535222119982
-0.171568673082347	0.0623850649290877
-0.237477952696761	0.0778886575961749
0.370305089139202	0.165917275900182
-0.534681401761577	0.204992678078054
-0.237477952696761	0.0778886575961749
-2.30576316786488	1.18333924157966
-0.11222121740687	0.0452297350951107
0.132323532241134	0.0448554349010625
-0.783816093701143	0.346310199197133
0.648941210685989	0.205808664712113
-0.62782020787333	0.304781746284826
0.148123932113398	0.037298775193441
-0.648735146604395	0.157899750679971
-0.643123124462485	0.156504140249688
0.509730325059622	0.183209946756868
-2.58453548475525	0.676764203908389
-1.50797963865712	0.776533934641885
-1.15300618747366	0.353816991053109
-1.83505230984646	0.756639373351276
-1.49227406116711	1.05045740859434
-0.813879227915522	0.448783092723513
0.65414904119533	0.208020876626531
0.652253897170883	0.207102973093912
-0.512980322630123	0.271933104754231
-0.127279376494828	0.0511950369644519
-0.949296588675852	0.705813791743459
0.426763417978963	0.171717622830452
-1.29428175562447	0.591951812360937
-0.970783400861985	0.602000599495485
-4.72275635582745	2.85000811472789
-2.08490146353936	0.964676824691781
0.424138358301413	0.170604635851743
-1.50729064378076	0.775039092320791
-0.414286829670234	0.175347041504799
0.127931809070693	0.0489078759226262
0.320945079104456	0.177437777429789
-0.176740755008749	0.0641572267484585
-0.363619197342818	0.105894774191241
0.371606476441863	0.16672745564024
-1.49715868935996	1.0580712821705
1.4406577565604	0.479253975897627
-1.35229239339305	0.859899438808084
0.580994033496902	0.30185852248959
0.433702746753348	0.174264568357482
-3.46584456958788	1.25353297605489
0.13912027261828	0.0264101516649031
3.25676960114744	1.10310692759313
-0.543266856350763	0.208763548655505
-0.335399847832819	0.156208887590578
0.758775229417159	0.448900125152291
0.146690868021078	0.0432713393905507
0.883366943645668	0.475434962929319
-1.0049723971438	0.506574590675267
-0.119976357247685	0.0483101990534039
-0.540114053535069	0.207176036194891
-0.0774679829380209	0.0343674040113728
0.669723009649721	0.312553758057158
-0.78810398399432	0.348831685910165
-0.814848556708245	0.449873169479759
0.145254977873277	0.0830075287546813
-2.08562731583897	0.964220789418508
-0.419401659278084	0.177662597528162
0.334386605941132	0.167026079772438
-0.997475099438893	0.500572605366309
0.134551053521162	0.0455179755309149
1.43813819319217	0.896275611427357
-0.412966138002202	0.174475760349816
-0.167527449292993	0.0610228882448846
0.301031298334759	0.180819815793315
0.131140754867742	0.0501024106510988
-0.544950665032821	0.209183918510228
-1.80379071234984	0.398266610487963
0.146774179931898	0.0369732700828277
0.148598486564552	0.0373599031239063
-0.741514061952099	0.257437556377308
-1.18008401514576	0.667140187746818
1.0186324361341	0.385926866869133
-1.04816955160128	0.42197561480355
0.1413598194657	0.0421025960431846
-0.511365346755456	0.272394249548573
-1.30190523483154	0.594740147039289
-0.177555043550422	0.0645132910731648
1.04422282616674	0.506574585851397
0.530056845075464	0.30561042737766
-0.0312863509734114	0.0159539999143836
-0.629465627660057	0.306278798357727
0.649897891813891	0.206374526154303
0.510875541395758	0.183928738190787
0.137209797477049	0.0464410009267909
-0.114397417474736	0.0461317845792404
1.81120016539257	0.709851988767397
0.424935578467476	0.170987715399205
1.0664478881379	0.652084868329205
0.1393097200573	0.0414857340564309
-0.67487533421092	0.405801360945323
0.426215010092659	0.171417255852221
-1.2431418403409	0.948677238181599
2.33589871670775	1.17276480474714
-1.15895089420025	0.355454865791994
0.933324263209431	0.244705909364566
0.139930142590356	0.0265210820862786
-1.15345350292765	0.353548980162923
-0.647852271039411	0.15768507802046
-0.741848012858367	0.258096023054699
-0.675245030276533	0.405928255241179
-0.790938963532835	0.349958502886818
-0.514580896371279	0.274144878789277
1.04769431158737	0.50900657345443
-0.511095096651744	0.27159009320338
-2.00729504485964	1.41404625652567
0.673190814379244	0.315279389328192
0.122735008135336	0.0415982226749248
-0.745822468806859	0.25909130793883
-0.043529740134147	0.0209583461899961
0.13903860694883	0.0413471671998274
-0.164626550938382	0.0599144793142656
0.649897891813891	0.206374526154303
-0.514798805696446	0.274335851889969
-0.415083137355912	0.175775517043565
-0.242025564504491	0.0793476290892232
-2.58428653566473	0.675727611967995
-1.69047336323508	0.969094500842593
0.375877720199591	0.169013848826421
-0.504693293775089	0.267225118681999
-0.999910727807672	0.502761568850451
-1.15300618747366	0.353816991053109
2.74534949223189	0.773319630917041
-0.234829575212863	0.0770304092976012
-3.09029030460571	0.960832707527767
-0.362756437456456	0.105570984853003
-1.18140407570658	0.668141249034311
-0.239404477826605	0.0784394742303508
2.09523747403063	0.938787999909388
0.123329872222957	0.0471154138748317
-1.18189036946856	0.669345654257906
-0.168621485035434	0.0613849497001624
-0.419137270056059	0.177371732405869
0.127384118892759	0.0609433387370501
-1.29400316630539	0.590898975396601
0.762877724113992	0.453372285439247
-1.25199044787563	0.959746825581422
-0.122584906036092	0.0491730819416272
-0.119254778209273	0.0479834595897149
1.21901701332001	0.83565862292206
-0.0459236230435092	0.0221260521686091
-0.507405172451794	0.269556982742218
1.01791216425444	0.385692179378926
0.301687787721406	0.180235918617608
-0.216039365699098	0.117721380871455
1.25430116810845	0.692170239986747
-0.543552235605529	0.208968478049413
-2.48650758004249	1.40813424395122
1.20720518510691	1.00317621128989
0.343168257374327	0.171866638234315
-0.242025564504491	0.0793476290892232
3.25399732634696	1.10138712863889
-0.644388443682788	0.157000626677781
-2.58453548475525	0.676764203908389
-1.15347733768864	0.353947479713194
-0.541143935926914	0.207671605461044
-0.742419833798786	0.258214778445979
-0.787558915132848	0.34862507972379
-1.83482918178446	0.757249944313784
2.88361605607888	1.94661458581914
-1.34791899632098	0.854243754215247
-0.419630490333242	0.177957182429578
-0.534681401761577	0.204992678078054
-0.535517937221125	0.205561517916868
-0.163534484401185	0.0596231662713251
-0.539451999234114	0.206966748771831
-0.237477952696761	0.0778886575961749
-0.362710949837822	0.10577213020672
-0.787558915132848	0.34862507972379
-0.233387135509462	0.0765198473617531
0.119604340473746	0.0456771894616448
-0.325797667661219	0.151660824849553
0.879897419230828	0.47247403691134
-1.01405587819694	0.510414511166139
-2.08546760183352	0.964798104494995
-1.52845204149787	0.551521368985269
0.142469531863295	0.0268725113483955
-3.4697465656871	1.25533488138392
0.932444120238111	0.244842742206832
-1.15439361670696	0.354342573020678
-2.58453548475525	0.676764203908389
-1.15300618747366	0.353816991053109
-1.0430285489592	0.420216988954647
-0.6261744941828	0.303974453815849
-0.743325166733626	0.258205235128744
-0.629969348089191	0.30650127053813
-1.1875015647737	0.671236741399377
-0.789904941534589	0.34986194743257
-1.15803450000539	0.355059130854004
-2.1392713669521	1.65928913132401
-1.83585483071607	0.757054768382734
-0.707063127393867	0.571369481136809
-0.363619197342818	0.105894774191241
-0.809180697992508	0.44623869353402
-1.15486421229877	0.353960755591684
-0.0834817846062436	0.0370346255583982
0.132433406062052	0.0448790682365348
-1.15439361670696	0.354342573020678
0.140785309842846	0.0419396944428236
0.147211981908801	0.0371529932006973
-0.64477214166203	0.156983480169134
-1.80368476738292	0.398254084963023
-0.644388443682788	0.157000626677781
-0.539003042837417	0.206891853429863
-0.788649190593012	0.348900846862656
-0.264767889590194	0.134241097984331
-1.043288757653	0.419327472122216
-0.738629090206008	0.25643862371353
-0.811612579745309	0.447647759016902
-0.419660721159454	0.177561329716483
-2.04139015153719	2.15292875403012
1.56049326653269	0.778383401013812
-0.994433564320153	1.00067090271875
-0.320932770467077	0.14890280535212
-0.237176848830075	0.0778020280962772
0.148123932113398	0.037298775193441
-0.64834559013069	0.157812973783057
0.932829613639135	0.244963311679429
2.74617618045436	0.774720201883077
0.932829613639135	0.244963311679429
0.147211981908801	0.0371529932006973
-0.644388443682788	0.157000626677781
-0.742419833798786	0.258214778445979
-0.643889763897163	0.156661592959279
-1.69877437016727	0.976488144013543
-1.29372102355982	0.59176400453293
-0.737482026667645	0.256039848593742
-2.08635409087462	0.965683537778705
0.803676101253231	0.338560822354516
-0.816308053136449	0.548737561464543
-3.09447285673231	0.961828946915894
0.140184451576725	0.0265585662587612
-1.15755644738434	0.355289941594665
0.139930142590356	0.0265210820862786
1.80520382516112	0.709003956616184
-0.233119255955625	0.0764018780789796
-2.58478470503525	0.675813541092272
-3.09066749133914	0.959393078286489
-0.539276806409919	0.207127681793212
0.377457833359352	0.169712274475596
-0.418836909369002	0.177528026956452
-1.83391433948043	0.756511402066625
-1.80368476738292	0.398254084963023
1.80646672530512	0.709284888569376
-1.80379071234984	0.398266610487963
-0.415337954656273	0.175690846010217
-3.09029030460571	0.960832707527767
-4.01187155064992	1.75965404933559
-0.992401180978981	0.4967734198333
-0.238619080974611	0.0782457591467586
-1.69263687362517	0.97024855091143
