x	y
0.0747778214810756	0.0523631837962439
0.499739341231654	0.656057567422131
0.166202750777529	0.12703790635776
0.413089619019478	0.395052210476982
0.337496153073055	0.310752380794037
0.483723255746495	0.50975244139404
0.448456846893048	0.303243270935613
0.916584797176217	1.21942888539399
0.498785692960878	0.512091422703018
0.493728923651622	0.522562811205071
0.175825282650998	0.130401662241335
0.312088085322418	0.307574114360614
-1.25880166302283	1.66719009543538
0.416845599648505	0.413360070489949
0.17791408648101	0.141303615562492
0.418402199450108	0.298650377284905
0.0424461336317396	0.0259724644196776
0.392127544850244	0.30909234379543
0.773288386523569	0.728928569492942
-0.20984775246327	0.164500225007034
0.16766741901637	0.11934416349532
0.930071588981586	0.911057952830178
0.3270115107342	0.309119668235949
-0.192820105115431	0.154253913666297
0.158589788820643	0.107858175499345
0.932752971846589	1.1320132568018
0.35683136577649	0.312097528936304
-0.00185477066824661	0.00138441045662428
0.0762867104716539	0.0570586364683702
0.277276243869024	0.198854672320924
-0.109936842035889	0.0815208607315471
0.362400919447807	0.386172901759036
0.104245571039889	0.0879512789928372
-0.189170824268784	0.151001589385228
0.722631041926937	0.785734000497885
0.666663941475228	0.851925638287693
0.233049279094045	0.229391121226409
0.570023328401482	0.779183946732303
0.837755384477265	0.614981872202235
1.02948753639478	1.08623268995934
0.143601884936436	0.082106292249622
0.440337875787684	0.41442732257922
-0.652798461177653	0.639544111486973
0.861244531782165	0.987651350769302
-0.632972609292655	0.716712621091558
0.156067306235006	0.106033924777655
0.979605557127264	1.36926799577886
0.176729626501537	0.156618730315752
0.0110223807790921	0.00842920101997451
2.09670564420982	1.45371706084354
2.09433789137339	0.936812512867778
0.530406167369469	0.305801371937913
-0.0495508028049471	0.0381789718970481
-0.0684205025881876	0.0589108126443627
0.232248781748109	0.23835457375029
-0.215645556862086	0.188751004796121
-0.258978045106461	0.220310801485068
-0.374785941209109	0.367258776936948
0.586511894117355	0.722531986638322
0.550196617787064	0.679544752856628
0.0633987015390637	0.0426838840890909
0.459441347635618	0.421438641601409
0.16609775287072	0.135130295039684
0.125748892146592	0.0601693829615274
-0.537315035936971	0.206219810031048
1.43674896252147	0.892271950887701
1.55151471686537	0.771593003677496
0.317262228359303	0.305932168419103
0.632118885779514	0.810300640263066
0.906281834466871	1.30860757766394
0.0906237463679465	0.0682629294818822
-0.441398004472102	0.551373117492261
-0.315182082862556	0.292032327434244
0.174100336565224	0.164333077497071
0.168503699988876	0.151978336555235
0.866963297829692	0.880230124834751
-0.289977376100185	0.185243411291589
0.547401585760935	0.53983246547201
0.374521285990287	0.168240081697029
0.127666695648323	0.0488134294645902
-0.171715828002281	0.062535222119982
2.2420597534881	1.71908897338382
0.0587956976153674	0.0395228145206205
-0.21675632781414	0.170440244585669
-0.0127392446910332	0.00883471050296268
0.166945788735292	0.139572710713214
0.25558802558377	0.212082809445605
-0.0334374608329136	0.0269569254272183
-0.764159739259284	1.00770893105898
-0.0713899337338609	0.0456327300868065
0.104717588661533	0.0882901601003173
-0.0693390285446557	0.0528478181919912
0.349071622735373	0.314536035637035
0.131140754867742	0.0501024106510988
1.99926971354453	1.87073410405307
-3.09408861819707	0.962829753125291
-1.12258869049289	0.779354444218934
0.88604401595956	0.476175435550617
0.273589909092646	0.213666915097132
0.161438956740558	0.123035143316818
-0.373942890584009	0.366403381942123
-0.053394129163705	0.0412505257454931
-0.0102476686429162	0.00839314217770733
0.650882814088049	0.667387774652584
-0.124334148365574	0.0903169368080611
-0.0581749242384603	0.044950354789873
0.705262157670123	0.792427151824331
0.232712310000908	0.218696139839944
-0.0277583869199096	0.0186252974776237
0.110234193852322	0.0975484146578497
0.176518679766586	0.152439261636822
0.440512406292647	0.491012014502563
0.143337222216575	0.0426016228100372
-0.330122539139211	0.153617242404815
2.54943222850417	1.41979696779246
0.134607242487656	0.0513708533944172
0.139556940401302	0.0415648034416572
0.685322090533352	0.44674633000378
-0.000426751269015215	0.000220851792053223
-0.0560557766552735	0.036748572927688
0.2757214558719	0.206743200592014
0.77325532826042	1.08763162623807
-0.0499734010383621	0.045126747464514
0.105755079345633	0.0931924461256504
0.17771188987905	0.164811544823022
0.558070578224061	0.694128975982076
-0.0822610309118122	0.0714965760625958
-0.622151661928673	0.789476778186495
0.523318563676472	0.650166439757482
0.157496688138414	0.158448660766367
0.247855285797466	0.223802766631179
0.289126257214113	0.197666881299522
0.132790251127428	0.0635599150245549
-0.67605804255157	0.407087048444411
0.334141301465813	0.307509930528468
0.141487963215596	0.0808491659632683
0.629975273651249	0.567962754196134
0.162455908234301	0.119423766619439
-0.209991853294488	0.164664320230868
0.487170572184003	0.568730280828954
0.0911627918839432	0.072678936274277
-0.325526672625031	0.325201885864208
0.768890715841535	1.0780907114129
0.627064616942217	0.564971369685564
0.681907905100293	0.854009958574947
1.51233074404151	1.29062058516589
0.376317756031206	0.168917107388855
0.154567324754652	0.0946854964045979
2.09903484483183	0.941607866167158
0.289264368825092	0.186124631018766
0.268735660638447	0.209207364518667
-0.057570004118889	0.0445513330219597
-0.438440476897511	0.454724027188591
-0.38404244816149	0.430821237039954
-0.320126472322785	0.382185707022002
-0.214879975047589	0.204700851450957
0.108406251368899	0.0995759905410923
0.633818495641874	0.448733057584611
-1.27306687936117	1.2120416899356
-0.163793329784282	0.0597182116427333
1.25351673890246	0.690531410020346
0.091382049842381	0.0709115373114439
-0.267188080365759	0.25253558004571
-0.458971898045563	0.502502325054387
0.309774033498225	0.297258270399771
0.240713866562646	0.216293765282756
0.217581928610644	0.220232070848566
0.228556215948598	0.21922447564268
0.294447367017253	0.301280477663626
0.30278413940095	0.196057779636237
1.37551847246982	1.05940783150147
0.589093036469398	0.444225500100623
0.351953912957027	0.40637322803047
0.646211277222437	0.815765579530178
-1.22245877686542	1.70723066082629
0.333507940311446	0.315939595779377
-0.593979529894529	0.589543978875727
0.615094601923743	0.856328576554388
0.327700790288389	0.318172197120643
0.277959525075543	0.19939320592562
-0.292227844951315	0.186888257792253
2.34027363336522	1.17732300328594
0.295446668704208	0.190601127838617
0.144241227938778	0.0428872731898325
0.503521096357563	0.594329997758055
1.14005304470131	1.41050061562902
0.102897051319776	0.0885966957588497
-0.471938780908457	0.577127017798522
-0.0301152357867772	0.0205689411674706
0.572343805513759	0.548983133103441
0.308193366030032	0.31127715004697
1.24284440635979	2.13528547166468
0.88638553815825	1.26537922282055
0.333888446799396	0.296761505761172
0.823794285404949	0.74596679757734
1.60377896100003	1.1185895828954
0.307131212168585	0.184702656653762
-0.0833432680721983	0.0711230049937921
0.479373902851885	0.426403386823966
0.804011766562212	1.02937361994457
-0.111680716622797	0.0829017446538351
0.700726771946835	0.787193170491966
-0.297034335488913	0.251032927317536
0.0746859421792821	0.0523728323145635
0.3398629512562	0.304087074973955
-0.0211602603151463	0.0144409349778835
0.328861592645321	0.311058716839372
0.670261397806108	0.312920763191569
0.585217555416773	0.441030513842188
1.1434900981763	1.415643512606
-0.000982147018506627	0.000644927007179008
-0.749024395491945	1.06074570983051
0.0961142233753547	0.0768504618766409
0.594330656199953	0.716501375955205
0.241360278765061	0.210747075970997
0.596966828693224	0.721114363262426
1.439336455227	2.0307827542641
-0.475422871822265	0.450062537902589
0.568611978494443	0.622063611410885
0.325175382189075	0.306471026758696
0.931853289855521	0.627630650831446
-0.00129940152192325	0.000678102576780624
1.02349375759299	0.388665902021623
0.247192649857634	0.21691153901878
0.00924776046234912	0.00683533314834297
0.457628516025346	0.418846071593761
-0.356938867752662	0.291347885809661
0.291726476390781	0.210266565102509
-0.420774201771622	0.46130739870855
0.720902703260418	0.699440796151064
1.21353585454945	1.33107866101651
0.291804347996612	0.188375403899114
0.732301262996994	0.715183820334038
0.133962793640632	0.0641477163722926
-0.149533908412369	0.106758922959677
0.0302796122203885	0.0242728521043773
-0.00438101878631719	0.00310349882095961
0.257815521076406	0.206624484390453
0.317547230358247	0.305545906379339
-1.36661149599753	1.39380167945739
-1.25121230487886	1.65775463278663
0.525889496441115	0.436106938060027
-0.479993043821768	0.325067407598573
0.938575902884079	0.923423129085726
0.16647501922104	0.118497670153706
0.911934104485297	1.2133489000613
0.847258738758523	0.623229748413304
0.569612302497507	0.546725632224779
0.369386961871294	0.165738601158534
0.431033069519722	0.173555585006391
1.06395417075335	0.648939677541683
-0.204399438067792	0.111182749029958
0.331385808840129	0.165295355775957
1.74657880808717	1.35717428952253
0.222499474957677	0.239735574543659
0.116579299666375	0.142718735594496
0.317510701520201	0.175606271458526
0.653790201953018	0.20742302218683
0.128723483715433	0.0491814625007699
0.416763526223535	0.166804289899503
0.767799701970214	0.456310591846597
0.168394412713878	0.155078095397873
0.613528163932989	1.13295223838402
0.409395974101193	0.557355520524579
0.259284411177686	0.296584760384944
0.521755168374959	0.300388766163473
-1.18699793291904	0.671428650985567
1.00449917879661	0.944261236868026
1.21769015387581	1.33569518275337
0.703821798094363	1.1508528272128
0.279670522346847	0.29567429142834
0.451403319258966	0.552504820663767
0.44055585850145	0.491166980545256
0.59614004705975	0.555652526617855
0.0855966174689499	0.0622518428474386
0.262301160023596	0.225592328373706
1.10043742481638	1.77796372817813
0.476485671014686	0.515218369660302
0.696976581130752	1.0105193341318
0.326108279508818	0.161922749589505
0.476795564720517	0.298798546179871
0.137167417972684	0.0781595651232024
0.140412687985105	0.0802180292628039
0.834899921519996	0.759764762161589
0.343172782676761	0.307581246953773
0.00849962399794008	0.00629388579570878
0.108484488315495	0.0895268287951149
-0.0984960856531129	0.0612624992419773
0.170638381725006	0.143155365546428
0.15810209845859	0.107326044544475
0.400005029863244	0.316375031261797
0.586304051486769	0.442355247521512
0.384082671367711	0.301259967650171
-0.675852742235971	0.715679995346908
0.629207157841425	0.566823269182243
0.357376108313892	0.300798039734094
0.981961040813246	0.801152452687989
1.39969996772485	2.24723233866244
0.587002286970333	0.442954799567187
0.270436456049561	0.20222331631258
0.276366713347511	0.207420686581661
2.38835870584324	2.0313219781856
0.289222302610905	0.198172942519818
0.422645366960046	0.419767146371468
0.913852809401934	1.02476139829577
0.0600956464258101	0.0522220676006343
0.358512961342947	0.313807751288881
0.60302991957169	0.651751964140361
0.907613692232136	1.01612274514216
0.810611700993276	0.945904251547529
1.31107389357514	1.53783811307221
0.671736484914414	0.584359126388195
1.09622282787778	1.59044732688147
0.253628243601413	0.210264573463149
0.263451129932	0.218907301113315
0.433239530113073	0.419903415326095
0.0921484363581334	0.0671784988185631
0.566209639511036	0.541851943746386
0.626373916061408	0.440324674997947
0.845456346802839	0.6223009775859
0.582083399407935	0.302184062039937
0.329490563813095	0.164219181257904
1.31410625822521	0.57783656828618
0.137209797477049	0.0464410009267909
1.229151241934	0.848002492808298
0.132620364305083	0.0449502398034842
0.807174604124676	0.339947339299481
0.710259846074991	0.58997212311094
1.24733384964899	0.686494356169944
0.523482011507984	0.301436114249734
0.452510836515015	0.306751165508232
0.768766090284852	0.722774042632116
0.0718521644827872	0.053647652198428
0.58450895805512	0.787431755045425
0.723620371004716	0.970359156209916
1.11648825831915	1.13950900366964
0.144429643817535	0.0880500569754747
0.523875763787819	0.433750736997903
-0.674603558547449	0.404682077101808
0.837027945155914	0.612512541814849
0.147403773388076	0.0898220594773226
0.565264495757934	0.540376869298016
0.557028085944243	0.529732992299836
-0.125884485991163	0.0755539707622094
-0.295118144765898	0.24929436386533
0.719373311517316	0.965413948148262
0.455140144407781	0.484787759870798
0.364207488583284	0.398267591533922
0.123823056493778	0.0591754753035717
0.521371121939305	0.299070007115997
-0.248423077084192	0.165010023212326
1.31844914081716	1.389796827392
0.833348823763482	0.610271069113962
-0.301103761293825	0.193519597782475
0.627835911661771	0.441601769305258
0.577580000539661	0.299039932461892
0.141900724869751	0.0811222584695307
1.32070264965872	1.3940331257472
0.165987479076789	0.122442505627088
-0.0543140596033627	0.0356372860344982
0.169773156567935	0.130117384262056
0.235059289505	0.226680664334482
0.808804793013895	0.943205455317117
0.935890926658531	0.919349630867134
0.938535269661125	1.14194555217718
1.00717100279276	0.949078873284818
0.554210282421606	0.439668711297293
0.413081631066331	0.312310723064177
-0.162725800121425	0.0935615201477375
0.329224954080889	0.302168308489487
-1.50607606948282	1.06271165980281
0.553112983709396	0.439507455048451
0.415316705386338	0.410901477626454
-0.532173787370324	0.500558592822274
-0.520777074618072	0.48622862051664
-1.36832582632898	1.79306442684819
-0.121347485161578	0.0879280132545457
0.167036559566225	0.131985540077376
-0.012630353263028	0.00870913327814529
0.531626823463465	0.53936809231029
0.123640608666328	0.0473064541364208
1.33652593747683	1.22657673770462
0.931853289855521	0.627630650831446
0.588637729180003	0.443711543927275
0.892277784145868	0.773087888380571
0.169843066170264	0.12090049195054
0.233165240999322	0.233976229830837
-0.208019979188048	0.162540028042649
0.0414259772578549	0.026603881498874
0.149815133789385	0.0858005002534621
0.0672557327353486	0.0452589659506104
0.0614738136739472	0.0413211921612045
0.242354796458578	0.217916893727717
0.804432616043586	0.935138207933502
0.294118557976227	0.189707692612938
0.0309963951852204	0.01902130733221
1.87701118123969	1.60980688649525
0.156973680426981	0.101596903856166
0.39339245665646	0.310490043297382
-0.324344519322903	0.269650923835098
0.5560033337393	0.441692722044892
-0.0985028177118081	0.0725187675227465
0.276057394018777	0.207231842367915
0.492447492492591	0.521189063619398
0.549881748307782	0.543721491500872
1.09506155990807	0.975392128952493
1.10010166294167	0.985053309504821
0.422315142333028	0.169596710708464
0.573662319828473	0.55101850793947
0.16496400523862	0.112564009199914
-0.959665748005916	1.02986200071998
0.506691003940631	0.524852388043488
-0.808981100928217	0.776874269460575
0.0729224914916296	0.0510321536506868
0.165435891564413	0.112895236011627
-1.34906061185878	0.853837455786527
1.60415345576324	2.05769069851583
-0.921151550192108	0.783451369245015
0.831489107634563	0.755976955569479
-0.52020923600542	0.399148448903765
0.27342335791857	0.204175686034227
0.394397633807954	0.311776304069763
0.653552147390811	0.672885072621306
0.629447640364058	0.444241264154572
1.02208591974079	0.38678483133196
0.14103192177006	0.0419706320314239
1.55544101440338	0.774105994362626
1.55642181666941	0.775769693892146
4.16045368861399	2.00047451707447
0.808735099625213	0.340276908081127
0.1715524534806	0.139719669626555
-0.619431972556766	0.661200023322401
-0.0758558004732323	0.0710566844729019
-0.215710447070481	0.16962887233614
-0.0167372654003749	0.0164899319333487
-0.161136998758051	0.180410200713252
0.0843603339137339	0.0613786959735334
0.631437492736898	0.446024418048774
1.07680370351027	0.810602103057559
1.02549223592864	0.388513835126415
0.139052763408547	0.046964738842049
0.368880308646119	0.165439335412938
-0.0798839157771234	0.035357985930909
1.05275650114659	0.510806467084888
0.318445561629445	0.175940758234391
0.622160691067237	0.961736761821695
0.679704231037681	0.998011399178455
0.86197725003079	0.989748076484777
1.04873940580309	0.509802214935004
0.430737601331486	0.173198450758027
0.879827832374765	0.473002564713481
0.927490500606075	0.622854574687846
0.971799455045093	0.788167380218231
0.01963339496459	0.0157113867633531
1.03544106020852	1.51693515705559
0.0668341906981071	0.0616791183872294
0.604493608210179	0.732874456363699
-0.180030183995094	0.188185029726313
0.194909005184104	0.212610512561662
0.166721945082076	0.146437509410559
0.302993659289955	0.182182289542611
0.138937380394717	0.0792928267555143
0.720445865838935	0.698019486553985
0.426763417978963	0.171717622830452
1.76326585307114	0.991462352256832
0.904262155710796	1.52539430780506
0.621816073180091	0.739688535517161
-0.190511093614753	0.209437552616715
0.517286536207803	0.185627159850268
0.798599288615639	0.335667569176938
0.797760073917963	0.335118634855849
-0.363619197342818	0.105894774191241
0.133507071589576	0.0509419762229393
0.136370194837747	0.0461713984476248
0.514363083274015	0.184986043370105
0.655055294702571	0.20808355560833
0.80817127064938	0.339970305951627
1.02640136155337	0.389250316085842
0.65469668159777	0.207920986734369
1.25182762709119	0.690977558044493
-0.164479851776672	0.145230892745787
0.0487186415104483	0.0411395954007564
0.5362050308408	0.673487914289485
-0.155923420282198	0.125182685830496
0.221659404065486	0.280659508847578
0.569872526031254	0.856511896093135
0.397682287036217	0.31488216527213
0.587009393207693	0.30567181298679
0.771810320194779	0.460174955530068
0.423590412985369	0.170170280132012
0.493321267288373	0.643348828510894
0.246586108074499	0.216338113653452
-0.289366372959396	0.362510057875018
-0.41949316190405	0.240421476201692
3.92510197362858	1.72282025819563
0.275516291722858	0.206734477915008
0.133719957549112	0.0453066786126365
-0.81919634413193	0.550323186373875
-0.464042826714993	0.366181835331925
1.21989741083646	1.02334871044397
-0.700997185736422	0.499644368631012
0.129696081873627	0.0556859432174266
0.524187903565257	0.301787987577541
0.131589869219734	0.0564947418302734
-0.598370454588865	0.445680412658216
-0.56567573925304	0.364414480316411
0.34505061477752	0.172991011390092
0.316672506817327	0.174987392498036
0.487521764137817	0.435419562698243
0.761010686381432	0.897541316563099
-0.157502918586864	0.126341265846138
0.103991084822124	0.0834480386144022
0.26009959865655	0.22986476753076
-0.125005175169509	0.114039783931208
-0.527390719078487	0.570208985532925
-0.926706706396362	1.12515844528753
0.668494778987005	0.691160217357734
0.976033068719013	0.795560370243738
0.154597662418503	0.131362385221012
-0.107664568473021	0.0670453987491768
-0.149070586407391	0.106383398013103
0.00172680894329217	0.000906006465665525
0.28748760807509	0.196286945681583
0.308918156302761	0.185778430116536
0.143414042692795	0.0756829965806487
1.33762223134492	1.22602073328287
0.914063982001082	1.02539149511678
1.1485723801967	1.74073352095732
0.419960410382571	0.484810818767384
0.290346041604174	0.187176201227181
0.139536938917222	0.0797102884462011
0.69240562853639	0.693542678328139
-0.133069045026306	0.0802122413821514
-0.355732694341743	0.217822290725118
-0.167520314799346	0.0965927399893867
0.317609844269653	0.175428151551465
-0.0798323227211098	0.035395033779357
0.151210124020976	0.0925377461545886
0.340137787520046	0.17037003822384
0.304957804740694	0.183019386983681
0.699446601035138	0.457655579097889
0.45102120039087	0.304943958989462
0.575992550406822	0.430615425892173
0.0288088313367173	0.0219056866670913
0.28163530090215	0.191895048044323
0.168004989740442	0.124100440478655
-0.12057542250762	0.0722622105496506
0.637744994221054	0.577464166447984
0.586133830909816	0.442204588775541
0.416717080002131	0.315803165623055
1.21670878461063	1.1842324267749
0.768899850630956	0.722944567422792
-0.743912737081426	0.83252412663304
-0.185249819043159	0.147551751725722
-0.404642079543192	0.32495078801943
0.772059109191219	0.727551987044979
-0.0564983366124284	0.0270892472757595
0.484650305172089	0.304937301499653
0.767799701970214	0.456310591846597
1.06535197542335	0.652185919390961
0.980667974024452	0.799589666077895
-0.125554958650976	0.10390779916879
-0.0713474243738534	0.0544699743573944
0.0930313160744191	0.0722944953834119
0.271746708980933	0.219677995363223
-0.404220775942167	0.324451118820583
-0.339594297916031	0.31053028068729
0.16496400523862	0.112564009199914
-0.731965213811849	0.764579861190441
-1.14300650066104	1.51883897109738
0.732107633152584	0.714271804800104
0.983917693289691	0.801970348988851
0.433767064222187	0.312306222059989
0.550080423071902	0.436535697074431
-0.250394184876571	0.16609596861634
0.159610003008621	0.108621617515179
0.426229765341556	0.306172716423174
-0.818239565725442	0.639819630433361
-0.208902725332258	0.14265243764909
1.21866909922088	1.02255594122577
-1.75943663249629	1.96107632096686
0.678078339294511	0.438662407950714
0.159129445046428	0.11282483794297
0.306644302104764	0.168280706332261
1.00445241814848	0.943299487725096
0.496338041616084	0.509598944238359
0.638127580901295	0.578017405920381
0.265444022122371	0.213807867039796
0.153577356967751	0.0940440596232258
0.584137801647847	0.303971114344916
0.367520125992465	0.16470162537914
-0.114757038843417	0.0962627730422833
-0.905604537787125	0.853416241628901
0.455878072164936	0.417202596473807
-0.500666088276644	0.434102530714157
-0.718243523067617	0.694855532859026
0.628468784379601	0.567371339775492
0.687772303744744	0.449635253760807
-0.569797358018383	0.367162518067779
1.21209345866822	1.01428607707156
-0.115210080641378	0.0856704081334176
-0.0512664608450398	0.0336190862171202
0.554368475392085	0.44103175384885
0.158765214276315	0.107993272545711
-0.0538053748259516	0.0352863309802999
-0.0122812816443461	0.00851712865702833
0.152922142109998	0.0986312814390819
0.523381939066994	0.434111660109
-0.601001378285808	0.4479289855553
0.155275951874578	0.113984199290936
-0.581486871781305	0.539232108693874
0.285008070301413	0.194634959862664
-0.887241770433511	0.904555084712608
0.68792173022994	0.448306819717164
-0.353073029682724	0.216018623238028
0.887900428973964	0.766831954451684
0.70938933539717	0.588922596713316
-0.295655224916289	0.189053341777081
-0.172590468583962	0.120407392552083
0.482258897089641	0.302470827309629
0.147920064732809	0.0846266723417415
0.770182190560129	0.725350199279589
1.09847264505334	0.982323490507279
0.133735318894883	0.0760513059591154
0.144816855539053	0.0429958878810455
0.132334068168148	0.063354161421338
0.378662086979784	0.310235224320164
0.584347637375143	0.303518019110781
-0.0464805387895051	0.0304504574522698
0.286241720249683	0.195894254938166
1.70336109895269	2.60404083081401
0.140785309842846	0.0419396944428236
0.805204693550491	0.339371994678625
0.130350616233331	0.0498203134879727
-0.234743297004312	0.154452063433291
-0.691631876583173	0.491016292235797
0.264364922348085	0.205368649958223
0.160000815910807	0.108915651685425
0.167110841252808	0.113904300407103
0.159488942428085	0.108179545787039
-0.453088280830992	0.355765529504326
0.412529035463027	0.312117991446178
-1.12266234672338	1.10626652329306
-0.204124687156956	0.138916000364089
-0.405372427635362	0.325551720774828
0.366531375238225	0.309832165954382
1.07006557268678	1.35078121015939
2.34263802835622	1.17544278616231
0.573653675764449	0.551304118249996
0.553974321490325	0.548167054772757
-1.83311703709589	2.1527612811058
0.15141705390759	0.0977457084555372
-0.733019637343033	0.76691224019995
-0.0930769252002501	0.0577918008715505
-0.719850711374246	0.645245873048221
-0.92475495551828	1.19279853099421
-0.00915776893795173	0.00638551328616424
0.085766695044444	0.0624998042446947
0.158915333445779	0.102997580202986
0.169206975504782	0.125160760082513
0.0672115436903703	0.0452677855278942
0.277541802203527	0.208415361522365
0.0246229659557399	0.0141954261037765
0.16243653219994	0.110434055828513
0.174374348423374	0.138340137508477
1.0695918106287	0.655105894682204
0.673976334457528	0.315562558766203
0.124465621048049	0.0534709936762376
1.0592014750905	0.646122173834946
0.402738425013506	0.319054902229487
0.715059966380731	0.956225765488321
-1.62498341561519	1.97202708121935
0.0246065596992362	0.0141864286062292
0.501215331969776	0.431329706856978
0.168944817625351	0.141578699037058
-0.337041090358092	0.306765620611706
0.51849975615393	0.297649932802865
0.846392226238	0.622311741500185
0.138983315146558	0.0414025350222139
0.373191714624493	0.167495561554729
1.02549223592864	0.388513835126415
1.59667152606958	2.04059769895279
1.31641060189182	0.578095540716024
-2.30323705460312	1.18200631303729
0.455950111490631	0.309279211561202
-0.177795785635064	0.124331334718418
0.159698022510966	0.108687035789243
-0.432866353880049	0.413677143976053
-0.457666504078281	0.360202298810936
0.719203590544301	0.598647019000524
-0.89646124148347	0.916588407593503
0.354219496241391	0.309166445499378
0.0603566514292274	0.0406001406539494
-0.413971230033223	0.291052453844555
1.09544572223902	0.980214708754687
-1.07920354489944	1.15176880766341
-0.000355707734671304	0.000366020999198599
0.835455287101169	0.610755023404414
3.2530948013434	1.10108931722157
0.511241935679617	0.183555021791601
0.140184451576725	0.0265585662587612
0.417427156930167	0.712812140097238
0.633978785274183	1.23625871268775
0.785692481873825	1.18993155633861
0.744961359273918	0.822203499201871
0.153252479596453	0.116105911044889
0.680128258114079	0.441272363049328
0.641441296606648	0.453957394398611
0.521276147312881	0.431939840636985
0.154265114520136	0.104573610537253
0.277508024540674	0.199192355847008
-0.554884138920686	0.472222096608798
0.00782362643676502	0.00412857704956141
-0.594315633069687	0.590363771233427
0.577273215365164	0.63584736291931
-0.029930895764514	0.0152779792256434
0.732572669746473	0.713203541196236
-0.0931683653992699	0.0578341917346418
0.25214649409755	0.215404522858102
1.02028601783919	0.386776796263063
0.688609222036744	0.450115113339048
0.00252550967184527	0.00130677190408118
0.887113236066557	0.763109221287089
-0.596855845930537	0.444105161432925
0.0605740443604966	0.0407420752681755
-0.0671855588941099	0.0428946863622254
-0.948439530079528	1.09405765833723
-0.0976824411443238	0.0606927519719531
-0.71773698514808	0.643062308796576
0.52542949154888	0.301584879927398
-0.419630490333242	0.177957182429578
-1.53645538754434	0.554877978644979
0.936401569876498	0.245675339056074
0.650086353252472	0.206202657488722
0.317659499302193	0.174952359984104
0.258527700290115	0.228453558156346
0.128350501127829	0.043512403302682
-0.0462791296323958	0.0222593253606559
0.87853661267738	0.472390539880406
-0.614202770965221	0.458362910708585
-0.571968129367821	0.368063406636669
-0.416626445408699	0.238684340228297
-1.44460414429292	1.78416984213279
-0.605717985084077	0.452020939380934
-0.0538524185746233	0.0258196855715359
0.0500115237137789	0.0321028985616405
0.293202737564816	0.188777017072032
-0.213450520995095	0.116510386917313
0.274300893524574	0.205675589745022
0.0496291561886744	0.031927888192729
0.0696109952820487	0.0486964155706626
-0.130907637492751	0.0788394936815923
1.22478842536484	1.0282824093093
0.928481199205008	0.243805258274956
0.802103696082994	0.337395004387402
1.55669334526495	0.777212571863682
0.184034697050738	0.280523897359663
-0.29759878684201	0.449102350107626
0.385376044828905	0.840753168171611
0.568621459954498	1.02091338482402
0.265762133321405	0.369155458552823
0.284818064824243	0.30817524981509
0.468235401409924	0.567195650463372
0.512605843417033	0.593427914102312
0.844370355828773	0.621161626633678
0.50188637810021	0.431618028917867
-0.0952287679175565	0.0804072460394089
0.521028976755989	0.524642521568131
0.525681296180002	0.53197961071488
-0.742856886356883	0.875083237035805
-0.392387760581046	0.346273408529274
-0.447948955815419	0.393917207647707
-0.0546296496363751	0.0357340406184825
0.0334080260210996	0.0204708940069824
-0.270587408939924	0.205082564781647
0.266521851070853	0.198734502271757
0.386989732410566	0.304173847922833
1.50728882967503	1.28486583399282
-1.18458182507507	0.669539693017814
-0.251192781089168	0.0820128887148795
1.0136078007467	0.383220663046871
0.530305534533768	0.305520819206858
0.885623075464015	0.759863488718331
0.294894372800149	0.190276332683941
0.701420354302185	0.786085777767032
-0.208646307161997	0.113850016904515
0.892177120181633	0.771176819736213
1.07612556737283	1.45470144507518
0.599219694900911	0.559388686707443
-0.244266823158344	0.189115062424458
0.265023446199365	0.197547022012195
0.474795684220093	0.297357995500342
0.510580201392862	0.183534349617947
-1.15067412918645	0.352834915266282
0.139369721109985	0.0415084196349322
-0.643889763897163	0.156661592959279
0.513791165711859	0.185017905562863
-0.622779234865389	0.518602238343758
1.05326132782539	1.22377134249305
1.12332323618179	1.15111190166722
1.11348736208513	1.13453352361018
0.121481974596911	0.0521546650151508
0.140176586815333	0.0473370975808659
-1.53662981716208	0.555438343483155
-0.543552235605529	0.208968478049413
-0.301332724939641	0.193180564243271
0.0220301615273339	0.0126435416982534
1.32447908145616	1.39790625094217
0.509870210797277	0.417066078794247
-0.622493801374583	0.517198978384689
-0.678053069002105	0.718015486347519
-0.498105951038148	0.430497479526877
0.0203719020314305	0.0117730389814388
-1.02772052357516	1.25132962612355
0.384486194517809	0.301345296360526
0.170241112710997	0.121195544358813
0.314016678180382	0.189201687133175
1.22421122525591	1.02817059109824
0.768637074359308	0.457853056401832
0.14311796249796	0.0361933240878638
-1.84303597262819	0.760039735058634
2.10435250286334	0.943273587622899
0.377889689457453	0.827301297817498
0.188572806977439	0.275674712149325
0.50075470972428	0.983860668395459
0.111069180418301	0.133440031328917
0.101798823278505	0.104603735998088
0.0927686727493532	0.0958868721923638
0.726866585458445	1.27005942639602
-0.555908043341112	0.560721558168928
0.249530241195377	0.231322877527711
1.1515431611672	1.74649836415
0.657572853210225	0.67798101639589
-0.814295303452554	0.713589330766477
1.47764884686015	1.94482625829744
-0.943249198288061	1.15831333299276
0.277508531707076	0.21685070898632
-0.52758480726877	0.494511913970296
0.432025978813649	0.31058301712661
0.267178912053723	0.214677118335935
0.265571245523922	0.20627342816811
0.705802721252037	0.869616503678008
0.734549443963885	0.718129409881167
0.0536134733697141	0.0344958626136759
0.0900286583414564	0.0677160003073465
-0.0681923367421009	0.0435992927674688
2.10425118969604	1.46688318233659
-0.333691830091661	0.155561116107088
0.589802007059548	0.30737004493571
-0.167814284601087	0.0611122958404124
1.25051875853412	0.688969463483089
1.76238104175313	0.987722031861296
0.461494693094008	0.313080125396623
0.173199969422223	0.123456014163365
1.11865312917519	1.1434494037297
-0.950147485270304	0.706218491720298
0.130350616233331	0.0498203134879727
-1.51296943532397	0.778828600583909
0.146774179931898	0.0369732700828277
-3.09790841588879	0.962404523986388
0.524273381401809	0.301389366158578
-0.20093669495139	0.136593969284498
-0.815570254754269	0.544707216012411
0.896151079066536	0.776665984535718
1.35340864859887	1.95584533400235
0.805769324127157	0.339679478238357
0.510007909511423	0.183564268952108
-0.212643478144627	0.116206722491313
-0.806704263501719	0.625838048582159
0.428268149059079	0.308180408409712
-0.203745100199035	0.138678188329057
-1.06441331681912	0.864465834777727
-0.0826214738859224	0.052991804131737
-0.211772461839955	0.11545549626136
0.179595917052826	0.133458091797233
0.37312079841165	0.304214696618795
-0.699727627333945	0.498748477846995
0.00103943183796946	0.000563470862564907
-0.212561449910659	0.145194305511223
-0.623934075897456	0.519688149586039
0.414689295794922	0.313863463795123
0.271184942954368	0.202854409815989
-0.117211404632445	0.0471705807360172
-0.238619080974611	0.0782457591467586
0.64559347674232	0.204972394147955
0.0454125378802805	0.0694996184734271
0.151080984488321	0.262085472892699
0.656713821239488	2.25733006925035
0.149140778430413	0.239068293757422
-0.108884822086914	0.165442897643346
0.0887935465407483	0.142052295643609
0.240120350532496	0.376658550110057
0.0757192933200294	0.0980344562432642
0.116711350431254	0.152223102106174
0.330159926353883	0.596002918672132
0.225446408392657	0.243499354245418
0.104502667506563	0.0901738897021301
0.431220666233558	0.417643487125672
0.0478500974697394	0.0395095041501406
0.232049823088603	0.228026697049966
0.0921251148595695	0.075353835202726
-0.028660281386508	0.0191396456043965
0.106518497576379	0.101293119440386
0.520499252976499	0.431117685693649
0.330928735645823	0.30393339996163
0.566263482616107	0.619294948498472
0.748008795471608	0.912001799605857
0.341011139110448	0.305510196427528
0.0882105257554975	0.0683545345721502
-0.898323252508705	0.841530345860749
0.0922188510850284	0.067279316629005
0.916806118672285	1.03119997175924
0.150082434120397	0.0916655252560473
0.225452780498381	0.199768327293277
-0.414963255142607	0.435477458631413
-0.518189992414321	0.483792181797695
0.169290661333036	0.125316182596243
-0.152142771034926	0.108729907032661
0.585419725717184	0.304820371771566
-0.0214104186951523	0.0110277060806506
0.845728588670189	0.620776644348199
-1.51975246459426	0.781284775830154
-0.362166381635235	0.105626912484328
0.29133616690298	0.18802407589282
0.775565366247831	0.731583230242504
0.827073137880108	0.86722290323266
0.483736981734943	0.30480571624168
-2.0948354143142	0.969898927194453
-3.76907032896904	1.51568182757693
-0.367370736590504	0.106848889573284
-0.361802623855853	0.105358062763741
-0.118167975302211	0.0475958821832056
-1.0668463703152	0.86608744637425
0.865851143673905	0.995521293869473
0.267819636288796	0.190629923338395
0.895256417312748	1.11345958495897
0.583253175817435	0.303635376955792
-0.235132025937081	0.0770784326047616
-0.424972439428344	0.180102117573295
0.42942355056596	0.308685735647307
-0.0532021423779238	0.0348386266301892
0.0811176560456147	0.0607817588807102
-0.750163814114581	0.840844470478118
0.0211600780410905	0.0122251856423097
0.492253133414538	0.421289120832548
0.098310326599401	0.0844416948291635
0.348214246456018	0.313289725296452
-0.993576171334033	0.998042371108993
0.943127244272475	1.15032116550791
-0.494445565591268	0.427436073319209
0.600986954793678	0.727489669983445
-0.0761190473720977	0.0581612365236369
0.141697880938541	0.0809867790052425
-0.248450504246149	0.164942564299887
-0.0844611288241775	0.0373475635316252
0.122545440250635	0.0468125258794932
1.04477301317624	0.506956885971242
1.02504891872163	0.386761358230089
0.084628996703611	0.17689653344275
0.308495587860533	0.902934132926402
0.281404296364815	0.769269911772652
0.212149135377779	0.440241837537764
0.277285343669388	0.528476490571494
0.181986594102216	0.385391276971929
0.259156673747503	0.506475977629357
0.185443014094763	0.31068593157129
0.157971400397992	0.242384283034725
0.372267628993313	0.744934005293009
0.842988929559395	2.27810162877267
-0.155342504754216	0.198687300703197
-0.454836211945961	0.664552515806764
0.770303175344926	1.2316562742381
0.463003939947367	0.571781096420213
0.115986388054251	0.107321610040474
-0.13312180332418	0.0970411225689016
0.233368838445823	0.229536250009689
0.792952949070259	1.1751011623371
0.213388577857365	0.227985054894309
0.0334374655062259	0.0268439947418113
-0.0751727563256227	0.0574715239449317
0.692676199924109	0.872259906846831
-0.00680790527292188	0.00563280028631407
-0.0887093057201621	0.0666980487021664
0.855144100727177	1.24194822058513
0.263766907513281	0.212553634771118
-0.0653111032881987	0.0569385438484564
-0.147870553161225	0.121281416221025
1.21074084621949	1.69462399006464
-0.463109880266878	0.509952215751944
0.606153698230387	0.735949636375334
0.625820674553015	0.660031513993451
0.173431617776272	0.149436056373922
-0.557711813590364	0.642611979232484
0.715204681292062	0.957799214171786
0.420952150962587	0.417981698306122
-0.505386907911974	0.513978766219474
-0.812591715379058	0.712909038072966
0.153666309597858	0.0994582476430903
0.528888790047422	0.303896013784257
-0.801410721718433	0.354742276019017
-0.566911173669083	0.36420141908095
0.704805106930305	0.46154691199472
0.451480199334467	0.305768712927924
0.731922230475527	0.71398917250196
0.874239432317268	1.18090702798407
0.374334960938164	0.305614614124946
-0.185924676287664	0.148034472088079
-0.324117131387211	0.269014351635752
0.124861724905738	0.0535945751960344
-0.163335301593548	0.0941504450244576
-0.242323132990394	0.0794545395999312
0.128065802893217	0.0434680575192894
-0.0833739256287232	0.0369022889157361
-0.545725074184361	0.548031052118635
-0.0920200917541615	0.0692788051349337
0.573741380707969	0.551912769984379
0.249141531431008	0.212132961416513
0.29133616690298	0.18802407589282
-0.16617394898698	0.0605322426701329
2.09851806560284	0.940645540920032
0.878258883789587	0.472308852308957
-0.246299381311088	0.163413939329262
1.00807679989595	0.950628638439776
1.1389516057426	1.61740046069887
-0.878539631500804	1.02472733662355
0.0173409083547723	0.0100670698736597
-0.00647464580101423	0.0045299566431162
0.557735380817686	0.627121713875437
-0.869073857060401	1.01146481450554
0.341321294429156	0.306043552818706
0.253867803501365	0.217254062281708
0.165768517345922	0.117964680073504
0.158340594979787	0.102721411200258
-0.355803714629031	0.257677204818279
-0.809609605888792	0.630799636577291
0.276874797767512	0.188007433098849
0.770031196161911	0.605854012127297
0.511447846039878	0.183898335950935
1.31554563205142	0.577850509647929
1.02259212061632	0.388312776500153
0.0993537852955542	0.214718850289488
0.56438515399309	2.18104364368486
0.444976931115544	1.4567976470654
0.170750200496164	0.289835070155188
0.17065972506434	0.267879518725697
0.124954240581235	0.226734972864582
-0.119411272485698	0.171753074243385
0.787424742145981	2.35601770642687
-0.139658041119107	0.204589395434396
0.163111366236487	0.262087942496675
0.168543672784081	0.190849075733897
0.305728895140183	0.392538568566346
0.380706002518046	0.474245305714235
0.265283882654677	0.299544632122821
1.01630800825635	1.39554523325463
0.0199374434502975	0.0115498923358433
1.38972153823539	1.72922043191193
0.0309863269951287	0.0241903876035214
0.546952167304347	0.692398800792348
0.633526033995368	0.573458577489507
0.158568619195107	0.107578495431883
-0.188547960618183	0.150123851092312
0.172047722178344	0.159060780552518
-0.118628015120191	0.0997259595230329
-0.0749299471908647	0.057311485876121
0.501401514621637	0.432176545139871
-0.186453931509293	0.148587453641949
0.0498492451734115	0.032065727068237
0.800818012223524	1.02044563272766
-0.155062847080806	0.110840097977975
0.479740611925025	0.426703047123147
-0.144840053640075	0.103168478650828
0.985140277862269	1.17068096579984
0.518961712742863	0.523155814725688
1.71281958948751	2.89789729098416
-0.146542411063103	0.104308621574662
-0.799823654611859	0.763130155742826
0.0807358746702809	0.0605633464923545
0.160751280063782	0.109037328946215
-0.696704073278055	0.495318751303095
-1.34646897106186	0.853073349632121
-0.998833065592244	0.501273082430521
0.299135571622689	0.179012105325289
0.0326036387922578	0.0199500884575387
0.160809941451738	0.118470837655415
0.630244852652864	0.569596545585594
0.658054917391962	0.566546176572437
0.0682691634137629	0.0477516818893436
-0.131997680176717	0.0793562780524638
0.152803249257791	0.0988387890245137
0.239957255197959	0.221243057181103
0.240433265140313	0.227241606850538
1.28928550373387	1.6421530423043
-0.120624822503589	0.0874828476115777
0.0460244277881543	0.0296067598782322
0.589249492079609	0.443837436248893
-1.29854797059543	0.594785420705011
-3.4697465656871	1.25533488138392
-0.418836909369002	0.177528026956452
0.409536010169678	0.308835283264593
0.266994359564199	0.207349721381384
0.421094195671639	0.418429036877304
-0.642597743247982	0.586212483681598
0.432242560957043	0.418430641482812
0.44164202805251	0.415589207710213
0.508367320272208	0.182688579641735
-0.334594624957643	0.155852442586855
-0.129503528042465	0.0779661658993245
1.0081961571338	0.952786237059347
0.49842536564122	0.429035164294143
-0.50123076994991	0.43413938595198
1.48826871500436	2.35852389884478
0.256043172130695	0.23235593428912
-0.305952117734097	0.226669162017568
0.553020394329367	0.620213588243687
-0.574901654128312	0.531173319051747
-0.605888098532664	0.729543118200659
-0.970035326010746	1.05120601010344
0.361119587312829	0.316188895126581
0.0224826285096575	0.0129829586398996
-0.559258805420427	0.47655583231561
-0.494279817684096	0.427019997738804
-1.62696877792741	1.2621913109006
0.145145665393506	0.0430929431178775
1.02439581816121	0.388554234754345
-0.114397417474736	0.0461317845792404
0.415366389889907	1.633440197837
0.1194994523795	0.258227208567718
0.487995165043861	1.83201285690731
0.566213931449867	1.90956512561305
0.739992755980742	2.21577190741921
0.650102073963039	2.26799621501478
0.639703140401029	1.56745408664474
0.561072277187909	1.37994548340767
0.170265539404611	0.257152244258273
0.217025336923781	0.355121201709675
0.0860849896714362	0.100041249740584
0.504461669550871	0.915014161753112
0.381273292328738	0.565123911609176
0.214311306759787	0.2162487559128
0.336447061191473	0.310031344846833
0.70194650341567	0.788635661550091
-0.438848085567365	0.420998680388377
-0.377016068026137	0.394716151382971
-0.119945573082644	0.100820891133313
0.162363846532186	0.13531767192299
-0.243859030249387	0.211474451931644
-0.809133422542252	0.70860233211101
-0.35395038902453	0.37520055110486
-0.356059613053272	0.258380463546642
0.0576589540016736	0.038668919406246
0.167327397914081	0.123626119342662
-0.247243129110532	0.164058894331686
-0.174552629729544	0.121658596471971
0.0515213097582666	0.0345302395493376
0.437933689041126	0.411515300249627
0.379248178947229	0.310850746755238
0.00374517913688197	0.00194215965045259
-0.213501498404332	0.167861466578018
0.250116277180956	0.213504754164906
0.012390788289453	0.00912258998508129
-0.0760439552528218	0.0581031289900957
-0.161552821860264	0.130053999850701
0.272315564196862	0.203513591900776
0.677539682157616	0.591377577842582
-0.0194691937876108	0.0100497208667113
0.507853830998374	0.181952536439994
-0.508988876196452	0.270530855057286
0.437080460963261	0.315503908027935
0.481106656230363	0.429032308122076
0.488424846972947	0.436243437234318
0.171031943935773	0.143533939335647
0.0434937062708955	0.0358873841726841
0.52931788022832	0.439624608668107
0.411501326092179	0.311140933182236
0.483596604694287	0.509247645745755
0.508775255105899	0.527082976449564
0.462128337770672	0.423446111751964
0.564919647508024	0.540910460170314
-0.60801087027675	0.454505004902332
-0.507726691664996	0.269819983881313
-0.995876692813988	0.499784780994487
0.131870569010978	0.0446938595709682
-0.403001840162826	0.323266187154326
-0.431620669527749	0.445950844348828
-0.0328136211849542	0.0260629559567794
0.146372497759795	0.0894532810843813
-0.317872865777536	0.263133519248116
1.05524948246757	1.22877639289798
-0.0162018563605404	0.0111056999041224
0.0010364020963456	0.000915348836854413
0.141900724869751	0.0811222584695307
0.431033069519722	0.173555585006391
-1.51308953704211	0.779721954830417
0.669093449850521	0.580895765361068
-0.572660118232936	0.616481532677123
0.571989779513122	0.549847603726405
-1.07248860656001	1.44544479024193
0.163327260828255	0.128674960069188
-1.1707466493374	1.03398837605877
0.152918387268574	0.111995493112051
0.26731148765997	0.223317772317276
0.147722179335328	0.0952563057226059
-0.811175054158316	0.780201574418568
0.0206907645193318	0.0119605472282306
0.739173854593941	0.895727423760773
0.0109187462294348	0.00804755530769819
0.128750462019973	0.0616272946227881
-0.0484530705179329	0.0373302135207474
0.295300995156565	0.190665313274658
1.7759983284974	0.992435231987016
0.126553365684675	0.0544127338379484
-0.128073456151452	0.0515121087126927
0.584285313508574	3.47573640165044
0.895762009531335	5.56588777364634
0.794163164903079	4.56201238196476
0.83500863392916	3.53815977718394
0.513203749363662	1.49628431977148
0.424353442241781	1.23272341919692
0.720253952367204	2.25701171680751
-0.112005011835978	0.176052258094747
0.607036588968467	1.69422835737695
0.370971215644772	0.799172788209086
-0.00452956125858093	0.00479529129129025
0.339060812271236	0.536109426117786
1.00165994429746	0.941631374600303
0.171595890300296	0.135864740712005
0.231767464805855	0.217338212673555
-0.469287519245391	0.48197937704997
-0.225120511469692	0.210436662823981
0.174107380890814	0.146078645381637
0.369745981716337	0.405523807026568
0.361985009075638	0.316859617581529
-0.0879289902240835	0.0753625013705584
0.252363361312056	0.208756243762739
0.0537255583687175	0.036070822753304
0.446583649857881	0.405247380559576
0.688301092270955	0.690824782261358
-0.311731688345363	0.231113165856892
0.624162867543692	0.560282370520727
0.32723638724385	0.309287556058956
1.02575220570397	1.49490231903026
0.413059860495266	0.312995465246688
1.05290649213907	1.22512931027936
0.371756013226456	0.315968163347532
-0.395396095199261	0.37987859932629
0.169914075212297	0.142510313313449
0.33748756626855	0.311477152774239
-0.228969788953797	0.201750610285475
0.394529936541827	0.397158805226752
0.0835012991926215	0.0677738349178874
-0.80737095275674	0.706526560801512
-0.299866521936266	0.192617980111733
-0.211758275597918	0.115481233142549
1.45499366345005	1.45696984128089
0.129234792586541	0.0553495794261023
0.409251336405083	0.309416812202748
0.175994544546461	0.13973713487637
0.247091612764211	0.222910302914484
-0.44558236994762	0.390451076220507
0.671428453536283	0.768308678622573
0.552679817308389	0.439151744648825
0.329589307620772	0.302848036083454
0.346946192689411	0.311603415435356
0.691595218649344	0.451857390869562
-1.18766800775792	0.674330132585566
0.596321483602053	0.309832982763168
0.689052018048686	0.450500677214431
-1.61906498430661	1.96476734409147
0.341779939530247	0.306547891321575
-0.074282679561427	0.0567589977610443
-0.122780451036837	0.0890334973478437
0.0835748433177682	0.0645625659049869
-0.0697329096744572	0.0445612643585863
0.263102217312332	0.211953553489208
1.02193436121852	1.40696560691025
0.168060153555191	0.132890811420295
-0.0898558337985354	0.0676263296657772
0.279768630764339	0.200679112006247
-0.816308053136449	0.548737561464543
0.68320653580633	0.445112031541202
-0.109473113826172	0.0440646192925585
0.0423355100772775	0.0259154997883487
-0.240040216740106	0.185328320443692
0.369607353655985	0.386081522312715
0.894877567005203	0.774701690538734
0.0629655890656532	0.0423413490358653
0.933021711119122	1.13418352092464
0.865632631561383	1.1649582501227
0.738850355802014	0.81278554349745
0.0203606622258571	0.0117679455864212
-0.644484540528573	0.58759414434284
-0.306819818460905	0.2271006940323
0.470981542367122	0.417274152997685
0.502178752183384	0.432991188677515
-1.0622204825535	0.863361531231161
0.0586869736008402	0.0393901135046136
0.160738083166971	0.130093386728277
-0.242894765745569	0.0796348330145537
0.523839643318587	0.301727615293992
0.339261722095605	1.43473645759176
0.673351014342089	3.55221452640117
0.67765662995594	3.29374047734977
0.362490001643021	0.939958571018116
0.343087464148406	0.769164478856411
0.605884867926893	2.12818440688823
0.217994594779599	0.40400571524851
0.449764671396909	1.08605437907483
0.0246400367861263	0.0343870662186191
0.228995461241191	0.404477436329159
0.551143050048649	1.09647693754212
0.146667456924238	0.0896143268025923
0.0709694981699363	0.0529023089438122
0.365407301591067	0.320274755193362
-0.662756406609961	0.80128109688495
-0.0893940749767589	0.0672607416471716
-0.00958163102013754	0.00666282951503036
0.0413368537262763	0.0340279755203738
0.362892071530134	0.386800245421813
0.366258627889131	0.321327472318435
-0.279911316433781	0.212920877720479
0.276126169589638	0.197956726734155
0.0990896953796078	0.0813888372485986
0.766711377714635	0.720257669679856
0.265666766159817	0.228737252116864
0.0147798218215872	0.00863605816795643
0.673332650376279	0.586029421889618
0.167843335256329	0.132648776570073
0.831087144059317	0.756413009269727
0.528529479497722	0.439738837475746
0.970514283775629	0.786444631748898
0.251199705302462	0.214692074702204
0.173672535200246	0.141762371478719
0.0872142530918381	0.0635333215501304
-0.422918174586865	0.379093315997451
-0.269632631338682	0.137081909150369
-0.809963604563715	0.630818064941132
0.473518236193524	0.296399054622131
-0.0766338338993835	0.0339871076908376
-1.11545108733747	1.0947168895523
0.281535631640199	0.202485003469304
0.469883021770319	0.415178135118894
0.282889449706834	0.203543022703962
-1.24779879988231	0.954528180900448
-0.630276012006679	0.525743137643563
-0.617907231035579	0.298853748412207
1.04775583779857	1.21645189080759
-1.00134792554466	1.28505142808351
0.258445803014605	0.214153326570045
-0.0370818308516865	0.0248659063746158
-0.463069770957043	0.365008740959598
0.16224819103942	0.127798095816034
-0.358435029341161	0.25928036563908
0.36902194749725	0.384845240693536
-0.438929509518108	0.420993817565653
0.251624420434243	0.208106399838629
-1.49241077825321	1.05092101851777
-0.00529490612188023	0.00277226452020722
-0.025333728582117	0.0129899090101456
0.40586596566872	0.306457158003424
0.0291858291797352	0.0167667444208412
0.386664757163869	0.317340615356759
-0.799335220107848	0.823549314283365
1.00983566655336	1.3009440206021
-0.219420462418397	0.150221648229348
0.00314060865980427	0.00222837839492382
0.919147731512933	1.0334682234187
-0.115746222115478	0.0466618853064903
-0.416744991934138	0.294273019187058
-0.316539360302435	0.23581748259491
0.631459379535801	0.570496745200852
0.072641544037155	0.0508407675288578
-0.35451486559132	0.256996038413524
0.839109573507581	0.615479154671335
-0.582768681850803	0.540433978308486
0.593229227077535	0.448923789812491
0.64275152807527	4.33315386278827
0.811560977599903	4.6830419060677
0.564679127427035	2.45426434568797
0.721672772741127	2.96252451060414
1.01864904949188	4.02356086243011
0.709823760202327	2.7001951125301
0.0569247671361328	0.0796893842838348
0.42509779396159	1.0540609179014
0.714669785093738	1.97053414197827
0.199681863212336	0.325364857916695
0.819599536137688	2.0284372812265
0.432715382143439	0.796592117739012
1.48215963957896	2.33687753256187
1.27877725644102	1.75440532300208
0.711601390655893	0.87923132918775
0.452510836515015	0.306751165508232
0.448155040198511	0.423752603872356
-0.602782365545516	0.4492172948021
-0.142540675367536	0.116338588666168
0.67421899329867	0.773172809962416
0.16065423442286	0.109340513845771
-0.225206843997861	0.215567909220313
0.268268335118713	0.208928951601682
-0.274029768291087	0.253801453924423
0.83319727658907	1.14083319841671
0.236048006077242	0.216932467843239
0.513113866030197	0.443759838854288
-0.233779848479184	0.179976386419815
-0.0427259959758183	0.028643850312852
-0.251050038137637	0.166845126653239
0.922165777340545	0.616387277108139
1.34427725073261	1.23866461447072
0.42854148839257	0.308209897780186
0.392450415904712	0.309499076076796
0.673282978604885	0.586064364107136
0.308667020541555	0.185677540668702
-0.134744121778967	0.0811768895919174
-0.0993721531073392	0.0617904586226984
-0.810922762062829	0.842064567369257
0.3651498273243	0.309323989684388
-0.610025655983465	0.610696004904122
-0.210519079975114	0.183521879978497
-1.19720093256383	1.51983042476666
0.274885270976823	0.196967161203754
-1.23161957957901	1.46682375778419
0.830624819772625	0.754420045759361
-1.68798605244613	2.14262145288372
-0.258197247209516	0.19379346381062
0.279905700404419	0.201168779368774
0.832878364709895	0.756604763173849
0.134078349939747	0.0575506479018331
1.38729780744156	1.06966616087123
-0.310837254069172	0.230715836862442
-0.727293490437231	0.757897770607236
-0.0186276732392397	0.0127468037877372
0.167758496435029	0.132435036429182
0.263027539957482	0.211965115883477
0.543769521050414	0.535775883994846
1.0401710582581	1.10339968151962
0.780155620536448	0.738453531582639
-0.16415920384039	0.0946636944464551
0.160001758923228	0.103714018148099
-0.0818318585305639	0.0523997861844203
0.482692790498752	0.302571297897359
0.126566298272559	0.0605648875768645
0.249360263733117	0.205615640441449
1.00663987845848	0.946345881797668
0.125292505207361	0.0599372934142865
1.33837192219024	1.2264847591584
-1.86144416015358	1.7185417288829
0.136935481379748	0.0722131364203556
-0.306703352694942	0.227250960432129
-0.353768076376709	0.216259423057726
0.712458803051764	0.592415685171612
0.632378812803165	0.446622827829562
-0.606192992593629	0.452589376977498
1.48312833656811	1.96023325916029
0.58526617959765	0.441345531203585
-0.483179973425625	0.327769016767217
-0.639163497477752	0.581205441184232
-0.151072438925662	0.107967738860425
-0.124343639897291	0.0746853424263205
0.12672476404746	0.0606650817925425
0.63175882199912	4.14989573336106
0.71597562899381	3.85596550632396
0.760292434144268	3.60847366549603
0.693600962748462	2.16396947698576
0.804207396835069	2.54563750714494
0.550360583907636	1.61315687438048
0.448362050614234	0.872836336974042
0.406469609462702	0.845333249041597
0.0516555359902908	0.0688696939793486
0.595872259528288	1.3908699809282
0.154741840525855	0.194469137289015
0.396526179092648	0.696384179410724
0.528233610759561	0.965129769545599
0.809967109138955	1.12818202785657
0.537770201308573	0.421640694794672
1.63902909472463	1.53790056833663
0.768522171278034	0.605121616480631
-0.809185988820408	0.706870772654395
-0.174105251762903	0.10044149410906
0.449740793265576	0.304469487751762
0.413918606593206	0.313724438632088
-0.415861981910471	0.293607906857215
0.0321584990177145	0.0197142049098912
-0.178540052098596	0.124765371846383
-0.258191805276905	0.219933763739331
-0.311852260531879	0.288438369741154
-0.37802255370015	0.397645407327077
-0.284810088771768	0.239054751942029
0.0597221290027894	0.0400519203695623
0.287726373808129	0.19624734174112
0.254446350902886	0.21789133248892
0.302741639396209	0.181959414310835
0.891308179071883	0.771861208907275
0.641243636594589	0.453592589163234
1.21550270605391	1.18911980553743
0.378128485573229	0.309071871939333
-0.162923462106682	0.0938587334466186
0.155392739770332	0.105560237580465
0.311980688486013	0.299890380956884
0.0662916145794375	0.0463636046514893
0.231089457143028	0.222073474197641
-0.395124567358708	0.349353282925021
0.166993295868385	0.131840579546516
-0.241082258711293	0.186357654880896
-0.315863304460132	0.235277678893692
0.622467704527927	0.436998779579023
1.11011414526302	1.13086376983719
0.670632467309229	0.582473332761344
0.303691276493537	0.182400235690839
-0.419531311363977	0.240753746241055
-0.891912441554328	0.911970892772066
0.330840179076687	0.313158383488198
0.96980200791107	1.05577279309465
-0.0706419082001266	0.0452052735049124
-0.579271997328704	0.536430565444874
-0.358104465549912	0.29246471417344
-0.71668303792366	0.642170144266572
0.414225082867249	0.313841543663801
-0.6236927736243	0.302603267131734
-0.8098202076838	0.709632525781229
-0.113892918705605	0.0459105972451963
0.139743474920116	0.079704226166381
0.271312226732995	0.211196255438074
0.166572290947123	0.118372832160605
0.265597827751667	0.213986220547832
0.172136172130454	0.132123880802129
0.668316463122061	0.580814648296205
0.135616330056619	0.0715157945083218
0.669203698295707	0.312886079456326
1.43326595346983	0.890667406674398
-0.119685566782326	0.0481687091447422
0.92491946515322	0.620765320532742
-0.810150432537075	0.446867569420495
0.128561316346225	0.0615741826764182
-0.206449615803717	0.112423391992625
-1.85529295602573	1.70967156524695
-0.169727786996245	0.0979455744126709
0.692698222516309	0.453446495700836
-0.0495798765483037	0.0325107938425998
0.412660841639834	0.31224424636983
0.483409250823885	0.303918384421321
0.294241375961656	0.189745324118848
0.781026855381034	5.86624799655834
1.07107474636802	6.15220966225913
1.07322942563502	5.67205935590475
0.943724920714563	2.87503947357187
0.783838267170535	2.37013919961139
0.919505003935748	2.80732716018753
0.910350515142105	2.46184859343132
0.310658464115903	0.502957230699644
-0.00285107339218886	0.00345918678443503
0.770624279464631	1.96574670011916
0.454613242228962	0.756834595470244
-0.086144778582232	0.119986830798056
0.125036439665759	0.197318035804792
0.153917151494868	0.23892490272038
0.566904452650874	0.543443119131363
0.689428671361669	0.450954680208887
0.484085269757696	0.304745667043759
-0.539551348887912	0.206952502569875
0.671776653488698	0.313194194235946
0.132657743718891	0.0568244823322786
-0.625966193544888	0.304092312163021
1.43708163641992	0.89510606428613
0.0241189937239794	0.0138995545646716
-0.133983828000802	0.0536035243188697
-0.0784041853328557	0.0502420267193917
0.446721489933928	0.301414353063592
0.274445263749307	0.205464008545202
-0.0994187352035595	0.129983794688186
0.106111108278479	0.0954489915508406
0.510944744871298	0.44155807623277
1.07979383654217	0.81273237317597
0.684538565007703	0.445281212341009
0.769111812759281	0.457968288695939
0.768937836138856	0.605447978779627
1.06406959060774	0.650815518251999
0.478878596081172	0.300036585588798
2.33589871670775	1.17276480474714
0.130876868199433	0.0500409830206624
0.79803379266607	0.33575390202409
0.834269710910844	0.610300857516869
-0.459005563591226	0.361736930714929
0.318777131041559	0.315817500504276
0.662091124985766	0.9047285854893
0.63828476936351	1.02962338390931
0.644288263154441	0.836596004456448
-0.116555544743811	0.150665373040698
0.619439581735467	1.08671607078153
-0.268470730203712	0.20321826972809
0.347049059785798	0.383331324545463
0.903879028181882	1.62206960026636
0.130215039240348	0.134848239360013
-0.132084754020964	0.147595440330475
0.169448108538371	0.125424019859148
-0.0556857206133637	0.0267296203897237
-1.49635751175509	1.05714113680821
0.836683776170875	0.612848206868292
0.585730929358622	0.304858619306994
1.05910693566276	0.645789675572716
-0.976432901435878	0.607151397303204
-1.17993421312831	1.04424252385115
-0.326491111277252	0.151972062797545
-0.420051413066145	0.241376725624707
0.137798580447623	0.150413128030368
0.673976334457528	0.315562558766203
1.33470996920836	1.2223724988775
0.510875541395758	0.183928738190787
0.135241571366043	0.0457978406238609
-0.738055403900028	0.256318943131305
0.148123932113398	0.037298775193441
-0.241453949883888	0.0791674426738944
0.141058479807287	0.0803520759219636
0.807607287990435	0.339158117432249
1.07127119973883	0.802482225252184
0.0729054666878728	0.0528507115809401
-0.389149305329008	0.508806272664794
-0.0829043987341314	0.0708435073310108
-0.00798147854350312	0.00735144725286097
0.958389321372655	8.08320071467741
0.979313762428301	4.63612798315682
1.08186138654366	5.32786484567244
1.02550133842524	3.10136172432272
0.782689915431483	1.76920981301164
0.917335142821989	2.76033576768269
0.75268423510145	1.5031640174889
0.753086797300956	1.50466229454458
-0.0531178907302456	0.0644054999858102
0.804780170552274	2.09239633755007
0.242557289446886	0.328759495326501
0.494945333612665	1.00136962362374
0.299639242624382	0.490223816044346
0.0748127156900363	0.100232840784429
0.508075647691215	0.182571813788913
1.0683124931025	0.654397108616216
1.4410885772277	0.898444379742483
0.373698863825173	0.167750290071269
-0.115243154263125	0.0464459414859408
2.34113999779321	1.17846776749802
-0.53917516246793	0.207092528951807
-0.207356057007991	0.112970560841441
-0.0269105179402709	0.013773761789298
-0.315455390704234	0.449638943546924
1.21262237634486	1.01172388698612
3.9269871417736	1.72604412293863
0.1393097200573	0.0414857340564309
0.136181721877305	0.0518856090147792
2.10824072627545	1.46700212539111
-0.639416312929349	0.58143961889166
-0.740253139455357	0.82663947248991
-0.123673052565684	0.102207218868494
0.250681569839133	0.220310914545695
-0.203708365985473	0.226448923249626
-0.0304964422534483	0.0275462192185148
-0.068129638260017	0.0435372836089777
0.339664433444396	0.170072113400295
0.809574821393993	0.341052482546636
0.489898339807423	0.571966018206255
0.128259655703091	0.128522656470648
0.231967062267109	0.233137803384156
1.22152920299019	0.839749903979773
1.2550848070177	0.693178123428776
1.60033588297308	1.11748095714443
0.769250328651083	0.458163362107987
1.55938679196028	0.776395777340408
-0.701275350275492	0.500756831411195
0.130744221929315	0.0626632101184184
0.942758618242929	0.929826980968413
0.535562309678395	0.814165717437334
0.672608216305367	0.314753007141653
0.135571700409456	0.0404808758649131
0.933710809861868	0.244826616527384
0.14103192177006	0.0419706320314239
0.650991162239829	0.206772040177897
1.4406577565604	0.479253975897627
1.01938669987078	0.386305411802006
1.04769431158737	0.50900657345443
0.576938232713345	0.555538159004378
-0.540269549184839	0.658452696308844
1.08103265948712	1.55793005139605
0.709443020687977	0.87255786947098
0.63248188781837	0.570966459985187
0.567960561922528	0.544844520670956
1.02186880633071	8.80177193138508
0.758804974661219	2.71732358924306
1.00873845512338	3.71415413824608
0.326916719747862	0.495461440309772
0.535395012182989	0.814315348974962
-0.4194207760868	0.651956773782245
0.174879078627669	0.19385597858728
-0.684587977357466	1.07662199299458
0.0546205709234374	0.0627575642852977
-0.0578645855820697	0.0655951025441555
0.128776484307263	0.138968148346303
0.240459460412664	0.457370343525135
2.10347172977382	1.46578530302154
0.299040144828797	0.179236929199636
1.43942942011696	0.897201953689346
-0.264345626631133	0.134482207269924
-0.409705883100921	0.172925054713072
0.379547084910852	0.170381986198927
-0.148696320444761	0.202401225055323
0.665961191700831	0.311172226911801
0.128629618148228	0.0436530854985291
0.49217270327828	0.591884726677241
-0.523816973197167	0.565106174061759
0.594242583106858	0.91782782223434
-0.573178754670484	0.767588535347294
-0.356569633693963	0.603810684805882
-0.0102573504911428	0.0102734746863758
-0.240847396290426	0.208515832514506
0.47837414758171	0.300556240729305
0.316627729092332	0.174914554315325
1.31439790772862	0.577085966346076
0.335853488924423	0.168089705119674
0.69842911080672	1.10110368574153
-0.228587100185287	0.290385361313437
-0.679923934485943	1.09520827813296
0.454665241757888	0.308487586874651
-2.30917988506394	1.18068042559913
-0.810757911243579	0.541650114778171
0.315940286570621	0.174228225127836
1.03978331576876	0.502969125845704
0.798599288615639	0.335667569176938
0.807174604124676	0.339947339299481
0.462745343392241	0.640512912813693
0.653242855413462	0.207522075223881
0.12385018137907	0.0420427558153306
0.874448084264516	0.468577489487516
0.932444120238111	0.244842742206832
0.8015591888658	0.337184142757606
0.338201200670713	0.168967856973175
1.25614341202314	0.692818894948525
2.22656858687298	2.45656875558283
0.485010093332491	0.305569495178217
-0.017136890634532	0.016990438464043
0.854949631725217	1.2393889511827
0.868848078271494	1.5084206796567
0.154445857289122	0.113298620370311
0.5020070114482	4.90710607471492
0.743991322599477	5.51743965427787
0.772253837255164	4.93251525738025
-0.149687946525732	0.292229071598422
0.454855791897834	1.33135213437091
-0.176311734699341	0.390556893603983
-0.279116070579283	0.639374445745356
-0.13484011920537	0.251880793554661
-0.202168410376089	0.388431669102931
-0.127485310973634	0.214577360259019
-0.0021483105012316	0.00110790504351082
0.257572243762141	0.221012394074818
0.626529060656176	0.659806280116992
0.770395236331965	0.825022398308502
0.734255250128007	0.718317014744879
0.181415667383472	0.152984678506611
0.383715970124948	0.394560765972975
-0.628608946313148	0.710180764658288
-0.052215924998476	0.0411132722872181
-0.621720745642148	0.664867672705991
0.278620112192401	0.200107603122772
0.157158437669286	0.115518265067616
1.21339912799061	1.58457720727226
0.627572381042565	0.662707018201731
1.35862469636511	1.96885134469859
-0.211889917324462	0.115735653958067
-0.763950971181357	1.09440361506685
-0.491327027489065	0.424016760036285
-1.05421054402963	1.21031770520015
-0.561663104399027	0.478482753799163
-0.0543776611799779	0.0261178424935564
0.556019861347166	0.442647339569565
0.487495053882699	0.306823407515496
1.03217728909625	1.09287056768634
1.2197269275103	1.4735185796445
-0.600692687752308	0.44678368716121
-0.0803078486955595	0.051476854938923
0.16376448553634	1.07798082045339
0.209014650023504	1.19031772129491
0.143433718009634	0.528267335387698
-0.0552232864677715	0.115763707063138
-0.13990766373263	0.317564414900943
-0.320837306969019	1.11594554656546
-0.667549831670006	3.01816977119984
-0.241912949491407	0.6483801382689
-0.557677171821763	2.43687602219834
0.630184509275992	0.808880349886987
0.0963626034787528	0.0826942964504792
0.112162335673193	0.103292611419058
0.619425770759251	0.734608232770459
0.73079791862836	0.713153717015169
0.163774149145832	0.116418790909048
-0.547412138741933	0.694963333243937
0.541757067665786	0.620679483151784
0.691982495272657	0.452314917555343
0.366591295547735	0.310407395434736
2.11092693443482	2.14879344422688
1.00383808663831	1.28809038163175
0.55218447838747	0.617267446226069
0.696135822985541	0.455669213985744
0.429138140572359	0.17277091636147
1.25189292169615	0.689841585471618
0.883137809350639	0.474935980065852
-0.289977376100185	0.185243411291589
-0.223833144324896	0.196901252822792
-0.589503970127388	0.547146976442831
0.774016658227712	0.83150689783475
0.541512515535996	0.532734456534561
0.782674995959331	0.741067044285587
0.321691741278101	0.302858046932263
0.816566635713803	0.955774112918264
2.54348371020226	1.41484929621302
0.132433406062052	0.0448790682365348
-0.668287122265846	0.400711618245175
0.0238037068753321	0.0909890439400155
0.166015739634156	0.895256863682826
-0.122005753239862	0.344871002676034
0.0283250032152107	0.0546360695935648
0.00870216411089158	0.0176251201562644
-0.187692083048305	0.420086137129947
0.0488708844369935	0.0847443547119421
-0.0908711412984247	0.172259443419113
-0.117143892992929	0.210625155325328
-0.150308031429201	0.239804199185302
-0.0800405191750429	0.11620037470726
0.514733078303151	0.783957520501237
-0.369722194319962	0.542559549952385
-0.336487342765135	0.475356651804512
0.0100140720468932	0.00846071277957423
-0.11313907972868	0.128200356453723
-0.100494832677124	0.128017248493106
-0.0445278060711452	0.0534825540680361
0.749183660456727	0.913555825814133
0.254047409953641	0.216820406536568
0.251336888407642	0.200702314328025
0.477008392689768	0.515286864205375
0.0530285876242053	0.0341302161425406
-0.571076099230206	0.368086470013306
0.88091417798754	0.472257237880665
0.122323457038	0.0468068087606287
0.263075369364745	0.211419347963309
0.140661151331937	0.0740764592056269
1.02060878637423	0.387301323550052
0.931166434102395	0.244280970808413
0.430233238224466	0.173265323266744
0.170699569034562	0.130664605454447
0.775718577987412	0.925415428482316
1.04517403486869	1.20871193102399
0.282313835515772	0.202684209404309
1.01848780387876	0.385379695632112
0.141310288066133	0.0356680886068526
-1.0424602576406	0.419767093556931
0.0399441448209185	0.173620248539593
-0.0853653729384128	0.333979734583488
-0.0468955259821924	0.118546541787072
-0.0858962667548432	0.246501709876214
0.259598898328156	0.761486081796428
0.0170720156437503	0.0317724424157786
-0.250601621168284	0.665954139278947
-0.0820456887832123	0.172347724271915
0.0639610855610411	0.0905844573884147
0.0926460000736417	0.140777478423724
0.0101536489674347	0.0118065356886531
0.352187964115399	0.576911461896997
0.545072534544622	0.887849371638285
-0.245085376949255	0.281262258314314
-0.213216769641563	0.261016309867075
-0.0999550903850401	0.123178641607178
-0.384819154580997	0.631897570965862
-0.0200139598743131	0.0220549631643153
0.0345655701990613	0.0408150328425906
-0.302521527341281	0.470754733308177
-0.172250830314777	0.24151804843674
0.293711319365896	0.378896874378861
0.0508747655444361	0.0439291290398641
0.181335228609126	0.199151410690303
-0.0358266075966311	0.0284640925385313
0.529374289489809	0.440527697332726
0.443928886673252	0.299087391029723
0.407527203759369	0.307971926172067
0.429138140572359	0.17277091636147
0.292843723720049	0.188733259007699
0.133260765268866	0.070124837849219
-0.353645286201633	0.256319467845354
-0.528059568217398	0.571297286351149
0.457528605976084	0.419078917543376
2.09276253598417	0.936728533565338
0.141686950510094	0.0421288595298015
-0.695377162753577	0.495353012521068
0.806045844413056	0.339866638922853
0.0560378756906907	0.227789608581687
-0.0566686806665656	0.172925693983842
-0.0449443166571787	0.110950053321097
0.0343759382563009	0.0663085252924295
0.215231145593942	0.527134889911585
-0.125251631521526	0.239086769350702
-0.295841087307648	0.667851674137635
-0.37146302696098	0.760358639863363
0.426239378013022	0.783986594839725
0.124844935403721	0.165992515541304
-0.0352477432650853	0.0370876738475407
-0.102124149137867	0.0867590536587654
-0.118607554078995	0.120078288126754
0.398009157385496	0.563300462584537
-0.204976811922513	0.237656351568652
-0.142588046964932	0.15897968443489
-0.105238933356972	0.105305754261405
0.151745285818892	0.179235202326673
-0.249228431320385	0.338321241430974
0.230617399084285	0.226690650036391
-0.0192005433869268	0.0131436788766879
0.308798669741757	0.303983782562926
0.768818233149246	0.458229003357409
0.139614750556349	0.0471639150817238
1.55182416107039	0.771525517645505
0.150481785037224	0.0377820806483386
1.01921235268527	0.386192849735264
-0.120885092887087	0.0486309071801816
0.0231260249355462	0.0133085773047384
0.519005451452321	0.298104497360931
0.529139050238398	0.305036430403964
1.25293242809067	0.690747702125752
-0.239975824588399	0.0786192096818251
0.802847723592207	0.338179963633335
0.115755030099751	0.5794159372461
-0.113222543901703	0.501978477016168
-0.212158842785682	0.655891887284989
-0.236172598471931	0.693169160934167
-0.0632391163577724	0.118742437967364
-0.2000025330814	0.448688919432067
-0.18287229535046	0.326320986065556
0.0708367735750001	0.0980959013460526
0.491781845140705	0.917749972247019
-0.174621825345451	0.195230812334778
0.265195134848378	0.349657889958262
-0.105899390394442	0.120267547887236
0.230041602308417	0.305844728944742
0.718258671386309	0.963271995330146
0.379428699148564	0.409004068837549
-0.258702074637427	0.220255909176262
0.466404847892145	0.500795363465061
0.54616787075177	0.538995328314262
0.332812369040185	0.166215126705523
-1.47649891676567	1.34306143407134
0.428884876273104	0.172685936510533
2.09185664329429	0.936292324337415
0.880126613105416	0.471877983511033
1.45159893577271	1.44521881732321
0.513219052715781	0.184783577478651
0.132323532241134	0.0448554349010625
2.35170565597963	1.17672084918329
0.941739701939198	0.634399138549859
0.0143495682875945	0.0557450973081947
-0.0295546772394841	0.092718913891219
0.0551475691530741	0.147217875078705
-0.155511617495373	0.445666207671841
0.015861431389684	0.0319069489809203
0.061851362760112	0.112774612639902
-0.120094145327733	0.222447634518419
0.0670515700266869	0.0827847731847707
-0.277970491691036	0.485506693944787
0.261380047199759	0.396250589782938
-0.199119888854504	0.310113348124893
-0.184533437805501	0.30061924671959
0.168835780542179	0.162222016457642
0.245703756056088	0.221642227337085
-0.0759044711370504	0.0729238204513661
0.171811716895254	0.165619757567157
-0.148816160116662	0.122116173634246
0.599247522134758	0.724427562513291
0.14056324168495	0.0802533083832341
0.898444682312395	0.780411353889235
0.323894485671888	0.179095745450779
0.806886142301205	0.340161855421042
0.514659313486759	0.185330599053687
1.80556115744	0.709204238553249
-0.969633864583342	0.601672883220394
-0.0980707049341952	0.0609224511424266
0.475499686063902	0.298239734309188
0.00230192813116536	0.00784348818550708
0.189494776833932	0.937318405391659
-0.0152972203548291	0.0351833031871905
-0.0248584207555767	0.0523663302762513
-0.138553579729871	0.280064332736098
-0.0191023604647846	0.0298353934337646
0.0583462363248561	0.0906416923197624
0.283655215589347	0.419505602992383
-0.212092888793672	0.30736685873954
-0.152358727306347	0.206141457082033
-0.0363398857152363	0.0397591730347574
-0.256549242181493	0.397436476073276
0.146704937505374	0.218267012017416
0.546382589494992	0.627055320559918
1.47828098321033	2.33160049059382
0.891990466871011	1.28021304266295
-0.0903090862883796	0.0680143923913029
0.0378067706344759	0.0303944034973573
0.808310053657241	0.942461760486372
0.589046859774301	0.545940492817796
0.02455343643585	0.0191677972446186
1.34356566341917	1.9286105114243
0.584248770046482	0.438665945582221
-0.485144877872425	0.329580402908161
-0.36689485213266	0.224566926026795
1.310612918568	0.574810701056327
1.31497186902393	0.578443560062359
2.10728907694066	0.942398481241156
0.797760073917963	0.335118634855849
0.802584969004989	0.337412275736925
0.767879057700105	0.457485895075987
1.0473932362929	0.508125929471314
0.31746701683622	0.175460816325038
0.109841543218173	0.585776818253749
0.0471341403677294	0.168780608311568
-0.126239567498887	0.425700359741841
-0.140175177765695	0.373299697137508
-0.00686116485248233	0.0131820552580518
-0.0703746122391161	0.13636010265578
0.0838041730909747	0.104453383832857
-0.155782094107778	0.229967628406695
0.0499542201368777	0.068399650873198
-0.0972809820784397	0.143723111898409
0.0881239847680254	0.15125207757801
-0.0278224579590044	0.0372016245823551
0.224145711251296	0.393354717466816
0.00699746412418893	0.0100593211397621
0.232758982880454	0.238578255599194
1.35977828786295	1.97011502734375
0.384226937517528	0.405280258788822
-0.217849374709851	0.190901942386419
-0.0531502709068541	0.0347931337045673
-0.340956871722607	0.311864871962613
0.171993395182134	0.144159219828275
0.0482125622581308	0.038932201656199
-0.0236101306652735	0.0192474932548471
0.656396298216043	0.676950232265452
0.426185744543198	0.306205872883833
0.891868173471021	0.772741987294538
0.552585825079413	0.438879143332905
1.60712664376867	1.12037361666888
0.31510678854244	0.173743896414847
0.805356636757215	0.338552769608185
1.05315319181955	0.640242320921769
0.124546912242346	0.0534679649547981
0.772895998877012	0.460718097460717
0.045905748937751	0.199538957785278
-0.0357749697565203	0.129326126930567
-0.0422564520691097	0.111639456983134
-0.168432966443972	0.54609216541685
0.0566077186389343	0.130692101383713
0.201089082302279	0.339920875759086
-0.225655159789366	0.44264018469562
-0.120864022452145	0.234224211728163
0.125197454517524	0.244217090195046
0.177319012457878	0.157138681180777
0.291862222066147	0.297905799611126
0.129706266522662	0.132289215363459
0.0712501905623519	0.0498821891953412
0.169393523268654	0.14193362369197
0.0949677489220054	0.0777921510223311
-0.346789114055889	0.342714594023987
-0.279353836057824	0.259692114710202
-0.231926985891833	0.178170667660882
0.0841321151411753	0.0667666986541518
0.246710557525774	0.228253420539843
0.528328438853882	0.304422442030384
-0.439328188839126	0.252612825349575
0.684486046708031	0.446179738104794
0.879618026814195	0.472288549075475
0.933042449004632	0.917246038607886
-0.0281988943848184	0.0144209040069324
0.00109021864089293	0.00398850451762343
-0.0530652684202183	0.186161051853272
-0.102116377446041	0.324514235132682
-0.118419729024495	0.353484177788529
-0.0517664477019545	0.118641719597568
-0.0697581937325997	0.15446161918921
-0.0738380261566511	0.154456019077383
0.10251761171454	0.17349465935
-0.200744878439365	0.429932181075148
0.291838958770652	0.78656868493879
0.205250236289702	0.48455406646873
-0.00495218630239998	0.00757858662481308
-0.279792480006815	0.723570172532667
0.106169726279631	0.207934641072116
-0.119187414180618	0.225802031434422
-0.048138755866219	0.0846370938182556
0.764112214510862	1.1437700919826
0.224075979992877	0.245851746492773
-0.133941122440445	0.111298214484865
0.101059709206047	0.0830896616535855
0.0340851510800898	0.0273311703731323
0.679706989259737	0.998299731484578
-0.450517302868217	0.490950316387829
0.740829081702287	0.899948415210834
0.774449381924048	0.831900221135431
0.667661431408368	0.763080865100979
-0.0117338989301094	0.00959020772178014
0.551240804296081	0.616479318512014
1.22072900812747	1.0243542367407
0.706373009528135	0.584172535155638
0.780533899985168	0.739312829850798
0.0547054404962684	0.230246841826255
-0.0666879408271995	0.254627047410348
-0.148537829626184	0.51204298257973
-0.0269419343741012	0.0639916154840541
0.0819425506950922	0.150284756383631
0.250129482697859	0.545184917829757
0.0514712759466342	0.0908972499913529
-0.0675955161643643	0.12662161633545
0.069810889072471	0.126775888098082
0.0153642575757192	0.0226057893788316
-0.129615459738628	0.260911213255602
-0.0732964692567594	0.131583346561372
-0.148970662493171	0.274784070005694
-0.0385398342238206	0.0624507153868301
0.490440277673746	0.518452178190967
0.354865230801056	0.32027233531783
-0.000245010955837728	0.000145399206466802
-0.298583887885654	0.19179731810496
0.0631734748557149	0.040631406943723
-0.289961111322239	0.244355685550807
-0.461385817182165	0.364312368541619
0.0407044446609579	0.0249080899255413
0.668994476234867	0.580658209531912
-0.233959736976852	0.179739299067708
0.774393805557543	0.730772624909242
0.0712075819141543	0.34956457817319
-0.0226256869047283	0.0807156512720411
-0.0583526204607903	0.186663651602992
0.194745239961892	0.579645464283088
-0.167122592215481	0.431405342442163
-0.184471559338417	0.508205522489661
0.152172672231603	0.401415708601487
0.142216364278038	0.367981470553247
-0.132836952211371	0.297667621699041
-0.0753054084884306	0.160733431258521
0.0607426042409457	0.120582520315974
-0.0432736005572962	0.080166418745536
0.0575425703807072	0.103540036605638
0.441730782554924	0.415723843078156
0.528473035483169	0.438256094525293
0.147002557206517	0.0895322839006665
-0.0243812693546949	0.0163568876438928
0.963577046352924	1.26302768652223
0.708861060963359	0.587323587181266
-0.220815775050847	0.151250088145294
0.50001020302395	0.4306785045935
0.049580073292442	0.0318543513539186
0.70936249491594	0.799523589128377
-0.234616463307171	0.180749531994451
0.391684417926651	0.307960417598474
0.259771947503554	0.21609305907214
0.0804877323864858	0.413687348592654
-0.0228128861866853	0.0834979727537198
0.0882222052254053	0.320332784510995
0.114387587611742	0.325091962577518
0.122347770090589	0.343552221416323
-0.0756945141385002	0.186834394843008
0.0170585269276757	0.0375474057161073
0.0597984697460905	0.137273308028238
0.0275038273635701	0.0590002114493
0.100672014575021	0.219210201612233
0.138226379554259	0.324066743874732
0.256098969231376	0.711223174963778
-0.0735396999932263	0.140556397108885
0.102546153827649	0.188527876579503
0.808935353018482	1.12414034995538
1.07719154416205	0.81280215365819
0.169763967848524	0.125683939157023
0.775584027836747	0.733256388941185
0.142111611188773	0.0812465718862454
0.834945336531989	0.612128714904014
0.62708560078992	0.563683754703847
1.12121530881832	1.14465539735504
0.561611040755206	0.447329579994411
1.21198296479179	1.58367974162515
0.411307726051438	0.310932198443407
0.172896647253673	0.152792824003067
0.0403665353215914	0.179612707706358
0.0638951479414312	0.270351685214191
0.0499079656263423	0.137667879266182
0.172746628095526	0.598089361773307
0.123026619893742	0.371075322148786
0.147556766516217	0.416300871454098
0.11820304680832	0.311493513904887
0.037799845146848	0.0759558806435564
-0.212116457678308	0.610287407362721
0.0706669784870707	0.146654633961227
0.689539667097498	0.45049687138408
0.584004542138487	0.43993506110815
-0.409415975884161	0.288087687092727
-0.324550046423997	0.150926811049504
-0.26307155450646	0.133790623855337
0.448050259498414	0.301989523310573
0.13027603110456	0.0685083696324767
-0.407301203752783	0.327796657758635
0.140961574391087	0.0742985917704778
0.461701970437448	0.424073391080976
0.0628438159590329	0.30438439891066
0.0568316654503341	0.240182686572608
0.35413241324543	1.78204021958617
0.178751329680146	0.56265803064799
-0.0571186133175714	0.137997768516774
-0.196069781331784	0.537090867358646
-0.152070717433376	0.393186088227086
0.103337785305379	0.225842699278322
0.295941256140328	0.750134993408624
-0.0556537214009795	0.0845071732516641
1.06048420605397	0.648388264357816
-0.785658995472806	0.346832194339898
-0.0519111298835311	0.0249772380023043
-0.313950351368842	0.23325582924136
0.128153335456218	0.0612270378604691
0.456121577640786	0.431635440652616
0.672442268245759	0.586267047798552
0.0677646538556959	0.349092860425189
0.100424368897068	0.491487523369599
0.192812787150108	0.998048726297762
-0.00271829167173179	0.00765056432196365
0.172222313597951	0.720791501978225
0.00834550450992799	0.021340117339012
0.00375024909344565	0.00879140404662367
-0.172908205948121	0.557375794692303
-0.0898182766973193	0.209251973704488
0.0430829389101382	0.0948598643293954
-0.0365176423467941	0.0732601277775234
0.278926709267529	0.684578199410653
-0.0121460312871221	0.019370020374803
0.0130620099817412	0.0195865617585652
0.348208883477581	0.58191863538716
0.510303034449659	0.183694667904733
0.878600540442999	0.471543293851663
0.971932920692796	0.79113031656176
0.272904330840619	0.194834338174684
0.146233949008581	0.089238227142031
0.930266336669679	0.626195766056017
0.769111812759281	0.457968288695939
0.631531288463724	0.445651515667381
0.543375052699534	0.605120946451167
0.43420209208418	0.312996369849143
0.373608744906111	0.304801547047506
0.0990034809229527	0.574974003083097
0.0612512986202818	0.267455536319726
0.0358414677989981	0.122481378480592
0.0769021836835717	0.261849413746959
0.153996809884132	0.598459360803503
-0.126762418587459	0.393400969324078
0.0433366816440715	0.108567132130626
-0.0198632554163752	0.0409536759538091
0.0159426821514868	0.034654364495906
-0.058201306529615	0.094405060099762
-0.013047668152172	0.0119356037830669
1.04976960164901	1.22037432394857
1.02549223592864	0.388513835126415
0.667854770791901	0.311556614928678
1.37908318421571	1.06337252219403
-0.746627855127621	0.258904963258
2.09903484483183	0.941607866167158
0.797194402815309	0.335204194265314
-0.620550042590049	0.300030236837025
0.58900733430932	0.306874433052877
0.132367614636866	0.0634460402588909
1.75535669828519	0.982583476919122
0.368089159288004	0.165084917541878
-0.534681401761577	0.204992678078054
0.129816865868205	0.0557669238399026
0.375758339236379	0.307264908297356
0.730154491533127	0.712656364890766
0.0994000934922862	0.557406808681637
0.0890911703669201	0.429447110684093
-0.0394341860585055	0.130876559652359
0.0111867345589272	0.0314099807090893
0.055008387132021	0.149065813130623
-0.366902509865758	1.81524176558328
-0.0299808322822173	0.0671809189467424
-0.0332037606774718	0.0501561670188841
0.431452745781072	0.718421924317213
0.449825993606814	0.637832373598969
0.827573552913634	0.602955314309314
0.653790201953018	0.20742302218683
1.80610961993801	0.709606900893752
1.02549223592864	0.388513835126415
0.657317991610069	0.208214523737298
0.512922403195653	0.184486383498599
1.436097211687	0.477124097113075
-0.232247150318379	0.076049180021852
0.145828384011954	0.0367587486446884
0.36696823547211	0.164462604899656
-0.332886534729303	0.155232224225155
0.532475184270531	0.30697362399577
2.54265145020253	1.41421387133784
3.62466075691912	1.43256044684919
1.04557188016202	0.50751321134606
1.02226842375779	0.387145037531902
0.3812761809616	0.312937740450333
0.120721407714864	0.744505205235328
0.0953940062903408	0.448560841050342
0.06281084632682	0.224554899978628
-0.0758986348850219	0.23677317086941
-0.0462932201253706	0.125753427182914
0.0451018249936115	0.1084093944041
0.198140969024886	0.255962553644101
0.311284933215092	0.413485215154385
0.0944762369357357	0.0754337944694032
0.113560999867533	0.0963202797963307
0.271503524349515	0.193924415308532
1.09057693845113	1.5807000016292
0.333380526756945	0.296871161529213
0.984700653148855	1.16661681872484
-0.263891522182683	0.134239415908934
1.25240222692253	0.689086956927602
0.144569280114635	0.042929282273931
0.425706706311112	0.171161852825946
0.657867026628534	0.208713496770991
0.881286403279908	0.474171043642113
1.31032217925647	0.575449353150941
0.670205643389993	0.313394528867609
0.134672383551299	0.0401871605730982
1.95171138354589	1.22185894907765
-0.208646307161997	0.113850016904515
1.55234099320278	0.77224776836491
1.00720745900766	0.949877969199034
0.803676101253231	0.338560822354516
2.25439592728746	1.73718103934422
1.31410625822521	0.57783656828618
0.650086353252472	0.206202657488722
0.880778265284383	0.473618441757393
1.94086885736358	1.21331274168824
0.777617183377645	0.734442687507808
0.486952280654278	0.307128345124323
0.279385850372029	0.200557051190576
0.023584855240245	0.0975019087192161
0.00715136013989443	0.0247410165690127
0.0402865130311755	0.124619724756697
-0.0514847628412431	0.106314847255225
-0.0837638398646924	0.17082866713184
-0.212248503679104	0.474321103974542
0.328155753431869	0.528412600502063
0.390034617868537	0.531534810914034
0.184828933337601	0.196944414805722
0.0207789436796546	0.0194294134991322
-0.540239760429557	0.658603575422824
-0.141616107763558	0.11826282798351
0.244093760908584	0.231367702520761
0.70039790537213	0.955499165607172
1.56770989258712	1.69823651824806
0.297055851156959	0.178172130380708
-0.535242446496844	0.205125269108407
0.633555306210581	0.447990247732638
-0.171203966457287	0.0623441479261125
2.33589871670775	1.17276480474714
1.31324002887349	0.576609113923133
1.31118731400187	0.576162678907346
1.43708163641992	0.89510606428613
-1.69772955246843	0.976042540421656
1.05086472132527	0.51029188793242
1.75820462263944	0.984418984544387
1.86490189618458	2.05845724201489
0.510875541395758	0.183928738190787
1.04536696090478	0.507463819772555
0.805769324127157	0.339679478238357
0.80254307274593	0.337440554502806
1.51450121087572	1.82281791266858
0.300143401372183	0.180306832585269
0.0440907282893114	0.202141954583176
0.00876861418263927	0.0295366841170496
-0.0160961093486117	0.0477871550291863
-0.00182579573891413	0.00448137129099659
-0.0023824285192481	0.00447530970135947
-0.113315351681464	0.242541312971413
-0.0406419010269449	0.0555189639245536
0.150244595028996	0.203007431069237
-0.518033079107426	0.828090142586266
0.340856402743263	0.558564129706228
0.268752253154753	0.320702285161765
-0.0772737182513182	0.0734676581616433
-0.343752785807478	0.429782427442226
0.360550748104076	0.393114948592829
0.430618207978833	0.632665269206203
0.224118929367433	0.237363423973398
0.436242761672363	0.42319236855511
0.340519947871816	0.305109175039343
0.155220823798298	0.100454927500259
0.282483228897913	0.192834328272501
0.930225856401659	0.625398703251768
0.888129004127447	0.764370398794987
-1.62379222444167	1.25944346673499
0.143839608192898	0.0821222449020343
0.371845336738013	0.167081892675487
-0.0535355743675058	0.0257109021875868
1.34146807144907	1.23193317787811
-0.520990916454277	0.399778818065401
0.680020830372972	0.592958159859547
0.76877505810755	0.604086886017677
0.274057572959492	0.214116586076717
0.115088352420291	0.104323015621843
0.391209272007006	0.308101448071823
1.76034694881533	0.987694641338307
1.25214778019186	0.690181006466159
0.771810320194779	0.460174955530068
2.00800197481052	1.89263330521004
0.464535343036787	0.426670286622331
0.0432490052814663	0.0278150524262777
0.495863381410357	0.583257697613164
0.251379636124516	0.227146019729761
0.390825030029975	0.321524901957392
1.0503161497313	0.509082969064319
0.689539667097498	0.45049687138408
0.00146872138042378	0.00548599308836807
0.0259638581860812	0.0954235491187032
0.0470239809795501	0.141812520034364
0.0892158739100138	0.254545244226265
0.0966826310112854	0.23912097910499
0.0703300535298723	0.162493794225511
0.0183984181061091	0.0346921028625452
0.00848880695189647	0.0136727704852103
-0.261586435134396	0.495901062634738
-0.513427936540892	1.17415822181641
-0.450588180221024	0.773332090975416
0.267274922750148	0.419193219817135
0.566513744831839	1.04638254132624
-0.197872683788955	0.219444741651499
0.21408655606531	0.262871374440843
0.617517909613089	0.95215011767689
-0.0832758152707571	0.0796493579605552
0.177042764695159	0.190641115516696
0.287923423267902	0.313035070252803
0.21898000761874	0.230610533364115
0.599583405842776	0.64690678943463
-0.230122949894324	0.176561188596852
0.636059624726418	0.450023758263622
-1.33715034349424	0.839561094184628
0.0224826285096575	0.0129829586398996
0.827718512093653	0.75002379242779
-0.482102979181881	0.327207192994924
0.693205185952552	0.453130232822704
0.426763417978963	0.171717622830452
0.37290675093707	0.167394912335294
-0.706181999751167	0.568382444284201
-0.706200787319444	0.571560569874471
0.158940404980032	0.108057591919568
0.0527237968821273	0.0338693081930843
0.735344968187039	0.966399123296066
0.668642713429998	0.582036124877129
0.379248178947229	0.310850746755238
1.08146654994019	0.816574200762526
0.133106834633412	0.0571283349527231
0.144944337072484	0.0828522372771248
0.589847206434842	0.442889426424258
0.599943506887667	0.559200269842228
0.597423945881881	0.557112389609832
0.631287693704387	0.570620988786286
0.0259673166709409	0.110015008620037
-0.00000490684242226702	0.0000119615825732675
-0.0541291394112419	0.167203433547179
-0.264540204404671	1.01568484949301
-0.0431047078657483	0.0984433171274664
-0.355839079573646	1.40179880673223
-0.117747797488595	0.238162624804833
-0.0258905499221369	0.0422022048406957
-0.0311961851013272	0.040139613877244
-0.0753101929979557	0.0979611711977991
-0.948971130864974	2.78573356032438
0.892974406993687	2.41600087446349
0.404739245126329	0.626592019174787
-0.134317217040507	0.150441404547076
-0.114458760804097	0.113775994414224
-0.143888882338875	0.165753292826111
0.75172492962911	1.77031583965725
0.658828901175502	0.679143000894555
0.316898451636374	0.297264223960637
-0.25332152900967	0.214612460966086
0.472366119324985	0.29499150668322
1.75358844204725	2.16748331551904
-0.016980090049248	0.0116424379655719
0.886755174771981	0.907262114303478
-0.28914865150189	0.243518308816181
-0.291192402821143	0.185974692590429
-0.566065200509358	0.363441922461679
2.62557205124946	2.6594245019022
0.145776810871989	0.0889383345784976
-0.0485261414524214	0.0233321410190908
-0.270613104191386	0.23228087792704
0.532268764567168	0.539881210756217
-0.485340318594289	0.61868674947078
0.175312310213037	0.14738164551717
0.665626319960271	0.578257664556771
0.285717360726601	0.19511572882333
0.394585221782053	0.310674863265617
0.698194434088889	0.456954321663141
1.21088718110816	1.01142708364729
0.513922620795209	0.293712552423996
0.480488373417667	0.302387224855508
0.48779387981728	0.307702911245233
0.451024986782315	0.305509440226376
-0.295387487657166	0.189402370552519
0.128119709905925	0.0549646122828988
0.32178056744061	0.177983369632597
0.969889080248031	1.06068844701932
0.671152037558499	0.769040820145364
0.539222262030527	0.548366301598556
1.01237713973711	0.956792657478943
0.0595039916210126	0.222887236073891
-0.0759246430800603	0.327897979696717
-0.0405731506417276	0.124546043563807
-0.136901005001474	0.408898126479161
-0.00655725996006801	0.0141487518628595
-0.346039919709287	1.24359593999193
-0.640302378863501	2.40223905211421
0.203825782783238	0.356388709799908
0.0843946142014124	0.110402223091065
0.0909563313769349	0.108658430432026
-0.100442731412041	0.123933354767783
-0.229089484652663	0.277322709695541
0.656800384362104	1.12308221633636
0.490628252321854	0.639945854803275
0.18914406506147	0.184248032754931
0.472285315420291	0.701600159762023
-0.0139087029601843	0.0145060378712618
1.08103526070647	1.55910532984299
-0.0849603010335024	0.063807381504013
0.408287306381265	0.3077812978225
0.300935544026785	0.309579870608011
0.419757260245039	0.299978357228465
1.00466408375341	0.94753315667682
-0.253095246544728	0.16827137135378
0.287171054331756	0.184656911311731
-0.421251670083349	0.241931417385535
0.761477603020794	0.59656584520797
-1.6238253701095	1.26124871604959
2.3420057408371	1.17899400091788
-0.117877731994865	0.0474656693086417
-0.358287013363012	0.218970145080001
0.282503935817188	0.20331991651031
-0.370155637369035	0.304081976367377
-0.869509314025516	1.07250884762975
-0.0702647614787871	0.0594190926573444
-0.596937149121638	0.593721673386913
0.686543845686121	0.448646658280833
0.340084809113917	0.169930804758096
0.580178572622708	0.300879618870074
1.44017683745973	0.479001218015642
0.373983586021531	0.167785985264007
-1.66694851432202	1.74317081070737
0.316429403972312	0.174360238620499
0.460888316573739	0.312804092912631
1.7478294181817	1.35844613396543
0.122633866090492	0.0586298219711271
0.683193740479115	0.444082102386846
-0.747055356811924	0.259655588067032
0.800994500180805	0.337272485795403
1.21792702272826	1.02039096606794
0.653009159134202	0.669012040721344
2.73043769869601	2.98699676185526
0.0627489243205032	0.304298382272806
-0.123508920666762	0.625836932780635
0.037207379366892	0.105870281545131
-0.151329681211439	0.532692439390932
-0.388484004304029	1.77402822286423
-0.104876058260964	0.211214146396612
0.196129506330533	0.433557369117442
-0.0760644743742624	0.115177231084549
0.116964412327685	0.159753645334144
-0.126920575693324	0.191443937081711
-0.16915775179221	0.22312375988221
-0.31774404142009	0.463194722485041
0.149379471196121	0.181822099914418
-0.172510709473132	0.179609265866624
0.255823236081691	0.360917639344284
0.192908634165808	0.283546598323708
0.351415205085984	0.397281827938839
0.64947977774663	0.903731774267523
-0.0228578821593363	0.0155870968326887
0.321190312299763	0.310805516777848
0.329413044983334	0.374343120174573
0.514607696007176	0.596508898380863
0.273686389618846	0.195759632200679
2.30371901877792	3.38716996292427
1.13211905020085	1.28219647626073
1.06128515818229	0.647419172283466
0.396384156777765	0.313565659454182
0.136579909076455	0.0717847106816042
0.299040144828797	0.179236929199636
-0.0484393436399602	0.0233229051181171
0.084724978931621	0.0636891280865983
-0.660395603123372	0.648411095066436
0.265865570956886	0.228424929158595
0.752253439155191	0.997448331124967
0.312374145150919	0.370964613620823
-0.265245097659234	0.243687068825947
0.089830818268514	0.0695572999503261
1.08574454737647	0.81860786583459
0.529139050238398	0.305036430403964
0.926932400696033	0.622227391815076
1.65786507545875	1.91675216034542
1.08268128683155	0.817556508766256
0.672423895918455	0.585274651066754
1.11313704637783	1.13415995984661
0.372280210506006	0.166924870698167
-0.170402316023952	0.0619786214139739
0.970639028043135	0.788836703638372
0.0173874719051392	0.01007884624115
0.586341491902731	0.440575704509889
0.55993114546471	0.630473892730891
0.765540030944301	1.09818908962328
0.536060607544372	0.611184566803835
1.59841509717826	1.11518794817531
0.0901499899355343	0.471482448552411
0.0170805885128013	0.0450034462282465
-0.233293556974892	1.10396664521277
-0.281020196121983	1.2412259015222
0.0383488078044113	0.0797915094920326
-0.046349734840005	0.0855253939378502
0.0325902896738681	0.0530537608313549
-0.23823253963845	0.434111546083628
0.176373220703632	0.323501977494882
0.172975076948927	0.263299612397331
-0.103465486214862	0.122379177279815
0.516668762081934	0.862335710630205
0.716734295024378	1.38355220570656
0.291147519426254	0.412673667209199
0.455498215015682	0.761154596884444
0.439257527255675	0.638966360919362
0.26197646717628	0.315500588110149
1.15616288810568	2.39223206169153
0.0793375919147418	0.0798982545147433
1.85092736525242	2.42929276780772
-0.805969252397355	0.773333821776779
1.63746407868293	1.53504672226839
0.885653205815565	0.763007284959335
-0.413205963548462	0.290748605167563
0.143663448986288	0.0818322070633623
0.776100356631584	0.834501848860729
0.737990809056929	0.81215706436162
0.803720791736016	1.11677200625343
0.588126660435447	0.793813279007151
0.238682263320598	0.214160639471054
-0.416947548246649	0.294045076404239
1.0812901770491	0.817215496845826
0.282885838433409	0.203620566333431
0.459974662634011	0.420996923678544
1.10802342665304	0.994666340744524
0.52672626646143	0.303707426959654
-0.260708401770924	0.132238128884491
-0.816601748630411	0.716901393508047
1.3045036248309	1.52188963087247
0.550862366937088	0.435822598816641
-0.806665027683436	0.444806365814789
-0.000598724238131348	0.000327134731404909
1.11568990735709	1.13762333090518
0.707318156627346	0.796304810939368
0.278197172482523	0.199292368593385
0.592823100286084	0.636428152679735
1.07427501345825	1.35887814966061
1.51021958949923	1.28704643084501
1.66043821470185	1.91545300664296
0.0877314226553116	0.424482566129643
-0.0161731193373651	0.0520170907733716
-0.126684572932204	0.427843967141114
-0.268345441133312	0.947801690571104
0.0792140229750398	0.157835793603326
-0.0158881787617518	0.024683589150168
-0.00308535328077404	0.0038947131780959
-0.359357939155565	0.875332575081828
0.187673235736318	0.326808755650013
0.354966453076167	0.542325979384071
-0.0743603032455492	0.0854649541667877
0.734491980597033	1.656860152193
0.284534133092144	0.415560496464347
0.666756537004132	1.2018434440642
0.654799346891485	1.11966311856026
-0.00332389246799071	0.00307493205076247
0.34809999781562	0.383568380596064
-0.0141619269182621	0.0116309553431016
0.321555559165256	0.319098272241548
0.240077124985905	0.23722823565156
0.275191126397963	0.300987204039405
0.294775120510082	0.301623533796912
0.360006989708083	0.382623915925242
0.64065169659262	0.580627813829175
0.89129922145389	1.10424652415091
0.707841462629444	0.586338166550182
-0.237239108942408	0.182166433280129
0.0738717760360329	0.051716008784338
0.0318425368947149	0.0194977423355088
-0.295175611328179	0.189294327645949
0.930438742516773	0.912123466616392
-0.0152027541330176	0.010444759632883
-0.489327035722344	0.421538350284529
-0.465071424557812	0.366946391914589
-0.260495339008004	0.222143216917343
1.15012462616178	1.83849390762836
0.472772237274928	0.41964205945178
0.692429635178853	0.452151554807417
0.133240673947088	0.0701026224594955
1.0507531375427	1.21957902691375
0.875201266083986	0.89176031484012
0.38762648894433	0.318562246583467
0.933119843099792	0.629104362144839
1.21289001535986	1.01336350375867
0.384466095443747	0.316052955095881
0.629425022257135	0.444450964587788
-0.619829692691349	0.512558473377477
-0.42041028264147	0.241371640138569
-0.289913435966875	0.185167147642606
0.498037977168933	0.427018343120106
-0.166083886818843	0.0956341687056626
0.423774790250123	0.408861900577692
0.423631611252999	0.304130211424912
0.517016472157173	0.295574843402364
0.489915289816543	0.418808225551721
0.293408169739847	0.189461599203667
0.589958442352191	0.444972759577722
0.162605642426895	0.0995233010776007
0.301898554879056	0.181319199265095
0.287171054331756	0.184656911311731
0.030576563159463	0.124777362613168
-0.10746730322507	0.4669806556715
0.0379868446263375	0.0978419833655364
0.122079166765549	0.327196349712882
0.00723796056056918	0.013199880142494
-0.405749160084665	1.08360142136154
-0.310742958190114	0.699734976073103
0.0297580611725235	0.0397585172776953
0.157650502005102	0.214026150666115
0.561405915765269	1.11367857283281
0.50554350352967	0.862128809576951
-0.0238226981908859	0.0248349556013424
0.0480748291513881	0.0531116844054882
0.664624806640518	1.11992390194018
0.603872803231516	1.06472494096372
0.865868769036917	1.63905276668129
0.104620438966522	0.100766852670396
0.621352963150883	0.869576277262144
0.137983935488292	0.136783912344121
0.756479678669938	1.15255620626601
0.494488837133828	0.580576862604081
-0.0610912101704897	0.0531808204929944
-0.151044763991691	0.137756605561556
0.00592356972680966	0.00418041258512378
1.26039360601763	2.07279454754578
0.910599841081727	1.21100974278608
0.804242273403862	1.02739623470365
-0.150235708249718	0.107298660625832
-0.183146121412986	0.127962153929566
0.15535447547064	0.109752496491316
0.307210256296214	0.310012655863402
0.95690762597742	1.03742069507479
0.424164995550282	0.409053207323852
0.160796148535327	0.114056213960531
-0.0192792941968618	0.0156808264612455
-0.193006624873106	0.170128199173041
0.0438074741829624	0.0369018520961084
-0.312330153800384	0.232069574143749
0.274067240420315	0.213453668264106
0.0937526922656393	0.0747496543087749
0.888758143766308	0.768619783157575
0.781533804345977	0.737915895437094
0.596043424654889	0.552465810273476
0.937760026230026	0.924353735750624
0.425945240441336	0.30510007131157
0.340922485782012	0.17083254012451
0.508070714745324	0.439149450399663
-0.458762053069441	0.361445037090063
0.635416315186797	0.574698729195761
-0.305313025128466	0.226007869122532
1.45068865843836	2.05717312965042
-0.918346463395733	0.779152955431656
0.422269738840362	0.476689446041039
0.995159142459588	1.18589995929862
0.276797340509015	0.198227549362988
0.724066626359241	0.7028512744773
2.005086755884	1.88709639420572
0.0884722619515906	0.447931026680129
0.182246333223104	0.969870212511549
0.20164778094864	0.726090310373177
0.191638574631186	0.55602877014781
0.141560598987887	0.280757634535299
-0.310933124214676	0.825860365257878
-0.0402957844390691	0.0605288882867229
-0.228661930103191	0.430517587457215
-0.0185185460815007	0.0205831204389206
0.199118569352058	0.304985817123858
0.0846723399601214	0.106661341402288
0.62037385230859	1.15122367149616
0.2803879479664	0.384394941435109
0.596960822753085	1.05843880158165
-0.396415234606454	0.579029029764831
0.23581271018726	0.26126415274078
-0.339221122685134	0.409839799238021
-0.0534981962695368	0.0519169789105622
-0.152741660600487	0.171835556167
-0.216547584715064	0.256548921237169
0.126270851410612	0.130334650924655
-0.274525605512587	0.298025823357749
0.753503130915509	1.14745400475651
-0.42598714183603	0.469332426779756
0.875213145423784	1.3419608140516
-0.54752875555012	0.627344553022038
0.401527798572291	0.405325222335917
0.659830376404725	0.899043206408038
0.388233253041677	0.400219840875177
0.766585896456397	0.819299702635238
1.03689656238269	1.52078091294017
-0.180429714341528	0.161538373195253
0.291240191795465	0.297174079087975
0.252846476649146	0.229085580226479
-0.0653684668280314	0.050803623104121
-0.0206369733399819	0.0143094587395459
-0.0199343916403863	0.0182688732896447
0.378927857876021	0.39809927380089
0.369044277132309	0.313248068440484
-0.971837632645029	1.0511590985286
-0.295885457727783	0.296708474140489
1.05604227887347	1.3228722152213
0.0513843487777657	0.0330627638094612
0.00591398529818128	0.003668163317221
0.850826712850445	0.970900952178534
-0.0509740965637072	0.0334089298259558
-0.0695113837591643	0.0444647369116234
-0.316180083062961	0.235410473286209
-0.357874020055806	0.291131034938163
0.162116123546644	0.131293008188677
0.599634265892977	0.559873057135738
0.296082716163726	0.191362375219002
0.0469786857536637	0.0301923432635659
0.934745380643834	0.92070303353889
0.0822701508826024	0.061767434538732
0.664347056723265	0.575981189108962
0.258254117917376	0.207046746591075
0.25471221898279	0.210959029621699
0.00105626575169361	0.00379087593470809
0.0482304941374477	0.174020111164517
-0.0963038982864	0.279497091566144
0.324824433799798	1.0572984523671
-0.271198815937141	0.844274194665091
0.0186287994744383	0.0297053021975934
0.0425374900960633	0.0659829519342326
-0.0338783362262253	0.0474458421889104
0.252944239861021	0.43591272313286
0.108989220636825	0.123740053576844
-0.036090760021349	0.0327057471818293
0.263195212067954	0.382907266474979
0.521993675101529	1.03752208396267
0.44757182573834	0.801575413788079
0.303595723794392	0.418605577403871
-0.153472939467553	0.170487983188594
-0.6185483955264	1.02105667757287
-0.352123053696452	0.480802124108577
-0.339585560985578	0.481867746314593
1.2127903652641	1.92229251587067
-0.370652778029281	0.420552008573124
0.121061247948619	0.129744143043079
-0.135946231978139	0.143222221977658
0.514861084990595	0.749213309818812
0.383871276900483	0.470663605307485
-0.139943238959612	0.135324451759123
0.60898344449767	0.884097819167102
-0.115202411393689	0.116322525394717
-0.0108775150000141	0.00756023310390317
-0.268740810168017	0.269729301153516
0.878565430902853	1.34995744567693
0.0126684800497326	0.0114576526688549
0.462157716077181	0.556525676887361
0.166866248891543	0.143241195035496
0.375585692681993	0.394247245096687
-0.992065188681324	0.99569108607068
0.830582047227294	1.1349272277563
0.160994983051939	0.113912501235622
0.175671290987228	0.134997108540065
1.01153548695547	2.05437371552712
0.640908216057772	0.829901857940276
0.830690608105733	0.755868704838401
0.64740163726743	0.756535060099701
0.910813599836964	1.2100885781844
-0.27660184265029	0.237921320650003
-0.16637087945672	0.134337692587572
0.618900783801124	0.649189931980635
0.171002824993183	0.143291091082825
0.263674242536197	0.212534150966259
-0.316275581359483	0.235612784585409
0.416990910934229	0.399839761906604
-0.400617936738486	0.387668520931949
0.160348434429428	0.133558472054652
-0.0978348380304861	0.0828483908002577
-0.411554841498336	0.331412620966579
0.934742493883244	0.631108613816363
0.544511286273086	0.430177424610493
0.576472434699506	0.554865742824421
1.21270774157234	1.32443296498658
0.0310645449750329	0.127790866004403
0.116430157743547	0.514532029967707
-0.0109795704888914	0.024149366740264
-0.136316549171415	0.39211415364267
0.101041035900142	0.223251772123387
-0.0892872436529946	0.172786822414052
-0.15771343240106	0.292234279628215
0.523551604212145	1.45460818717497
-0.131940723112423	0.184244301608699
0.0641121482106133	0.0645785084832087
0.310205683820384	0.558315483104388
0.0248097972198389	0.0327152994873589
-0.360749951222787	0.657003621834255
-0.0231713414179973	0.0279811611379702
-0.175288694071588	0.235236086656242
0.504369959830537	1.0186471643105
0.127314150838822	0.168150729594379
0.00783346613131851	0.0075235350672947
0.502066783156344	0.72285625423523
0.414311134873346	0.619403334613041
-0.395266828162098	0.577026350491735
0.269980200461794	0.327506047706499
0.17785100141452	0.211900560818699
-0.13610320768767	0.143297861152688
0.573114750865507	0.905562196765173
0.425963100251826	0.469262121495324
0.0200893023543967	0.0152593966120124
0.167436811476117	0.170051518758083
-0.100788024530357	0.103315219337003
0.281622109824692	0.349520232600355
0.224025677029112	0.262224586561016
-0.237987510593349	0.260156435989434
0.541512515535996	0.532734456534561
-0.0637782442304357	0.0555346225190907
-0.212580487945166	0.167023856668339
-0.0611373220384525	0.0473234034265873
0.0198408866914216	0.0175695682435415
-0.00405824902967137	0.0033672370472089
0.534483508392641	0.687513655931889
0.336485092346033	0.407226473769859
0.21993660849295	0.218763049573073
-0.40754260161798	0.396054579278304
0.355563648646829	0.376798323136536
0.526896973453872	0.598159634878991
-0.434132444790261	0.41495530174413
-0.62947448610809	0.832409867068632
-0.302545415077914	0.304732531493051
0.23448229564266	0.225646224399434
-0.257326557626839	0.26143081062393
-0.235130396480295	0.222379261534645
0.286211598035347	0.289820741233716
0.138933619461809	0.0730459090529122
0.660596125750694	0.571908748130554
0.989935410980031	1.18004946416126
1.4331004875847	0.888458126826994
0.693258168363725	0.453647593911967
0.0857545971195915	0.428181349131945
0.0299234681823667	0.0950783490108121
0.0671683564376348	0.195281821749339
0.0830958447986916	0.18954687092893
0.247947461948557	0.656478547026264
0.352729712877791	0.934711555386313
-0.000955844978249852	0.00125115144551494
0.381192969081687	0.71961171975048
0.180312738364667	0.215367673421038
-0.0955179878410585	0.127085084730435
-0.101487681324113	0.149637864178751
0.050336645082754	0.0733725750089762
0.144070988795721	0.230091902352297
0.180994208620484	0.249765233260552
0.0507903840132715	0.0634150342310724
0.255891817672748	0.38600314186535
0.043966624507691	0.0462605836030004
0.201434243398484	0.245374183548257
-0.210286845460762	0.245001384436549
0.412893308988302	0.616372062606995
-0.153327378756065	0.186143310384609
-0.297427828938542	0.389661906266749
0.184279752104164	0.232366231219758
-0.29602897008999	0.406020933915071
0.176791291213911	0.187288616685508
0.105443034543341	0.0889166426399623
0.0299693963572224	0.0304193954930875
0.643819491971643	1.04210198776938
-0.347007584475544	0.471276402094757
-0.317727055136686	0.378385793063032
-0.351120767290075	0.478441809635432
-0.417552614931873	0.337230066285952
-0.436241934807473	0.417723119875607
-0.045274021002036	0.0361611079906918
-0.551530597614432	0.703046500067009
-0.39418597462285	0.470404930376588
-0.126794824550382	0.12551264520569
0.237341860737555	0.239361435805893
-0.939412207574873	1.55829538689478
0.656007314860373	0.917434196101616
-0.437035728095132	0.484484901498075
0.472033235846794	0.573370542433658
0.293697438912295	0.313489220604331
0.962720481318034	1.52460432047321
-0.0971169654588444	0.0820800340216438
-0.143219512861115	0.134502930788286
0.638760964892692	0.742913110943848
-0.0721921811080518	0.0623238144052479
-1.08970959300118	1.39282885506796
0.409913491086384	0.469358051465122
-0.164211586687047	0.113859114652516
0.308667020541555	0.185677540668702
-0.812960163632615	0.545056277775526
1.02407216663448	0.388349697761366
0.114566994044638	0.57212602696177
0.154689196721546	0.738183525555515
-0.0122608480171052	0.0267113664806612
0.0303379318966811	0.0572209318271903
-0.0116140714188818	0.0190919597958884
0.0433753377889768	0.0674154229452365
-0.339141123164983	0.592157345695594
0.513484287967831	0.819471570826162
0.138511400706343	0.202870217195237
0.27885397484432	0.587717539518369
-0.144089345257312	0.236240280612134
-0.0118162576426392	0.0152841129179623
0.196272446421246	0.277285453289252
0.413008602417764	0.67602659140101
0.563690580968542	1.1717202016338
-0.382700195581976	0.518989804946664
-0.0665813222738499	0.0723284944176151
-0.585855237205299	1.00294445068399
0.184375858600594	0.218237045911318
0.242200515317969	0.239649668417921
-0.00567449551033844	0.00524444251791365
-0.697574865420338	1.08185968065469
0.238475264794731	0.229884067461494
-0.0717871143139777	0.0619502499816813
0.402010817380944	0.479585928599269
0.226773702904155	0.244767862973942
0.181793338949897	0.193442516776534
0.629529892700575	0.884177882644315
-0.0524587270945141	0.0412765069751709
0.264758219613494	0.19713566173589
-1.29417715687546	2.04867695235949
1.07819126653635	1.45828942370126
0.51923741289755	0.675356731215872
0.229268688555245	0.229884063861146
-0.032934801118245	0.0220621246298237
0.0740613969325176	0.0537119508556793
0.261033734679314	0.224076710211903
-0.603519242382102	0.601800174954125
-0.888063745036509	0.975089183031841
-0.811125668278643	1.01095945186
0.828831454739985	1.13174288752689
-0.307513563265437	0.28358587434855
0.0187290973864092	0.0137549909182758
0.414721982818127	0.410773270960839
-0.469847142947011	0.553042445696673
0.619427825739678	0.650563407574305
-0.694458860198971	0.827512115753353
0.814518028072244	0.953813825427618
-0.311222617337149	0.231497490843323
0.145498872841095	0.0830511077384732
0.828532871966549	0.752606152150206
0.135241571366043	0.0457978406238609
0.380135878970675	0.170864492809039
0.0898951373288516	0.468971466201163
0.197242000127562	1.09159292292454
0.102640418723182	0.304260899825201
0.215301909666017	0.663793386671584
-0.102741265784958	0.222942337181241
0.19746852091237	0.41613986105372
-0.1375861374073	0.214406716862613
0.178344602038732	0.375764316452188
0.0743846726555287	0.139668541324554
0.224725049266704	0.538324937622221
0.40233984679103	1.09179486404353
0.0045696928084963	0.00626764481027067
-0.0952264250151825	0.145413480957461
-0.366519914305835	0.584034096283331
-0.383621345506048	0.677693541295374
0.137235189261981	0.194826917138327
-0.434592941433487	0.760306175179071
0.00543134053331425	0.00572477225142009
-0.357674854892312	0.508881911395474
0.200434459376552	0.235643090526351
0.143027060346366	0.173622080214814
0.186451306515009	0.224018600746388
0.659008765868308	1.05663583492841
0.177851042998092	0.206335274187163
0.291607521568339	0.434582806056766
-0.355890649302551	0.515498494314947
-0.0541329547522273	0.0556797008469837
-0.361904875131229	0.49036905403398
-0.406306590993016	0.452665882076446
-0.18766845991394	0.191140526857845
-0.740138834096878	1.22912036597898
0.0587052904745431	0.0508696105478331
-0.0508855164391099	0.0528127961339308
0.00885313375693763	0.0081571221878859
0.308892215271746	0.391322775743242
-0.12241185813505	0.122531907827146
0.745700728756809	1.26803305811122
0.468146699037795	0.579298224537842
0.740751122253812	0.816550400612246
-0.0805193088645857	0.0758052695440623
0.60870754444881	0.793480862385337
0.0789447361378083	0.0721537839726068
0.221794222806675	0.221062795860908
0.0972433020351627	0.102450879781509
0.122922686741098	0.118541810400146
0.473232844543025	0.647690458951589
0.0656489330965541	0.0604659657038047
0.10308780253826	0.0925061596913139
-0.134957220331499	0.0812894045129667
0.893136385081554	1.11107259432359
0.153140117612723	0.0989331648254618
0.11528621064781	0.636671361686913
-0.0535368268808162	0.196850225518472
-0.164656728510378	0.533656703085845
-0.10730227202034	0.26998800637512
0.0279340659874961	0.0502202588383085
-0.0476634848999134	0.0713127394864682
-0.317299711684167	0.882323571628103
0.0952413418386281	0.208870809879317
-0.102332312601743	0.214207746437469
0.0972149471035052	0.188154219616903
0.0702266971287409	0.107842004746676
0.0058485159359399	0.00729294855260815
-0.451175136313425	1.00411438215079
-0.407631417664444	0.71238967290931
0.00187750450283136	0.00184148641394579
0.357137516115407	0.532752837259221
0.332777829671278	0.516660985190908
0.190186030299085	0.241136135025569
0.412140301436867	0.552316361988478
0.136665411639367	0.157009292801921
-0.0470735764623489	0.0535055288684268
0.294446699759481	0.4186100366177
0.229558399388521	0.308743923989466
-0.0748642251055038	0.0721614258103702
-0.38352887047782	0.561815697867893
0.0371158567575728	0.0344295664640188
0.0443590537100007	0.0432766741158857
0.496948813361614	0.598580112481048
-0.0979875261587421	0.0988721855929981
-0.0510895230633087	0.0494797420811749
0.112667514250838	0.11491414793111
0.819229439010516	1.28442093199526
0.409274518256537	0.479974222671295
0.221354452068618	0.238190574853264
-0.692811905590725	1.00227316331684
0.124632688299697	0.116002312745303
0.463770025003584	0.497321420399868
0.00311104060997835	0.00251537467560596
-0.00394324323887877	0.00330014975745645
0.270497706005452	0.306999786900011
-1.15064076735776	2.15772898220146
-0.639010976740983	0.8823197133353
0.0098839482087605	0.00834385026271029
0.789811048483641	1.1688674321579
0.10264980998112	0.084345778821971
1.1195097893585	1.14478089521198
0.987257297342493	1.17046716284723
0.77197854482534	0.459785346642973
0.154386405663487	0.939383414565971
0.00884190559706759	0.0270325705804907
0.196733979753378	0.726268023657392
-0.0651865330109662	0.1459458982392
0.0273258366415053	0.0462386651028288
0.139821516123018	0.355307513311764
-0.0207112851328926	0.0403586490775506
0.0678311607482853	0.136792533120928
-0.0394749912476033	0.0708803990873271
0.0430921642696164	0.0708824326136188
-0.190562005196692	0.304656860216821
0.0963430816262578	0.141000593906946
-0.825200107434126	1.90562302718476
-0.335373903432057	0.490059009426564
-0.295921140793859	0.400661384261177
0.220168891931991	0.286721049115501
0.873569591561772	2.08354631478932
0.252180278933267	0.310422864541915
0.33943117725424	0.404140865751956
-0.0143293248600735	0.014209583957839
0.00611364107343771	0.00629802041976782
0.825169942928404	1.58217900346207
-0.370414313655441	0.516230938642547
-0.298445115684144	0.333219129221859
0.105935752849808	0.0915390753630681
-0.104421907643009	0.115037927962901
-0.698565679323131	1.08580762243683
0.00864835499235074	0.00767822712435133
0.0879618495748153	0.0930458381606794
0.000304063847001238	0.000301683738656315
0.308868220626075	0.304436692538805
0.72494982333584	1.11263315467545
0.00783157146641192	0.00680506230236454
0.0508161787439664	0.0429475867112902
0.0642705251798428	0.0570867744438177
-0.557425004032163	0.714153332696519
0.209389586419899	0.20613359229323
0.301726815766313	0.310309182083976
-0.179610560089993	0.160531437101533
0.452143402946158	0.620788688432114
-0.718120806838152	0.988487135508488
-0.122853783136842	0.113994375863273
0.513794370275354	0.595291907709044
-0.236319704424651	0.203948863391851
-0.275432209552074	0.209240878414805
0.268843203511845	0.217339630267452
-0.216749370333469	0.118414240352318
0.0398734745572268	0.162521632044265
-0.0107547350759051	0.0338584030520391
0.255679658906664	1.03485544707937
0.262325742647506	0.83921975000941
-0.137513304909484	0.408286198205409
0.0977242355722098	0.272218109594812
0.154546984437302	0.403832470330813
-0.0209701207487164	0.0280887649456531
-0.416191099915997	0.865861573779759
0.0191879205535509	0.0225689137438477
-0.166254771635935	0.204579659239552
-0.075858257718102	0.0768792082364901
0.099567003593286	0.118768994963895
0.129147319204384	0.151287610635161
0.285250678956522	0.326820437761206
-0.0082920057681623	0.00764610960944707
0.286194962431673	0.393347088914058
-0.236095336572201	0.268579133385518
-0.0352426399372668	0.0382322090283267
0.331283868132466	0.465156778294123
-0.107548312379097	0.107881837390647
-0.00118115372652002	0.000931829660596608
0.477912351400944	0.656828914950996
0.16547365631672	0.164659869965822
0.158398534779367	0.147956971309443
-0.200596037878842	0.231543699851227
0.135250183440501	0.131583819761301
-0.344490033744315	0.362382082834154
0.323251509550088	0.304788724419776
0.113977775715384	0.101108448092964
0.245728346368242	0.215333114918476
-0.596238638627694	0.792305016449813
0.62693734678578	0.824431248335465
0.410102393371907	0.469764389365516
0.429762194875847	0.539960073426936
0.360983748258311	0.393796823430035
-0.0125186187435889	0.0102162243446003
0.2185909604422	0.217186600352394
0.113460503265614	0.0983874898158674
-0.469090074585759	0.517727364679819
-0.293976334847163	0.293837132277976
0.288338900708637	0.207598270478219
0.288287384008404	0.197389110913651
0.139389017348062	0.066674887823012
0.146859717958945	0.0838852926475026
0.169716317077446	0.153264131995257
0.0903786793207795	0.444640015274736
-0.00090295980133012	0.00271192277654375
0.0705351510403142	0.210976491542062
-0.145922657096944	0.557506880778571
0.0869364484202127	0.256209367521952
-0.135243818982485	0.186419317182543
0.0528032482171805	0.0694488095359194
0.0912894180927385	0.103192415589449
0.101424714933423	0.108684377995981
-0.0802953819160525	0.0845553932790554
0.0312173956773582	0.0317286068432372
-0.22009422959443	0.289611933445793
0.35227650297119	0.468259321007932
-0.090859582660209	0.0862670072310057
0.213323981721308	0.235830593377769
-0.389665128059527	0.532157853417351
0.305161390043597	0.397806045688577
0.101078242045428	0.109716398411712
-0.49228761947821	0.665439275057265
0.523054316830343	0.682671018019691
-0.0347765569783505	0.0340108881976853
-0.621745067856711	1.00296979401256
-0.0290250229242993	0.0230423680954404
-0.182267679824341	0.191243350605346
0.31001489696487	0.297513236493875
0.962012999113596	1.52361293323021
0.0966866627983021	0.0880009867281127
0.350580537044074	0.412986244716095
-0.650099452986468	0.780328496718142
0.956190947219745	1.2509675060486
-0.0555146922376111	0.042832650025565
-0.148057762134078	0.121279110769395
0.44699944344037	0.422399280195054
0.0583919931366934	0.0526332318085093
0.00945236941168509	0.0066695313136176
0.763120420619803	1.0649772109486
0.805017471822737	1.20070053779221
-0.340962565194054	0.424597107539326
1.29195979680771	1.64767520763252
-0.357264513583885	0.291646659032547
0.240261618412922	0.226674996501113
-0.0652580828952638	0.041635946955508
0.0393088837123703	0.0240623535475676
0.291766300232327	0.199773129643548
0.0248239701693296	0.0188512091142276
0.0540706278138644	0.243423600774761
-0.094430086267889	0.445835800477504
-0.305910429340435	1.85226272864191
0.176781557084165	0.64479441013717
0.0835795744106611	0.191898551844884
0.125325396328782	0.128899995384979
-0.20908486363435	0.201527559787375
0.714749879545454	1.17844992270473
0.103302820243382	0.0849465241104947
-0.311208834468378	0.306812300508792
0.433791734876147	0.481188415694597
0.599234589635988	0.646588178310614
0.661926944153515	1.06319222525245
0.1095834783754	0.100712311214956
-0.350326714047021	0.391285578283747
-0.362561079807344	0.471575240946731
0.208747612342028	0.311323726958359
-0.193712932481618	0.239042483097575
0.242073880836145	0.223476719072466
-0.341486694128772	0.387501181517816
0.354784551500221	0.393981707611253
-0.079445579645454	0.0594006318043921
-0.314077267755455	0.290141537516656
0.522137331889985	0.432937917292179
0.633703918539408	0.572684793490987
0.275221656472431	0.215104201735261
0.159682461998485	0.103551886811697
0.938540764314267	0.925968845098736
0.0128274284171051	0.00903032864283812
0.626918961679361	0.661874401823859
0.331141435900187	0.313413137497618
0.280823330799889	0.20121198002484
-0.240868136748782	0.20883091848565
0.10163079287331	0.0855651499888701
-0.77828926317932	1.21267852883109
0.716862772664895	0.88894635429847
-0.317043868788038	0.315146652809597
0.255984321205526	0.232119483109788
-0.0189067724658885	0.0154062715538076
-0.479497305086733	0.589731329543008
0.327821559065243	0.300696307120812
0.427765770623702	0.413567179066357
0.0531318125272338	0.247273662652009
0.0224280673617453	0.0708213634808887
0.0144520085318873	0.0319853555777107
-0.0285367544045688	0.0517419105585981
-0.0359822189220779	0.0526556172902625
0.549222385796649	0.754756018962009
0.499691255597205	0.588435403997626
0.930360024515748	1.12077157071496
-0.35142627845647	0.393250464273636
0.105159038411076	0.0866107599422046
0.597296729469389	0.557050898586645
-0.650749258063312	0.594766335949289
0.367504584339945	0.311304454241038
0.329032249443691	0.301847881850594
0.44829117228347	0.489372689510228
-0.470627334945586	0.443652588362391
0.611285631915243	0.937003212075367
-0.142810683612777	0.243039636737556
0.359466319247127	0.537309500202142
0.231866943404558	0.242159967859308
-0.666407389793646	0.659973995835386
-0.0283517705353894	0.0190062891287664
0.974761640386974	0.793991384010129
0.628829922109602	0.444058232923938
-0.524249366705329	0.403763891596429
-0.476167711152393	0.320367824698976
-0.269901337481094	0.137234512578804
0.784212712637577	0.74325068821949
-0.335307684571174	0.238713051495583
0.895382797844724	0.775820075415135
-0.251050038137637	0.166845126653239
0.168062650582974	0.119296682305204
-0.626470669551696	0.304366021568912
0.970088401681599	0.786113786992512
0.396762008315048	0.313857394981259
-0.540095107116014	0.698515099872499
-0.0630975062276569	0.0558871471356786
-0.123367666585842	0.13043434106704
0.783978073556827	1.15424470364748
0.0865272625649753	0.0838211816673472
0.151679799272356	0.176870110130183
-0.237080569148604	0.20489913554784
0.598022324258992	0.558065386506587
0.549593924125718	0.434262372286877
0.0664373209355441	0.293415612092055
0.080372015403913	0.302047825255864
-0.126882023220761	0.351458994691248
-0.0373483280187164	0.0743209997121435
-0.03331850302475	0.0555996176461376
-0.0248922282112629	0.0400981579761896
0.463160758863334	0.777136986668772
0.494175438143567	0.731250859393176
0.541635857455337	0.879256960403138
0.686325978601772	1.15616275161457
0.537654568426105	0.803891846938961
0.0491770713987125	0.0415278436847804
0.681851940784418	0.918660839687119
-0.0328413239202771	0.0293402658395145
-0.0113349301262123	0.0112882362786038
-0.448045617602338	0.550120335198634
0.381806900364861	0.542311826484181
0.264482670801989	0.338352030855918
-0.780481329445614	1.21710859406049
0.165602380905734	0.173633819437507
-0.0566813434246817	0.0438401979749576
0.17668021638612	0.174248365201744
-0.364534279477091	0.411555881467401
0.972932591835947	1.35680241097258
1.2027162238569	1.67533997146337
1.15199121689329	1.74677825204356
-0.725782099054066	0.753211270652108
0.612124034062607	0.743080977604138
0.651316699808311	0.669193313704649
-0.627868417227784	0.799234622494884
1.32136368712174	1.39186412367924
0.158926517877578	0.107880507597015
0.316296949065931	0.174848732322315
0.750219799682577	0.829959749703595
0.175296099439857	0.154975220776398
-0.10572175479323	0.0898666211326352
0.225819063142141	0.25227479676927
1.20319215821712	1.8952596193182
0.354775359685624	0.309105252060692
0.826030409310741	0.749455668264276
0.378201770422963	0.309899684829162
0.290517833048829	0.198899873563711
-0.109711901643085	0.0813082205104472
0.867141171659541	1.1687974235932
0.0991309173872042	0.517447537800611
-0.0417176628961786	0.141470722726961
-0.00102119448470632	0.00231255990346481
-0.0962787063575045	0.221607395212812
-0.00808758840870005	0.0146334469250972
0.0921413413349598	0.11806055040644
0.104551017950166	0.1331701414906
0.833457555077608	2.00469517401241
0.214578434192027	0.320783253701449
0.0769106456982023	0.0934488757381698
0.391101963166103	0.532471064973451
0.395468204323509	0.632830877726205
-0.0916936592302299	0.104180722184006
-0.188348136406374	0.2692262446259
0.532662041227333	0.995207076611151
-0.167946270931107	0.198011134464269
0.0466986042107903	0.0521273292947223
-0.846248119672798	1.35255999348699
-0.725837962092738	1.25010960729252
-0.788054875688922	1.36278817204053
-0.23948614596828	0.278076325767341
0.634574183389837	1.10767690599104
0.283205242332798	0.305847623013162
0.286093412016014	0.303964149277376
0.307457901417659	0.31654905504055
0.484388546122756	0.577833916395272
0.49922055427278	0.587911739614837
-0.0975459017306452	0.0916498239146004
-0.355632961540811	0.420830879101479
-0.0495771810295851	0.0441434054102079
-0.186334913331427	0.196239917112223
0.172069447001167	0.151914764286615
0.247126273862469	0.240008708376391
-0.357198986397499	0.443361595857665
-0.179338183495595	0.1730009208323
-0.214203666075629	0.237322195148137
-0.616072074206373	0.656178117019305
-0.042252503145075	0.0283443839400261
0.30607176583392	0.292536826346797
1.38251868667952	1.06483314124121
-0.729641853923788	0.654955060259205
1.36839683280766	1.84309365113938
0.546323491794629	0.690147047049349
0.103897335072967	0.538905186120324
-0.149563421491988	0.64536914336909
-0.213444067308345	0.685030653770828
0.637268587359095	1.57752558882879
0.0869628586911785	0.121719548049882
-0.220518982778415	0.334071401084121
0.327749591541916	0.542932432495481
0.0771489132100287	0.0849764327858893
0.0154632297170693	0.0164288843168784
0.367470877082762	0.631214635252091
0.130964537512288	0.176931391788306
0.0994573484465369	0.118633489181569
0.234953633557202	0.294070155818688
0.0548207392394025	0.0562457799312907
-0.723526256401638	1.03989916150334
-0.158198599673528	0.165201315063968
0.21558866414888	0.254336425003817
-0.110456159103022	0.118385660651018
0.114772848182485	0.132707783629338
0.419178341476782	0.61038191206169
-0.172476477198802	0.201470242885335
-0.29197140987364	0.314865164450843
0.789094616602852	1.24280391981176
-0.115405207728389	0.108252263186655
-0.174345565989037	0.170425121828247
-0.275434154772228	0.293514147552357
0.587786088088353	0.794406521112295
-0.583952406930925	0.741502303459708
-0.435406579649219	0.482930857987544
0.261738468871993	0.315440188726558
-0.645522315852834	1.03775074289194
-0.672838096702029	1.08203934921551
0.116126250181982	0.109448616848708
-0.346788199118669	0.279910744428807
0.152758182743356	0.0933851160734504
-0.031762232878927	0.0161602764351348
-0.0286204237904597	0.014629810590741
0.146160297551561	0.0834467165757406
-0.057237796647909	0.246375837728745
-0.0699028072138888	0.252200446799267
-0.030869130739206	0.0757844887563411
0.329915683327588	0.723474209416305
0.150707086894001	0.245257945738815
0.381333574996252	0.834787005527373
0.44647621918739	0.989608706555542
0.0905810535739891	0.111306902744027
0.45822530046112	0.864534928484148
0.372917344401178	0.61411255115575
0.745551622667041	1.68791473671178
0.105603970086425	0.134997967274842
0.115990407663352	0.15386455900848
-0.0588748599442956	0.0671668778478457
0.180300100530514	0.249905607631075
0.0366533425380553	0.0301202089854852
0.533598056238085	0.808980508187105
0.14519363331318	0.156794432209681
0.0588508896775426	0.0598141864413789
0.160224098782331	0.207200983531921
-0.0289810138970882	0.0267252941405852
0.381045575341484	0.48364766938887
0.347018629355462	0.399902210817993
0.125688044638839	0.131777907809817
-0.0639184907238735	0.0565800470026874
0.107338698742754	0.0947690646993065
-0.185438891961188	0.203374067228459
0.219862760934635	0.236361149766573
-0.162401233101698	0.160314993969411
0.0335856289110475	0.0305546878737935
-0.142735681301632	0.151355211373068
-0.0766552275737145	0.0778587991263017
-0.45822779368958	0.584164372112105
0.093905638956464	0.0972203042941498
-0.233630031108015	0.179781375576051
1.66576886945424	1.93490860190639
0.160915649710332	0.109582150248121
1.06185779763973	0.647713254410081
0.826806985724304	0.749340483272535
0.127543746440335	0.668490612080102
-0.0319455907889675	0.100896987799304
-0.118536486652609	0.346385597835831
0.0283926890631392	0.0469322309575344
0.153923139083889	0.323767065606862
0.537691912824045	1.4016176032811
0.814894887898132	2.7789503847848
0.309376717153153	0.5381011966587
0.312840627279373	0.567204791677921
0.151610871846867	0.217237082969138
0.887307459073095	1.83761875700964
0.380599641869809	0.572089188576239
0.295319068757324	0.404223882300833
0.372676633588672	0.650395191086161
0.276073432072244	0.390101872289373
-0.823537923601842	1.69332960936549
0.207757798446127	0.283110548545207
0.107062885113372	0.0964972572191649
0.278700723229779	0.317982844466776
-0.650981331316426	1.08024652742747
-0.047946226033883	0.0457993729745641
0.173253061892605	0.20294906517043
0.583677593469151	0.71879286208945
0.613267726627073	1.00833603854969
0.168249597643645	0.148174135733204
-0.459464527517326	0.569458623631102
-0.676692912346123	0.933469322167148
0.589467077097378	0.778330346100051
-0.0937775400357205	0.0863544752373205
0.561164116918467	0.778267236629318
-0.298803090799507	0.300185405864276
0.52326369807339	0.609059772811027
0.244394703385374	0.225839576144826
-0.278240680534362	0.317860423573405
0.0956386263319218	0.0783433834386652
0.132397906066085	0.128656171192873
0.433119942796379	0.405528514079477
0.96988038568328	0.78596370733251
0.151570784058551	0.097998480924
-0.00221030418621279	0.00779354752451834
-0.0786460857318996	0.300532955319813
-0.209681014717167	0.760292084470719
0.0811178073245687	0.177640854208736
0.589590597204461	2.62502887187423
0.302066029238133	0.850643304872396
0.587879587372445	1.922431395395
0.743975208439841	2.46668662596369
1.40155730697809	6.32755681240334
0.370026467486439	0.840058148455681
0.283375979560615	0.517425013312049
0.534864257784144	1.07728404786006
0.391107149164321	0.636186446932784
0.237290651966036	0.356214647177959
0.227598127023664	0.355691772434093
-0.00683501651058926	0.00831521366789835
0.0479679966881446	0.057554116521482
0.160993665701535	0.247698708906095
0.17757688203971	0.191126392091498
-0.34063394344732	0.533224394868782
-0.209005628532308	0.255028468505573
0.123437807639147	0.131008015692193
0.14731626356683	0.187790211423107
0.481388757056395	0.661957425595749
-0.180267762237049	0.189034223200972
-0.175158413687441	0.171565592818439
0.302044564068863	0.386528142344588
0.631280945559668	0.812979019029032
0.0147339114833512	0.0130299383486859
0.295600617408996	0.316148367631484
0.595115763649367	0.789049955965839
-0.162524537486071	0.172790379801746
0.67049043582098	0.981666795209709
0.154241659905757	0.152005014247587
-0.146971853023917	0.143203447275608
-0.555425373879187	0.710937238737725
0.389855722801054	0.531292458717158
0.524676286794934	0.53090929397642
0.25091090279631	0.214308538194412
0.457678530437089	0.419228535220739
0.0304552626109752	0.124316624941102
0.00604011123382034	0.0186825124108248
-0.00603964183505817	0.0134917537232416
0.344346959726622	1.33614587294717
0.463699656241534	1.96386548963426
0.376794847821242	1.07585651286941
0.610094672766261	1.93616214122918
0.787059378301607	2.62016722196759
0.361391800199257	0.835001059041709
0.46242911698066	1.04773134430101
0.446103555716026	0.860648521258992
0.160201495820863	0.206913367547359
0.819093851783488	2.16329885740834
0.0723560642034461	0.0978999302138596
-0.202551829497334	0.300319889716412
0.417194611680909	0.817750708252934
0.24372561070065	0.398178501544057
-0.62156075286696	1.12293795556251
-0.00172808963214815	0.00181949198102536
-0.186483679557253	0.215533190326622
-0.119427299019328	0.127377578273657
-0.0571266786121679	0.0650963463018166
-0.314224159969083	0.396164485164311
0.181078013445321	0.179103992574511
0.76873338632314	0.997036370159798
0.949990099477969	1.82949963696562
0.439888337771842	0.569410031761238
0.183836009221691	0.195865338042096
0.361661632616882	0.451847551440538
-0.147462335956618	0.134236472177073
0.843894672764963	1.6063259657652
-0.465206309226297	0.628642702834513
0.178284622447823	0.209625159992734
-0.381554666492916	0.482389763562342
-0.949217066048335	1.83162420926864
0.493477203311926	0.5230914047949
0.182996434636643	0.140895479381262
0.12277510380762	0.736119835814166
0.109138269640179	0.543787408475532
0.44716499218554	2.5524017826521
-0.0185119480827168	0.0392452066531922
0.557613566047303	1.58508496771057
0.728344469491707	2.28533706859944
0.695145531629145	1.83651504770111
0.370441019283763	0.63339146636012
0.677063626519397	1.44618643632174
0.453997392306099	0.685629312418058
-0.240741304987489	0.315118978089189
0.448742237057557	0.839062579914613
0.335870677497953	0.467766888256106
-0.341820557071628	0.528612933337376
0.340215600513328	0.488559710618447
0.0111247234260428	0.0137304115747143
-0.216577834620241	0.456813121070647
-0.106420359758272	0.149339886536807
-0.104749720626195	0.118033245494441
-0.0174351953372749	0.0159734184579535
0.22425925468863	0.293112889902353
0.243043174093586	0.22452023266571
0.630002909480283	0.810128234833543
0.716545366184167	0.958662870056749
-0.0676771174053932	0.0526594797367809
1.20730664411217	1.68873680087639
0.936070044389693	1.13984866132719
0.00388983634175223	0.00296018037723076
0.599127842760448	0.7246104382796
-0.239138366062206	0.206525813178
0.354055971384121	0.382765678465044
0.36794509710789	0.521707723144844
0.0667044056765061	0.0761287802455397
0.787840783153552	1.31843088833122
0.0461750654116417	0.222310662529806
-0.0549373426201348	0.237412691554474
0.771457039257751	9.36705683067154
0.335973633422617	1.5723367828656
1.07774628070149	5.64786959603008
0.568113450861588	1.54918011669912
1.23809228424409	4.33619111844661
0.480435618426545	0.910070202203081
0.523960427998336	0.817326298707946
0.697199354103218	1.32567943301366
0.217396868834198	0.245071537367204
0.682069674977984	1.29667722453383
0.22128271590806	0.262172078632686
0.0594565321393887	0.0643013043784168
-0.241330985748099	0.340015014695424
-0.10505860434406	0.155202979743002
-0.33213559859075	1.20202262637815
-0.126522028117255	0.232998040351381
-0.320364013878756	0.482003467761306
0.175529972042408	0.172707540860032
0.487870429186641	0.708086262124818
1.42846853471008	2.50008106719529
0.351316191984992	0.306106284465091
0.471343496302626	0.417196953883808
1.1403538924159	1.41089302330619
0.813419945733825	0.950735035982293
0.592962872591114	0.551517847260434
0.907362770699373	1.01382357124092
0.429549134009763	0.40089302383979
0.695103220026732	0.777436356347417
0.372283882888605	0.315974584041462
0.550126942763211	1.06494363880942
0.467063250054111	0.992400811160726
0.138664444635483	0.890663502458516
0.221471959416982	1.52448176711842
-0.140336088804079	0.555343606638737
0.4753053809132	1.805115653606
0.999538530533453	4.88446247347674
0.732077315273676	2.28167633470941
0.354723598272085	0.78599726052164
0.363240449985964	0.734167660446016
-0.0365603445536793	0.0400793306151897
0.072090051886045	0.0761633761112739
0.145993897345329	0.198408501940105
0.0906977755402991	0.129878401280502
-0.103528742277744	0.170014469209141
0.455903975297054	0.560256461155326
0.301726815766313	0.310309182083976
0.536279499913764	0.674243496934895
0.465127729675653	0.497920430309959
0.399344515431439	0.475327609032546
0.267407604003341	0.362776811565992
0.102414361578706	0.576047027052976
0.109859784500639	0.515656335952499
0.367364568587839	1.69730427456164
0.237071410372246	0.683423041302848
0.402636264665578	1.28364708917098
0.086424014755146	0.157803663711804
0.201217785735954	0.412779648261299
0.0671796583481865	0.105699369448689
0.436267051626594	0.773600911907253
0.495131904677746	0.872706174890985
0.378188956455861	0.479432249881283
0.139315019801095	0.84707793365563
0.195417904570892	1.02738253417343
0.407134063796122	2.17147906796465
0.466203609019957	2.1404121644887
-0.0100229676413519	0.0195518042523303
0.012208239343447	0.021736731865383
0.166738501904376	0.346898041408617
0.167259269748663	1.04172719976061
-0.0339335037047084	0.118473819454874
0.0325034145491325	0.0850537133494964
0.0775627391178132	0.196258079509987
-0.0557764450121002	0.119565050704313
0.0574042339567313	0.261861643595134
-0.0703154933260448	0.281034807579092
-0.0819948744413588	0.409581655348975
