x	y
-0.585735372348446	0.543342750908399
-0.0811540593642657	0.0520200248473058
-0.501822912375106	0.508019049167375
0.120030317352932	0.0628004161078479
-0.420448944185279	0.17813242029064
-0.946242945621819	1.16485106768985
-0.579058930594086	0.62556444897186
0.0814092816422717	0.0628482873160356
-0.739358683760011	0.775790649397872
-0.599005427559793	0.597189424160654
-0.889398044056205	0.903163901088833
-0.0731297108055423	0.0558335664562505
-0.163284186769395	0.094143441133636
0.0725239033591688	0.0524694067940436
-0.243786226422074	0.188661471744292
-0.471365949273825	0.484704869277227
-0.472821140502106	0.486838128365156
-0.0853264516744395	0.0655706627839412
0.00420052923835305	0.00318665080849227
-0.692869018195986	0.8229900002515
-0.0468715011988711	0.0314443234432781
-0.406912696461081	0.395371861051944
-0.301473966014629	0.276935057075939
-0.28554617313379	0.266456956580782
-0.215651650599035	0.18823425023037
-0.194798414606496	0.186324173557751
-0.354840328049756	0.288837767765824
-0.0433840011382585	0.0283716460636843
-0.734321479539096	0.716520923168691
-0.471073047625407	0.484721487806306
-0.406654698559929	0.394323298638332
-0.280600960645731	0.261204101552651
-0.675376882727797	0.71540327984043
0.252230667761369	0.215615336846512
-0.39666366823212	0.351297373253664
0.313831247091069	0.301988271339346
-0.042465471043904	0.028449936782768
-0.459696357165954	0.361844610946415
-0.762812274468041	1.00341534265629
-0.00298812307836565	0.00204346160049017
-0.1248719697999	0.0907794760379853
-0.581634267328676	0.539458824505423
0.149333998417939	0.0913544669489153
-0.17571869620947	0.142616610838548
-0.152400050076373	0.109001144285835
-0.494457642447046	0.427002158008023
-0.0981082890826537	0.060863039695949
-0.71794042793271	0.583802478854583
-0.071964295027673	0.0460732755879164
-0.758323344546385	0.902790845178689
1.11691667604285	1.25846858551378
0.0883752661821408	0.0703009144066007
0.009414705330575	0.00663828072009507
0.160389976873996	0.103987532752476
-0.0357716836065653	0.0239747823908804
-0.973900160021381	1.0574579832451
-1.91859513342413	2.37801417688926
-0.468601330385249	0.440748375340737
-0.135778976993992	0.110420838221414
-0.231789394142259	0.199524311792236
-0.413053027462166	0.489236789186415
-0.49476927836676	0.539287930435733
-0.508476839461134	0.559476610880243
-0.96451774229038	1.03940879993396
0.732842284306768	0.885571311976211
-0.0601590360493534	0.0466499090280482
-0.556051430718221	0.562491550875833
-0.186665667515694	0.148608614425792
0.0127820413962403	0.00901536185651025
-1.21305959215311	1.69119439527736
-0.0105073517757205	0.00728792189467614
-0.261550376217425	0.196913337387971
-0.864709399421874	1.06600903801502
-0.271062145010732	0.20538893329366
-0.442704342622747	0.425502672151661
-0.29031983034903	0.244519758985827
-0.467899276938767	0.479773432788829
0.825516454155317	0.746382296255134
-0.249681012511714	0.165842106416095
-0.313392180994584	0.289791661851053
-0.21634575179935	0.170290543962917
-0.581156607808298	0.53892990656901
-0.731477452995346	0.712122936100269
-0.673524635202383	0.404103300261605
-0.165395615702863	0.0952527698294758
-1.06417408988124	1.43132678341301
0.0419552516047607	0.0256815496989827
-0.19261014265478	0.153979769170402
-0.480665828724431	0.455709231416336
-0.196555339160458	0.173945355376676
-0.209148860659892	0.164003922318148
-0.0760115637711725	0.0486903039249476
0.284235122335689	0.194042285669254
-0.00236016722227607	0.00172807118945535
-0.748502748499906	0.83628741113399
0.484650305172089	0.304937301499653
-0.919959523563767	0.780016038708505
-0.0364746425396902	0.0290159207083805
0.271673060798778	0.219710874271734
1.0525643171317	1.22549891196659
0.69606757142086	0.700286126837107
-0.462308433991856	0.364518424448598
-0.00792529344338345	0.00552632939833666
-0.888516569388421	0.976163773071119
-0.589281448824027	0.6719143223346
-1.51275617795589	1.95786585083113
-1.57063751841159	1.53483915415457
-0.892280635974871	0.912630344499616
-0.721265377283318	0.644777322353155
-0.47653805978999	0.322033645639767
-0.310730176353633	0.287204893666108
-0.317795452980375	0.26305403790401
-1.02312218855544	1.50594827280639
-0.815462367199401	0.635871431922199
-0.312227071504524	0.232368006060621
0.150133181953645	0.0918557894174245
-1.14855624605372	1.53272374813074
0.502551515429644	0.43329789531461
0.728003256987649	0.709669777726261
-0.244847863705754	0.162172660863768
0.662569435726053	0.683935798603509
0.147335607554621	0.0897614215132736
-0.248882665626989	0.165003117690064
-0.408198916943524	0.364263024898974
0.0457147059432363	0.0293577595530315
0.968032976039637	1.0563902916947
-0.130504318591753	0.0951167520261853
-0.624847150223057	0.518896706145254
-0.582317879081779	0.539357636471056
-0.623164378516888	0.519095754715467
-0.423394547068522	0.24377349253437
-0.414127710509348	0.290876252338785
-0.258073416619755	0.219860451844505
-0.0206245650135802	0.0106191945354944
-1.50217284388374	0.77115252338075
0.144241227938778	0.0428872731898325
-0.215192004171136	0.117630377834109
-0.11899778782661	0.0479881095001215
-0.0830106220544108	0.0368355726931633
-0.34214865517037	0.207620708418584
-0.0221555265092706	0.0113787194346036
0.281053121327261	0.191410604203982
0.50235115019	0.43316836867518
-0.880856199274516	1.09386235442454
-0.353312431899671	0.255459225376483
0.0135162280487789	0.00790447754581278
-0.682073725809566	0.410183668500985
-1.11976932552087	0.776523006288532
0.775094306842874	0.462160657802628
0.581774610950595	0.302164579711831
-0.162701758280536	0.0592371154890295
-0.14730928434642	0.105068063136718
-0.0421353606010762	0.0335644197267974
-0.322058565745347	0.367141164144528
-0.366273993622192	0.405320791456375
-0.560159806717343	0.784373805140947
-0.439100521556107	0.684337684982514
-0.676257746767682	0.861144378930083
-0.567341691546018	0.364481443502769
-0.460188935880994	0.361748861794982
-1.1856888043001	0.67203509782204
-0.538440187846927	0.206758866526095
0.148765235316675	0.085080698662353
-0.511688134628304	0.272694362663271
-1.00417383279281	0.506023554653868
-0.693854552721159	0.493746266752254
0.117400329964661	0.0559021648887474
-0.262822386718867	0.197949491127523
0.134082192845823	0.0511497929953536
0.016021205838721	0.00932805919451691
-2.05143857399754	2.18547373795232
-1.69588145675418	0.975393165487989
-1.00017512509455	0.503265020673797
0.141473340838683	0.0806011123939256
1.22687243251398	0.846482301453177
0.628829922109602	0.444058232923938
-0.326323997702978	0.151896080069932
-0.682348141065972	0.909836317790403
-0.467020012644276	0.630716837748483
-0.67025582747681	0.811811003688465
-0.332930141460624	0.355631497111173
-0.322331699858543	0.367641542228918
-0.42873775776482	0.181086651871141
0.132718448314215	0.0507023271840954
-0.808856829608844	0.445864983359907
-1.25286410995023	0.960893536577572
-0.237477952696761	0.0778886575961749
0.138480175399866	0.0662458589273291
0.126873713953215	0.0484980742887475
-0.602932633929937	0.449469492348162
-0.674504745611929	0.405310312748073
-0.626766920440267	0.304444801690903
-0.622477540161479	0.302164540797342
-0.411902493700499	0.174161097180311
-2.08970743638331	0.967957362748596
-0.366253423510902	0.300448378391623
-0.56897155926691	0.366401434686887
-0.9768391797307	0.606225024633462
-2.14497459653993	1.66216864743122
0.00412705353607979	0.00216674245672942
-1.50434197663952	0.773063695386728
-0.545511578618905	0.208946560627794
0.125266553220913	0.0478855000109743
-0.332724601959125	0.355003535538616
-0.0595344168287335	0.05250707066079
-0.493893475788918	0.49673782014951
-0.597743810303701	0.763957851258647
-0.0940809657227743	0.0794248384410102
-1.00365027729542	0.505622069288915
0.930574745838572	0.625675036487908
0.803956948567366	0.337872662277252
0.445069411406051	0.30014748472458
-0.593403633243672	0.440098406639536
-1.11243023999625	0.768755280205111
0.878320749629904	0.471562613797633
-0.196773782666438	0.133231166196208
-0.815798833773921	0.636000603522972
0.870236060131768	0.885344510689253
-0.30022240568324	0.192865728918758
0.0178753885814889	0.0135821496832314
-0.719294918792639	0.643985429235803
-0.0223341961173025	0.0114901591613412
0.139536938917222	0.0797102884462011
-0.678406681965233	0.408186221984686
-0.978671299153221	0.608988114442257
0.150610558650898	0.0921551187699029
-0.0615018378046151	0.0403520984109662
-0.267076028658207	0.25241289958178
-0.540683936418927	0.65994295332606
-0.262704726595613	0.13352076070117
-0.651469630580551	0.639142530363623
-0.569772759999203	0.365580435351752
0.28027434705867	0.201212837842141
-0.408804639324913	0.287132246648884
0.155704777485769	0.0953153678980901
-0.81713471326309	0.635901046489002
2.12471924189169	2.18240748622153
-0.208504638898537	0.113756568645196
0.151489583636727	0.0866093894967124
-0.423764146956636	0.243112051408363
0.313338194984721	0.173001367876176
0.417967066566061	0.316812051582068
0.398906778007828	0.315956598292726
0.0397642551761037	0.0255518093135463
-1.24531994209263	0.95053714767519
-0.951307332135095	0.707871917925572
-1.00071253580956	0.502391908964939
-0.522091368663446	0.400865207373793
-0.086522015796275	0.0382002368396834
-0.719206723422681	0.645020606908117
-0.0429838202366202	0.0207357427524036
0.549176954140472	0.435486375486871
0.506204248400683	0.437104323893577
0.312930876070294	0.172634719825375
-0.642958920460286	0.586647744066568
-1.47983252522724	1.34635141025227
-0.249471169554109	0.165292709760784
-0.714548321960338	0.63868075512632
-0.134655415840755	0.0811604069891852
-0.0892183462906432	0.0671656742934908
0.587819057782505	0.442884139173892
0.300750315993322	0.180108198179444
-0.350420749586857	0.213711135691947
-0.118964218175896	0.047911892474698
-1.06170513745528	0.861257546527244
0.929417895824023	0.624507068343441
-0.816535693055517	0.450897279045344
-0.211028179179418	0.115110490052635
-0.691459887905566	0.489312911183092
0.164997127860091	0.117173228215132
-0.423068708819255	0.434178679074444
-1.66888128169659	1.75242822947138
-0.59830617003747	0.596224835507281
-0.305099231769368	0.226084977643011
0.268285758781129	0.216246541284148
0.149591731158504	0.0855201439290014
0.0355230951173695	0.0217499584993498
0.04718744205669	0.0303521978005835
1.76104085528759	2.50856292698113
1.14387713403159	1.41596316421019
-0.887213496506139	0.903027175331252
0.147231635868309	0.084022600365272
-0.246991239434833	0.163742341231465
-0.523355029128514	0.401481342341799
-0.522931112007602	0.4897159913055
-0.642846041764948	0.586046849925931
-0.576183191238238	0.532346316352324
-0.349621071745567	0.251646943038497
-0.0291933354128764	0.0231626842301434
-0.161319181715124	0.0928029882826054
0.153883453747919	0.104260767238686
-0.0193975625987161	0.0100226784689402
0.176486937494453	0.130866230017573
0.0486197585596114	0.0297173383304084
-0.00255402711776291	0.00132024126001138
-0.288453489354148	0.242779294424981
0.367962054744653	0.31198927848805
-0.551797521315517	0.469090441479393
0.416051245941404	0.315585727047106
0.0233476430253493	0.0134733734005729
0.162822696248619	0.119997733555483
-1.03083976253767	1.25828009261025
-0.36123791016439	0.262742795053475
-0.404371721892562	0.324793904914011
0.424218324502991	0.4092949966197
-0.000310207623432884	0.000175058043149494
-0.295240886324857	0.189372875343123
-1.57610526343025	1.54228845640314
-1.06598896861499	0.86565348347203
-0.406044710892707	0.284763896799041
-1.04550658635032	0.420677883175507
0.060066627418108	0.0418548956619001
0.264839177972315	0.205680147971009
-0.341013075822124	0.311675893402112
-1.58158426807987	1.55316089602304
-0.232605642042885	0.200208096687085
-0.11365891803907	0.104513196049846
-1.08879794880253	1.39088792308292
0.529602270247496	0.305445201795158
-0.171328103259379	0.119403524503773
-0.530681180190633	0.574081724634812
0.290699443155015	0.187501137983317
0.156874267149642	0.118961089629393
-0.320962735678741	0.239405246764857
-1.08172160169012	1.37500071897878
-0.293699497683223	0.188198340588491
-0.16264728859867	0.0936365618149416
0.331064822978576	0.165127670876216
-0.705279385728296	0.571007732142285
-0.330485623015458	0.300180056358946
0.944134206356456	1.41121826851424
0.0839303257811091	0.0630517399420271
0.0491305502782063	0.0406092623808025
-0.251586005897308	0.234659783975192
-0.608121555924694	0.641875153394119
-0.309883287925308	0.332325923623652
0.0726842672820389	0.0526056682405671
-0.0965611042368794	0.0600376250446859
0.165756881439547	0.122452128197854
-0.127727700335309	0.107881038477772
-0.278724583506473	0.258818998420122
-0.465584989673097	0.36802012109471
-0.62326000925487	0.665915038426632
-0.0534954748060875	0.0256960791194944
-0.520588510862494	0.485936192753446
-0.414031981947508	0.175185312090786
-0.539276806409919	0.207127681793212
-0.359596042476053	0.26140159998009
-0.143250965156083	0.101741965768631
-0.874819510892122	0.955087512385925
0.165899227584564	0.122602645234392
0.181788238445112	0.144638129725922
-0.182117014162079	0.144740313373228
0.138661946695621	0.0791826638227556
-0.100448665173218	0.0851827412719137
0.0856165191898539	0.064365341914566
0.58394265409888	0.439683549602352
0.129457531539342	0.0680134418510294
-1.10061005999219	1.61855826580109
0.0648180115315822	0.0436424145288827
-0.0665267090176773	0.042478020419373
-0.0736264009641696	0.0471397647982464
-0.353073029682724	0.216018623238028
-0.118167975302211	0.0475958821832056
-0.402050906856394	0.388900224208396
0.165067181779142	0.121956848839709
-0.0859888914275707	0.0646301599647713
0.241327448045702	0.222713080774602
-0.131601716093755	0.109320894214886
-0.45639081799136	0.359247191709654
-0.0789098645644284	0.0590567550722001
-0.0631150656400817	0.0490019529712786
0.101087202672887	0.07881116629309
0.499767675898144	0.514041164444798
0.233986490270741	0.214549158441756
0.277373023221532	0.199076258827973
-0.179419698723764	0.16051071866631
-0.0346126730458778	0.0231929397082306
-0.218501861037382	0.172194606105393
-0.475336853277821	0.449911337654543
-0.296115213363376	0.18995341299497
-0.336930451616959	0.157131587578306
-0.566953978588688	0.365510382293319
-0.184268902321674	0.165441622579817
-0.278207104883702	0.258439852809515
-0.651456853163989	0.780779631166223
-1.23382365443596	1.46963937510739
0.237658477515337	0.229637375740099
-0.331508566075106	0.353515483181158
-0.0755827116895333	0.0564222763552385
-0.2356760583737	0.222979705912766
0.167768342291896	0.124108308700476
0.328525740772843	0.310632829843413
0.255531495603698	0.211427320412328
-0.168528777658983	0.149533373040872
0.238624199720441	0.208091780909052
-0.0806015734373032	0.0698855362672913
0.101442963989405	0.0854092128193584
-0.690151079454524	0.778676382450379
-0.536005649525073	0.652637356415986
-1.21677444334218	1.69871994008448
0.690606611321221	0.769049662691541
0.285021397739468	0.214406849608487
-0.728789916375981	0.710826222702838
0.0454467076436248	0.0292090491464648
-0.449643723246945	0.351607958424539
-0.241751693846918	0.0791910993295349
-0.516283216758597	0.274654494066885
-0.405967339762771	0.170873557443047
-0.341587123141334	0.312565265182985
-0.442418812127035	0.425039677038576
-0.262377123919952	0.224038782065948
-0.270866909412759	0.250004711486666
-0.314990718528072	0.338644978747098
-0.619897109313507	0.661840721444623
-0.279142152246691	0.232891096103799
-0.868395707032916	1.07311090331768
-0.174403771613326	0.121663204283241
-0.460286820487423	0.469170770987461
-0.0335316998516464	0.0224832485357035
-0.145386031096795	0.103448688929003
0.101066678873539	0.0869838590276525
0.166150812255401	0.142399762968029
-0.00409668692999567	0.00291016366898113
-0.803378452580796	0.829455387429577
-0.286551425596183	0.240714401828978
0.17304283473896	0.137041320775117
0.08289405579479	0.0621555200753359
-0.812184571054528	0.780060234372015
-0.0846532773870692	0.0617533897814608
-0.193705505464324	0.188829792481085
0.0201303706030231	0.01528150190566
0.164861276556183	0.133829040319738
-0.561294689603579	0.568271323491442
0.322268916048443	0.294262397803102
-0.0861564900533276	0.0646857939037631
0.331843991615173	0.314459904209101
-2.06281810523488	2.80696229071382
0.0146080326854269	0.00849830003184651
-0.132548345339444	0.0797225625680408
-2.26666718758154	1.91819302699673
-0.816301549133525	0.451135099974843
-1.50729064378076	0.775039092320791
0.0795002974711061	0.0577946519500551
0.36550711983837	0.309540654991453
0.00819312705182978	0.00578175879246571
-0.49079560304927	0.423369090917099
-0.801167736441793	0.825667777519883
0.308706367959275	0.169751560711233
-0.266081435303569	0.227276109568864
-0.25041359071115	0.166253005306821
-0.323136534077538	0.268012212859862
-0.318578130968852	0.263963339410766
-0.18609909810879	0.148303003727382
-0.90232277605541	0.848527316048708
0.670754078086955	0.584145754804724
0.269345517673216	0.209778612451852
0.417689987128243	0.481415190471862
0.295606514778538	0.202691765889071
0.0266842107974556	0.0153462036405458
-0.896319492060333	0.916593826457058
-0.177795785635064	0.124331334718418
-0.339201560575306	0.309726997316171
-0.716654386639552	0.582681346854455
0.152777094128098	0.103613602052253
1.62818670541489	2.3698093839323
1.41938904209958	1.60330135819098
-0.61918722215692	0.512563205082515
0.0147746335050953	0.00861294373822969
0.320029065453701	0.177049524634984
-0.0878608243328524	0.0543827696705535
0.558509764633391	0.444181015951426
-0.691562322833609	0.489877348252566
-0.0761628496617587	0.0337840666399145
0.149403007931897	0.085561288214332
-0.238048417060954	0.0780891030505443
-0.165368118811875	0.0602246818930713
-0.209243202112649	0.163870574997617
0.436131170775276	0.408701470847682
0.0973428371324711	0.0835410109828879
-0.45006604423652	0.395500436029005
-1.25564976751981	2.42845260703194
-0.217955787549932	0.190560826133061
-1.25108401099073	1.65341626222903
-0.494967967759361	0.540168355451949
0.574118039180614	0.630918185941871
-0.263368898800361	0.224585625914379
-0.451002670471693	0.397182160924228
0.250853463007902	0.214303689995736
-0.376603407184057	0.369128937735015
-0.296754400282252	0.190053980091813
-0.599704882252698	0.597769478601178
-0.183503857382159	0.145987297077232
0.429297121961126	0.415025018711003
0.384959254824981	0.316353974341296
0.342217356236858	0.316886516329823
-0.0957403084996378	0.082389564017964
-0.609963788460245	0.766344195533234
-0.169464770911978	0.117924578211077
-0.206961718882636	0.161431491207974
-0.142731069534301	0.101461692652186
-0.22053590139765	0.226956829843796
-0.550688404001153	0.55442598696581
-0.376747833385045	0.396048952068245
0.0761981445393945	0.0552896346842455
-0.14962260366708	0.122827445726274
0.243949493426872	0.236658610362272
0.243504714472157	0.206883622271825
0.0894613956240661	0.0692458447318438
-0.0304758915135013	0.0204449081298918
-0.442988302331602	0.425892876787811
-0.302946268820535	0.278295576209884
0.422985814220569	0.407921484450815
-0.153662195196481	0.109803967353982
-0.297156847366852	0.190084805523421
-0.0522220230040525	0.0250731843702365
-0.810474288164623	0.447003156352787
-0.810019791130637	0.631400029296349
-0.54860408816929	0.210474050651976
-0.878055080138364	1.14807798197147
-0.186804019886591	0.148468126220616
0.304934197819192	0.299526757552172
-0.0689142746342487	0.0603442432323523
-0.0991470637690695	0.0840655897813029
0.847748005462038	1.36377806373666
1.26712103509132	1.97692355990889
0.0813091779867836	0.0571032584931105
-0.296656296644183	0.29739389543637
-0.311300032293365	0.334387580810157
-0.262210114886758	0.246985357719238
0.908155727470246	1.01684945367529
-0.00476779166180711	0.00395111549191906
-0.934119730171867	1.21273807037794
-0.314012052618253	0.290330388773128
-0.873528688929196	1.08044262739992
-0.176102755264576	0.139198633084167
-0.205348490137819	0.198367262939188
0.0481297247335009	0.0294100548223465
-0.00725926635893486	0.00506315399857263
-0.279760549877807	0.259954965394766
0.107970974809828	0.0933577677392774
-0.127981400738785	0.119160834754396
0.0104628753668551	0.00738214524484117
0.0236649063044016	0.017973456524691
0.00201213578338603	0.00123579965679678
0.220738049532136	0.219607703557674
-0.268047494313506	0.229771796191208
0.747224882202889	0.986596642552645
-0.538677460013481	0.586934224143564
-0.0881976739153985	0.0663716931842891
0.83840161863076	1.05204459618692
-0.295371533013216	0.319514905668564
-0.687933612994609	0.851029316667314
0.489997049988338	0.518063447811493
-0.572423519298965	0.6159064137791
0.935030553192825	1.13744128938139
-1.43510343674658	1.7528010923012
0.0227429861587243	0.013065110985566
-0.699974473419959	0.499646608059732
-0.627376112595019	0.302942250869236
-1.35277092862019	0.857158657311437
-0.414576507833295	0.175491106739159
-0.0820685445736253	0.0364020461771077
-0.122613657977179	0.115558987769964
0.165640701546586	0.138440276541452
-0.246757018013369	0.214255321086719
0.444141596038651	0.496766253592057
0.873490334964748	1.18163734814255
0.252336235489964	0.215855071348536
-0.142134651509874	0.128909594190974
-0.267318710783121	0.252129250464222
0.626843650661826	0.825740240730571
-0.578582441558834	0.535559606986554
0.161412148328764	0.118810230577255
-0.946115590192536	1.44968096437978
0.0597998040668795	0.0529233851616505
-0.705502527953272	0.887921262946893
-0.244829018195208	0.233217488072561
-0.17466898391527	0.141874302065377
0.159610594539507	0.121584246182083
0.84804162372362	1.07076814041886
0.779036809103731	0.93120867540589
0.182980341546292	0.174130078983599
-0.678591246127072	0.76118850764003
0.796102986535722	1.18347053150765
0.502008797103532	0.518235304893737
0.249671521848497	0.206225849034167
-1.03874588554775	1.46041807774176
0.00763952627116121	0.00538958865795144
0.354447291211955	0.384891213815499
-0.0929422445046146	0.0577235111483301
-0.901465038416076	1.39184719942226
-0.0596681429181424	0.0527455344451368
0.0727750960093496	0.0527582435300451
-1.27444310617514	1.85671305001176
-0.144332738194701	0.131167343257224
0.022534387237751	0.0175998868756648
-0.347352229165129	0.343560057830879
0.251520332640565	0.227382090266209
0.0960344706319699	0.0787152501122731
-0.0942233193292277	0.0710160514216443
0.104326379227439	0.0814545842995375
0.784490207502201	0.845840286910776
0.0807886949270409	0.0606200240595673
-1.15584136140459	1.30384304752826
0.158110017008416	0.111851249880023
-0.601809887283349	0.448749623505242
-0.805636338138855	0.443609513732154
-1.00417383279281	0.506023554653868
-0.711334245313815	0.577730622691579
0.0523581219541545	0.0335561597788833
0.164026510867354	0.14035112912649
-0.193500260383666	0.170802876668344
-0.556268236014065	0.562477710187627
-0.535886859162662	0.582745477720952
0.237376810733514	0.2394927237958
-0.396633809422165	0.316844556462646
0.497296914201435	0.427596628939931
-0.225182172161614	0.232588371212221
-0.688811461934253	0.776517292642939
-0.507338320132605	0.657731601053284
-0.813776378165354	0.714772922466338
-0.818552035945755	0.641362286503482
-0.18460989862458	0.146920150167027
-0.213385364040278	0.167726220968034
-0.914541496072722	1.23863786754721
-0.483353662151832	0.459213570796723
-0.201317173552808	0.157035399739394
-0.606216236121789	0.729548809310837
0.309527856587316	0.296725985854599
0.311908939021143	0.187732938070752
-0.0538183081943468	0.0352855893681826
0.0884737626398775	0.0703877007116108
0.461709990326796	0.423541944611961
0.252971039290007	0.216389263043288
0.0391270077916626	0.0314762432476228
1.14151964042915	1.41221670885819
0.102930079506166	0.0777926762687965
-0.108054461230433	0.0902270051407193
-0.171915712863703	0.152977772889624
0.173559106735135	0.141745386007059
-0.498218546925725	0.503630140079546
0.166681425233916	0.127552824835886
0.66783403937074	0.763798680512991
0.0728968062980114	0.051017364060384
-0.242347128337183	0.230333376891133
0.103969115812357	0.0916011042072478
-0.467950370909439	0.480181921460634
-0.436357386916271	0.380271685644484
0.179531519799475	0.151192708675625
-0.411238905634981	0.331560820412824
-0.198036094175302	0.134275225671267
-0.225302761821076	0.192793293423213
-1.11206287469487	1.33668201997673
-0.407796411448229	0.396247922664351
-0.405020084278636	0.392783175833645
-0.89083287515818	0.909345971257825
-0.930075214993277	0.791540790175662
0.29361094476319	0.188909366515275
0.290595334350693	0.187061893143771
0.42756477352697	0.171975522232766
-1.35509533740331	0.860817801471382
1.216700721895	1.01825645551197
0.132889434394766	0.0634471155317463
-0.613849235370107	0.743080177789028
-0.240159852866749	0.185329440043583
-0.127568894123421	0.0927670198078918
-0.129916796212058	0.0945928489995872
-0.303160099312936	0.2787886177188
-0.35901227824185	0.29274065708305
-0.237288255314178	0.156504862829003
-1.04502975006293	1.47480233715415
-0.32729104689846	0.27213662278684
-0.50233120682469	0.612942947904905
-0.888829588688079	0.907118748231969
-0.598741047218627	0.59640431730316
-0.0408701534041523	0.0319782847741701
-0.0160077690075742	0.0109679979146043
-0.125415232146201	0.105997357190531
-0.70115093751481	0.836648265823167
-1.75881457669031	2.33453033342807
-0.237167925237963	0.182897464263384
-0.265560945743297	0.200285172042691
-0.624958784620684	0.519897815502169
-0.7269307123517	0.707439195473131
-0.0803791097040835	0.0616286303882174
0.432653787366478	0.419209843171976
0.427127126298503	0.412884530784568
-0.0141891870401889	0.0098438669305526
1.41769234049111	1.60388853989383
0.407495539859885	0.307461104242834
0.159774295802824	0.125470033932803
-0.728714380835285	0.710398523660478
-0.0699916946630108	0.0447300481864535
0.171670458486182	0.140051628148922
-0.0971588181974345	0.0822316773802932
-0.41702618104555	0.372994201062961
-0.29158478954641	0.245869202786447
0.519218112987556	0.523724804270334
0.722391231346545	0.70181280582343
0.0925964179895791	0.0774433475824173
0.604137934674033	0.73201124129117
0.573644987797486	0.630556331260896
0.0751415786556579	0.0526643892907065
-0.0238675343636118	0.0122392201446032
-0.358976550918786	0.293282915241526
0.0682400039170314	0.0476352769651431
0.0766694384124933	0.0556752452957298
0.0805522000642964	0.060392872590381
-0.168909963317149	0.0971999306344084
0.164423869248907	0.112108430063636
-2.8008561375356	1.91210046041312
0.131516546146559	0.0693026647781535
0.688129634877176	0.449372943023226
-1.35310548344178	0.858853174028594
-0.0231161587931037	0.0118778517953465
-1.00846605927864	0.507906940676498
-0.170601074589695	0.0984725235780356
-1.1547506215075	0.354173653078364
-1.83482918178446	0.757249944313784
-0.866583996947055	1.06925812509188
-0.277920542568324	0.257791020383728
-0.523466339647634	0.402960495500761
-0.285838317129724	0.240077668141369
-0.141994692353788	0.115949261293037
0.250375855106996	0.232467405369946
0.3631266991989	0.31794200491504
-0.49287399924912	0.575194754932814
-0.283706103651767	0.264253291556916
-0.457149459145051	0.36001466460219
-0.663345547312787	0.839211547262465
-0.812961417785275	1.0137423918361
-0.553278808750317	0.635138115998236
0.50664359891563	0.436828554175989
-0.199950529387412	0.177330670344804
-0.977230640985758	1.05746682302231
-0.715883374566355	0.639648578694615
-0.819361021953005	1.07823152025563
-0.385766953738344	0.433096218016706
-1.11964421955243	1.34740053531508
-0.174121336820052	0.170372936534722
0.167691315388472	0.144141770775363
-0.026708156399539	0.0179191610604357
0.45849999644714	0.418535634213625
-0.534589494568341	0.713792053525485
0.850567540440294	1.17129991518961
-0.398407863910091	0.353253109307105
0.0642542735492562	0.0448779593030167
-0.43021150105544	0.410014361938814
-0.0299711684271556	0.0200942278472075
0.0806116496488466	0.0586294291996604
-0.105705450462348	0.0659168213224319
-1.7598134767992	1.96048761416527
-0.595829471882812	0.442530497833082
1.75851136347314	0.984599486680148
1.25404658836989	0.690986647971914
-0.326156286738261	0.151481333021704
0.577889008184146	0.299844258167883
0.130732289597403	0.0687328785260601
-0.71788110653831	0.64282640391456
-0.514433477555663	0.273807799168182
0.587417647292986	0.305327540354158
-0.51340373337913	0.272908077253127
0.261545612646331	0.210359292766047
-0.364674316747012	0.328012023455442
0.167783092614704	0.128451618187849
-0.167758256735911	0.0968184500545724
-0.0072313900996491	0.00505080436360718
-0.291768527817859	0.245667245327026
-0.309898264508047	0.230303044724741
-0.280622505588904	0.321262551058323
0.24098755263404	0.227915955129529
-0.470380622144859	0.481995964746349
0.164295641306509	0.125370404721458
-0.132224385373655	0.0961856174212213
0.392720766030106	0.309824854319139
0.055546175574435	0.0386704227413424
-0.0963279750705338	0.059892616467721
-0.218029071089602	0.119158352030413
-0.0462340532666379	0.0302728816127985
0.0424583820192465	0.027272009704116
0.28749968252163	0.207328127233073
0.373057425859705	0.317185634363871
-0.814161620750231	0.960803476696463
-0.21339313203882	0.167764024218856
-0.121142265026868	0.0877866341933967
-0.424239028361522	0.244339634124147
-0.362968937519346	0.296882256094822
-0.274844815768473	0.208624573366176
0.560455841695534	0.534845427223226
-0.0971250258893452	0.0733127239703132
0.451188442742745	0.305311875710812
0.103909449998381	0.0876013708002467
-1.2986239741327	1.44690576154042
-0.152815673022104	0.109146962634905
-1.11810797843392	1.09902687462616
-0.490500804886113	0.492407536973009
-0.154443576374127	0.138509574915442
0.447126164370987	0.300453479718318
-0.857251278111052	1.11039109837479
0.438566273177183	0.488656797331244
-0.373051098169781	0.364961843536526
-0.087622763768844	0.0658937503043539
-0.0320076524767504	0.021443376153404
-0.698221522418343	0.498287289131353
-0.0713298816221193	0.0455744888025435
0.382016280536806	0.313491634667871
-0.284705191660873	0.181231093170283
-1.04253436899806	1.19192529683525
-0.970397589625624	1.05181430532744
-0.240068754661322	0.158252391649437
-0.494387344554875	0.427254861722504
-0.266364143622442	0.201121782498141
-0.106225954479653	0.119845748139814
-0.679263066244817	0.762464449048552
-1.00295635258935	1.36617016985343
-0.626901256887315	0.670535797891916
-0.197571079710977	0.133878310571909
-0.695564150236053	0.4958386411042
-0.901502429377904	0.845709687247466
0.250714585307905	0.220294383626642
-0.211764271682142	0.166314068648212
0.281115500541554	0.191900662701298
-0.535229688526196	0.205150139645459
-0.409824714244506	0.365152624493202
0.357167389930061	0.322303628310727
-0.650792146873323	0.637647578010053
-0.143940956680372	0.102348001124828
-0.564066779565304	0.362548463392573
-0.582317879081779	0.539357636471056
0.17020981887265	0.110651019337312
-0.0656834327245675	0.0419353794031408
-0.554625725565332	0.472117118400398
0.169859234522417	0.163453759317351
0.301117789079182	0.302082924504837
0.324444008853468	0.314698324465228
0.684397439975566	0.858012354762136
-0.438313257955253	0.454776757415217
-0.168365423094055	0.152635976608323
0.17901775197787	0.169822656406812
-0.581929231049819	0.539331674047229
-0.369777725865256	0.36119004275493
0.130561086508529	0.133321854478224
-0.72928331760277	1.00986256680395
-0.237978653071999	0.243128659892835
-0.55563251067781	0.473197294394908
-0.211476126206159	0.165977682078096
-0.495898561719948	0.428337710983975
-0.295472745985009	0.188843755943269
-0.358542155458563	0.219013325255963
-0.49453596722549	0.426074917895093
-1.24364530503356	0.949330909541376
-0.0787275294464189	0.0349281669469604
-0.0703220819513747	0.0449598008189423
-0.0652762005543434	0.0496399308716314
0.0608729570657813	0.0424310044579317
0.163839082698202	0.115938112156436
-0.577021667271466	0.533440772107937
-0.0111020992036306	0.0077121338756221
-0.246631168544903	0.19096950004894
-0.120784164844765	0.0723989129897674
-0.726068976685121	0.705731779516617
1.13126549386902	1.39632129698693
0.166049039787431	0.138788865968805
-0.403419175262341	0.357993087416095
-0.207413687931179	0.162374206609746
-0.736195703083699	0.771176910715922
-0.0928138190712983	0.0699827135726422
-0.0956176083406796	0.0721494445052878
0.822448708443761	0.860992448933559
-0.548402558412111	0.4641290020664
0.390360747099963	0.321268475918523
-1.1469514273489	1.28615601781938
-0.805951509721008	0.831246226582733
0.0682198351500241	0.0493030572571302
0.0641260437605084	0.0431803987998477
-1.77289957592219	2.70724124014017
-1.2858146864422	1.42532319023628
-0.0570603784678281	0.0441105874965552
-0.39907915228234	0.319565683326548
-0.267023551106215	0.228763011116079
-0.330328877658636	0.275360465169445
0.550363686342232	0.615825557093613
0.173234857008735	0.137134693393848
-0.0896500345995446	0.0555810893047127
-0.364599511897522	0.354351064734434
-0.504987375827087	0.512956626816351
-0.890536453360411	0.907595355177136
-0.671687096606669	0.709815011366345
-0.555522546287825	0.472038624642864
0.000215857009737156	0.0000961659813352486
0.165899227584564	0.122602645234392
0.17025613006413	0.138715698258159
0.174191630565714	0.138054337952866
0.027510275984772	0.0168813171129621
-0.293841970609239	0.248029509692407
-0.381099998866488	0.345389653444435
-0.0879741763617113	0.0661589269498105
0.173556686665379	0.128684215087624
-0.357941632224484	0.355654891319078
-0.0200793884986437	0.0163605742698452
-0.13616905912718	0.113454035313272
-0.456770110618013	0.359665215443535
-0.264069674495245	0.225620326792826
-0.201676798490474	0.207920340464754
-0.550793409277893	0.467550536610881
0.070202816542897	0.0491596276208062
0.169306451764182	0.145559650630465
0.672280493271066	0.837384243160721
-0.313356190929613	0.233380855316629
-0.247164897617055	0.164093880020015
-0.316747659327158	0.314403398009255
-1.62151002593496	1.25614320975648
-0.456504298673777	0.359132502571131
-0.815387490619533	0.635811925800284
-0.494538086567376	0.427759723253368
-0.209351908486019	0.114320496105261
-1.6304712130631	1.27083794996585
0.5624013958511	0.448050058029314
-0.610993314330486	0.64709648678429
-0.0581882332095024	0.0279013771612736
-0.790915535833048	0.91836877604898
-0.261654967507703	0.223370758642048
-0.699264283778061	0.836249734524568
-0.435842468641028	0.417291815554701
-0.507613270940093	0.51680621246234
-0.599615638039842	0.596280781221715
-0.358069726069621	0.292344500266051
0.0301064485394015	0.0184545112574831
-0.0319987264764128	0.0214638032463804
-0.586574051504301	0.544518975150078
0.860076475992842	0.986890315887427
-0.812448433810117	0.711513347433305
0.379091598648139	0.309665174574623
-0.0611553978613842	0.0389833328701216
-0.523442435155266	0.402832078628032
0.102653663691887	0.0843877058823463
-0.349362739666496	0.21333442976868
0.0985994253185243	0.0808442237056911
0.557321105759425	0.443306739375303
-0.234165307169266	0.179946193601256
-0.122707920717808	0.0891215205057778
-0.484457917462638	0.327830107772129
-0.316377153233701	0.261551565851218
-0.059785462179805	0.0462725554545409
0.162519244697996	0.110791112098189
-0.165962894483057	0.134265315114972
0.937677724678824	1.14036358966669
-0.403446678598792	0.420807460765089
-0.493466248268319	0.426400066797664
-0.257968375520944	0.219321904477894
-0.031762232878927	0.0161602764351348
-0.514904041419268	0.27427589806961
0.135396832233716	0.0457734074737837
0.308224702475345	0.185370072992272
0.32060758221364	0.177049181465117
-0.122978890800926	0.0495443307552067
0.442163511068046	0.415588334235461
0.621625646871042	0.652923717202365
-0.812494804194422	0.542940204618977
-1.01951949625862	0.931321955853611
-0.36216348637374	0.3254015371476
-0.326397087574153	0.295840882462065
0.25500496427953	0.218368900807248
-0.887516728815215	0.975334811254496
-0.517962195777057	0.482105194308053
0.296887119180333	0.177844279568342
0.509251904486574	0.439805219638953
-0.325521137873385	0.270795525580216
-0.488525416873001	0.420503236037016
-0.923881072311233	0.78503844586363
-1.03807469446101	1.46065350142189
0.877081277024732	0.894002738739801
1.06722097548739	1.34798340639749
-0.17885560536895	0.141759273424021
-0.103899318105014	0.0767848321961552
-0.361270622754386	0.295536297840573
-0.338582332058024	0.332919964935327
-0.370207189922505	0.333087670790618
-0.467466354089582	0.439399896850588
-1.08068864729802	1.15549072239516
-0.558882615236976	0.476073993688601
-0.0287027415993769	0.0146489968800099
-0.26864501757936	0.203386970248223
0.014950948558115	0.0109882558591035
0.346809241878664	0.300865795830329
0.263934724934624	0.204803791366367
-0.0187882428322911	0.0128624336582295
-0.00857235154560935	0.0059670000043243
0.380206904505504	0.311477493319988
0.170442427879962	0.130463897964417
1.68631203565642	2.28337204936111
0.257140390449687	0.226932118192749
-0.866830308378819	0.93823272519438
0.165636728171814	0.122329377193989
-0.678406681965233	0.408186221984686
0.530166932840711	0.515497378759688
-0.19375515304208	0.155055717322987
-0.265075641958226	0.134597312887235
0.0489453920484674	0.0314685056769788
0.0469120947239126	0.0301606707473114
-0.17084562806384	0.119071037585658
-0.229321188797506	0.0750375888085326
-0.601164833344722	0.447127901955555
-0.733261269057837	0.764032843584148
-0.218417526285701	0.191325602979502
-0.434515792084956	0.449773746472766
-0.29182696864267	0.24593170382519
-0.268121809216452	0.253389391773319
-0.127355277971263	0.0927130443423588
-0.488346214322736	0.331244354332969
0.277753567537915	0.208513996209147
-0.210538963621223	0.11449591266521
-0.0481885552900586	0.0315586330491802
-0.62519244486668	0.521354327217413
0.710662107789114	0.590448448205155
0.825837909771543	0.746584060197335
1.1250333337053	1.15256494916242
0.855368686664927	0.976264116277929
0.430824840115188	0.417267988417682
0.0518781318122254	0.033317262662831
-0.368601522464989	0.331734051774382
-0.0816716790445826	0.0523352648216631
-0.0520079206096283	0.0408327224993903
-0.603610777754428	0.603003271207419
-0.116311903832834	0.0694796743231635
-0.0733938628569072	0.0468951202561721
0.334770284978403	0.308385455397539
-0.442715682169847	0.388008553731635
-0.697055233119592	0.495388789164652
-0.451818736822961	0.396899059213965
0.000434946146598655	0.00021480271605612
-0.73198924201256	0.713309379189017
-0.809952874856924	0.777834971337039
0.173705102392717	0.137717632552814
-0.145835821201034	0.119375097339544
0.396724771725613	0.399948773039935
-0.291879829221511	0.245610641175873
0.0648272361543339	0.0452418992722945
0.171828169946402	0.135921823717615
0.267819248928712	0.199786142888752
0.391109894738701	0.308360224067336
0.667452460958287	0.580171723393816
-0.428876136654839	0.246855880332276
0.167321895175489	0.13213745900324
0.564558330463354	0.538703117146415
-0.875125680767303	0.954088178887955
-0.811453720942441	0.447879338987012
-0.170601074589695	0.0984725235780356
-0.100879290096842	0.0763138653328189
-0.483443920828461	0.327765455727771
1.05063865018401	1.21958398127994
0.145547702663049	0.0832642987594184
-0.423629820931882	0.242951283658031
1.6639634179305	1.92946061313931
0.718730897081228	0.59875042264146
0.144594418075166	0.0762352232222532
-0.700718690184571	0.564503188321379
0.172889100711437	0.132494147931383
0.0373614904148671	0.0227942427713486
-0.15922237008441	0.091604691837711
-0.817150532277075	1.17494396937418
-0.724378107617711	0.703600428310308
-1.09577827377137	1.40379218330113
-0.147993922366505	0.121391048674996
-0.231806243203928	0.177956031858096
-0.471869640490302	0.44579708946844
0.133604139296825	0.0639670357985834
-0.246143476597121	0.162753399090604
-0.918609828773932	0.778939558106272
0.780260640208411	0.840917235880207
-0.0281988943848184	0.0144209040069324
-0.363644395613913	0.297910943655492
-0.307670576771435	0.227919856970205
-0.0374564553983145	0.0250879833224026
0.0438494940827621	0.0281514925983016
-0.071114966778107	0.0455248343576512
-0.174501853913099	0.121857312950104
0.0655154267448818	0.0457322989012676
-0.352723697817871	0.25515944411774
0.165998566053742	0.12691917789182
-0.0873146769037575	0.0748243834174684
-0.200700576628197	0.136106799318105
-0.306185146763342	0.28209961632368
0.436203541802787	0.314651804247326
0.341424232171353	0.315932836392141
-0.900467361153107	0.843838185722687
0.708456455819556	0.587066036679224
-0.326879276617185	0.296120560850027
0.16453285798498	0.140975777332449
-0.34243949139079	0.337447281638983
-1.07011061879182	0.872436045842819
-0.0309725955038169	0.0207602962195496
0.00171001548652035	0.00123008398532846
0.0172350457049591	0.0130971257079746
0.00404412030837066	0.00286447434743051
-0.712126392242434	0.939603996097806
-0.738773093477359	0.824267713448788
-0.543084722046392	0.590985923257305
-1.04158325318629	0.418585395243696
-0.241156977507758	0.0789592581942133
-1.85518878761268	1.17977835930105
0.133819165620387	0.0510753044937369
0.125266553220913	0.0478855000109743
-0.741514061952099	0.257437556377308
1.22653465574037	0.845877160255437
-0.160061280688517	0.0583136921813335
1.2128501404932	1.0139485111315
1.75614779437449	0.982842945881822
0.0207547367714624	0.0119951445540684
-0.419362064307265	0.177688744777064
-0.401708372459356	0.357015620919056
-1.18897362198673	0.675564151778305
-3.08991345953591	0.960747174631736
-0.00488751483850987	0.00255973674332592
0.127786664589047	0.0433722500849783
-0.821314537059386	0.551901332734952
-0.487525848852664	0.33086636331088
-0.205605837024485	0.160852131584105
0.690657701766856	0.452106539293861
-0.168280676624519	0.0613309275118674
0.136370194837747	0.0461713984476248
0.770812834825096	0.45885518311805
-0.630264637780198	0.306854983141789
-0.506935156071818	0.269243530381023
0.803676101253231	0.338560822354516
-0.336445356250298	0.156826104557485
1.43128484118351	0.887840612898974
0.927490500606075	0.622854574687846
-2.25977332228819	1.9147097155905
0.164119990902901	0.168762968799203
-0.558688066753627	0.98829243203067
-0.5063703934193	0.619342917713873
0.176836400867983	0.210640044840715
-0.341786725034823	0.387992678476312
0.374121545497923	0.534715187474496
0.120102297181927	0.164815721230858
0.128916204460133	0.127139560919096
-0.0601849728032037	0.0466606351110424
-0.182918299090308	0.232874244447724
-0.148491561755766	0.228933632676726
-0.677757949179249	1.12445501138496
-0.261121974927691	0.222718193054645
-1.18138834069444	0.669088912855268
-1.85772693044255	1.71977151806936
-0.811128934907409	0.447191824235296
-1.00417383279281	0.506023554653868
-1.14972585591097	0.352042822396007
0.132620364305083	0.0449502398034842
-1.85781022212161	1.18273867792908
-1.18648690635223	0.672882608825773
-1.29977940239743	0.593783595840784
0.420839113677415	0.168996516764758
-0.235610924161799	0.0771351287707435
0.139947662100296	0.041632372501591
-1.29528558671579	0.591726701535928
-0.297624330942246	0.190242441345298
-0.0505895186876131	0.0243568444600755
-0.62747991981702	0.304622139923601
1.05680279106899	1.23054710480365
-0.0556183204186848	0.0267012708067225
-0.626781417742501	0.304966990645863
3.9173309331028	1.71936764839118
1.43892052960144	0.896667408444665
-1.83391433948043	0.756511402066625
-3.76907032896904	1.51568182757693
1.55909265169934	0.776229875885364
2.71847780043379	1.66767203686283
-0.510474673944536	0.270891724431739
0.482975414404131	0.303686743250901
1.2170952989123	1.01952518355885
-0.343460981856357	0.409704379493578
-0.13021345114357	0.141891785175843
0.0349462619520908	0.0287074905324853
-0.26478021904468	0.338756986975867
0.106571479606152	0.0976942869680417
-0.0927886275655215	0.0944408451241949
0.384388839486816	0.746746573829917
0.0140005044681849	0.0132232617275313
0.27407899903007	0.204834272846633
-0.329703642743978	0.495441488499842
0.101806082796417	0.142662368207453
-0.0615153390890568	0.0543394172887114
-2.48957161680237	1.41221866317164
-0.0781732124263361	0.0346498591430958
0.132620364305083	0.0449502398034842
-0.539003042837417	0.206891853429863
-0.263891522182683	0.134239415908934
1.75930782875001	0.985527496464087
0.42791787344274	0.17200805643275
-0.0857432064924748	0.0379580638870085
-0.166717281437543	0.0959830498892906
-0.172354825536987	0.099479451614604
-0.570677105811133	0.368354163751746
-0.0363938985660007	0.0243443699852719
-0.406640728561539	0.285506127462461
-0.993555096094066	0.999508258749383
-0.566534005780632	0.365152648629898
0.166672270113367	0.135605264660594
0.658599784278408	0.679293505392134
0.83215959219196	0.608599350234734
0.483812550935694	0.304355174727422
0.135679858700265	0.071507574193623
0.139389017348062	0.066674887823012
1.34007563220648	1.23043055977248
0.671049556577925	0.31339922760798
-0.028255798521246	0.0144063612758493
0.265677562530634	0.198002202601918
-0.277104982514058	0.210756329898465
0.435584698808108	0.313783826754019
0.620349774776754	0.815222170446824
-0.605332260786825	0.911951175416772
-0.507687486413978	0.516549767834911
0.231942041238337	0.251440775391069
-0.183749001033753	0.180762659314626
0.338594663680477	0.395197737295083
-0.42700371973333	0.605748045737109
-0.406855787264019	0.425155705728848
-0.197120837520306	0.157866688791029
-0.0410600398383416	0.0399487240795999
0.1368009920512	0.135638127582465
-0.0648993744867941	0.0556523776973557
-0.81332331318328	0.544965832341186
-0.567812854223586	0.366059594826391
-0.694036612709111	0.493104197080903
1.77399188278707	2.52641942979958
0.153712888669093	0.104172530124625
-1.02112960603008	0.931344885772496
0.00269463554967031	0.00141487384273036
0.129091541488257	0.0679243838877809
-0.368465304895136	0.107151020414935
0.130691491576705	0.0390421182221926
0.128985887415983	0.0492872066083608
1.25605875448629	0.692521730141183
-1.18257131817172	0.668144543892836
-0.59729162538928	0.444278195315417
-1.47298743306272	1.33732095903837
-1.18518562190076	0.671777571048883
-1.50824890096741	0.776614223925892
-0.577891954823912	0.372566083812868
-0.900177169633139	0.920891542313081
0.583533286480067	0.439271770484744
-0.325353119980707	0.151281894201858
0.149221878796223	0.0853225711258787
-0.118458300552698	0.0476887146360413
-1.74705044138935	1.48836999739659
-0.0458816807157664	0.0220984468950843
0.125438755776582	0.0539125712291976
-0.044839183580717	0.0216190819216746
-0.494767897321397	0.426383728972332
0.606303292139781	0.566893481037243
0.294002366126943	0.201212554751543
0.0239114515945889	0.0175796741011236
0.438535525098673	0.487708719949543
0.165266782487384	0.12611663644603
0.332067583612311	0.314659046149958
0.23848944950492	0.213949160975523
-0.682663125189164	0.767596941948043
0.0573605953334825	0.0486569020155667
-0.230732192149734	0.177135599987026
0.30581599584713	0.183964354176762
-0.27160209686222	0.250782601779882
0.122018947870845	0.119461086937735
-0.98566401783659	1.33291885668763
0.0679597940449563	0.0491339716539173
-0.266109884903458	0.227222909079058
-0.363528741664849	0.29786529537846
-0.553454424803239	0.470588546815737
0.150658343850209	0.0921945316895408
-0.718355766248002	0.643920535802321
0.158386174402048	0.107732848782321
0.413337103993463	0.312617723156792
-0.177101918995525	0.123837166208702
0.00356900939398957	0.00187429652220757
-0.952587996466011	0.707958172226272
1.14142563361405	1.41329442437161
0.136033469937799	0.0717407664071249
-0.300295339919029	0.192837521135356
-0.508667331676622	0.270377833435923
-0.123834534731349	0.0899689172178844
-0.813690685648307	0.634207275825658
-0.623114098870382	0.518950668868419
-0.496873705775785	0.429493906117274
0.425706706311112	0.171161852825946
-0.623219148614024	0.517520774827943
-0.268965114076543	0.203327748344128
-0.561243529603316	0.35989516904356
1.4228036455374	1.61313272100668
0.33835182328861	0.169080226154265
0.934388995646441	0.630795607175262
0.00282551372780581	0.00145843293268246
0.139740402804768	0.0737265825037822
-0.802647945613347	0.700288400302611
-1.30327320494811	1.78933948243531
0.162428543522288	0.110665935002078
0.382348921258673	0.313364829473421
-0.200271852790879	0.15582568070625
0.737532832211556	0.722302777554474
-0.111680716622797	0.0829017446538351
0.284553486642144	0.204997928787723
0.0708664023494555	0.0513199550490081
-0.241550051886787	0.186631569994744
-0.354393592482162	0.216731429783228
1.06613028399534	1.34597412199263
1.13353254509144	1.40127758697052
-0.236732968230577	0.182429780308899
-0.127365586199723	0.0764869391963607
-0.019000297650063	0.00982409758289534
-0.726142916174105	0.756429893562601
-0.665904179770534	0.70106090127945
-0.6167198362448	0.510895202950633
-0.1104514943854	0.0817864794715341
0.0800730160020109	0.058202802512356
-0.300902033116898	0.193188714015852
-0.0788156126111691	0.0603816077225594
0.145261292166963	0.0883473026610148
0.983058104468782	1.16468505007288
-0.131877425453791	0.0793466341528884
0.96997106425208	0.787127662660758
-0.119900761157917	0.071844353924223
-0.458343990542796	0.361289708468742
-0.703242573976673	0.501986616388963
-0.0439610554137857	0.0212040914198859
-0.420424849941728	0.178268943095334
0.324664885775615	0.179604414389216
0.304553972783034	0.182950169551303
-0.806877324041821	0.626477098546134
-0.976188003308756	0.606384985477429
-0.0562527313816592	0.0368754015813111
-0.0863690925012887	0.0382537768846042
-0.625670173867328	0.303791256789512
-0.41449005898684	0.292308311010934
-0.42508286799778	0.244774726639616
-0.217618042502576	0.118996233915782
0.438373977723786	0.293839244847963
-0.350695193143781	0.252957155995322
0.129326205294533	0.0617931920954467
-0.000242956576950186	0.000107215417383865
-1.47733165845342	1.34342337442949
-0.409415975884161	0.288087687092727
-0.527265913608512	0.406530105640594
0.56762452177418	0.544227320087413
-1.45510475827371	1.58063969842535
0.301008726843379	0.180907817439074
1.32173509539363	1.39379190697516
-0.023609054305993	0.0161013140371046
0.078039434298586	0.0566067491976364
-0.883596952832764	0.969793367812208
-0.44280257113574	0.424708993824297
-1.57643876019208	1.53936369899455
0.744344997402053	0.82037193382876
0.0539816762314236	0.0362337908748776
-0.0450648717940925	0.0294861602672184
0.508609768759204	0.525970164689184
-0.569235055362047	0.611083922503344
-0.285610484968169	0.239332162282873
0.330354728760409	0.303287015826603
-0.184731012074083	0.14669170179327
0.243571381109549	0.224965748997387
-0.446397238498241	0.392175026536278
0.302527266005188	0.181708297781657
-0.272366146131917	0.206621522316754
0.687841832536736	0.690398308407284
-0.496868672275094	0.430166221181481
-0.0941823636987028	0.0709684918805754
-2.56013905136453	2.69751022277507
-0.723533019961182	0.649480244468134
-0.438308338110904	0.42052758168379
-0.0170922406371201	0.00886791728387255
-0.489073414849661	0.331617745626042
-0.414557503610828	0.175513398695098
-0.336288316165371	0.156653632079363
-2.04645537742101	2.1738214602969
-0.539003042837417	0.206891853429863
-1.69320532908324	0.971042444496919
-0.697386588506202	0.49714058370278
-1.06197930391447	0.85939884187237
-2.65083471607336	1.64837477403483
-0.924082906077443	0.787215509235691
-0.948030950552201	0.705422163688162
-1.5205844472007	0.783434629775033
0.296456708052212	0.203376915825133
0.631096133557395	0.445348691281198
0.127139358897129	0.0486135320129704
0.129566273275525	0.0620577690433059
0.376445775837197	0.169123223292058
1.04769431158737	0.50900657345443
1.30691674991167	0.572884622733256
1.44081610528945	0.898097742692216
-1.8600871096856	1.18539736632954
1.3419002429351	1.23505024107777
-0.486276780452435	0.329997017215624
-0.251529953836216	0.167070122964068
0.0157145476022005	0.011952268171793
-0.475874524610315	0.450177513477396
0.173282274839694	0.149409542171692
-0.186981394299983	0.149061916781833
-0.262329058745803	0.223893529537634
0.0186557474326419	0.0141723632917592
-0.518756211569654	0.598415074917268
0.0748487906258849	0.0542349495497219
-0.603062986910736	0.450316602709521
0.613783152171876	0.893404143272124
0.180600561622819	0.201014823167722
0.301625009206598	0.310358553068449
0.26638667433329	0.228730130818575
0.772007247493716	0.828442964824765
-0.343854652384128	0.208940399290318
-0.945980193666951	0.700965884649951
0.150413633931426	0.0920667373073123
1.21583414197709	1.0175513623144
0.834945336531989	0.612128714904014
-0.165802028156975	0.0953119191744145
0.302915566402772	0.182045691472644
-1.36796287727473	1.14759751389151
-0.359904318108138	0.220242101754069
-0.416415534669314	0.176455021086063
-0.410287929413116	0.173525212006242
-0.747055356811924	0.259655588067032
-2.08320421117583	0.96142495426391
-0.50931008403882	0.270304207968905
-0.980675544012195	0.609549784589628
-0.420489867601679	0.241688966358714
-0.745575630010693	0.259159802580382
0.128193918224566	0.0489929274062112
0.501696921714163	0.432319778861026
-1.00226572798608	0.504507891976322
0.138209089805222	0.0466558053907796
-0.820328896297793	0.453218857592401
1.04241216060933	0.505064915968217
0.882073173610616	0.474794386552053
0.153578094797765	0.09385430682516
1.2515766669606	0.689788385908174
0.128209834564617	0.0434124098725017
-1.29512448214983	0.591490771636577
4.709120690462	2.87405017555654
1.066303429312	0.652482962870358
0.393516363865874	0.476176866151799
-0.954147332464595	2.02478479592387
-0.409889862804044	0.398443390477561
-0.390957565658473	0.502952115478694
-0.00876213148003674	0.00807648972776436
-0.205635148073436	0.23863469661539
-0.269391497336723	0.393067641268667
0.217948420871706	0.229668353095894
0.168799699928454	0.133558223044581
0.262047737143483	0.358439866063562
-0.336591340761494	0.579055539248575
0.0800548234566222	0.0745116273495647
0.141825039553356	0.0746886185992996
-0.204012342475331	0.138747338074473
-0.483678348924099	0.326862408062002
0.318445561629445	0.175940758234391
-0.367694289070983	0.301491984824074
0.520484510173884	0.299259371489954
0.510095510521518	0.183107702258822
-0.809963604563715	0.630818064941132
-1.19376206400863	0.678345819902289
-1.836221049943	2.15416406689155
-1.17945967845878	1.04370321926027
-0.807764562067624	0.893465685372437
-0.422178250589693	0.242389833562355
0.134591205978336	0.0766427158568199
0.00252550967184527	0.00130677190408118
0.943350955025859	0.63716984065008
-0.50188832043731	0.509138757021035
-0.73049919084772	0.656448869342143
0.903685818574766	0.785092916798341
-0.596525769577593	0.44389268487813
-0.786469190370634	0.347830565965969
-1.99913197173215	1.4042341542352
0.521755168374959	0.300388766163473
0.28025422846657	0.19118449735468
0.627982798842924	0.443260295146764
0.588937129397832	0.443485050132782
0.272307157659502	0.203978035740155
0.49964461313212	0.430029020454494
-0.618694285862479	0.512848015489504
-0.302494089646942	0.223541540646766
0.151933893601048	0.0930346167943744
0.592871351207264	0.550713772285278
-0.300798848363114	0.254609202965707
0.078517596472427	0.0569117930554261
0.76335560136111	0.714620643313436
-0.0231872870841904	0.0158238539339611
0.168292667514394	0.14830978415548
-0.806277946684579	1.00081975897368
0.162204158792193	0.115235167929497
1.02485648663532	1.41283737990851
-0.883853384160638	0.967051863027973
0.574227386119753	0.552060249946767
-0.358727602657162	0.292951198125569
-0.624911563024603	0.520666957496155
-0.0074860396486782	0.00390972863483195
0.592256281074592	0.447278506393742
-0.356547060934969	0.258837375245298
0.133184111334162	0.0638448148763491
-0.285219761342422	0.266120570577467
-0.719965312391244	0.645865312870407
-0.902369899637921	0.84556815878997
-0.41912895747232	0.240406899279093
0.377483186984648	0.308974437067828
1.25430116810845	0.692170239986747
-0.310468880581235	0.230827278860002
0.151857341268948	0.102856882197718
-0.21441255072258	0.146397680741805
-0.487992686514368	0.330850712532494
0.5143798694704	0.294418899172258
0.281700648039791	0.202302350017752
0.685141191039597	0.445819979343048
0.688310418231544	0.448584600167604
-0.298705364552009	0.220025371776733
-0.726869317588572	0.706936776083284
-0.580795446548266	0.538518929205624
-0.207694110134617	0.141332316921287
0.26770076047221	0.208362737092649
0.775927989386051	0.462881583169237
-0.0000205015999277597	0.00000913543806162896
0.580384404683419	0.301022912664782
-0.0480149069095887	0.0314334116614805
0.0360081974695116	0.0220456459737598
-1.49969073240319	1.05979631177927
-1.11655499362889	0.771873690730263
0.151789526134955	0.0866556445671522
-0.106092363831788	0.0661485195521877
0.0396898804175873	0.0242867071904193
-0.367505046006663	0.331163765737484
0.828520260942316	0.753343627977392
-0.728062783414365	0.709801268238001
0.0335139844029178	0.0205436487448571
0.596825081408964	0.556469413386356
-0.296105223101688	0.250065073501028
-0.286412467690362	0.240686682768926
-0.0934770740205125	0.0580629852106104
-0.476461649302471	0.321474905148492
-0.356367739272117	0.21793147476421
-0.370268834504983	0.304278864918285
-0.170960062844476	0.0985911024933096
-0.714990092401996	0.581413847381474
-0.425777006974025	0.244361362183641
-0.170912764961516	0.0622636754540297
-0.128909529330307	0.0776123224847499
0.138983315146558	0.0414025350222139
0.270504641336094	0.210971576223873
-0.512950289642425	0.273372069632629
-0.211475305846475	0.115572051561274
0.607954465253787	0.569566995741627
-0.169567910988516	0.0978988873992599
0.129162411818024	0.06184702534162
-0.0796638717767028	0.0353385202788546
-0.810726710215369	0.542030469852692
-1.17988283370752	0.667117678610581
-0.688754391283878	0.488147995827809
-0.376374895616489	0.309371235811392
-0.164387942822071	0.0946748838876151
-0.166940155876952	0.0963834971922764
-0.708092096125393	0.505368445959576
0.127368387880844	0.0487264991670796
-0.422141591089332	0.242095624683062
-0.484018701453793	0.328061548242445
-0.0854251761604191	0.0378431603717914
0.0368759636706086	0.0225706510602193
0.257584155489868	0.220646622592435
-0.117066190026271	0.0870665293002624
-0.0663396647222997	0.0423099542456826
0.0658073647404295	0.0475016106528002
-0.0547777427183787	0.0263097135910096
-0.0986013217400644	0.0613663930927623
-0.208629247820582	0.142407369750313
-0.811255273738073	0.541591864816557
-0.362831609086656	0.297225006753194
-0.627284383604873	0.305293930755849
-0.329094468580607	0.153485560574559
-1.28742267569512	1.42765433946304
-0.822652504973903	0.641587851584313
-0.721533290356395	0.64657100575386
-0.154738618370895	0.110773581757578
0.131029538502094	0.0444244541563046
-0.623549580468667	0.519485087324302
-0.410174506587814	0.329856858563481
0.0571617189793798	0.038426934865601
0.474708773909225	0.29722361911263
-0.364552310745655	0.328018931261617
1.12497421260757	1.14926871347158
-0.27302344563064	0.207068772538864
-0.300970710621308	0.222063889159892
-0.161639350795134	0.058865539068147
-0.416388182042155	0.293246306183447
-0.726776189223248	0.653134387034324
-0.217811253024439	0.149110814364825
-0.363619197342818	0.105894774191241
0.141238535963429	0.0806353352775048
0.0657594637118098	0.0443040570814837
-0.0777218211545146	0.0595166523234771
-0.0739031735498266	0.0576441589642796
-0.0612008973944092	0.0390107084407136
-0.407574098464612	0.327908520764844
-0.35073683462516	0.253444954584098
-0.0997604140179068	0.0621218114496571
-0.926771376194532	0.789012097343875
-0.596049762435779	0.443492011117961
-0.904067824906639	0.850122166979683
0.294198196505876	0.175824842926715
-0.267785192895663	0.202377719209846
-0.212375548678627	0.145191395588604
-0.256568491847095	0.170677621456178
-0.268063614560362	0.202655680973895
0.000787097930239395	0.000396079137113899
-0.249969672031179	0.165988512764169
0.13679559212673	0.0721250258250641
0.127619740298903	0.0609778549350152
-0.0499247343208476	0.0327017044881186
0.769191660916296	0.604311936128514
0.276872494317175	0.207560226124474
0.410838251065961	0.31058600221119
-0.215480459756751	0.117659391250496
0.151887428440723	0.0929098250702344
-0.295646004826168	0.189678057047924
-0.166346185687009	0.0956714755071042
0.938425787070525	0.633746422315971
0.277277975116855	0.208228112664764
-0.343596533762622	0.132110395304785
-0.463374286594655	0.366122600799156
-0.971437360535787	0.602482347993352
-0.30011375730765	0.192529324139121
0.43134291394804	0.310929516636086
-1.69107016721539	0.968675997618047
3.16271500561489	2.56949646404122
-0.127711182094813	0.0929855511226177
-0.814057672039339	0.54425771696769
-0.35565288119813	0.217580857446077
0.0177168305359879	0.0102600227490615
0.512340444567215	0.513454511518309
-0.551919139963098	0.468300077496295
1.05526199699947	1.228127080784
-0.81095946382378	0.447257894885346
0.277706240466258	0.189074525239993
-0.640111788894397	0.582691384289524
0.169780388439444	0.125697245154626
-0.24571854291978	0.162798672680545
0.499198404690892	0.429420275278167
0.0240982336641309	0.013867326896728
-0.123645373449286	0.0740300845126505
0.515783091083163	0.425093197432238
0.133507071589576	0.0509419762229393
-0.891933889624494	0.911659823862613
0.617215550931382	0.647368849899166
0.396633444386069	0.313430844716671
0.0769235212034813	0.0539874995872173
0.160991997567769	0.104464413559782
0.336799023709798	0.168312717275078
0.631467327888944	0.571082237399338
-0.246299381311088	0.163413939329262
-0.216545924627754	0.148127921386786
-0.569797358018383	0.367162518067779
-0.630276012006679	0.525743137643563
-0.127289770261177	0.0765010865654225
-1.11939546272613	0.776449567453385
0.255308705020718	0.204332900642047
0.288902719232069	0.19761307793865
0.448646890308524	0.30330401972869
-1.48026822281582	1.34735930789369
-0.459807439249918	0.362068183826153
-0.599784538396372	0.44682826706492
-0.26880892260419	0.136545702276659
-1.17750608597761	1.04357427227002
-0.477618585257616	0.323252360427558
0.302320137507502	0.181668818723195
-0.425985075794958	0.244883380934026
0.929910104040393	0.625890313506087
-0.078877013603363	0.0350056526528531
-0.00453500729447926	0.00237515650610901
-0.296115213363376	0.18995341299497
-0.908000524574349	0.85590584352245
0.313827668864756	0.173092922721685
0.122771436232607	0.0527363958085792
0.707770609116543	0.586946888519996
1.01116334256426	0.954372920209846
0.47998382552604	0.301175023000384
-0.420928404484665	0.24193630131339
-0.508014720052232	0.270071788281819
0.513662728798203	0.29358535318813
-0.586458355228137	0.543737196461879
-0.626599442940161	0.521915616682067
0.476776064765072	0.299336237912131
-0.42169982020647	0.297239828859104
-1.11243023999625	0.768755280205111
-1.36924579545129	1.14718450895525
-0.325369243482975	0.270693993653584
-0.170587174961871	0.118793945444889
-0.208629247820582	0.142407369750313
-0.705959278411202	0.570876586180076
-0.478636891265695	0.323827802651666
-1.17639859718006	0.661465664367901
0.131088805941653	0.0500514541295973
-0.172914969909869	0.120696012203625
-0.47483400333351	0.449485829506263
-0.261673600884253	0.132459556090141
-0.083068944211565	0.0366691855253765
-1.18388141863619	0.670801371285635
-0.786469190370634	0.347830565965969
-0.515959772977289	0.275013669296319
-1.57622276206503	1.54740599747848
-0.599017794760114	0.445708715418939
-0.0514602912504485	0.0246934278582364
1.94490896214274	1.21884737925609
-0.705982024090223	0.571334648395342
-0.996675484119628	0.500920171091431
-0.512268875909331	0.272449444192956
-0.258674492546911	0.131007761355608
0.124541313767228	0.0595944441759547
-0.629344695430749	0.525577665041351
-1.00978575699005	0.50806718114102
-0.358340149285053	0.26023331337589
-0.984861767527742	0.612161455373659
-0.638869769154457	0.31011557809473
0.287854026416462	0.185224216811316
-0.325314126744569	0.151399086880767
0.477256681356923	0.299378917799449
0.293353322664033	0.175390466450567
-0.669499513113542	0.401857419392191
-0.0267340864500323	0.0136799366695227
-0.975390633209517	0.606891452354238
0.121385170562335	0.0521298984684894
1.20680307296775	1.00430565447999
0.147211981908801	0.0371529932006973
-0.625878395666331	0.303123276597779
-0.568114077672259	0.36518169186415
-0.27082437311369	0.137720656215754
-0.919868702659667	0.781112770581876
-0.16698064175195	0.0608045830755468
-0.309271656159828	0.285452552432956
-0.422549423427795	0.243080120698811
-0.447524941753072	0.39231856095594
-1.11774137086724	0.772889503382688
-0.328512567410627	0.152882934099669
-0.359210135799996	0.260966728050482
-0.747055356811924	0.259655588067032
-1.04786382925772	0.422554751457188
-0.628578201049627	0.304869473263611
-0.979001095348755	0.609778612628018
-0.173482607550039	0.120912659713219
1.80610961993801	0.709606900893752
0.803413969531267	0.33795722026847
-0.0827604129776945	0.0366391727670253
0.432861473164417	0.174103376127633
0.479963077736871	0.301085740920073
-0.535361692204467	0.205038277144988
-0.0463222116476041	0.0223190991087242
0.676653719812964	0.316955102147894
0.138983315146558	0.0414025350222139
0.127368387880844	0.0487264991670796
-0.169883896372831	0.0618368277104948
0.97828440520205	0.796571316582629
-0.3519758670207	0.214744405500353
0.374073290858064	0.167964973658043
-0.0226947214266034	0.0116661253456573
-0.33305241037182	0.155303528575634
-0.424447277157623	0.179911651412099
0.803676101253231	0.338560822354516
-0.413761434958365	0.17508532022509
1.43570486791807	0.893158684185255
-0.538890908730252	0.206797385443168
-0.971365307145448	0.604336213377182
-0.730513902453864	0.80935673280313
0.324516992011593	0.306095075929505
-0.142260167233588	0.101041023395562
-0.806493871614805	1.05441312872582
-0.522575265630551	0.402106373289927
-0.489732873489049	0.467027314207167
-0.0666484509607828	0.0507290917498828
-0.137343839877484	0.0827435052652693
-4.01817667966541	1.76873594417854
-0.792680090086977	0.350591169840765
-0.513272759962694	0.273175218672746
-0.26374050491823	0.133857177128992
1.60033588297308	1.11748095714443
-1.51173197464431	0.780308699730874
-0.238619080974611	0.0782457591467586
0.420967379737451	0.16913923643217
-0.812739723387416	0.447118575042324
0.141934018068002	0.0422115362011609
-0.744670437196719	0.258381731549564
-0.161897426673422	0.0589503097022733
-2.79556967868805	1.90227213983951
-0.179745997069224	0.0652233796886995
1.04873940580309	0.509802214935004
1.56105813745983	0.77746395735957
0.633033318436675	0.670407427079161
0.360211883583509	0.16062723692495
0.432609510903912	0.174064034612515
-0.16617394898698	0.0605322426701329
0.13075083502815	0.0442922816393792
0.118557737580892	0.0453545359029781
0.149527783414501	0.0375652210591108
-0.367917894368281	0.107101339671787
-0.669047661791587	0.401483657672798
-0.668595886288618	0.400989899158572
-1.0424602576406	0.419767093556931
0.859506160394673	0.986569927450376
-0.166829839362822	0.135039998267385
0.0018501464714409	0.00149804244839401
-0.0322172456645102	0.0215941531018203
-0.806060262445092	0.94458758107081
-0.822602246581283	0.553291962291517
-0.630055962189897	0.306429394145344
-0.562374236900883	0.360996263277935
0.139884098064408	0.0416988824150201
-0.362166381635235	0.105626912484328
0.117770176891822	0.0450449291873593
-0.166461197604221	0.060635495321787
-0.171459560951733	0.0624735259319497
-1.15847376642875	0.355686548405735
-1.30343095456005	0.593852795062459
-1.36996963905547	1.14976753334249
-0.747055356811924	0.259655588067032
0.129821335166026	0.0495807397916189
-0.421212550689684	0.241743316669033
0.141019054487964	0.0475747975662239
-0.631289314708455	0.30706898772303
0.371845336738013	0.167081892675487
0.590367306114933	0.445315082003312
0.136084377685652	0.0460683789796626
-0.0830554059797323	0.036732773557993
0.132888220671258	0.0450543248212034
0.140176586815333	0.0473370975808659
-2.58453548475525	0.676764203908389
0.140251608670524	0.0738756771172661
0.0381440936929978	0.0233583441127413
0.414691189311151	0.41032940129069
-0.149171007889702	0.106466884463285
-0.365484328664206	0.328847476827296
0.161817797718559	0.138311497891529
-0.313084000883232	0.335942975597512
-0.146583330315922	0.133317835450279
-0.130788459991968	0.0953703670518165
-0.629170574348649	0.305570904739263
-1.18877209149224	0.673475657906044
-0.263979290100294	0.134236438248572
-0.364163724519504	0.105904858966181
-0.629969348089191	0.30650127053813
0.650086353252472	0.206202657488722
-1.83539757756382	0.75750800966345
-0.743325166733626	0.258205235128744
1.25136235077007	0.689385845375163
0.932829613639135	0.244963311679429
-1.15755644738434	0.355289941594665
-2.09426725327089	0.969284496520593
-0.415083137355912	0.175775517043565
0.127139358897129	0.0486135320129704
0.770673203060927	0.459302140443271
-0.162988659613012	0.0594305969388654
1.31631474411709	1.38555620791814
-0.415354340451682	0.175826033861495
-1.83875848168522	0.759162449562453
0.369982365412819	0.165938093028186
-3.46584456958788	1.25353297605489
-1.18867257192957	0.675253221058509
-0.463166959764513	0.364658548913807
0.305718118410936	0.308156038686878
-0.34908840989335	0.345330074530629
0.0842112711019479	0.0651096832958692
-0.85574841202701	1.21777496465458
-0.239279679807539	0.227108430652542
0.0560177749527456	0.0494427660164648
-0.732242530731651	0.713913380761625
-0.203179648158841	0.209859480350737
-1.16036845293823	1.88705413303108
-0.0864598493897534	0.0383093062416916
-0.511417147047862	0.271769410653297
-0.363305030281797	0.105822190302149
-1.04333787761146	0.419567920605661
-1.45085806937738	1.5685331547704
-1.04843348997268	0.42268378687421
-3.09370472754254	0.961571400894305
-0.362166381635235	0.105626912484328
-1.15345350292765	0.353548980162923
0.150481785037224	0.0377820806483386
2.09581547295033	0.939333405111585
0.807725583079554	0.340138610659652
0.653242855413462	0.207522075223881
-1.15392338036234	0.354212278509058
-0.751027518459726	0.261129168281002
0.146737983479964	0.0369987654124611
0.8015591888658	0.337184142757606
1.02730987438223	0.389285349271904
-0.231332549240778	0.0757766651054536
-0.262704726595613	0.13352076070117
-1.18488368785661	0.671371776212111
-1.84453084161496	0.761059866992795
1.76222868299771	0.988937089046917
-1.04169925001738	0.417830253742963
-2.58453548475525	0.676764203908389
0.148123932113398	0.037298775193441
-0.355642785136652	0.103485182800417
-0.362530893266771	0.105463937638037
0.0418089274995898	0.0255505424662185
-0.522870655989069	0.670085463592461
0.932312496738066	0.6289019498196
0.235139402586687	0.255722141903085
0.646584607953349	0.755607037480033
-0.771475329997193	1.11093623988795
-0.69775468627469	1.29985754684221
-1.63986309824273	2.29070390750886
-0.790273493952531	0.349226699508649
0.102892708903167	0.0865487280547564
-0.380138402091699	0.562859615747738
-0.104984163512414	0.0893637490418367
0.143337222216575	0.0426016228100372
-0.0817510717846955	0.03628092827398
-1.15847376642875	0.355686548405735
-1.30877073699891	0.595816570484158
0.130086183242594	0.0497328022504383
-0.234742791152061	0.0768644117133685
-0.458514382095855	0.361447097675396
-0.742182711888573	0.257807372285815
-2.58453548475525	0.676764203908389
-1.00043487315502	0.503226775995486
-0.74730280862006	0.259785520477436
-0.746480385939584	0.259149400296474
0.13075083502815	0.0442922816393792
1.31468004021919	0.577244755259019
-0.538988830342672	0.206637222810477
0.653242855413462	0.207522075223881
1.95062146582611	0.454190159391569
0.800275160873278	0.336278735520591
1.75218344028504	0.977504589910242
-0.634558401780338	0.308934493339009
-0.47451040347409	0.447451401523245
-1.83852721907032	0.758081437860242
1.02317008310264	0.387996770477132
0.130466375560179	0.0441955664955123
-0.238048417060954	0.0780891030505443
2.33907291366883	1.17576776874569
-0.514228170396505	0.273507511714178
-0.41589134448257	0.176294469844564
0.115589433436977	0.104823445350652
-0.518104977341489	0.910683652738924
0.212347823003219	0.222259607435832
-0.248849362963748	0.323916592166205
0.0118664214663869	0.0105061582674853
0.123224201073168	0.109874189743653
0.148582371311702	0.185645891671999
-0.47706316172699	0.513195786573179
0.409607354622066	0.309957150906896
-0.0930185441740859	0.0933317273584729
0.131870569010978	0.0446938595709682
-0.53973627715052	0.207373309478453
-0.966877246611026	1.43186548204157
-0.506465221439042	0.268855265857122
-0.118167975302211	0.0475958821832056
-1.28938794131991	0.588317996070523
-0.169662726159859	0.0616389469446841
-0.427948777596741	0.180984885677579
-1.80368476738292	0.398254084963023
-0.538151618981623	0.206588191897496
-0.238238452952737	0.0780615880676397
-0.537041550024437	0.205873852200962
-0.627376112595019	0.302942250869236
1.43146070068228	0.47602253118107
-1.30752186935926	0.597663647277694
2.54450931710749	1.41447458933852
-0.416988194270825	0.176346716037156
-1.2077766349579	1.26438898267925
1.05166013152136	0.51091249197187
0.135847164701347	0.0581971845107025
-0.543266856350763	0.208763548655505
-0.12552374511581	0.050348654338424
-1.15847376642875	0.355686548405735
0.509139648815982	0.183001422100664
-1.69368073749555	0.973091279262834
0.344451204866693	0.172617994655842
-0.127185053895495	0.105359757427631
-0.158116029955418	0.176083999625013
-0.876862690551874	0.959044330912009
0.0301741358876075	0.0278348272067768
-0.0562009685864698	0.0495554880646015
0.343313942401725	0.386278801467905
-0.658444484178403	1.09583782977635
0.31143388646624	0.307338887256395
-0.164333524416322	0.0945716010945063
-0.210162465566301	0.164699763563512
0.427535153338574	0.171836431360724
-1.15114881056694	0.35245741836246
-0.508667331676622	0.270377833435923
-1.4839567617459	1.35128448734925
-1.54183385012035	0.556979646258816
-0.362166381635235	0.105626912484328
-0.359911076994201	0.104872867536805
2.09703789272299	0.940172538936034
1.01881061691072	0.386619941894425
3.62559622686951	1.43343777832231
-1.5375444255416	0.556007810250909
0.426509628253346	0.171575902443478
-0.54298951890346	0.208686132634316
0.130086183242594	0.0497328022504383
4.37599053059737	2.28733476749241
-1.15019981108223	0.352703694647943
-0.411902493700499	0.174161097180311
0.429938313744793	0.173061238352031
1.43925987176693	0.479237157391687
0.648941210685989	0.205808664712113
-0.643889763897163	0.156661592959279
0.140785309842846	0.0419396944428236
0.652800991167172	0.207004492672909
0.128908083304086	0.0437239734052277
0.429138140572359	0.17277091636147
-0.745822468806859	0.25909130793883
0.647062702643115	0.756747575141006
0.108488713183624	0.0997066597619456
0.776449807161478	0.925811042513729
-0.292974490530053	0.293168262553811
-0.0476407018707128	0.0374259413036236
-1.76435037877525	2.34594141262986
0.10732252794776	0.120069695598858
0.338399160219688	0.321615974981488
0.128065802893217	0.0434680575192894
-0.0357725706931643	0.0324154992529343
-1.0642808222362	0.860719173063859
-0.64477214166203	0.156983480169134
-0.538890908730252	0.206797385443168
-0.883486141275994	1.03502794486569
-1.69425085358479	0.971805944335154
1.0216909072254	0.38745924007158
0.147685616873541	0.0372140815523598
-0.120773602676824	0.0486054526739146
-0.640820070260403	0.156173374069777
-3.09066749133914	0.959393078286489
-1.15067412918645	0.352834915266282
-0.359365673988087	0.104727737543846
-0.64834559013069	0.157812973783057
0.13903860694883	0.0413471671998274
-0.534393347384375	0.205023861194337
-1.80379071234984	0.398266610487963
1.02303186009604	0.386819171501829
-3.46584456958788	1.25353297605489
0.933710809861868	0.244826616527384
-0.359365673988087	0.104727737543846
0.648941210685989	0.205808664712113
-0.164225487551096	0.0598078265496197
-0.818859242316597	0.550569231340529
-0.236036093012264	0.0773277810609913
0.140184451576725	0.0265585662587612
-0.739537230825823	0.256790305287863
-0.643123124462485	0.156504140249688
0.513791165711859	0.185017905562863
4.38082630849712	2.28474203966865
0.146774179931898	0.0369732700828277
-1.53865164996877	0.554549078543857
-0.544950665032821	0.209183918510228
1.80429809838357	0.707492948913978
1.02549223592864	0.388513835126415
-0.188063333401348	0.149967644580311
-0.42009015470839	0.543254508918979
0.0652202626588491	0.0455548711089566
-0.0249164659273485	0.0223976292546406
-0.707081346776602	0.890630888658197
-0.870476129943277	1.07713228665229
-0.249936191863	0.32992704994875
-0.0543887458333548	0.041976310797337
-0.33786699743853	0.382473678581911
-1.04010501166836	0.418219287530912
-1.00149418077989	0.503717393127032
-1.15019981108223	0.352703694647943
-0.644006342900786	0.156718049862583
-0.641207204081918	0.156050090719873
-0.741848012858367	0.258096023054699
-0.547183091510055	0.550401241901841
-1.516180231712	0.78053140344746
-1.04786382925772	0.422554751457188
-0.64834559013069	0.157812973783057
-0.35900113863639	0.104616647983879
0.142206421270329	0.0359541333965371
-0.231332549240778	0.0757766651054536
-0.362530893266771	0.105463937638037
-0.237747525916144	0.077958682705542
-0.362166381635235	0.105626912484328
-2.08676081704898	0.965329892444669
-0.246607769456179	0.080675852517704
-0.243715857019979	0.161523466853058
-0.235610924161799	0.0771351287707435
3.62559622686951	1.43343777832231
-0.363074920327927	0.105749762822137
0.14103192177006	0.0419706320314239
0.142469531863295	0.0268725113483955
0.51408721869374	0.185096174251148
1.80037781238315	0.705873091583144
-1.15114881056694	0.35245741836246
1.31118731400187	0.576162678907346
-0.32302135204059	0.150090330879607
0.805204693550491	0.339371994678625
-0.890544582044132	0.909504583518799
-0.198073236872081	0.193917483905825
0.90752954802685	1.01379827499833
-0.344040951313302	0.339609288455107
0.165032141407204	0.117362285855628
-0.815833020597408	1.11820636510004
-0.0414088204951913	0.0402653124342631
0.00962461470767871	0.00679154499002963
-0.0527118658145739	0.0253496672301115
-0.518994102083045	0.276620962195836
-1.0464197700532	0.420992950185341
-1.15486421229877	0.353960755591684
-0.644006342900786	0.156718049862583
0.14311796249796	0.0361933240878638
-0.534119830392118	0.204770125602286
-0.787293285225393	0.347830224203347
-0.522141177110772	0.401661019740774
-0.742182711888573	0.257807372285815
0.764493073379205	0.454431721889451
-0.330383234339374	0.15410561364646
0.68473900987712	0.445653931177374
0.140458165206262	0.0418615852654621
2.54534851827631	1.41743394764208
-0.244336422490329	0.0799101684604419
-0.640433285495798	0.155891307450366
0.500298134301658	0.179400301508149
-0.74268646139225	0.257731156830762
1.59816401219386	1.11273746621735
-1.18498438624651	0.670029808030367
0.513219052715781	0.184783577478651
0.145429742663103	0.0366530573157977
-0.164339324198145	0.0599109386152847
-0.352322560475798	0.286425067323488
-0.264598166348107	0.316465508965712
-0.290531100222274	0.244827042800048
-0.302240798288012	0.304252304912368
-0.0519516184718626	0.0408491166211887
-0.230464797265498	0.283324295827936
-0.197249536282982	0.249084708275503
0.227288128759232	0.23232873645861
-0.0501880683020486	0.0241675506636703
-0.167448340775546	0.0965506941627087
-0.542704791685888	0.208593778995558
-1.83482918178446	0.757249944313784
-0.811937542523988	0.448511204429345
-0.625481845066128	0.304067520719002
-0.742182711888573	0.257807372285815
0.646495256830482	0.205229626326689
-0.245742362350826	0.0803898319792119
-0.542704791685888	0.208593778995558
-0.666194967282933	0.398055231677802
-0.811697182645551	0.447606175698077
-1.0430285489592	0.420216988954647
-0.786469190370634	0.347830565965969
-0.792008151205469	0.350994474519001
-1.04189216281964	0.418924226052755
-2.30041105118453	1.17944327209101
-0.41244109396436	0.174149439939968
-0.785979855707481	0.34735595560074
0.28846854787871	0.197511022614374
0.344451204866693	0.172617994655842
-0.120799851784789	0.0487069127433155
0.514659313486759	0.185330599053687
-0.121593828718454	0.0489641661787328
1.55377537205835	0.771791590380245
0.132055846316588	0.0447762654002208
1.43237272946104	0.476285559011928
0.651349240994328	0.207129762624853
0.803937433966823	0.338472481863912
0.150443359742849	0.0377633287087368
0.132718448314215	0.0507023271840954
0.0587559934011586	0.0378436713718647
-0.606200662542054	0.730394885936003
-0.0589120637212175	0.0386841232811073
-0.163435164877187	0.131754271708174
-0.194562260555849	0.171832283703357
-0.299518194381687	0.192069283969361
-0.0628706183857959	0.0477490505281823
0.0101192373587746	0.00933396845093477
-1.51768899885509	2.81349592320211
-0.212320904362995	0.115996656411138
-0.420448944185279	0.17813242029064
-1.15486421229877	0.353960755591684
-0.968347189399182	0.600541688632517
-0.704127449892073	0.502410195862932
-0.00151986962177728	0.000810506512938097
-0.206022917501716	0.140316763376944
-1.69664382151469	0.974873272100719
-0.4788817762147	0.323099253391847
-0.490574369968973	0.333561831485871
-1.17549759995105	1.03821191022458
-0.237747525916144	0.077958682705542
-0.801668009551546	0.354474352501398
1.59826657776466	1.11447539774335
1.94275657918988	1.21869028381565
-0.265165456496991	0.134866150122845
-1.34888612705868	0.853752973897626
0.158880866529163	0.107715681992316
-1.47612618341218	1.34072442240085
0.127632326063365	0.0547626704571631
1.22766410632187	0.844084994849459
0.432508806457471	0.310927672084958
-0.357909997986639	0.104187393238945
-0.0851067978648522	0.0377019577383759
-4.01355559579839	1.7650763449388
-0.116490965625942	0.0469648901038593
-1.35413449814344	0.85811462831692
-2.09115886201322	0.968679872642059
-0.973425997337785	0.604914660475219
-0.814414765844394	1.01410022275285
-0.568333262265982	0.609378878975345
0.667392545199331	0.580383242324177
-0.708365008221984	0.574619855744562
-0.498396006923207	0.43179947204961
-0.36178333805191	0.296044168059518
-0.322474646817628	0.267747076076824
-0.141601818754169	0.100627476248069
-0.350274165519258	0.370307644273332
-0.475264871808633	0.449747919259542
0.66660821357125	0.690088196116342
0.771452884052332	0.606888260001649
-0.942711083537745	0.69878414220021
-1.12175945305647	0.778148395309607
-0.821138611675956	0.453605447444927
-1.69292090676293	0.972715968176357
-2.46449908654077	2.43584295242167
-1.35502944610421	0.861784729838494
-0.61899709575747	0.299241329237122
-1.19376206400863	0.678345819902289
-1.12010442797343	1.09985266885338
-1.33917563024223	0.84403748412713
-1.18568502707154	0.673236912976742
-1.0690711215551	0.869599768828286
-1.44702900276734	1.78290150186816
-0.171217135368666	0.0988882213647534
-0.0507755974461731	0.033280007783488
-0.745066123446295	0.783099597199586
-0.153519002485916	0.137661977976056
-0.38457979473657	0.406100620215003
-2.13707366444087	1.65501873650786
-0.816886069840617	0.640002069581385
-0.211459008936852	0.115443156009166
-1.15830259457448	1.30914950662442
-0.262400021630069	0.133097398208554
-0.979792891019428	0.608944495378201
-1.47672100266722	1.34527844963075
-1.74623905876361	1.48873081987296
-0.538167038511063	0.20623016620555
-0.234171960321905	0.076605535671927
-0.490431844330274	0.333250852732921
-1.2678876004639	1.20277710987756
-1.69239843499757	0.972196555916096
-0.481280740717273	0.326408915139031
-0.812987001063581	0.544882806140888
-1.11466327038779	0.771304944503669
-1.12408819108203	1.10695148889719
-2.25385865457278	1.90456119306278
-0.428472030781199	0.24642666575675
-0.29037010152034	0.244509053684018
-0.569445293939788	0.365211255469755
-0.212708109993167	0.145329245034016
-1.18488368785661	0.671371776212111
0.340084809113917	0.169930804758096
-0.415083137355912	0.175775517043565
0.673987614483513	0.315299834517368
-0.970569477463353	0.602743426079835
0.123745541030962	0.053134029266817
-0.264345626631133	0.134482207269924
0.132915548409005	0.0635606906286475
-0.705079522005289	0.570013302882779
-0.323802203248154	0.34312998081388
-0.160796021942883	0.158582078559805
-0.483353662151832	0.459213570796723
0.167740487798371	0.157921798643649
-0.818194988296927	1.07542195298597
-0.407334711046284	0.45285757697518
-0.0437152612960352	0.0342056029099646
-1.82759074667665	2.87976443576919
-0.784669854799792	1.31080167440298
-0.642437450893125	0.732153586948297
-0.311908933092138	0.308662703609377
0.260942660985307	0.217143487724194
-1.01137643292261	1.30518360738734
-0.209232299243693	0.142882872324586
-2.14597177036194	1.66918335538266
-0.210300570608354	0.143484970570788
0.882580948043583	0.474988014574411
0.591966744278309	0.30818120031243
-2.37010358202541	2.17719571870042
-0.948449790384776	0.703954610377646
-0.703242573976673	0.501986616388963
-0.422955496723321	0.243459792570078
-0.294899621307141	0.188737354097444
-0.0846351485350611	0.0374911557959136
1.63371388735524	1.52414956491373
-1.11610181365242	0.7713845124163
0.138458264593678	0.0789521401014711
-0.208397823003364	0.142142181314583
0.70437331331952	0.580948218407834
0.163732434690171	0.132918265363402
-0.398411449482505	0.440400945637406
-0.667466621139839	0.399954503236181
-0.526586863877322	0.405199906432812
-0.513640217196683	0.273312852098459
-0.919554122998373	1.31185864134149
-0.948873699712443	0.705219597177477
-0.48251420886979	0.327489724791677
-0.212676375205391	0.115817887763284
-0.815819535964316	0.637463431987737
-0.700997185736422	0.499644368631012
1.08600444373268	0.821450795569421
-0.132272488896154	0.0796991007377737
0.577090935143265	0.299144877301989
0.32524730017793	0.179598838499555
-0.0806044391926695	0.0357458779715129
-1.24479187865954	0.950912453226337
-1.04760025472461	0.421186788735924
0.278197172482523	0.199292368593385
0.425189047913016	0.304921493397122
-0.333779476926239	0.278459308521684
1.95992424293845	2.31291520122582
-0.512950289642425	0.273372069632629
-0.291469010492807	0.245735357166824
0.150447605955988	0.0919911121714455
-0.201248008410397	0.109330733144595
-0.0385301789666096	0.0186252568239617
-0.548321944353309	0.210654126403204
-1.44965661708961	1.56707771719016
0.137420561523237	0.0722110692398152
-0.16617394898698	0.0605322426701329
0.836233704029796	0.762127518431902
0.707565179251788	0.585969154201187
-0.0535921995337516	0.0257519677510544
-0.412896419429608	0.291071700742681
0.173423867358901	0.153375580430033
-0.545766207302328	0.548316707418525
0.33886308070151	0.303220693161981
-0.213213196264815	0.186231026069248
-0.151384401559534	0.135400025561293
0.363892355059404	0.319016460443925
-0.142699257015035	0.116674364368373
-0.293266096271285	0.187199337540062
-0.590298952291301	0.547997192790006
-0.308360645394387	0.329886591844382
-1.38432648696205	2.17175447814614
-0.207930775682309	0.180743644511914
0.167808068895898	0.136621171042256
-0.803945135573895	0.828373615558417
-0.41329375086421	0.291327736477169
0.000634512420132888	0.000352325698275063
-0.166527618388747	0.0961367301070877
-0.127903216286939	0.0769512444845847
-1.45289813260091	1.57463373441255
-0.204482067868055	0.111313384036919
-0.709733567200601	0.575582699600647
-0.396390735279421	0.316237544503292
0.406170300847628	0.306660637660392
-0.223439103292342	0.153017084806419
-0.721306109580677	0.645932380891625
-0.927811368169598	0.789494212246259
-1.12507179588288	1.35810630859521
-0.122184114556964	0.0492063967765336
-0.709248004469249	0.575490369973014
-0.971000197254408	1.05076241909493
0.732764529624943	0.716177067971142
-0.806224257120944	0.834648058411192
-0.444025312118578	0.427423596170084
-0.301332724939641	0.193180564243271
-0.26404430200003	0.13393935759678
-0.240694403789362	0.158988183630904
-0.171186487150678	0.0988612258518813
-0.500539299171251	0.549040404574999
-1.22663549823781	1.45805729129532
0.481329574844521	0.302972226147493
-1.69674399969221	2.16041230764675
-1.04706056201708	1.19931995388249
0.87220945087485	0.886282750858612
-0.486788857601836	0.330680550830947
-0.00798703480519681	0.00413956210839598
-0.705092766650924	0.569330575910906
0.770198998039201	0.459187799080587
-0.359305006476992	0.293501481512513
-0.207329841223945	0.112944436547545
-0.409430870129739	0.329045036035211
0.281015379736904	0.191500541150207
0.161719957171091	0.104891562814583
-1.46231544167828	1.58765311400767
0.00110803714972084	0.000601225479607242
0.166438707135104	0.108004135500702
0.30557041384741	0.183924288432693
-0.00488751483850987	0.00255973674332592
0.632773226310912	0.572209824882997
-0.60318691908609	0.449474590383655
0.481421307933405	0.301925449225087
0.997765456942941	0.935111916001615
1.01456630438093	0.958210473083109
0.390360747099963	0.321268475918523
-0.151202908252144	0.1080910256068
-0.707265302510447	0.573217420175672
0.590064470461574	0.445632182745991
0.58424898837108	0.439716742937702
-0.724347337457151	0.6507118484896
-0.213557369314502	0.145985408322201
-0.625948057915155	0.521202449595666
-0.207482702970923	0.162540556087934
0.452510836515015	0.306751165508232
0.733507097677703	0.717004820055188
0.0503098378168872	0.0323211937021851
-0.817576179500733	0.639427784617591
-0.40859820136492	0.286917606446318
0.0546741513157549	0.0351896625335889
-0.223345117457376	0.214102553515015
0.771810320194779	0.460174955530068
-0.153069854292412	0.10947856274672
-0.993004813216587	0.997898667716514
-0.155268964368611	0.127779458007542
-0.586006473277058	0.543900716750207
-0.0500495660278053	0.0328176855547308
0.163184649193085	0.111045456756612
-0.308448841394338	0.229093583722031
-0.814526809206211	0.784335167634071
-0.147172993101554	0.104979965184103
-0.0967994782789387	0.0601056349036287
-1.54216483940568	1.77564373333215
-0.814039443818446	0.450109713535553
-0.694207348383866	0.49340821129952
-0.149831955799727	0.106734607555418
0.162695010568823	0.115556478732586
-0.025090854542035	0.0128590796098234
-1.07006040447725	0.872354907321297
-0.973425997337785	0.604914660475219
0.636482504841986	0.450254526673034
0.132356208285797	0.0694562185958597
0.291640773718765	0.174014373545821
0.0266735884834806	0.0153251342989341
0.0527685591601635	0.0339097429904355
-0.123065042690207	0.0739058029893078
0.15699602535125	0.106701249530691
-0.416406198179431	0.176293113457099
-0.621176187643801	0.301238719885307
-0.814370004130897	0.636777543858426
-0.823504938579853	0.553206358234541
0.0586869736008402	0.0393901135046136
0.832730677503593	0.756716559952443
-1.36270319009209	1.38206141001009
-0.0717077704499115	0.0458293527962815
-0.421251670083349	0.241931417385535
-0.307057997677902	0.196891530178197
-1.74663499878619	1.48715832714059
-0.141172464480444	0.0850463796244306
-0.293911726406063	0.187979815802786
0.138955638906358	0.0731932468394673
-0.704589545349527	0.502937311104128
0.415914249373769	0.315511646232669
-2.00796518041794	1.41646291771843
-0.101066389628889	0.0629670674210558
-0.00595291991256521	0.00308855494553253
-0.430118141891212	0.247785543092249
-0.810758271568703	0.711268196679378
0.0649314166984827	0.0436492998500165
0.130790400866663	0.056150506849424
-1.58110143825137	1.55158807733205
-0.0760118060031598	0.0337031664718374
-0.421773144683058	0.242419172448031
-0.976329648089416	0.607608921091153
-1.4391979543391	1.77078031799939
-0.6117039796022	0.456806735337402
0.310880129366064	0.171296868312414
-0.346436042983335	0.249557530565155
0.13783494805858	0.0786629214993861
-0.418054965375392	0.176960828068412
-0.322536872422511	0.149854138830521
-0.52036104207723	0.39919776662264
-0.129497731322726	0.0777746227788123
1.2278983774645	0.847224192673576
-0.712310547356912	0.576621489243439
-0.353743563693241	0.256154604940409
-0.0985043027876655	0.061325761622823
0.00835639223500804	0.00437156099414978
0.0292394582865954	0.017929257301321
-0.564496714701613	0.362828111720544
1.06376665328447	0.650646572566012
0.325386670552984	0.180092843284454
-0.00772860988733317	0.00401742667234465
0.584207450991767	0.43849035748057
0.442682537666005	0.297849742217735
0.287941883195238	0.196830563130253
-1.07191433399115	1.14103618905068
1.01122246177405	1.30222259651016
-0.252757489388827	0.214284898428946
-0.622394149502814	0.517999472836663
-0.025090854542035	0.0128590796098234
-0.602026792352408	0.448190382789384
-1.02339593827469	0.938454636837196
-0.519332158960604	0.396984758821677
-0.317795452980375	0.26305403790401
0.408333853190013	0.308839001362311
1.96557407500889	2.31894094173473
-0.705982024090223	0.571334648395342
0.124188031147653	0.0593580195131772
-0.564912104680725	0.363012898876491
-0.0777166917346232	0.0579609612292712
-1.2992199320744	0.59331319337503
-0.639955071873958	0.580767852216672
0.410775024784884	0.310804714856697
-0.807523600369033	0.706061138595737
-0.00140440743009223	0.00107981761993459
-0.524400817648176	0.402427224232994
0.0595214460535759	0.0400289813072071
-0.163025754526063	0.0937422583655319
-0.815913025994257	0.716891361333556
0.343795736682887	0.17232092686562
-0.815040097006022	0.716344902434783
-0.213994745375287	0.146380240932032
-0.268079632017027	0.136322450303649
0.741707576551909	0.816586981513576
-0.152019151824654	0.108645583481222
0.277276243869024	0.198854672320924
0.523840334281764	0.434743240816449
0.393259173634098	0.310523934301671
-0.262346403360178	0.197315157856957
0.589911126444109	0.444756334971348
-0.0735601476152151	0.0471163432851591
0.276509587074944	0.198302011326713
0.252855739544172	0.222846254238363
-0.146946053952033	0.104769705755104
0.403228026763513	0.303644988373768
0.289497949568111	0.186652567496157
-0.177582239856172	0.124202435808689
0.154055030472171	0.0997409452243352
0.410110388845642	0.310321027199858
-1.2256196709666	1.45565106010493
0.415076093278265	0.411187355767746
-0.0944737012775304	0.0586383838059051
-1.28857519655371	1.43085797749001
0.276470128324329	0.197994581173504
-1.3594443916257	1.37688706049535
0.128153335456218	0.0612270378604691
0.516110442973202	0.295648962919483
-0.0906366837198948	0.0400878634997561
0.553509202256322	0.440152643513119
0.119696350428732	0.0513658153696628
-0.511417147047862	0.271769410653297
-0.29315144866796	0.187515270519085
-0.0486091740585395	0.0233915545211153
-0.239404477826605	0.0784394742303508
0.312114662326805	0.172010728971765
0.162141180654104	0.110508604472821
0.393259173634098	0.310523934301671
-0.272008632490851	0.206157594438553
0.378541822883081	0.310075377284647
0.0297650087235259	0.0182764515900435
-0.242234227978112	0.187266467588734
0.492530036582892	0.42164733228262
0.586593725804642	0.442374668986734
-0.105367990358934	0.0655696094680514
-0.21657450030246	0.170537534903432
0.158308897273236	0.12039133740715
-0.335091637052574	0.305584649998895
-0.0551773501936617	0.0264160517932785
-0.509682047330638	0.270398995188589
0.154607479371078	0.0947166329174185
-0.513787203793804	0.273500210328847
-0.410981106531867	0.288524514081607
-0.256458963778181	0.129892797556252
-0.205624015377216	0.111922404612909
0.141231210050437	0.0744200457928839
-0.291822493857382	0.186605331515348
0.0642818309730653	0.0432476937778826
0.290699443155015	0.187501137983317
-0.593730686684844	0.44077783872617
-0.0952139486848002	0.0592161899708736
-1.47745117239939	1.34297572495904
0.684632428472862	0.685374709723129
0.406666184651288	0.307149344267972
0.714963264187647	0.594094528217591
0.285891922975115	0.194868542725408
-0.0172449931765985	0.008953792813871
0.42854148839257	0.308209897780186
0.144253927498819	0.0823721303915854
-1.06727981987178	0.867230440436613
0.322222095306172	0.178204583769342
0.413885665236752	0.313902882186946
0.23680486700708	0.228537176596943
1.06792330716737	1.34491759838198
0.276500125889588	0.198308081236009
0.390777435788681	0.30764280658147
0.993802691862589	1.18519635697297
-0.501641541684559	0.265182100014604
-0.512950289642425	0.273372069632629
0.311765627684461	0.171712815372232
-0.0963279750705338	0.059892616467721
1.4763740293466	1.94134395196759
1.07047417359051	0.654996876930044
0.0207645677217661	0.0120169941625394
-0.296115213363376	0.18995341299497
0.46232197131461	0.313784679751161
-4.01355559579839	1.7650763449388
-1.57651350956207	1.54395205698548
-0.0392997549858235	0.0263291754593966
0.357904585311942	0.312822399088601
-0.866644537024337	1.06913772510551
0.0995843730946197	0.0816407890254644
-0.479542599587737	0.454952470270636
-0.604749927842131	0.4515598918682
-0.270955338819624	0.256667896482139
-1.27579846020054	1.21002935524856
-0.11845184485076	0.0857768901078509
0.0876052066470177	0.0658844506099431
0.0569284908917772	0.0382011189559672
-0.488548974997727	0.420425771972816
-0.151072438925662	0.107967738860425
0.34199641194352	0.316355049247404
-0.460810796854902	0.47036278086678
-0.206781669957564	0.141013339310357
-0.0770309842289467	0.0589828075019435
-0.685173154025658	0.770907762780144
-0.0174982406948812	0.0119840435180754
-1.00858401992922	1.54472067765003
0.145300329061645	0.083149481918424
-0.292050472813752	0.187057146538845
0.435947211489371	0.422951841991297
-0.552850127683407	0.558182648713045
0.804719282476917	1.02985173352155
0.0716529894848229	0.0482868676352164
-0.729119797868597	0.760917610506716
-1.44892714404207	1.5593570474277
-0.691935101322081	0.822765608898911
0.822522851960241	1.11394470213836
-0.367070296028224	0.301171637210364
-0.816343401143213	0.848145146291025
-0.370122791530892	0.333346081665859
-0.15827413281329	0.127278163817869
-0.0688564955765546	0.0524352846982106
0.29468556285202	0.190392037569764
-0.641472680749865	0.584290573005849
-1.15494508828943	1.3027044306376
-0.353691364265376	0.215990732042628
-0.188279200862215	0.150278155724487
0.0372575263547729	0.0228037321590057
0.422354995603159	0.302820787878956
0.386234813012351	0.397865184983239
0.0923486945471004	0.0736942877593327
-0.286059297364135	0.239907635582873
0.439039263746747	0.412884978907971
-0.0191940132000947	0.0131443014360134
0.0580650519619917	0.0389124117975212
-0.0255109421728835	0.0174326592370683
0.443928886673252	0.299087391029723
-0.432251301072645	0.248988414657701
-0.954978502024304	0.711044025136663
-0.207800138105071	0.113410652726812
0.312942911744461	0.172677020583982
0.650991162239829	0.206772040177897
-0.669647183373682	0.401665503345727
-0.891421797345561	0.911231424037363
-0.566534005780632	0.365152648629898
-0.235610924161799	0.0771351287707435
1.04137435639643	0.50429075034658
-0.268363902373113	0.203074895450173
-0.0950804758177558	0.0717016953402499
-0.0513499472323086	0.0444262773433203
0.0754778925122551	0.0580132854185379
-1.06971652890155	1.43642877216507
0.000462169085997872	0.000358867964379544
-0.39747935029191	0.352372487297391
-0.326362702727846	0.271520989338082
-0.361476086380171	0.324676925922641
-0.218604522856602	0.191407855416321
-0.272565973247337	0.273996768621552
-0.10326131665004	0.0763009963929583
0.274363357243037	0.214042356668686
0.414864335847392	0.41054242973493
0.479911728483054	0.427460799486926
-0.270221608497287	0.20475726469145
-0.491888133578217	0.424716908685726
-0.0772550381547768	0.0591573738715216
-0.0110009150013506	0.007644309406698
-0.0419035661859884	0.033406251060488
-0.0463790192299327	0.0303919965607759
-0.67568833045443	0.715245825122923
-0.750115823872714	0.889058515830085
0.152330016173039	0.098477440253851
0.338166112828649	0.302480124446945
0.373763300033101	0.317671856069468
-0.0191174941154821	0.0130651980049161
-1.43487444231028	1.75934400437015
-0.282999870825999	0.263753511855274
0.237911095542493	0.234979162283172
-0.876100145236996	1.02225620766033
-0.162640239305037	0.131085764226263
0.64490601150283	0.658299688037538
0.262629113085399	0.218884028240316
-0.465729582845338	0.512698041985144
0.35966517707872	0.314657427977299
-0.496759328909246	0.430099147654771
0.237443205163061	0.218505617532637
-0.00838282538714983	0.00583710737154369
-1.00848541692608	1.29982767859925
0.776502847740215	0.9271109247821
-0.175352419630745	0.122531085068075
-0.248455617405212	0.216242098166462
-0.0146038165243161	0.0101282393092865
0.341935544131282	0.392714471491822
0.474137193461705	0.420332789490148
-0.73234854385027	0.714231426812839
-1.62997554108829	1.97825732980711
-0.624705536239129	0.519995673820732
-1.17326287864824	1.03760916408808
-0.159819699111754	0.0918850273713862
1.55501737702822	0.775774035017368
-0.169820060832282	0.0978266956724727
-0.480842446816526	0.325353975588669
-0.508518334792099	0.270216667097813
0.373129160958494	0.167180597765499
-0.284779346631142	0.216838215069628
-0.532808839885	0.410402553604187
-0.078572371521343	0.0348537957440428
-1.24355138247004	0.949425119203427
-0.404815711991938	0.325344846382418
-1.51188963975027	1.95413316949566
-0.146436039189448	0.104091071348528
-0.812959787324117	1.01411931778501
-0.289743715948947	0.243948130820786
0.0806867177419676	0.0585189419155703
-0.489300336276873	0.42121407457764
-0.743732354451617	0.830661523053193
0.668837293348733	0.764587174000168
-0.292977187657886	0.246899729344133
-1.84332248917809	2.17365358503481
-0.439580945289532	0.456153249597884
0.507333816003128	0.524959555502732
-0.652165723436411	0.639282366933956
-0.287228269508871	0.268457320713877
0.0786234820551067	0.0588875240725812
-0.0549800072037266	0.0360648650784745
-0.0774773069687786	0.0579205764238337
-0.45668908540922	0.402572374938398
-0.0791582481976002	0.0507543716278299
-0.238147035414907	0.206032337052631
-1.1797923358726	1.48596005623049
-0.375388780817959	0.339277771556263
-0.0481295478200463	0.0322159634849771
0.586834950030511	0.305690899440636
-1.61876815988013	1.96026834957584
1.21486796852499	1.46521236840083
0.0822498014006651	0.0616275653663454
1.63929310477732	1.53878178676052
0.0941899680692814	0.0751481634822917
0.161559448535866	0.118964985891769
0.697769378457983	0.781098382152924
-0.806127957303808	1.0019448486462
0.286736885627683	0.196197121451964
0.786245634067399	0.848263855899497
-0.290411744041521	0.244643506541241
0.295963256591665	0.191190923252657
1.02054249048103	0.966234302717423
0.41172108487857	0.311999521945268
0.282730028161266	0.203232054868233
0.168655718221776	0.140702492979148
0.0355230951173695	0.0217499584993498
-0.983724478663326	0.612410804279915
-0.212771008600852	0.166514479238297
0.840032296186732	0.765142293514348
-0.150497050520967	0.107391181420026
0.414247533621312	0.396699940056194
-0.288903555406272	0.243149854673676
-1.36384917842621	1.59119250359436
-0.348686535512907	0.212485054811976
1.88643060000484	1.62197621383625
-0.0578505669162112	0.0276603357732358
0.371891833900981	0.166807844763612
-0.945132051845918	0.700069624605861
-0.170912764961516	0.0622636754540297
-0.240882528791921	0.078904451336732
1.22364771626782	0.838826437651506
-0.241350827471487	0.159118898583431
-0.422606374924752	0.178886515839468
0.675869482479759	0.316437085791507
0.140184451576725	0.0265585662587612
-0.0438637910893854	0.021166987485095
-0.459273927572127	0.362078689112958
-0.416493963329702	0.335866032634275
-0.725179049955279	0.706003598496575
-1.21395373670146	1.27402446635986
-1.22353176331317	2.0863254831387
-0.0764784642258578	0.0585225149494519
-0.176156677203339	0.157236967343908
-0.11217105921328	0.0940186377383727
-0.410381975429569	0.399151029692421
-1.08421282510743	1.66538760828995
-0.580131606661781	0.536913351895763
0.424466395317882	0.409504117246685
0.477539626974896	0.515879524709338
0.163326616515945	0.136363810696285
-0.0251610574628493	0.0202511596368014
-0.0499180140526558	0.039173273747536
0.0967715058486044	0.0793181276325281
0.093351368444719	0.0764040350718611
-0.405870101054994	0.361385945417176
-0.262093822994913	0.223502664002486
0.255562064644257	0.218798093714177
-0.0796176532986828	0.0677905845875751
-0.478034700336176	0.453318122285177
-0.526057503729426	0.568369929840595
-0.215657968536789	0.169730163907011
-0.302295061794643	0.27739270909355
-0.80296616341486	0.942927124904873
0.167898703414288	0.119441591097586
0.0368184128220254	0.0302688496492611
-0.150914952341246	0.120603307486997
0.389505516197747	0.401600481721056
-0.608683727887322	0.609607174071381
0.274169857858688	0.196019065650986
0.0839479039525791	0.0646984244003233
0.675579674136459	0.775512762206906
0.392457701082174	0.394296066192176
-0.810883396143742	0.840026393266287
0.739269773825026	0.897103004111757
0.857614424796998	0.983327341502875
0.0452455505188455	0.03730027114908
-1.33299076469496	2.17248809205632
-0.341046669612699	0.335826773639634
0.260644204520787	0.223372127777822
0.241822914135799	0.211491136151916
1.0867667994958	1.65991615285266
-0.621512372280347	0.787928721712967
-0.905604537787125	0.853416241628901
0.267047143469259	0.222555780254943
-0.805744188838575	1.04883459364758
0.261090487774062	0.21005251880488
0.948716561275308	1.42588321189495
0.164074416158709	0.136918004035519
0.683722401958838	0.68348802074599
0.410505393212783	0.405373377765731
-0.746068521707953	0.836039631180784
-0.703913199148185	0.884918585676856
-0.0992667633180185	0.0731778345284219
0.388768001057139	0.319759610287245
-0.583048812085088	0.540663591708292
0.352120564752609	0.306998391783179
0.42705792213615	0.171587416236939
-0.0791991584272068	0.0351226828039932
-0.627318967182632	0.304507830347297
-0.337499061892237	0.157224505999983
0.148123932113398	0.037298775193441
1.23639610818202	0.852230572691701
-0.177101918995525	0.123837166208702
-0.511738853585488	0.271721764120885
-1.28938794131991	0.588317996070523
-0.329685607682757	0.153397167796127
-0.240854042940222	0.159099403894894
0.0224429864692648	0.0170418066290009
-0.300344909338232	0.302007825418514
-0.57930547929684	0.536380892782872
0.253812640566766	0.217133622474915
-0.405124740574979	0.392534008887758
-0.969762889668524	1.04916281681146
0.0941628946157246	0.0751984020500742
-0.18806957180351	0.165211170043082
-0.0688944954301724	0.0524970493696981
-0.128051738587716	0.0931361523162497
-0.267006591034657	0.201591594615235
-1.02036070766403	1.23797325366522
-0.249681683855718	0.233070133368777
0.499943266077285	0.429993028901911
-0.551126036789685	0.467501039173767
0.161312054892035	0.118770704840104
-0.570529095069707	0.613492365132107
0.876333658772367	0.893795415254074
-0.0213525815792303	0.0146043796336506
-0.068037031932001	0.0517420277566005
0.160750288168679	0.13385058339657
-0.558451831515656	0.474929862109322
-0.168656794933044	0.117196960877722
-0.217726828887071	0.148310813842371
-1.51154522297943	1.95342661442844
-0.809297025547782	0.895844221280765
-0.820818371935218	0.790630526485738
0.160119477384726	0.117732200328074
-0.290028498018732	0.243873676857077
-0.557844792739224	0.56403606467165
-0.515400482094245	0.394502319684114
-0.0021483105012316	0.00110790504351082
-1.2391076004324	1.47815246994126
0.575568639385623	0.633443074418279
0.475348856552248	0.498169198657138
0.170865830615205	0.143314614851612
-0.43413966160333	0.447872922013072
-1.00181824072452	1.00889375919764
-0.594256694878893	0.590201460375887
0.109457843528637	0.0880683791311119
-0.174555468031048	0.121772682403956
0.480990488681383	0.428359382094418
-0.806677004131493	0.893638480301562
0.729736404932308	0.798764022746691
-0.258967284482688	0.172383096131982
0.2935020058251	0.300034188627033
-0.319636382679894	0.264906512452314
0.17002827133251	0.130100420603957
0.0710127298540693	0.0497330146183016
-1.0262017220206	1.25072391219882
0.0867048772307728	0.0651477433400018
-0.933981610677563	1.20919061900813
-0.147646687474984	0.105354525849975
0.169419237413204	0.129844663806047
0.455311402365564	0.499541203148077
0.0102504749058215	0.00756522301818827
0.918586601832241	1.22438988360532
0.154277650796654	0.109031175604886
0.164905004505616	0.117286984657672
-0.432621779356124	0.412773965579641
0.26624160892412	0.207107561248028
-0.476639959121584	0.4511753638877
-0.255671871332434	0.216937716597044
-0.176367848511955	0.123305500524802
0.0346569311453939	0.0212179081680786
0.48928303799676	0.437510760823097
-0.329202583764194	0.152972648458515
-0.359031926650955	0.219696091320462
-0.818887969532787	0.452269507371494
1.5546086335245	0.773342529579661
0.301430570344589	0.181139190282536
-0.178366292295377	0.124543052190924
0.427941767586067	0.30736137670376
-1.8342610889082	0.756597291586424
-0.784625312207766	0.347139882397849
-0.876494165942894	1.02442119631336
0.646525465927066	0.815537479923357
-0.0645701866658476	0.0500969578982164
-0.478475764903596	0.454121793995786
-0.876518680032128	1.02400960162189
-0.35905191142453	0.293321565036847
-0.874801390168591	1.02046527545089
-0.126784380152919	0.0922610070486429
-0.670756808679483	0.707505334190936
-0.528798832139111	0.496100325306728
-1.03792126808472	1.181523531136
-0.35610777673846	0.258049833349567
0.253518010429636	0.22318013513247
-0.520007978977936	0.399453313009513
-0.526357792487728	0.494025042587146
-0.526789546725264	0.493724157575
-0.0721401564091505	0.0550912418032816
-0.596501820710072	0.593421774933237
1.21218492344422	1.01112401058991
0.400762651956421	0.317350562838017
0.171891746225533	0.136014439323745
0.629872402824631	0.568730259948622
-0.710844306054475	0.57738765081674
0.162058225035874	0.110262992407769
-0.366770868214512	0.330521458780518
0.623018202681433	0.655942438681524
-1.06011008434289	1.68815611666843
-0.341190832910798	0.336128476453968
0.0860988486868466	0.0847504011205258
-0.0100676325795809	0.00923080134697808
-0.208012175554269	0.18098280833644
-0.144907574505498	0.118640141640646
-1.47691525005131	1.34340541289817
-0.48664682687689	0.330294153119
-0.231569169054016	0.177855390706305
0.278552980972098	0.199746445160975
-0.203440057202986	0.138482192493806
0.597383720341428	0.557047571271758
-1.92033197309001	2.37800203982889
0.275948838032657	0.215698034394082
0.460453064830593	0.421848371076209
-0.581664297510701	1.05318031697861
-1.01143186549501	1.30409046310617
-0.521098656934598	0.486998508491215
0.50007308741319	0.587525230134794
0.241015820409327	0.216699425575819
0.432738220629349	0.312081404653655
0.623865453223748	0.657209149321773
0.547132800171122	0.432396188294536
-0.211828267111378	0.166358625678949
-0.602466040827367	0.600624998996155
-1.27035341118606	1.209269777954
0.836304960380318	0.761222840121001
0.867716480417258	0.880853630033558
-0.494649028535649	0.426456214681668
0.92759602156443	1.12216541984665
0.967400970520557	0.783892020596722
-0.895366252407965	0.91644986321846
-1.45873289393047	1.5834481082588
0.0513313948702821	0.0330193097837996
0.00465872082528286	0.0032940333306076
0.274846595195205	0.222497520406806
-0.314485804737725	0.23394812188179
0.297043859552451	0.304578647261717
-0.725078563121991	0.702659830646495
-0.0271271405384023	0.0185404342030311
0.315457490605058	0.174389651558313
-0.413788195512914	0.291278719031798
1.01139338068202	0.954755077021434
0.0500535041167854	0.0322138188979436
-0.236145750885503	0.182045944001144
-0.888205280249442	0.900816369382355
0.445541514375225	0.420653981827824
0.16846830292672	0.144887848864952
0.692775486280526	0.696007126551832
-0.0634313429498397	0.055257984101318
-0.212649515695211	0.185543656070669
-0.225412469340069	0.215998490081702
-0.453042673636055	0.559196100780635
-0.850520733174	1.50763329227423
-0.454602763514452	0.357584335007251
0.0963119345173484	0.0999194595546477
-0.159418208566672	0.159515127938074
-0.238514632191126	0.248449753521866
-0.287941238360022	0.269208644508176
-0.563244061194026	0.677469867530154
-0.656876417009685	0.647241637341768
-0.15687774365548	0.126102939984938
-0.175523025706229	0.122488121767044
-1.1561604570542	1.30388412843478
-0.293972111539559	0.188106596256659
-0.472339382229876	0.446225001662261
-0.283843520950937	0.237461511652106
-0.885295069171987	0.900851459258386
-0.569504285128001	0.610792978416182
-1.25976028100697	1.6726415293423
0.174005483725087	0.13791483170931
0.156792354261628	0.106436330545493
0.26987948760243	0.201619622883828
-0.357954503797591	0.259728406200426
0.272030631059856	0.220002042083866
0.666153972149811	0.850990535976722
-0.397058303629279	0.383060807622773
-0.646052435791259	0.589825825824805
1.42108020914389	2.15069766049269
-0.061852648444422	0.0479864213051893
-0.557406819771638	0.563825738155967
-0.240683693768875	0.208383045885574
-0.802298522751977	0.828448232215213
-0.100487051123059	0.062463760900596
-0.0734668064049267	0.0470240504624994
-0.159826946370653	0.128782782067373
0.122896180011242	0.122596243728757
-1.03617625047901	1.1767024830159
0.628754527475408	0.66277049370891
0.635578495086241	0.898635912732344
-0.212297488439596	0.185307927874361
-0.264353347013439	0.199226561915135
-0.806448380971885	0.893354389927963
-0.945727097422637	1.08760003812521
-0.641027614210544	0.583834469708466
-0.695044971382996	0.494013692993355
-0.133862488404396	0.0976626002419862
-0.955433151744939	0.711634649847655
-0.21014331872061	0.143597694686988
0.277255327147194	0.19832486880386
-0.869562283332498	1.07355139557898
0.273432717171581	0.221152078188796
0.272648423897959	0.212575854585925
0.716138427407691	0.595892502776963
0.265218051635963	0.221102210448733
-0.604473584223783	0.603554303317031
0.271288077132763	0.308231609012946
-0.726750790662928	0.707699420550836
0.707779068107444	0.871995931740516
-0.663709513260571	0.65655786377044
-0.256128494342899	0.217630856168116
0.255050163142575	0.211253147972904
-0.152434934110505	0.125199332220042
0.481624082738004	0.302939183075725
0.826535159667382	1.12623404570699
-0.174508797376045	0.121856946339001
-0.306696582765974	0.227631475743879
-0.489446925977608	0.421909963135318
0.268783824436206	0.200783101252161
-0.422955496723321	0.243459792570078
0.0711880517582958	0.0515283275293549
-0.122353372126167	0.0887724425139015
0.403061806797958	0.394849633694962
0.8242402166953	0.746083312815787
0.817717599644838	0.957518994261009
0.154566801827212	0.100126556053783
-0.105588537391512	0.0780866013001193
0.0454916072423196	0.0292500118148073
0.328164021548754	0.301091944234192
0.251967259644601	0.221564307390381
-0.0730081716292193	0.0556342800799402
1.42567910176575	2.16338516016234
0.406124994700745	0.321999944155667
0.00347738908580766	0.00182063972756828
0.352166223697227	0.30697333113522
2.005086755884	1.88709639420572
-0.0000667198442333874	0.000173394227622558
0.272803549556755	0.204285448514003
-0.420930563132684	0.296915646132187
-0.361669416763239	0.296034826614118
-0.933136272300505	1.20776440952182
-0.263982581734985	0.225166491736285
-0.996525512734941	1.35265491136211
0.905476725332153	1.01342098822168
-0.459917246852161	0.361891977986236
-0.483335951360794	0.459865715411142
-0.523352244265528	0.401391488513332
-0.356935191390375	0.35466522194546
-0.0779393637258803	0.0499442211432987
-0.474220829156488	0.487848183458642
-0.555149351994935	0.472526587491051
-0.477877396978228	0.453213263409797
-0.531899561072633	0.410099813655276
-0.444164298002717	0.389409160028341
-0.0323573564731563	0.0217009012224605
-0.69142844717882	0.491484464781606
-0.639750581368808	0.581906408069159
-0.0930198237732873	0.0785177863580363
0.171618233464089	0.151365293914234
0.165868461882957	0.1309651207917
-0.233819910949368	0.238439758707882
-0.271348849922491	0.308107837568471
-0.111387348803769	0.102074030830766
-0.201931531426951	0.208444921429128
0.0367864804036645	0.0302485489049369
0.64900631730381	0.903255555584345
-0.1477826043539	0.134603404033012
0.180557308719545	0.178584674605912
0.044299095810843	0.0380502849012129
-0.925544418851428	1.19509260903926
-0.0758030832703031	0.0579667625852413
0.8996900509507	1.29543064194559
0.171781133533685	0.151518805296008
0.109928207488061	0.095209465914578
0.286475396391709	0.298084262980302
-0.0234535991828438	0.0191180742523318
-0.520786935593772	0.486796197296405
-0.967993294572165	1.04783031149186
-0.00922739086272675	0.00642338934415716
0.42471315640298	0.304869627367489
-0.140442261725997	0.114576175828721
0.0558740345670697	0.0484163909768645
-0.160375800979042	0.144578862280386
-1.00327274190708	1.60438759086215
-0.769541863599957	1.06262708585618
-0.337155489085752	0.330931092672021
-0.291354684807708	0.296662886400283
-0.268429811554727	0.269519710179163
-0.444751509806673	0.390442773996119
-0.229623096983647	0.264161730591043
0.178634202115115	0.14615264916198
-0.461460847315659	0.541122221853693
-0.0740468737248168	0.0565698610107326
-0.0726620870380746	0.0646389226447384
0.112509354420969	0.103805438193135
-0.0408343791253089	0.0330401747184413
0.46186419638696	0.508828889860481
-0.0338050944633599	0.0272940049244671
-0.57502430629846	0.619901370593372
-0.302976433339012	0.194201451035901
-0.234614762843607	0.255826258353424
-0.569814846967413	0.689195487796058
0.0564171050593781	0.0488939715519425
1.00115652088233	1.28244614922576
-0.063047715519144	0.048945613967233
-0.366175533576044	0.381346602445548
0.158946143996495	0.13567774038611
0.38312171103446	0.468862683324917
-0.75661303550318	0.947331886905557
-0.205111543596258	0.177998965619268
-1.0993105105843	1.4102669889114
-0.0925286109732066	0.069675705962867
0.524282978680352	0.435279233127027
-0.340370541772363	0.364971099351975
0.372358340266679	0.469952537205685
-0.408097818485616	0.426942420652237
0.952974875298195	1.43575414880457
0.637060434416261	0.823517974139757
-0.00745129304576621	0.00616013533442641
0.616777444133957	0.73176401427245
0.366597848156011	0.321770189096076
-0.655664635932248	0.643881285611028
1.02960599430276	1.08459055296297
-0.427509130819445	0.440493099486557
0.107029300798004	0.0945035450166928
0.0875788323064653	0.0730268023067413
-0.0293727362693674	0.0196721455589442
0.31966181524639	0.308963604972131
0.012606275875279	0.00928332794470257
-0.0905384399380615	0.0762192185623685
-0.0311114606654872	0.0212444773946245
-0.337090838192729	0.330977539532903
-0.813676645033887	0.543083211778826
-0.415880213118191	0.176088333213337
-0.269449074367626	0.136932630100447
-0.704575992172331	0.569634501932085
-0.496367649634626	0.428563069963033
-0.30343962929888	0.278984769112428
-0.422757313410192	0.433741927242237
-0.405357329850235	0.361143637492482
-0.872761895861005	1.0800755598631
-0.0443761313609793	0.0290627009279033
-0.201555512841185	0.178993501046867
0.431576426472208	0.489981096795848
0.0304698996792893	0.0238117364580793
0.246665416983144	0.228448509414933
-0.507500023561386	0.733702708875694
-0.4644339715028	0.545210842305648
0.398265336475398	0.314703015545501
0.260950721715552	0.216933991758911
0.243243040697156	0.224672057068318
-0.546579931736947	0.625743263827196
-0.56359474725619	0.65128059653592
0.0893100635232197	0.0710655639510581
0.507622633798774	0.60167608062481
-0.0990482606418113	0.0839445986693852
-0.0112427038048524	0.00780303862155714
1.20697478359583	2.01096264275115
0.15899840966261	0.132254312911775
-0.681527809712225	0.76525234738358
-0.201324019546338	0.178776332237839
0.713583232404216	0.59328274547064
-0.0438590655943419	0.0286976382799574
0.158741586121833	0.116510137233597
-0.689055108666751	0.776924628106572
-0.0827098290729248	0.0633800266662835
-0.214400611496591	0.187401552756227
-0.162725518527665	0.146847356433321
-0.63977542279516	0.883008588027235
-0.756631072670728	0.948206370196881
-0.317281221500766	0.315197315709897
1.20744291340316	1.79902810272046
0.776366174684342	0.835396865643431
0.958995271850225	1.25381041382657
0.853675231109061	1.23710440884726
-0.178122553791273	0.159252719334575
-0.590862709711798	0.584975381768172
-0.61062751010734	0.737406075118659
-0.941562326066384	1.15606218697974
0.091341499758099	0.0709071216831948
0.661323670649282	0.843575104789713
1.05335271451064	1.63884096878318
0.678354425027213	0.780173485076837
0.345499594465339	0.319293151008435
0.053357667416187	0.0357674448823843
-0.0214536299483846	0.0146756804597662
0.388696443883652	0.319678053884098
0.679653897270197	0.677291516072075
-0.0607972930647476	0.0480019485661065
0.174107571278129	0.133705591270772
-0.245461265231468	0.190099624144262
-0.00432645255432115	0.00291504032734415
-0.0925973438693451	0.0574651831449179
0.819644097560154	0.85739505952336
-0.135190850911759	0.112579035050585
0.822533962656417	0.966687457315825
-0.463598988496077	0.365847992574906
0.264762765925725	0.220692114289329
-0.598696151586249	0.686889981388888
-0.603070774342322	0.600344686808267
0.0578756743531464	0.0501585779768269
0.283828503079265	0.30731260056308
0.675545642380975	0.775100538651157
-0.498528618232061	0.503782139398128
0.115280911931987	0.10236684346138
-0.0600350814905946	0.0465528008709302
0.434879939759548	0.407605629126281
-0.0286204237904597	0.014629810590741
-1.30665436566279	1.63429784337028
-0.876333628306897	0.957739001137096
0.470691002810998	0.507412975508181
0.635225455597027	0.817740004251267
-0.089790357254117	0.067609524867625
-1.52115591134484	1.97019453670122
0.336596740107754	0.310626217646812
-0.242187432639441	0.210081164122757
0.0844900978089319	0.0635269886817603
-0.118146135534912	0.0855201328447296
-0.521790999945266	0.401395140425838
-0.814976221169771	0.635483640837015
-1.11966530116927	0.777239382865669
-0.821948407151686	0.453362555279677
-0.331110603098132	0.154060635422326
0.265813197928355	0.206672174186525
-1.20865157320906	1.26543717694349
-0.814827535676031	0.963049989484121
-0.177421274222623	0.140493830193642
-0.472028507236474	0.485610390026247
-1.48730229231252	2.10792106900888
-0.0188796733361867	0.0153766187357518
-0.139714025927919	0.128961727911876
-0.886218342936556	1.51828617108485
0.0817508176508947	0.077327473266778
0.230103726662175	0.221000966793005
0.321394381256942	0.302488777907094
0.29811049864232	0.298810759480551
0.468338673818789	0.625995008110092
0.121871058525527	0.108636871360359
-0.0935961969401359	0.0704549368126484
0.37673133548949	0.395181908237025
1.15231130600651	1.93704705690992
-0.314282474994131	0.311312768173557
0.0209494355256598	0.0159010033619359
0.401237294380768	0.478289779292352
-0.509139611135491	0.623140892181539
-0.241427444564977	0.209238207055131
0.602489713258401	0.563481564177832
0.382225079107164	0.313727719946349
-0.456286463670962	0.358393021152086
0.292945690388876	0.188899357979332
-0.43975204671845	0.456327462399132
0.178382390455373	0.176190786896138
0.687812087279865	0.865007529666694
0.744335280763702	0.905859625764587
-0.0445137879298004	0.0400517806433927
0.416572611354883	0.479995211568538
0.576623298577519	0.771513063562149
-0.586414579624669	0.746940424435053
-0.677871527005928	0.759418559126449
0.452377541881494	0.413043890284813
0.335929568479714	0.391434595580968
1.05167009319128	1.71562258213294
-0.104325642368493	0.0887311622236934
0.553448215931461	0.685766873534583
-0.949930174546237	1.09686558062981
-0.382026385401287	0.451730870037767
-0.0286854557329897	0.0231208299797801
0.456481263737649	0.560294428032574
-0.0328325893736984	0.0220239822697152
0.108273759289194	0.0935924605737262
-0.290780888078969	0.313176242153896
0.219396740814394	0.235580531309313
0.168168300570869	0.132989928409736
0.170336655592232	0.146703469897421
-0.186915932370331	0.148970024401201
0.586170585354457	0.540642575375009
-0.571136201306767	0.614005598476432
-0.41232291469728	0.401381428903956
-0.0597748856226977	0.0463154674776517
-0.571485936326442	0.692893514826399
0.341702520781512	0.392038117109154
-0.684181531759202	0.808871180455962
-0.122393668584601	0.100926957145858
0.720794547269101	0.967557152244122
-0.215900713992117	0.188914567882062
0.414353130877637	0.409772039517755
0.0236848930931447	0.0174015063113693
0.272685577273078	0.292290347123417
0.165232809402971	0.117392550918695
-0.303929489293191	0.323939086150176
0.0590219893748007	0.0501756829788694
0.378949102073776	0.398146191476794
-1.23585766340873	2.01019135490916
0.832399678766311	1.22858615046388
-0.328820286642823	0.298085995460186
0.0279120517958842	0.0218046213087058
0.171541216407442	0.131433539972347
0.783437522096454	0.84367074508444
-0.148400209174943	0.105340244223448
0.433673188479521	0.420149239012456
-0.164044599705651	0.148106506316799
0.0958309505133894	0.0785259142866846
-0.364773853601285	0.328071034074614
-0.115479291820767	0.0946850227076519
-0.70280908407568	0.840537935192438
-0.576806274362921	0.701450109880488
-0.884176066242122	1.03687978346904
-0.248772700567588	0.192810182787379
-0.0830416458514174	0.0367326820087026
-0.481032854895501	0.45617379975344
-0.260551277529299	0.222219745362892
-0.972473183707849	1.05294028515287
-0.460361983976641	0.362174757680151
-0.25067342653624	0.218186841099589
-0.554756305110556	0.708436741073331
0.472835566028168	0.419168071125112
-0.185172609222633	0.179367302730827
-0.335587031386713	0.378932235978159
-0.0197150548891428	0.0160676537572224
0.0908123113568301	0.0704810096750634
0.0910934921130154	0.0743676606256704
-0.331409439470383	0.32317857952397
-1.58857558925409	2.64710710469269
0.0691268273276503	0.0649456026595427
0.651332765896665	0.90851382259852
-0.0229684137626517	0.018220120452073
-0.0423329841380837	0.0277071469118349
0.298814069977847	0.299500650244579
0.112753641727375	0.102020484069442
-0.439469585037921	0.548357848806228
-0.407550318558526	0.45453460133688
0.0223030000438293	0.0169257570425768
-0.294304702581709	0.248151630326649
-0.185762973099693	0.147967719889392
-0.35204167800515	0.348714269861201
0.715131381680624	0.885943167313373
0.459514883424885	0.420426940285005
-0.205216397482693	0.160488394570207
-0.264562975556328	0.225942559900447
0.487362324830838	0.307302962538301
-1.24908829108986	0.957648865879811
0.552397759608309	0.617994542210784
0.352165578971531	0.317521729656108
-0.312101725099096	0.335114558266533
-0.270636321247811	0.256336097824262
-0.00897651507881488	0.00740359441793696
-0.165070643130674	0.148987579190822
-0.669164047483161	0.849502088850782
-0.458702196434944	0.502159308201649
-0.043727895716766	0.0348974140298891
-0.0287181606989224	0.0233714121620999
0.529725883310677	0.603180094713202
-0.160831276646377	0.129638465671943
-0.321794807151052	0.32061774476504
-1.54636173872444	1.77965573781176
-0.169779543674584	0.13766257979466
0.110901984951547	0.102232430349663
-0.532889772727042	0.578580024808351
0.165740879290259	0.138444153613493
-0.433613811126124	0.414741920178601
0.413954539144412	0.420888712167077
0.0728833928758064	0.0527996318634243
0.112226560534924	0.0972364183870407
-0.0735914479903947	0.0562029043564855
0.628579575920104	0.664013571229702
0.987648756660997	1.17578084705537
-0.720191111333637	0.696771006923908
-0.0302235951701653	0.0202415185313876
-0.121997502038855	0.102814903713588
-0.550904295035861	0.467960550988023
0.00318351806847	0.002259404036871
0.165539828970833	0.122296368836341
0.249611785281203	0.21955927736662
0.242070481979093	0.223504959998502
0.0815312547962653	0.0592600949530753
-0.283535949591718	0.237518404676888
0.17092243535677	0.139496482652117
0.607463454322553	0.737596274239489
0.275583407856649	0.206855839272085
0.178539781603812	0.165790233519593
-0.0423134397189431	0.0331085755836356
0.0871418978463689	0.0672323806831959
0.441540865866578	0.415973120827749
0.0256162343401982	0.0188544350491061
-0.612100073474941	0.65020394759195
-0.195270174963544	0.17272922973299
0.632882993671498	0.572074727871722
-0.480962922264923	0.457127911491284
-0.556758735792512	0.589097049712557
0.938062887863069	0.923584023845902
0.0154402056535399	0.010903576737552
-0.555061101902377	0.561086647154288
0.310284411611752	0.305940284732172
-0.232382304035255	0.200266514622295
-0.325650131436731	0.270970557025137
-0.408503888014711	0.363987241362463
-0.450173916214786	0.352224031274079
-0.628014647695868	0.523822698539695
-0.526004002801483	0.49361973154177
0.160865405741935	0.104305049069952
-0.211016475560266	0.165691812355218
-0.062149432800877	0.0481694309430751
-0.402859699097716	0.323234447277583
-0.163042797003683	0.131263920837081
-0.208956384310748	0.163486982294476
-0.0859734665571883	0.0646172057038807
-0.198264370505931	0.159022565628548
-0.340962978126794	0.31180118183433
-0.550274015961554	0.466586480817679
-0.0559128069357842	0.0366036916139317
-0.433874418731039	0.414395208211168
-1.08083587637982	1.15752984407582
-0.483321193716057	0.59468814195238
-0.41989406452013	0.542821525807737
0.113477505188484	0.104734793120864
0.739975655255511	0.896523946504531
0.645762177138274	1.09682673060503
-0.576641405896853	0.84411105045475
-0.670126561109673	0.848583691008112
-0.648992031668984	0.903688704333619
0.0492730251244991	0.042463397129701
-0.171042131744053	0.167027712389203
-0.736779644053877	1.10846295378609
-0.135810092736541	0.110440862029244
-0.72704439025514	1.00866724243287
-0.328059087317884	0.328487968171633
1.28125258496632	1.88605621614773
-0.296837348108322	0.297700058102055
-1.2743558785018	1.21456722315747
0.327010475155413	0.299708457666959
-0.157132540249162	0.141271435495855
-0.546199734062677	0.624958008612611
-0.211232794924559	0.229502737486417
-0.85343345264876	1.26594185970978
0.0371257032581954	0.0344296918563628
-0.549159570600268	0.629323685031271
0.00408507580428508	0.00310222665501983
-0.226209716765497	0.233871622406252
-0.639732903058441	0.849892100797683
0.27931897097527	0.31358410208336
0.77541108422131	1.01064934090261
0.232369589723653	0.232868383949902
0.095432000478358	0.0817721757163552
-0.0398224062537375	0.0356947606604411
0.301105144577453	0.309117258960678
-0.388536794504989	0.475515802553543
-0.0897865674984121	0.0836857117803455
0.374796456707339	0.403247919771124
-0.0582440241752707	0.0560831210603027
-0.0283312924650983	0.0227929879393459
1.1546332087312	1.84738666369368
-0.44886116117663	0.393977510539173
0.670530101678134	0.83256941163382
-0.191900809920451	0.183340317524241
0.833089899925963	1.14023807577876
0.465540088771507	0.499869306245231
-0.572956181153755	0.616802005752093
0.108429738556245	0.0997069675941693
-0.157398362468568	0.126466034682979
0.237704937278729	0.249688668575658
-0.307730248591982	0.303528035392162
-0.240097410620613	0.246159792924076
-0.252981265630139	0.256577602791877
0.61154150304322	0.742958634925802
0.373818393149517	0.305395460524183
-0.402421011031427	0.389917229159739
0.22496313088345	0.219106617698945
-0.100205723349989	0.0850184996596635
0.415555379993584	0.548632300799238
-0.151743508215255	0.135755069573003
-0.150283430727315	0.137003384179663
0.00875851584910891	0.00616876188737007
-0.29042530437162	0.244788603152671
-0.280389167654425	0.234487680277986
-0.110829022281388	0.0928269912846361
1.14289741202182	1.52524957036826
0.23696096990237	0.212372527668341
0.400416406242788	0.404637494906108
0.67330262828838	0.771998819519047
-0.0473180890518585	0.0371620599497439
-0.244815143783797	0.212574357364356
0.168559487734514	0.141082634042377
-0.466697527336456	0.478771570170239
-0.536601905225567	0.534653117717935
-1.00312683086785	0.505013319506012
-0.805965523663132	0.703801742871238
-0.158005320603069	0.127021767444473
-0.264342709862545	0.226136783304714
-0.179386470936476	0.125413317508857
-0.211609769982501	0.184660286772874
-0.746963355232212	0.884700528409561
-0.255886765745425	0.239839775798932
0.083454323047561	0.0625840010325715
0.0478539304749235	0.0395587161015773
-0.372065774203053	0.413474983810552
0.0737299796597409	0.0550715471392318
0.512798981936086	0.532093055544644
0.592997397544628	0.784693768926569
-0.0983754068312842	0.0923955507939602
-0.116603224471214	0.107570609858138
-0.0437418451536177	0.0348912785182712
-0.157027504573382	0.154382699687992
-0.376207273967091	0.368890106328741
0.222801035769149	0.226940071072651
0.0221578850394198	0.0200106295360069
0.924376085913315	1.41141573735821
-0.405780762776232	0.394102769293312
-0.0081941874328879	0.00678464800344993
-0.110367728556926	0.0923893803527042
0.386289979987576	0.464964438501134
-0.173396289513658	0.169752069058217
-0.168520498886914	0.164301454702588
-0.34340573777226	0.361012774629805
-0.451427582763525	0.435534070534484
-0.205220785101501	0.139869116000442
-0.311695056696891	0.231815960214667
0.308779590641118	0.311939807052347
-0.447489500991344	0.519086929572737
0.395361356665291	0.398045990910567
-0.211359706004227	0.1841339867754
0.125287777946348	0.125271215386384
-0.425227243241183	0.497202963383182
-0.177008423592261	0.18489007349348
-0.687605547455881	0.775659051547675
0.169727755428717	0.175565812238255
0.245269738018473	0.215080986742635
-0.309809423559372	0.373023248888419
-0.58172016892448	0.738060937519545
-0.494463114051076	0.577891164163102
0.624355193110923	0.821430194009621
-0.321934870706433	0.36715702205254
0.499505413834398	0.58880650966418
0.438173257458441	0.425567482438165
-0.422699843860532	0.493374492967463
0.462161408163036	0.424041843268347
0.371153119360981	0.30209845487468
-0.328249969919847	0.328304107542756
-0.235884102905264	0.222886817740928
0.113875394415702	0.103133786031633
-0.0691605553003538	0.0595126404352479
-1.06190027112127	1.42753414380029
-0.539251392359079	0.451120197059135
-0.129105654480126	0.118088783143073
0.0748462394645587	0.0694349227137296
-0.0795981558587375	0.0678443325840694
-0.915659834640497	1.24155014398181
0.320233839248699	0.309073684648024
0.639620891465997	0.82735883598905
0.57432473450696	0.632037915266454
0.769971511833485	1.15769110950129
-0.450494633760165	0.523909111783177
0.550606270684631	0.680519740258312
0.100059366511625	0.0928968487590661
0.00389713364480033	0.00315930689772913
-0.375662111702753	0.394034752853816
0.25414966512588	0.230373105517464
0.552143730923254	0.438230584579213
0.242620722213414	0.211827486866114
0.0829541622099389	0.0640864163236552
0.00148962343616529	0.00107344076334655
-0.132108342978538	0.10967442514068
-0.0419309964385551	0.0328254048900174
-0.37137555782455	0.335669659371346
0.874070192786944	1.48564996424616
0.274995269945578	0.214750801859421
-0.625064435467067	0.703154742152536
0.250412373741646	0.237916666001252
0.247694859708945	0.210987804584762
0.0373791368400362	0.0228708779275927
0.000842001364483625	0.000426748711883518
-0.411082008987883	0.173889028123327
0.147052313512589	0.0897464700006069
-0.40881486462499	0.287100427907957
0.0533486912772837	0.0357783515205199
-0.199306106711898	0.171979629881809
0.627125647473515	0.661416880885371
-0.161546336876181	0.145805580815891
-0.0394473612259745	0.0264141627919219
0.224193343582869	0.237359644835099
0.0719518509395812	0.0503544822142034
-0.0707773023187724	0.0610116038561071
-0.678775532726829	0.902143026518365
-0.231607052203385	0.218227802519372
-0.691540585172767	0.96015515961898
0.241327448045702	0.222713080774602
-0.456843247935879	0.359467628322427
-0.128215619727001	0.106300701817725
-0.935643052081893	1.54035993145006
0.715263474775716	0.955620915602231
-0.704467098964345	0.924477915549707
0.022222475002763	0.0173611867700082
-0.711534963862285	0.896974112776512
0.278956408347716	0.294513737805077
0.326901065356655	0.308989183196112
0.178368269803494	0.182723170617842
-0.473343176183517	0.485595937962557
-0.0213653157281047	0.0171773652593067
0.0160854621788558	0.0118083002238885
-0.0519436084088879	0.0340246977940879
-0.952163606124682	0.708468594828012
0.086898378662452	0.0673106781920469
-0.221486147761353	0.212026415064931
-0.515670107191445	0.594278529005158
-0.215988251966118	0.235797826016635
-0.333745668447973	0.375575986537675
-0.123347952212719	0.101921202124711
-0.251788064617979	0.235234086206695
0.82719716263741	1.12620206348093
-0.41596299656952	0.46589247330055
0.318960543497427	0.316439750388409
0.0168979158320249	0.012824396325947
-0.519126262586052	0.600290438459926
0.235781869888061	0.227394550209405
0.280135528300175	0.320087448424688
-0.357260479785721	0.355326523749871
-0.118592439326179	0.109556516456977
0.470249249752818	0.416037800966899
-0.206340458271761	0.140653070367683
-0.00856077374915024	0.00703700224833273
-0.340545672119824	0.335307282523676
0.105076413864601	0.088703917001434
-0.179749766963295	0.14243971367886
-0.227588452932893	0.195266224498681
-0.875798987128086	0.956828141105378
-0.083333082411898	0.062402098882527
0.745398650720994	0.905600258163161
-0.25793864886786	0.219563114629572
0.822181377483286	0.860624576011135
-0.427202825200643	0.500414802971596
0.0663256555679834	0.0463660979686924
-0.354737163200728	0.31647167590799
0.692280635790222	1.00202904391886
0.178453691247023	0.172821270102083
-0.764252850933034	1.00661144123233
-0.809147332227669	1.15728870300786
0.0464778597374622	0.0375117214857852
0.0296699273005813	0.0231850294752241
0.396577785357594	0.399637082661495
0.829477813416153	1.13246924776235
-0.99779591669149	1.00454076983791
0.364198450133237	0.329465433385054
0.178147291074618	0.126876019872555
-0.251895991372257	0.235561703592728
-0.0231462405170875	0.0186160778999719
-0.18471903417514	0.146923926021092
-0.730172162216118	0.762860874352789
0.0853280097244577	0.0640656208228663
0.0719682562732521	0.0521528278353625
-0.370861289000562	0.362053840933254
-0.0792539411061824	0.0508014892083023
-0.6691937520225	0.4014477270877
-0.176617604553119	0.102008219561939
-0.680514833766941	0.409665481166713
-0.267624481335639	0.136078797670415
-0.627955054706119	0.304807037801314
-1.35680779821287	0.862409485653362
-0.242894765745569	0.0796348330145537
-0.7389639873091	0.256670839118185
-0.238920608592102	0.0782667689841429
1.63541652051545	1.53236722328161
-0.316816800393784	0.236283916130778
-1.45543953597061	1.80143988096619
-0.292798723438554	0.247146279049225
-0.488917860812848	0.466236653402184
-0.495699901914168	0.428971966985832
-0.809521116706408	1.00653217576403
-0.108307234870469	0.0801171358875396
0.565637172432487	0.541397514945075
-0.29650919851403	0.250229597896459
0.36577566293096	0.390996325471448
0.153346373073855	0.103637752298419
0.838529763296153	1.23821274253551
0.663983085684941	0.991392343492792
0.0846058442041367	0.0635900519774805
0.0133120366618233	0.00979247864247875
-0.210626716237083	0.228750803210887
-0.186499341576157	0.163853816067757
-0.0133345246190648	0.012286685351184
-0.218803577275466	0.224772659865965
-0.18881300231624	0.192316848168208
-0.460256290161927	0.619624435018089
-0.139756118414127	0.128941158689538
-0.052043990813793	0.040981129647382
-0.639820244683299	0.885290640637902
-0.0838067007532685	0.0726779518784162
0.164248735775435	0.147631286727926
-0.269417655567125	0.291567917538154
-0.0745092894173756	0.0643903065950178
-0.815677671551663	1.40385473810479
-0.467738878570454	0.549737564520606
-0.90422149001419	1.39746925780673
-0.652523030558596	1.02612161110652
-0.498196425833141	0.503793988172751
-0.812902429681593	1.25993317726574
-0.41501545857404	0.544171115424228
-0.195268173381185	0.186662996605226
0.210959456409946	0.224957734332412
-0.0805322043632004	0.0686676310516416
-0.35633935206205	0.400365191980922
-0.437896980836058	0.453954142824903
1.1896954217783	2.34922699366157
-0.159751945259691	0.143679529221256
0.170303607831579	0.142836612227175
-0.345756664265856	0.364175923831167
0.0984851592312763	0.0808768930541848
-0.404008523045586	0.421462524164682
0.394116412404658	0.310870844968662
-0.376004664339207	0.340268250994311
-0.440293569191996	0.566569456241983
-0.583118404641484	0.711845204827101
0.178375453907393	0.141691016346975
-0.482364742601105	0.521685944393804
-0.489738162321436	0.532726929555633
-0.257817237420957	0.219315295211179
0.11157771610601	0.104740713325792
0.0267212229612725	0.0202964371670872
-0.505586651226921	0.514135405440804
0.011800038728791	0.00901338818019815
1.12487458603066	1.37911961864576
-0.307022897708623	0.345809142944125
0.791489070588669	1.32689530590192
0.0208698745432066	0.0158478120361636
0.0498936713504658	0.0446629943754473
-0.121779116760766	0.119964413446329
-0.323551617953394	0.361840382912693
-0.0629179633906518	0.0539297710632947
0.763003806135195	0.596589015512789
-0.153088630831512	0.109376478061685
-1.06093053689227	1.68719623409744
-0.333276481853601	0.326272039145436
-0.0423285830420128	0.0342759116359739
-0.678793841349438	0.761249075086324
-0.0253097933064686	0.0203811624894449
-0.574523091292825	0.698576152270707
-0.24364497168365	0.211290324970884
-0.862189532862307	1.28738060425187
-0.236286557401898	0.204131165754825
0.175526007628145	0.143514924546194
-0.295218256533972	0.269329865676076
-0.711334245313815	0.577730622691579
-1.26956945880506	1.20615887309023
-0.329094468580607	0.153485560574559
-0.362166381635235	0.105626912484328
-0.890449501247022	0.906293851224817
0.555649362975479	0.442128848111644
0.467158124426272	0.42969068209772
-0.122874423402176	0.0892383136829217
-0.121435325572536	0.08812182625491
-0.45588929143727	0.53246200630923
0.465939620063157	0.428826284674965
0.385766532015902	0.302952525674637
0.15962991409496	0.108482243781967
-0.235123482725757	0.202938848811756
0.0043438228163302	0.00366958718516793
-0.346584794333453	0.342633764021855
0.174044223891618	0.146216297758398
-0.357101204819772	0.442792304761798
0.303923391034972	0.326499033440228
0.24598269193494	0.233445597888912
-0.57842969782037	0.704565134487142
-1.18742135474165	1.50430028118143
-0.570592322828315	0.691061819343304
-0.509626704837479	0.683244649759581
0.111049092221478	0.106030892963465
-0.26044470690791	0.265815285439136
-0.143300909723043	0.130118054003628
0.00161069792548471	0.00139583821664566
0.272869796624958	0.321075120930563
-0.664896990932213	1.03250127366494
-1.64702422896203	2.31904526996201
0.160705642263734	0.164991576131486
-0.506095687162228	0.676239569657501
-0.754461166664644	1.07332707929449
0.00607623646834448	0.00476460297223861
0.169250699047372	0.148997463028576
-0.855550433434234	1.32420875188982
0.106143172132305	0.0875393692827846
-0.279124653447681	0.298345963465037
-0.32199218558123	0.267161490303534
0.451653928058002	0.494158768392755
0.101664613269655	0.0856493653657937
-0.151307738071171	0.158881567666312
0.308227801019684	0.318317287233482
0.244144365485269	0.225824304455009
-0.364008503602728	0.327460081883359
-0.454672633717797	0.400551606248595
-0.163354225540251	0.131921221822161
-0.0243306444520448	0.01984289328957
0.122842485723076	0.111890277938149
0.059805233930415	0.05296786975916
0.0783234204267909	0.0603025738033833
0.781699291769729	1.1040598124188
0.0858228311755408	0.0681172568420189
-0.189090389522357	0.166356462542089
1.46475609988002	2.44972701791945
-0.127063937767889	0.105251539851403
0.447181058924141	0.558643134139457
-0.11516308764133	0.0967444187051584
0.757652414090075	1.08396708519273
0.0160409895277072	0.0121992835864219
0.463750250276709	0.426126097534352
0.668356468703789	0.763603662049406
-0.414657967519004	0.292503355824439
-0.708134302828327	0.850179942361496
0.178134043981826	0.161723884740919
0.17699037738776	0.16759648127164
-0.0461142541537529	0.036798568081485
-0.768946333289798	1.10643943313383
-0.237880894736293	0.183471819464909
-0.769483294236671	1.01691572913494
-0.216047659663758	0.188936785955713
-0.423799749456812	0.244025519206386
-0.810895402173026	0.632366588093194
-0.74528992493124	0.927302814511285
-0.362469501577612	0.296856734589991
-1.32150446236653	1.9940737450789
0.251256151489638	0.21464300505307
0.633132802397519	0.670485758517704
-0.236996751187131	0.22389521386195
0.166260905924407	0.139088884869379
-0.660299080050819	0.833854886758779
-0.302666811913265	0.277988354118605
-0.15042091859498	0.137351727483638
-0.0440398555140832	0.0344861736176201
0.0697147383368975	0.0469658652181183
-0.674274692475736	0.712037918533454
0.556863918060904	0.691541755185734
-0.873549229818497	1.20005913676149
0.0208250292618526	0.0153009337120983
-0.599000869381477	0.68555982794005
-0.626468559822609	0.670065424092077
-0.218428491123167	0.208507685400008
-0.151001068611269	0.120759752113191
-0.143930115703953	0.130598197766373
0.35022055388496	0.377726189663333
-0.295387759021099	0.312834655518847
0.17995586834649	0.180973719247453
0.522574321400894	0.528174037032444
0.842260455410978	1.1567669651874
-0.0266980239297064	0.0215000170974666
-0.31819118606052	0.33584397847613
-0.264956768394554	0.265369675956977
-0.990753681036554	0.992880801109415
0.377655428923609	0.39714188339117
-0.462887562913963	0.54260929315024
0.0104046127757792	0.0087833561995429
-0.526453010407433	0.493540291324613
-0.163518956182825	0.132087380816763
-0.57032170193657	0.691131578320622
-0.0415276654869971	0.0330727462712211
-0.93644200918153	1.14629738931644
-0.122520545829573	0.0889817785594647
0.264503574571299	0.212931209611612
0.378646213916713	0.39767939658612
0.356585556274635	0.387580460577787
-0.416543133284516	0.406599712927687
-0.420564676713212	0.461067774464016
-0.473094506097882	0.523398830845726
0.051540606436372	0.0331585809227804
-0.322257844278428	0.341318704112193
-0.368822113481259	0.360089015818178
0.258368274469918	0.214315172713849
0.483677549412945	0.508845868137841
-1.37985292517989	1.81433847703299
0.627716796687273	0.565722811404045
0.542319558723199	0.622219419112177
-0.517208669760701	0.597994596214191
0.00893699436702215	0.00660912351293626
-0.151177278552044	0.12412896169552
0.159362415494212	0.14265486029283
0.081524738498104	0.0629288643218956
-0.133003846938863	0.122151827527643
-0.370726431327803	0.33456055291235
-0.363504639076535	0.297525491137551
-0.262114198830945	0.267644172640741
-0.443107002990743	0.426381889624996
-0.240144813694501	0.18556207421852
-0.970468066061787	1.44209594951339
-0.634948560362976	0.720202908715553
-0.189287992865166	0.151154744859307
-0.722592574740842	0.649289392647145
-0.710321817359331	0.575225322737088
-1.12379379601128	0.77850449410956
-0.431811371457754	0.248705622113505
-0.101868791722517	0.0752525952208134
-0.185142971954279	0.162436009934778
-0.49557423679951	0.541581412471518
-0.449940581436738	0.489358918053661
-0.753052099658061	0.94190768605833
-0.701412113010162	0.878977180853031
0.33737274702636	0.32066858635435
-0.10375656890746	0.0863169847241046
-0.242510202010278	0.230682270085992
0.309190813947184	0.304749871910203
0.483152077847748	0.431098839061997
-0.409529754562378	0.329884710357564
-0.33922718848652	0.354946330399538
-0.133949585515666	0.0807415424717054
-0.40801290849363	0.426786928133721
-0.274777363681987	0.277169533010136
-0.802877553700755	1.09534101047715
-0.1629799506918	0.147226531854658
-0.472372180837729	0.445974288484459
-0.168338122911175	0.14920768095301
0.0285841514219821	0.0229099996255429
-0.52158811745942	0.643838455207977
-0.262128645552425	0.246966614140153
-0.226557560174171	0.212782580615325
-0.394849165343025	0.509652661066036
-0.180926809088438	0.126740356641959
-0.215645556862086	0.188751004796121
-0.451447055857157	0.524857564881423
-0.910096575058448	1.35313759338327
-0.441165286898159	0.385842382745883
-0.376533765418217	0.341090123480432
-0.9571797668301	1.02580013196077
0.171789706962795	0.127299713385072
-0.0181434362567099	0.0124323464632442
-0.736903285991432	0.819551295071617
-0.0552974645805537	0.0487126728726136
0.556565908953296	0.62417342352161
-0.0321834639092357	0.0255611090151046
-0.313990821688144	0.311019611348365
0.0127804545260677	0.00972932432629531
-0.209888705684841	0.164178675307825
-0.522821006261929	0.489790917385675
0.00595330455213204	0.00444603092932395
0.398109161691383	0.401327317952987
0.423331760613416	0.408284744571936
-0.284782806670924	0.238775562192826
0.0908394062913989	0.0703876267996241
0.170913731861966	0.135108297881661
0.369260917819034	0.312956691009584
-0.125547604144328	0.114544768326906
0.273103019332078	0.212983650946244
-1.76464278100915	2.67834734234672
-0.0586804518956409	0.0454630570125539
-0.873125925873514	1.078357491376
-0.436644069013314	0.418368726774599
-0.403512717605688	0.391032868548921
-0.158472613550962	0.127541849287383
-0.521398959744803	0.400912610516224
-1.55841110892335	2.31022049504386
-0.923549898025524	0.783621523054142
-0.203589980629623	0.138440342133263
0.0617547397017603	0.0415532958633309
0.768358375962604	0.603617061905731
-0.0515398263188266	0.0247757075133237
-0.0476995674151998	0.0312089013390341
-0.971837632645029	1.0511590985286
0.326230295318337	0.308237422825629
-0.157083833268845	0.126264601485755
0.384081966127187	0.394447239034306
0.545811895937741	0.538562133342428
0.354572471326688	0.319648579800671
-0.20649957069294	0.161448777376192
0.0028429697354016	0.0020213808942527
-0.405112149522001	0.392575618163813
-0.34909270889355	0.368300502676283
-0.0919518711756939	0.0692570600855392
0.236813915712971	0.217924675353661
-0.280082562441033	0.260437147828526
-0.430283823100095	0.444157284530344
-0.0783554679781737	0.0679324088915052
-0.75785734936503	1.16404770642995
-0.0336942534009229	0.0267290887513624
-0.450475173053747	0.395451038240709
-0.376079425366189	0.394912176307389
-0.420229186664605	0.296778128374746
-0.306236552365177	0.309115979230862
-0.47360116672364	0.447281018805637
0.164776461305608	0.148181105379343
-0.185664457557307	0.180068411401095
-0.363444153568953	0.326863580403334
-0.450909901855692	0.523881961670279
-0.657804303553002	0.828873349416743
-0.0312077963911736	0.0247872977692771
-0.241864081092729	0.248134201580983
-0.81003381544632	1.00877327224437
-0.23461080251777	0.202577027611931
-0.0127392446910332	0.00883471050296268
-0.402078135694575	0.357486804498474
-0.932277848186166	1.20705647574998
-0.113817707313327	0.0955254883736775
0.167395550616405	0.139691446635267
0.101627679807151	0.0875416741322617
-0.147116233097054	0.104769257957053
-0.147234825429527	0.120683078681749
-0.363838058408375	0.327280682168365
-0.975426257103518	1.05756908740048
0.0991302705801426	0.0793096914825951
-0.371190146792047	0.387748897657131
-0.186841161303811	0.184489811511593
-0.366618852930451	0.330467227260839
-0.569432339202501	0.61181293087742
-1.1113754011164	0.767511224880198
-0.362449331165665	0.263398393080267
-0.235742065568156	0.203649264067807
0.313734485481859	0.173186874238497
0.925054314429524	0.619732179804004
0.844025169993098	0.620253206989425
0.0185139585697484	0.0144774068332899
-0.470516264662506	0.607560125118124
0.175772615027508	0.143461922816597
-0.348208598894873	0.36539776875348
0.548837927978853	0.612889197775503
-0.171789143000438	0.152669763988759
-0.219933423329071	0.192987705317107
-0.000163063999085723	0.0000768460401543284
-0.350049770035484	0.346836430537653
0.0985063047053826	0.0807198860556568
0.416674022328617	0.412148482288161
-0.0545525992397613	0.0357629114358635
-0.989447722049041	1.25930729816881
0.00803254084676445	0.00594401999419247
0.15828942023534	0.112000648061701
-0.0333754835880479	0.022281732516359
0.342319921881764	0.316504990017122
-0.294055787796502	0.294561620598798
-0.0994400460832438	0.0843008345650237
-0.756355091134253	0.947917924651895
-0.424616918627018	0.466608911494684
-0.398820120930597	0.353201097850665
-0.213027769921688	0.145655508760682
0.687799121102686	0.864732667333121
-0.57309135325356	0.369731885444551
-0.394525999076072	0.314152063923496
0.872976637621272	1.17951447622456
-0.812018297454942	0.839431654146308
-0.475805953365497	0.450604877743379
0.00120859468588885	0.000876764301049877
-0.267240963976244	0.245866372559789
-0.448907597909823	0.394631628016524
-0.602216360888669	0.691623748047738
0.299730476956441	0.308059934304556
0.0639361124477592	0.0446598958987914
-0.188957535967211	0.15079976652772
0.645180704722807	0.751780678174886
0.734118681010695	0.806341401645038
-0.0304666812825328	0.0154936941216484
-0.657445010599401	0.828224604336809
0.744462622820647	0.983574926013082
0.559488337564278	0.629693562024054
-0.445294024348304	0.428156926053904
-0.291857264117063	0.273424277985653
-0.261706583063308	0.245428013551863
-0.485451521403388	0.599360708770523
-0.702644244483861	0.919604439901874
0.133321862582104	0.0758489843206506
0.775700210524047	0.731941583958289
-0.611368315959993	0.738666776954301
-0.0226027916563656	0.0203264191630432
0.0999570103378211	0.0821240253672636
0.390129452234944	0.402918986858545
-0.0933737654622356	0.0874770480743721
-0.518241723278116	0.599795593963628
-0.568205645879746	0.657914823037476
0.0210809428089835	0.0160038579340195
-0.0816471160395024	0.0626344679417169
-0.118317339178068	0.0856583280734622
-0.29689855086591	0.271439009420809
-0.204754515603238	0.160123696384399
-0.343132023186049	0.338279574122499
-1.16271417895205	1.31485276884376
0.871561851644138	0.887388099355483
-0.126890641670548	0.076240755148192
-0.14190973868759	0.115936622178276
-0.0490116769256635	0.0235976671121185
-0.210629074615228	0.11509757434306
-0.499707552085944	0.432710181130997
-0.168767716769196	0.117481113522372
-0.987569465085065	0.988772026023913
-0.34331468333955	0.522428415981664
-0.655481249997387	1.09190962605503
-0.474992740459241	0.489652925944924
-0.58589086773381	0.54420887162063
-0.342413501754383	0.207865254967998
0.146301463254213	0.0369121679082859
-0.811612579745309	0.447647759016902
-1.11152637696829	0.767966941943831
-1.34475666863028	0.850831717263377
-1.11808484456221	1.10044396381154
-1.11700825096541	0.772176747551192
-0.296213204906545	0.189639244605212
-0.0586714019239432	0.0281154177195311
-0.415465050057558	0.293180859627344
-1.36909881345832	1.39382278732296
-3.09029030460571	0.960832707527767
-0.431404780743076	0.248588286433223
-0.618077148655443	0.512548695998642
0.00334960998252685	0.00177682285195272
-1.37104412222593	1.61260616590214
-0.308323455718577	0.228116876474422
-0.00152503450736729	0.00077780321121567
0.480784837747704	0.301810766566222
0.140529722006975	0.074070445394228
0.973217733921472	0.791983490503911
0.478477378730047	0.299591385133604
-0.116490965625942	0.0469648901038593
1.34525554402833	1.23494774062485
-0.415941922221887	0.293370272244174
-0.0736523421573001	0.0471655722227638
-0.347891425593772	0.21188030964409
-0.209680528539687	0.287290993148714
-0.228074701370774	0.36829293194599
0.0619846861578898	0.062310355665991
-0.0365818541081353	0.0295653966027396
1.08027882533831	1.64096399772919
0.159146987361765	0.117077603652719
-0.0773561241791332	0.0591439856182612
0.311206087958159	0.171652487188084
0.590523639529456	0.445543069437749
-0.101640973812848	0.0632819225113873
-0.209257424454435	0.164048909866943
-0.478274328663215	0.32333334893996
0.153902415347051	0.0940976194729921
-0.591595405368988	0.437767491618596
-0.367208773519648	0.357568686906318
-0.40156829399328	0.356900575856178
0.0371782690464016	0.0305598950095596
-0.0653933420824793	0.0496507901031048
-0.12632886245459	0.0918607585165217
-0.409008669922395	0.3294679209335
-0.066610618249705	0.0518027825829
1.48355827218986	2.33858725250544
-0.0249388934958437	0.0127979032178138
-0.401999210690528	0.322018855390418
-0.217725363184661	0.149132893778149
-0.0780934034702481	0.0499987812820941
-0.471005228001924	0.483444493885654
-0.357828768867711	0.291647113145701
-0.93992285751021	1.15050420723993
-0.714026588534769	0.579693423607529
-0.265940931464649	0.227704814031774
-0.130038956580258	0.0946782925610305
-0.147416226834217	0.105105020098979
0.0380204779060765	0.0232571056409928
-0.0975849742699975	0.0606629325779024
0.162234154268121	0.138878116680898
0.335060178070481	0.309034442122155
1.4792915455857	1.95054213073538
-0.0550113933529624	0.0360331470349305
-0.2435853217137	0.161259922785974
-0.248759602050083	0.165112387139066
-0.0384736805630233	0.0257848045043138
-0.184538915002264	0.146884050741409
-0.648100175225131	0.932578735929997
0.160209318512295	0.146480446108514
-0.51555882339711	0.595478829344979
0.949790131155008	1.42792518782285
-0.219513682841541	0.186896359648229
-0.300798639247991	0.275506997515119
-0.478263573073802	0.453471502513767
-0.215892837594266	0.169734096696206
-0.084790747205205	0.063628565252397
-0.805303763537269	0.833254218897702
-0.495188233049294	0.540778983175043
-0.552346275326995	0.468161734086282
-0.546366116813533	0.462744546385193
-0.531470047188454	0.49934325924422
-0.0510442050377671	0.0401274462845668
-0.37474716135576	0.338779382593906
-0.241948933830054	0.209511017621267
-0.715680682530732	0.984271286483962
-0.362094537969146	0.351128982075069
-0.137497295159833	0.114564059054145
-0.519719313113006	0.601946260862994
-0.114860762046901	0.0853833852485611
0.873698235331782	0.890497211369353
0.916406358058423	1.22099799302983
-0.366116575720763	0.30001927895531
-0.548116475560472	0.463933435429191
-0.0189067724658885	0.0154062715538076
-0.125687526419608	0.0914402471240981
-0.508618469487993	0.518350297128162
-0.552170904774486	0.634377183930968
0.0220114404156546	0.0167041497033839
-0.111596242677916	0.0934653551127396
-0.535732293220197	0.581253898110323
1.00657425560519	1.29245755736003
-0.311384013492929	0.231617852494775
-0.207323448931643	0.180321356155586
-0.603260287943488	0.602762119430481
0.16889777423758	0.115046884493403
-0.399389840631511	0.386014883223037
-0.275388625509444	0.20852464957394
0.288405011711608	0.207762491692256
-0.125687206888091	0.104019211426029
-0.332695251664309	0.302497729692522
-0.383402036191586	0.347922019060509
-0.327084153271864	0.15227087480589
-0.128103071544459	0.0769699280966322
-0.148954361164003	0.106305586261983
-0.0925878880913783	0.0698083268003163
0.972219172282566	1.54709253677958
0.772546345534609	0.920648916300232
-0.859189568578987	1.17107615499064
0.0312797037707268	0.0250885935226687
0.0778750139658995	0.0583270968987277
-0.270882639032529	0.249827384880381
-0.274312995688244	0.276838489758122
-0.108535982733301	0.0804003793264512
-0.605728466906552	0.729807007280842
-0.257914280416602	0.276265011541174
-0.326581342961078	0.271383105499053
-0.0351720912497949	0.0235872513078285
0.168290477366347	0.151677029654101
-0.435750620300582	0.513576979993574
0.885521166716521	1.26579123393566
0.0271773507825934	0.0206375752087301
-0.110627846022384	0.0924534234457017
-0.68189410430301	0.765238688170064
-0.685492858127235	0.987527964933851
-0.0753263662433507	0.0649974666847724
-0.231134599156021	0.198713164608943
0.802561695738152	1.0271264721865
0.0908081794436939	0.0722604522416664
-0.00195274145934477	0.000986815956440745
-0.178418327031866	0.159321283560295
0.618021029131104	0.808427050801348
-0.0538354988463362	0.0423903609818624
-0.180588671085969	0.174498409201596
0.33338301934871	0.307054808131011
-0.551126036789685	0.467501039173767
-0.550906006432571	0.632845841134299
-0.346222750053774	0.364898018857288
0.236313516769495	0.222656713277018
0.498012793616062	0.600414006687728
-0.472081584161748	0.522296152818667
-0.276047483085215	0.209351712297215
0.0713866039412818	0.0500028873618267
-0.409000057675513	0.328898769550502
-0.201005824479686	0.156524154264718
-0.403139579529166	0.358549654895292
-0.630509873360933	0.713281284874818
-0.190595591961758	0.168008103144991
0.422349548426953	0.406790496008051
-0.324700019469894	0.26994633043163
-0.0875131108200888	0.0762855538252927
0.00404053411724505	0.00286000841282011
-0.457281177646437	0.464727451140423
-0.437762548552665	0.454148455628384
-0.807307214219595	1.00245615623321
-0.405549757296885	0.325324208139915
0.222303921057047	0.216954245274323
-0.645887340964306	0.589227375214625
-1.06944413554803	0.870915017396779
1.37378888048423	1.05741795029514
-0.36684082100032	0.301006733055226
-0.336054443843957	0.359166090251911
0.440734572575418	0.491761438732456
0.300608224017418	0.315885344132699
0.0881583279620769	0.0701009534922149
-0.00511398050817007	0.0035379018278793
-0.0362179157163564	0.0242733889902595
-0.400625917155784	0.355852900855963
-0.440896520547505	0.385307127750858
-0.608087933357851	0.643236047924603
-0.00781631294254608	0.00545479591975728
-0.130788459991968	0.0953703670518165
-0.0207891441450133	0.016912768151203
-0.441132049488111	0.423930915278101
0.577610287831309	0.635824986279213
0.503987253208321	0.521285994750849
0.0484577528924134	0.0400743321212227
-0.0527064327771296	0.0406315730496951
0.390639224913358	0.403445987096091
0.174372417263821	0.133400683434583
-0.796613019432216	0.817940784464372
0.232958864135471	0.224109381683783
-1.04369315022737	1.47274389818914
-1.36421507938887	1.13885239041541
-0.354953222179064	0.257313651210072
-0.97571835338528	0.605753934992484
0.480514484246685	0.302127149394418
0.127222675433409	0.0431873188523152
0.360505454335793	0.315030767542123
-0.17790037108451	0.12438365737209
0.310295126945534	0.306106599186886
0.456100194308656	0.416828943684659
-0.723470317414032	0.650169555786179
-0.71447902001835	0.944296859465074
-0.0366355818867696	0.0244842652105766
-0.644184686197033	0.588345801076768
-1.0210811965196	0.933742702883136
-0.00381726829039237	0.00272140170219116
-0.0430731685739817	0.0288458924594737
-0.722775206396217	0.648220692027353
-0.116767888250112	0.084438175676251
1.07936387789921	0.813579549956414
0.480488373417667	0.302387224855508
-0.345172965969392	0.209501350798707
0.0747454066156224	0.0504092623875341
0.999130616815801	1.27798338302867
0.571059979718374	0.548463619033762
-0.209706540097915	0.142961772188054
-0.187954906366079	0.149810343404195
-0.812032039868313	0.781132158756177
-0.709471107040433	0.573787999702339
-0.695199378103352	0.828992167644786
0.0214626139089713	0.0123679622731048
0.166607210605537	0.123098034052853
0.16936886498397	0.12047358651625
-0.452865218835167	0.355363695922092
-0.119372071877257	0.0864047718961965
0.529222923037372	0.439310390276688
0.589475622877186	0.445171328932173
-0.210976886216242	0.144043784790299
-0.30427167477448	0.279955882563483
0.0175620760696588	0.0133460534436142
-0.0535779868777535	0.0351398082568383
-0.791200734986484	0.350537676799604
-1.00149418077989	0.503717393127032
-1.5318146928413	0.553494474919415
-0.796486970484447	0.352949680519547
-0.00789305717643849	0.00412464975363091
-1.11639118796566	0.772731913415534
2.74617618045436	0.774720201883077
1.43834434492453	0.478363981232013
0.640019224493473	0.579461732440362
-1.27332158994817	1.21437204440425
-0.13159419703962	0.0791890585515841
-0.0972417014580355	0.0605039457479255
-0.943460772819779	0.700009884415795
-0.917036976483896	0.773643389406764
-0.62857584492256	0.524924602166875
0.857655277822564	0.977830930893955
-1.0779292723975	1.36815446956325
-0.181145481657788	0.126609852989131
-0.0498487565104699	0.0326610456695348
-0.177859420163537	0.124132324798175
-1.02190268705255	0.936642886067566
0.52680157686481	0.43523336595703
0.125292505207361	0.0599372934142865
-0.119502036025581	0.0482059612807356
-0.102659101040388	0.0639372610706475
0.284978731104035	0.182779568179496
-0.635116368364269	0.57481253446239
0.0288406839162742	0.0165889160388917
0.148652197900544	0.0909398741938855
-0.715881641425001	0.640248555689429
-0.316607691619564	0.235261062001256
-0.574374314626551	0.370812227179075
0.588827821599834	0.306581808237182
0.459153002386029	0.311525735712557
-0.672779142044464	0.404667128086811
0.34931050721625	0.314421291755673
0.490706284479764	0.309316239978664
1.45828728283077	1.45990890448741
0.144648497462652	0.0881615926621264
-0.0234976566995224	0.0160582631452443
0.139326280420314	0.073544252659803
-1.29260010942573	0.590704652352426
-1.03979555880417	0.418029576607972
3.918269745807	1.72279408442701
0.147685616873541	0.0372140815523598
-0.693417243351151	0.491954055499865
0.286171514736297	0.195717658231676
-2.00269707595114	1.41054815038411
-0.119594977039748	0.0716486726094458
-0.602040220900288	0.447991936229992
-0.125763539126333	0.0912984255190739
-0.411390463562745	0.367677771973205
0.686374200062753	0.686804022092069
0.485732870614875	0.431959145373903
-1.22769256281016	1.45505988441249
-0.141630318501808	0.0852885602173827
-0.598732540004084	0.444513433472127
0.292664267979752	0.200728496355925
0.290637295238318	0.187201493835213
0.828848988243137	0.604660682318086
-0.806504056304195	0.443811756059223
-0.681942244913797	0.410022477071424
-0.0193813602993497	0.0132640015851434
-1.17881336640624	1.04234989322883
-0.145948163662265	0.103878380762979
-1.11808484456221	1.10044396381154
0.417613128961679	0.316290372834666
-2.08578796571711	0.965562416707721
-0.58268821921517	0.540410338803216
-0.335058035759499	0.305380940444912
-0.715216414774795	0.580875097692165
-0.728662919712253	0.654682937727949
-0.332566821175194	0.155089866310951
1.03751492551625	1.10146960283215
0.315889169651944	0.17412757067164
-0.268079632017027	0.136322450303649
0.589802007059548	0.30737004493571
0.285502417920286	0.18346473283706
0.521264959162377	0.299100283161986
-0.309995756013953	0.230481033031572
-0.700195158566715	0.498717485890672
-0.417321931173767	0.294413406573614
0.150481785037224	0.0377820806483386
-0.359365673988087	0.104727737543846
-0.0472035284646347	0.0227413249463087
-0.419531311363977	0.240753746241055
-0.567812854223586	0.366059594826391
-0.822190453007287	0.552961321787477
0.147068965740625	0.0840424215095432
-0.162255453413382	0.0931463336495275
-0.588945069845985	0.671424683539231
-0.211589669671396	0.200726495946697
-0.00827929581387125	0.00759902928292545
-0.172377974328364	0.153395017304672
-0.0690886491614237	0.0526666010950833
-0.404772356303152	0.392774334674902
-0.589750296846047	0.672196606295417
-0.460310871906237	0.469856878417491
-0.247893517506568	0.191797491613069
0.299842100804593	0.193758643032535
-0.273128058658317	0.206819159447762
-0.307771271467699	0.283515181681802
0.517967407565293	0.674531167215615
0.589423127599887	0.844455239855031
0.0607558453856872	0.0558109086836458
0.244662779847782	0.231431598135744
-0.395030939536861	0.380616051579144
0.488400200503463	0.650197990868898
0.0253121810159507	0.0192136357965854
-1.02274968420238	1.24372118818304
0.11478071935705	0.101918613216787
-0.356532073969763	0.37835563933512
-0.382629033424953	0.452904652881195
-0.261781371492995	0.281392659940402
-0.650423359884232	0.780579411080416
-0.561716841282638	0.568552127422724
0.0249595174160882	0.014363056964679
-0.180691386772007	0.161304452331899
0.0985581561480019	0.0847087165673338
0.235251616384276	0.221646723990617
-0.533517907755676	0.648368088092479
-0.957139885220806	1.10913422284664
0.256803041710286	0.226589702962162
-0.13849609265601	0.115559554491363
0.0131708185132872	0.00967612275991577
0.16376447071805	0.120884689130065
-0.171686357992513	0.152763276986796
-1.53645538754434	0.554877978644979
-0.426290386311669	0.180247737153966
-2.06045258221225	2.79880024332324
-1.37265016179591	1.6140546337318
-1.07477677592401	1.14763418799225
0.0717264477486494	0.0519398344950989
-0.273109739305457	0.252206057346514
-0.223409076043551	0.230283250195989
0.0859348086254372	0.0680998418222739
0.795770974656982	1.26091152107521
0.625283475734665	0.744514725721992
0.100773153259073	0.0885588325616942
-0.00187168459799599	0.00163437266426432
-0.158480807817352	0.142664577391455
-0.332508332009262	0.277315360269974
-0.207771157405004	0.16270384521673
0.356998046236568	0.312106931325523
0.35842641136407	0.301724704098429
0.219677968935419	0.244375459106295
-0.445724797844189	0.42783798869939
0.184637141662341	0.164233070514309
-0.213871266847641	0.186988975910569
1.2651022762084	1.84692490843117
-0.0155842934101622	0.0128320717686651
-0.136976718777705	0.0969086214700058
-0.956551896475676	1.10876373179699
0.0149790916946245	0.0117459342922084
0.252782252684136	0.216207595120493
-0.0429333827858728	0.0342502367594119
0.482574516193406	0.508624721505656
-0.312160925874914	0.30917197429256
0.706739461368822	0.940771261406071
-0.539382277318794	0.656909461405556
-0.536183002672812	0.581913344444484
-0.150870285315534	0.123570526027913
-0.131245617412775	0.0788667926085585
0.0966998617545624	0.0772120578097905
0.3812761809616	0.312937740450333
0.0830919923498081	0.0603031065651059
0.264028415961429	0.226931832270868
0.22872132020191	0.209002172397441
-0.323099637425624	0.268327103214819
0.0406838231934464	0.0349196418048598
-0.443532050571759	0.388755607653935
-1.29260010942573	0.590704652352426
0.80661030139522	0.340174283092776
-0.447447609220883	0.393359983414987
0.317487719766007	0.30630997028944
-0.504900027873039	0.438421295334364
-0.270910958351099	0.272733747464841
-0.645943524332766	0.864260537228613
-0.104021607566404	0.0769049211678639
-0.353432793606783	0.255606658936346
-0.03219778062257	0.021567299565632
-0.116605892217227	0.107672891161712
-0.0415901978971595	0.0325851404880654
-0.904993667122216	0.849546943529538
-0.517221955123294	0.275423693833346
-0.491077821214255	0.534258910465675
0.303085881361557	0.319248210370121
-0.525584697594875	0.493060011268045
0.175241958507715	0.162398592480174
-0.484270688626854	0.46092236844559
0.180438676588603	0.147796386501204
-0.0340480403757214	0.0265960742801457
-0.308676978434502	0.229171610301145
0.166202750777529	0.12703790635776
-0.0334932117016846	0.0266203721460392
-0.271805532256056	0.206117683649681
0.274873207275624	0.197039341596822
0.309208373122691	0.304512773192087
0.16373026756311	0.111360052589249
0.669459865137326	0.581569980817577
0.36210523741696	0.304803104027005
0.175034722052308	0.154805108032887
0.630861722288529	0.666747552478028
0.0107014329920952	0.0078953174977915
-0.397757095978095	0.383930798179726
0.0404093833997162	0.0259400061638757
-0.40683845411224	0.285396790688691
-0.0309604627566419	0.0211273184568377
-0.0445420440165939	0.0291604105377948
0.166106608978317	0.122748553295463
0.257488058883558	0.213441957956292
-0.206068697723961	0.161253574303516
0.164532305563895	0.129631104500523
-0.147779563865592	0.10542144251268
-0.306971111941775	0.227645962537867
-3.46538037258837	1.25291021678476
0.669992340809613	0.313365566917382
0.166823548639417	0.131420168163524
0.0534549030490901	0.0344071773318589
0.0659679352742478	0.0461234834403813
-0.603253913842023	0.449724787894687
-0.517931269650141	0.599270838275434
-0.436556984973337	0.41825579365883
-0.118998109183901	0.0979899273669098
-0.1247995433877	0.103078931772325
-0.715807854155065	0.985524367244961
-0.285780025722714	0.307267240328908
-1.52047858109143	1.97234873446472
-0.981139482905362	0.61029537176324
-0.490176637574561	0.627995231402414
-0.262923039022895	0.268736111869532
0.101075992451149	0.0887912310024698
-0.406912085621149	0.425417766010247
-0.044937384522592	0.040401840770397
0.170256993299525	0.126066004641812
0.437081938784064	0.410494008698198
-0.126927395675113	0.105090436317052
-0.177219626594008	0.123903409931125
-0.406159537392736	0.478159661254655
0.269892411577162	0.218142350054027
0.358736747353515	0.314110761576379
0.00966334480074545	0.00712285534111701
-0.62415406975204	0.668175603724943
-0.0833829808250123	0.0625058804655931
0.23021262433188	0.231040319115792
0.103969115812357	0.0916011042072478
-0.109705752190058	0.100653326914644
0.643740641147414	0.8325420968603
-0.44463582771524	0.545019672222685
0.842489525627321	1.06200316075227
0.165276516752328	0.122033911892482
0.0429478019484233	0.0345659547881436
-0.711173484440034	0.936756579612854
0.309279999889652	0.304195429707489
-0.949633336833912	1.09529331058514
-0.204903817677035	0.160002173030348
-0.309838936244885	0.285467613726966
-0.375133474136223	0.339326034119252
-0.55177855250731	0.555250476587866
-0.150622921137781	0.107526710630758
-0.520538591401502	0.486895084194128
0.139776501131317	0.0795550366776219
-0.21315550611024	0.167445817856861
-0.573088863416466	0.369435091659672
-1.00093643718831	1.00885587071354
-0.216071804572516	0.117830079418178
0.147685616873541	0.0372140815523598
-0.0863690925012887	0.0382537768846042
-0.173285979871108	0.120971476429972
0.161758164098955	0.110013413961397
-0.814161620750231	0.960803476696463
-0.412822412367726	0.401706069028794
-0.814527811865244	1.11458394696883
0.0613691588286481	0.0412836057179237
-0.379285277950129	0.399055887105605
-0.823425983663962	0.976043608858134
-0.509708245632889	0.585313794223152
-0.180792513634596	0.186460090011633
-0.326135417231414	0.326004438360595
-0.355119064342605	0.398908180081866
-0.187824385721658	0.149834707667849
-0.199446636408944	0.176884180225343
-0.438184768741431	0.419466841715389
-0.164107359849351	0.1721865202266
0.0887522245472964	0.0706601323224444
-0.0367973736575281	0.0292844946631116
-0.245063625372574	0.269357968006692
0.174200350498689	0.150146999297832
-0.577598080854556	0.803302122842922
-0.0530198155765656	0.0409309647893228
-0.508750824189895	0.518465646993632
-0.853960518608568	1.21539547829809
0.0269319650580889	0.0204649495542884
0.309136641420416	0.319589168344896
-0.257050114383831	0.218689747005321
0.0306619109231908	0.0239513481850375
0.396976462314629	0.400291929977977
-0.506187925947524	0.514999053245257
-0.17200994890453	0.139619868292534
-0.104883998887376	0.0775687280595105
0.0284826110963256	0.0216563429071097
-0.31943938319104	0.264333077714878
-0.0111036799485033	0.00767730658465897
-1.15494076352898	1.30371066914969
-0.191515221824112	0.186582835224979
-0.234909382980505	0.202806638380683
-0.637681461672914	0.724555119490873
-0.170186334148865	0.138015073741723
0.365239725371469	0.38936334552779
-0.125431370970314	0.091225119075138
0.169449756374857	0.133998817491504
0.672627112605989	0.863027351953758
0.0726524413021904	0.0542119663216535
-0.183338382589205	0.145767813564757
-0.529477294770711	0.616667729470029
-1.09614367722034	1.61003919601344
0.385997426120744	0.317471876377598
-0.619112031755443	0.660614970851838
0.319756696903879	0.300066137550268
-0.0611535897563805	0.0401452883966554
0.0714864932253134	0.0517486950891302
-0.766187727872367	0.965035755384689
-0.869068225427394	1.00825918495243
-0.995629672520172	0.499802491735932
0.0471418239561701	0.0303133449809032
0.360605900999534	0.315929931824498
-0.210643047593592	0.115010796681534
0.262861280602769	0.211541079181359
-0.0189973180105755	0.0152934121550352
-0.631846972554484	0.714300460661614
-0.365166801996651	0.434196993647298
0.0733410966868439	0.0531009021755809
-0.174412847940226	0.188948731358688
-0.0294129443797642	0.023690452200702
-0.194748686989381	0.172034903680208
-0.595764616141695	0.591881153013514
-0.720966016847437	0.995752721581434
0.0670876548547831	0.0596234048716414
-0.202369367926421	0.175184707163392
-0.145960702444633	0.119578895940436
0.404143509113635	0.397111756501761
-0.406441550154488	0.285108024210934
-0.195077042131637	0.156084102681597
-0.451019868718123	0.396487494877202
0.0767851804413842	0.0538124400568255
0.0717496389523379	0.05197535700877
-0.721404701248655	0.646625342837701
1.55188117345266	2.14886615072485
-0.48528121037074	0.416665399563019
-0.52328494840837	0.490328483895377
-1.30897927219687	1.80685977259122
-1.01132953632723	1.55382511185557
-0.404433683562583	0.391823326887187
-0.725443456966065	0.703460076216587
0.258035013027483	0.214390493358322
1.05186563966439	1.71298592236718
1.51685503826321	2.63650353703031
0.110367508396209	0.0911840555209896
0.270640051957151	0.218870366873937
0.989578253856079	1.17657162058549
0.275951556459971	0.223432922113128
0.265027436161826	0.213556126372798
0.432599953519017	0.419427150078456
0.451185163926923	0.493068782293998
-0.876507080913652	0.956274087560161
-0.526154956182841	0.568444916283308
0.163099938953084	0.12445314209823
0.0483514913750452	0.0295312264879373
-0.120951707227922	0.101930803706467
0.0811287298458748	0.0608869421277847
-0.186630223374387	0.14861091133279
0.00403902687806115	0.00212172137761003
-0.579116189862107	0.53615702145508
-0.624992871535936	0.794359102426142
0.122804691738757	0.0469618730681739
0.930266336669679	0.626195766056017
1.39958047314654	1.74693922498294
-0.16844086651219	0.0971453031744996
0.138983315146558	0.0414025350222139
-0.807110916399578	0.833687264969215
0.0921065517940596	0.0694265059659127
-0.0136090625374776	0.0110777794644793
-1.02921435142202	1.25471513580077
-0.130024862027524	0.0782442460536202
0.0480631118883462	0.0308320255942594
-0.369431775190519	0.303520662588283
-0.280494856929119	0.259934727352017
-0.213985015889568	0.168201843743154
0.0365363758108603	0.0223834686335867
-0.44694410597983	0.659685886655413
0.110055903469767	0.0992973376147758
-0.133362175138781	0.110958611357568
-0.0707941350393457	0.0539491734873724
0.506849287828035	0.437956298850361
-0.295240886324857	0.189372875343123
-0.427115565582368	0.245727288483404
-0.459753779430368	0.362621181422188
-0.172380683803674	0.120121622260251
-0.507726691664996	0.269819983881313
-0.419253024152375	0.338489258194211
0.430293848996253	0.309451537594104
-1.00444860123223	0.506172705694347
-0.126104197914101	0.0756441855274482
-0.811526559894743	0.448109742356664
0.526812535810233	0.4377907381989
0.635651846867066	0.448957564691756
0.924486307241111	1.11545029715843
-0.933640720142223	1.14138238338459
0.285891922975115	0.194868542725408
0.00882368039262263	0.00462007109545776
0.0571222379933125	0.0638613295727407
0.39123225322506	0.403659423293419
-0.0263187523299322	0.0176577565818564
-0.103861211770765	0.0766856598532464
-0.396257990862584	0.350919059826928
-0.409985437307832	0.398754381977575
0.0283229557652014	0.0162687528124061
0.16041845690372	0.104129529586969
-0.265477462498733	0.200256099472836
0.326533903191621	0.18028012071568
-0.20838407454951	0.141627717637966
-1.74538367380008	1.48488530545641
-0.100411322021493	0.0740972574039883
-0.417186224271729	0.239046607040599
-0.0560957826361594	0.0268829034875724
-0.177755384024575	0.124152920342523
-0.169251687877334	0.117861651939983
-0.0707379381607804	0.0452775785443032
-0.1790294107713	0.141903602220902
-0.238383368436593	0.184003539851681
1.11273522124311	1.13409706628078
-0.89734445410462	0.919196008210833
-1.99154004771631	2.57955511827647
-0.483607207846748	0.32770235705345
-0.0169543862433707	0.013808085042568
-0.0658518162889292	0.0500986117333623
-0.145208166179073	0.131979630110753
0.0316257107828824	0.0247022323729588
-0.0282253092058159	0.024812052982456
0.0127926427116853	0.00901621125121884
0.0276550131856781	0.0216158601789129
-0.68223054592651	1.10489539555547
-0.384933020226462	0.456507813295086
-0.290514886432235	0.244438042548971
-0.518554276040591	0.48387848441175
-0.36978550487214	0.332663290902548
0.0781229951710155	0.0567541395654934
-0.0385920351501794	0.0258790362323933
-1.21949706938435	2.07511452952832
0.0115242119133158	0.00848708150047661
-0.171210317596472	0.119347902633159
-0.609549499098648	0.73537553034778
-0.578051286070302	0.777094521367321
0.112509889764751	0.0929764116299669
-0.306671664192886	0.328224043251112
0.644727310039623	0.751967087917994
-0.442538274991384	0.386552069475445
0.0346569311453939	0.0212179081680786
-0.605224641422066	0.451275809256236
-0.290610699622179	0.244429674207349
0.166153153504246	0.130923901779091
-0.0858439767634507	0.0659068554835941
-0.0339943797199486	0.0227920001146653
0.00705832461674161	0.0049808778800221
0.55260890488756	0.439058396368489
-0.203863406951735	0.138670381136546
-0.0998556820685892	0.0620821015464585
0.268784277878729	0.209061210559522
-0.60921870614546	0.454862514764991
0.0777409226446115	0.0545447925373087
-0.266573301646872	0.201552992618147
0.455271924984144	0.308537847912467
-0.119515899301576	0.10065039815297
0.100224490805396	0.0842733486678077
-0.316726605815731	0.261797336958022
-0.682674992903592	1.1984022009044
0.165031402729561	0.137877027292952
-0.883410399123386	0.967585457917239
0.738197818020049	0.811334232666528
0.293945754803688	0.307679043952071
-0.176443556619933	0.143438044698662
1.32382253934856	1.39800711397869
-0.36684082100032	0.301006733055226
-0.255533149547661	0.216616496938361
0.526248110657062	0.303103141893306
1.32972511701923	1.40369944701428
-0.311222617337149	0.231497490843323
0.0751105133088205	0.0526507012357461
0.144028739283892	0.0877898466642811
-0.207979394929184	0.141981707588769
0.512867373300815	0.514672670490537
-0.128909529330307	0.0776123224847499
0.0199023059205278	0.0115131267373657
0.0215540704254256	0.0124478208158663
-0.0455966411002874	0.0350481328050905
0.247518175387316	0.20406814591954
-0.413691147104973	0.291515855158118
-0.0208973055919965	0.0142889611349545
-0.27487638844081	0.208461515926314
-0.148399289024826	0.105865075915338
-0.0949577216140504	0.0890811195398188
-0.141570557140929	0.100438946468137
-0.482470946005431	0.45880811567743
-0.602443894721904	0.601660426961379
0.0759008409098583	0.0568039309813622
-0.287496913054752	0.241412218357687
0.0607356387567337	0.0407876768488073
-0.265188241383493	0.250371126358473
-0.25896179138766	0.243483223225066
-0.23071069006623	0.217525959665137
-0.200744799379112	0.17787440803174
-0.0649917474574008	0.0567199734146436
0.148723090698476	0.0850024315307356
-0.213632440816899	0.167949462046807
-0.272668860875359	0.20657765545126
0.158589788820643	0.107858175499345
-0.315119948104653	0.234571998118102
-0.35910395528351	0.260766919075179
-0.807510739470687	0.837194312566407
-1.85197388271716	1.7062294084545
-0.585373956191277	0.542982807978564
-0.424667820912987	0.300093388974049
-0.497124795764813	0.430392169257283
-0.877598625771075	1.02473493438603
-0.0763839849916459	0.0570188566119381
0.131802376071748	0.134771636008268
-0.152866808308903	0.161413643484071
-0.0499478363586894	0.0327521644828037
0.046934346087118	0.0301680012953554
0.156222159946533	0.101231049763996
0.11609184928448	0.0443286212510367
-0.810757911243579	0.541650114778171
-0.900681907379815	0.845024774121846
-0.261859342578484	0.174075660581822
0.15810209845859	0.107326044544475
-0.369194908438114	0.268526247663881
-0.355498002429758	0.217311193308992
0.711601362112497	0.590939681626092
1.10167019735023	0.987192046909131
1.06752135248012	0.653606071236275
-0.0779591105744878	0.0499385982948955
2.88602060669665	1.95261611931363
-0.31074923214231	0.231067190629674
1.24570035837363	0.684223136845454
0.35334186054557	0.308048398731672
0.588432359085417	0.444359206207524
0.473462258012947	0.420216000195057
0.294276607987559	0.201744522257797
0.707588145370552	0.586006160606034
-0.183363910583107	0.128428867921226
-0.395306268742234	0.630598555089135
-0.363918238099336	0.298011803153762
1.1324192855361	1.28413096869613
-0.0942338868238593	0.0692273212476983
-0.308536950286994	0.304637991901486
0.504550373792676	0.520774094181479
0.836841577205853	0.612686438433986
-0.293566330475296	0.187822991989885
0.766324488662809	0.719888313044785
0.760809958275983	0.595316970507189
-0.904591329731171	0.847358726600707
-0.0944410646122001	0.0586679175202805
-0.112183601490782	0.0668128768145143
-0.0249636325833918	0.0127919173976781
-0.811359665244669	0.632317957483384
-0.574364832663463	0.370368096427752
0.525050055092303	0.436008355186777
-0.127106956860848	0.0764597986509808
-0.146257163633077	0.104245195598999
1.37500865453637	1.85491401315526
0.586784211396787	0.542709767373995
-0.0554793932621085	0.0363079030475047
-0.302697095845869	0.278261693100647
-0.195004015578641	0.131695410419979
0.570275462137769	0.77881773729256
-0.0212078009853725	0.0194194367970288
0.010539623880228	0.00807378943350106
-0.367643293383493	0.500708970047511
-0.862924931221453	1.17810245609509
-0.346316711644808	0.443405451324278
-0.138303522214095	0.168857120127477
-0.191032387577167	0.210148252864742
-0.0438753371730831	0.0344005880915531
-0.362539510721929	0.352066964767349
0.257991099293556	0.207190629648376
-0.337993396240896	0.308685164060321
-0.404438903575448	0.391590034582493
-0.0904764575398437	0.0681637076944378
0.0864962566814041	0.0668469847803513
0.735511143089239	0.889638596300948
-0.367493658238379	0.330943849884861
-0.365760624741393	0.32921910201638
-0.520488665883543	0.399878708864393
-0.166660601854348	0.134786216328309
-0.0336522868773512	0.0225136666945962
-1.89918819150944	2.75460771109906
-0.287673522983105	0.268065271192318
-0.809680128542957	0.775580349464621
0.712003257567583	0.591651552634555
0.450761741635389	0.304977720152507
-0.167346621209653	0.0965595345290504
1.36485875118623	1.83390936171524
0.286182480485371	0.195044753059681
1.06569627755505	1.34473885974449
-0.553627882129753	0.470614231359839
1.05438914486089	1.22820894163463
1.21052388864555	1.3216010773136
-0.87828222398834	1.08890306896066
-0.08477152115963	0.063653706170848
0.0372292558134733	0.0227989875894837
-0.571672310777921	0.614472825805851
0.0290583083610221	0.022670842176875
0.299353294809409	0.314239659823975
-0.496789585408008	0.542301669400355
-0.3341246786923	0.304440965824458
0.16047732809438	0.104011218593245
-0.0209990301687124	0.0143667025794411
0.430824840115188	0.417267988417682
-0.0565668079990892	0.0271447419234435
-0.441703739336329	0.387002564464631
-0.0327160368050561	0.0219348815446515
-0.0213886904962738	0.0110238927597154
1.03167090820792	1.09180745332694
0.287364857289589	0.195919179539569
1.51360322569542	1.29302969507639
0.0774241829306117	0.0562404690936141
0.456444961896663	0.417681051230644
-0.353606729844286	0.287557664139786
0.27224223368121	0.194453025945424
0.25594358612952	0.211782528851246
0.453060361826631	0.428246379245514
0.399062100561746	0.390217004307307
-0.271273920741737	0.205115502835051
0.011512401581198	0.00847997864634337
-0.387013139361575	0.339871519517391
-0.486132264195763	0.417474234720055
-0.799785106211716	0.881755946998503
0.16913074343872	0.14175409505309
-0.219902094801413	0.192770558111063
-0.501249522038593	0.434150539458466
-0.252765581652695	0.167948178256224
0.282793377240596	0.203220162333541
-0.725498777693518	0.705621759801319
-0.527850325165734	0.495135403346466
-0.690947473968209	0.489319175020918
-0.0241711531712058	0.0194478176476812
-0.310533599159256	0.30658882587351
0.046561062371039	0.0299185884194894
-0.649299618539559	0.778277785323821
0.16873088653316	0.124832643624781
0.308186274352119	0.310702086948166
-0.700555167335181	0.836998939977915
-0.374527205726365	0.367155749034634
-0.533848630485652	0.502250751628301
-0.266835876511789	0.201725364979729
-0.148816160116662	0.122116173634246
0.994166431224424	1.18574314723696
0.431134234680674	0.310636730596369
0.968494263005052	1.0570202210358
-0.313514697768118	0.233440005763545
-0.241395703774503	0.186439425218607
0.163872805668376	0.125129513319849
0.667306110674571	0.57906579187603
-0.0220790037866854	0.0113610459895753
0.152803249257791	0.0988387890245137
0.864915963368721	0.875861906147168
0.691259194068434	0.451599700908997
0.258022658447384	0.221405966291256
0.52610889987462	0.436625617051217
-0.254296598000098	0.169219007284292
0.297130536016339	0.191685439381013
-0.407035742143729	0.326242048733072
0.0659498667082407	0.0476201873642379
0.430195397062014	0.4160634973557
-0.439990098388521	0.422541011603087
0.285424444249653	0.205307493589908
0.0711529781777221	0.0498477902129871
-0.337030091729387	0.307669376137025
1.05762560702432	1.23193907079374
0.267211830412542	0.207381430524291
-0.341080469878597	0.31177352632724
0.174617925456374	0.142797031702275
-0.113568673010081	0.0952092129771806
0.160177822785748	0.122040739362283
-0.071209919719992	0.0455701757431663
0.0667975640656294	0.0466997068015959
0.0557431179834075	0.0374219111424881
-0.907729291160564	0.855725601326861
-0.55563251067781	0.473197294394908
0.586542539662999	0.442617224819591
-0.30211840113601	0.223212992605888
0.526490103342818	0.614844230617847
1.00745289541958	0.950389265498708
-0.18240324788962	0.127546931742497
0.157056196847775	0.0961561389598886
-0.720282251485974	0.645177627919637
0.455423227229006	0.416413170525809
-0.442030123628398	0.386992385634228
-0.481636691365021	0.326675934763467
-0.568220580881268	0.365613546475692
-0.173558853800766	0.121066900836784
-0.480814720617937	0.326035118616458
-0.90193891960068	0.847624304939
-0.459753779430368	0.362621181422188
-0.411606579711645	0.174215663689476
-1.03967643789905	1.18614051236638
-0.274331420177545	0.208118830479135
-0.0593751195195849	0.0460189209811186
-0.752934042591717	0.895422256653706
0.0700803004686455	0.0489645527161212
0.0267212229612725	0.0202964371670872
0.28523765260817	0.194625823462788
0.00658806715977492	0.00464299801603099
0.274432763409492	0.196474536354478
0.241482944440943	0.204696008201422
-0.445795766728685	0.391154176086519
-0.018071333026526	0.0123612390781484
-1.02777311040464	0.942912605902305
0.689028274635354	0.691524560289349
0.147982175711164	0.0904751547433945
0.449564095566538	0.303241054246224
-0.175310738889121	0.142379897553119
-0.411281735182791	0.331425656377586
-0.356426166434194	0.25744576589094
0.252438054214465	0.215894592782627
-0.632792485689083	0.716874013976114
1.68062636409679	1.95613081245434
-0.202737571120638	0.137720569880056
0.162557039908672	0.105452683003817
0.555146945380803	0.4409746573926
0.514345133955396	0.423156380265068
0.164800256524371	0.112378073990659
-1.04586611958626	1.19535085838484
0.516226443635332	0.425493414232155
-0.364360552053233	0.353873643123944
-0.238426119604439	0.206353451595634
-0.0896732940504459	0.0674975477676849
0.270605776469464	0.210914707408648
-0.208093232602475	0.142047593336386
0.363886643156291	0.307319506437476
0.0610258865174149	0.0560668731290958
0.0367868741760286	0.0287769930059199
-1.14589757543836	1.52109550423728
0.702095483746817	0.789557791919591
-0.0197150548891428	0.0160676537572224
-0.302379789750994	0.256329835466557
-0.0712761502850958	0.0456044685694393
-0.428157299471463	0.441205042779704
0.494083063599527	0.507396174500749
-1.20191741666846	1.66704026385045
-0.718176421036713	0.583836319170624
-0.528831635779344	0.407450797205862
0.172269846800847	0.122761579120519
0.159374978329593	0.0975667391906033
0.285322947514563	0.194778908220121
0.367935259554658	0.299103757978987
-0.7097786759311	0.574734604415777
-0.817576179500733	0.639427784617591
0.527644929245449	0.597628956219421
0.821950341736443	0.860929619248798
-0.816412620512382	0.639334197640556
-0.367968025855799	0.331905945701645
0.315809702028635	0.295955307108853
0.0279295897774292	0.0160496378771285
0.23969382065181	0.202686404928471
-0.757990671317573	0.995869587535538
-0.456770110618013	0.359665215443535
-0.0862967141434382	0.0662972094585602
-0.57219117179989	0.615670301383071
-0.15767624300774	0.15493482077535
-0.185003546153799	0.129514666188761
-0.440633905394266	0.385609287644705
0.154111441029579	0.0994087676011363
-0.0728501204178225	0.0555585296240112
-0.103018416439393	0.0760675997154406
-0.230982227541683	0.217644351198668
-0.621904456996901	0.817893264988209
-0.250744312131465	0.352602120563898
-0.499494696756773	0.547489028408111
-0.29309218168166	0.247184036482462
-0.026375727793088	0.0134970589246999
1.12161044611867	1.26535298566394
-0.12325894903829	0.0739321915939278
0.371828855737804	0.166679202936927
0.0033386932407429	0.00173079039227512
-0.0594086863263788	0.0283894581244818
0.334232767721973	0.167008288783323
1.2341486829272	1.20682789441714
1.37954211462387	1.06448198134245
1.09951104844177	0.982031526661265
0.340781277198592	0.170765710667534
-0.352547007882265	0.215100186859156
0.934742493883244	0.631108613816363
0.661064497953657	0.572462270010783
-0.256404493051429	0.129709831297293
-0.648484974017981	0.592100792218677
-2.00522325408183	1.41410396732989
0.149011925453572	0.0910701717770401
2.72988149130777	1.68147137735562
0.163163798076807	0.124591131954175
0.545748126467321	0.431341877646201
0.412664016348024	0.312392234855758
-0.946398229539135	0.700809321011762
-0.413670721728564	0.751545184433715
-0.495267808419586	0.498659822023316
-0.729246076228161	0.710486369312119
0.167671682636998	0.114269067029047
-0.52475973942011	0.733502240005429
-0.427206332447071	0.246211159976315
0.139950112757962	0.079934146675876
1.36654195889502	1.04467767740016
0.127022328643685	0.0607773445202976
-0.172303627975689	0.0994988771906023
-0.521486604755668	0.400377663370039
0.559908085045742	0.446325736168426
1.36802227754341	1.04786982820237
0.16519369920304	0.107352560780521
0.0455487077478718	0.0292982153163451
-1.10815725841051	0.76314903260675
2.10476185913215	1.46448841996599
1.01601544277442	0.960726201289187
-0.565603112983693	0.482883118011924
-1.69082142847076	2.15021279293504
-0.890201991923977	0.909144734332189
-0.40860464188175	0.508181522860708
-0.293578341110085	0.38278738674384
0.552232773804957	1.22726780238575
-0.107862209040679	0.123090555767072
-0.589679487537282	1.41980323455526
-0.371082523490105	0.545316045817825
0.0424073752448106	0.025918809959956
-0.049132538837394	0.0437428821580775
-0.100593273098653	0.0742078164614505
0.256240954115	0.225903390837054
-0.211155719689363	0.16562767877323
-0.222030863321745	0.212514052633641
-0.397593268916643	0.352356045272871
-0.407627241893132	0.363210615557791
-0.0397273589067503	0.0321271783614961
-1.38303566572224	2.17059322520313
-0.0976154711748575	0.0825453041261649
-0.391379741325765	0.375479567338576
0.15096651243367	0.127964905920221
-0.0335421989363951	0.0270674374928946
0.520115661244673	0.430761794555719
-0.120686872427701	0.0874891932222156
0.70250790745322	0.788938499276288
0.667813042810964	0.580465675135731
-0.0138979170726402	0.00956121184830387
-0.910004498209609	1.2233437550512
-0.209329825105687	0.142897027115966
-0.210692763783349	0.114793455899893
0.168891125534805	0.137619122720953
-0.168853744171732	0.0973922933892542
-0.335884450695681	0.280450509708405
-0.012788711430107	0.00881556759835079
-0.0272793043616194	0.0183097331381478
0.445897244665263	0.300682098238856
0.457237682650404	0.417707353526144
-0.300413151881893	0.221779967818148
0.334994535900781	0.317685344551722
-0.60901200740156	0.644877578044049
0.31013222207185	0.30589906941782
-0.308676978434502	0.229171610301145
0.415539454262242	0.557361108540358
-0.224849133695134	0.197637690445545
0.259555088960778	0.229398628585875
-0.470610874820964	0.484060888938015
-0.11260214846242	0.0835818558894102
-0.603870272960644	0.451035807397608
-0.670530192671984	0.707897256949455
-0.491540539711765	0.423575609254955
0.259647240367764	0.215930747378413
0.161293958501873	0.109886083389591
-0.409529402000566	0.365314341877119
-0.0225626314806694	0.0154096478698229
-0.0200559058668732	0.0137268384873176
0.728285455506271	0.794654922900991
0.875104467284329	0.890175285009765
0.278237154378509	0.199807252385167
0.00853257893117156	0.00602177188281225
1.31732436400908	1.5482547351698
-0.365738371916375	0.329350405818131
-1.05552147622984	1.41269906442532
-0.734636846993734	0.815784191489346
-0.953407216753024	1.10073377098008
-0.212643478144627	0.116206722491313
0.0226415476687021	0.0130226402404962
-0.405927829970557	0.326296199133797
-1.30640874830232	1.79896356548309
-0.392582359750623	0.346664826796117
-0.73115821900034	1.05553305475507
-0.0367702648536858	0.0297203424080197
-0.285367284355344	0.327482646448841
-0.0956719570863917	0.0807408522004476
-0.0731702855543862	0.064228216393734
-0.349001636040743	0.368363397389371
-0.240250059640093	0.207615280820405
-0.210130803754444	0.199437045497373
-0.203698029130899	0.191923572402652
-0.270632507736187	0.249632449054664
-0.301578713898194	0.303686828119291
-0.0267363412491463	0.0182670909946018
0.115740195962535	0.116567686005954
-0.164466705343985	0.148727838463681
-0.244615569116952	0.251639707692574
-0.63442766726338	0.719549287323436
-0.731298115680839	0.71369237593265
-0.258269576458585	0.262871774854058
-0.675501220144207	0.89599963468274
-0.56175355326484	0.747359911278295
-0.305028489942115	0.280484017645067
-0.816337996032949	1.06960741434883
-0.00698737297978576	0.00485036043418287
0.0212060269595322	0.0160901152704545
-0.163479798687538	0.131971058401797
0.0476939867314307	0.039419263837042
-1.19894241327904	1.65991586729154
-0.0397106004003253	0.0310981651887779
0.326233073685656	0.37715194769023
0.440598719062987	0.414506336362026
-0.153870900431653	0.126577551233223
0.906913461511052	1.01614795970679
-0.0159543930543253	0.010949285991706
0.159070872382531	0.116960520310624
-0.114916954991887	0.0965258181041099
-0.438609884443767	0.420573001143957
-0.203589455541843	0.159097986600281
0.425448528353217	0.410799269596118
-0.0905180305319182	0.0777350612522239
-0.390366680578434	0.463899109066744
-0.246461838595291	0.229172006159989
1.12364097247166	1.27261589194913
-1.41801617245704	2.28467986462376
-0.0315543173131902	0.0254450160223685
-0.533141960211352	0.578780567541396
-0.119569316119061	0.100694135822383
-0.552066826219416	0.467755622976921
-0.00442520521662288	0.00364150230306411
0.166244443737383	0.156289251793287
-0.941664833843477	1.15371755216283
0.570086238026058	0.547237449149993
-0.494049950824987	0.539685334091646
0.707284481108945	0.797184410892598
0.407649351574508	0.413505476870885
-0.215057353167796	0.188067364762464
0.425384215706306	0.493179446664544
-0.0201502802660518	0.0137720863554693
0.890225932720674	1.10231086063744
1.13353254509144	1.40127758697052
0.810969628362205	1.04127044019762
-0.701318675807415	0.839334839510041
-0.537003960370385	0.718331140032314
-0.353590368993682	0.255773570165101
-0.200654519420998	0.156267470143806
-0.187211976065484	0.149064133979994
-0.686802080089027	0.773867954804253
-0.505739334495225	0.514189391104181
-0.906707823751577	0.929745451526222
-0.29494716058971	0.248916518142012
-0.477134880215925	0.322340973310044
-0.346112230650132	0.210805348276223
-0.695403352122358	0.828799390668284
-0.914345477813662	1.30084373233236
-0.961153611291078	1.48682097286099
-0.402587632249003	0.389643024530807
0.099784167276955	0.0876063486053432
-0.30378195408827	0.306271981447397
-0.174040529351005	0.170447862938147
-0.12243922671374	0.113496728308659
-0.0464653951014344	0.0418617905871172
-0.226700599752624	0.217698045009702
-0.0335499704592213	0.0269942591702994
0.0415244037146207	0.0266698185198869
0.0328112063863339	0.0269282409573138
0.178681946411363	0.172906506986558
-0.764957163471691	1.0978715486113
0.255294450257483	0.218519879760834
0.385445513546383	0.406565937929685
0.333367799941165	0.315908419109041
0.0196202057693471	0.0153156249776694
0.0361534473135079	0.0221428458786158
-0.668802993698237	0.705302085110979
-0.916193732567192	1.30577324507527
0.514813397572329	0.650709108729814
-0.166934443998434	0.135058433166745
-0.456186247373006	0.532785532214515
-1.29631811555698	1.61646168501799
-0.248289364781036	0.236588828068521
-0.300472021748587	0.275772733093843
0.16975114604305	0.134371107731075
-0.319306452568298	0.31782871218127
0.164671804987878	0.133801256782965
-0.158277084785118	0.142390416378898
0.50262023725137	0.433636377474115
-0.262463150322025	0.247153130816918
0.453900553264611	0.414959085916881
0.444920910350125	0.418855681288861
0.333781506824293	0.306551181937983
0.398278970068225	0.402003900272019
-1.16069508215016	1.55370162828674
-1.18454504851227	1.49752948854897
-0.187509593434099	0.168675491155116
-0.237331361094969	0.183069981627329
0.43597981445641	0.409262341778182
-0.503499092402006	0.551881004089054
-0.268669195880119	0.229708216130393
-0.241520738297535	0.186505181336134
-0.811474520781581	1.06396663739093
0.103260709483554	0.0908200370388829
-0.29835339127531	0.273350210721865
-0.146511337961967	0.1044724641385
0.172504019704943	0.152282267028736
-0.0554375428441472	0.0437263500279419
-0.071587079409576	0.0458256393041404
0.0624382622117167	0.0419622008643618
-0.551092560471236	0.46696935714286
-0.0324722884927192	0.0258053873284195
0.2424654963967	0.218082396042731
0.587376071137581	0.650336983414158
0.911446498247992	1.2128323471623
0.523840334281764	0.434743240816449
-0.322121156294305	0.267430908495987
-0.0965007203045257	0.0599777729774114
-0.177364198423956	0.161536129084272
0.254398959392012	0.217524431140048
0.415306200815519	0.411351028149708
0.40147406836895	0.406302999227757
-0.0212182679751679	0.0145192466587321
-0.297476253312336	0.279522422506521
-1.47322648043043	1.33994403880753
-0.709248004469249	0.575490369973014
-1.00549630243412	0.506795601514535
-0.217566440240932	0.171210322433389
-0.311786350196693	0.28838894083825
0.6977433198537	0.703339412281441
-0.855214102935449	1.27121807376868
-0.0855733793928991	0.0732670797895925
-0.124133006662212	0.113207429056665
-0.502314298169846	0.612545184970039
0.487470539464363	0.661506118141042
-0.67057665831228	0.85127655302772
-0.00332004201484191	0.0027558139489347
0.299503796906741	0.300536904402755
-0.405734738587188	0.423617209778727
0.435658315472475	0.483347114111309
-0.529594576820792	0.573608583359522
0.0634238409280793	0.0583029678118805
-0.666621003285981	0.879772412547991
-0.0332934446170853	0.0297436449466986
0.0864370361537887	0.0687095652755134
-0.00873272458192804	0.00608028945008086
-0.10743772690156	0.0795625128906036
0.116483982812874	0.107780234047071
0.354984521834649	0.402642173577728
-0.130087700407259	0.121319434131952
-0.927423264604839	1.3291282821011
-0.642306483620415	0.857989179323426
-0.465635237443989	0.51315185063559
-0.302219282852787	0.321623704906412
0.173935971290683	0.167927396822755
0.241729994957319	0.228773838011804
0.0570036688744619	0.0503863031118593
0.0832894483227355	0.0625500806243103
-0.439806940808037	0.505591497090314
-0.231090773785708	0.177402106595976
0.497894465841335	0.512489489856064
0.580994784438874	0.640895886546106
0.735692760662302	0.966992761983672
-0.496943571391954	0.501844328354138
0.401955383708651	0.4066231256194
0.0440242745163785	0.0362393999292449
0.382896058344147	0.314422249685884
0.248187172541326	0.224132748046539
-0.257701503953154	0.241896618542093
-0.808797835842226	1.00701380581163
-0.68118701019266	0.765535904611328
0.316341891100112	0.312757966041672
-0.101711228498405	0.0750147038921258
-1.08894588767455	1.39159455539555
0.168497457379228	0.15874137369199
-0.00638747751032754	0.00447168830661271
1.09959662183607	1.86212887096421
-0.559575872072131	0.566641945396271
1.15244528939175	1.64586537526551
-0.0744616504374522	0.0569221162389518
0.81724738844006	1.05264712975792
0.0475450402786	0.0401615313737102
-0.0341555464288582	0.0228806786501112
-0.315802943951208	0.23516552120029
0.895873171531448	1.28625167745316
1.08494730475999	1.47486966091511
0.0122841534987801	0.00937921275910265
0.156577947161663	0.114995747957323
0.0262878837841131	0.0205344602234683
-0.0132461923603647	0.00919474567341797
-0.626075343139368	0.795882893706132
-0.45373309546448	0.495724796559353
-0.813715900492847	0.447995160345775
-1.2426179216696	0.94539737615737
-0.0366064283257209	0.0245385791993856
-0.242620311243096	0.249120355614189
-0.194082371843116	0.202362274903316
-0.491444862852165	0.535172429796781
-0.139059757799524	0.144791947502495
-0.214006799690085	0.203153098427937
-0.368734145335847	0.417365852135198
0.0777735417620455	0.058271016249017
0.895717352375388	1.44696604712697
-0.363567695183109	0.326833072843387
0.238960493832368	0.23094622496041
0.862564735442371	0.991455772552074
-0.92869721231285	1.26670812323572
-0.0206455312256411	0.0141272155750758
0.945766538799964	1.41846200298664
-0.814104648952561	1.26050194753887
-0.920997195990097	1.3130223798066
-0.957794278984764	1.41111109978202
-0.021807253222789	0.0149155067019125
0.300659607726047	0.308677431710445
-0.759566193352125	0.997101923366422
0.174149776029851	0.153763614649466
-0.848294259091203	1.25518463958062
-0.324803394606188	0.269951868942623
0.28403362056714	0.301360255618819
-0.328809523912688	0.369102826122083
0.0781811180364873	0.0602130623549173
0.17508916643179	0.162130600675596
-0.260779582745627	0.222431763811393
0.236078963123836	0.227563846333494
-0.314421984462803	0.311592879605569
0.150413633931426	0.0920667373073123
-0.530848722720834	0.643568666756281
-0.508533544214059	0.51738583092013
0.365724213115993	0.390784017763096
-0.335396954667801	0.305702655525777
1.46152088219944	2.44351959228151
0.167168955633202	0.135944209133714
-0.383855995876872	0.430721982232229
0.0224872717560105	0.0165394107325188
-0.181054053820768	0.16208306000152
0.383298638731627	0.39387777210157
-0.3098434097766	0.285903686407143
0.0454916072423196	0.0292500118148073
0.767202088591967	0.7215570814899
-0.191960730554602	0.169358407001018
-0.315863304460132	0.235277678893692
-0.0500829316663469	0.0393530692109876
-0.111915161269917	0.0937334596165921
0.409139547962455	0.403568345109442
0.165545713956189	0.151883667193597
-0.618701016916867	0.658422623310299
0.248413409460819	0.224274650490754
0.383704193871609	0.394356791520983
-0.329803919740083	0.15352662064583
0.658001090601727	0.678891991409796
0.855204398654628	0.979193715330341
0.745624920011191	0.986784746707579
-0.0133863206915513	0.00928017345677238
0.960440590176165	1.25962011308834
0.509003339057838	0.526853321553198
0.0689052126524462	0.0498544441419386
-0.62106041809556	0.663778159329467
-1.01976873625488	1.23761324100562
-0.563367707797001	0.60200169147049
-0.114805953126073	0.0829534282083244
-0.508196970668714	0.270133936187846
-0.123808008048592	0.0498697573908732
-0.235094801150004	0.181150118921689
-0.406517663479332	0.424455961957671
-0.169507743840014	0.118007880312278
-0.542823558052137	0.661786598042616
0.044011222752005	0.042344568676134
-0.0312510957552721	0.030802727479996
-0.0906881873806475	0.0846885775142333
0.0819074743112692	0.0648522994342807
-0.388800646497582	0.451850159301592
-0.1484067553848	0.155695174575168
-0.348897710350061	0.43750122786026
0.0707225255023415	0.066585177768658
0.80813818124156	1.12506597507428
-0.288971656891503	0.294208135638391
-0.0299813678824022	0.0267163740073255
0.569510149191732	0.547083503345527
0.229097481673491	0.247742707991062
-1.13416864218617	2.19157474643689
0.461208486863604	0.581545157113231
-0.192369188193296	0.18389667502686
0.594545306039572	0.55327872597409
-0.204147821163298	0.196571408459023
0.0289035353501774	0.0177522639985978
-0.0783205799456423	0.0679011755996758
-0.137258354973045	0.155744981394469
0.445269845983339	0.555069983505437
0.114558548540339	0.105779219592929
0.796651195378919	1.26159916973386
-0.0655364020132344	0.0572660542522388
-0.12888557507001	0.125656959875801
0.520227527289847	0.524156081677624
0.441558638452888	0.49287380302303
0.957363658630993	1.25057738747197
-0.403351074463527	0.42008201205672
0.551993094530995	0.7012678495401
0.164094276375986	0.160237473598884
0.320000083060923	0.31764993528505
-0.223629654055539	0.214429472064177
0.163933777310613	0.160054169683415
0.0784779677562358	0.0604554261459771
0.233853705050443	0.235026814894152
0.388522382487883	0.410973553233884
-0.270576959946671	0.272057400441198
-0.0590847280526628	0.0513164230917043
0.0743392284312716	0.0538501616666735
1.43265792219878	2.51404619242022
0.398736328438304	0.315499496994264
0.382656261602526	0.403642894085424
0.233420611703918	0.214172499861045
-0.173535797429284	0.140873271737604
0.774492990343173	0.922714244244189
-0.211536873361597	0.184450842933893
0.178853491231281	0.146515522699889
0.000737615189665867	0.000552078488885441
-0.0592580568238441	0.0388929147933288
-0.262449148842998	0.224001005379111
-0.546424614805422	0.461634444658334
-0.223792697029127	0.214571973763684
-0.157336704200853	0.126439383916595
-0.150235708249718	0.107298660625832
0.540561472825576	0.53133988189866
-0.185325144609399	0.179423893016478
-0.364510883916703	0.354642071088718
-0.671972699571884	0.890263455467224
-0.519682909856524	0.39887474333153
-0.0406269911930556	0.0272409814459608
-0.878196176850865	0.957783507007726
-0.131382897398721	0.0790783378614863
-0.26181825461565	0.246551946320295
-0.731718454134245	1.13423351826055
-0.10825391109397	0.0802195750654658
-0.470940660057394	0.519438420616156
-0.107465778816645	0.100151600168887
0.551181467493076	0.68185466754942
0.220024781273865	0.232318726644083
0.22147534203412	0.26278454142011
0.57938986514852	0.778259987210318
-0.0368135681405081	0.0333752913164587
0.167365392317433	0.128003461385273
-0.225622708712644	0.216421342582429
0.0383447819793505	0.0322363744164087
-0.821992821759588	1.08311710320702
0.101995256254733	0.0877993254689831
-0.446224826534366	0.464765236093514
0.46394189854368	0.559778314313995
0.412122746231438	0.473351755517513
-0.579352303728077	0.625989074976619
-0.992362753418026	1.26660201658653
-0.0651263539311076	0.0505677168502895
-0.291293481535811	0.290505892382482
0.261288169301702	0.304622771447233
0.311023746313437	0.306920636818907
-0.0316513026640105	0.0255376185053292
-0.400714616063548	0.470357650208441
-0.578847102021553	0.625121895241976
0.0160506713647448	0.0118008955383064
0.0257532436336193	0.0195464272020635
-0.0480094288775461	0.0377279533010546
0.0935705694705693	0.0783790202491729
0.161613366012735	0.141726393720262
0.102218592949124	0.0819939620376097
0.182872206160864	0.158600081766109
-0.0898497234841027	0.0675271266399399
-0.31781788481901	0.394989010768579
-0.109800527954442	0.0917789916436313
-0.108834569716983	0.101585890628321
-0.365408121922363	0.35592187715218
0.0220466481967597	0.0167240178702341
-0.374858351026643	0.367176060904269
-0.187208085929459	0.149231798299987
0.249706538923805	0.219581525103978
0.291012662029356	0.303349787666062
-0.162194828535435	0.142673368000906
0.170138692041383	0.125981515546901
0.672130993119815	0.770833185530698
-0.337437876179484	0.307949432396718
0.560515597422124	0.629264926799885
0.590625723365277	0.63316043133207
0.82174071560293	0.742997487853485
0.874494904364565	0.888733996370871
0.243775222621696	0.213466176789616
1.34835819881735	2.0818659148346
0.563954003223248	0.538812766925678
0.453108031725719	0.496498154028198
-0.626782522024115	0.671068715546176
-0.052822075121259	0.0416127227111842
-0.549665694953046	0.554015216615878
-2.48733358852213	1.40925071546339
0.0542497913764474	0.0349042818384133
-1.19275803323518	0.677638444782413
-0.304245711130945	0.225403331835525
-1.19724147717157	0.679338308870176
-0.0115935771647801	0.0106244251973017
-0.210902699659284	0.183628507426175
0.109472763262521	0.102621609227589
-0.136237898755839	0.125267484657683
0.479010739789628	0.568205128393652
0.241672409427269	0.211264723716733
0.346592678890324	0.382395049721982
0.110596637155796	0.0958430428040167
-0.0453430792285317	0.0407768464588047
0.424517827427841	0.491653423288275
0.081072972208015	0.0607389412080279
0.654682310555516	0.970841141228356
0.345948334736145	0.381805839841728
0.648303949224895	0.953344207248715
0.6941234153164	0.941596106129822
-1.65905284191868	2.63250435240048
0.251779182631253	0.221287840469976
-0.102991581237728	0.0759796121381767
-0.42288410866437	0.521561477170893
-0.301047300616385	0.302580634063691
-0.0567384861676943	0.0439163706747503
0.0148224113712482	0.0112779202961959
-0.417381784939083	0.438654765089792
-0.945247082337002	1.08688064258136
-0.142910183162374	0.116840680177762
-0.0276279698742044	0.0225624222187101
-0.850414641080224	1.36169566207751
-0.211724839649957	0.201194944203136
0.0957399974537924	0.0821188605945548
0.253867803501365	0.217254062281708
-0.54579981506371	0.596092366299003
-1.30773091134679	1.80327086682783
0.162084025553241	0.127659458781226
-0.0964632377809315	0.0728555791032458
0.0179576753895255	0.0140409433983407
0.166223747465511	0.135097320657508
-0.127930306384498	0.0929819088887593
0.7691761696624	0.91385623763391
0.467413557988042	0.411297540246297
1.84543106137884	2.41646605491746
0.39461289843405	0.311510460043783
-0.143312736219088	0.101997747162926
-0.25575843069271	0.239738819294706
0.104586795829791	0.0861951289360629
0.0826876700722271	0.0601944279990743
-0.369304886883677	0.302700687038745
0.00171001548652035	0.00123008398532846
-0.00963312108223967	0.00887268445053958
0.128020118000621	0.126251291431917
0.606434543569594	0.655043908776199
-0.344641040080145	0.247834217501549
0.409103432636245	0.479731023170802
0.0504428012729604	0.0417575530193255
0.699276398740766	0.784662204754678
0.167328443797751	0.128076309892989
-0.270670591022148	0.232135123663592
0.875493210358214	1.34083647207994
0.168297396387479	0.128813158109831
0.30087580676034	0.316349344881673
-0.137768192219819	0.124412355286851
-0.0161780150990197	0.0131806839425424
-0.209577739368295	0.182509208862541
-0.413537790000524	0.434071416320475
-0.0103712582154117	0.00721007328776387
0.245040442502938	0.220923452223067
-0.293129090544559	0.293286608764745
-0.13673978609876	0.125949767515254
0.345767158976633	0.320570031230262
0.0165210922243637	0.011661331368625
0.080680976172299	0.0605094190772363
0.446673001497711	0.42143209341533
0.255685441418066	0.219061432770506
0.00590539966804754	0.00441619117405161
0.0719743644373502	0.0503338727889239
-0.0258056115251636	0.0132253928380218
0.0688734581247183	0.0497849814700306
0.0965875056583898	0.0729163410638876
0.408478932067711	0.323969616545335
0.502178752183384	0.432991188677515
0.52636800900515	0.437224929986285
0.356269315595587	0.321940410043598
-0.327998906952751	0.272946226304123
0.0706513674785338	0.0511080164339156
0.255907660641552	0.212297811145976
-0.100773895955274	0.0627321169217059
-0.31479960183127	0.23399264802239
-0.0849887562197675	0.0651388578626349
0.296022281524834	0.191427960499397
-0.0888739472087882	0.0667577927506659
-0.299352039565532	0.318337256307889
-0.153253250235931	0.109459888138074
0.422436117708552	0.405611384522338
0.393092894232378	0.310527323368617
0.540331934746299	0.619315430936187
0.782407190084491	0.93583093425738
0.779936266533715	0.931673413615174
0.521588476624417	0.526519328456071
0.0168629076515713	0.0123839307782191
-0.811877102308832	0.780042966578506
-0.366004495170821	0.300251082109694
0.163139550561268	0.13607502773253
0.0522798200864152	0.043286971991631
0.274201373732412	0.294674218822143
0.352397984712385	0.460912281010666
0.294342913981061	0.307670282027896
-0.572340442174642	0.614800540527425
0.0853280669808244	0.0659386591637666
0.0607799608752498	0.042229622642494
0.141900724869751	0.0811222584695307
-0.36412796753341	0.264963864490679
-0.250143969547748	0.166039059486081
-0.968292047318017	1.04421667257161
-0.315411693513971	0.260379349813324
-0.138662284977114	0.0983525628494445
-0.552530738844846	0.557675761631913
-0.431236860580823	0.637930249736333
-0.455970898775422	0.358879533645111
0.0593958940581524	0.0382205491969721
0.0369192458458636	0.0226196063940908
0.155305444597304	0.09508345096828
-0.555409257407126	0.639529196002318
-0.515904070786459	0.527730885343454
0.274673349110874	0.205982218983324
0.477001216311573	0.42444268183497
0.593792691759975	0.637784758893621
0.680801315038481	0.678259455829148
0.341321294429156	0.306043552818706
-0.555503365917227	0.639266160428286
-0.71436745204903	0.63820099693719
-0.523542713559895	0.402312815819154
0.156163793394375	0.0957041424749834
-0.0814332596195109	0.0361314352079487
0.000872676590107125	0.000528792523246094
0.0219365785929396	0.0126627823461362
-0.0537157281992401	0.0352117701487877
0.0160765171824913	0.00936525632299652
0.92770431811885	0.623293408897001
-0.0294870118702079	0.0150612556133456
-0.287148412225678	0.241031679140958
0.389055730025471	0.30624618594111
0.363132057637821	0.307138055092445
1.21416669296731	1.01462511136023
0.147938435146347	0.0845599555243272
-0.359249119050349	0.220017463963516
-0.131158101182634	0.120256672976745
0.0429839355489571	0.0418942770291093
-0.221592334562814	0.336030456661752
0.322077950046298	0.497960502462936
0.453298807153807	0.428713521292397
0.309067305471988	0.18548965387746
0.16655598932068	0.127375526402488
-0.15741322039935	0.191796429835267
-0.332174333566433	0.15465600819564
1.44081610528945	0.898097742692216
-0.167527449292993	0.0610228882448846
0.00467335606090896	0.00243176922901586
-0.290097820992506	0.185380946363955
-0.296285345559475	0.189529212095896
-0.0492766565624506	0.0237049455030019
-0.129988320987643	0.0782572747970384
0.55694107509067	0.443531262811165
-0.320373180499386	0.265473168824924
-0.212266896740048	0.115654738063251
-0.320601101118348	0.318951146645462
-0.0300963697897218	0.0201300109230068
-0.239341171605955	0.184883022345477
0.555556115116255	0.442078158385959
1.00792579572913	0.950380883442794
-0.359982008085371	0.261775898710564
-0.426358678855264	0.245642419668872
-0.0819351270645048	0.0362847113031604
-0.406206038198631	0.423467319028635
0.0635877102947255	0.0706907728385783
-0.281235781990628	0.359785392002428
0.0852148069781083	0.0598722152336452
-0.810757911243579	0.541650114778171
0.871865582117478	0.466459540367629
-0.673314550301141	0.404979872545956
-0.942711083537745	0.69878414220021
-0.0247401641933074	0.0126755296256067
0.325661831408869	0.411934516110923
0.13675853400581	0.0778831664256827
-0.728121719479982	0.709361588774324
-0.603591540855936	0.449621800830891
-0.622981014213999	0.302527601706261
0.14193774458049	0.0864538206390393
0.29532015998621	0.17680074406843
-0.420229186664605	0.296778128374746
0.276566544179527	0.198110230044193
-0.0213886904962738	0.0110238927597154
-0.426220452089257	0.244585848571262
-0.459696357165954	0.361844610946415
-0.410817238979195	0.366867098974361
-0.0704237042891576	0.0450499347117323
0.093486004305046	0.0726703416390883
-0.485026675385225	0.461226351233053
-1.05333632935088	1.208334880495
-0.23281941598458	0.178875758456081
-0.226847521378541	0.173597207730461
-0.137610523193536	0.152620983330216
-0.285128451755553	0.387671686618321
-0.0955155587228245	0.0960821264742585
-0.0382833623992641	0.0342783169505776
-0.810752287750279	0.777435971753499
-0.319735548708679	0.264952457870418
-0.107904643790986	0.0799606102673942
-0.257391169093083	0.219112208442912
-0.663506670385994	0.654926789348724
-0.479039558249205	0.454575438368224
-0.922434064074119	0.785084267090614
-0.224415775491435	0.305528786160029
-0.684397663951441	0.768604228648085
-0.0427559710981867	0.0341161166031872
0.229296666378227	0.239315565764345
-0.418108062879269	0.439417510725177
-0.10357711084169	0.0645510639059313
-0.293958301740509	0.333952842748932
-0.571637262611554	0.877632187832656
-0.558088325697173	0.868958968461381
-0.449867610606757	0.628021997837336
-0.803005465923726	1.23624777344807
-0.462678872632496	0.364962908388478
0.0641260437605084	0.0431803987998477
-0.809801889234747	0.778461107105621
-0.448129914457871	0.393748131135832
-0.426776875907748	0.439362119308549
-0.737401445562924	0.771476362993686
0.011330934044244	0.00864256802756465
0.688115901376091	0.690285506765464
-0.399901342547563	0.35511352939161
-0.115895628144353	0.124876808349375
-0.350579824115124	0.370677464954666
-0.74904346836255	0.888830278923463
-1.13216109006302	1.36987668886575
-0.241961538743644	0.0791051075646371
-0.106563290578768	0.0789217059983908
-0.90347468864193	0.850164788899753
-0.563643641390418	0.982390452502679
-0.594657607601486	1.0054557563762
-0.71815388809485	0.990313110560571
-0.169564091934642	0.0616947707860513
-1.49158199159005	1.0510706887366
-0.679428004408261	0.408863147025179
-1.5140492461092	0.779149142028036
-0.211524537866365	0.115494186550997
-0.601501022593033	0.447812996109977
0.82339091031402	0.746053379333284
0.285385378454287	0.205369320056336
-0.537353494836694	0.414495123466697
-0.146882724871767	0.173881597692752
-0.0353310464338795	0.0236791414434712
-0.909482382802534	0.85733196338262
-0.819211580465633	0.640999658023752
-0.745691116541551	0.882277606349396
-0.494227488094288	0.497498196613163
-1.15152381133316	1.29761400140233
-0.529337934004051	0.497209888735374
0.537506542364837	0.614164103551031
-0.622065118569786	0.517122214727997
-0.259885339412815	0.264810086442343
-0.555257274696615	0.710349563294234
-0.701043602407052	0.49965280599887
-0.29129136079371	0.245518481576661
-0.0539962443959813	0.0353481004374937
-0.36181061755685	0.296069425481893
-0.0184357310943422	0.01262163944794
-0.347489121594942	0.342782482495669
1.05123385455098	1.31095837684374
-0.172960338810703	0.120670779025945
-0.267649697978289	0.397608466207376
-0.307601553832753	0.303443187556927
-0.689160147312165	0.776409343693039
-0.598454500670017	0.596010859318158
-0.312236022371311	0.232180151697606
0.504112612331281	0.434563002870035
-0.0580845652611406	0.0458613048005343
0.17308830785931	0.136954066110957
0.359319660018652	0.391727480157793
0.0105958068601612	0.00918036636858115
-0.463087953056222	0.509571496379729
-0.404515649119954	0.501799783334104
-0.142362688716319	0.116135149123266
-2.31312638583759	3.65528580456992
-0.0696326861927814	0.0542275341319719
0.599182619059908	0.724204326498584
0.320170213324495	0.300805192313146
0.889347890261611	1.10461402952944
0.735670174673434	0.891102433897032
0.0367655970532377	0.0340634342512009
0.163326616515945	0.136363810696285
-0.430845969307528	0.410414024783834
-0.507527214965545	0.516690079653127
-1.12552771645365	1.98072920965096
-0.678343693214467	0.760606953913971
0.00728366185995695	0.00540519672320892
0.942022067211838	1.58006489761729
0.615835608745533	0.879044163671333
-0.191211461993808	0.186208638593662
-0.447912107338585	0.62331507026096
-0.408658434771996	0.426817398450668
-0.321690937472286	0.384516720515441
-0.626220858363337	0.909738059336066
-0.0645857922580719	0.0501849220054367
-0.0805791047966031	0.069919627493963
0.155354203192829	0.141403246862133
-0.5992712931643	0.597267364634958
-0.553989270281981	0.637533549815656
0.0897236855219925	0.0695405942233058
0.0969082757052712	0.0830886526715654
0.00620149223242215	0.00462878518359089
0.0969550599462737	0.0832014735161682
0.808436588359991	1.03692230094026
-0.493511410098421	0.538885348867834
-0.309406861878155	0.331543209140603
-0.458772677421052	0.503584527370162
-0.25156838976711	0.235028747813274
0.167337701076196	0.181055435432159
0.0957278713386816	0.0783881440949077
-0.144260824493191	0.142710547841541
0.708393176036725	1.00992037793698
0.606178538095142	0.788663269739521
-0.740855311362304	1.15560385645721
-0.421318745920828	0.545062606130135
-0.267277480343312	0.288716776196945
-0.643956702708399	0.893256560869321
-0.0614796074235688	0.0476984382131542
-0.659109726400417	0.831616452168799
-0.238563966724083	0.226082152555051
0.502850575349603	0.592647814368131
0.385358093356165	0.396049448972183
-0.161733959998684	0.156745801141534
0.573039322244301	0.550588472568583
0.36204998741168	0.305609969905352
-0.620236728732875	0.662560334199915
-0.563445398357987	0.651301352812418
-0.618821399008691	0.782907586963413
-0.0379550386646089	0.0343509950337332
-0.0353209349273263	0.0316061635624172
-0.00445808670357253	0.00411876396664848
-0.402559911907641	0.473830779642746
-0.246188824483654	0.282950431075221
0.35929828797235	0.472529417580101
0.131362101970415	0.142472525429999
-0.309719533478169	0.37288198610448
-0.455732525941767	0.625300517830477
0.219255035286994	0.255571476374104
0.216110034531958	0.23972442730211
0.451724320773125	0.577422968003358
-0.378204122063797	0.511488516737497
-0.947547629889885	1.45276759293891
-0.183783792157582	0.178005124521688
-0.222227024136218	0.243721384162361
-0.405066370474783	0.535369651150525
0.329815626671733	0.38992876180698
-0.2549104577464	0.258857898671045
-0.436857764019561	0.484499175294935
0.110966027019793	0.100198247883084
0.456063873146649	0.511854642814104
-0.497407604241282	0.639263978747309
-0.612745303378066	0.651042312920996
-0.592974199649466	0.706607539245291
-0.134859191347096	0.141912384272738
0.0382822484941848	0.0377488498584952
0.334676148863199	0.389663369473066
0.382951860841949	0.486738739972282
0.122775668973261	0.120499097338897
0.0759692918503983	0.074003460829504
-0.169543472364317	0.150469843626585
-0.0736784433016677	0.0563146794875637
-0.309502589874447	0.305739078481498
-0.705740964107306	0.887684997034914
-0.68918860061396	1.36196822171222
-0.622586874613667	0.930121673623918
0.172449354446761	0.19622047040353
-0.279783354633144	0.333877114817519
0.122347867744362	0.117946884141613
-0.0760624236999813	0.0668847532884335
-0.196932933834762	0.174065643843042
-0.420847121428356	0.518202587925409
-0.331901117796868	0.302102860766999
-0.819612943059595	1.1302004472935
-0.205612660360049	0.178596042869237
-0.397701627832679	0.383314454288281
-0.392371264265524	0.467832976761915
0.181876438120973	0.180097069616198
-0.232048575092962	0.23644330751264
0.0709896661280861	0.0632934162301376
0.0137456181000085	0.0104623284842992
-0.328804206336206	0.274053985246616
0.335822440067403	0.309125228133035
-0.0254801121677885	0.022937329828068
-0.098451910640196	0.0848913462209405
-0.240566085911324	0.246792852908778
-0.373872531673158	0.392182834592965
-0.605262907013859	0.937854150223735
0.234550685938797	0.236171294588317
0.117328846810764	0.118453532688385
0.373100435354357	0.549130806195601
-0.854858164191305	1.80514920627678
-0.615884109192372	0.777720340588759
-0.25715295862714	0.310482599812801
-0.16924751784536	0.178539158734816
-0.227741855012425	0.218700400327783
0.100527418489611	0.0805708402358794
1.14004061854459	1.51864218055051
-0.127947203055979	0.076943798327974
-0.453892655610783	0.528786002553844
-0.4874743958035	0.706851780543892
-0.537345981278257	0.816989849566556
-0.3219065898993	0.384791920680375
-1.22454620255392	2.08507052211661
0.0770765457712727	0.0740169911063244
-0.197400291680409	0.206397172568757
-0.206420323383434	0.179144057283438
0.122116622156246	0.127464413550941
-0.241483006544965	0.229460314816237
0.0809517529551702	0.074037687386726
-0.513608601911295	0.611698359086148
-0.640303553406999	0.853463330235042
-0.321960519666571	0.34100961850266
-0.223860539496039	0.241557121931234
-0.00729035744778493	0.00601619946884367
0.0225914385070403	0.0196068903921058
-1.16073328541287	1.31135237453141
-0.676366553620243	0.932965669606323
-0.0154092778912825	0.0106779980703497
-0.22144199580006	0.238381532864045
0.069823498214848	0.0677254252673193
0.643822053324945	1.26494125253192
0.26399424460111	0.343209942554666
0.58812440864679	0.776013501452435
-0.360923532508173	0.449519491315549
0.444930783471581	0.62957346880251
-0.397199442749447	0.51344945276217
0.454177680260155	0.497930276181007
-0.447218004688348	0.392778089904893
-0.122293059208656	0.0887726713488285
-0.502188784005608	0.669335702863804
-0.617122100976783	0.992869979845695
-0.674736297048009	1.20024150125705
0.127282576958209	0.131656826647206
0.322492962243844	0.400433648607312
-0.520712306209887	0.780346777974703
0.0641276133988553	0.0580110285815909
0.0711709336918172	0.0670164342829285
0.00820224253824578	0.00729088351444846
-0.350341618598793	0.440039570013378
0.238432133285971	0.230273009238901
-0.116000369931083	0.115545454675663
0.0239254889440378	0.0216052701763601
-0.118306851768733	0.109245327336092
-0.973627790115533	1.72496113825033
-0.408401185311517	0.507536124718567
0.0511836029226045	0.0449978616066235
-0.448569684003152	0.466689932478084
-0.0635898957932016	0.0606854529845469
0.0748693752777303	0.0851370880354939
-0.0601866630172146	0.0615689530065666
-0.195748559342516	0.204484456176333
-0.213124744435896	0.245438580581525
0.143075631543553	0.165443524199884
0.0512866302626783	0.0525032427532984
1.46685393584686	2.79716323450036
-0.165235270825056	0.149494466550457
0.248635568443895	0.212130705231984
-0.187133394745573	0.149210824896361
-0.340472688046168	0.385427809885239
-0.129525484375874	0.137667486776195
-0.148007955026391	0.167790953899026
-0.326944971932589	0.458383245166748
-0.021361288101583	0.0232554062194932
-0.167700226301362	0.173828953386927
0.186859170984593	0.20617727267569
-0.0535554554820767	0.0471467466953029
-0.0727921903398524	0.0690776343955239
0.258984211431427	0.301114713051491
-0.469851173709216	0.700236099144819
0.731185868854011	1.12599895372942
0.162336741629043	0.148961141250074
-0.11736773480129	0.117105921864998
-0.0586157919723844	0.0454262175675515
0.101808834228062	0.0876263402093155
0.0310892716665096	0.0277279879585656
-0.141596788908744	0.139695169545541
-0.173485703396613	0.200690668664781
-0.474214222141573	0.613293856593682
-0.15218872668443	0.171078969346555
0.630473288947051	1.15951564725429
0.114651369818038	0.135495951863935
0.280207460840544	0.407882040300651
-0.593198019337839	0.955314817267037
0.0346405994940872	0.034808916205247
-0.21750845576063	0.264501345223883
-0.282991238349117	0.344141313354198
0.367649069853015	0.393485729764812
-0.0889417140856116	0.0840722880314217
0.368475276714649	0.384842440153386
0.0628946262740587	0.0658609450295791
-0.0987384580200978	0.112940684414801
-0.0841091783134821	0.0966523479276475
-0.17855990554334	0.186901377341715
-0.501071364634782	0.752623272073086
0.33963361397675	0.437880198853552
-0.125567772838736	0.14703099029141
0.436274266170018	0.623512345916954
0.428884604364624	0.5614761438128
-0.0379853867209084	0.037206307141752
0.0239154529616549	0.0223641859023546
-0.301012109635591	0.359713122804247
-0.233016604379107	0.224381358354729
0.225021115085951	0.286738406924468
1.11176579521469	1.89530879176322
-0.606251406243902	0.94170758598379
-0.0592116322840484	0.056329278138793
-0.10002155008729	0.0925576370032959
-0.818512680521723	1.4945602358274
-0.310929975904799	0.368210526692764
-0.0399021010654528	0.038781641563473
-0.134422806318485	0.14156263967547
0.329552916118987	0.547460765343274
-0.566534421033754	0.908034194131769
0.268822754606737	0.325892061717838
-0.652553530417968	1.00129819476747
-0.319637643464649	0.420714073854866
-0.666192160263901	1.03477653985284
-0.0642030473019123	0.0498886318126243
0.376387151749069	0.307352251622049
-0.141275775312331	0.100409497179799
-0.299206728929775	0.341345083670391
-0.343675990121122	0.410573361117643
-0.342138618414598	0.479851256982268
-0.274340278610672	0.331029744273317
-0.565409845107792	0.884642682837447
-0.288437146525079	0.326158790120593
-0.148390253024637	0.135244840082586
-0.135167814569001	0.13267374733468
-0.0055313807535461	0.00456575805432298
0.0948092299088468	0.0775883193781662
0.0340781799399797	0.0285591415404328
-0.239794640244901	0.227308540993158
-0.775864638730046	1.11954902620916
0.129512233958291	0.125398250608009
-0.86162001402862	1.3879928419937
-0.325320575192296	0.389912971078189
-0.0448431386375554	0.0351921244315268
-0.447101162156097	0.549094948789184
-0.948776816935135	1.16710695364732
-0.303740915807916	0.324212736536367
-0.920939228038469	1.67888701133376
-0.0733874384392225	0.0760257338269735
0.0516316918047644	0.0527997338275862
0.0902619011112493	0.104195567641989
1.15613503051442	2.4764701028207
0.313708297682477	0.392956468690612
-0.455239939625846	0.790854748732136
0.654707064145153	1.11926353341714
-0.0037092150107314	0.00344812047642552
-0.560821964137978	0.875086999606754
-0.537004661879161	0.584387745106874
-0.217919635235529	0.207949399423008
-0.371017020946715	0.477743483614226
-0.351094642448573	0.371146555925706
0.0523391931894037	0.0514807766142318
-0.465703273767669	0.566689904074262
0.136262707048206	0.146256285949322
-0.180625743382593	0.161606002725873
-0.16924751784536	0.178539158734816
-0.433244145390811	0.479890767086632
0.626479923206036	0.879512743825932
-0.0647718701430755	0.0609024054933293
-0.171804493731396	0.178767004412012
-0.113739939109832	0.114757590809388
0.0703647773937815	0.068332662688608
-0.31818913320702	0.361607317486263
-0.750314130304977	0.890612854310499
-0.765079007835714	1.00947576306258
-0.455603598637136	0.530650447152607
-0.335884587082562	0.329204906230971
0.711389388381435	0.948884799256072
0.296840186005213	0.304451935761416
0.171398210631916	0.171128583317748
-0.0223978998215123	0.0180270579470725
0.168350144332611	0.161762751882364
-0.761684376018019	1.04459665538133
0.0678920996880786	0.0615198270771966
-0.0714893788549555	0.0616804283119315
-0.661634469229019	0.836284413275508
0.660192578889814	0.841682414616097
-0.447209089802716	0.578428384346395
-0.145387559670294	0.132103397442149
-0.399685023813958	0.415414264135682
-0.662213213273599	0.65409333565215
-0.935764903240197	1.14280856735384
-0.436089632426163	0.452001502855187
-0.398907911331915	0.353507312658635
-0.140560585116397	0.127260331841553
-0.081331538620274	0.0609040412402803
-0.285119656940608	0.239121560671132
0.723042804321415	0.971608150461195
0.0753101981997206	0.0545172656404434
-0.346769970717066	0.342879996781665
-0.372372381405417	0.390054102276553
-0.170294019030009	0.137998258864645
-0.676424533827586	0.897968739745284
0.0513742286122532	0.0434247712438314
-1.12513371828733	1.35642411477004
-0.25670868502773	0.261192227269438
0.0735668544922794	0.0691175635867596
0.0502381050700798	0.0449052159137797
0.0148450426488484	0.0131333652672707
-0.127226114518602	0.134979104819808
0.102817558431299	0.108783369072209
-0.0696489248392345	0.075142783499388
-0.740577082121769	1.33814719305161
-0.158609722946966	0.1853274589395
-0.177235962977995	0.208317468597139
-0.0978900315097035	0.0827811168831608
-0.862452584055972	1.11699587078335
0.167876213360422	0.14057818462676
-0.25798590447756	0.219666447455779
-0.029873640666555	0.0204174841120837
0.0432768440835754	0.0356628941138245
-0.150293801745814	0.123321633353077
-0.0507590348066575	0.0398801463607475
0.236162969050385	0.217142806694417
-0.518893715049885	0.600039196083065
-0.256451063192169	0.321091615838302
-0.224124584969794	0.241912242013507
-1.21263152233746	2.26762032130196
-0.569849256649643	0.523917930522826
-0.213501901527798	0.146072045982761
0.274498183761456	0.20564965431643
-0.154791909586142	0.127354076833025
-1.0733123608928	1.1448987687061
0.96964755230274	1.54203703239991
-0.181482079817017	0.162525596999542
-0.332365628547113	0.35340524917793
-0.297682904693217	0.389820840721481
-0.0249317207831885	0.0301560486328379
-0.101160800188416	0.06301392330231
-0.971833497365363	0.604606902651878
-0.571076099230206	0.368086470013306
-0.594454448753968	0.440843355887744
-0.60230962969546	0.448428855355048
-2.25475947680844	1.90650708500793
-0.351977174977932	0.214355497412862
-0.820480963975005	0.551229433112492
-0.053625624525646	0.0257326767201395
-0.503580026606934	0.266818232084057
0.929889768613609	0.626647129220198
0.424609350616232	0.170668515007686
1.11444950160417	1.13735883635241
0.6702416637751	0.582361811186342
0.638679410871476	0.742707732933029
-0.295846984203972	0.313797537829406
-0.213100998778053	0.217426622186386
-0.0454341875863862	0.0601854346028757
-0.821326302558125	0.550913808235588
-0.0889031541733683	0.0393204936109883
-0.209415667826897	0.237331239408941
-0.711301132481728	0.936662184075443
-0.0921130255182085	0.077568617481449
-1.04999010651919	1.20284216720122
0.00113792928134163	0.000831740485255817
-1.68950949771811	2.99904217903234
0.160674152388614	0.122450394863684
0.394436646808726	0.408312332821547
0.00865589189144543	0.00666852095453356
-0.741460293605313	1.23249142763266
0.170080073439337	0.190240691524713
-0.576349646271178	0.954875046875845
-0.170153316182254	0.247349272065078
-0.421181494361018	0.297650395138651
-0.894941516804282	0.835592619396206
-0.124051331322013	0.0744149710919863
-0.124098939700602	0.115186865638879
-0.142959449643737	0.129694517213089
-0.154440160467773	0.123835028276009
-1.48265692087281	2.29511549702951
0.632132749985377	0.571558979888103
0.501307607406597	0.431147567176923
0.421341587713915	0.417552518790445
-0.345406228982626	0.316840712308796
-0.250866140810606	0.212314991819199
-0.297297456515166	0.27156991221999
-0.669005061222472	1.04066670162914
-0.368517419936925	0.481511067783771
-0.702876470489106	0.566891382784335
-0.622182527552928	0.302074532621127
-0.812421453926552	0.448968871059799
-0.788370303416665	0.349083376814077
-0.319244992861084	0.147913021143474
-0.362831623811793	0.325346775659173
-0.0740140764955545	0.0565751491706284
-0.178263675939447	0.124574453259234
-0.248984658713042	0.164903516076439
0.0312123168526798	0.0191422990926367
-0.626007254707107	0.521948080179813
0.896560700426463	0.777205676216309
-0.0429914423122398	0.0281211128921715
-0.272775467690574	0.20682833390098
0.48512855891674	0.433224171914386
1.3205017347269	1.39029137778396
0.259733180854173	0.223109091866599
-0.312850245110937	0.289208680834441
0.225671704116189	0.239302533782499
-0.018374511038407	0.0193844901255776
-0.574582061609746	0.529883894201756
0.175245623730415	0.16563142020724
-0.54272687026689	0.592597811920343
-0.176184143388405	0.157162700405956
-0.0333009813120653	0.0297598057974864
0.235783265749098	0.221712273987999
-0.189239065099529	0.150859013009235
0.0827171338985563	0.0655887166674243
1.30147335426387	1.52009799540229
-0.0994970883498974	0.0733997125343376
0.962360620554605	1.04503848321264
-0.992259349074726	0.996575381140531
-0.206335248766528	0.18374865169423
-0.334377845886547	0.403572092500938
-0.127626066241225	0.130225090803
-0.126649930696912	0.104823757953572
0.0504054132953857	0.0521389653707577
-0.531084050224144	0.643512774584367
-0.0741865133603869	0.0704842796602145
-0.34764524660765	0.446297765727219
-0.73716592079812	1.02744992866108
0.103695357054303	0.0912083138200961
-0.903781362554872	0.84952646355871
-0.208426251883332	0.201661946809769
-0.258414609453244	0.220188751020562
0.168012885805284	0.151523859950019
-0.684324003438162	0.948598039233226
-0.112673024670857	0.119507391674844
-0.549430129982366	0.699928034052908
-0.441117712046098	0.550408698136002
-0.203809654398533	0.214268722976928
-0.207580045407381	0.200678179413095
-0.275290108804694	0.278028172346626
-0.105553118768814	0.0897652964896873
-0.50322926240744	0.61416806458218
-0.570204143863186	0.612489118952643
0.922864690392335	1.30167436090699
-1.12180755593919	1.35274455109587
-0.712186548540933	1.15171441481164
-0.263151486296307	0.24798008681443
-0.229977793120016	0.215909561396384
-0.516347156253213	0.80503527258005
-1.12601783831594	2.16044341100874
-0.470834578152829	0.607522485384361
0.341281466822461	0.383644988971579
0.170023022326857	0.138663085335623
-0.444185112580802	0.389594094677413
-1.1591746670147	2.1837664694744
0.661915010010708	0.84541617101445
-0.120953265674324	0.156265413015436
-0.12201444532586	0.148015248929161
-0.193419628004206	0.265876845971595
0.0764169910737398	0.0954480687923575
0.287223442431717	0.400521359846436
-0.176712026585446	0.216926910336562
-0.698135338163301	1.15108522132542
-0.537378723427471	0.779585437045987
0.297489540345604	0.460634927427605
-0.195397406907621	0.216295724707234
-0.702697017551017	1.67830296241394
-0.0145404983817346	0.0180911479191621
-0.0378022777186141	0.0433198286544284
-0.110515155195773	0.119793667840215
0.0891123609742357	0.0931772172007707
-0.591338303187836	1.1862650322149
-0.0274801013282167	0.0308362659333952
-1.1098195762424	2.53020999394932
-0.270179893058229	0.366765825218878
-0.244651156884075	0.310918403502425
-0.118787525436992	0.138208032016008
-0.426045425194577	1.1254667830082
-0.2793858835592	0.679958310698069
0.165621778406406	0.30488041157858
-0.0763031366524634	0.10298998430151
-0.357073656520737	0.77203813222096
-0.296497810018161	0.563068770944442
-0.558944490408051	1.46070701504756
0.0688691992304822	0.0973406210310187
-0.429869538951267	1.27898788554147
-0.279295133659026	0.696847940496708
-0.469527479022277	1.33804216948307
0.0206932177446803	0.0299827566201886
-0.36099921995454	0.793089574198227
-0.221066371733011	0.4259799276691
-0.5395584065678	1.61150011119504
-0.342755622524265	0.781489167487579
-0.0985504555287416	0.143029962726411
-0.414215246908324	0.794626414053009
-0.221356747614879	0.359164780997335
-0.202081610036522	0.445307461484843
0.152234872454527	0.319574450294876
-0.310748359676488	0.798828357345318
0.220634594571502	0.468715985782532
-0.55961755117582	1.56907942081153
-0.227644896032063	0.426517333059621
-0.30105828277641	0.646279545268665
-0.615167450745328	1.66778409089493
-0.80080462009718	2.27008747766178
-0.265219605196299	0.431350183654086
-0.0331965475055066	0.0427955847781325
-0.211185608737714	0.497224196124144
0.0421074040263961	0.0780576366224157
-0.169125863020404	0.336642088214719
-0.0883321771127311	0.151224896636901
-0.021208482458947	0.0322213048617041
-0.4053474335302	1.03773275638103
-0.141325043835976	0.238765317111221
-0.300158644452297	0.605686305078701
0.230328939641129	0.43560648346428
-0.0961585087915701	0.20495370151944
-0.102516720328513	0.22146100389059
-0.23381447058562	0.558595686678897
-0.486999286877061	1.31896015908542
-0.158193888992369	0.29798146880304
-0.228124700898923	0.496689108188865
-0.202813123114625	0.429217088378207
0.0599207144279296	0.0967910400520262
-0.158658816113571	0.254118939755946
-0.190993735645975	0.510941122339134
-0.360535632137236	1.01097732780256
-0.119860080732125	0.223997496563569
-0.0472431045357814	0.0736158802837393
0.000751787264126563	0.000887157342832578
0.0579039531138106	0.0842087354794975
-0.247337932231373	0.506210659969423
-0.211967236635592	0.402109658913854
-0.15805823001421	0.266789427323556
-0.813237698520914	2.60969314030337
-0.0940880362633585	0.129549823973025
-0.195624979330183	0.308004024129007
-0.00043182789557161	0.000663352622318132
0.214855203269681	0.328978158156937
-0.255777957445699	0.420474368243187
-0.214202727798246	0.363953358256656
-0.144809791561613	0.249093999905065
-0.203267527841517	0.421984244588105
-0.171598315887675	0.341993659287661
0.131817192804866	0.230599992638612
0.0846469513483064	0.120245492224388
-0.342656992800905	0.615960704457287
-0.316309308135684	0.603014983681278
0.204648475578121	0.336337615781474
-0.54087788666202	1.55109407258402
-0.453642458361317	1.24066566061781
-0.0649012445120179	0.104773235643335
0.106638344822005	0.163999718098342
-0.0693608265416411	0.100449444808151
0.0783375661644754	0.108653721638045
0.106131417255733	0.161929977338627
-0.166144054749045	0.404542570967423
-0.119747724735602	0.276952395052347
0.172312652521301	0.414219463305711
-0.018878635299318	0.0317486721885438
-0.129831446407409	0.241833053342328
-0.390589572082465	0.943510864638758
-0.202618004962653	0.424717785891561
-0.218831717053731	0.444603883383732
-0.223211843212214	0.41723402914489
0.046605495429366	0.0717083357047112
-0.268414877953512	0.509917748517785
-0.257784123944635	0.406210785339509
-0.10426220980228	0.285784626767034
-0.0100950219001681	0.0191157832470807
-0.158001365397712	0.353724441436983
-0.26163525582153	0.744989195931716
0.119519479030253	0.242158059986284
-0.0460661542919123	0.0784283709380111
0.127528958754871	0.219001818913466
-0.0888256736570857	0.144191123223413
-0.492020554638513	1.36378821494275
-0.451182538164231	1.05867048882967
-0.0129837143174808	0.0178244393616296
-0.20955152992998	0.38321657672576
-0.311517052334055	0.641710148071619
-1.16426710229317	4.27265079444429
-0.0613359171719509	0.0745176989279071
-0.247325986931296	0.332187897903668
-0.0402665225632048	0.0422093189938633
-0.238207316151685	0.757663162475493
-0.266423727377079	0.823857777617253
-0.021988580264722	0.0415500613721124
-0.0775149339963694	0.160301283416697
0.444841776621583	1.31405076086849
-0.170068383317127	0.352722421620834
-0.361948380233685	0.946621927931319
-0.254999625383144	0.503304301631949
-0.219670851004963	0.420978391445586
0.118105223544759	0.201260021394762
-0.174205422684656	0.292031180956185
-0.13661049781394	0.21423182145865
-0.36073781685912	0.679654313908495
-0.43717824615917	0.789655357978749
-0.233118168042582	0.857569383403894
-0.200573142091243	0.656932675073738
-0.17116766504036	0.498266787713698
0.0407835681895307	0.0854290183805914
-0.399614501397169	1.24229499105271
-0.284604886616794	0.771071312554191
-0.44740681783553	1.55548367245244
-0.156016592899446	0.296791672168663
0.0517339624879201	0.0832525163425962
-0.367986683433177	0.899689779740457
-0.638804090582153	2.23084274921047
-0.175334990119354	0.321041234913828
0.0488544887588806	0.0710121418165975
-0.374207814678406	0.862958184417789
-0.161325598517323	0.532146426109495
-0.111856377634175	0.299715502914216
-0.44009179122109	1.67000141318764
-0.276105171172539	0.729963875299247
-0.0264952592865667	0.0447124341390562
-0.339046370489371	0.800592427373083
-0.0556076717686973	0.0946513449344761
-0.487344172833636	1.40833691276024
-0.465786395981273	1.14977622012892
-0.160527829864473	0.246186223294032
-0.397626962349492	0.635589878649016
-0.395899937854962	1.21269852532844
-0.282009019049648	0.688538078082859
-0.268873269702798	0.607638171349364
-0.175497152463308	0.322047257191208
-0.397814186431064	1.07356044639737
-0.378876051152041	0.849331489543582
-0.438907824647985	1.01467897528795
-0.264318646314906	0.43888708491309
-0.49886016940019	0.939224487173688
-0.101096288219892	0.187146431009667
-0.415199610962285	1.14669786089191
-0.25791234578957	0.635189535773925
-0.0609464193630703	0.101842529932757
-0.436357931931293	1.03600011547445
-0.0542983078853136	0.0723099418298232
-0.125729373202331	0.335393811342233
-0.103086889454673	0.26030843946637
-0.121202156868658	0.261292296331108
-0.236125350997478	0.587785003154075
-0.163280244594908	0.385946525944832
-0.127832640040822	0.249953782054208
-0.21174953466905	0.469831072537357
-0.438419078099902	1.07706430658007
-0.337069946897433	0.63170350964288
-0.102993693625165	0.247589364411013
-0.639700377344011	2.89486253498213
-0.21501925067634	0.590789506620361
-0.00613673852213521	0.0102541158263358
-0.54514891111546	2.02502840814046
-0.451597796953722	1.27296785477676
-0.148798545501339	0.258435490177726
-0.35718208498377	1.62315070416928
-0.462219011828609	1.95887611876692
-0.18584186020398	0.507440473403661
-0.54483075883458	2.20073581102467
-0.278800727448695	0.743939672684279
-0.245511472137686	0.577270691516699
-0.300293668083063	0.619076411265697
-0.171761406321003	0.300074416093176
-0.353266534357138	1.15678962774224
-0.411055868711114	1.20538278653233
0.462219084596859	1.18447583302117
-0.166496020087299	0.338780477341533
-0.219229106976991	0.365520611063107
-0.136809856096864	0.451651680643511
-0.208037033110163	0.658666181839116
-0.217404124655889	0.511418992274183
-0.103755835610622	0.186967976125173
-0.309574501885078	0.711248963825061
-0.147415970790241	0.451136089665977
-0.0609695963594008	0.138399359518025
-0.128308261216874	0.277961545135661
-0.365121514897543	0.993799884299284
-0.218042989184877	0.919417654232961
-0.166250986078605	0.518553787929196
0.159959916887973	0.428017687313146
-0.243687013155603	0.630239308828337
-0.246798157654122	0.615478028385297
-0.215574954943458	0.761568932651967
-0.0500691330460513	0.116908190394512
-0.0393411861214438	0.0834481721507144
-0.22987857808218	0.876929426906864
-0.187641744660365	0.691188169747628
-0.240290716775774	0.9410463478667
-0.204283393417926	0.955988481268909
-0.267042539591837	1.34193399402377
-0.283982144736361	1.82056181911429
