x	y	clickSelects
0.00470230158597995	2.16679799206441	126
0.06497186902393	0.578443560062359	44
0.0122564278441499	0.696475552291052	44
-0.04660006375937	1.16215982412343	44
0.11940322947114	1.04953202093928	44
0.0623431977133699	0.575344807364201	827
0.12344943516579	1.05560941293594	827
-0.10993508339569	1.51773609733584	827
-0.0354028350903599	1.01772883728461	49
0.00430116810844994	0.692170239986747	49
0.02412438992961	1.86946803950695	49
0.0899496957578201	1.23131025814983	49
-0.02897076296303	1.02282790169555	557
0.0594564119373	0.574146809919677	557
0.11986698522094	1.05011186870747	379
0.00508480701770009	0.693178123428776	379
-0.10940941728817	1.51612594617143	25
0.0678976197735399	0.578952002833974	25
-0.0213242609706901	0.847859591846366	25
-0.03010258916354	1.02334871044397	25
0.0577788389210201	0.573295283481806	375
0.12217242219931	1.05393988772825	375
0.0641062582252101	0.57783656828618	375
0.0687623835620801	0.579389020639623	385
-0.01855126717147	0.850157720643328	126
0.06641060189182	0.578095540716024	126
-0.12000604766323	1.281604867299	44
0.09793202899759	1.24309371164841	827
-0.0319440372141	1.19074183951565	827
0.05437917509941	1.52800659044712	827
-0.03717205523067	1.81588839467123	827
0.00795957449314	0.694919046007188	49
-0.03366560023188	1.18807412281616	349
0.0526677920552101	1.67060526076566	557
-0.0000702076002199181	0.686950601351761	25
0.12333285776008	1.05426062989849	25
0.06012134843669	0.574818428531195	25
0.00371629100523996	0.691087358930325	1645
0.00424613030137011	0.691543070982657	25
0.0635381710766201	1.54457852296636	47
0.000796253389989898	0.688787241678732	47
-0.0252859310370499	0.844330995209208	375
0.00235627602433008	0.690487755919548	28
0.06497186902393	0.578443560062359	28
0.00854736828993996	0.694881226930905	126
0.10546920074492	1.95674792256439	44
-0.00352171508521004	0.685216178748447	49
0.00743094700247005	0.694462877643055	49
0.0573314029069501	1.53055222307527	49
0.0393884722040001	1.77193248024403	49
0.00614341202314006	0.692818894948525	252
0.0941645127161801	1.23685748622363	25
0.06349145731342	0.576107730106197	25
-0.0358385424570999	1.01669896083723	1645
0.06089635736011	0.57486221118602	25
-0.02490555321449	1.02523436894629	47
-0.0349672114236701	1.01787235219061	375
0.05974779582566	0.574099743860578	28
-0.00144028442106992	0.686708757476986	28
-0.00591899793522011	0.682610231592815	28
0.05511041807163	1.52808375975494	126
-0.11879382809839	1.28371483906952	126
0.00692576864066008	0.693521170574345	44
-0.0323285053747799	1.33320030434105	49
0.0615575788057401	0.575397722991523	349
0.06262627398235	0.575986404326764	349
-0.11196022512054	1.51528967033386	557
0.0159535203583701	1.97265854791048	557
0.0933343562687501	1.2343472965409	25
0.0586375942361199	1.5330278328024	25
-0.00188366104490001	0.687285853301533	25
-0.02019399618405	0.846899896730581	25
0.0658368577022399	0.578688566094146	25
-0.0379065413317801	1.01428607707156	47
0.00455532885968002	0.691509463795607	47
-0.01941774765968	0.847665527115003	375
0.05897200973491	0.573334925553979	375
0.00561416805771997	0.693634697863814	1994
0.00240222692252989	0.689086956927602	375
0.05974779582566	0.574099743860578	28
-0.03695032669075	1.45945288027161	44
-0.0377144302302399	1.32449670043761	44
-0.0315301551545899	1.59494387912844	44
-0.03549982885828	1.18498650127187	827
-0.0305239290425601	1.19234989020639	557
-0.0403363770326199	1.32357883832234	557
-0.12118330435438	1.39104300806692	557
0.09739146451674	1.24123127154654	557
-0.01816706767651	0.850249471494147	379
0.11732879227382	1.04844674139509	379
-0.04237548098596	1.45229315972546	379
0.00586765213810003	0.693882064620264	25
-0.0024136509886199	0.68598507205861	1645
0.00932812295723995	0.695796600619346	375
0.0614779765006099	0.575223127248405	375
0.0641062582252101	0.57783656828618	33
0.00182762709119011	0.690977558044493	44
-0.0338917948888999	1.70755689264402	827
-0.10511815983055	1.73093539685276	827
-0.0269711104013901	1.19711655434849	252
0.060612918568	0.574810701056327	2809
-0.0359082467874401	1.01571418910896	379
0.06497186902393	0.578443560062359	25
-0.11836553082557	1.39647540391409	25
0.02884266992938	1.88325031379483	25
0.0577788389210201	0.573295283481806	375
0.0103595415191	0.696159140742934	375
0.0658368577022399	0.578688566094146	126
-0.10400449948711	1.82918021682095	44
0.09135492319959	1.23162185885925	44
-0.0376054569963	1.81483216187679	44
0.06262627398235	0.575986404326764	1080
-0.03400646027655	1.70822472595425	49
0.00770732772680005	0.693960311466429	349
0.0678976197735399	0.578952002833974	252
0.0670322258031899	0.5778351002051	25
-0.02764000128922	0.841611880836867	1645
-0.0323829532138999	0.834526317337749	1645
-0.02652771536146	0.841038919394943	1645
0.00561416805771997	0.693634697863814	25
0.060612918568	0.574810701056327	375
0.00879997521194009	0.695340728531382	28
-0.02265669552818	0.846982663609958	44
-0.11917004051114	1.28337435542592	44
0.01328500148018	0.697187150392228	1080
0.11373130018563	1.97656902838585	827
-0.0486197237989301	1.7883199388776	827
-0.09883160119271	1.74165362011208	49
-0.0248145492773899	0.844831390413282	349
-0.00163170668356005	0.686548287134407	349
0.0034625113848501	0.691203628034591	349
0.06089635736011	0.57486221118602	349
0.0611873140018699	0.576162678907346	2809
0.09346402196842	2.06657718610805	557
-0.0333549012696199	1.47023571007813	557
-0.0365585666784001	1.70334531788737	557
-0.12141732859773	1.28183494820525	379
0.0652629153297899	0.577331121752138	25
0.0015766669606001	0.689788385908174	25
0.0603221792564701	0.575449353150941	1645
0.0711206618269999	0.578111216460049	759
0.0929940783405401	1.23589650605312	375
0.00508480701770009	0.693178123428776	375
0.00533841866345997	0.692211463064849	375
0.00293242809066996	0.690747702125752	28
-0.0270049495987601	0.840146814489466	28
-0.0473989840521101	1.89843155113816	44
-0.02923704816774	1.34205371237416	44
-0.05424842808491	1.98152831186938	557
0.06349145731342	0.576107730106197	25
0.0614779765006099	0.575223127248405	25
-0.0318009503035901	1.33773548286238	25
-0.0244928415927601	0.842934966794232	25
0.0643979077286201	0.577085966346076	759
-0.03737756340112	1.01254123007451	375
0.0614779765006099	0.575223127248405	28
0.0611873140018699	0.576162678907346	28
0.06205222453913	0.576575770191727	415
0.04706758804171	1.65982900478848	126
0.06497186902393	0.578443560062359	126
0.10862469636511	1.96885134469859	126
0.0704611039619401	1.3907897473989	44
-0.02843117755266	1.19465851581072	44
0.0314743249226499	1.75727085160132	1080
0.0687623835620801	0.579389020639623	252
0.0658368577022399	0.578688566094146	25
0.06012134843669	0.574818428531195	25
0.0614779765006099	0.575223127248405	375
0.00614341202314006	0.692818894948525	375
0.06205222453913	0.576575770191727	28
0.0635322778785099	0.576480757103141	33
0.05547870129105	0.571841073068374	33
0.0596859024807801	2.35698588599907	44
0.09092858253737	1.23187136320597	44
-0.11860171629253	1.2862628123985	44
-0.11898293609959	1.28552209513655	1080
0.01965064697798	0.698242889804444	816
0.11778958423005	1.04716578655112	816
0.00821138972116997	0.693994840526458	49
0.05720354168202	0.572959867621651	49
0.0701999514768401	0.578591223119105	2809
0.01016330840209	2.1833865644448	349
-0.0977711091586499	1.64741976376471	557
-0.0386775249850799	1.01036626037916	557
0.0586403009672001	0.57341570515588	25
-0.12339427411221	1.27740947143589	1645
0.0034625113848501	0.691203628034591	25
0.06069635629646	0.575154297721853	25
0.0643979077286201	0.577085966346076	375
-0.0192438689004599	0.849917599567846	375
0.06497186902393	0.578443560062359	375
0.05974779582566	0.574099743860578	375
0.0603221792564701	0.575449353150941	33
0.060612918568	0.574810701056327	33
0.0577788389210201	0.573295283481806	126
0.0881352682669001	2.05490835002389	44
0.00508480701770009	0.693178123428776	1080
-0.0296148090136801	1.4744427985557	827
-0.10855802498233	1.52265801476722	49
-0.0282306230002001	1.71841240404367	49
-0.0373763837996599	1.58314276297071	816
-0.11282849445066	1.51259352461692	49
0.00879997521194009	0.695340728531382	49
0.06262627398235	0.575986404326764	49
-0.03856570175198	1.3287316204998	349
0.0623431977133699	0.575344807364201	2809
-0.12431354420588	1.27490080392468	349
-0.02966146904378	1.19370302021293	349
-0.11841160072992	1.28470699380472	25
0.06291742676874	0.576696640316621	25
0.06497186902393	0.578443560062359	25
-0.0297265187345399	0.838484660856868	1645
0.00561416805771997	0.693634697863814	25
-0.03097425524818	1.02141585730491	25
0.06205222453913	0.576575770191727	28
0.00717857209743	0.694778656366304	28
0.03181123085453	1.76244814201342	33
0.060612918568	0.574810701056327	33
0.0688204434406701	1.38288947160886	44
-0.02413311732103	0.844266334309948	44
-0.0989895901953399	1.84173306662692	543
0.00879997521194009	0.695340728531382	49
-0.0334364066289601	1.0206978837929	49
0.0892222716550499	1.2281470766561	49
0.0649938586013901	1.38130309076623	49
0.00129886233226006	0.689668705776789	49
-0.000321061867180061	0.688187970617562	25
0.03992622939446	1.7798809932163	379
-0.03427216415593	1.33178988419003	25
-0.000321061867180061	0.688187970617562	25
-0.0131342454972101	0.853124422175441	1645
0.00932812295723995	0.695796600619346	375
0.0117292512378999	0.696021214946946	375
-0.0260836113862299	0.843673668477193	126
0.12309424752681	1.05243535110274	126
-0.0239364981826899	0.845377008358032	44
0.0700963763428	1.38992815089609	1080
0.0991028317259799	1.24310975318918	543
0.0443479799203099	1.65492384849959	543
-0.04091114452875	1.45545104819258	49
-0.00213603101148996	0.686013215629264	49
-0.0252859310370499	0.844330995209208	349
-0.0249694509865399	0.842789606194151	349
0.0589894112936	1.53243576760508	557
0.06497186902393	0.578443560062359	379
0.06641060189182	0.578095540716024	25
-0.0238314543523399	0.843324261777822	1645
-0.02008976982504	1.03368465310965	1645
0.12343844218303	1.05481350369827	25
-0.02575776593549	1.0287679395182	375
0.0114147414739101	0.695793507451557	375
0.00104777080569995	0.690276905484279	47
0.06291742676874	0.576696640316621	33
-0.0284707970098099	0.839749903979773	126
0.0635322778785099	0.576480757103141	44
0.12344943516579	1.05560941293594	1080
-0.02560848540561	0.844177725594026	543
0.0635322778785099	0.576480757103141	49
0.06176150416243	0.575573951673107	252
-0.11833784985903	1.28344215248404	557
0.06497186902393	0.578443560062359	379
0.06291742676874	0.576696640316621	25
-0.03827432236329	1.01230414801921	1645
0.0603221792564701	0.575449353150941	375
0.06497186902393	0.578443560062359	375
0.0611873140018699	0.576162678907346	33
0.00717857209743	0.694778656366304	126
-0.10820645331415	1.62161986994927	44
0.09702186420812	1.93844127517959	1967
-0.03740830718419	1.70188353534242	1967
-0.03687388328137	1.46050807934576	44
-0.02638634591753	0.843284064989319	44
-0.0213242609706901	0.847859591846366	827
0.0658368577022399	0.578688566094146	1080
0.00639676878278994	0.694338750578675	49
0.0761474085864999	2.15527408435923	349
-0.03373581658541	1.01838826656207	349
0.00958016502306003	0.695917467871454	349
-0.0350882223398501	1.18534150381293	379
0.06241816264665	0.575069672184954	25
0.0652629153297899	0.577331121752138	25
-0.11588022086855	1.2871636636242	25
-0.0239578791717601	0.843786125104647	25
0.00770732772680005	0.693960311466429	375
0.0681887291410099	0.57803285948981	375
0.0641062582252101	0.57783656828618	33
-0.12417198172726	1.27330223950145	44
-0.10442950500524	1.63298427846109	1967
-0.00274460343385008	0.685910218671815	1967
0.0228556711327399	1.86935595718402	44
-0.03438761286723	1.46733370706549	44
0.09470192225402	1.23876198211876	1080
-0.0241455978037299	1.35109454250623	543
0.0655456320514201	0.577850509647929	49
-0.0332544171231199	1.18842839754971	349
0.0621836107824301	0.574223274299761	349
-0.12490381388876	1.15131656897754	557
-0.11305151325727	1.40426536414142	557
-0.0418286158743999	1.45115789262092	557
0.0815192135737901	1.40835754019969	25
-0.0336205051359899	1.46723333223466	1201
0.06205222453913	0.576575770191727	25
0.06262627398235	0.575986404326764	1645
-0.02192711849644	0.845340745800378	375
0.01010806773565	0.696373336398546	375
0.00639676878278994	0.694338750578675	375
-0.0236567208437399	0.845162682271321	375
0.00605875448629001	0.692521730141183	1543
0.06089635736011	0.57486221118602	1496
0.00424613030137011	0.691543070982657	28
0.0687623835620801	0.579389020639623	110
0.05974779582566	0.574099743860578	33
0.03968969043851	1.77833274799932	44
-0.106257729615	1.72820501527842	44
-0.0322369311191599	1.33977584293859	44
-0.0273876333855001	0.840062381346127	827
-0.0399506930008	1.01028165416902	1080
-0.01931938249504	1.20685525714719	49
0.07090702040807	1.38973980895952	252
0.0836892229794699	2.17532437997354	349
-0.0487961974684199	1.78645593111253	349
0.0975844037234901	2.07735155516013	349
-0.03470641375463	1.01834615735106	379
-0.0305547796099199	1.34026593745813	25
-0.0223182374369699	0.847285155161717	1645
0.060612918568	0.574810701056327	375
-0.00266615035100992	0.686494356169944	1543
0.06205222453913	0.576575770191727	375
0.06176150416243	0.575573951673107	28
0.00110695783841996	0.688764264593948	28
-0.12346696434914	1.27835988199909	126
-0.0314407405268899	1.59753012309074	44
-0.0382243369612401	1.58371774129606	1080
-0.10097955700506	1.5300366324447	349
-0.03177626480723	1.59350490720953	557
-0.0377645436145699	1.18085761484683	557
0.00561416805771997	0.693634697863814	25
0.0635322778785099	0.576480757103141	25
-0.01683214944872	0.850981086743488	25
-0.04202854400456	1.17514434719209	1645
0.0646800402191901	0.577244755259019	25
-0.03098298667999	0.83565862292206	375
0.0646800402191901	0.577244755259019	1496
0.0643979077286201	0.577085966346076	375
0.01028487323591	2.07498502843584	44
0.00317407907575995	2.16556759733684	44
-0.0264782562224899	1.02758636007513	1967
-0.05339229923721	2.08633761802916	816
-0.0315035939471999	1.59336337791459	49
0.00365696181500996	0.688465240239611	349
0.03710996922234	1.76790981790415	557
-0.11802581626887	1.39795618238698	557
0.05974779582566	0.574099743860578	379
-0.1240422290126	1.27647122470372	25
0.11654195889502	1.04467767740016	25
0.0655456320514201	0.577850509647929	25
0.00483077342270999	0.692626429783641	47
0.0614779765006099	0.575223127248405	1543
0.0693358401298201	0.578796394975642	375
0.0641062582252101	0.57783656828618	28
-0.02923125898018	1.02164747694888	126
0.09382387859956	2.48266497979468	543
0.0112019598989399	0.694353356637563	49
0.0770356654127	2.15563283260181	49
-0.04527082800452	1.0003023689345	557
0.0952844985627199	1.23449251913814	557
-0.02460960247716	0.842160917444737	25
-0.0329171412499101	1.18718510058302	25
0.0603221792564701	0.575449353150941	375
0.0678976197735399	0.578952002833974	375
0.0598344987371999	0.574552074754926	375
0.0529147723441901	0.569243111410707	33
-0.1093094656624	1.41417777131783	126
0.0887965645756299	1.22797173783531	44
0.0568554415876701	1.52967312697677	44
-0.11344018244726	1.6130255467515	44
-0.0430699417499001	1.7979320164438	543
-0.03323492961005	1.4627580502357	49
0.0641062582252101	0.57783656828618	49
-0.11428931640905	1.40330971350862	349
-0.11270247667491	1.29321965254456	349
-0.0358385424570999	1.01669896083723	25
0.00639676878278994	0.694338750578675	25
-0.0244077428428999	0.843524037212776	25
-0.03346679955716	1.01634575557809	1299
-0.0360252293790699	1.3337384153338	25
-0.0386452904693799	1.00962011140987	47
0.01250753936361	0.696808660965334	375
-0.02527164880416	0.842174246105442	375
0.0520564219683599	0.568835833916539	1543
0.00313507705548011	0.690925092944883	28
0.06497186902393	0.578443560062359	110
0.0563353325021501	1.53095839470676	827
-0.0197699199496799	0.848225423021011	827
-0.0402804975565001	1.00917980616383	543
-0.02299428104788	0.844971628056417	543
-0.03627433355023	1.01423475730931	49
0.0641062582252101	0.57783656828618	49
-0.1037799745175	1.6343986719961	49
-0.02513344646381	0.843278901273961	349
0.00743094700247005	0.694462877643055	557
-0.0155551825226099	0.852857189730334	557
0.00555843856423	0.690797370939248	557
-0.0342283364231699	1.18637431352932	25
0.0736709600122101	2.14510379342456	25
0.06184319313708	0.57473431458569	25
0.0614779765006099	0.575223127248405	28
-0.00800889798772997	0.680401287072805	2881
-0.00274460343385008	0.685910218671815	673
0.0635322778785099	0.576480757103141	33
0.09664847840845	1.24049149144972	44
0.0383970258003701	1.77669270821791	827
-0.0402717996231401	1.32563112514138	543
-0.0285920438385401	1.47780759178254	49
-0.0366739598805801	1.01582610988538	557
0.0658368577022399	0.578688566094146	557
0.0652629153297899	0.577331121752138	379
-0.0345251978350201	1.18625103089289	219
0.00267810736268004	0.690636942339763	25
0.12333285776008	1.05426062989849	25
0.06205222453913	0.576575770191727	375
0.06205222453913	0.576575770191727	645
-0.11367193276708	1.40686847154088	44
0.07289414425499	1.39681018199111	1967
-0.1247197851699	1.38333600468067	543
-0.10860511553757	1.41512654304115	543
-0.12037467875425	1.39311821738399	816
-0.12156354595239	1.39031610153579	49
-0.0461801929752399	1.78983007053838	49
-0.02220929557915	0.844365456478244	49
-0.03987066036928	1.32147378399342	557
0.0521697605261799	1.66444814217363	557
-0.12012009970505	1.28271642504748	557
0.04976996693085	1.51765798014997	379
0.0901917139392301	1.23240785717775	25
0.00586765213810003	0.693882064620264	25
0.12263337779735	1.05403722589652	25
0.0577788389210201	0.573295283481806	25
-0.0187689361233101	0.850059205901264	25
0.060612918568	0.574810701056327	47
0.0678976197735399	0.578952002833974	375
0.0603221792564701	0.575449353150941	375
0.0034625113848501	0.691203628034591	1543
0.0711206618269999	0.578111216460049	375
0.06641060189182	0.578095540716024	375
0.0641062582252101	0.57783656828618	33
-0.0452667336541199	2.10696090855664	44
0.10147407093523	1.24586113205024	44
0.07298022642516	2.14953463076229	44
-0.0327212081430099	1.33385413581511	827
-0.03678903192524	1.46188056795342	1080
-0.0220306960840599	1.03188367660679	543
-0.0313933453783799	1.47402206949878	816
0.10200445952403	1.24708732255843	557
-0.0105227496433	0.85583709907708	557
-0.0420606625500799	1.00654256791549	557
-0.0387251128702	1.18087691030905	25
0.0652629153297899	0.577331121752138	25
0.0652629153297899	0.577331121752138	25
-0.0221614495939599	1.03092353729833	25
0.0611873140018699	0.576162678907346	375
0.0643979077286201	0.577085966346076	375
0.0598344987371999	0.574552074754926	1543
0.0130344704231	0.697263181278941	375
0.06205222453913	0.576575770191727	375
0.0627583472834601	0.574558056795105	1158
0.06349145731342	0.576107730106197	1452
0.0586403009672001	0.57341570515588	33
0.0603221792564701	0.575449353150941	1258
0.06205222453913	0.576575770191727	31
-0.11106149199454	1.71590339602867	44
-0.04019466552736	1.57898403146811	982
0.0636199618746001	0.575665599041282	827
-0.02054702631205	0.848219007755662	827
0.04549953521207	1.65676954708046	1080
-0.03265422077259	1.33558243670285	1080
-0.0371664932220499	1.46175849346541	543
-0.11105591139088	1.51597607989217	543
0.0577788389210201	0.573295283481806	349
0.0504229159248	1.51595223164698	349
0.04669350870639	1.65974708288496	349
-0.0234185087885801	1.20143343995952	349
-0.0338769155941401	1.33684471075799	557
0.0598344987371999	0.574552074754926	379
-0.0247948609399	0.841052967551684	25
-0.0280035428996299	1.02491318935475	219
-0.0390487343072099	1.01128621252243	25
0.12101874559855	1.05496844004333	25
0.06324002887349	0.576609113923133	25
0.00827171168379004	0.693669391229875	25
0.06381382996212	0.576020696597725	375
0.0687623835620801	0.579389020639623	1543
0.00690220325848001	0.692792858514063	375
0.00182762709119011	0.690977558044493	375
0.00110695783841996	0.688764264593948	28
0.06205222453913	0.576575770191727	1158
0.0623431977133699	0.575344807364201	28
0.00932812295723995	0.695796600619346	110
0.06381382996212	0.576020696597725	33
0.05974779582566	0.574099743860578	2963
-0.11822055653765	1.28641592848119	44
0.03540389845699	1.76902654334762	543
0.11468539029265	1.97194125257829	816
0.0684710951174199	0.578360020930028	49
0.0016173348597599	0.688521459133206	49
-0.12187373816293	1.28102662637317	543
0.0889086467975799	1.22768362241655	557
-0.02718469238648	1.47788766504903	557
-0.04237476426289	1.57501466244248	557
0.05720354168202	0.572959867621651	25
-0.03176396877999	1.0203778999574	25
0.00690220325848001	0.692792858514063	25
-0.0333410946442601	1.01892296828758	25
-0.12016662826292	1.15583470405998	25
0.0016173348597599	0.688521459133206	25
0.06497186902393	0.578443560062359	375
0.0592594715086701	0.574216413367679	375
0.0693358401298201	0.578796394975642	28
0.0643979077286201	0.577085966346076	1738
0.0887930060378099	2.46595901964811	44
0.0255670674444599	1.87400419472491	1967
0.0989208480634101	1.24081279373018	44
-0.0309290315339099	1.4745685826604	2703
-0.00429964162637009	0.684223136845454	816
0.06176150416243	0.575573951673107	49
-0.0329047010876999	1.01952518355885	557
-0.0428098727657	1.31994824774836	25
-0.0260836113862299	0.843673668477193	25
0.05547870129105	0.571841073068374	13
-0.01954451230501	0.848987615586173	25
0.05974779582566	0.574099743860578	375
0.05720354168202	0.572959867621651	375
0.0614779765006099	0.575223127248405	375
-0.0339458382420501	1.33448723525649	44
-0.03195868864061	1.59093794568576	44
0.0414486504714899	1.78263191287795	44
-0.0389522242987701	1.45806361121193	44
-0.0960282533603101	1.64897258599819	982
-0.0339488859163399	1.33655145703828	1967
-0.0990056800760699	1.74181548266206	44
0.0986781539583199	1.24242544748585	827
0.0336929623312701	1.76589866229775	1080
-0.0083304953037	2.13158848009473	49
-0.03055407985938	1.3419432642112	349
0.0416960969312701	1.64537930572218	543
-0.02884120029344	1.19506974396076	349
0.024625990434	1.86990849784377	557
-0.0226134849506101	1.4850284443341	557
0.06971938176744	1.39079231384725	557
-0.0248326201679301	1.20011158252632	379
0.0923334972054799	1.23591835211647	379
0.11963920431792	1.04915407818888	25
0.0658368577022399	0.578688566094146	25
0.0670322258031899	0.5778351002051	13
0.00692576864066008	0.693521170574345	13
0.00235627602433008	0.690487755919548	25
0.0681887291410099	0.57803285948981	25
0.06497186902393	0.578443560062359	375
-0.01799349561762	0.850826688821256	375
0.0676960528144599	0.575831596529097	1452
-0.10511871423425	1.730631092938	126
-0.01816706767651	0.850249471494147	126
0.06937279685001	1.38950115280809	1967
0.0709957220469499	1.55395319476637	982
-0.025510249728	1.48134582265776	44
-0.0365045685982199	1.46121711863768	1080
-0.10990857397586	1.71604144182663	543
-0.12167842593716	1.27911204660226	557
-0.0396276245326701	1.91797123964781	349
-0.0256826416939	1.02695083098702	379
-0.0345223167418101	1.01355614151975	25
0.0050037967721599	0.691704308048797	25
0.06089635736011	0.57486221118602	25
-0.03809634449309	1.18008069134087	1299
0.06324002887349	0.576609113923133	25
0.0563414332457799	0.572549276189887	375
0.0015766669606001	0.689788385908174	1248
0.06205222453913	0.576575770191727	375
0.06089635736011	0.57486221118602	375
0.06205222453913	0.576575770191727	33
0.0693358401298201	0.578796394975642	33
0.02394623213908	2.21768398526851	44
0.0108871990781401	0.69661470718865	827
-0.02727811364476	1.47592419553442	543
0.06497186902393	0.578443560062359	49
-0.0249694509865399	0.842789606194151	25
-0.02638634591753	0.843284064989319	13
0.12263236673022	1.05710853341237	1299
0.00795957449314	0.694919046007188	25
0.06324002887349	0.576609113923133	25
0.0603221792564701	0.575449353150941	25
0.06176150416243	0.575573951673107	375
0.00561416805771997	0.693634697863814	375
0.0646800402191901	0.577244755259019	375
0.06324002887349	0.576609113923133	57
0.0649495051423301	2.1234591793779	1407
-0.0411136883273899	1.00766975155781	126
-0.09669490049774	1.84595398076479	1967
0.0376997244197299	1.77236870444991	1967
-0.0213242609706901	0.847859591846366	44
0.0670322258031899	0.5778351002051	1080
-0.00852061584784991	0.856398945613301	1080
-0.03891903974711	1.1820245943013	1080
0.0761185661416699	2.14947036717252	827
-0.02437916320964	1.02874635504271	49
-0.0431812450927001	1.68987077538285	349
-0.03777948394788	1.32867074006053	557
-0.0368627923057201	1.32522220729051	557
-0.03643972100953	1.18180514899115	557
-0.02831885910039	1.47256157719881	25
0.0641062582252101	0.57783656828618	25
-0.0221016225355	0.847224192673576	25
-0.00566952224413009	0.682805277876563	375
-0.02413311732103	0.844266334309948	375
-0.00291906238001993	0.684943536509662	375
0.11941706466598	1.0479626312682	375
0.0569167499116701	0.572884622733256	1248
0.0641062582252101	0.57783656828618	375
0.00854736828993996	0.694881226930905	2289
0.06176150416243	0.575573951673107	1452
0.08737848410811	1.22790522851798	1407
-0.03814916828327	1.69969859536112	982
0.00767755079160004	0.693129879052605	1080
0.00639676878278994	0.694338750578675	1080
0.0958754232793999	1.23841363490442	827
-0.04230436884802	1.3165945596915	827
-0.09543420076472	1.54369292064151	543
-0.0339431265496299	1.18935759064188	49
0.05570154780955	1.53002944649624	543
0.0718016230257299	1.39036161521623	49
-0.1066643638769	1.52626423833469	543
-0.09982404636159	1.53339171849339	349
-0.03366560023188	1.18807412281616	25
-0.02413311732103	0.844266334309948	13
0.06205222453913	0.576575770191727	47
-0.00274460343385008	0.685910218671815	1248
0.00664969996917009	0.694322095482239	375
0.0658368577022399	0.578688566094146	2289
0.05720354168202	0.572959867621651	2289
0.0646800402191901	0.577244755259019	28
0.0687623835620801	0.579389020639623	1452
0.11845908809216	1.84236978031433	126
-0.02179985176911	0.846961178203258	44
0.05974779582566	0.574099743860578	1080
0.0630034087767299	1.37490502361104	543
0.00483077342270999	0.692626429783641	816
0.07422584058807	1.399773774367	816
-0.0402504308453799	1.45609688227595	816
0.0687623835620801	0.579389020639623	49
-0.12415575513784	1.38169571149886	543
0.00424613030137011	0.691543070982657	557
0.0569167499116701	0.572884622733256	25
0.06205222453913	0.576575770191727	25
0.0560540375112599	0.572176134773053	25
0.0646800402191901	0.577244755259019	25
-0.0260809409607401	1.02782000930008	375
0.06324002887349	0.576609113923133	375
0.06205222453913	0.576575770191727	375
-0.000929427021270079	2.36319297476844	982
-0.0264440542692901	0.84186106173337	2703
0.0021477801918599	0.690181006466159	827
-0.0316765778353001	1.02037091179861	827
0.08654182161833	2.05392784784954	543
0.0715696936505801	1.39547321392183	1966
0.0577788389210201	0.573295283481806	49
0.06497186902393	0.578443560062359	543
0.0614779765006099	0.575223127248405	543
-0.11932054010828	1.28176006935868	349
-0.03153329418384	1.19109544826205	557
0.11446223302497	1.04364736859445	379
-0.0197188889134201	0.849018090222835	379
-0.0371099846401399	1.01336350375867	25
0.07025611563904	0.577170033957207	25
-0.0313472129339101	1.19345077168754	13
0.0615575788057401	0.575397722991523	25
0.06641060189182	0.578095540716024	112
0.060612918568	0.574810701056327	1452
-0.0372176740838399	1.18207074856957	1407
0.00291126266922004	2.05333824318982	44
-0.09922746489532	1.74478513016679	44
0.0974967692605599	1.24182140727668	1967
-0.12122634816238	1.28055323072431	44
-0.0290672287115901	0.838261774182254	2703
0.07136368712174	1.39186412367924	2703
-0.0288452400943899	1.34280522440583	816
-0.0266598219245899	1.1966095704133	49
0.0615575788057401	0.575397722991523	543
0.0865259374768299	1.22657673770462	349
0.0641062582252101	0.57783656828618	557
-0.0332544171231199	1.18842839754971	557
0.06641060189182	0.578095540716024	25
0.00424613030137011	0.691543070982657	25
-0.020848758066	0.848002492808298	375
0.0611873140018699	0.576162678907346	375
0.000208317397720093	0.687704069862097	1248
0.0655456320514201	0.577850509647929	182
0.12055893681133	1.05438992870057	1407
0.00630766010611006	0.693254840783381	1407
-0.0271197779055401	1.34627609235738	44
0.0416973484535399	1.64549182046371	44
-0.0343868657839701	1.33230687901234	543
-0.12011157600045	1.39198173638988	349
-0.10550915562379	1.52866013192506	349
-0.11330447936209	1.40462686514603	25
0.0611873140018699	0.576162678907346	13
-0.01954451230501	0.848987615586173	13
-0.00591899793522011	0.682610231592815	375
-0.0254461494376801	0.841896213690955	375
0.0678976197735399	0.578952002833974	375
0.0563414332457799	0.572549276189887	112
0.00502896064278002	0.691605978893621	28
-0.10680373087231	1.52260998193203	982
0.0741610591862001	2.15158343237622	44
0.06497186902393	0.578443560062359	44
-0.11935701431107	1.28478155208421	44
0.05678446252091	1.53184166952033	44
0.05941899043862	1.5379717066451	543
-0.0450654491045099	1.68471014107071	816
0.00907564491784996	0.694063919515537	543
0.0574258194214401	1.53232017844109	543
-0.0402652764962801	1.32072514184079	557
-0.03620345208598	1.46044796232311	379
-0.00110196372153992	0.687849919556878	25
0.0053602613747501	0.69181356761285	1815
-0.0281801519515901	1.02446884781171	13
0.06497186902393	0.578443560062359	25
0.00743094700247005	0.694462877643055	375
0.06497186902393	0.578443560062359	375
0.0684710951174199	0.578360020930028	57
0.0987143299065201	2.08011326911031	1967
-0.0337024675179201	1.18620349022208	44
0.00404658836988991	0.690986647971914	44
0.0623431977133699	0.575344807364201	44
-0.0294328578248699	1.47587637809373	827
0.06381382996212	0.576020696597725	543
0.00483077342270999	0.692626429783641	49
-0.0275244413029001	1.19637687812196	349
0.00614341202314006	0.692818894948525	557
-0.0349672114236701	1.01787235219061	557
-0.02574852595563	0.84202843921497	25
0.00879997521194009	0.695340728531382	13
0.060612918568	0.574810701056327	25
0.05974779582566	0.574099743860578	25
0.000518758534119979	0.688969463483089	25
-0.02574852595563	0.84202843921497	25
-0.02904206035845	0.835243516774296	375
-0.0322418980558901	1.01741649306882	375
-0.00188366104490001	0.687285853301533	375
0.0569167499116701	0.572884622733256	28
0.02320217977577	1.98820220167188	44
-0.0458554011202701	1.68284209348518	2703
0.0718214959260799	1.39275872277681	827
-0.12000604766323	1.281604867299	543
0.06205222453913	0.576575770191727	543
-0.03790908578969	1.18243093041345	349
0.0891769474067801	2.05969620498376	349
-0.03466736941465	1.33105168886883	349
-0.00644851297123994	0.682246157265643	557
0.0611873140018699	0.576162678907346	219
0.092456135253	1.23224679600669	13
0.0641062582252101	0.57783656828618	25
0.0636199618746001	0.575665599041282	25
0.06497186902393	0.578443560062359	25
-0.02574852595563	0.84202843921497	375
0.06089635736011	0.57486221118602	375
0.06291742676874	0.576696640316621	175
0.00189292169615007	0.689841585471618	543
0.06176150416243	0.575573951673107	219
0.00879997521194009	0.695340728531382	25
-0.01474859187285	0.85348712272964	219
0.07661325108297	1.4000893780769	13
-0.00352171508521004	0.685216178748447	375
-0.0354401148185699	1.01504502746289	375
0.01328500148018	0.697187150392228	375
-0.03073228754588	1.46990619907236	1407
-0.03366560023188	1.18807412281616	982
0.00087736550235995	2.16044675425061	2703
-0.02797938625469	1.34577230852156	44
0.0641062582252101	0.57783656828618	827
0.06184319313708	0.57473431458569	543
-0.03663649754584	1.01585626246522	1966
0.0529147723441901	0.569243111410707	49
0.00932812295723995	0.695796600619346	467
-0.0353459237995599	1.58826053626877	543
0.00692576864066008	0.693521170574345	557
0.0614779765006099	0.575223127248405	557
0.0655456320514201	0.577850509647929	3157
-0.0342283364231699	1.18637431352932	13
0.000988173347689969	0.68776746791409	13
0.06205222453913	0.576575770191727	375
0.06176150416243	0.575573951673107	375
-0.08776583130088	1.96263227846776	44
0.09471164980416	1.23857503021433	827
0.00483077342270999	0.692626429783641	349
0.0641062582252101	0.57783656828618	349
-0.03405157507345	1.0152035296223	543
-0.03749797950544	1.18393568570698	349
-0.03419007064367	1.18575261982538	702
-0.01799349561762	0.850826688821256	25
-0.0427468183777	1.31763910094142	13
-0.0428211427618499	1.00468539618626	25
0.00136235077006996	0.689385845375163	47
0.0598344987371999	0.574552074754926	47
0.0701999514768401	0.578591223119105	28
-0.0953346944819999	2.03883616966228	23
-0.0228631385217499	1.03127936372052	982
-0.0312571014783301	1.8254609194091	44
0.10363732889987	1.95691170461455	2703
-0.03413164502861	1.01846155485245	557
-0.01769258657851	0.851149257020452	219
-0.0238022493610499	0.843499175628862	25
0.06962651355507	0.579182253156176	25
-0.02257748212948	0.846325955266984	375
0.0641062582252101	0.57783656828618	333
0.0583969630091099	0.572999917193612	28
0.07169402701746	0.57946276405746	28
0.0560540375112599	0.572176134773053	499
0.0138116868723701	0.697641490680618	431
-0.0356697575429099	1.18455391510622	1967
0.0606870208230199	1.5370189561235	1967
-0.0382678157945899	1.17924910918664	2703
-0.02054702631205	0.848219007755662	2703
0.12425402639587	1.05809511809013	2703
0.09471164980416	1.23857503021433	827
0.03485129174624	1.76964274121293	543
-0.0330933124150901	1.33606055320942	543
-0.02942283854464	0.837406678505168	543
0.0476412846952099	1.51026405489332	543
-0.11962340323546	1.28210078738163	543
-0.0444347389005	1.00211571245983	543
-0.0309886045363199	1.34042516905014	543
-0.0197188889134201	0.849018090222835	557
-0.020848758066	0.848002492808298	557
-0.0358333070326899	1.01462511136023	219
0.0942772507326099	1.23866461447072	25
-0.02419049180415	0.843322270030413	25
-0.0310319117212801	0.836923297570687	13
0.00639676878278994	0.694338750578675	13
-0.03558832896513	1.33290490504834	25
0.060612918568	0.574810701056327	375
0.00795957449314	0.694919046007188	375
0.0676057200529201	0.577246124018883	375
0.0603221792564701	0.575449353150941	375
0.00416233435580993	0.691089430657865	28
0.0655456320514201	0.577850509647929	28
0.0643979077286201	0.577085966346076	1452
0.06302373294315	1.54295297781328	1967
-0.0234116497625301	0.843599196058389	44
0.0502278175987301	1.66379002364533	44
-0.1080626443578	1.5209858123445	543
0.06397429869091	1.54145653280554	543
0.0592594715086701	0.574216413367679	816
0.12425402639587	1.05809511809013	543
-0.0390274137759199	1.45363843245632	543
0.04957698519542	1.66266304263961	543
-0.03790230458088	1.45898756425234	349
0.00320831641663011	0.689829279676215	349
-0.0333978395036001	1.33513252198293	349
0.0377173639332	1.6387436786646	467
0.0501565697672599	1.66239819173934	247
-0.03311647056284	1.01888154378456	25
0.0986781539583199	1.24242544748585	13
0.09349646139224	1.23207774829604	13
0.00371629100523996	0.691087358930325	375
0.0670322258031899	0.5778351002051	375
0.0641062582252101	0.57783656828618	375
0.0687623835620801	0.579389020639623	375
0.0681887291410099	0.57803285948981	28
0.0643979077286201	0.577085966346076	1452
0.10478974640392	1.95991289948861	2703
-0.0355622598112499	1.3339016928982	2703
-0.11944142256119	1.28451478819025	2703
0.11298726124694	1.97379332896026	44
-0.0371518962070301	1.18295428386403	2913
-0.026861744099	0.842780078427935	1966
-0.00377086466797993	0.684587189129555	349
-0.0301135365226499	1.19336351940462	557
-0.0381494214127101	1.58314269248606	557
0.0431547228235001	1.65216892316352	557
0.08762223134492	1.22602073328287	557
-0.0307385271696099	1.47206189712926	25
0.00639676878278994	0.694338750578675	25
0.06612729710276	0.577002863033466	25
0.060612918568	0.574810701056327	375
0.00235627602433008	0.690487755919548	375
0.06497186902393	0.578443560062359	375
0.06266602934731	0.575258394733933	375
0.0623431977133699	0.575344807364201	383
0.0583969630091099	0.572999917193612	383
0.0788781516797199	2.16570323291076	44
-0.11869042807099	1.39224486672278	1967
0.06291742676874	0.576696640316621	2703
-0.03153329418384	1.19109544826205	827
0.08780879909029	1.22925122877086	543
-0.0428248657241299	1.69076743948563	543
0.0414294882663799	1.64217329957969	816
0.07938172582922	1.40465922715903	543
-0.02434325861227	0.843927772407406	467
0.06758414458064	1.38821673856615	349
0.00377144538832996	0.690505163253777	349
0.0696909452332	1.38877211863452	557
-0.0387094624851301	1.01173419508254	13
-0.01542012737542	0.850862740330772	13
-0.00747888365058991	0.68076506086045	47
0.06262627398235	0.575986404326764	375
0.0580650230272699	0.573080429177984	431
-0.10038968764496	1.63429611943707	23
-0.12043363722368	1.38782812421535	44
-0.0269711104013901	1.19711655434849	2703
-0.02335523777402	0.84543378068884	2703
-0.11437653324824	1.40349393358155	816
-0.12422348450982	1.27515328839828	349
0.00450412691879998	0.691039692171147	543
0.00293242809066996	0.690747702125752	349
0.00450412691879998	0.691039692171147	557
0.0757479159077501	1.39935626638504	557
0.0672749461620601	0.577766096078519	25
0.0641062582252101	0.57783656828618	375
0.0658368577022399	0.578688566094146	28
0.06497186902393	0.578443560062359	1559
0.06176150416243	0.575573951673107	1509
0.0346642441498399	1.76430110520729	44
-0.0574420786177901	1.87004108432554	44
-0.11513918884008	1.28980456456319	2703
-0.03623801902579	1.0168556664	2703
-0.02638634591753	0.843284064989319	44
-0.0328732740361399	1.46864066175993	2703
-0.0411520384380499	1.45053569339186	827
0.12021252598654	1.05340760036227	349
-0.03942770065404	1.00605355796857	467
0.0563414332457799	0.572549276189887	349
0.00528185102601997	0.691948679154516	379
0.12217242219931	1.05393988772825	379
0.12379348473301	1.05698996779434	25
-0.03974203599037	1.17984775534589	25
-0.0332162520258199	1.18855140812696	25
-0.0210223480787299	0.847320953701979	13
-0.02346534425963	0.845877160255437	28
0.0034625113848501	0.691203628034591	977
0.0592594715086701	0.574216413367679	28
0.0687623835620801	0.579389020639623	383
0.0614779765006099	0.575223127248405	1370
0.0641062582252101	0.57783656828618	332
0.07661325108297	1.4000893780769	44
0.12263337779735	1.05403722589652	44
0.0374320775386801	1.77383697777498	44
0.0687623835620801	0.579389020639623	1967
0.09544504964436	1.23850078406182	44
0.12184438226088	1.04973952632303	2703
-0.12179928483247	1.28051102675638	543
-0.0297265187345399	0.838484660856868	543
0.05974779582566	0.574099743860578	557
-0.0252859310370499	0.844330995209208	25
0.0034625113848501	0.691203628034591	13
0.00639676878278994	0.694338750578675	449
0.06176150416243	0.575573951673107	36
0.05974779582566	0.574099743860578	977
0.0687623835620801	0.579389020639623	28
0.06497186902393	0.578443560062359	28
-0.03373581658541	1.01838826656207	44
-0.02425381075372	1.0297312156011	44
0.12297776295943	1.05471668687245	44
0.00586765213810003	0.693882064620264	543
-0.03750876162926	1.01468298340654	543
0.05547870129105	0.571841073068374	349
0.0641062582252101	0.57783656828618	557
-0.0270152091550999	1.19690789506153	25
-0.10869729500822	1.41265471767492	25
0.12458656655865	1.05765183063251	702
0.00983176875528002	0.694487095640093	375
0.00371629100523996	0.691087358930325	375
0.00267810736268004	0.690636942339763	28
0.05547870129105	0.571841073068374	333
0.00639676878278994	0.694338750578675	333
0.05974779582566	0.574099743860578	1559
-0.0187689361233101	0.850059205901264	1967
0.0577840991349301	1.53116207607238	2703
0.11915216933448	1.83791392511955	44
-0.11765524039646	1.28453683294972	2703
-0.0319833624886801	1.18951183539698	543
0.00639676878278994	0.694338750578675	543
0.00586765213810003	0.693882064620264	543
0.0560540375112599	0.572176134773053	349
0.12263236673022	1.05710853341237	13
0.00827171168379004	0.693669391229875	366
-0.03427085326248	1.01937738558414	1967
-0.0402804975565001	1.00917980616383	2703
0.0658368577022399	0.578688566094146	2703
0.00717857209743	0.694778656366304	2703
-0.0214977575070301	0.84520813616975	816
-0.0274604809310199	1.02659687294148	816
0.0268596692254299	1.87512733293681	543
0.09440470787518	1.23551804280878	543
-0.0368771807238599	1.32890937236349	543
0.0652629153297899	0.577331121752138	543
-0.0324687166537201	1.18927723999379	557
0.07191699335205	1.39285650884255	702
-0.0236567208437399	0.845162682271321	25
0.12469729264901	1.05953797009636	13
0.0611873140018699	0.576162678907346	47
0.06324002887349	0.576609113923133	375
0.0635322778785099	0.576480757103141	222
0.0611873140018699	0.576162678907346	366
0.06497186902393	0.578443560062359	28
-0.0660603599104499	2.23128835259357	23
0.0758645967645	1.3993839466547	2703
-0.0376297949151501	1.18106238561951	2703
0.0611873140018699	0.576162678907346	557
-0.0254461494376801	0.841896213690955	25
-0.0320729772717401	1.02039096606794	25
0.00371629100523996	0.691087358930325	247
0.00371629100523996	0.691087358930325	13
-0.02491111939303	0.842746604380007	13
-0.0260433831629301	1.02744670511549	449
0.0637820113037599	0.576275963644178	13
0.0623431977133699	0.575344807364201	47
0.06205222453913	0.576575770191727	36
0.0687623835620801	0.579389020639623	28
0.05049626775315	1.66060294380612	1967
-0.0288741182711301	1.02444802740584	2703
-0.0192438689004599	0.849917599567846	2703
-0.0309377258813	1.19412582567644	827
-0.0265157486188501	1.02648575240811	2913
-0.03961324478833	1.00906260760459	2913
0.0673239464909801	0.577596717444378	2913
-0.04412349051593	1.31544303177207	2913
-0.0381973001709901	1.17864446927823	543
-0.03268258417536	1.01945513212738	543
0.0015766669606001	0.689788385908174	816
-0.03601722785134	1.3322629544819	816
0.0655456320514201	0.577850509647929	543
0.06497186902393	0.578443560062359	543
0.0053602613747501	0.69181356761285	543
0.00293242809066996	0.690747702125752	557
-0.11749298075505	1.28315603911887	25
0.00182762709119011	0.690977558044493	247
0.0103595415191	0.696159140742934	13
-0.0203202227484101	0.8475433058154	752
0.0646800402191901	0.577244755259019	13
0.06069635629646	0.575154297721853	25
0.00770732772680005	0.693960311466429	2661
-0.00110196372153992	0.687849919556878	28
-0.00135378827224009	0.68680319900825	2973
-0.0250878945114801	1.34702714072596	44
-0.02434325861227	0.843927772407406	44
0.00639676878278994	0.694338750578675	2703
0.06641060189182	0.578095540716024	2703
-0.0310788172638099	1.02274207264827	543
0.0569167499116701	0.572884622733256	543
0.00907564491784996	0.694063919515537	816
0.000267110137720072	0.689273684954674	349
0.0611873140018699	0.576162678907346	340
0.0637820113037599	0.576275963644178	543
0.06069635629646	0.575154297721853	461
0.05720354168202	0.572959867621651	28
-0.00344942816176008	0.685422431915486	681
0.060612918568	0.574810701056327	681
0.060612918568	0.574810701056327	102
0.00110695783841996	0.688764264593948	44
0.12263236673022	1.05710853341237	1967
-0.0248145492773899	0.844831390413282	349
0.01965064697798	0.698242889804444	25
0.0676057200529201	0.577246124018883	25
0.00932812295723995	0.695796600619346	25
0.0039762096757201	0.691529582110652	247
-0.0386060367598999	1.58079054685962	25
0.0563414332457799	0.572549276189887	13
0.12469729264901	1.05953797009636	33
-0.0483103311191	2.47524364453871	23
-0.0908815872420501	2.40099363954846	23
-0.10327483501507	1.73636855619549	44
0.0513565053201299	1.51869834158427	44
-0.1011121500101	2.10450351303757	2703
0.00614341202314006	0.692818894948525	543
0.0641062582252101	0.57783656828618	816
-0.02492208119964	1.02935019835207	543
-0.03635914535483	1.18367256874181	349
-0.0273876333855001	0.840062381346127	219
0.0611873140018699	0.576162678907346	13
-0.00188366104490001	0.687285853301533	752
-0.12160722264993	1.28015469772563	1799
0.06205222453913	0.576575770191727	2782
-0.02560848540561	0.844177725594026	33
0.0643979077286201	0.577085966346076	33
0.0684710951174199	0.578360020930028	102
-0.0411544503252099	1.00801059559845	2913
-0.0271311641291301	0.837250902177791	827
-0.05331408810447	1.88229765452879	543
0.0122564278441499	0.696475552291052	543
0.06176150416243	0.575573951673107	543
-0.02764000128922	0.841611880836867	395
0.0021477801918599	0.690181006466159	349
-0.03637623242489	1.33019484637123	25
-0.02638634591753	0.843284064989319	25
-0.0323120799845	1.02018700229282	25
0.12471448277166	1.05819041037015	13
0.05720354168202	0.572959867621651	13
0.0603221792564701	0.575449353150941	366
-0.0325937523342399	1.01826883240733	2703
-0.03107488395489	0.833840854193214	827
0.0735171305350899	1.39553002435319	543
-0.10072384032338	1.73655277000104	543
0.00399247684920989	0.690394720161163	543
-0.0394680812744601	1.17647131443553	247
-0.0239803263790299	1.02887373448633	25
0.0615575788057401	0.575397722991523	1473
0.06497186902393	0.578443560062359	47
0.06012134843669	0.574818428531195	431
0.06176150416243	0.575573951673107	492
0.04234022798916	1.78258959907321	44
-0.12198019321532	1.27907706958048	543
-0.03899501587427	1.32483692145403	543
0.06885381920232	1.38952912167214	247
0.00338491240400995	0.691555507421072	433
0.0021477801918599	0.690181006466159	433
0.0614779765006099	0.575223127248405	2597
0.06205222453913	0.576575770191727	222
0.0635322778785099	0.576480757103141	33
0.06069635629646	0.575154297721853	681
0.06291742676874	0.576696640316621	31
-0.08058088838815	2.1696415572665	2703
-0.0390487343072099	1.01128621252243	2703
0.0015766669606001	0.689788385908174	2596
-0.03373581658541	1.01838826656207	25
0.00477585205490994	0.690733785453618	25
0.06324002887349	0.576609113923133	433
0.00235627602433008	0.690487755919548	433
0.06324002887349	0.576609113923133	333
0.0643979077286201	0.577085966346076	333
0.06205222453913	0.576575770191727	10
0.0693358401298201	0.578796394975642	33
-0.02240306986885	0.846475145188653	33
0.1168679149909	1.04786994405688	23
0.00508480701770009	0.693178123428776	1967
0.0693358401298201	0.578796394975642	2703
0.00692576864066008	0.693521170574345	2703
0.0034625113848501	0.691203628034591	543
-0.12405277820847	2.01612753629877	543
-0.04241673394212	1.31976970980915	557
-0.00566952224413009	0.682805277876563	25
0.0673239464909801	0.577596717444378	1799
0.0687623835620801	0.579389020639623	28
-0.0239364981826899	0.845377008358032	33
-0.01799349561762	0.850826688821256	31
-0.0469646394979	2.10337627696346	23
0.0637820113037599	0.576275963644178	1967
0.00958016502306003	0.695917467871454	2703
-0.0256462163081099	1.02842274024167	2703
-0.0221859140365499	0.84607433395072	543
0.06089635736011	0.57486221118602	543
0.0714026860101	0.577930364912159	543
-0.0519445102403899	1.77566049466813	543
0.0577788389210201	0.573295283481806	543
0.0569167499116701	0.572884622733256	194
0.0569167499116701	0.572884622733256	25
0.06176150416243	0.575573951673107	25
0.00664969996917009	0.694322095482239	1799
-0.0216258510894201	0.847367504278335	10
0.00320831641663011	0.689829279676215	33
0.00430116810844994	0.692170239986747	1967
0.0646800402191901	0.577244755259019	2703
0.00692576864066008	0.693521170574345	2703
0.0643979077286201	0.577085966346076	2703
0.0646800402191901	0.577244755259019	543
0.0611873140018699	0.576162678907346	2250
-0.01721819220653	0.851290049953217	25
0.12425402639587	1.05809511809013	28
0.00391306652033996	0.691065305054693	33
0.0872170380516999	1.41528551441228	2703
-0.0353175123243401	1.46459827993424	2703
0.00770732772680005	0.693960311466429	2703
0.0138116868723701	0.697641490680618	1967
0.0410776105728701	1.64517625049408	827
0.0615575788057401	0.575397722991523	2703
0.00293242809066996	0.690747702125752	2703
0.00801897563274001	0.694425653582333	543
0.05461534937901	0.570549366404683	543
0.060612918568	0.574810701056327	543
0.0577788389210201	0.573295283481806	543
0.06069635629646	0.575154297721853	2250
0.0684710951174199	0.578360020930028	543
0.0611873140018699	0.576162678907346	543
0.0611873140018699	0.576162678907346	543
0.0000452099830299257	0.686655804077838	25
0.06291742676874	0.576696640316621	25
0.0641062582252101	0.57783656828618	702
0.0635322778785099	0.576480757103141	25
-0.10904076595064	1.62350054369688	25
0.0643979077286201	0.577085966346076	1799
0.0644809332360901	0.576099294885397	1473
0.0687623835620801	0.579389020639623	10
0.00104777080569995	0.690276905484279	10
0.0594564119373	0.574146809919677	10
0.06291742676874	0.576696640316621	33
0.06069635629646	0.575154297721853	33
-0.0231275674860201	0.846482301453177	33
0.06205222453913	0.576575770191727	681
0.11940670030733	1.05140033226894	2808
0.0670322258031899	0.5778351002051	543
0.12345014890616	1.05653700495127	543
0.00110695783841996	0.688764264593948	194
0.00424613030137011	0.691543070982657	25
0.00351673890245996	0.690531410020346	702
0.0603221792564701	0.575449353150941	433
0.0603221792564701	0.575449353150941	28
0.00879997521194009	0.695340728531382	28
0.0563414332457799	0.572549276189887	33
0.0711657406209001	1.39371036994081	44
-0.0252859310370499	0.844330995209208	2703
-0.0330933124150901	1.33606055320942	2703
0.06176150416243	0.575573951673107	2703
-0.02527164880416	0.842174246105442	2703
0.06176150416243	0.575573951673107	543
0.0615575788057401	0.575397722991523	543
0.00639676878278994	0.694338750578675	543
0.00104777080569995	0.690276905484279	816
-0.03801607127329	1.18220519749387	543
0.0603221792564701	0.575449353150941	543
0.0623431977133699	0.575344807364201	543
0.06205222453913	0.576575770191727	25
0.00639676878278994	0.694338750578675	557
-0.000321061867180061	0.688187970617562	212
0.06205222453913	0.576575770191727	25
0.0611873140018699	0.576162678907346	1205
0.00424613030137011	0.691543070982657	1205
0.0614779765006099	0.575223127248405	80
0.06641060189182	0.578095540716024	222
0.06205222453913	0.576575770191727	33
0.00958016502306003	0.695917467871454	33
0.06205222453913	0.576575770191727	102
-0.08681000843426	2.41885279386754	23
-0.0361825555558699	1.1857516150108	23
0.06497186902393	0.578443560062359	1967
0.0673239464909801	0.577596717444378	2703
0.0658368577022399	0.578688566094146	2808
0.1093431292599	1.96722478238385	2703
0.0696405617812701	1.38838787033463	543
0.0598344987371999	0.574552074754926	816
0.06497186902393	0.578443560062359	543
0.00104777080569995	0.690276905484279	543
-0.000598044326479919	0.686471726907007	543
0.0615575788057401	0.575397722991523	543
0.0551907052804701	0.570883719304841	543
0.05974779582566	0.574099743860578	25
0.0687623835620801	0.579389020639623	194
0.0643979077286201	0.577085966346076	25
0.0658368577022399	0.578688566094146	2295
0.06262627398235	0.575986404326764	222
0.06089635736011	0.57486221118602	10
0.0635322778785099	0.576480757103141	33
-0.000514351395439983	0.687642392313981	33
-0.10294796004116	1.53148015330371	23
-0.0236873067119101	1.20108857568043	23
-0.0249694509865399	0.842789606194151	44
0.0106358549961301	0.695552144813358	1967
0.0034625113848501	0.691203628034591	2703
0.00827171168379004	0.693669391229875	2703
0.09263667865515	1.23381250346384	2703
0.0646800402191901	0.577244755259019	2703
-0.0362964642304	1.58380905578132	2703
0.00293242809066996	0.690747702125752	194
-0.0341724398557499	1.01778620114782	194
0.00561416805771997	0.693634697863814	25
0.08146049143318	1.21538663489064	25
0.0646800402191901	0.577244755259019	218
0.06291742676874	0.576696640316621	10
0.0053602613747501	0.69181356761285	102
0.12217242219931	1.05393988772825	2703
0.00377144538832996	0.690505163253777	2703
0.06435602307781	0.575689391195341	2703
-0.0249694509865399	0.842789606194151	543
-0.0248145492773899	0.844831390413282	543
0.06089635736011	0.57486221118602	543
0.0681887291410099	0.57803285948981	543
-0.0216258510894201	0.847367504278335	340
0.00664969996917009	0.694322095482239	25
0.06262627398235	0.575986404326764	602
-0.0045493524267799	0.682972950199714	538
-0.01213437299847	0.854663345536517	33
0.0643979077286201	0.577085966346076	4
0.0636199618746001	0.575665599041282	2703
-0.0233738905088201	1.35040653099011	2703
-0.03094699865936	1.33951436538433	2703
0.00430116810844994	0.692170239986747	543
0.06349145731342	0.576107730106197	702
0.00690150749267993	0.691662997096715	25
0.0672749461620601	0.577766096078519	336
0.06176150416243	0.575573951673107	10
0.00235627602433008	0.690487755919548	538
0.0611873140018699	0.576162678907346	33
0.00320831641663011	0.689829279676215	33
0.0655456320514201	0.577850509647929	102
-0.02730969356964	1.02640389049445	543
-0.03857816138002	1.32522834051644	543
-0.02920824134513	1.1929498283879	212
-0.0221016225355	0.847224192673576	47
0.06089635736011	0.57486221118602	222
0.06324002887349	0.576609113923133	28
0.0560540375112599	0.572176134773053	2611
0.09032257935417	1.230260107927	2703
-0.04410221247038	1.68689391415616	2703
0.07698665577263	2.0224810563209	543
0.060612918568	0.574810701056327	194
-0.11158864537217	1.51369460892665	25
-0.03864977959734	1.01102232988244	47
0.12471448277166	1.05819041037015	80
0.0592594715086701	0.574216413367679	222
0.0670322258031899	0.5778351002051	222
0.00639676878278994	0.694338750578675	366
0.00561416805771997	0.693634697863814	431
0.0681887291410099	0.57803285948981	189
0.0701999514768401	0.578591223119105	340
-0.12020430629051	1.28245059031837	194
-0.0391255662393399	1.45937380824505	25
0.0623431977133699	0.575344807364201	25
-0.0255735155550401	0.840066809584573	25
0.0673239464909801	0.577596717444378	47
-0.0237141504041001	0.843467255470174	47
0.00932812295723995	0.695796600619346	602
-0.0144115392305699	0.852820621692688	336
0.06291742676874	0.576696640316621	336
0.0658368577022399	0.578688566094146	10
0.0611873140018699	0.576162678907346	538
0.0643979077286201	0.577085966346076	33
-0.1120330626935	1.40548507638307	2703
0.0991937653047601	1.94304330855642	2703
-0.0261591481747401	1.0264068297926	543
-0.03211896867814	1.33489976319214	194
0.0876877149159101	1.22482294945968	194
0.0959958672619801	1.24056018990711	25
0.00240222692252989	0.689086956927602	25
0.00932812295723995	0.695796600619346	25
0.12182535917109	1.05619026747191	25
-0.0221016225355	0.847224192673576	13
-0.03427216415593	1.33178988419003	1139
-0.03311647056284	1.01888154378456	1139
0.0908082453646899	1.23179313713255	1139
-0.02335523777402	0.84543378068884	47
0.00424613030137011	0.691543070982657	47
0.12343239375013	1.05750178871213	47
0.00795957449314	0.694919046007188	222
0.06291742676874	0.576696640316621	1072
0.06291742676874	0.576696640316621	336
0.0103595415191	0.696159140742934	336
0.05102895830563	1.79547206638124	2703
-0.03300116325666	1.0208400080725	2703
-0.1100447916244	1.41259494976492	543
0.00605875448629001	0.692521730141183	543
-0.02335523777402	0.84543378068884	543
-0.02952203065325	1.19583610997306	25
-0.0368798461470501	1.33216057011311	25
-0.0320321677900699	1.01783786368509	25
0.06291742676874	0.576696640316621	25
-0.04079547865494	1.45443340837569	25
0.07169402701746	0.57946276405746	25
-0.03124064450996	1.02097278099489	1139
0.0016173348597599	0.688521459133206	47
0.0684710951174199	0.578360020930028	47
0.0673239464909801	0.577596717444378	222
0.06641060189182	0.578095540716024	36
0.060612918568	0.574810701056327	366
0.0520564219683599	0.568835833916539	1072
0.0173174799497799	1.85480128523216	1967
-0.02730969356964	1.02640389049445	2703
-0.01941774765968	0.847665527115003	2703
0.0293854529887601	1.75651313563792	2703
-0.0328052137416299	1.18956375899618	543
-0.03262852388579	1.33939446875068	543
-0.1241158670421	1.15306429765106	25
-0.03623801902579	1.0168556664	194
-0.0236567208437399	0.845162682271321	25
-0.02691321243886	1.02698353817723	25
0.0641062582252101	0.57783656828618	52
0.0646800402191901	0.577244755259019	47
-0.01954451230501	0.848987615586173	80
0.00586765213810003	0.693882064620264	80
0.0021477801918599	0.690181006466159	47
0.0106358549961301	0.695552144813358	2710
0.0658368577022399	0.578688566094146	2710
0.06291742676874	0.576696640316621	222
0.0603221792564701	0.575449353150941	222
0.05720354168202	0.572959867621651	36
0.06291742676874	0.576696640316621	366
0.06497186902393	0.578443560062359	336
-0.10775076090943	1.41416477054035	2703
-0.0215085080158	0.847785511360695	2703
-0.02197890509317	0.845927550070231	838
0.0920299266439399	1.23249658749234	999
0.11734275238146	1.04881153725456	543
0.05974779582566	0.574099743860578	543
-0.03049764400194	1.02190019704782	543
0.0611873140018699	0.576162678907346	25
0.06349145731342	0.576107730106197	25
0.00932812295723995	0.695796600619346	25
-0.0189238763622399	0.847428167285121	212
-0.03571582205139	1.01396376914699	25
-0.02643685526982	0.839676445592563	25
0.0549723277652701	0.570494376515154	52
0.00391306652033996	0.691065305054693	47
-0.0221016225355	0.847224192673576	80
0.06390623522406	0.575763852388588	222
0.0611873140018699	0.576162678907346	366
-0.0335528149514599	1.33460818071302	2703
-0.0390555383134701	1.17747583149222	1967
0.0466198320231901	1.65587151379163	2703
-0.0411826358159999	1.17335383137491	2703
-0.0197188889134201	0.849018090222835	2703
0.0920299266439399	1.23249658749234	2703
-0.10076039026116	1.53480843665051	2703
0.0592594715086701	0.574216413367679	543
-0.0341724398557499	1.01778620114782	999
0.09696636143537	1.24054677090736	543
0.0034625113848501	0.691203628034591	543
0.00240222692252989	0.689086956927602	25
0.0611873140018699	0.576162678907346	25
0.05974779582566	0.574099743860578	25
-0.02811575900478	0.839763471275086	25
0.060612918568	0.574810701056327	52
0.06205222453913	0.576575770191727	47
0.00639676878278994	0.694338750578675	80
0.06390623522406	0.575763852388588	10
-0.00110196372153992	0.687849919556878	10
0.0577788389210201	0.573295283481806	33
0.0658368577022399	0.578688566094146	1967
0.000576143278439911	0.688308974423275	2703
0.07249047268053	1.39606002726705	2703
-0.0292512974493999	1.19471726541812	999
0.10340594170478	1.2476630130635	543
-0.0221016225355	0.847224192673576	543
0.00664969996917009	0.694322095482239	543
0.0399471445523301	1.63998385225903	25
-0.0200717921847799	0.848361585992025	25
-0.0259229369696301	0.83980008668396	25
0.12297776295943	1.05471668687245	25
0.07719228229972	1.40022456257101	25
0.0687623835620801	0.579389020639623	25
-0.0270049495987601	0.840146814489466	212
0.09373602707003	1.23623726881307	25
-0.0296668820974999	1.0232126458001	52
0.07665351826151	1.20383347022483	25
0.00147853562226996	0.688305735419213	52
0.00424613030137011	0.691543070982657	80
0.0586403009672001	0.57341570515588	80
0.0641062582252101	0.57783656828618	3199
0.060612918568	0.574810701056327	4
0.0627583472834601	0.574558056795105	1223
-0.02346534425963	0.845877160255437	2703
-0.0215085080158	0.847785511360695	202
-0.0370869480955101	1.18460995981187	543
0.0684710951174199	0.578360020930028	543
-0.02893770740604	0.838508808285297	543
-0.0398436484639899	1.00785290276238	25
0.00827171168379004	0.693669391229875	25
0.00508480701770009	0.693178123428776	25
-0.02622549241784	0.841135468705538	194
-0.0335199769277701	0.832209386453814	25
-0.03663649754584	1.01585626246522	25
-0.0024136509886199	0.68598507205861	80
-0.0228791096204799	0.846331341436971	80
0.06291742676874	0.576696640316621	80
0.01010806773565	0.696373336398546	36
0.00045904102374994	0.688250976185621	366
0.06349145731342	0.576107730106197	336
0.0693358401298201	0.578796394975642	448
0.0652629153297899	0.577331121752138	448
0.0655456320514201	0.577850509647929	33
0.06381382996212	0.576020696597725	102
-0.11653971460981	1.28892458675086	1967
0.0760096464342299	1.40150018450731	2703
-0.03164393485549	1.18757678417163	2703
0.09544504964436	1.23850078406182	2703
0.01250753936361	0.696808660965334	543
0.0752046883081401	0.578170614616858	340
-0.03180570826151	1.02010423952865	25
0.00475418153282003	0.692440407310782	52
-0.0355033741586199	1.01422931795301	25
-0.0353207702799701	1.014115975447	13
0.0708294996284899	0.578518011832582	47
-0.0274665856677601	0.839705991527618	80
-0.02560848540561	0.844177725594026	47
0.0693358401298201	0.578796394975642	80
-0.02730701785816	0.839794057772938	36
0.00770732772680005	0.693960311466429	222
0.0711206618269999	0.578111216460049	222
0.00664969996917009	0.694322095482239	3199
-0.0187689361233101	0.850059205901264	336
-0.0271778636314199	1.60268373787294	405
0.06058727107906	1.68083845821997	2703
-0.0304803125367299	1.19410657103466	2703
0.0658368577022399	0.578688566094146	340
0.06205222453913	0.576575770191727	543
-0.0290672287115901	0.838261774182254	340
0.00293242809066996	0.690747702125752	25
0.0336690609400101	1.75770607154867	25
-0.0261330802250599	0.840508714861623	25
-0.01542012737542	0.850862740330772	25
0.0641062582252101	0.57783656828618	212
-0.02794243971871	0.840595401316405	25
0.0603221792564701	0.575449353150941	52
0.00776580727452991	0.693312854527834	13
0.00717857209743	0.694778656366304	47
0.0905021835163	1.23018235279817	80
0.06349145731342	0.576107730106197	80
0.0646800402191901	0.577244755259019	80
0.05720354168202	0.572959867621651	80
0.06262627398235	0.575986404326764	80
0.0050037967721599	0.691704308048797	80
0.0627583472834601	0.574558056795105	36
0.0655456320514201	0.577850509647929	366
0.0658368577022399	0.578688566094146	366
0.0643979077286201	0.577085966346076	448
0.0550365506584101	2.45751825331119	2703
-0.10417332561727	1.5275438788747	2703
0.00293242809066996	0.690747702125752	2703
-0.02730969356964	1.02640389049445	2703
-0.114827422502	1.40395110312512	543
-0.02651617770861	1.19653545646005	999
0.10614717798861	1.95977652233649	543
-0.03965507056372	1.58112370613278	25
0.07447908145616	1.39790625094217	25
-0.0296148090136801	1.4744427985557	25
-0.0297065522759601	1.02375143570491	212
-0.0216258510894201	0.847367504278335	25
0.01278348975874	0.695656285483823	25
0.09263667865515	1.23381250346384	25
0.00182762709119011	0.690977558044493	52
-0.0273817229359601	1.4786667476551	25
0.0692854413755299	1.38671970356447	25
-0.0333817214197401	1.0157799448263	80
0.0868350404553	1.2235591911535	80
0.06205222453913	0.576575770191727	366
0.0627583472834601	0.574558056795105	327
0.0632078011036901	0.574927820339808	4
0.03656009548679	1.63287421266971	405
0.0361656297358699	1.8961594744304	2703
0.10073515914235	1.94897224680131	2703
0.0580650230272699	0.573080429177984	543
-0.0360256735584701	1.33031211263937	543
0.00795957449314	0.694919046007188	25
-0.0262294977580699	1.345548173948	194
0.11400230191903	1.04180891223844	25
-0.0224645823909999	1.03128152578099	212
-0.0259110350317699	0.842387346908396	25
0.00845276077678991	0.693913643295033	80
0.00553133286710006	0.693014411465741	80
-0.0274665856677601	0.839705991527618	80
0.00449936546613006	0.691150728040127	80
-0.00104385831869003	0.686342797206761	36
0.06262627398235	0.575986404326764	327
0.0569167499116701	0.572884622733256	448
0.09123353535774	1.22999588904559	2703
-0.0323548552173101	1.18972911944146	2703
0.06291742676874	0.576696640316621	2703
-0.0337885099528099	1.33174172466204	2703
-0.0329047010876999	1.01952518355885	2703
0.06241816264665	0.575069672184954	2703
-0.03673510238474	1.17897112708999	962
0.08641049789528	1.22268786064427	543
0.0643979077286201	0.577085966346076	543
0.0594564119373	0.574146809919677	340
0.10529568814534	1.95952191478559	543
-0.11261770725912	1.29204057849606	25
0.0053602613747501	0.69181356761285	212
0.06262627398235	0.575986404326764	80
0.0646800402191901	0.577244755259019	80
0.0678976197735399	0.578952002833974	80
0.00293242809066996	0.690747702125752	80
0.05547870129105	0.571841073068374	1072
0.0569167499116701	0.572884622733256	1072
-0.03864977959734	1.01102232988244	2703
-0.0330867567826301	1.01722197394352	1172
0.12423855520674	1.05895937534147	543
0.00242337421849004	0.689036040188378	543
0.0369331812740701	1.77190682257569	543
0.0569167499116701	0.572884622733256	25
0.12101874559855	1.05496844004333	25
-0.03830332571396	1.0126827631051	25
-0.00110196372153992	0.687849919556878	212
0.0646800402191901	0.577244755259019	212
0.06497186902393	0.578443560062359	25
0.0641062582252101	0.57783656828618	80
0.0655456320514201	0.577850509647929	80
-0.02574852595563	0.84202843921497	36
0.05720354168202	0.572959867621651	3199
0.0658368577022399	0.578688566094146	602
0.00104777080569995	0.690276905484279	1340
0.0050037967721599	0.691704308048797	492
0.00470280704164994	2.05868898931604	2703
-0.0330521940267301	1.59212933401726	2703
0.0748193133742401	1.39489654588489	2703
-0.0315984299584899	1.19043749739829	2703
0.0726068541476901	1.39506820378002	2703
-0.12041989764915	1.49425447281882	543
-0.02560848540561	0.844177725594026	1172
0.11640695235851	1.04550432413313	543
0.00424613030137011	0.691543070982657	543
-0.0213242609706901	0.847859591846366	543
0.0380836254180601	1.63668723389556	543
0.06612729710276	0.577002863033466	25
0.12055893681133	1.05438992870057	212
0.09373602707003	1.23623726881307	212
-0.0184681593100999	0.850685538190188	80
0.06349145731342	0.576107730106197	80
-0.12493967233468	1.27283649820141	47
-0.0414648278669001	1.17632199177633	366
0.06089635736011	0.57486221118602	211
0.00932812295723995	0.695796600619346	405
0.0701237689424301	1.38856082148407	2703
0.05583042043747	0.571090947323263	2703
0.12309152968278	1.05580392659013	2703
-0.0436761265118999	1.00159559793158	2703
0.0317005851583301	1.7591117175786	543
-0.03954819589347	1.01085704293332	543
-0.0409367363234701	1.69505922418109	543
0.00267810736268004	0.690636942339763	543
0.0684710951174199	0.578360020930028	543
0.00475418153282003	0.692440407310782	25
0.06089635736011	0.57486221118602	25
0.06497186902393	0.578443560062359	25
0.00854736828993996	0.694881226930905	212
-0.11809919446092	1.39450767606012	212
0.00424613030137011	0.691543070982657	25
0.12228985346067	1.05139543770596	52
0.05547870129105	0.571841073068374	52
0.0644809332360901	0.576099294885397	80
0.000796253389989898	0.688787241678732	36
0.06205222453913	0.576575770191727	3199
0.05974779582566	0.574099743860578	366
0.0655456320514201	0.577850509647929	2036
0.0655456320514201	0.577850509647929	543
0.06205222453913	0.576575770191727	543
0.0655456320514201	0.577850509647929	543
-0.10067708152428	1.53253653012113	543
0.06205222453913	0.576575770191727	25
-0.03522334540353	1.32652476507409	25
-0.02894677378634	0.839247111317597	212
0.0684710951174199	0.578360020930028	212
0.0641062582252101	0.57783656828618	25
0.0021477801918599	0.690181006466159	52
-0.0313696026722201	1.02143262503954	36
0.00104777080569995	0.690276905484279	3199
0.06291742676874	0.576696640316621	399
0.0655456320514201	0.577850509647929	399
0.0611526324832701	1.37296260623779	2703
-0.0383881319670301	1.0091236520843	2703
-0.0317656759081499	1.02241474474924	2703
-0.11602103611898	1.40110418413718	543
0.1013828855194	1.94794215789649	543
0.0901917139392301	1.23240785717775	25
0.0673239464909801	0.577596717444378	80
0.12090615842183	1.05179708294221	80
-0.02841838157869	0.840092250200949	36
-0.026861744099	0.842780078427935	366
-0.00221632711864994	0.686274477228262	366
0.05974779582566	0.574099743860578	2703
0.0693358401298201	0.578796394975642	2703
0.0664585335295	0.576484309411764	962
0.0670322258031899	0.5778351002051	25
0.04976996693085	1.51765798014997	25
0.0526163501039201	1.66660521380474	25
-0.11568021205151	1.28460602124684	25
-0.12358352184377	1.27665468604585	212
0.05697301106352	1.52893942556876	25
0.0050037967721599	0.691704308048797	80
0.00561416805771997	0.693634697863814	80
0.0103595415191	0.696159140742934	36
0.01010806773565	0.696373336398546	3199
0.06205222453913	0.576575770191727	211
0.06641060189182	0.578095540716024	205
-0.03723464539071	1.18139647062341	405
0.0552499624693801	1.52376318464064	2703
0.0791583836715399	1.40032063501416	2703
0.06176150416243	0.575573951673107	2703
-0.03704621784044	1.18425756508729	202
-0.0270049495987601	0.840146814489466	543
-0.10968501199989	1.41037937455939	543
0.05974779582566	0.574099743860578	543
0.00561416805771997	0.693634697863814	340
-0.02054702631205	0.848219007755662	340
-0.0335528149514599	1.33460818071302	25
-0.10512798701568	1.52437077987518	25
-0.03809634449309	1.18008069134087	25
-0.0231804130222399	0.845307064723599	80
-0.02894677378634	0.839247111317597	80
0.0687623835620801	0.579389020639623	80
-0.0221016225355	0.847224192673576	80
0.06497186902393	0.578443560062359	80
0.060612918568	0.574810701056327	366
0.0655456320514201	0.577850509647929	602
0.0589258736977201	0.572664523314965	1340
0.06349145731342	0.576107730106197	399
0.06497186902393	0.578443560062359	405
-0.0187689361233101	0.850059205901264	543
-0.03156113824319	1.59299556137573	962
0.08556122541414	1.22158877182413	25
-0.02760875309361	0.83836016628605	25
-0.0458519494284599	1.16735330693368	25
0.00879997521194009	0.695340728531382	212
0.060612918568	0.574810701056327	25
0.0646800402191901	0.577244755259019	80
0.00639676878278994	0.694338750578675	80
0.0580650230272699	0.573080429177984	80
0.0021477801918599	0.690181006466159	36
0.0929104922094299	1.23370304756596	36
0.0609825901857599	0.575061904640739	3199
0.0000150388298401083	0.687159668056838	399
0.0678976197735399	0.578952002833974	399
0.0563414332457799	0.572549276189887	2703
0.0797847920752299	1.40582143888046	202
0.12426231284578	1.85732454226356	543
-0.02278891735914	0.845427397951457	543
0.0130344704231	0.697263181278941	644
-0.12308392205606	1.38726689194602	25
0.09909631028198	1.2400262642041	25
0.0965020527134599	2.07474561910619	25
0.00664969996917009	0.694322095482239	25
0.00827171168379004	0.693669391229875	212
0.00508480701770009	0.693178123428776	25
0.07169402701746	0.57946276405746	80
-0.02008976982504	1.03368465310965	36
0.06262627398235	0.575986404326764	3199
0.0611873140018699	0.576162678907346	399
0.06497186902393	0.578443560062359	399
-0.02355815991679	1.20081638602136	2703
0.05547870129105	0.571841073068374	1066
0.06266602934731	0.575258394733933	2703
0.0819682764234799	1.40694210561773	202
0.04080926974108	1.64598651144491	543
-0.0354627240259	1.18325848386959	543
0.00267810736268004	0.690636942339763	543
0.12263236673022	1.05710853341237	543
0.06641060189182	0.578095540716024	543
0.0950157473862501	1.23728734428266	1311
0.0919083895274	1.23468678154517	25
0.0592594715086701	0.574216413367679	25
-0.0433421804318299	1.5713892874729	25
0.06266602934731	0.575258394733933	25
0.00561416805771997	0.693634697863814	52
-0.0236567208437399	0.845162682271321	52
-0.00299318838445006	0.685580419011622	80
0.06089635736011	0.57486221118602	80
-0.00319638715160009	0.685195352755621	3199
0.00664969996917009	0.694322095482239	36
0.0914750049272699	1.23495093842013	366
0.000704429320500077	0.687736938817916	366
0.05902498934571	1.53458424434348	405
-0.0333410946442601	1.01892296828758	2703
0.000951501576939906	0.687942290330783	2703
-0.0155551825226099	0.852857189730334	2703
0.00318633412263991	0.68942663980602	1066
0.12263236673022	1.05710853341237	134
0.00129886233226006	0.689668705776789	340
0.01328500148018	0.697187150392228	212
0.00639676878278994	0.694338750578675	212
0.0658368577022399	0.578688566094146	25
0.1210213269449	1.05337414492035	25
-0.02575740391739	0.842479419857633	278
0.0614779765006099	0.575223127248405	80
0.00351673890245996	0.690531410020346	80
-0.00188366104490001	0.687285853301533	80
0.00639676878278994	0.694338750578675	80
0.0034625113848501	0.691203628034591	616
0.0635322778785099	0.576480757103141	492
0.01010806773565	0.696373336398546	543
-0.000665063851049919	0.686848465722988	543
-0.0387373902761099	1.45778955951714	543
-0.0392356439630801	1.45843113252268	25
-0.0187689361233101	0.850059205901264	278
-0.0197188889134201	0.849018090222835	80
0.0916041067266999	1.22895488162501	80
0.00260667546849991	0.691415486937782	80
0.06497186902393	0.578443560062359	3199
0.00293242809066996	0.690747702125752	36
0.06304524468309	0.575330243550069	366
0.0681887291410099	0.57803285948981	399
0.0655456320514201	0.577850509647929	260
-0.0329453888870499	1.01846245796015	134
-0.10642186699211	1.62483065883114	543
-0.11137692196888	1.40669577017414	543
0.0636199618746001	0.575665599041282	543
-0.02610240926659	0.841207997418867	543
0.06176150416243	0.575573951673107	340
-0.0477601698027199	0.990047353966424	16
-0.0308095604154801	0.836753168213695	212
0.12388476117991	1.85413469059578	212
0.0600305781509101	0.573563297385593	25
0.07169402701746	0.57946276405746	278
-0.02575776593549	1.0287679395182	278
-0.0370542079517999	1.00985374494341	52
-0.02927099187253	1.0243542367407	80
0.06205222453913	0.576575770191727	80
-0.02622549241784	0.841135468705538	80
0.06262627398235	0.575986404326764	80
-0.0257654340781399	1.02575220188858	80
-0.0216258510894201	0.847367504278335	80
-0.0192438689004599	0.849917599567846	36
0.11894299702314	1.0508192387319	602
0.0872622307622599	1.22424020798112	399
0.0658368577022399	0.578688566094146	21
0.0614779765006099	0.575223127248405	260
0.0635322778785099	0.576480757103141	41
0.06176150416243	0.575573951673107	2703
0.10512082322738	1.24943025102708	2703
0.0569167499116701	0.572884622733256	134
0.0919002429350999	1.23505024107777	134
0.0643979077286201	0.577085966346076	543
-0.0293748117239701	1.02510528535836	340
0.0900756437280501	1.22958575571376	25
-0.11210809800711	1.50776408069759	25
-0.0328052137416299	1.18956375899618	212
0.06205222453913	0.576575770191727	212
0.060612918568	0.574810701056327	25
0.00267810736268004	0.690636942339763	52
0.0623431977133699	0.575344807364201	1330
-0.0213242609706901	0.847859591846366	80
-0.02240306986885	0.846475145188653	80
0.00743094700247005	0.694462877643055	36
0.00639676878278994	0.694338750578675	3199
0.06497186902393	0.578443560062359	3199
0.00932812295723995	0.695796600619346	36
0.05888204034268	0.572802709197407	399
0.0658368577022399	0.578688566094146	399
0.06205222453913	0.576575770191727	327
-0.10823996241358	1.90953736101716	543
-0.1167416494624	1.28587401417947	543
0.06291742676874	0.576696640316621	543
-0.0244077428428999	0.843524037212776	543
-0.04512925426683	1.56469949468238	340
0.0757479159077501	1.39935626638504	16
-0.0407300692163	1.32401859854336	25
-0.11202791153013	1.4092614587235	25
0.0865259374768299	1.22657673770462	25
-0.0320069179231799	1.18760252118615	25
-0.02001971393119	0.848845456280035	212
-0.02527164880416	0.842174246105442	366
0.0611873140018699	0.576162678907346	399
0.0034625113848501	0.691203628034591	399
0.12228985346067	1.05139543770596	399
0.00455532885968002	0.691509463795607	399
-0.0354028350903599	1.01772883728461	543
0.00338491240400995	0.691555507421072	16
0.00854736828993996	0.694881226930905	16
-0.0327422473165599	1.70967738080125	25
-0.04411839803721	1.56515205653012	212
-0.03891903974711	1.1820245943013	25
-0.03503233344284	1.46754471241103	80
-0.02063919302447	0.846683260948089	80
0.0672749461620601	0.577766096078519	80
0.0837878415522999	1.21682505182041	36
-0.0400899566603099	1.17512542039819	36
-0.0353207702799701	1.014115975447	602
0.00932812295723995	0.695796600619346	3199
0.0641062582252101	0.57783656828618	36
0.06304524468309	0.575330243550069	4
-0.0425674484896801	1.69060255258332	1066
-0.10352724728345	1.73365308184069	2703
-0.0301394443537499	1.33903611260728	2703
0.09739146451674	1.24123127154654	134
0.0418227289167901	1.78236371877979	543
-0.11742043136266	1.50227186350451	543
-0.0313696026722201	1.02143262503954	543
0.0894594955695001	2.05448856521097	543
-0.12083461273578	1.49013722637792	543
0.0643979077286201	0.577085966346076	543
-0.0440750836967601	1.44554386541489	16
-0.11045792051848	1.62023080948413	1311
0.09259697311984	2.06552203010923	212
-0.03010258916354	1.02334871044397	25
-0.0190693981474099	0.847847267904455	80
-0.02413311732103	0.844266334309948	1480
0.00664969996917009	0.694322095482239	399
0.0594564119373	0.574146809919677	4
0.06176150416243	0.575573951673107	1066
0.0598073223123201	1.53921605502496	134
0.0889086467975799	1.22768362241655	134
-0.0391812339167401	1.18054531537414	202
-0.11244951749554	1.40281199145513	543
0.00182762709119011	0.690977558044493	543
-0.03175677375522	1.19193681770255	25
-0.12230277024914	1.38672485295894	212
0.00639676878278994	0.694338750578675	212
-0.03941909128406	1.32732437958496	25
-0.0190208694651299	0.848296431286475	25
0.00922713383460994	0.694290260477063	80
-0.02116316991481	1.03015568399779	80
0.0641062582252101	0.57783656828618	399
0.06291742676874	0.576696640316621	4
-0.04073329190205	1.32214141116397	2703
-0.03361512384109	1.01507471666814	202
0.07070264965872	1.3940331257472	134
-0.0192438689004599	0.849917599567846	134
-0.02879821655869	1.19471290945064	134
-0.03733405364691	1.32797142086797	202
0.0681887291410099	0.57803285948981	543
0.0511974351737099	0.568134187441678	543
0.0658368577022399	0.578688566094146	543
-0.02605057068814	0.841185243096645	543
0.06262627398235	0.575986404326764	16
-0.03427085326248	1.01937738558414	212
0.12101874559855	1.05496844004333	212
-0.02260128067721	1.20279872740336	212
-0.0245637657258899	1.02832836633194	25
0.0611873140018699	0.576162678907346	25
0.00614341202314006	0.692818894948525	80
0.00240222692252989	0.689086956927602	80
0.0611873140018699	0.576162678907346	80
0.0611873140018699	0.576162678907346	399
0.12251699807783	1.05361639620141	399
0.0635322778785099	0.576480757103141	260
0.0577788389210201	0.573295283481806	4
0.06291742676874	0.576696640316621	4
-0.00861545509542006	2.2367618568473	2703
0.0697799318871299	1.3905429961863	134
0.0495290857060999	1.66404139373544	543
-0.02923704816774	1.34205371237416	202
0.07229440207813	1.39287752530413	340
0.0643979077286201	0.577085966346076	16
-0.02265669552818	0.846982663609958	16
-0.0352789122509301	1.01383585206723	212
-0.03825261508503	1.00980955287592	25
-0.0386452904693799	1.00962011140987	212
0.0603221792564701	0.575449353150941	80
0.0569167499116701	0.572884622733256	3199
0.06012134843669	0.574818428531195	1480
-0.10375518527759	1.82637014135038	202
0.06324002887349	0.576609113923133	134
0.09200521684314	2.05637716611007	202
-0.03641928805207	1.32893754093044	202
0.05437917509941	1.52800659044712	543
0.00854736828993996	0.694881226930905	543
-0.03286515238816	1.46764477227101	543
-0.0197188889134201	0.849018090222835	543
-0.01636138479052	0.851876869323031	16
0.11767833980257	1.83920519754068	16
-0.0411136883273899	1.00766975155781	212
-0.03730756067333	1.18012897314848	212
-0.0274273160874301	1.02637887488819	25
0.0015766669606001	0.689788385908174	80
0.0641062582252101	0.57783656828618	3199
0.00477585205490994	0.690733785453618	1480
0.06349145731342	0.576107730106197	399
0.00586765213810003	0.693882064620264	640
0.0614779765006099	0.575223127248405	2205
-0.0389246772627301	1.58282346659355	2703
-0.0351909783408699	1.33184157676211	543
0.0487434975519001	1.66073298150869	202
-0.10824355149306	1.41416068648035	25
-0.0348620547432701	1.32981292308715	212
-0.0314765295724699	1.33579521197331	212
0.0686743322229999	1.38813861760602	212
-0.12384953347977	1.27761894505791	52
-0.02915263795806	1.47504316232627	80
0.07255791242138	0.579448662854267	80
0.05888204034268	0.572802709197407	399
0.06291742676874	0.576696640316621	399
-0.02401632123304	0.841811784030794	830
0.0635322778785099	0.576480757103141	260
0.0603221792564701	0.575449353150941	327
0.0614779765006099	0.575223127248405	4
-0.0390487343072099	1.01128621252243	134
-0.0414231074346401	1.17629095714229	134
-0.1241158670421	1.15306429765106	340
0.07540429550808	1.39849073665559	340
-0.0320366490491699	1.47047128308072	16
0.11929066219846	1.05102392681652	25
-0.01799349561762	0.850826688821256	278
-0.026861744099	0.842780078427935	80
0.00293242809066996	0.690747702125752	36
0.0646800402191901	0.577244755259019	80
-0.02894677378634	0.839247111317597	2691
0.00879997521194009	0.695340728531382	80
0.06497186902393	0.578443560062359	399
0.00483077342270999	0.692626429783641	260
0.0114775627236201	0.69500113196625	4
0.06089635736011	0.57486221118602	4
0.0614779765006099	0.575223127248405	134
0.0291033597265999	1.88101575710676	202
0.08737848410811	1.22790522851798	1311
0.0598344987371999	0.574552074754926	212
0.12379348473301	1.05698996779434	212
-0.11519903435551	1.40244243632521	25
-0.12225582524292	1.28028578604026	278
-0.0337775728421701	1.01759718242973	278
0.00430116810844994	0.692170239986747	1283
0.06390623522406	0.575763852388588	80
-0.0301421965047399	1.0224204175259	80
0.12172438500305	1.05071589832285	80
-0.0269256268176601	1.19324240823913	80
0.06176150416243	0.575573951673107	399
0.00555843856423	0.690797370939248	640
0.0611873140018699	0.576162678907346	2205
0.05974779582566	0.574099743860578	4
-0.03366560023188	1.18807412281616	134
0.0909297477748801	1.23071237747353	202
0.12389141280848	1.05808004337834	202
-0.0289148935927299	1.34093297509671	202
0.0641132129297399	1.37889407300828	16
-0.04024399007392	1.32417710803927	1311
0.0806516098475201	1.4072994153554	1311
-0.0272926864804	1.1974772291288	25
0.06241816264665	0.575069672184954	278
-0.02920824134513	1.1929498283879	278
0.12459802824399	1.05820696788117	80
-0.0024136509886199	0.68598507205861	602
0.05547870129105	0.571841073068374	399
0.06269927002663	1.54344711123566	134
-0.12309372010187	1.2784255810849	202
0.03809275735653	1.64004503046515	543
-0.11321864241357	1.40714639625598	543
-0.0394466899375501	1.0104282246365	543
0.11446223302497	1.04364736859445	543
-0.02622549241784	0.841135468705538	1311
-0.03044585837258	1.34053449754701	1311
0.00717857209743	0.694778656366304	212
-0.0242735939766301	0.84440063144462	25
-0.0411826358159999	1.17335383137491	80
-0.02184764776114	0.847785496989306	80
0.06205222453913	0.576575770191727	4
-0.01954451230501	0.848987615586173	1579
0.12136747621917	1.05289629957517	543
0.09245815646106	1.23060994002257	543
-0.01794490082934	0.848316675910465	340
-0.03578305275926	1.92273307253897	16
-0.0271643311480201	0.842115585187827	212
0.05720354168202	0.572959867621651	1102
0.0941645127161801	1.23685748622363	212
0.00189292169615007	0.689841585471618	25
0.00533841866345997	0.692211463064849	278
0.12056292498138	1.05157477977395	80
0.00692576864066008	0.693521170574345	399
0.06266602934731	0.575258394733933	260
0.12182870789096	1.05299427142307	4
0.11894594491815	1.04815702412408	626
0.06349145731342	0.576107730106197	543
0.0611873140018699	0.576162678907346	543
0.0670322258031899	0.5778351002051	860
0.01061180823387	2.07573585914073	1662
0.00639676878278994	0.694338750578675	212
-0.0155551825226099	0.852857189730334	1102
-0.0247948609399	0.841052967551684	260
0.06349145731342	0.576107730106197	1633
0.00528185102601997	0.691948679154516	260
0.08726064837971	1.22323127966863	260
-0.0305063783794	0.837494860161703	4
0.05974779582566	0.574099743860578	3
0.0391538925136401	1.77383064811272	134
0.0678976197735399	0.578952002833974	543
0.07025611563904	0.577170033957207	543
-0.0313855977063	1.19064009913579	543
0.0305370927812101	1.75251783959152	543
0.060612918568	0.574810701056327	543
0.0611873140018699	0.576162678907346	25
-0.02115016776875	0.846230646380521	212
-0.0339549243214099	1.01771995444945	122
-0.0366739598805801	1.01582610988538	122
0.0676057200529201	0.577246124018883	210
-0.02894677378634	0.839247111317597	2703
0.06504658923977	2.25071235799856	2703
-0.02447559260279	0.844726504227221	2703
-0.03830332571396	1.0126827631051	134
0.00692576864066008	0.693521170574345	543
-0.11391818430411	1.29138957106797	543
0.0520564219683599	0.568835833916539	361
0.0641062582252101	0.57783656828618	16
0.0670322258031899	0.5778351002051	1508
0.0569167499116701	0.572884622733256	278
0.0635322778785099	0.576480757103141	278
0.0592594715086701	0.574216413367679	80
-0.10776226053675	1.52406217946324	399
-0.0245262245526601	1.02884448146709	744
-0.0221016225355	0.847224192673576	260
0.05974779582566	0.574099743860578	260
-0.0152187979851801	0.852590403954879	4
0.00664969996917009	0.694322095482239	4
0.0635322778785099	0.576480757103141	317
0.00776580727452991	0.693312854527834	41
0.00260667546849991	0.691415486937782	2703
-0.00423349100714998	0.683740715750251	1579
-0.0349592283828299	1.01509722778763	202
0.0791138339058199	2.02847003429704	626
0.0824278994301	1.21816404783941	626
0.0615575788057401	0.575397722991523	626
0.0655456320514201	0.577850509647929	543
0.06291742676874	0.576696640316621	543
0.0655456320514201	0.577850509647929	1361
0.0641062582252101	0.57783656828618	361
0.0580650230272699	0.573080429177984	16
0.0655456320514201	0.577850509647929	25
0.000518758534119979	0.688969463483089	25
-0.11166670042988	1.29375083436547	212
0.06089635736011	0.57486221118602	2796
-0.0320664363777801	0.834671656272666	212
0.0523618883452699	1.52251919047705	278
0.0569167499116701	0.572884622733256	278
0.06262627398235	0.575986404326764	278
-0.02001971393119	0.848845456280035	80
0.06205222453913	0.576575770191727	80
0.0569167499116701	0.572884622733256	80
0.05897200973491	0.573334925553979	80
0.0108871990781401	0.69661470718865	21
-0.0366739598805801	1.01582610988538	2703
-0.0221016225355	0.847224192673576	2703
-0.12450000640287	1.27532427323642	2703
0.0560540375112599	0.572176134773053	1579
0.05720354168202	0.572959867621651	626
-0.03623801902579	1.0168556664	543
0.06962651355507	0.579182253156176	361
0.00767755079160004	0.693129879052605	16
0.06266602934731	0.575258394733933	16
0.0130344704231	0.697263181278941	16
0.0676057200529201	0.577246124018883	16
0.06266602934731	0.575258394733933	1311
0.00958016502306003	0.695917467871454	25
0.060612918568	0.574810701056327	25
0.0021477801918599	0.690181006466159	1102
0.07447908145616	1.39790625094217	212
0.11940670030733	1.05140033226894	1283
0.0652629153297899	0.577331121752138	80
0.06262627398235	0.575986404326764	260
0.0598344987371999	0.574552074754926	4
-0.0421381244159	1.44639017946203	2703
0.05313999631508	1.52013361980354	2703
-0.0346397234434801	1.18601966299951	2703
-0.0324065560835201	1.46878990464573	2703
-0.02419049180415	0.843322270030413	202
0.00502896064278002	0.691605978893621	202
0.0885411220096901	1.22580580020582	543
-0.12152722693096	1.27866953721079	543
0.00561416805771997	0.693634697863814	543
0.06176150416243	0.575573951673107	16
0.060612918568	0.574810701056327	16
0.0632078011036901	0.574927820339808	25
0.06497186902393	0.578443560062359	212
0.06349145731342	0.576107730106197	1662
-0.00188366104490001	0.687285853301533	2796
0.06089635736011	0.57486221118602	25
-0.0347639284092101	1.81712734712081	122
-0.03302488309131	1.33043010060775	122
0.0646800402191901	0.577244755259019	278
0.0643979077286201	0.577085966346076	1283
0.0623431977133699	0.575344807364201	80
0.0108871990781401	0.69661470718865	741
0.060612918568	0.574810701056327	260
0.0611873140018699	0.576162678907346	4
0.0491219222696999	1.79413301046035	134
-0.10613078851178	1.41916426716531	202
-0.10561579023921	1.52480966621808	626
0.0683743753300401	1.38575262226055	543
0.08499764731583	1.21961712368544	543
0.06266602934731	0.575258394733933	25
-0.0171671986612501	0.850495846880634	212
0.0384858606362299	1.63624596185083	122
0.0039762096757201	0.691529582110652	278
-0.0248326201679301	1.20011158252632	80
0.00338491240400995	0.691555507421072	805
0.06089635736011	0.57486221118602	80
0.0611873140018699	0.576162678907346	260
-0.0242735939766301	0.84440063144462	260
0.0646800402191901	0.577244755259019	260
0.060612918568	0.574810701056327	4
-0.10050344559733	1.64000448946214	2703
-0.02812579612372	1.47923518903206	134
-0.0332992781050001	1.01825645551197	202
0.0762685269141301	1.40054464284633	543
-0.0317579326627899	1.33270741135475	543
0.05888204034268	0.572802709197407	361
0.0034625113848501	0.691203628034591	212
0.06670122068132	0.578357087896594	80
0.0603221792564701	0.575449353150941	80
0.0614779765006099	0.575223127248405	399
0.0646800402191901	0.577244755259019	399
0.00879997521194009	0.695340728531382	202
-0.12095263689125	1.28083700811448	134
-0.02760597925544	1.02540008956814	134
-0.11521554236852	1.28884265738317	16
0.06497186902393	0.578443560062359	25
0.0655456320514201	0.577850509647929	122
0.0594564119373	0.574146809919677	122
-0.02691431317224	0.840407234825909	278
0.06089635736011	0.57486221118602	80
0.00399247684920989	0.690394720161163	80
0.0108871990781401	0.69661470718865	399
-0.11935701431107	1.28478155208421	202
0.00189292169615007	0.689841585471618	134
0.10039287687372	1.2424441978809	134
-0.0376648846127801	1.32540437060882	626
-0.03265422077259	1.33558243670285	202
-0.02037334303275	0.846864242893723	202
0.0678976197735399	0.578952002833974	543
-0.0271709643795399	1.02526247405102	2723
0.0526677920552101	1.67060526076566	1102
-0.0350025087180399	1.0172887324341	25
0.06497186902393	0.578443560062359	278
-0.02001971393119	0.848845456280035	80
0.0130344704231	0.697263181278941	80
0.0580650230272699	0.573080429177984	4
-0.0365470282045799	1.01296612736285	2703
0.06069635629646	0.575154297721853	202
0.0611873140018699	0.576162678907346	134
0.05974779582566	0.574099743860578	134
-0.0309335812612801	1.0220350989288	134
0.0586403009672001	0.57341570515588	626
0.00430116810844994	0.692170239986747	202
0.09007563220648	1.23043055977248	543
0.0684710951174199	0.578360020930028	543
0.06266602934731	0.575258394733933	16
0.00260667546849991	0.691415486937782	16
0.00692576864066008	0.693521170574345	1102
0.06176150416243	0.575573951673107	1102
0.0701999514768401	0.578591223119105	212
0.000267110137720072	0.689273684954674	212
0.0594564119373	0.574146809919677	212
0.0643979077286201	0.577085966346076	122
-0.02638634591753	0.843284064989319	80
0.0603221792564701	0.575449353150941	80
0.06176150416243	0.575573951673107	1283
0.06435602307781	0.575689391195341	805
-0.02419049180415	0.843322270030413	80
0.0196139182099	1.98078720364078	2703
0.0609825901857599	0.575061904640739	134
-0.03671495341918	1.01288245040464	543
-0.0338353761786501	1.0195201335137	202
0.00240222692252989	0.689086956927602	543
-0.02335523777402	0.84543378068884	2723
0.00561416805771997	0.693634697863814	2723
-0.0334572737409999	1.33660799294488	212
-0.04159155405585	1.0055736137403	278
-0.00163170668356005	0.686548287134407	805
0.00371629100523996	0.691087358930325	80
0.0614779765006099	0.575223127248405	4
-0.0902196744795101	2.49060281673966	202
0.0954501025822301	1.23680459802403	134
-0.0369856256008001	1.46111177315171	134
0.00474238036848007	0.689309218381739	543
-0.02638634591753	0.843284064989319	543
0.12148585353633	1.05007893843669	1102
0.0641062582252101	0.57783656828618	212
0.00664969996917009	0.694322095482239	122
0.06641060189182	0.578095540716024	122
0.00795957449314	0.694919046007188	1283
0.00561416805771997	0.693634697863814	80
0.0623431977133699	0.575344807364201	80
0.0735612550885501	1.39449198129468	80
-0.02001971393119	0.848845456280035	80
0.0623431977133699	0.575344807364201	80
0.06241816264665	0.575069672184954	80
0.06176150416243	0.575573951673107	80
-0.00188366104490001	0.687285853301533	399
0.06012134843669	0.574818428531195	260
0.0428910034340799	1.64917506879113	202
-0.12225582524292	1.28028578604026	202
-0.0359473195411999	1.18402790134359	543
0.00260667546849991	0.691415486937782	1354
0.0770761725912801	1.40034149916816	1105
0.0693149226970999	1.39106101501417	1102
0.07018149133537	1.3920079866183	1102
0.0542858402800901	1.52629127265645	122
-0.0341724398557499	1.01778620114782	122
0.0594564119373	0.574146809919677	122
0.04725220247883	1.65833989555158	52
0.00639676878278994	0.694338750578675	80
-0.0234116497625301	0.843599196058389	1283
0.0864077636035301	1.22196891241278	286
0.0646800402191901	0.577244755259019	286
-0.0228791096204799	0.846331341436971	80
-0.0234813924022299	0.842660379437381	80
0.0127582019348	0.695516704903893	80
0.11688362359238	1.04696066902804	80
-0.00344942816176008	0.685422431915486	80
0.06176150416243	0.575573951673107	399
0.0560540375112599	0.572176134773053	399
0.1058608683645	1.95307717739506	134
-0.04032575138388	1.17504680365931	202
-0.0466308949904399	1.79049580636575	543
0.0553809644543	1.67255121509387	16
0.0897602348578701	1.23196618492123	1105
-0.03373581658541	1.01838826656207	1102
0.00795957449314	0.694919046007188	1283
0.00533841866345997	0.692211463064849	805
0.00508480701770009	0.693178123428776	80
0.0652629153297899	0.577331121752138	80
0.06291742676874	0.576696640316621	80
0.0603221792564701	0.575449353150941	381
0.00207815834684011	0.690106296456495	80
0.0684710951174199	0.578360020930028	399
0.06176150416243	0.575573951673107	483
0.0655456320514201	0.577850509647929	248
0.060612918568	0.574810701056327	4
0.0560540375112599	0.572176134773053	4
0.05547870129105	0.571841073068374	1134
-0.04314491196816	1.80237503649925	202
-0.11178056255539	1.40764017784664	543
0.0421443207977401	1.64592992930234	202
-0.10136703634487	1.63719669977184	543
-0.03560442696392	1.46445206417671	25
0.11940322947114	1.04953202093928	1105
0.06205222453913	0.576575770191727	483
0.05547870129105	0.571841073068374	4
0.0646800402191901	0.577244755259019	2176
-0.03470641375463	1.01834615735106	202
0.0727003108298201	2.1453772821308	202
0.00508480701770009	0.693178123428776	134
-0.11946114499869	1.28235658103458	134
0.0837878415522999	1.21682505182041	765
0.05902498934571	1.53458424434348	543
-0.020848758066	0.848002492808298	543
-0.01889054567493	0.850023622074051	543
-0.0383696258476001	1.46029886743057	16
-0.0349225962998101	1.46280000394299	1105
0.06205222453913	0.576575770191727	212
0.0762094042616901	1.39972903187871	80
-0.04212113414986	1.00315604094198	278
0.12344943516579	1.05560941293594	80
0.06497186902393	0.578443560062359	80
-0.03577189382829	1.18726058149982	80
-0.02778337444583	1.02294719425689	80
0.0034625113848501	0.691203628034591	381
-0.03069185074398	0.836670386954217	80
0.0592594715086701	0.574216413367679	399
0.0589258736977201	0.572664523314965	260
0.0641062582252101	0.57783656828618	1634
0.06291742676874	0.576696640316621	134
0.0611873140018699	0.576162678907346	543
-0.0304784363034401	1.342100306024	543
0.05224716356906	1.79971727250548	25
-0.02997208345404	1.02109246482198	1102
0.0673239464909801	0.577596717444378	80
-0.03831491869084	1.18204236594554	1283
0.06069635629646	0.575154297721853	80
0.00717857209743	0.694778656366304	80
-0.0350511859697	1.18500957311582	381
0.0637820113037599	0.576275963644178	260
0.0594564119373	0.574146809919677	260
0.0690528778653801	0.577828639701223	4
0.00770732772680005	0.693960311466429	134
-0.0295534272390601	0.837114333548314	543
0.06291742676874	0.576696640316621	16
-0.0945486030845999	1.65154142768233	16
0.00907564491784996	0.694063919515537	1102
0.0718214959260799	1.39275872277681	212
-0.11494505593452	1.40383648565941	25
-0.0212309322920701	1.02906927850148	80
-0.02764000128922	0.841611880836867	80
0.0611873140018699	0.576162678907346	399
0.00854736828993996	0.694881226930905	399
-0.03577189382829	1.18726058149982	399
0.06089635736011	0.57486221118602	1121
0.00932812295723995	0.695796600619346	134
0.12363080621911	1.85298814736476	202
0.0322228636019599	1.75804545652826	765
-0.0398782465277801	1.3260160565124	765
0.00313507705548011	0.690925092944883	543
0.0583969630091099	0.572999917193612	543
-0.01636138479052	0.851876869323031	1354
-0.11494304248218	1.40141960541546	1102
0.10764268856338	1.96304640643143	1102
-0.0361168326472301	1.460925251092	1102
0.0909286488898699	1.22813304672957	212
0.0652629153297899	0.577331121752138	122
-0.0271643311480201	0.842115585187827	80
0.0678976197735399	0.578952002833974	80
0.0643979077286201	0.577085966346076	381
0.06262627398235	0.575986404326764	260
-0.0989442371532301	1.64499548306943	202
-0.02257748212948	0.846325955266984	202
0.12494288891396	1.05638431750057	134
-0.0308765881345101	1.33742168284997	134
0.08428569522739	2.04637099381614	202
-0.03456632439259	1.0169692619824	543
0.00614341202314006	0.692818894948525	543
-0.0301135365226499	1.19336351940462	543
0.00528185102601997	0.691948679154516	543
-0.03053838020491	1.02274595280914	543
0.04912545762948	1.66215910359809	16
-0.0282460375978699	1.1976720669494	1102
0.0393584737636801	1.77442076889154	1102
0.05897200973491	0.573334925553979	212
0.0034625113848501	0.691203628034591	1661
0.00586765213810003	0.693882064620264	1661
0.00801897563274001	0.694425653582333	80
0.00854736828993996	0.694881226930905	122
-0.00213603101148996	0.686013215629264	278
-0.02794243971871	0.840595401316405	52
-0.03348619707443	1.33530903882953	80
0.06205222453913	0.576575770191727	4
0.0021477801918599	0.690181006466159	765
0.06419597137892	1.54315445701043	202
0.0396606099515799	1.64154603849584	543
0.00430116810844994	0.692170239986747	543
-0.1038695290956	1.63097944351923	1102
0.0431547228235001	1.65216892316352	1105
-0.03891903974711	1.1820245943013	1102
0.092456135253	1.23224679600669	1102
-0.0369401642299301	1.32809561739185	1661
0.0511974351737099	0.568134187441678	122
-0.03373581658541	1.01838826656207	52
0.0641062582252101	0.57783656828618	80
0.00240222692252989	0.689086956927602	80
0.00533841866345997	0.692211463064849	399
0.06205222453913	0.576575770191727	399
0.0681887291410099	0.57803285948981	3
0.12393273031553	1.85031307375582	405
0.04956600170605	1.66232489148012	202
0.0408175986430801	1.77716103240962	765
-0.0463224658990999	1.56263820014985	543
0.12044475447526	1.04908755977332	543
-0.02787736860812	1.34332783199976	543
-0.00104385831869003	0.686342797206761	16
0.0664585335295	0.576484309411764	16
0.06497186902393	0.578443560062359	16
0.0646800402191901	0.577244755259019	212
-0.0346013887188901	1.18400164120197	80
-0.03460914794327	1.01646167768443	80
-0.03456632439259	1.0169692619824	80
0.0034625113848501	0.691203628034591	399
0.06205222453913	0.576575770191727	399
-0.026861744099	0.842780078427935	399
0.0586403009672001	0.57341570515588	399
0.0643979077286201	0.577085966346076	1634
-0.0172725692714999	0.850891779063385	405
-0.11251458046269	1.40809566731682	202
0.05728325834083	1.5328720158756	765
-0.0369508371671201	1.58729059319938	765
0.0130344704231	0.697263181278941	543
-0.0344972939460899	1.18911980553743	543
0.060612918568	0.574810701056327	543
0.00690150749267993	0.691662997096715	122
0.00958016502306003	0.695917467871454	52
0.00267810736268004	0.690636942339763	52
0.00932812295723995	0.695796600619346	80
0.06046581262995	0.571835348426904	80
0.00455532885968002	0.691509463795607	6
-0.0187689361233101	0.850059205901264	260
0.06402498436639	1.54311445325536	134
-0.10741971779852	1.62666097547983	765
0.0693358401298201	0.578796394975642	543
0.0510588711264099	1.66753157305674	543
-0.0325660030881401	1.01948141358195	1102
0.0676057200529201	0.577246124018883	1102
-0.01542012737542	0.850862740330772	16
0.08095282124328	1.40513171330297	25
-0.0380419916961701	1.17931610020433	1283
0.0673239464909801	0.577596717444378	80
0.0563414332457799	0.572549276189887	6
0.00318633412263991	0.68942663980602	6
0.0611873140018699	0.576162678907346	260
0.0598344987371999	0.574552074754926	1634
-0.02940868102593	0.839042334879323	134
0.12174727804184	1.04864674067072	765
-0.0317713109395401	1.34050137903872	543
0.06176150416243	0.575573951673107	543
0.0583969630091099	0.572999917193612	16
0.0577788389210201	0.573295283481806	1102
0.0896489949296599	1.2297473530476	1661
-0.0264782562224899	1.02758636007513	16
0.08542042578716	1.22297664499456	212
0.06381382996212	0.576020696597725	80
-0.04159155405585	1.0055736137403	80
0.09459017261091	1.23754184803375	80
0.06176150416243	0.575573951673107	80
-0.0379869944847899	1.01228785882264	80
-0.02527164880416	0.842174246105442	80
-0.0352789122509301	1.01383585206723	159
0.06262627398235	0.575986404326764	159
0.06497186902393	0.578443560062359	4
-0.03489960117223	1.18204324869851	202
-0.03807055870572	1.69701196973253	543
0.0690777955745601	1.38948490710173	543
0.09232539642298	1.23324195280463	543
0.00586765213810003	0.693882064620264	543
0.04303433926481	1.77836209028263	16
0.0611873140018699	0.576162678907346	1102
-0.0339458382420501	1.33448723525649	16
0.05974779582566	0.574099743860578	122
0.12343844218303	1.05481350369827	278
0.07090702040807	1.38973980895952	278
-0.0327472601037899	1.0191572793076	52
0.0924565290783399	1.23388952213425	80
-0.02560848540561	0.844177725594026	80
0.00630766010611006	0.693254840783381	381
0.00958016502306003	0.695917467871454	80
0.0652629153297899	0.577331121752138	399
-0.0349672114236701	1.01787235219061	399
0.00985615496175996	0.694976702755398	260
0.0611873140018699	0.576162678907346	1634
0.0577788389210201	0.573295283481806	4
0.06497186902393	0.578443560062359	134
-0.0240917242713199	1.02870388629719	543
-0.1025374297572	1.53284236290665	25
0.0596093062254901	0.572036271647454	1102
0.11721441477654	1.04682485329733	80
0.0687623835620801	0.579389020639623	80
0.00749046690391997	0.692757398548458	80
0.12413767852925	1.05547351078633	80
-0.0117980868689	0.855339494798633	381
0.0676057200529201	0.577246124018883	159
-0.00221632711864994	0.686274477228262	1634
0.06497186902393	0.578443560062359	1634
0.06324002887349	0.576609113923133	4
-0.0451929528147801	1.90072921940888	134
-0.03528770941246	1.70684168252621	134
-0.0340870036816501	1.18894986464239	543
-0.0265615871087199	1.19813149766988	16
-0.0310734677556701	1.59585278618428	1105
0.0039762096757201	0.691529582110652	1102
-0.0297265187345399	0.838484660856868	715
-0.03191334303786	1.0211848251413	80
0.0114775627236201	0.69500113196625	80
-0.0427432611927701	1.44977416342834	80
-0.0317656759081499	1.02241474474924	80
-0.0357286113954101	1.18385501602726	381
0.00533841866345997	0.692211463064849	80
-0.0231804130222399	0.845307064723599	80
-0.0341724398557499	1.01778620114782	80
0.0681887291410099	0.57803285948981	1634
-0.02894677378634	0.839247111317597	1634
-0.0459526209132399	1.4426450596059	765
0.0646800402191901	0.577244755259019	202
0.11838209006223	1.84239863241698	202
0.07447908145616	1.39790625094217	202
-0.0292512974493999	1.19471726541812	543
0.0603221792564701	0.575449353150941	543
-0.0428297240266	1.45072616338558	16
0.00614341202314006	0.692818894948525	16
-0.11665951065683	1.28503117299226	16
-0.11095970272323	1.40926680572448	1102
-0.01461448261346	0.851839755687655	80
0.09075146472178	1.22918366211537	80
-0.0244928415927601	0.842934966794232	6
-0.0364953596953801	1.58771031152714	765
-0.02184764776114	0.847785496989306	765
-0.03419007064367	1.18575261982538	16
-0.12074404019864	1.39233190528231	1102
-0.0024136509886199	0.68598507205861	122
-0.02513344646381	0.843278901273961	80
0.0775958463676301	1.40229386157856	80
0.09178226436601	1.23299906838598	80
0.12148585353633	1.05007893843669	80
-0.02022835504446	0.848414774321522	80
0.00879997521194009	0.695340728531382	399
0.06962651355507	0.579182253156176	547
-0.0256892426166699	0.84043970847974	1634
0.05974779582566	0.574099743860578	41
0.00267810736268004	0.690636942339763	134
0.0801986123887599	1.40362918875746	134
-0.0333381993987201	1.18773088743384	543
-0.0391267569338201	1.69803152268751	25
0.0941645127161801	1.23685748622363	16
-0.0168815968810701	0.849357528182573	16
0.06497186902393	0.578443560062359	80
0.11443528260876	1.83076581566188	52
0.0868578767794901	1.22498416356027	80
-0.0415007131331	1.17619431625595	80
0.06205222453913	0.576575770191727	399
0.05974779582566	0.574099743860578	6
0.01010806773565	0.696373336398546	6
0.12298933052058	1.05543365271421	547
0.0643979077286201	0.577085966346076	6
0.0641062582252101	0.57783656828618	688
-0.0391128188918399	1.01142708364729	765
-0.10632661413576	1.62895327741437	543
0.0678976197735399	0.578952002833974	543
-0.0353840076996399	1.18403692755565	543
0.0349880381847401	1.76950846642898	1102
0.0841364027622	1.2183797398428	1102
0.05897200973491	0.573334925553979	212
-0.11058792647078	1.41142604671617	212
0.00320831641663011	0.689829279676215	80
0.06262627398235	0.575986404326764	122
0.07110675135406	1.39478385446802	80
-0.0271643311480201	0.842115585187827	841
0.06089635736011	0.57486221118602	80
-0.02301996717336	0.843386820091328	80
0.07198456589867	0.578098629168653	381
0.12469729264901	1.05953797009636	159
0.0687623835620801	0.579389020639623	80
-0.00135378827224009	0.68680319900825	80
0.06304524468309	0.575330243550069	6
0.0922106744820701	1.23312914839866	134
-0.1226294568136	1.27947212651578	765
-0.0480213148625299	1.78912135233111	543
-0.11658656511203	1.5032750395404	16
-0.03352487464429	1.46520540818851	16
-0.0997498726630199	1.5385428590513	25
-0.0270049495987601	0.840146814489466	1102
0.0560540375112599	0.572176134773053	16
0.00664969996917009	0.694322095482239	80
0.0801750591850301	1.21318534524258	52
-0.00163170668356005	0.686548287134407	841
-0.0255735155550401	0.840066809584573	80
0.00692576864066008	0.693521170574345	80
-0.03456632439259	1.0169692619824	80
-0.02388781148282	0.842706342514579	80
0.0611873140018699	0.576162678907346	399
0.01250753936361	0.696808660965334	6
0.060612918568	0.574810701056327	260
0.0641062582252101	0.57783656828618	260
0.00293242809066996	0.690747702125752	688
0.06497186902393	0.578443560062359	357
0.0598344987371999	0.574552074754926	41
-0.00489133738323999	0.683141041126509	717
0.06205222453913	0.576575770191727	717
-0.03941909128406	1.32732437958496	16
0.00293242809066996	0.690747702125752	80
0.00508480701770009	0.693178123428776	122
0.05720354168202	0.572959867621651	80
-0.0337775728421701	1.01759718242973	80
-0.02257748212948	0.846325955266984	80
0.09825339189381	1.24081219505718	6
0.05974779582566	0.574099743860578	4
0.00399247684920989	0.690394720161163	134
-0.11428931640905	1.40330971350862	765
-0.03827432236329	1.01230414801921	543
-0.0189429099835801	0.84978559568269	543
0.06497186902393	0.578443560062359	543
-0.0488065281535299	1.67254002646215	1102
-0.0565312826979301	1.76382705893905	1102
0.06973414360817	1.55121040969732	16
-0.0292929751959199	1.19330653667248	16
0.11813569478068	1.04977155495862	80
0.11640695235851	1.04550432413313	122
-0.02730701785816	0.839794057772938	841
0.000831661395559902	0.687728727771899	420
-0.020848758066	0.848002492808298	80
0.00371629100523996	0.691087358930325	80
0.0687623835620801	0.579389020639623	159
-0.00566952224413009	0.682805277876563	260
0.0655456320514201	0.577850509647929	393
0.11963965098984	1.0477720862163	6
0.0652629153297899	0.577331121752138	688
0.06262627398235	0.575986404326764	1663
-0.03423634045966	1.58969795945425	134
0.00351673890245996	0.690531410020346	851
-0.0356836196369501	1.46074003726411	543
-0.0377645436145699	1.18085761484683	1102
0.12067253086988	1.05211295335163	16
-0.0209773121158301	0.847159278066	715
0.11767509733507	1.04919450311787	16
0.0646800402191901	0.577244755259019	16
0.06324002887349	0.576609113923133	80
-0.03772800969215	1.32722094575921	52
-0.02575776593549	1.0287679395182	52
0.05720354168202	0.572959867621651	80
0.0678976197735399	0.578952002833974	80
-0.0221016225355	0.847224192673576	80
-0.0353613066924801	1.18793557985708	80
0.0603221792564701	0.575449353150941	393
0.0646800402191901	0.577244755259019	6
-0.03180360427567	1.19310975005153	202
-0.0357719840566899	1.81577598147402	543
0.0034625113848501	0.691203628034591	543
0.0866378319608301	2.18110553300448	16
-0.02054702631205	0.848219007755662	80
-0.0344473239045	1.01458748895551	80
-0.0390369850130501	1.00840745712655	80
0.0678976197735399	0.578952002833974	6
0.06205222453913	0.576575770191727	260
-0.0284707970098099	0.839749903979773	6
0.00267810736268004	0.690636942339763	688
-0.03470641375463	1.01834615735106	1663
0.0646800402191901	0.577244755259019	357
-0.11773117262162	1.49644376971492	765
0.07110675135406	1.39478385446802	202
0.0560540375112599	0.572176134773053	543
-0.0358052514810501	1.586748533685	1102
0.0901859015947699	1.23206694773623	16
0.0762192059786799	1.20074962785935	16
0.0641062582252101	0.57783656828618	80
-0.0316765778353001	1.02037091179861	841
0.06497186902393	0.578443560062359	841
0.00136235077006996	0.689385845375163	80
-0.0365470282045799	1.01296612736285	1453
0.060612918568	0.574810701056327	6
0.00614341202314006	0.692818894948525	1663
0.0643979077286201	0.577085966346076	4
-0.0381973001709901	1.17864446927823	134
0.0615575788057401	0.575397722991523	765
-0.10994695529869	1.41050061562902	851
-0.0071555936402099	2.13528547166468	851
-0.03263547480721	1.01890579426619	543
0.00561416805771997	0.693634697863814	543
-0.0425062341998499	1.56886138598045	1102
-0.0432588153694	1.57307033561156	1102
0.0655456320514201	0.577850509647929	80
0.0641062582252101	0.57783656828618	80
0.10232222406765	1.24628329569629	80
-0.02774488108066	1.02580124623281	80
0.06262627398235	0.575986404326764	6
0.0658368577022399	0.578688566094146	547
-0.0910402560157999	2.22553917097272	134
-0.0411608520860201	1.56884930218028	134
-0.11400666085865	1.40488281400322	202
0.06176150416243	0.575573951673107	543
0.06205222453913	0.576575770191727	16
0.00404658836988991	0.690986647971914	715
-0.0322323305402099	1.59340026968635	80
-0.03307413874583	1.33354184705579	80
0.0655456320514201	0.577850509647929	80
0.06205222453913	0.576575770191727	547
0.0655456320514201	0.577850509647929	1663
0.00630766010611006	0.693254840783381	2055
-0.1065099018237	1.415643512606	851
0.00958016502306003	0.695917467871454	1679
-0.02730969356964	1.02640389049445	80
-0.0300298585733201	0.837997532256964	6
0.06497186902393	0.578443560062359	6
0.0641062582252101	0.57783656828618	357
0.0611873140018699	0.576162678907346	406
-0.0364641454505501	1.33107866101651	851
0.0594564119373	0.574146809919677	543
-0.0323957341398	1.8251958121351	543
0.11975876844678	1.04993355194212	16
0.0611873140018699	0.576162678907346	16
-0.0292512974493999	1.19471726541812	16
-0.00213603101148996	0.686013215629264	1102
0.09330860963549	1.23432145957769	80
0.00873977245307001	0.694450073800806	80
-0.0359379122119601	1.01559883109104	80
-0.02179985176911	0.846961178203258	80
0.00639676878278994	0.694338750578675	80
-0.02419049180415	0.843322270030413	543
-0.03835983230281	1.18171558220085	1361
-0.0318022699902001	1.3395197274985	16
-0.03743520276143	1.01290012452969	16
-0.11833784985903	1.28344215248404	16
0.0646800402191901	0.577244755259019	52
0.00129886233226006	0.689668705776789	80
0.00770732772680005	0.693960311466429	159
0.06012134843669	0.574818428531195	80
0.00371629100523996	0.691087358930325	6
0.0611873140018699	0.576162678907346	6
0.0611873140018699	0.576162678907346	1663
0.00424613030137011	0.691543070982657	1663
0.0122949956154299	2.07501821354005	134
-0.04125366108449	1.91403027875994	765
0.00983176875528002	0.694487095640093	543
-0.01683214944872	0.850981086743488	16
-0.02001971393119	0.848845456280035	16
0.0670322258031899	0.5778351002051	16
-0.0365056396479699	1.0113526322133	16
-0.0249221375309401	1.0267861316019	16
0.0103595415191	0.696159140742934	16
0.00399247684920989	0.690394720161163	1536
0.060612918568	0.574810701056327	260
0.0641062582252101	0.57783656828618	248
-0.12038875334444	1.28061373361976	6
-0.00344942816176008	0.685422431915486	2055
0.06266602934731	0.575258394733933	4
-0.00377086466797993	0.684587189129555	406
0.0457877333451	1.65361299472135	765
-0.03427085326248	1.01937738558414	717
0.0614779765006099	0.575223127248405	16
-0.02413311732103	0.844266334309948	16
0.0678976197735399	0.578952002833974	16
0.00242337421849004	0.689036040188378	16
0.0603221792564701	0.575449353150941	16
0.0624859800093001	1.37469500314526	16
0.0569167499116701	0.572884622733256	16
0.06497186902393	0.578443560062359	80
0.0623431977133699	0.575344807364201	159
0.06262627398235	0.575986404326764	80
-0.02774488108066	1.02580124623281	310
0.0646800402191901	0.577244755259019	6
-0.000321061867180061	0.688187970617562	260
-0.02884120029344	1.19506974396076	6
0.0646800402191901	0.577244755259019	105
0.0655456320514201	0.577850509647929	4
0.06497186902393	0.578443560062359	130
-0.1137544487636	1.40395093163226	202
-0.03230984612419	1.33569518275337	851
-0.12468663119989	1.27623421068562	1361
-0.03169596113868	1.33821948530127	841
0.05888204034268	0.572802709197407	80
0.0611873140018699	0.576162678907346	80
0.06205222453913	0.576575770191727	80
-0.02063919302447	0.846683260948089	80
0.0611873140018699	0.576162678907346	1018
0.0635322778785099	0.576480757103141	159
0.0672749461620601	0.577766096078519	310
0.06349145731342	0.576107730106197	260
0.06497186902393	0.578443560062359	260
0.06381382996212	0.576020696597725	6
0.06497186902393	0.578443560062359	6
0.00293242809066996	0.690747702125752	105
0.06497186902393	0.578443560062359	357
0.0646800402191901	0.577244755259019	4
0.06291742676874	0.576696640316621	406
-0.03064410600249	1.02377579637906	134
0.09384393579003	1.23722660543741	202
0.0639254304571499	1.54582409541846	717
0.1165222894526	1.04680314419817	16
-0.0288741182711301	1.02444802740584	16
0.00639676878278994	0.694338750578675	16
0.11767509733507	1.04919450311787	212
-0.0281257623652	0.839177863370892	16
-0.00489133738323999	0.683141041126509	80
0.09050215605708	1.23118787355256	841
-0.0249694509865399	0.842789606194151	841
0.0611873140018699	0.576162678907346	80
0.01010806773565	0.696373336398546	80
-0.0369842523139201	1.01236601338167	159
0.06324002887349	0.576609113923133	555
-0.04715904043886	1.89854213503059	983
0.06107389357514	1.53783811307221	851
0.06531141680275	1.37827022834305	202
0.0503125554891699	1.66658636664986	202
-0.0113287522772301	0.855473660479365	16
-0.0382076090442001	1.01021954414695	16
0.08341638392328	1.21978484332409	16
0.0860964454022599	1.22601852442525	212
-0.0393341922116099	1.57982970035688	715
0.06262627398235	0.575986404326764	80
-0.0117980868689	0.855339494798633	80
0.1201013311771	1.05047690194352	1536
0.000518758534119979	0.688969463483089	841
-0.00135378827224009	0.68680319900825	80
0.0603221792564701	0.575449353150941	159
0.060612918568	0.574810701056327	159
0.00692576864066008	0.693521170574345	555
0.00639676878278994	0.694338750578675	260
0.0563414332457799	0.572549276189887	26
-0.10803317446697	1.51993559428196	134
0.0641062582252101	0.57783656828618	851
-0.020848758066	0.848002492808298	851
-0.00266615035100992	0.686494356169944	851
0.09459017261091	1.23754184803375	16
0.00293242809066996	0.690747702125752	16
0.06176150416243	0.575573951673107	16
0.00267810736268004	0.690636942339763	16
-0.0358021620493201	1.01699964744668	80
0.0560540375112599	0.572176134773053	80
0.00692576864066008	0.693521170574345	841
0.0453209983312499	1.65167271942014	841
0.0563414332457799	0.572549276189887	420
-0.11621559395558	1.39892484967744	80
0.05974779582566	0.574099743860578	80
0.0644809332360901	0.576099294885397	80
0.0641062582252101	0.57783656828618	80
0.09373602707003	1.23623726881307	310
-0.0150847873811499	0.852993243464339	260
0.0678976197735399	0.578952002833974	105
0.0684491408171599	1.389796827392	851
0.07070264965872	1.3940331257472	851
0.0968562841142	1.24086977967718	202
-0.0306087538036399	1.02099738597676	16
0.07549771689999	1.40179656780206	16
-0.0187689361233101	0.850059205901264	16
0.09092858253737	1.23187136320597	212
-0.0332162520258199	1.18855140812696	16
-0.0197699199496799	0.848225423021011	16
-0.0272552673853099	0.840759287519653	16
0.12218220526166	1.0533570109555	16
-0.02527164880416	0.842174246105442	841
0.0614779765006099	0.575223127248405	841
0.00483077342270999	0.692626429783641	80
0.00717857209743	0.694778656366304	420
0.00475418153282003	0.692440407310782	80
0.0852413738343001	1.22384148275329	438
0.00424613030137011	0.691543070982657	438
0.0592594715086701	0.574216413367679	310
0.0636199618746001	0.575665599041282	260
0.05583042043747	0.571090947323263	105
0.0865259374768299	1.22657673770462	851
0.12345014890616	1.05653700495127	543
-0.0421472630937001	1.803535920839	16
-0.03460914794327	1.01646167768443	16
-0.0239364981826899	0.845377008358032	16
0.000267110137720072	0.689273684954674	420
0.00424613030137011	0.691543070982657	438
0.0563414332457799	0.572549276189887	310
-0.0267025482144401	0.839041172244838	310
0.00136235077006996	0.689385845375163	555
0.06205222453913	0.576575770191727	3273
0.0614779765006099	0.575223127248405	3273
0.0563414332457799	0.572549276189887	26
-0.03411379499183	1.18660560078138	543
-0.0271643311480201	0.842115585187827	16
0.0879447259106501	1.22740339274907	16
0.00422639727205998	0.691131199114982	212
-0.00566952224413009	0.682805277876563	80
-0.0202449724482601	0.847328412515072	841
0.05720354168202	0.572959867621651	80
0.05720354168202	0.572959867621651	159
0.0611873140018699	0.576162678907346	2354
0.0643979077286201	0.577085966346076	2255
0.00879997521194009	0.695340728531382	6
0.00207815834684011	0.690106296456495	555
-0.0068329072861899	2.24346917247876	134
-0.1036128443548	2.18810874616929	134
0.00242337421849004	0.689036040188378	543
0.06205222453913	0.576575770191727	16
0.06262627398235	0.575986404326764	16
0.0621836107824301	0.574223274299761	16
-0.01213437299847	0.854663345536517	16
-0.02638634591753	0.843284064989319	1029
0.0615575788057401	0.575397722991523	105
0.0684710951174199	0.578360020930028	4
0.00897920014876008	0.69342048214675	202
0.000576143278439911	0.688308974423275	543
0.0643979077286201	0.577085966346076	16
0.0611873140018699	0.576162678907346	16
0.05720354168202	0.572959867621651	52
0.06497186902393	0.578443560062359	841
-0.03399365440461	1.33165441144915	420
0.0676057200529201	0.577246124018883	438
-0.04195858935865	1.32064682335954	310
0.05888204034268	0.572802709197407	310
-0.03694025635516	1.01159787923265	6
0.00922713383460994	0.694290260477063	6
0.0614779765006099	0.575223127248405	105
-0.0359473195411999	1.18402790134359	134
0.00104777080569995	0.690276905484279	765
0.00182762709119011	0.690977558044493	851
0.09007563220648	1.23043055977248	543
0.0611873140018699	0.576162678907346	16
0.0670322258031899	0.5778351002051	16
0.0611873140018699	0.576162678907346	212
-0.03053838020491	1.02274595280914	16
-0.0405669610124799	1.44874909272358	841
0.06205222453913	0.576575770191727	841
-0.0249694509865399	0.842789606194151	310
0.0560540375112599	0.572176134773053	152
-0.03010258916354	1.02334871044397	851
0.0879447259106501	1.22740339274907	202
0.08762223134492	1.22602073328287	851
-0.0326876363854001	1.59242410508169	202
0.0034625113848501	0.691203628034591	16
-0.05041716772057	1.99301905703434	212
-0.00644851297123994	0.682246157265643	16
0.01466650395198	2.0871238284069	80
-0.02778451963472	0.838903314330105	1536
0.0678976197735399	0.578952002833974	1536
0.06176150416243	0.575573951673107	80
0.0611873140018699	0.576162678907346	80
0.00267810736268004	0.690636942339763	1018
0.06349145731342	0.576107730106197	310
0.06069635629646	0.575154297721853	310
0.00639676878278994	0.694338750578675	260
0.0687623835620801	0.579389020639623	3273
0.06291742676874	0.576696640316621	6
0.0659752530470901	0.574908517480181	3273
0.0583969630091099	0.572999917193612	1029
0.0586403009672001	0.57341570515588	26
-0.1014276198033	1.74073352095732	851
-0.0332912153893701	1.1842324267749	851
-0.03974203599037	1.17984775534589	543
-0.0321062786970101	1.33316221167404	16
0.0774793711656701	1.40043034045503	16
-0.0359473195411999	1.18402790134359	16
-0.0326013477198299	1.02171068889621	16
-0.0329047010876999	1.01952518355885	16
-0.0358021620493201	1.01699964744668	1536
0.01250753936361	0.696808660965334	1536
0.06176150416243	0.575573951673107	80
-0.02605057068814	0.841185243096645	2354
0.0603221792564701	0.575449353150941	6
0.0603221792564701	0.575449353150941	26
-0.03133090077912	1.02255594122577	851
-0.0379065413317801	1.01428607707156	851
0.05813574565807	1.53544919760824	16
-0.03097425524818	1.02141585730491	16
-0.0187689361233101	0.850059205901264	212
0.0712670867367	1.39225333123385	212
-0.0228791096204799	0.846331341436971	80
-0.0284387887742199	1.02505063121029	841
0.06497186902393	0.578443560062359	80
0.06176150416243	0.575573951673107	159
-0.02257748212948	0.846325955266984	80
-0.00669854130276004	0.68182628643706	80
0.0021477801918599	0.690181006466159	6
0.00104777080569995	0.690276905484279	105
0.0016173348597599	0.688521459133206	202
0.06324002887349	0.576609113923133	543
0.06241816264665	0.575069672184954	16
-0.03575762110819	1.01279878705827	16
0.0676057200529201	0.577246124018883	212
-0.0320729772717401	1.02039096606794	841
-0.03097425524818	1.02141585730491	80
0.0611873140018699	0.576162678907346	2354
0.06176150416243	0.575573951673107	310
0.06304524468309	0.575330243550069	555
-0.0236567208437399	0.845162682271321	555
0.05974779582566	0.574099743860578	105
0.06641060189182	0.578095540716024	851
-0.0334364066289601	1.0206978837929	16
0.0611873140018699	0.576162678907346	16
0.0603221792564701	0.575449353150941	202
-0.0305603681142099	0.836393576017917	212
0.0021477801918599	0.690181006466159	80
0.0658368577022399	0.578688566094146	80
-0.0189429099835801	0.84978559568269	80
-0.03319533622829	0.833733783798595	555
0.06089635736011	0.57486221118602	2790
-0.1233227376261	1.15271589769727	134
-0.02521157463516	1.0282824093093	851
0.06497186902393	0.578443560062359	543
-0.01842083849468	0.849109459771936	16
-0.12012009970505	1.28271642504748	212
0.000576143278439911	0.688308974423275	2954
0.01250753936361	0.696808660965334	16
0.0655456320514201	0.577850509647929	80
0.0623431977133699	0.575344807364201	80
-0.02335523777402	0.84543378068884	80
0.0641062582252101	0.57783656828618	80
-0.0300298585733201	0.837997532256964	420
-0.03547373295267	1.01628462952598	420
0.0655456320514201	0.577850509647929	420
-0.02974924263712	0.837586726640121	159
0.00399247684920989	0.690394720161163	6
0.05974779582566	0.574099743860578	555
0.0678976197735399	0.578952002833974	6
0.07447908145616	1.39790625094217	851
-0.0257887747440899	1.02817059109824	851
0.0641062582252101	0.57783656828618	202
0.0603221792564701	0.575449353150941	543
-0.0399439257549901	1.17432464571065	16
-0.03010258916354	1.02334871044397	212
0.00455532885968002	0.691509463795607	80
0.0641062582252101	0.57783656828618	583
-0.0285642011840701	0.837323821573635	159
0.05974779582566	0.574099743860578	159
0.0643979077286201	0.577085966346076	1087
0.00717857209743	0.694778656366304	6
-0.0228791096204799	0.846331341436971	555
-0.0984568388328	1.74649836415	851
0.09696636143537	1.24054677090736	134
0.000518758534119979	0.688969463483089	851
0.10340864859887	1.95584533400235	851
0.0690528778653801	0.577828639701223	543
0.0563414332457799	0.572549276189887	543
0.0597995890543499	1.53548164375992	202
0.06176150416243	0.575573951673107	212
-0.02466692200805	0.842428899147951	212
-0.0156041316818301	0.852031985474326	80
0.05974779582566	0.574099743860578	80
0.0113737672954799	0.694251685424298	80
0.12458656655865	1.05765183063251	420
-0.0160256680634301	0.851960600403948	583
0.06641060189182	0.578095540716024	80
0.0646800402191901	0.577244755259019	80
-0.02435081850432	0.842625141186324	80
0.0551907052804701	0.570883719304841	2353
0.0603221792564701	0.575449353150941	1753
-0.04083879437183	1.57759513839548	765
0.09263667865515	1.23381250346384	202
0.04849504745259	1.51205103685274	16
-0.10976971776251	1.41139974626797	16
-0.12456981138289	1.15271805519739	212
0.0658368577022399	0.578688566094146	16
0.0655456320514201	0.577850509647929	16
0.00422639727205998	0.691131199114982	80
0.07528757568996	1.39770684815891	80
-0.0382076090442001	1.01021954414695	80
0.0103595415191	0.696159140742934	80
0.0615575788057401	0.575397722991523	159
-0.0217852069979001	0.84495424920883	80
0.0623431977133699	0.575344807364201	6
-0.000321061867180061	0.688187970617562	6
0.06176150416243	0.575573951673107	6
-0.03925915378051	1.69462399006464	851
-0.1110483942574	1.61740046069887	851
0.0655456320514201	0.577850509647929	851
0.0635322778785099	0.576480757103141	202
0.0598344987371999	0.574552074754926	202
0.0611873140018699	0.576162678907346	543
0.0612932766572201	1.53925014243461	16
-0.0317786933774	1.33753377837044	16
-0.03749797950544	1.18393568570698	16
0.06497186902393	0.578443560062359	80
-0.0304948499709601	1.02291318806978	80
-0.03339998247716	1.01816512299075	80
0.00285664304426003	0.690247193215085	438
0.0594564119373	0.574146809919677	6
0.0611873140018699	0.576162678907346	4
0.06262627398235	0.575986404326764	4
0.03928550373387	1.6421530423043	851
0.07284118696175	1.39731995459278	16
0.0700963763428	1.38992815089609	16
-0.0324683921453399	1.01939239462527	16
0.05518058533754	1.52840744881088	16
-0.1172110629965	1.39932787190602	16
0.0696405617812701	1.38838787033463	930
-0.00591899793522011	0.682610231592815	16
0.0127582019348	0.695516704903893	80
0.05888204034268	0.572802709197407	583
-0.02560848540561	0.844177725594026	583
0.00240222692252989	0.689086956927602	80
0.12101874559855	1.05496844004333	80
0.0678976197735399	0.578952002833974	80
0.0643979077286201	0.577085966346076	105
0.06205222453913	0.576575770191727	1753
0.00553133286710006	0.693014411465741	202
0.0678976197735399	0.578952002833974	202
0.12343239375013	1.05750178871213	16
-0.12244465692278	1.27660363147139	16
0.0787694294972101	1.40352482982487	16
-0.02353348361983	0.844322613954122	16
-0.0308632626324501	1.18876620007563	16
0.06262627398235	0.575986404326764	16
0.08542042578716	1.22297664499456	80
0.0690150289050699	1.38622022336926	80
-0.03094699865936	1.33951436538433	80
-0.0370339799835799	1.01308924346887	420
-0.02730701785816	0.839794057772938	80
0.00371629100523996	0.691087358930325	80
0.06291742676874	0.576696640316621	438
-0.0239364981826899	0.845377008358032	438
0.0655456320514201	0.577850509647929	56
0.0652629153297899	0.577331121752138	56
0.00260667546849991	0.691415486937782	732
-0.0364430489674901	1.81173002009632	765
-0.1237220842111	1.27482860158043	202
-0.04295319721046	1.56724326608379	202
-0.0388585502718599	1.45883687429713	16
0.05720354168202	0.572959867621651	212
-0.04320307730087	1.31921365865143	930
-0.01954451230501	0.848987615586173	80
-0.0305283125746101	1.19395188305691	80
-0.03954819589347	1.01085704293332	80
0.0644809332360901	0.576099294885397	583
0.00293242809066996	0.690747702125752	80
-0.0247948609399	0.841052967551684	80
0.00508480701770009	0.693178123428776	555
0.06641060189182	0.578095540716024	6
0.0000452099830299257	0.686655804077838	105
0.06262627398235	0.575986404326764	26
0.12262603765784	1.8528674339191	202
0.00189292169615007	0.689841585471618	16
0.11767509733507	1.04919450311787	16
0.12251699807783	1.05361639620141	212
-0.0346397234434801	1.18601966299951	80
0.0594564119373	0.574146809919677	721
-0.0236567208437399	0.845162682271321	80
0.00260667546849991	0.691415486937782	80
0.0643979077286201	0.577085966346076	80
0.0652629153297899	0.577331121752138	80
0.01250753936361	0.696808660965334	80
0.00404658836988991	0.690986647971914	438
0.0708294996284899	0.578518011832582	6
0.06089635736011	0.57486221118602	26
0.02877725644102	1.75440532300208	851
0.0942772507326099	1.23866461447072	851
0.0883719221902399	1.2264847591584	851
0.00692576864066008	0.693521170574345	202
-0.0361528171023899	1.01336360962792	16
-0.0221859140365499	0.84607433395072	212
-0.01721819220653	0.851290049953217	212
-0.03387173323085	1.01966551822743	80
0.12125025330422	1.05012724074213	841
-0.0326686853317	1.19174970174119	80
-0.0249694509865399	0.842789606194151	80
0.05547870129105	0.571841073068374	1087
0.06205222453913	0.576575770191727	1753
0.06497186902393	0.578443560062359	105
-0.0344972939460899	1.18911980553743	851
-0.12320209870554	1.27772295332337	202
0.11975243662551	1.05282950763707	16
0.0611873140018699	0.576162678907346	16
0.12102443242657	1.05167350162149	16
-0.1189755620451	1.28493559109891	16
-0.0402803099032001	1.00520164790733	80
0.00267810736268004	0.690636942339763	80
-0.0270049495987601	0.840146814489466	80
0.0652629153297899	0.577331121752138	80
0.0614779765006099	0.575223127248405	80
0.0643979077286201	0.577085966346076	80
0.0641062582252101	0.57783656828618	6
0.0847099692083599	1.2223724988775	851
0.0919083895274	1.23468678154517	202
0.0646800402191901	0.577244755259019	16
0.0687623835620801	0.579389020639623	16
-0.04334768558967	1.90948148218723	16
-0.02560848540561	0.844177725594026	80
0.0603221792564701	0.575449353150941	438
-0.03940006601561	1.32363896237816	80
0.00854736828993996	0.694881226930905	56
0.0614779765006099	0.575223127248405	56
0.0646800402191901	0.577244755259019	4
-0.03737762365514	1.01172388698612	851
-0.0284707970098099	0.839749903979773	851
0.00508480701770009	0.693178123428776	851
0.0740587361579299	0.577412576909472	16
0.00561416805771997	0.693634697863814	16
0.05461534937901	0.570549366404683	16
0.0577788389210201	0.573295283481806	16
-0.0391128188918399	1.01142708364729	80
0.0682704399332299	0.576165987111747	80
0.0643979077286201	0.577085966346076	56
0.05547870129105	0.571841073068374	26
0.00508480701770009	0.693178123428776	105
0.0643979077286201	0.577085966346076	851
0.00614341202314006	0.692818894948525	851
-0.0381062293191401	1.58424598250977	543
0.06262627398235	0.575986404326764	202
-0.0216258510894201	0.847367504278335	16
-0.0255735155550401	0.840066809584573	16
0.05974779582566	0.574099743860578	16
0.0636199618746001	0.575665599041282	80
0.0687623835620801	0.579389020639623	80
-0.01936034219942	0.849523948938078	80
-0.0235386793432599	0.842760004029124	555
0.06205222453913	0.576575770191727	6
0.0673239464909801	0.577596717444378	105
0.06176150416243	0.575573951673107	4
0.0611873140018699	0.576162678907346	4
-0.03660087200939	1.58457720727226	851
0.10862469636511	1.96885134469859	851
-0.0302730724897	1.4735185796445	851
0.00827171168379004	0.693669391229875	16
-0.04239951375961	1.00439948507373	16
-0.03512281943824	1.18070293681583	16
0.0641062582252101	0.57783656828618	80
-0.02346534425963	0.845877160255437	80
0.0614779765006099	0.575223127248405	80
0.06205222453913	0.576575770191727	80
0.00483077342270999	0.692626429783641	438
0.00424613030137011	0.691543070982657	1425
0.06205222453913	0.576575770191727	1425
0.0611873140018699	0.576162678907346	105
0.06962651355507	0.579182253156176	105
0.06205222453913	0.576575770191727	105
0.0611873140018699	0.576162678907346	105
0.00189292169615007	0.689841585471618	851
0.06712504930471	1.38604100718924	202
0.00854736828993996	0.694881226930905	16
-0.000321061867180061	0.688187970617562	16
0.00586765213810003	0.693882064620264	212
-0.02966146904378	1.19370302021293	16
-0.0323942505704999	1.18991771254478	16
0.06069635629646	0.575154297721853	212
-0.02794243971871	0.840595401316405	16
-0.0175189188846501	0.849681183731442	80
-0.04159569237731	1.17162102117289	236
0.0611873140018699	0.576162678907346	80
0.0676057200529201	0.577246124018883	80
-0.0197188889134201	0.849018090222835	80
-0.02419049180415	0.843322270030413	80
-0.0361528171023899	1.01336360962792	80
-0.0201690238491301	0.848541173338987	80
0.0722671946858	0.578872717124963	80
0.0611873140018699	0.576162678907346	105
0.06205222453913	0.576575770191727	105
0.0658368577022399	0.578688566094146	26
0.00801897563274001	0.694425653582333	1753
0.06089635736011	0.57486221118602	26
-0.01936034219942	0.849523948938078	202
0.06262627398235	0.575986404326764	80
0.06089635736011	0.57486221118602	80
-0.02097037967704	0.845832345514803	80
-0.0192438689004599	0.849917599567846	80
0.0560540375112599	0.572176134773053	80
-0.03456632439259	1.0169692619824	105
0.06497186902393	0.578443560062359	1087
0.00508480701770009	0.693178123428776	105
0.03912866292424	1.77859920478366	202
-0.0312822490377001	1.47087962302096	212
0.0702407141096999	1.39299069474937	2572
-0.04437184144426	1.4459032368543	80
0.06176150416243	0.575573951673107	80
0.0603221792564701	0.575449353150941	80
0.0611873140018699	0.576162678907346	80
0.00318633412263991	0.68942663980602	105
-0.0314926670168201	1.19059434485607	202
-0.02157180466131	0.845149522164259	202
0.0112019598989399	0.694353356637563	202
0.00293242809066996	0.690747702125752	851
-0.02879624573378	1.34351058603886	202
0.00475418153282003	0.692440407310782	16
0.06670872117964	1.38223095514204	2572
0.00313507705548011	0.690925092944883	80
-0.0260836113862299	0.843673668477193	80
0.0611873140018699	0.576162678907346	420
0.0560540375112599	0.572176134773053	80
0.06012134843669	0.574818428531195	80
0.06324002887349	0.576609113923133	80
0.05720354168202	0.572959867621651	80
0.060612918568	0.574810701056327	26
0.0614779765006099	0.575223127248405	825
-0.0298196895002201	1.82802393214406	202
-0.03549982885828	1.18498650127187	202
0.11654195889502	1.04467767740016	16
-0.0320664363777801	0.834671656272666	3248
-0.0338353761786501	1.0195201335137	212
-0.03663649754584	1.01585626246522	16
-0.0411544503252099	1.00801059559845	212
-0.0339431265496299	1.18935759064188	2472
0.060612918568	0.574810701056327	80
0.0603221792564701	0.575449353150941	80
0.00664969996917009	0.694322095482239	52
0.00424613030137011	0.691543070982657	80
0.08641049789528	1.22268786064427	80
-0.02894677378634	0.839247111317597	56
-0.01769258657851	0.851149257020452	105
-0.0306576135602099	1.82435531415577	202
-0.00135378827224009	0.68680319900825	16
-0.03663649754584	1.01585626246522	16
-0.11692696367162	1.28741698442399	3248
-0.0429870046113501	1.44464795564242	16
-0.03211259544988	1.01904471275302	2472
-0.02278891735914	0.845427397951457	80
0.06497186902393	0.578443560062359	80
0.0897660920143	1.22934840477478	80
-0.0155551825226099	0.852857189730334	80
-0.01769258657851	0.851149257020452	80
0.00692576864066008	0.693521170574345	80
-0.03098298667999	0.83565862292206	6
0.00430116810844994	0.692170239986747	6
-0.0427948148930899	1.00317621128989	6
0.09356566341917	1.9286105114243	851
0.060612918568	0.574810701056327	851
0.06497186902393	0.578443560062359	851
-0.02970321858155	1.19371633365679	202
0.05345091390261	1.52446495772223	981
0.0104226036363799	0.692885811528757	16
-0.03097425524818	1.02141585730491	16
-0.1184751819855	1.39699431897677	212
0.00129886233226006	0.689668705776789	16
0.0914750049272699	1.23495093842013	16
0.0598344987371999	0.574552074754926	212
-0.0369842523139201	1.01236601338167	2472
-0.02560848540561	0.844177725594026	80
0.00430116810844994	0.692170239986747	16
-0.03097425524818	1.02141585730491	80
-0.0152187979851801	0.852590403954879	80
-0.02184764776114	0.847785496989306	80
0.06012134843669	0.574818428531195	1184
0.00449936546613006	0.691150728040127	80
0.00129886233226006	0.689668705776789	80
0.06497186902393	0.578443560062359	105
0.06497186902393	0.578443560062359	380
0.05974779582566	0.574099743860578	41
0.10977828786295	1.97011502734375	851
0.0547327482790501	1.5280566033243	202
-0.020848758066	0.848002492808298	202
0.0684710951174199	0.578360020930028	202
0.0941618133616	1.23598391369931	202
-0.0358301892708801	1.18164389154274	16
-0.12192951073227	1.15727821625654	80
0.0108871990781401	0.69661470718865	16
-0.0207956929881301	0.847400475414194	80
0.0119804938611101	0.695138408890028	80
0.00320831641663011	0.689829279676215	80
-0.0005723376404001	0.687366346179128	80
0.0950157473862501	1.23728734428266	80
0.0511974351737099	0.568134187441678	1425
0.0592594715086701	0.574216413367679	105
0.0615575788057401	0.575397722991523	105
0.05974779582566	0.574099743860578	595
0.12267173649097	1.84858710343353	202
0.10450233450856	1.95781832590272	202
-0.0186416355219701	0.848129221640452	202
-0.0228791096204799	0.846331341436971	202
0.07136368712174	1.39186412367924	212
-0.0216258510894201	0.847367504278335	16
0.12471448277166	1.05819041037015	16
0.0560540375112599	0.572176134773053	212
0.00801897563274001	0.694425653582333	16
0.09225707871095	1.23061161997883	80
-0.0216258510894201	0.847367504278335	80
-0.0365470282045799	1.01296612736285	80
0.05668786487255	0.571332871837485	80
0.00553133286710006	0.693014411465741	80
-0.03128635137458	0.836250840993993	80
0.0942772507326099	1.23866461447072	420
0.0615575788057401	0.575397722991523	80
0.01250753936361	0.696808660965334	80
0.0135350805236201	0.69523250743946	80
-0.0200717921847799	0.848361585992025	80
0.08982370381334	1.22527956227361	80
0.00267810736268004	0.690636942339763	80
-0.01769258657851	0.851149257020452	1425
0.0641062582252101	0.57783656828618	56
0.0658368577022399	0.578688566094146	148
0.06291742676874	0.576696640316621	105
0.0611873140018699	0.576162678907346	105
0.1217858241178	2.43908824680214	202
-0.02927099187253	1.0243542367407	851
-0.03529158766074	1.46425578441467	981
-0.0374780102168699	1.17530530794114	981
0.11721441477654	1.04682485329733	16
0.07329774469033	1.39653655229923	202
-0.03387173323085	1.01966551822743	16
-0.0293748117239701	1.02510528535836	16
-0.0425729398358401	1.45016526330347	212
-0.02335523777402	0.84543378068884	212
-0.02615729761966	0.839435911884765	212
-0.03132780159534	1.02024451129003	16
0.00189292169615007	0.689841585471618	212
-0.0324065560835201	1.46878990464573	2472
-0.0223182374369699	0.847285155161717	212
-0.04075537668628	1.1769913213275	80
-0.0386324622081899	1.32726521886666	80
0.0641062582252101	0.57783656828618	80
-0.01816706767651	0.850249471494147	80
-0.0357286113954101	1.18385501602726	80
0.0632078011036901	0.574927820339808	80
0.00664969996917009	0.694322095482239	105
-0.0213242609706901	0.847859591846366	105
-0.0337788279584299	1.18676245759182	202
-0.00110196372153992	0.687849919556878	981
-0.03373581658541	1.01838826656207	981
0.06266602934731	0.575258394733933	202
0.00422639727205998	0.691131199114982	80
0.00104777080569995	0.690276905484279	80
0.0655456320514201	0.577850509647929	80
0.06176150416243	0.575573951673107	80
0.0684710951174199	0.578360020930028	16
0.09739146451674	1.24123127154654	80
-0.0215085080158	0.847785511360695	80
-0.0288741182711301	1.02444802740584	80
0.0103595415191	0.696159140742934	80
0.06670122068132	0.578357087896594	80
0.00958016502306003	0.695917467871454	80
0.0681887291410099	0.57803285948981	80
0.060612918568	0.574810701056327	56
0.06291742676874	0.576696640316621	105
0.00136235077006996	0.689385845375163	105
0.0623431977133699	0.575344807364201	105
0.08579118759654	1.21960348242391	202
0.0061207112992101	0.692650977578977	202
0.06069635629646	0.575154297721853	543
0.0050037967721599	0.691704308048797	1551
-0.0284707970098099	0.839749903979773	3248
-0.02691321243886	1.02698353817723	212
0.12309152968278	1.05580392659013	16
-0.04187748569525	1.17613068661862	16
0.00189292169615007	0.689841585471618	16
0.00801897563274001	0.694425653582333	80
-0.01675120711278	0.850456535035649	80
0.06497186902393	0.578443560062359	80
0.00801897563274001	0.694425653582333	80
0.06262627398235	0.575986404326764	56
0.0623431977133699	0.575344807364201	56
0.060612918568	0.574810701056327	56
0.0614779765006099	0.575223127248405	105
0.00932812295723995	0.695796600619346	105
0.00586765213810003	0.693882064620264	105
0.06012134843669	0.574818428531195	105
-0.0380170352082101	1.58367974162515	851
-0.0308369579243499	1.33860173839908	202
-0.02434325861227	0.843927772407406	202
-0.03250914084671	1.01978881304927	87
-0.0375848482121901	1.01337830245956	87
-0.0353207702799701	1.014115975447	202
-0.0350031771091299	1.01636756749512	202
-0.0228791096204799	0.846331341436971	202
0.00449936546613006	0.691150728040127	16
0.00827171168379004	0.693669391229875	80
0.00136235077006996	0.689385845375163	80
-0.0189429099835801	0.84978559568269	80
0.0611873140018699	0.576162678907346	80
0.06641060189182	0.578095540716024	56
0.060612918568	0.574810701056327	105
0.0609825901857599	0.575061904640739	105
0.0563414332457799	0.572549276189887	105
0.06205222453913	0.576575770191727	105
0.0678976197735399	0.578952002833974	105
0.00351673890245996	0.690531410020346	105
0.00907564491784996	0.694063919515537	87
-0.0255735155550401	0.840066809584573	87
-0.0231804130222399	0.845307064723599	202
-0.11673522715417	1.28690844970033	202
-0.11924888603381	1.28315991331946	16
-0.11680982273192	1.28641190335829	16
0.060612918568	0.574810701056327	16
0.06262627398235	0.575986404326764	1551
0.00655612027740005	0.691560501637993	16
0.12391088177045	1.05663315505034	80
0.06176150416243	0.575573951673107	80
0.06176150416243	0.575573951673107	80
0.00605875448629001	0.692521730141183	80
0.05888204034268	0.572802709197407	80
-0.00163170668356005	0.686548287134407	80
0.0563414332457799	0.572549276189887	80
0.0643979077286201	0.577085966346076	80
0.06069635629646	0.575154297721853	105
0.06497186902393	0.578443560062359	148
0.00240222692252989	0.689086956927602	148
0.05547870129105	0.571841073068374	4
0.0560540375112599	0.572176134773053	4
-0.0319440372141	1.19074183951565	202
0.12297329128269	1.05510872309431	202
0.00958016502306003	0.695917467871454	202
0.00189292169615007	0.689841585471618	87
0.08556122541414	1.22158877182413	202
0.0811663812019201	1.40717875927756	543
0.0655456320514201	0.577850509647929	16
0.06266602934731	0.575258394733933	1551
0.00630766010611006	0.693254840783381	1551
0.06497186902393	0.578443560062359	1551
0.00136235077006996	0.689385845375163	1551
0.00958016502306003	0.695917467871454	212
-0.0406766075927101	1.00634717203283	16
0.00110695783841996	0.688764264593948	16
-0.0291387615294001	1.02090346404785	80
-0.00213603101148996	0.686013215629264	80
0.060612918568	0.574810701056327	80
0.0611873140018699	0.576162678907346	56
0.0611873140018699	0.576162678907346	148
0.06262627398235	0.575986404326764	105
0.00528185102601997	0.691948679154516	105
-0.0190693981474099	0.847847267904455	87
0.0658368577022399	0.578688566094146	16
-0.0285964505073999	0.839712375171565	1551
0.0635322778785099	0.576480757103141	1551
0.06390623522406	0.575763852388588	1551
0.0681887291410099	0.57803285948981	1551
0.06670122068132	0.578357087896594	212
-0.00299318838445006	0.685580419011622	16
0.0603221792564701	0.575449353150941	80
-0.0228791096204799	0.846331341436971	16
0.060612918568	0.574810701056327	80
0.06176150416243	0.575573951673107	80
0.06497186902393	0.578443560062359	80
0.0611873140018699	0.576162678907346	80
0.06641060189182	0.578095540716024	80
0.0611873140018699	0.576162678907346	80
0.0586403009672001	0.57341570515588	80
0.06390623522406	0.575763852388588	80
-0.00163170668356005	0.686548287134407	56
0.06205222453913	0.576575770191727	56
0.06291742676874	0.576696640316621	1235
0.06176150416243	0.575573951673107	1137
0.0603221792564701	0.575449353150941	105
0.0563414332457799	0.572549276189887	200
0.0646800402191901	0.577244755259019	369
0.00614341202314006	0.692818894948525	202
-0.0348876994593601	1.81886295110846	202
0.0577788389210201	0.573295283481806	87
-0.10659799285755	1.41684578031546	543
0.0623431977133699	0.575344807364201	543
0.0678976197735399	0.578952002833974	16
0.06176150416243	0.575573951673107	1551
0.06205222453913	0.576575770191727	1551
0.0603221792564701	0.575449353150941	80
0.06205222453913	0.576575770191727	80
-0.03265422077259	1.33558243670285	80
0.0687623835620801	0.579389020639623	80
0.06324002887349	0.576609113923133	80
-0.02730701785816	0.839794057772938	80
0.000576143278439911	0.688308974423275	105
0.00561416805771997	0.693634697863814	105
0.0641062582252101	0.57783656828618	825
0.0586403009672001	0.57341570515588	87
-0.1147009610808	1.5077292880811	87
0.03657090621291	1.77017517812914	543
-0.02413311732103	0.844266334309948	16
0.0658368577022399	0.578688566094146	1551
0.06349145731342	0.576107730106197	212
0.0687623835620801	0.579389020639623	80
0.0122564278441499	0.696475552291052	80
0.00104777080569995	0.690276905484279	80
0.00260667546849991	0.691415486937782	80
0.0636199618746001	0.575665599041282	105
0.0929940783405401	1.23589650605312	105
0.06612729710276	0.577002863033466	105
0.06497186902393	0.578443560062359	380
0.12263337779735	1.05403722589652	105
0.0684710951174199	0.578360020930028	4
0.0611873140018699	0.576162678907346	4
0.0569167499116701	0.572884622733256	152
0.00240222692252989	0.689086956927602	851
0.0603221792564701	0.575449353150941	851
0.0641062582252101	0.57783656828618	851
0.0641062582252101	0.57783656828618	87
0.00586765213810003	0.693882064620264	87
0.0611873140018699	0.576162678907346	16
0.0034625113848501	0.691203628034591	16
0.0655456320514201	0.577850509647929	16
0.00045904102374994	0.688250976185621	16
0.0637820113037599	0.576275963644178	16
0.06012134843669	0.574818428531195	212
0.0668359805930201	0.575844934051185	212
-0.0495298777134101	1.43276262001029	80
0.01010806773565	0.696373336398546	80
0.00318633412263991	0.68942663980602	80
0.0611873140018699	0.576162678907346	56
0.06262627398235	0.575986404326764	662
-0.01855126717147	0.850157720643328	105
0.06069635629646	0.575154297721853	1137
0.0708294996284899	0.578518011832582	825
0.0580650230272699	0.573080429177984	4
0.06324002887349	0.576609113923133	851
0.0611873140018699	0.576162678907346	851
0.0641062582252101	0.57783656828618	202
0.01010806773565	0.696373336398546	2806
-0.01461448261346	0.851839755687655	87
-0.10265954694973	1.53173074169615	87
0.0655456320514201	0.577850509647929	543
0.00391306652033996	0.691065305054693	543
0.0586403009672001	0.57341570515588	16
-0.000321061867180061	0.688187970617562	1551
0.00854736828993996	0.694881226930905	16
0.000208317397720093	0.687704069862097	16
0.0569167499116701	0.572884622733256	80
-0.0309293905678301	1.02277228118462	16
-0.03634894941666	1.46317001887685	16
-0.03560442696392	1.46445206417671	16
-0.0379485790629299	1.1823890779314	80
0.00430116810844994	0.692170239986747	80
0.0600305781509101	0.573563297385593	80
0.0560540375112599	0.572176134773053	80
0.06641060189182	0.578095540716024	304
0.06291742676874	0.576696640316621	662
0.0592594715086701	0.574216413367679	105
0.00561416805771997	0.693634697863814	200
0.0627583472834601	0.574558056795105	4
0.0914680714490701	1.23193317787811	851
0.0021477801918599	0.690181006466159	851
0.00136235077006996	0.689385845375163	2806
0.06176150416243	0.575573951673107	2806
-0.0337775728421701	1.01759718242973	2806
-0.03219366757311	1.33841205703564	16
0.0803321098091601	1.40694493892738	80
0.00508480701770009	0.693178123428776	16
0.0034625113848501	0.691203628034591	80
0.11941706466598	1.0479626312682	80
0.06205222453913	0.576575770191727	80
0.0917845847586401	1.23152577309821	80
0.060612918568	0.574810701056327	80
0.0021477801918599	0.690181006466159	80
0.060612918568	0.574810701056327	244
0.00761008516629991	0.692375943224822	105
-0.0341724398557499	1.01778620114782	87
-0.0345670351124801	1.01831840857558	87
0.0937345218169601	1.23226059295753	202
-0.02575740391739	0.842479419857633	543
-0.02622549241784	0.841135468705538	202
0.0663147441170899	1.38555620791814	202
0.000208317397720093	0.687704069862097	1551
-0.02001971393119	0.848845456280035	212
0.00260667546849991	0.691415486937782	212
-0.03373581658541	1.01838826656207	16
-0.00221632711864994	0.686274477228262	80
-0.00319638715160009	0.685195352755621	16
-0.03263547480721	1.01890579426619	80
-0.0155551825226099	0.852857189730334	80
0.06497186902393	0.578443560062359	80
0.0637820113037599	0.576275963644178	80
0.06324002887349	0.576609113923133	80
-0.02157180466131	0.845149522164259	80
0.12136747621917	1.05289629957517	80
-0.0458519494284599	1.16735330693368	80
0.0687623835620801	0.579389020639623	80
0.0690528778653801	0.577828639701223	80
0.06205222453913	0.576575770191727	80
0.06497186902393	0.578443560062359	80
-0.0391128188918399	1.01142708364729	851
-0.000321061867180061	0.688187970617562	2806
0.0643979077286201	0.577085966346076	87
0.0879447259106501	1.22740339274907	16
-0.02638634591753	0.843284064989319	16
0.00399247684920989	0.690394720161163	16
-0.0273782990595	1.19843758081063	16
-0.0281671448851799	0.83978205827372	16
-0.0322002202924101	1.01977597814628	16
0.06497186902393	0.578443560062359	80
0.0658368577022399	0.578688566094146	80
0.11848267972135	1.05024213152447	80
0.06069635629646	0.575154297721853	80
0.0614779765006099	0.575223127248405	80
-0.0223182374369699	0.847285155161717	80
0.06291742676874	0.576696640316621	80
-0.0249694509865399	0.842789606194151	80
0.08341638392328	1.21978484332409	80
0.060612918568	0.574810701056327	80
0.060612918568	0.574810701056327	304
0.06176150416243	0.575573951673107	80
0.06291742676874	0.576696640316621	80
0.0623431977133699	0.575344807364201	56
0.0580650230272699	0.573080429177984	56
0.0693358401298201	0.578796394975642	662
0.0632078011036901	0.574927820339808	244
0.0611873140018699	0.576162678907346	105
-0.02240306986885	0.846475145188653	105
0.000796253389989898	0.688787241678732	2820
0.0611873140018699	0.576162678907346	105
0.060612918568	0.574810701056327	4
0.00692576864066008	0.693521170574345	4
-0.0320729772717401	1.02039096606794	851
0.0976231489852899	1.23624815246357	202
0.06069635629646	0.575154297721853	202
0.00313507705548011	0.690925092944883	16
0.10576409282164	1.24822337235435	1110
0.0632078011036901	0.574927820339808	202
0.0016173348597599	0.688521459133206	202
0.0586403009672001	0.57341570515588	16
0.00555843856423	0.690797370939248	16
0.0053602613747501	0.69181356761285	1551
-0.0272158227889701	0.839396512708841	212
0.06497186902393	0.578443560062359	212
-0.02764000128922	0.841611880836867	16
0.00639676878278994	0.694338750578675	2749
0.00260667546849991	0.691415486937782	80
0.06069635629646	0.575154297721853	80
0.0623431977133699	0.575344807364201	671
0.0529147723441901	0.569243111410707	80
0.05897200973491	0.573334925553979	80
0.0655456320514201	0.577850509647929	80
0.0658368577022399	0.578688566094146	80
0.0603221792564701	0.575449353150941	4
-0.11788094979915	1.28219647626073	851
-0.0294727476888901	1.1923701571325	87
-0.0231804130222399	0.845307064723599	87
-0.1136406455716	1.40054595809388	202
0.0643979077286201	0.577085966346076	80
-0.01674388453929	0.850143859505032	16
0.0466198320231901	1.65587151379163	16
0.00242337421849004	0.689036040188378	80
-0.0184681593100999	0.850685538190188	80
-0.02466692200805	0.842428899147951	80
0.00586765213810003	0.693882064620264	671
0.00260667546849991	0.691415486937782	80
-0.02054702631205	0.848219007755662	236
0.00240222692252989	0.689086956927602	80
0.0609825901857599	0.575061904640739	80
0.06641060189182	0.578095540716024	891
-0.09383711189432	2.39223206169153	851
0.0545036248309001	1.52188963087247	851
0.0702405931817201	1.3901142613461	87
0.06205222453913	0.576575770191727	87
-0.0361945570667399	1.01013858313347	87
-0.0323548552173101	1.18972911944146	87
-0.0273876333855001	0.840062381346127	87
0.09707266554842	1.24172573568626	87
0.0978164830305299	1.24097361173751	87
-0.0350031771091299	1.01636756749512	1551
-0.0345670351124801	1.01831840857558	16
-0.02001971393119	0.848845456280035	16
-0.0221016225355	0.847224192673576	80
-0.0267923291352801	0.837647960485176	16
0.06291742676874	0.576696640316621	16
0.0955715430481701	1.23932625920873	236
0.0529147723441901	0.569243111410707	80
-0.0207956929881301	0.847400475414194	80
0.06962651355507	0.579182253156176	80
-0.03300116325666	1.0208400080725	80
0.00533841866345997	0.692211463064849	80
0.0635322778785099	0.576480757103141	80
0.06641060189182	0.578095540716024	105
0.0603221792564701	0.575449353150941	2820
0.0664585335295	0.576484309411764	2820
0.0643979077286201	0.577085966346076	825
-0.0998753738382201	1.83849390762836	851
-0.0371099846401399	1.01336350375867	851
0.00189292169615007	0.689841585471618	87
0.11492208007951	1.04285242237245	87
0.00932812295723995	0.695796600619346	212
0.00614341202314006	0.692818894948525	1551
0.12343844218303	1.05481350369827	1551
0.0061207112992101	0.692650977578977	1551
0.00958016502306003	0.695917467871454	16
-0.0341724398557499	1.01778620114782	914
-0.00397991169439993	0.684126348015788	80
-0.0313472129339101	1.19345077168754	236
0.0658368577022399	0.578688566094146	16
-0.0378589569207901	1.00839344811819	80
0.06262627398235	0.575986404326764	80
0.06205222453913	0.576575770191727	80
0.0643979077286201	0.577085966346076	80
-0.02492208119964	1.02935019835207	80
0.0611873140018699	0.576162678907346	80
0.0529147723441901	0.569243111410707	352
0.0658368577022399	0.578688566094146	56
0.0600305781509101	0.573563297385593	105
0.06205222453913	0.576575770191727	105
0.0595011324668799	0.572999274023498	105
0.0655456320514201	0.577850509647929	380
0.01039360601763	2.07279454754578	851
0.0614779765006099	0.575223127248405	2806
-0.02841838157869	0.840092250200949	1110
-0.01855126717147	0.850157720643328	701
0.12456281996027	1.85284721959716	16
-0.0292502703225901	0.838987481079416	16
0.06349145731342	0.576107730106197	16
0.00267810736268004	0.690636942339763	16
-0.02798944513448	1.34356216641735	16
0.12182535917109	1.05619026747191	80
-0.0259110350317699	0.842387346908396	80
0.09204710932882	1.23294450515551	80
0.0681887291410099	0.57803285948981	80
-0.02419049180415	0.843322270030413	80
-0.02652771536146	0.841038919394943	80
0.0594564119373	0.574146809919677	56
0.0678976197735399	0.578952002833974	56
0.0103595415191	0.696159140742934	891
-0.0216258510894201	0.847367504278335	244
-0.02610680240688	1.19830189819264	87
0.00854736828993996	0.694881226930905	87
0.07534385086382	1.39899550372761	701
0.00104777080569995	0.690276905484279	16
-0.02184764776114	0.847785496989306	1551
0.00801897563274001	0.694425653582333	16
0.0947789569975599	1.23320442569569	80
-0.01983022809279	0.847663507123816	16
0.0655456320514201	0.577850509647929	16
0.07255791242138	0.579448662854267	80
-0.0223182374369699	0.847285155161717	80
-0.0316765778353001	1.02037091179861	80
-0.0288741182711301	1.02444802740584	80
0.0603221792564701	0.575449353150941	80
0.0021477801918599	0.690181006466159	80
-0.01769258657851	0.851149257020452	80
0.00189292169615007	0.689841585471618	80
0.06069635629646	0.575154297721853	80
-0.0301135365226499	1.19336351940462	80
-0.00826002148377003	0.679100898292718	80
-0.02257748212948	0.846325955266984	80
0.0687623835620801	0.579389020639623	56
0.0898218217998601	1.22717917282615	56
0.06497186902393	0.578443560062359	105
0.0643979077286201	0.577085966346076	105
0.0611873140018699	0.576162678907346	105
0.0611873140018699	0.576162678907346	105
-0.0372096347359001	1.92229251587067	851
-0.03729225842766	1.32443296498658	851
-0.0350882223398501	1.18534150381293	1551
-0.0351909783408699	1.33184157676211	212
-0.02335523777402	0.84543378068884	16
0.06349145731342	0.576107730106197	16
-0.0320729772717401	1.02039096606794	16
0.00104777080569995	0.690276905484279	80
-0.0292502703225901	0.838987481079416	80
0.0016173348597599	0.688521459133206	80
0.06497186902393	0.578443560062359	56
0.06641731037294	1.38432345507007	2806
-0.02428386332913	1.20002675194344	87
-0.0320729772717401	1.02039096606794	87
-0.10837354975701	1.29980606375619	202
-0.01936034219942	0.849523948938078	1551
-0.02481357322677	1.02888697851606	16
-0.0376648846127801	1.32540437060882	16
-0.02872695315118	1.59993111709571	16
-0.03743520276143	1.01290012452969	16
-0.02833939563472	1.59918478405643	16
0.06916086620226	1.38561585739748	80
0.060612918568	0.574810701056327	80
-0.02466692200805	0.842428899147951	80
-0.0309335812612801	1.0220350989288	236
0.06266602934731	0.575258394733933	56
-0.02764000128922	0.841611880836867	891
0.00267810736268004	0.690636942339763	105
-0.02466692200805	0.842428899147951	105
0.0520564219683599	0.568835833916539	380
0.0611873140018699	0.576162678907346	380
0.0641062582252101	0.57783656828618	380
-0.11204089765772	1.29556327364314	87
-0.03128635137458	0.836250840993993	202
0.0635322778785099	0.576480757103141	1110
0.06363878361816	1.54304074982292	1551
-0.0413526023912201	1.79741895854944	16
0.0684710951174199	0.578360020930028	16
-0.0317786933774	1.33753377837044	16
0.00207815834684011	0.690106296456495	16
0.0573222410009999	1.67551252125763	16
0.06497186902393	0.578443560062359	236
-0.0360650099630699	1.58147208110507	80
0.00182762709119011	0.690977558044493	80
-0.0385198903522099	1.1782180736246	80
-0.0239578791717601	0.843786125104647	80
0.1010417225569	1.24562568449817	80
0.0641062582252101	0.57783656828618	80
0.06497186902393	0.578443560062359	80
-0.03687388328137	1.46050807934576	560
0.00285664304426003	0.690247193215085	891
-0.000321061867180061	0.688187970617562	105
0.00879997521194009	0.695340728531382	87
0.00932812295723995	0.695796600619346	1110
-0.03737129311786	1.46051789712109	701
0.0552671584275599	1.52996872846454	16
-0.03623801902579	1.0168556664	1551
0.00639676878278994	0.694338750578675	16
-0.0252859310370499	0.844330995209208	16
0.00508480701770009	0.693178123428776	236
0.0664585335295	0.576484309411764	1115
-0.0369842523139201	1.01236601338167	80
-0.0376049791800701	1.18370964029307	80
0.06205222453913	0.576575770191727	236
-0.0335199769277701	0.832209386453814	236
0.00267810736268004	0.690636942339763	560
0.06205222453913	0.576575770191727	244
0.060612918568	0.574810701056327	105
0.06291742676874	0.576696640316621	7
0.0781511210605199	2.0243216992136	16
-0.03098298667999	0.83565862292206	16
-0.0317561146070899	1.33193719891206	80
-0.0309335812612801	1.0220350989288	80
0.10190749427112	1.24469266822895	236
0.00136235077006996	0.689385845375163	236
0.0611873140018699	0.576162678907346	80
0.0910427036269199	1.23373809386051	56
0.06205222453913	0.576575770191727	105
0.05720354168202	0.572959867621651	105
0.0614779765006099	0.575223127248405	105
0.06291742676874	0.576696640316621	105
0.0577788389210201	0.573295283481806	993
0.05720354168202	0.572959867621651	938
-0.09715118318507	1.93710968965572	87
0.06069635629646	0.575154297721853	87
-0.0307385271696099	1.47206189712926	202
-0.11186118256591	1.2944751993807	202
0.0936625454633	2.0694764164875	202
-0.11355756409109	1.50789077639313	16
-0.0399129898316	1.17605057989123	80
-0.0277036517609	1.02642061692274	80
-0.0264782562224899	1.02758636007513	236
-0.02597388479053	0.841323046661068	56
0.06262627398235	0.575986404326764	105
0.00189292169615007	0.689841585471618	148
0.0577788389210201	0.573295283481806	105
0.06497186902393	0.578443560062359	105
0.00614341202314006	0.692818894948525	202
0.0678976197735399	0.578952002833974	87
0.0408131009030801	1.6466246206607	202
-0.0384266729171701	1.32221211235007	202
-0.0323942505704999	1.18991771254478	16
-0.02019399618405	0.846899896730581	16
0.0309739116208001	1.76002596706285	16
-0.0231804130222399	0.845307064723599	16
0.0887965645756299	1.22797173783531	16
0.0577788389210201	0.573295283481806	80
-0.02097037967704	0.845832345514803	80
-0.0379450197822	1.01222342434262	80
0.0611873140018699	0.576162678907346	236
0.0641062582252101	0.57783656828618	80
0.0847099692083599	1.2223724988775	80
-0.0320729772717401	1.02039096606794	236
0.00242337421849004	0.689036040188378	244
0.06641060189182	0.578095540716024	105
0.0614779765006099	0.575223127248405	1711
-0.0336005092460001	1.32932387240319	202
-0.12263842833374	1.27451528877492	202
0.0641062582252101	0.57783656828618	202
-0.03302553162848	1.33519645973516	16
-0.0303883949622401	1.19428257459022	16
-0.11231972753926	1.51392845642862	16
0.00320831641663011	0.689829279676215	16
0.06291742676874	0.576696640316621	16
-0.0329047010876999	1.01952518355885	80
0.00508480701770009	0.693178123428776	236
0.1213658312646	1.05561158046828	80
0.00377144538832996	0.690505163253777	80
-0.02778380980174	0.840110460931839	80
0.00639676878278994	0.694338750578675	56
0.00104777080569995	0.690276905484279	244
0.0614779765006099	0.575223127248405	105
0.06324002887349	0.576609113923133	105
0.0672749461620601	0.577766096078519	993
0.0419597968077099	1.64767520763252	851
0.08189374945261	1.21601900777483	87
-0.00344942816176008	0.685422431915486	87
0.0519293292637699	1.51563648709933	16
-0.02686715616889	1.0263953344736	16
-0.03431394409776	1.33597151961682	16
-0.0347761832834399	0.831490869016852	16
-0.0421151474892301	1.45211863278368	16
-0.0397942451253801	1.32273336650249	16
-0.11061894807875	1.51745778408853	16
-0.03373581658541	1.01838826656207	16
0.05974779582566	0.574099743860578	16
0.06291742676874	0.576696640316621	16
-0.00429964162637009	0.684223136845454	236
-0.00110196372153992	0.687849919556878	236
-0.0210552606280401	0.845781309075967	80
0.0577520500812001	1.53499690561795	80
-0.0350882223398501	1.18534150381293	236
-0.03064410600249	1.02377579637906	236
-0.0251434410390099	0.840332210686752	80
0.00508480701770009	0.693178123428776	236
0.06205222453913	0.576575770191727	105
-0.0342283364231699	1.18637431352932	202
-0.12437446090363	1.27491400268462	1110
-0.01769258657851	0.851149257020452	202
-0.02861722542898	1.02313194747916	16
-0.01954451230501	0.848987615586173	16
0.12412941820031	1.0542909736793	16
-0.03217123392197	1.33615481090288	80
-0.02413311732103	0.844266334309948	80
0.06641060189182	0.578095540716024	56
-0.02730969356964	1.02640389049445	56
0.06205222453913	0.576575770191727	244
0.06205222453913	0.576575770191727	1843
0.0050037967721599	0.691704308048797	1843
0.0050037967721599	0.691704308048797	1566
-0.000321061867180061	0.688187970617562	105
0.05974779582566	0.574099743860578	1651
-0.0344972939460899	1.18911980553743	202
0.06712504930471	1.38604100718924	87
-0.0221016225355	0.847224192673576	16
0.09178226436601	1.23299906838598	16
-0.0350511859697	1.18500957311582	16
0.00586765213810003	0.693882064620264	16
-0.03825261508503	1.00980955287592	16
0.0673239464909801	0.577596717444378	236
0.0577788389210201	0.573295283481806	80
0.0678976197735399	0.578952002833974	236
0.10250419575125	1.94413240575559	80
0.0636199618746001	0.575665599041282	80
0.00483077342270999	0.692626429783641	236
0.00313507705548011	0.690925092944883	236
0.0670322258031899	0.5778351002051	236
0.00586765213810003	0.693882064620264	236
-0.00758398503066005	0.857426169943314	236
0.0611873140018699	0.576162678907346	80
0.0615575788057401	0.575397722991523	236
-0.0273482518380099	1.02564976883863	1843
0.0641062582252101	0.57783656828618	105
0.0580650230272699	0.573080429177984	105
0.0687623835620801	0.579389020639623	105
0.0684710951174199	0.578360020930028	139
0.0658368577022399	0.578688566094146	139
0.06089635736011	0.57486221118602	388
0.06497186902393	0.578443560062359	824
-0.0472837761431	1.67533997146337	851
-0.09800878310671	1.74677825204356	851
0.07136368712174	1.39186412367924	851
-0.0468078417828801	1.8952596193182	851
0.12389141280848	1.05808004337834	16
-0.02638634591753	0.843284064989319	212
0.0897660920143	1.22934840477478	16
0.00848808577305005	0.694101084116861	16
-0.0184681593100999	0.850685538190188	16
0.0112019598989399	0.694353356637563	16
-0.0296668820974999	1.0232126458001	16
0.10350251513757	1.2480465250918	16
0.0130344704231	0.697263181278941	16
-0.000321061867180061	0.688187970617562	236
0.00639676878278994	0.694338750578675	80
0.0603221792564701	0.575449353150941	236
0.05720354168202	0.572959867621651	80
0.00639676878278994	0.694338750578675	236
0.0636199618746001	0.575665599041282	56
0.060612918568	0.574810701056327	56
0.0569167499116701	0.572884622733256	56
-0.02054702631205	0.848219007755662	56
-0.0189429099835801	0.84978559568269	56
0.00743094700247005	0.694462877643055	56
0.0635322778785099	0.576480757103141	244
0.06670122068132	0.578357087896594	105
0.00455532885968002	0.691509463795607	105
0.06612729710276	0.577002863033466	139
0.0664585335295	0.576484309411764	105
0.06349145731342	0.576107730106197	105
0.11839683280766	1.84309365113938	851
0.06870474090381	1.38487123029489	87
-0.026861744099	0.842780078427935	87
-0.11973852685928	1.28404080532179	16
0.08080094486695	1.40898081481509	16
-0.0274273160874301	1.02637887488819	16
-0.02400449268641	0.845226570686261	16
0.1201013311771	1.05047690194352	80
-0.0316368981351201	1.02025747599786	80
-0.03387173323085	1.01966551822743	236
0.0641062582252101	0.57783656828618	80
-0.0309335812612801	1.0220350989288	80
-0.02527164880416	0.842174246105442	56
-0.0235985299357	0.844626207809441	105
0.0609825901857599	0.575061904640739	105
0.00854736828993996	0.694881226930905	105
0.0117292512378999	0.696021214946946	139
0.0678976197735399	0.578952002833974	87
0.0627583472834601	0.574558056795105	202
-0.0310173133746701	1.47413822471286	16
0.04680596992563	1.65863967981264	16
-0.03549982885828	1.18498650127187	236
-0.01829409056027	0.848915648871265	236
-0.03623801902579	1.0168556664	1843
0.00664969996917009	0.694322095482239	105
0.0652629153297899	0.577331121752138	148
0.0658368577022399	0.578688566094146	105
0.0652629153297899	0.577331121752138	105
0.0623431977133699	0.575344807364201	1651
0.0678976197735399	0.578952002833974	2047
-0.0358021620493201	1.01699964744668	202
0.000831661395559902	0.687728727771899	16
0.09263667865515	1.23381250346384	80
-0.10163405920391	1.6367522731414	236
0.06176150416243	0.575573951673107	80
0.06176150416243	0.575573951673107	80
-0.02257748212948	0.846325955266984	236
-0.0317656759081499	1.02241474474924	56
0.06390623522406	0.575763852388588	148
0.06012134843669	0.574818428531195	202
-0.0300298585733201	0.837997532256964	16
-0.0213242609706901	0.847859591846366	16
-0.0268338912958399	1.19864457585367	16
-0.0325061938348501	1.1875389788758	16
0.05720354168202	0.572959867621651	236
-0.0358385424570999	1.01669896083723	80
0.0933101555095499	1.23555308375993	80
0.0646803480592399	1.38147301565524	80
-0.000321061867180061	0.688187970617562	236
0.00285664304426003	0.690247193215085	56
0.0641062582252101	0.57783656828618	105
-0.02730969356964	1.02640389049445	87
-0.12451253217964	1.15238140370694	202
-0.11677331425266	1.50136949642649	202
-0.1063060622974	1.52710480552938	16
0.0922083941427401	1.23274861676903	16
0.03535152897442	1.77007185549536	16
-0.0320729772717401	1.02039096606794	16
-0.02278891735914	0.845427397951457	16
0.06304524468309	0.575330243550069	16
0.0658368577022399	0.578688566094146	236
0.0711623637966501	1.39107770670205	236
-0.02560848540561	0.844177725594026	80
-0.03989352624198	1.17790814555435	236
0.12343976830037	1.05772263347813	236
-0.01461448261346	0.851839755687655	236
0.0635322778785099	0.576480757103141	56
0.0678976197735399	0.578952002833974	1843
0.06641060189182	0.578095540716024	105
0.06262627398235	0.575986404326764	105
0.06670122068132	0.578357087896594	2285
-0.0282186521215	1.94003251005106	87
-0.04044023911561	1.00684915495347	87
0.05547870129105	0.571841073068374	87
-0.0360714811359699	1.33063207227918	16
0.0661685924261901	1.5459730572292	939
-0.11963130345571	1.28216832480573	16
-0.02555291035482	1.34397467316224	16
0.0560414491047201	1.53159267197875	16
-0.0256462163081099	1.02842274024167	236
-0.02491111939303	0.842746604380007	236
-0.0254461494376801	0.841896213690955	236
0.05974779582566	0.574099743860578	236
-0.0298092057466099	1.02496540075091	1073
-0.0200717921847799	0.848361585992025	56
0.0684710951174199	0.578360020930028	105
-0.000742015932899909	0.684973573323863	105
0.0641062582252101	0.57783656828618	209
-0.04269335588783	1.68873680087639	851
-0.0323677634808499	1.92600318865996	87
0.00528185102601997	0.691948679154516	16
-0.0354627240259	1.18325848386959	16
-0.11605194398883	1.40061686378502	16
-0.10619483486519	1.51872276675872	16
-0.0351734872799501	1.33143398409904	2831
-0.0206983792045701	0.847915214534253	80
0.00293242809066996	0.690747702125752	80
0.0667199328744399	1.38630569129441	80
-0.0341724398557499	1.01778620114782	236
0.0603221792564701	0.575449353150941	56
0.0021477801918599	0.690181006466159	148
-0.0204950030478399	0.847946970549542	72
0.0611873140018699	0.576162678907346	952
0.0687623835620801	0.579389020639623	129
-0.1096461075841	1.41089302330619	851
-0.12018821269147	2.01837765025871	19
0.0800796356031199	1.20518112380945	16
-0.0271624528589101	1.19490541824808	573
0.00614341202314006	0.692818894948525	16
-0.0278346248405701	1.19554226962625	80
0.0681887291410099	0.57803285948981	236
0.00399247684920989	0.690394720161163	135
0.0580650230272699	0.573080429177984	148
-0.03773378022741	1.33026112526056	607
0.06205222453913	0.576575770191727	139
0.0614779765006099	0.575223127248405	72
-0.0268338912958399	1.19864457585367	72
0.0598344987371999	0.574552074754926	1651
0.00533841866345997	0.692211463064849	139
0.0609825901857599	0.575061904640739	1693
0.0687623835620801	0.579389020639623	187
0.0623431977133699	0.575344807364201	824
-0.11416112544325	1.40133454652675	87
-0.1249666662947	1.15256494916242	440
0.0963006591265501	1.23909756908507	440
0.11975069904959	1.05160089858451	16
0.07168291602848	1.39063351196239	16
0.09793202899759	1.24309371164841	16
0.0673239464909801	0.577596717444378	80
0.01250753936361	0.696808660965334	236
0.06291742676874	0.576696640316621	236
0.0623431977133699	0.575344807364201	236
0.01010806773565	0.696373336398546	244
0.12379348473301	1.05698996779434	56
-0.00319638715160009	0.685195352755621	105
0.00483077342270999	0.692626429783641	607
0.06641060189182	0.578095540716024	139
0.0130344704231	0.697263181278941	139
0.0611873140018699	0.576162678907346	1651
0.01010806773565	0.696373336398546	1291
-0.02860793770823	1.59912437597959	440
-0.0263522837321799	0.838826437651506	1203
-0.0360252293790699	1.3337384153338	16
-0.12156354595239	1.39031610153579	573
-0.02857594748645	1.02424958420816	16
-0.0260836113862299	0.843673668477193	236
-0.03339998247716	1.01816512299075	421
-0.02001971393119	0.848845456280035	236
0.0130344704231	0.697263181278941	1073
0.00235627602433008	0.690487755919548	56
0.06497186902393	0.578443560062359	244
0.10115817499172	1.24575826971469	105
0.0016173348597599	0.688521459133206	105
0.05974779582566	0.574099743860578	72
0.06641060189182	0.578095540716024	1651
0.0611873140018699	0.576162678907346	139
0.0643979077286201	0.577085966346076	87
-0.0379521172500099	1.69717359010707	16
0.10665509702297	1.95277832157647	16
0.0692579531287501	1.38567444163368	16
-0.10864309274064	1.51987058062312	16
-0.03276574821709	1.18797124243088	16
-0.0168815968810701	0.849357528182573	16
-0.0330786187829799	1.19107465549516	16
-0.03635914535483	1.18367256874181	16
0.06497186902393	0.578443560062359	80
-0.0416597286810501	1.00614027480778	80
-0.02801528389674	1.34499836975434	80
0.1228624371439	1.05140022837522	56
0.00932812295723995	0.695796600619346	244
0.00293242809066996	0.690747702125752	135
0.0881142660266301	1.22421346325655	135
0.06205222453913	0.576575770191727	105
0.0106358549961301	0.695552144813358	607
0.06262627398235	0.575986404326764	287
0.0594564119373	0.574146809919677	129
0.0643979077286201	0.577085966346076	756
0.0563414332457799	0.572549276189887	648
0.06497186902393	0.578443560062359	87
-0.0238314543523399	0.843324261777822	87
0.06497186902393	0.578443560062359	87
-0.0369842523139201	1.01236601338167	16
0.06089635736011	0.57486221118602	16
-0.12487333310781	1.27182926852692	16
-0.0225828150116101	1.02775306096369	80
-0.0184681593100999	0.850685538190188	80
-0.02179985176911	0.846961178203258	236
-0.0394466899375501	1.0104282246365	56
-0.02278891735914	0.845427397951457	56
0.00260667546849991	0.691415486937782	105
0.0635322778785099	0.576480757103141	139
-0.0309335812612801	1.0220350989288	87
0.000267110137720072	0.689273684954674	87
0.0592594715086701	0.574216413367679	2831
-0.0330364401580301	1.02067775068566	573
0.0061207112992101	0.692650977578977	236
-0.0189429099835801	0.84978559568269	421
0.0896489949296599	1.2297473530476	80
0.0658368577022399	0.578688566094146	236
-0.0335207996640201	1.01829343039439	1073
0.0611873140018699	0.576162678907346	1651
0.06205222453913	0.576575770191727	176
-0.0361309070478699	1.58887123470705	1411
0.07401959583677	1.39683455189769	939
-0.0415316630625799	1.80478902469613	939
0.09117153443438	1.22946024802539	16
-0.02927099187253	1.0243542367407	1498
-0.00266615035100992	0.686494356169944	236
0.00854736828993996	0.694881226930905	80
0.00848808577305005	0.694101084116861	139
0.00189292169615007	0.689841585471618	176
0.07025611563904	0.577170033957207	187
0.0687623835620801	0.579389020639623	87
0.00508480701770009	0.693178123428776	87
-0.0424937872845199	1.80287614321453	202
0.11180021486638	2.41420615630812	440
-0.03292933171261	1.18890263653789	440
0.06670122068132	0.578357087896594	440
0.0646800402191901	0.577244755259019	440
0.0784232264015301	2.16399701543909	16
0.1213658312646	1.05561158046828	16
-0.0347060681623901	1.3348641433439	16
-0.03623801902579	1.0168556664	16
0.09084885951292	1.22875415078438	16
-0.02622549241784	0.841135468705538	80
-0.0228791096204799	0.846331341436971	56
-0.01799349561762	0.850826688821256	135
-0.0350031771091299	1.01636756749512	1558
0.06612729710276	0.577002863033466	1651
-0.03577862217896	1.46534739586397	1411
0.0487704804439599	1.65781946129459	16
0.03849379771305	1.63315670511391	16
0.00104777080569995	0.690276905484279	16
-0.0276914399855399	0.840284647994588	80
-0.0295534272390601	0.837114333548314	56
0.00136235077006996	0.689385845375163	56
0.0678976197735399	0.578952002833974	56
-0.02733722959789	0.840928158363085	244
0.0563414332457799	0.572549276189887	1651
-0.0381350526644	1.58423797073124	1411
0.0333988762117701	1.76660509606397	16
0.0267142710848201	1.74950662830438	16
0.0646800402191901	0.577244755259019	16
0.0999596133937499	1.24341040190163	16
-0.0255225012736	1.34622589480633	1474
0.08542042578716	1.22297664499456	16
0.0614779765006099	0.575223127248405	80
0.0577788389210201	0.573295283481806	80
0.00795957449314	0.694919046007188	236
0.07169402701746	0.57946276405746	56
0.0614779765006099	0.575223127248405	56
0.0603221792564701	0.575449353150941	105
-0.02870399582831	1.19634296505961	87
-0.0349099893757101	1.70385261428399	16
-0.04645123107973	1.44095995889815	939
-0.03235703353338	1.19035313339195	16
0.000267110137720072	0.689273684954674	16
-0.04064094621376	1.1784931997082	16
0.00104777080569995	0.690276905484279	236
-0.0328052137416299	1.18956375899618	80
0.06962651355507	0.579182253156176	80
0.05668786487255	0.571332871837485	80
0.0611873140018699	0.576162678907346	56
0.06703176574708	1.38195979425858	236
-0.02560848540561	0.844177725594026	56
0.0580650230272699	0.573080429177984	105
-0.020848758066	0.848002492808298	1558
0.0673239464909801	0.577596717444378	1558
-0.10919712958621	1.50980569418998	1411
-0.0386775249850799	1.01036626037916	1411
0.0646800402191901	0.577244755259019	939
-0.10787542752212	1.41446625582931	16
0.06497186902393	0.578443560062359	16
0.10360294629179	1.24463796448929	80
-0.03914468554692	1.00957925336397	236
0.00475418153282003	0.692440407310782	105
-0.0231804130222399	0.845307064723599	1558
0.06291742676874	0.576696640316621	72
-0.03049764400194	1.02190019704782	87
-0.04326152041048	1.31239838928761	16
-0.0368771807238599	1.32890937236349	16
-0.12111345919205	1.39091709452127	80
-0.02811575900478	0.839763471275086	80
0.00985615496175996	0.694976702755398	236
0.0577788389210201	0.573295283481806	236
-0.11355914619012	1.28787006577121	56
0.00692576864066008	0.693521170574345	105
-0.0221016225355	0.847224192673576	105
0.0563414332457799	0.572549276189887	287
0.06262627398235	0.575986404326764	1651
0.04554134246054	1.65657008896997	87
0.01511439937695	0.696533241297248	87
0.09653687707716	1.23970329847624	87
-0.0371939620758199	1.18438388636459	440
0.06107389357514	1.53783811307221	939
-0.0259110350317699	0.842387346908396	939
-0.12016277921837	1.49323104078268	16
0.06069635629646	0.575154297721853	236
-0.03733405364691	1.32797142086797	80
0.12444538737393	2.31473450177507	56
-0.01954451230501	0.848987615586173	135
-0.01954451230501	0.848987615586173	135
0.0603221792564701	0.575449353150941	105
-0.0345670351124801	1.01831840857558	287
0.0655456320514201	0.577850509647929	1558
0.0577788389210201	0.573295283481806	1651
-0.0316368981351201	1.02025747599786	87
-0.0392898458890201	1.58228282567508	87
-0.0248145492773899	0.844831390413282	16
-0.02626145362927	1.47853059940098	16
-0.03312288803404	1.18986159941471	16
0.0860964454022599	1.22601852442525	16
0.05720354168202	0.572959867621651	236
-0.0231940311627099	0.845270418469596	56
-0.0423587296863499	1.00531298998426	56
0.00664969996917009	0.694322095482239	56
0.0609825901857599	0.575061904640739	56
0.00313507705548011	0.690925092944883	135
-0.00266615035100992	0.686494356169944	105
0.0623431977133699	0.575344807364201	135
0.00371629100523996	0.691087358930325	1558
0.0632078011036901	0.574927820339808	1651
-0.10704425179625	1.51976257762044	87
0.00561416805771997	0.693634697863814	440
0.05604420208706	1.52828844359264	202
0.07315312356062	1.3892033034928	16
-0.03745717670506	1.18118473984038	939
-0.03577862217896	1.46534739586397	939
-0.0259110350317699	0.842387346908396	236
0.06266602934731	0.575258394733933	56
0.00586765213810003	0.693882064620264	244
0.06176150416243	0.575573951673107	135
0.0563414332457799	0.572549276189887	139
0.000518758534119979	0.688969463483089	139
0.0615575788057401	0.575397722991523	139
0.0358832563805001	1.76779087054792	87
0.0151453791606599	1.97154533126269	440
-0.0289736958300599	1.0258093217502	16
-0.02764000128922	0.841611880836867	16
0.0670322258031899	0.5778351002051	939
-0.0327668785775099	1.19052392976751	939
0.00561416805771997	0.693634697863814	344
0.06205222453913	0.576575770191727	236
0.0603221792564701	0.575449353150941	236
0.06497186902393	0.578443560062359	56
0.02484430902904	1.8733687398649	244
-0.0300298585733201	0.837997532256964	244
0.0577788389210201	0.573295283481806	105
-0.03649018426592	0.827512185047748	135
0.06205222453913	0.576575770191727	1651
0.00715074931372994	0.691823486119362	139
0.0673239464909801	0.577596717444378	388
0.0655456320514201	0.577850509647929	388
0.12217312001166	1.05652988804527	388
0.0276318654066501	1.88112448442142	440
-0.02883551526799	1.02421732482948	440
0.0463193692514099	1.65887995868466	440
-0.1161870489345	1.39451039180452	440
-0.11088716753853	1.61881583492423	440
-0.0330329570929899	1.18783123948684	202
-0.0326365561594899	1.01845017987076	16
0.0517074994346101	1.51911763799897	236
-0.02940641225695	1.02222655407039	56
0.08695225349692	1.22780240635607	244
0.06291742676874	0.576696640316621	139
0.06205222453913	0.576575770191727	1558
0.00854736828993996	0.694881226930905	72
0.0636199618746001	0.575665599041282	72
0.0569167499116701	0.572884622733256	1651
0.0646800402191901	0.577244755259019	87
0.09232539642298	1.23324195280463	939
-0.02940793713751	1.02477444476221	410
-0.0402804975565001	1.00917980616383	410
0.0569119464005801	1.53170918720085	2407
-0.0395726071578699	1.01035240441027	2407
0.00267810736268004	0.690636942339763	236
-0.02491111939303	0.842746604380007	56
0.0958754232793999	1.23841363490442	244
0.06641060189182	0.578095540716024	1558
0.06612729710276	0.577002863033466	1651
0.0641062582252101	0.57783656828618	1651
-0.0223182374369699	0.847285155161717	87
-0.03850765450835	1.18186044604251	16
-0.0389950669725501	1.5784607616774	939
-0.0310820694979099	1.19160698318921	16
0.06349145731342	0.576107730106197	16
-0.0228791096204799	0.846331341436971	16
0.06291742676874	0.576696640316621	56
-0.02401632123304	0.841811784030794	56
0.06205222453913	0.576575770191727	244
0.00639676878278994	0.694338750578675	135
0.05974779582566	0.574099743860578	105
0.11446223302497	1.04364736859445	87
-0.00188366104490001	0.687285853301533	19
0.0881142660266301	1.22421346325655	16
0.06141112944683	1.54122909209405	16
0.06497186902393	0.578443560062359	344
0.00508480701770009	0.693178123428776	344
0.0663147441170899	1.38555620791814	236
-0.0184681593100999	0.850685538190188	56
0.0652629153297899	0.577331121752138	1307
0.06262627398235	0.575986404326764	1673
0.0560540375112599	0.572176134773053	1651
0.0603221792564701	0.575449353150941	129
0.06262627398235	0.575986404326764	388
0.12058073187247	2.4373605209281	1411
-0.0470579113007501	2.19715307769566	87
-0.03304691583221	1.33420543226991	440
0.0586403009672001	0.57341570515588	440
0.00605875448629001	0.692521730141183	440
-0.02687458939247	1.02626526763798	16
-0.11310200398142	1.5098020267812	16
0.0600664106370801	1.53731242118636	236
-0.0238749902381901	1.2010416561929	236
0.0641062582252101	0.57783656828618	80
0.0644809332360901	0.576099294885397	236
-0.01474859187285	0.85348712272964	135
0.00873977245307001	0.694450073800806	1558
-0.02054702631205	0.848219007755662	139
0.0658368577022399	0.578688566094146	72
0.0658368577022399	0.578688566094146	1589
-0.11145229285717	1.51162279720107	16
0.12391088177045	1.05663315505034	16
-0.0326013477198299	1.02171068889621	16
0.0655456320514201	0.577850509647929	236
-0.0382134583951399	1.01204588284146	236
-0.02730701785816	0.839794057772938	236
0.0603221792564701	0.575449353150941	388
0.0623431977133699	0.575344807364201	330
0.08737848410811	1.22790522851798	440
-0.03214558308358	1.47173486397738	202
0.0325395216222999	2.00518414057362	202
-0.118059882454	1.39204878073847	16
0.0578266495675299	1.52998487919996	939
-0.11475153163496	1.28726964130365	16
0.05736534437332	1.53461066465192	236
0.060612918568	0.574810701056327	56
0.00136235077006996	0.689385845375163	56
0.0670322258031899	0.5778351002051	1307
0.06291742676874	0.576696640316621	1651
0.0641062582252101	0.57783656828618	129
0.05720354168202	0.572959867621651	388
0.0577788389210201	0.573295283481806	330
-0.026861744099	0.842780078427935	1484
0.0611873140018699	0.576162678907346	440
0.06381382996212	0.576020696597725	440
0.0658368577022399	0.578688566094146	440
-0.0379119101518499	1.46212458050912	16
-0.03882643128667	1.45730949036662	16
0.00293242809066996	0.690747702125752	80
-0.02622549241784	0.841135468705538	236
-0.01513541346099	0.852530519389733	56
-0.0366353337321399	1.18576483917656	244
0.06176150416243	0.575573951673107	56
-0.0355843383038299	1.33046604841454	56
0.05888204034268	0.572802709197407	2051
0.06291742676874	0.576696640316621	169
0.05974779582566	0.574099743860578	440
0.06390623522406	0.575763852388588	440
0.05897200973491	0.573334925553979	440
0.12425402639587	1.05809511809013	16
-0.0487805535844399	1.78398278308463	16
0.07129214990793	1.38728757652175	16
-0.00163170668356005	0.686548287134407	16
0.06205222453913	0.576575770191727	142
-0.03740555311931	1.58593759477277	236
0.12425402639587	1.05809511809013	56
-0.02883551526799	1.02421732482948	244
0.0563414332457799	0.572549276189887	105
0.00371629100523996	0.691087358930325	1971
0.0673239464909801	0.577596717444378	169
0.060612918568	0.574810701056327	187
0.08780879909029	1.22925122877086	1484
0.0563414332457799	0.572549276189887	1484
0.06089635736011	0.57486221118602	440
0.11581228361622	1.82624943648954	939
0.08826341745344	2.05902539688338	939
-0.0273482518380099	1.02564976883863	16
0.000518758534119979	0.688969463483089	16
-0.02097037967704	0.845832345514803	16
-0.0338353761786501	1.0195201335137	80
-0.0249694509865399	0.842789606194151	1307
-0.02346534425963	0.845877160255437	244
-0.01474859187285	0.85348712272964	139
0.0614779765006099	0.575223127248405	1651
0.0664585335295	0.576484309411764	388
0.0598344987371999	0.574552074754926	1423
-0.0335212482276701	1.82242685183485	87
-0.10555814070942	1.82200958210081	87
-0.0411136883273899	1.00766975155781	440
0.0016173348597599	0.688521459133206	440
0.08768973833717	2.05510044595418	16
-0.0333410946442601	1.01892296828758	16
-0.02265669552818	0.846982663609958	16
-0.0284387887742199	1.02505063121029	16
-0.03215735549203	1.01813741557507	16
0.06089635736011	0.57486221118602	16
0.0627583472834601	0.574558056795105	344
-0.09742321757644	1.64855699232097	236
0.0569167499116701	0.572884622733256	1307
0.00182762709119011	0.690977558044493	1307
0.0733061466812901	1.39730963877467	135
0.06205222453913	0.576575770191727	105
0.0658368577022399	0.578688566094146	1651
0.06241816264665	0.575069672184954	388
0.0594564119373	0.574146809919677	330
-0.09286566932202	2.04190642511362	440
0.0914750049272699	1.23495093842013	440
0.0634860524843699	1.3699307158473	16
0.00313507705548011	0.690925092944883	344
0.06497186902393	0.578443560062359	56
-0.0336928738286599	1.01529175775149	56
0.0641062582252101	0.57783656828618	56
-0.03094699865936	1.33951436538433	56
-0.03373581658541	1.01838826656207	56
0.0621836107824301	0.574223274299761	313
0.06390623522406	0.575763852388588	388
0.0687623835620801	0.579389020639623	388
0.0615575788057401	0.575397722991523	1423
0.0708294996284899	0.578518011832582	440
0.06497186902393	0.578443560062359	440
0.0789785886733101	1.40258822846139	440
0.0652629153297899	0.577331121752138	440
-0.0344972939460899	1.18911980553743	56
0.0552671584275599	1.52996872846454	80
0.05583042043747	0.571090947323263	1307
-0.03036903061964	1.01928176064706	244
-0.02652771536146	0.841038919394943	139
0.0611873140018699	0.576162678907346	139
0.0569167499116701	0.572884622733256	129
0.05888204034268	0.572802709197407	388
-0.0200717921847799	0.848361585992025	19
0.0471445251326199	1.6587772205973	16
-0.0284707970098099	0.839749903979773	410
-0.0343964600551301	1.18790474007529	16
-0.0366353337321399	1.18576483917656	236
0.0569167499116701	0.572884622733256	80
0.0586507861744501	1.5353429296497	236
-0.0364359147739901	1.32821708784984	135
0.0708294996284899	0.578518011832582	105
0.0611873140018699	0.576162678907346	169
0.0335168348375401	1.76364021873892	202
0.0569167499116701	0.572884622733256	440
-0.000321061867180061	0.688187970617562	440
-0.10958111608141	1.50879715953687	16
-0.10386484863011	1.62944467019595	16
0.05974779582566	0.574099743860578	410
0.08370948296336	1.22014591175066	1626
0.05185042503668	1.5210083403144	56
-0.0309239183194301	1.33816664595599	56
0.00932812295723995	0.695796600619346	56
0.00391306652033996	0.691065305054693	135
-0.0274248799763099	1.19655628515244	135
0.000576143278439911	0.688308974423275	72
-0.0221859140365499	0.84607433395072	72
0.06069635629646	0.575154297721853	330
-0.114827422502	1.40395110312512	202
-0.10614114006842	1.72816579844579	202
0.0611873140018699	0.576162678907346	56
-0.0454657513000401	1.16765406066349	236
0.0773036371334399	1.40063472257024	1626
0.0598344987371999	0.574552074754926	56
0.00104777080569995	0.690276905484279	1307
0.00182762709119011	0.690977558044493	1307
0.0643979077286201	0.577085966346076	313
0.06176150416243	0.575573951673107	105
0.0603221792564701	0.575449353150941	72
0.05974779582566	0.574099743860578	129
0.06205222453913	0.576575770191727	388
0.0901917139392301	1.23240785717775	440
0.0108871990781401	0.69661470718865	440
0.05389702489048	1.52656726825462	16
0.09135492319959	1.23162185885925	16
-0.02560848540561	0.844177725594026	410
-0.0271643311480201	0.842115585187827	56
-0.0353962251372799	1.01522618077666	1626
-0.0227041938335999	0.844176264408766	236
0.0890984326183999	1.22998157040878	56
-0.03405157507345	1.0152035296223	135
0.0569167499116701	0.572884622733256	105
0.0611873140018699	0.576162678907346	135
0.0511974351737099	0.568134187441678	135
0.0614779765006099	0.575223127248405	1971
0.0641062582252101	0.57783656828618	129
-0.0387307727161399	1.57976701322809	440
-0.03312288803404	1.18986159941471	440
0.08243275061838	1.40886016093184	202
0.0832822499058501	1.21651080115239	939
0.11810957318378	1.83647142303952	16
0.00561416805771997	0.693634697863814	236
-0.0269711104013901	1.19711655434849	1626
0.00820423856314001	0.692638224903397	135
0.00561416805771997	0.693634697863814	105
0.1192922627648	1.05044808174238	135
0.09696636143537	1.24054677090736	440
0.0643979077286201	0.577085966346076	939
0.0684710951174199	0.578360020930028	16
-0.12263797296057	1.27896292832511	16
-0.0228631385217499	1.03127936372052	410
0.09470192225402	1.23876198211876	16
-0.02265669552818	0.846982663609958	16
0.0937387676719399	1.23524870285586	56
0.00664969996917009	0.694322095482239	56
0.0560540375112599	0.572176134773053	56
0.0021477801918599	0.690181006466159	56
0.00717857209743	0.694778656366304	244
-0.0359763600791201	1.01422112000075	1307
0.12458656655865	1.05765183063251	135
0.0643979077286201	0.577085966346076	135
-0.01816706767651	0.850249471494147	105
-0.0238022493610499	0.843499175628862	135
-0.02314753819517	0.843451216755081	135
0.12471448277166	1.05819041037015	135
0.0655456320514201	0.577850509647929	254
-0.0285964505073999	0.839712375171565	254
0.06205222453913	0.576575770191727	254
0.06670122068132	0.578357087896594	1651
0.0569167499116701	0.572884622733256	139
0.0652629153297899	0.577331121752138	613
0.05974779582566	0.574099743860578	129
0.0672749461620601	0.577766096078519	388
-0.0308434049824999	1.02062511104928	202
-0.03025465617455	1.59967872603151	440
0.0950157473862501	1.23728734428266	202
0.00605875448629001	0.692521730141183	202
0.00879997521194009	0.695340728531382	16
-0.0297065522759601	1.02375143570491	410
0.0937387676719399	1.23524870285586	56
-0.03006039204142	1.02155141840888	56
-0.02652771536146	0.841038919394943	56
0.06262627398235	0.575986404326764	56
0.05720354168202	0.572959867621651	135
0.0864077636035301	1.22196891241278	135
-0.0244344548276501	0.843641054220566	105
0.12101874559855	1.05496844004333	135
0.06012134843669	0.574818428531195	1971
0.0592594715086701	0.574216413367679	72
-0.0221016225355	0.847224192673576	388
-0.1064136082251	1.5241709189919	400
0.0524166626860501	2.32934335893494	440
0.06514409097093	1.38171309576014	410
-0.0220777793185101	1.35201189045293	236
0.0603221792564701	0.575449353150941	56
0.0681887291410099	0.57803285948981	56
0.00371629100523996	0.691087358930325	56
0.0569167499116701	0.572884622733256	56
0.0711206618269999	0.578111216460049	56
0.06069635629646	0.575154297721853	56
0.06266602934731	0.575258394733933	56
-0.0221016225355	0.847224192673576	1307
0.00639676878278994	0.694338750578675	1307
0.0034625113848501	0.691203628034591	1307
0.0609825901857599	0.575061904640739	135
-0.0343765290867699	1.33154913439177	313
0.0531376376530699	1.52594718746779	313
-0.0313696026722201	1.02143262503954	135
0.05720354168202	0.572959867621651	1971
0.0950196016540099	1.23781650201843	254
0.0577788389210201	0.573295283481806	254
0.06262627398235	0.575986404326764	139
0.0577788389210201	0.573295283481806	202
0.0569167499116701	0.572884622733256	16
0.0722221201264299	1.55559677287865	16
0.00235627602433008	0.690487755919548	56
0.0687623835620801	0.579389020639623	56
-0.02184764776114	0.847785496989306	236
0.06205222453913	0.576575770191727	56
0.0722671946858	0.578872717124963	56
0.0652629153297899	0.577331121752138	244
-0.03276574821709	1.18797124243088	244
0.06497186902393	0.578443560062359	135
0.06349145731342	0.576107730106197	135
0.06069635629646	0.575154297721853	313
-0.0302521186818101	1.59728144270681	135
0.00293242809066996	0.690747702125752	388
-0.02940868102593	0.839042334879323	16
0.0644809332360901	0.576099294885397	16
0.09263667865515	1.23381250346384	16
-0.00319638715160009	0.685195352755621	16
0.0676057200529201	0.577246124018883	56
-0.10094069528071	1.53534014902412	236
0.0581386928799501	1.53440239102544	105
0.00664969996917009	0.694322095482239	88
0.06205222453913	0.576575770191727	559
-0.09916267817815	1.53730831608398	440
-0.0236567208437399	0.845162682271321	202
0.12182535917109	1.05619026747191	202
-0.0228791096204799	0.846331341436971	16
0.00136235077006996	0.689385845375163	16
-0.10812583457851	1.41320113881664	16
-0.03302553162848	1.33519645973516	410
-0.0341724398557499	1.01778620114782	16
0.0569167499116701	0.572884622733256	236
0.06205222453913	0.576575770191727	244
0.0614779765006099	0.575223127248405	513
0.00182762709119011	0.690977558044493	135
0.06176150416243	0.575573951673107	135
0.0053602613747501	0.69181356761285	135
0.00717857209743	0.694778656366304	199
0.06205222453913	0.576575770191727	139
-0.04583401970785	1.16298149730387	440
-0.0401462209522001	1.17849674979004	440
-0.0372350288166601	1.32955212507556	16
0.0696909452332	1.38877211863452	16
-0.0300335317021401	1.34022252880575	16
0.11813569478068	1.04977155495862	16
-0.0382134583951399	1.01204588284146	16
0.05822556506703	1.67673798513076	236
0.0034625113848501	0.691203628034591	56
0.0681887291410099	0.57803285948981	56
0.060612918568	0.574810701056327	139
-0.0326365561594899	1.01845017987076	16
-0.1240422290126	1.27647122470372	16
-0.1173013256822	1.28803196972963	16
0.0271422625834701	1.7506262304169	16
-0.04239562419989	1.57264917026521	16
0.0979207895738901	1.23999835435299	16
-0.0297065522759601	1.02375143570491	56
0.05897200973491	0.573334925553979	56
0.1213658312646	1.05561158046828	56
0.06205222453913	0.576575770191727	244
0.060612918568	0.574810701056327	56
0.0920299266439399	1.23249658749234	244
0.00985615496175996	0.694976702755398	313
0.0611873140018699	0.576162678907346	105
0.05720354168202	0.572959867621651	313
-0.0197188889134201	0.849018090222835	199
0.0569167499116701	0.572884622733256	254
-0.0322588259094001	1.19157760239024	440
-0.11962340323546	1.28210078738163	16
-0.11468047462779	1.28990277493654	16
-0.03052223288681	1.34164307015331	16
-0.0219075190881299	1.348576492111	16
-0.12346696434914	1.27835988199909	56
-0.0382134583951399	1.01204588284146	56
-0.03563212546533	1.33106296100311	56
-0.02574852595563	0.84202843921497	56
-0.0249467833949699	0.842875229561889	56
0.07025611563904	0.577170033957207	56
0.0603221792564701	0.575449353150941	513
-0.0235985299357	0.844626207809441	1844
-0.02638634591753	0.843284064989319	1971
-0.0231804130222399	0.845307064723599	199
0.0641062582252101	0.57783656828618	199
0.06205222453913	0.576575770191727	254
0.0641062582252101	0.57783656828618	88
0.0551907052804701	0.570883719304841	139
-0.11675781115499	1.40016539633516	400
-0.0360595229107501	1.7011117729562	440
-0.03603911960087	1.587157639698	16
-0.10978940488065	1.51932711043722	16
-0.0271197779055401	1.34627609235738	56
-0.03490765863769	1.1884448013988	236
0.0892234124111599	1.22865441136065	56
-0.12206151068266	1.27812131814155	513
0.0758645967645	1.3993839466547	1844
0.00879997521194009	0.695340728531382	313
-0.0249694509865399	0.842789606194151	199
0.0678976197735399	0.578952002833974	88
0.0652629153297899	0.577331121752138	88
0.0644809332360901	0.576099294885397	283
0.0895241066661601	1.23120916649879	440
0.08060173474101	1.21382677617528	202
0.00430116810844994	0.692170239986747	16
-0.02691321243886	1.02698353817723	16
-0.03124064450996	1.02097278099489	16
0.0614779765006099	0.575223127248405	236
-0.03336117071155	1.01623944939358	56
-0.01474859187285	0.85348712272964	56
0.0162071763582801	0.697721832352773	56
0.00260667546849991	0.691415486937782	236
0.000831661395559902	0.687728727771899	236
0.01010806773565	0.696373336398546	56
0.06497186902393	0.578443560062359	56
0.00475418153282003	0.692440407310782	1844
0.0016173348597599	0.688521459133206	135
0.00508480701770009	0.693178123428776	199
0.0722671946858	0.578872717124963	254
0.00614341202314006	0.692818894948525	88
0.06262627398235	0.575986404326764	169
-0.11557238647026	1.39864744276089	202
0.033760825301	1.76339969311001	202
-0.0352284387077799	1.46563694572348	202
-0.10767385635386	1.51950452259742	202
0.0670322258031899	0.5778351002051	440
0.00743094700247005	0.694462877643055	440
-0.03750876162926	1.01468298340654	16
0.00293242809066996	0.690747702125752	16
0.07447908145616	1.39790625094217	16
-0.04202854400456	1.17514434719209	236
-0.0356488522252401	1.3303403589369	236
-0.03856570175198	1.3287316204998	56
0.0563414332457799	0.572549276189887	56
0.0615575788057401	0.575397722991523	56
-0.0395151626725601	1.00922327942407	56
0.0635322778785099	0.576480757103141	56
0.06612729710276	0.577002863033466	56
0.06349145731342	0.576107730106197	513
0.0676057200529201	0.577246124018883	513
-0.0222755304836899	0.844847958229067	135
0.06291742676874	0.576696640316621	135
0.0655456320514201	0.577850509647929	135
-0.02605057068814	0.841185243096645	199
0.0889678917452199	1.22648692030633	199
0.000320219234460017	0.687073789948866	254
0.0021477801918599	0.690181006466159	254
0.0646800402191901	0.577244755259019	139
0.06089635736011	0.57486221118602	88
0.0643979077286201	0.577085966346076	139
0.00586765213810003	0.693882064620264	440
0.0050037967721599	0.691704308048797	440
-0.0360252293790699	1.3337384153338	16
-0.02073342102985	1.20401153213022	16
0.1082070822921	1.96201042310552	410
-0.11780414620427	1.39328168889793	16
0.00267810736268004	0.690636942339763	236
0.06497186902393	0.578443560062359	56
0.06069635629646	0.575154297721853	244
-0.02966146904378	1.19370302021293	135
-0.0024136509886199	0.68598507205861	135
0.00692576864066008	0.693521170574345	199
-0.0228791096204799	0.846331341436971	199
0.0615575788057401	0.575397722991523	88
0.0569167499116701	0.572884622733256	139
0.0595011324668799	0.572999274023498	88
-0.0264782562224899	1.02758636007513	202
-0.03094699865936	1.33951436538433	16
-0.0395916526637601	1.17938096344849	16
-0.0407993715180699	1.17233420570079	236
-0.02655882442715	0.841819562197425	236
0.07540429550808	1.39849073665559	56
-0.0407879453439799	1.00885703284194	56
-0.04012175734073	1.45191593327853	135
0.0658368577022399	0.578688566094146	199
0.0643979077286201	0.577085966346076	199
0.0615575788057401	0.575397722991523	604
0.0655456320514201	0.577850509647929	604
0.0021477801918599	0.690181006466159	88
0.00533841866345997	0.692211463064849	88
0.00424613030137011	0.691543070982657	139
0.0305992175823799	1.88448297593799	440
-0.0239233367207501	1.48300136852534	202
-0.0246870518968001	1.02869317160192	202
-0.00135378827224009	0.68680319900825	16
-0.10620572297854	1.62541121230052	410
0.0885415888307799	1.22526055375799	56
-0.12218130160683	1.27847700947726	236
0.06476474314166	1.54654507595751	236
-0.0355081249128499	1.46402793988676	56
-0.02346534425963	0.845877160255437	56
-0.01683214944872	0.850981086743488	56
0.0611873140018699	0.576162678907346	56
0.00801897563274001	0.694425653582333	56
-0.0159435037398701	0.851716564930074	56
-0.0244344548276501	0.843641054220566	244
-0.03610988952091	1.01283904127494	135
-0.0401920706736301	1.17974251853688	135
0.12217242219931	1.05393988772825	199
0.06176150416243	0.575573951673107	254
-0.03635914535483	1.18367256874181	202
0.08823481610325	1.22935334343518	440
-0.02257748212948	0.846325955266984	16
-0.0336963384403299	1.01711022192919	16
-0.0869715374537501	2.05795116771178	410
0.0580650230272699	0.573080429177984	16
0.0676057200529201	0.577246124018883	16
-0.03719727984663	1.58451449321352	16
-0.0314926670168201	1.19059434485607	56
-0.01954451230501	0.848987615586173	236
-0.0192438689004599	0.849917599567846	236
0.0463741081614499	1.50737055602795	56
0.0034625113848501	0.691203628034591	56
0.0684710951174199	0.578360020930028	513
0.0135612870803301	0.696441810161482	100
0.12102443242657	1.05167350162149	135
0.0580650230272699	0.573080429177984	135
0.0603221792564701	0.575449353150941	135
0.0914750049272699	1.23495093842013	135
0.06241816264665	0.575069672184954	199
0.060612918568	0.574810701056327	199
0.0658368577022399	0.578688566094146	199
0.0594564119373	0.574146809919677	254
0.0655456320514201	0.577850509647929	139
0.060612918568	0.574810701056327	88
0.06291742676874	0.576696640316621	88
0.12090621933309	1.0532214222107	440
-0.11947243410398	1.27654861820839	1049
-0.0977883912956199	1.74874918021665	410
-0.0378222746252099	1.46049180764663	16
-0.00221632711864994	0.686274477228262	16
0.0693358401298201	0.578796394975642	56
-0.03053838020491	1.02274595280914	56
0.0658368577022399	0.578688566094146	236
0.0611873140018699	0.576162678907346	56
0.12343844218303	1.05481350369827	56
0.0016173348597599	0.688521459133206	513
-0.03750876162926	1.01468298340654	135
0.06205222453913	0.576575770191727	135
0.06534125771432	0.575894811260888	254
0.00533841866345997	0.692211463064849	139
0.0050037967721599	0.691704308048797	88
0.06641060189182	0.578095540716024	88
0.000831661395559902	0.687728727771899	88
0.12298080307723	1.05714424699711	202
0.01250753936361	0.696808660965334	440
0.0598344987371999	0.574552074754926	202
0.0125332318723499	2.1892578497765	16
-0.03097425524818	1.02141585730491	56
-0.03895725120365	1.17847840547879	56
0.0678976197735399	0.578952002833974	56
0.0655456320514201	0.577850509647929	56
0.0664585335295	0.576484309411764	56
0.06205222453913	0.576575770191727	100
-0.0176382421260299	0.849601645245434	244
0.00985615496175996	0.694976702755398	513
0.0652629153297899	0.577331121752138	135
0.0841047664150601	1.41038949014399	135
0.1213725494214	1.05260442922002	135
0.00371629100523996	0.691087358930325	254
0.06497186902393	0.578443560062359	88
0.0611873140018699	0.576162678907346	88
0.12298933052058	1.05543365271421	88
0.00430116810844994	0.692170239986747	139
0.05974779582566	0.574099743860578	41
0.10728256958779	1.96207197431199	440
-0.01721819220653	0.851290049953217	202
0.00932812295723995	0.695796600619346	440
0.0658368577022399	0.578688566094146	16
0.0592594715086701	0.574216413367679	16
-0.02930953141669	1.02311687624541	410
0.00267810736268004	0.690636942339763	16
-0.0830602120807999	1.97237041009345	16
-0.02574852595563	0.84202843921497	16
0.0923334972054799	1.23591835211647	56
0.0972935493609699	1.23936449625186	254
0.0511974351737099	0.568134187441678	139
-0.00344942816176008	0.685422431915486	283
0.000208317397720093	0.687704069862097	202
0.06176150416243	0.575573951673107	440
0.0583969630091099	0.572999917193612	16
0.00242337421849004	0.689036040188378	16
0.0641062582252101	0.57783656828618	16
0.05974779582566	0.574099743860578	16
0.0658368577022399	0.578688566094146	56
0.0635322778785099	0.576480757103141	236
-0.11836553082557	1.39647540391409	56
0.0603221792564701	0.575449353150941	236
0.0681887291410099	0.57803285948981	56
0.06262627398235	0.575986404326764	56
0.0560540375112599	0.572176134773053	513
0.0646800402191901	0.577244755259019	135
-0.0364374091695401	1.70358772342325	135
0.0643979077286201	0.577085966346076	604
-0.02278891735914	0.845427397951457	88
-0.02513344646381	0.843278901273961	88
0.08867267358461	1.22693097786283	410
-0.0314926670168201	1.19059434485607	16
0.00717857209743	0.694778656366304	16
0.00293242809066996	0.690747702125752	16
-0.02052328176396	1.03307956801436	16
-0.02760597925544	1.02540008956814	16
0.00801897563274001	0.694425653582333	16
0.05720354168202	0.572959867621651	56
0.00664969996917009	0.694322095482239	56
0.0636199618746001	0.575665599041282	56
0.00639676878278994	0.694338750578675	56
-0.12475728907544	1.27547160905632	513
0.00477585205490994	0.690733785453618	513
0.00242337421849004	0.689036040188378	2951
-0.0283698882738099	1.34539304550709	135
0.1242439010837	1.0553108466709	88
-0.02513344646381	0.843278901273961	202
-0.00922539057902005	2.34057104755522	202
0.0563414332457799	0.572549276189887	16
0.07973329130101	1.40480738464979	56
0.11606113263859	1.04622683060425	56
0.00907564491784996	0.694063919515537	56
0.0611873140018699	0.576162678907346	56
0.05974779582566	0.574099743860578	100
0.00614341202314006	0.692818894948525	513
0.0643979077286201	0.577085966346076	513
-0.11823743257585	1.28382030077328	513
0.0722671946858	0.578872717124963	513
0.0941645127161801	1.23685748622363	135
-0.02764000128922	0.841611880836867	135
0.06497186902393	0.578443560062359	135
-0.00188366104490001	0.687285853301533	254
0.00267810736268004	0.690636942339763	139
0.00586765213810003	0.693882064620264	2141
-0.09747473009368	1.83825374469486	2987
-0.0376457340991101	1.18317951209945	2987
0.12471448277166	1.05819041037015	440
0.0795283353665699	1.4064774709087	16
-0.03727258996024	1.33105412433864	56
0.05035058356054	1.66473513638919	56
0.00717857209743	0.694778656366304	56
0.0577788389210201	0.573295283481806	56
-0.0329453888870499	1.01846245796015	100
0.0108871990781401	0.69661470718865	100
0.0034625113848501	0.691203628034591	513
0.0560540375112599	0.572176134773053	135
0.000576143278439911	0.688308974423275	199
0.1165222894526	1.04680314419817	199
-0.02335523777402	0.84543378068884	2949
-0.02447559260279	0.844726504227221	88
0.0643979077286201	0.577085966346076	139
0.12136747621917	1.05289629957517	202
-0.0322369311191599	1.33977584293859	440
0.0882401948752201	1.22915968056406	440
0.0929104922094299	1.23370304756596	440
-0.10815711442226	1.41358473922457	202
-0.02622549241784	0.841135468705538	202
-0.03737762365514	1.01172388698612	16
-0.0255994871394301	1.48020603705784	16
-0.0394466899375501	1.0104282246365	16
0.00267810736268004	0.690636942339763	56
0.00926803926251996	0.693634826735663	56
0.06176150416243	0.575573951673107	513
0.0577788389210201	0.573295283481806	513
0.00104777080569995	0.690276905484279	3316
0.00508480701770009	0.693178123428776	254
0.060612918568	0.574810701056327	1122
0.0652629153297899	0.577331121752138	139
0.0537724826891699	0.569363494119915	88
-0.0228791096204799	0.846331341436971	202
-0.0259110350317699	0.842387346908396	202
-0.11999534510058	1.39393686351556	16
0.11452701144244	1.82927485025928	16
-0.10535835471644	1.63025774242447	16
-0.11367335277334	1.40519660343866	56
0.000576143278439911	0.688308974423275	56
0.09739146451674	1.24123127154654	56
0.00508480701770009	0.693178123428776	2587
0.0655456320514201	0.577850509647929	56
0.0643979077286201	0.577085966346076	100
-0.0159435037398701	0.851716564930074	199
0.00958016502306003	0.695917467871454	1122
0.06497186902393	0.578443560062359	88
0.06205222453913	0.576575770191727	88
0.0655456320514201	0.577850509647929	139
0.09459017261091	1.23754184803375	202
0.12090621933309	1.0532214222107	16
-0.01829409056027	0.848915648871265	56
0.0576223921022701	1.53316828649226	56
-0.11795575186834	1.28496460293113	56
-0.02348933136947	0.843927634997985	513
-0.0288741182711301	1.02444802740584	513
0.00260667546849991	0.691415486937782	513
0.0050037967721599	0.691704308048797	94
0.06262627398235	0.575986404326764	135
-0.0359763600791201	1.01422112000075	16
-0.04174800173083	1.45350619468888	16
0.09867158854337	1.24210864893822	16
-0.0241992019213799	1.3482968109457	16
-0.0308095604154801	0.836753168213695	16
0.0601398196915599	1.53485643520211	16
-0.11962340323546	1.28210078738163	16
-0.03681036962463	1.33070311793868	236
-0.0349672114236701	1.01787235219061	56
-0.03053838020491	1.02274595280914	56
0.06809877478773	1.54915179959762	56
-0.01737212736178	0.85036100175669	56
0.000267110137720072	0.689273684954674	56
0.06962651355507	0.579182253156176	513
0.00879997521194009	0.695340728531382	513
0.12090615842183	1.05179708294221	513
0.06497186902393	0.578443560062359	513
-0.02097037967704	0.845832345514803	100
-0.0337306184519299	1.0185802382588	135
-0.01636138479052	0.851876869323031	199
-0.0228791096204799	0.846331341436971	202
0.1168679149909	1.04786994405688	16
-0.04085498370281	1.57812207601328	464
0.12147928437935	1.05256052226392	16
-0.02605057068814	0.841185243096645	245
0.11975876844678	1.04993355194212	100
0.06349145731342	0.576107730106197	100
0.0701999514768401	0.578591223119105	135
0.09050215605708	1.23118787355256	135
0.00854736828993996	0.694881226930905	135
0.0681887291410099	0.57803285948981	3316
0.12183030281676	1.05446532089359	199
0.0611873140018699	0.576162678907346	1122
-0.02687458939247	1.02626526763798	2987
0.00639676878278994	0.694338750578675	400
-0.11921471369072	1.39430267079718	440
-0.03941567140949	1.32224206121701	202
-0.11525071461509	1.50776057592394	16
-0.10811811772184	1.41498224713491	464
0.08060173474101	1.21382677617528	56
-0.0490961511057499	1.78636310703114	56
0.0919002429350999	1.23505024107777	56
0.0585592306571201	1.53353629078466	513
0.0531376376530699	1.52594718746779	513
0.0941645127161801	1.23685748622363	513
0.00424613030137011	0.691543070982657	135
0.09050215605708	1.23118787355256	135
-0.02434325861227	0.843927772407406	3316
0.00104777080569995	0.690276905484279	254
0.0643979077286201	0.577085966346076	254
0.0614779765006099	0.575223127248405	2786
0.0103595415191	0.696159140742934	88
0.05720354168202	0.572959867621651	88
-0.11169181752057	1.40990799275965	202
-0.11665408883555	1.28292764187945	440
-0.03733405364691	1.32797142086797	16
0.06349145731342	0.576107730106197	16
0.08695225349692	1.22780240635607	16
-0.12493967233468	1.27283649820141	245
0.0737612137638799	1.39887148156098	56
-0.03300116325666	1.0208400080725	56
0.0034625113848501	0.691203628034591	100
-0.02733722959789	0.840928158363085	100
0.00533841866345997	0.692211463064849	513
0.00586765213810003	0.693882064620264	135
0.0641062582252101	0.57783656828618	2786
0.0614779765006099	0.575223127248405	2786
0.00318633412263991	0.68942663980602	2786
0.0784027606325901	1.40381522494235	16
-0.0353840076996399	1.18403692755565	16
0.00776580727452991	0.693312854527834	16
0.09038287059643	1.23169234922899	16
-0.0309452053522601	1.34156285885838	16
0.0693358401298201	0.578796394975642	464
-0.00135378827224009	0.68680319900825	56
0.06176150416243	0.575573951673107	56
-0.02413311732103	0.844266334309948	513
-0.03737762365514	1.01172388698612	100
0.0600305781509101	0.573563297385593	94
0.0569167499116701	0.572884622733256	94
0.00502896064278002	0.691605978893621	199
0.06349145731342	0.576107730106197	139
0.06497186902393	0.578443560062359	139
-0.0385595646708601	1.58269924267702	202
-0.0287770197461199	1.01975088541459	440
0.00854736828993996	0.694881226930905	440
0.0681887291410099	0.57803285948981	16
-0.10776911893699	1.62634161878369	410
-0.0298092057466099	1.02496540075091	464
0.0709294177714901	1.38908833965577	56
-0.12281955307525	1.27557428064462	56
-0.0270266216095001	1.02763539673403	56
-0.0236567208437399	0.845162682271321	1254
0.06089635736011	0.57486221118602	56
0.06205222453913	0.576575770191727	56
0.0643979077286201	0.577085966346076	513
-0.02764000128922	0.841611880836867	100
0.0693358401298201	0.578796394975642	100
0.08598309765867	1.22200721597726	135
-0.0285642011840701	0.837323821573635	135
0.0652629153297899	0.577331121752138	94
0.0611873140018699	0.576162678907346	199
0.0615575788057401	0.575397722991523	199
0.06176150416243	0.575573951673107	457
0.06497186902393	0.578443560062359	254
0.0614779765006099	0.575223127248405	254
0.06497186902393	0.578443560062359	88
0.0655456320514201	0.577850509647929	440
0.05974779582566	0.574099743860578	440
0.07401959583677	1.39683455189769	16
0.0690528778653801	0.577828639701223	16
0.00639676878278994	0.694338750578675	464
0.060612918568	0.574810701056327	56
-0.04379128979157	1.9049365960777	56
0.0646800402191901	0.577244755259019	56
0.0687623835620801	0.579389020639623	56
0.05720354168202	0.572959867621651	513
0.12056328742668	1.05151532098422	100
-0.01674388453929	0.850143859505032	457
0.0643979077286201	0.577085966346076	139
0.0560540375112599	0.572176134773053	88
0.060612918568	0.574810701056327	139
0.12217242219931	1.05393988772825	202
-0.11737383866616	1.50156863440113	56
0.0643979077286201	0.577085966346076	56
-0.02419049180415	0.843322270030413	807
-0.0264440542692901	0.84186106173337	100
0.00717857209743	0.694778656366304	135
0.0636199618746001	0.575665599041282	94
0.0655456320514201	0.577850509647929	88
0.06435602307781	0.575689391195341	88
0.06205222453913	0.576575770191727	88
0.06176150416243	0.575573951673107	88
0.0749223837980499	0.577904228185522	440
0.0603221792564701	0.575449353150941	440
0.0103595415191	0.696159140742934	16
-0.03908305769816	1.00830785762705	16
0.00260667546849991	0.691415486937782	245
-0.02605057068814	0.841185243096645	56
0.06069635629646	0.575154297721853	56
0.06304524468309	0.575330243550069	56
0.0603221792564701	0.575449353150941	56
0.06497186902393	0.578443560062359	3323
-0.0211684931195	0.846058835037544	135
0.08566991587457	1.22479468782687	254
0.00260667546849991	0.691415486937782	139
0.0603221792564701	0.575449353150941	88
-0.0297265187345399	0.838484660856868	88
-0.1045542807426	1.52774140336637	16
-0.03180360427567	1.19310975005153	16
0.06381382996212	0.576020696597725	913
0.0140616339911499	0.696899566976055	913
-0.0278613290010701	1.02623656722125	807
0.0611873140018699	0.576162678907346	100
0.12021274459107	1.0519216209877	100
0.05088932738415	1.6624199622812	94
-0.02257748212948	0.846325955266984	199
0.06291742676874	0.576696640316621	199
0.0614779765006099	0.575223127248405	88
0.0657185162243401	1.54641110557304	202
-0.0391867948593301	1.57936726080854	16
-0.03803577296456	1.32348402204831	16
-0.0160256680634301	0.851960600403948	410
-0.0404493972048301	1.69520238902603	16
0.0015766669606001	0.689788385908174	56
0.01250753936361	0.696808660965334	56
-0.0329047010876999	1.01952518355885	56
-0.0338353761786501	1.0195201335137	56
0.00424613030137011	0.691543070982657	913
0.00189292169615007	0.689841585471618	513
-0.0284707970098099	0.839749903979773	100
0.00664969996917009	0.694322095482239	620
0.0614779765006099	0.575223127248405	94
0.0590394105136201	1.53658535917142	94
0.06497186902393	0.578443560062359	94
0.12379348473301	1.05698996779434	199
0.06497186902393	0.578443560062359	254
0.0614779765006099	0.575223127248405	254
0.0652629153297899	0.577331121752138	187
-0.0250401973948	1.47982348964314	202
-0.0404840157320501	1.69217690542344	202
0.0955152771315999	2.06988829259202	202
-0.12198019321532	1.27907706958048	440
0.0887965645756299	1.22797173783531	16
-0.03413164502861	1.01846155485245	16
0.0655456320514201	0.577850509647929	16
-0.03674102625262	1.18445857664415	245
-0.0357861814046101	1.70327937269696	56
-0.03648716790338	1.3325439469293	56
0.0621836107824301	0.574223274299761	513
-0.0220306960840599	1.03188367660679	100
0.09568301914969	1.23773846708241	135
0.01010806773565	0.696373336398546	94
-0.01941774765968	0.847665527115003	199
0.000208317397720093	0.687704069862097	199
0.06291742676874	0.576696640316621	254
0.0611873140018699	0.576162678907346	88
-0.0234116497625301	0.843599196058389	202
0.12182870789096	1.05299427142307	1597
-0.0398833917912	1.01028145796905	1597
0.0740747264494499	1.39674624109213	202
0.06084057651108	1.53783281626438	16
0.06176150416243	0.575573951673107	56
-0.11383978995648	1.29065997129293	56
-0.0248145492773899	0.844831390413282	56
-0.02927099187253	1.0243542367407	56
0.0820303315515301	1.40769817245668	56
-0.03704621784044	1.18425756508729	56
0.0945875144145101	1.23391764794547	100
0.06205222453913	0.576575770191727	135
0.00873977245307001	0.694450073800806	94
0.0603221792564701	0.575449353150941	254
0.0614779765006099	0.575223127248405	254
0.0655456320514201	0.577850509647929	254
0.06381382996212	0.576020696597725	241
0.0658368577022399	0.578688566094146	187
-0.0322022525057799	1.59393629001119	202
-0.0502960094992999	1.7810919568793	440
-0.03750876162926	1.01468298340654	16
-0.0423587296863499	1.00531298998426	56
0.0693149226970999	1.39106101501417	100
-0.02388781148282	0.842706342514579	620
0.0614779765006099	0.575223127248405	94
0.0676057200529201	0.577246124018883	94
-0.0361528171023899	1.01336360962792	199
0.060612918568	0.574810701056327	254
0.05668786487255	0.571332871837485	254
-0.03424471626877	1.5922257953007	440
0.12345014890616	1.05653700495127	202
0.00045904102374994	0.688250976185621	16
0.00189292169615007	0.689841585471618	56
-0.03119942978166	1.47197503553385	56
0.0658368577022399	0.578688566094146	56
0.08695225349692	1.22780240635607	56
-0.0329047010876999	1.01952518355885	56
0.09024829482533	1.22693436315328	56
0.00932812295723995	0.695796600619346	135
0.12309152968278	1.05580392659013	199
0.00104777080569995	0.690276905484279	139
0.11848267972135	1.05024213152447	139
0.0673239464909801	0.577596717444378	139
0.06641060189182	0.578095540716024	187
0.04342156897682	1.78412867725164	440
0.0737063684833701	2.15186101153574	16
-0.03010258916354	1.02334871044397	16
-0.02413311732103	0.844266334309948	245
-0.02257748212948	0.846325955266984	56
-0.0410591043814399	1.3226102274604	56
-0.11137487546319	1.61630961118586	56
0.0730899346923	1.39406119568099	56
0.11767509733507	1.04919450311787	513
0.0034625113848501	0.691203628034591	94
-0.02652771536146	0.841038919394943	199
0.000831661395559902	0.687728727771899	199
0.0655456320514201	0.577850509647929	241
0.060612918568	0.574810701056327	88
0.0603221792564701	0.575449353150941	88
0.0611873140018699	0.576162678907346	341
0.06176150416243	0.575573951673107	187
0.05461534937901	0.570549366404683	202
0.00475418153282003	0.692440407310782	202
-0.0397803888033801	1.18041642118547	202
-0.04366087160498	1.31733532752887	16
0.0693358401298201	0.578796394975642	16
0.0412534650986001	1.64745735959534	16
0.0560540375112599	0.572176134773053	245
0.0122564278441499	0.696475552291052	56
0.06390623522406	0.575763852388588	56
0.09323283756863	2.07033490124528	56
-0.1175807144639	1.28413096869613	100
0.0890984326183999	1.22998157040878	100
-0.0219932900302899	1.35262025294055	100
0.0611873140018699	0.576162678907346	128
0.0611873140018699	0.576162678907346	341
0.0614779765006099	0.575223127248405	41
-0.03010258916354	1.02334871044397	400
0.0021477801918599	0.690181006466159	1597
0.00854736828993996	0.694881226930905	1597
-0.0444084769841899	1.4463306021734	16
0.00129886233226006	0.689668705776789	16
-0.03287743106554	1.18644448632592	16
-0.0323942505704999	1.18991771254478	56
0.06349145731342	0.576107730106197	513
0.0658368577022399	0.578688566094146	100
0.12136747621917	1.05289629957517	100
0.06205222453913	0.576575770191727	620
-0.01721819220653	0.851290049953217	135
0.06641060189182	0.578095540716024	135
0.0732105219511501	1.39531356886505	199
0.0670322258031899	0.5778351002051	241
0.05974779582566	0.574099743860578	436
-0.12179928483247	1.28051102675638	202
0.0872850781296399	1.41477426761019	16
-0.03563212546533	1.33106296100311	16
0.12298933052058	1.05543365271421	56
0.09032487384696	1.22758714556249	100
-0.03049764400194	1.02190019704782	56
-0.0117980868689	0.855339494798633	56
-0.0414442403826401	1.31783343595328	100
-0.0390369850130501	1.00840745712655	100
-0.0350031771091299	1.01636756749512	94
-0.02638634591753	0.843284064989319	400
0.0799322029198699	2.16495600909694	1120
-0.10889865348667	1.62398424451033	202
-0.0350511859697	1.18500957311582	489
-0.0365818478033799	1.46054840488198	16
-0.03936115236023	1.57816120346743	16
-0.0374702185537801	1.01443127125541	16
0.00483077342270999	0.692626429783641	16
-0.0348015433562101	1.70738385296828	56
-0.12008557137659	1.2813017008777	56
0.12172438500305	1.05071589832285	56
-0.0308095604154801	0.836753168213695	100
-0.0231804130222399	0.845307064723599	100
-0.02574852595563	0.84202843921497	513
0.07447908145616	1.39790625094217	620
-0.03571582205139	1.01396376914699	620
-0.0244077428428999	0.843524037212776	620
-0.0347138266252101	1.33089306987216	620
-0.0258385004371	1.34693178462906	94
0.0103595415191	0.696159140742934	199
0.0594564119373	0.574146809919677	254
0.06612729710276	0.577002863033466	254
0.0623431977133699	0.575344807364201	88
-0.0308095604154801	0.836753168213695	1597
-0.0378489909619799	1.45800291682532	202
-0.03159887945359	1.4680457403838	202
0.12422833183919	1.85417339026093	202
-0.0320321677900699	1.01783786368509	202
-0.03235703353338	1.19035313339195	2475
-0.0394466899375501	1.0104282246365	2475
0.1042630173123	1.24880645068248	56
0.11699315755035	1.04645507730311	56
0.0603221792564701	0.575449353150941	56
-0.0290114495601801	1.02291949987082	56
0.04234022798916	1.78258959907321	100
0.00182762709119011	0.690977558044493	100
0.0655456320514201	0.577850509647929	135
-0.0252859310370499	0.844330995209208	94
0.11446223302497	1.04364736859445	199
0.0609825901857599	0.575061904640739	254
0.00848808577305005	0.694101084116861	254
0.0586403009672001	0.57341570515588	1450
0.06205222453913	0.576575770191727	241
0.06324002887349	0.576609113923133	128
0.07229440207813	1.39287752530413	400
-0.0221016225355	0.847224192673576	1597
-0.0322401061408399	1.33732693278474	202
-0.11124139342616	1.5164463607321	202
-0.0358333070326899	1.01462511136023	100
-0.0273482518380099	1.02564976883863	100
0.0641062582252101	0.57783656828618	1009
0.0658368577022399	0.578688566094146	135
0.0905306259741601	1.23030478016328	135
0.0890984326183999	1.22998157040878	94
0.06205222453913	0.576575770191727	254
0.0652629153297899	0.577331121752138	254
0.06176150416243	0.575573951673107	698
0.0641062582252101	0.57783656828618	241
0.0672749461620601	0.577766096078519	241
0.0703516836919	1.39070353949796	1610
0.0655456320514201	0.577850509647929	16
0.07463181082763	0.578755400421674	100
-0.0244928415927601	0.842934966794232	620
-0.0207956929881301	0.847400475414194	620
-0.02001971393119	0.848845456280035	620
0.000576143278439911	0.688308974423275	135
0.00723716982622991	0.692858163491176	135
0.00533841866345997	0.692211463064849	94
-0.0221016225355	0.847224192673576	199
0.0614779765006099	0.575223127248405	199
0.12425402639587	1.05809511809013	199
0.06262627398235	0.575986404326764	254
0.0563414332457799	0.572549276189887	254
0.06184319313708	0.57473431458569	139
-0.11080653418373	1.51765941589509	202
0.09117725269258	1.23021218316387	489
-0.0358021620493201	1.01699964744668	16
0.0881146950559	1.22550412281531	16
0.0982467824167399	1.24236727027024	56
0.00477585205490994	0.690733785453618	1767
-0.03053838020491	1.02274595280914	100
0.00136235077006996	0.689385845375163	513
0.06291742676874	0.576696640316621	513
-0.00135378827224009	0.68680319900825	1009
-0.0117980868689	0.855339494798633	620
-0.02179985176911	0.846961178203258	620
0.0643979077286201	0.577085966346076	254
0.06176150416243	0.575573951673107	1287
0.06176150416243	0.575573951673107	241
0.12136747621917	1.05289629957517	489
-0.02346534425963	0.845877160255437	489
-0.0366739598805801	1.01582610988538	16
-0.10677140566467	1.52425617888332	16
0.00827171168379004	0.693669391229875	56
0.06176150416243	0.575573951673107	56
0.0678976197735399	0.578952002833974	56
-0.03663649754584	1.01585626246522	100
-0.0244344548276501	0.843641054220566	620
0.00293242809066996	0.690747702125752	620
0.0646800402191901	0.577244755259019	620
0.0886660831555099	1.23038720953591	135
0.06670122068132	0.578357087896594	1094
-0.00397991169439993	0.684126348015788	1515
0.06205222453913	0.576575770191727	254
0.0549723277652701	0.570494376515154	139
0.06205222453913	0.576575770191727	241
0.0678976197735399	0.578952002833974	241
-0.02533545075314	1.02632185260407	16
0.01010806773565	0.696373336398546	56
0.06262627398235	0.575986404326764	100
0.00483077342270999	0.692626429783641	135
0.05720354168202	0.572959867621651	135
-0.00135378827224009	0.68680319900825	199
-0.03157652459855	1.0187865052534	254
-0.0192289543189801	0.848128948399362	1287
0.0611873140018699	0.576162678907346	139
-0.0227041938335999	0.844176264408766	88
0.00104777080569995	0.690276905484279	156
0.0473021824265301	2.31747807483243	400
0.06758414458064	1.38821673856615	400
0.06641060189182	0.578095540716024	202
0.0611873140018699	0.576162678907346	1120
0.0643979077286201	0.577085966346076	489
0.0687623835620801	0.579389020639623	489
0.00801897563274001	0.694425653582333	202
0.00533841866345997	0.692211463064849	16
-0.0358021620493201	1.01699964744668	202
-0.0223182374369699	0.847285155161717	16
0.0611873140018699	0.576162678907346	16
0.00508480701770009	0.693178123428776	16
-0.03456632439259	1.0169692619824	16
-0.0337024675179201	1.18620349022208	245
0.0658368577022399	0.578688566094146	56
0.0223999390495	0.526570390656331	56
0.06205222453913	0.576575770191727	56
0.06205222453913	0.576575770191727	100
0.05974779582566	0.574099743860578	513
0.00455532885968002	0.691509463795607	100
0.0658368577022399	0.578688566094146	620
0.00508480701770009	0.693178123428776	135
0.00430116810844994	0.692170239986747	199
0.0611873140018699	0.576162678907346	1120
-0.03124064450996	1.02097278099489	489
0.06089635736011	0.57486221118602	489
0.00932812295723995	0.695796600619346	202
0.06012134843669	0.574818428531195	16
-0.02652771536146	0.841038919394943	16
0.0901917139392301	1.23240785717775	245
0.00430116810844994	0.692170239986747	100
0.0529147723441901	0.569243111410707	100
0.10291675284383	1.95334706687001	56
-0.0350031771091299	1.01636756749512	56
0.0652629153297899	0.577331121752138	513
-0.000850557722630096	0.686886407600298	199
0.06291742676874	0.576696640316621	1287
0.0671791748849899	1.38746682384732	139
0.06262627398235	0.575986404326764	436
-0.04118731543282	1.32124112248103	400
0.06176150416243	0.575573951673107	1120
-0.02240306986885	0.846475145188653	1120
-0.02638634591753	0.843284064989319	50
-0.0221016225355	0.847224192673576	16
-0.0381725598918501	1.32911585088317	16
0.0569167499116701	0.572884622733256	16
-0.11870715077788	1.28391778711043	56
0.000320219234460017	0.687073789948866	56
0.0708294996284899	0.578518011832582	56
-0.03007606505778	1.47289448326081	56
0.0684710951174199	0.578360020930028	56
0.0658368577022399	0.578688566094146	513
0.06497186902393	0.578443560062359	100
0.00664969996917009	0.694322095482239	100
-0.02879821655869	1.19471290945064	620
0.00717857209743	0.694778656366304	94
0.00483077342270999	0.692626429783641	199
-0.0184681593100999	0.850685538190188	199
0.0678976197735399	0.578952002833974	139
0.0635322778785099	0.576480757103141	436
-0.02184764776114	0.847785496989306	202
0.12080134370152	1.84769534310604	16
0.0108871990781401	0.69661470718865	56
-0.12100480082288	1.38965838272563	56
-0.0386452904693799	1.00962011140987	100
0.06469213130468	1.54653833395069	56
-0.03633023114607	1.18513250958938	56
0.06962651355507	0.579182253156176	56
0.0603221792564701	0.575449353150941	56
0.0039762096757201	0.691529582110652	100
0.00614341202314006	0.692818894948525	513
-0.0197188889134201	0.849018090222835	620
0.00267810736268004	0.690636942339763	135
-0.0350459408752399	1.01378426761068	135
-0.0272158227889701	0.839396512708841	657
-0.0206204154023899	0.844165755981032	657
0.0658368577022399	0.578688566094146	199
-0.0192438689004599	0.849917599567846	199
0.0021477801918599	0.690181006466159	199
-0.0386122648165601	1.0114324727882	202
-0.03022050141185	0.838118670214918	50
-0.0393630161520899	1.45233977575072	16
-0.03577189382829	1.18726058149982	16
0.11894299702314	1.0508192387319	16
0.00586765213810003	0.693882064620264	245
-0.03809313656847	1.32858584596061	16
-0.0268296058986299	0.839940976390302	56
0.09459406866384	1.2362071254685	1615
0.00932812295723995	0.695796600619346	56
0.000704429320500077	0.687736938817916	100
0.06205222453913	0.576575770191727	56
0.0569167499116701	0.572884622733256	100
0.0646800402191901	0.577244755259019	100
0.06089635736011	0.57486221118602	513
0.06262627398235	0.575986404326764	527
0.0641062582252101	0.57783656828618	527
-0.02838826609343	1.19572727595215	620
0.00743094700247005	0.694462877643055	135
0.09288419864998	1.23394578482495	135
0.06612729710276	0.577002863033466	94
0.0611873140018699	0.576162678907346	835
0.0603221792564701	0.575449353150941	241
-0.02574852595563	0.84202843921497	1120
-0.02719082924864	1.4778774005551	50
0.0420726749836799	1.64807867039339	202
0.01250753936361	0.696808660965334	16
0.12101874559855	1.05496844004333	245
-0.0332992781050001	1.01825645551197	245
-0.0341724398557499	1.01778620114782	245
0.12423855520674	1.05895937534147	56
-0.0324683921453399	1.01939239462527	56
0.12102443242657	1.05167350162149	56
0.0586403009672001	0.57341570515588	100
0.00508480701770009	0.693178123428776	513
0.00879997521194009	0.695340728531382	100
-0.0284387887742199	1.02505063121029	527
-0.000321061867180061	0.688187970617562	527
0.0598344987371999	0.574552074754926	527
-0.02655882442715	0.841819562197425	657
0.06176150416243	0.575573951673107	199
0.00449936546613006	0.691150728040127	199
0.06012134843669	0.574818428531195	835
0.06069635629646	0.575154297721853	835
0.00182762709119011	0.690977558044493	139
0.0658368577022399	0.578688566094146	241
0.0681887291410099	0.57803285948981	88
-0.0400414099890101	1.9123771401647	400
-0.02400449268641	0.845226570686261	374
-0.0221016225355	0.847224192673576	489
0.0600305781509101	0.573563297385593	489
0.00129886233226006	0.689668705776789	489
0.0021477801918599	0.690181006466159	50
0.06089635736011	0.57486221118602	245
-0.03847123598519	1.58370561720005	16
0.0883696305933599	1.2263741673444	100
0.0655456320514201	0.577850509647929	620
0.06176150416243	0.575573951673107	139
0.0016376537079601	0.687961909754693	1472
0.06069635629646	0.575154297721853	436
-0.03830332571396	1.0126827631051	16
-0.00291906238001993	0.684943536509662	56
0.0603221792564701	0.575449353150941	401
0.0678976197735399	0.578952002833974	94
0.06291742676874	0.576696640316621	93
0.060612918568	0.574810701056327	392
0.00449936546613006	0.691150728040127	392
0.0644809332360901	0.576099294885397	374
-0.00135378827224009	0.68680319900825	374
0.00319742086186992	0.689969286170533	50
0.0016173348597599	0.688521459133206	489
0.12423855520674	1.05895937534147	202
0.0658368577022399	0.578688566094146	16
-0.02794367322558	1.34337408209567	16
-0.0257887747440899	1.02817059109824	16
0.00795957449314	0.694919046007188	16
-0.12008557137659	1.2813017008777	245
0.00320831641663011	0.689829279676215	56
0.0594564119373	0.574146809919677	100
0.00605875448629001	0.692521730141183	100
-0.02240306986885	0.846475145188653	100
0.00430116810844994	0.692170239986747	56
-0.0203202227484101	0.8475433058154	2689
0.0603221792564701	0.575449353150941	100
0.07463181082763	0.578755400421674	135
0.0611873140018699	0.576162678907346	199
0.06324002887349	0.576609113923133	199
0.0641062582252101	0.57783656828618	1472
0.11400230191903	1.04180891223844	3059
0.00189292169615007	0.689841585471618	489
-0.0397356650267899	1.17865129228996	16
0.0614779765006099	0.575223127248405	245
0.0632078011036901	0.574927820339808	56
-0.02652771536146	0.841038919394943	100
-0.03567542204351	0.828301234225804	100
0.00235627602433008	0.690487755919548	100
0.06205222453913	0.576575770191727	100
0.0563414332457799	0.572549276189887	902
0.06176150416243	0.575573951673107	199
0.00136235077006996	0.689385845375163	1192
0.0603221792564701	0.575449353150941	93
0.0569167499116701	0.572884622733256	139
0.0709585457591599	1.39150128389737	202
-0.0005723376404001	0.687366346179128	374
0.0643979077286201	0.577085966346076	16
0.0898450771877399	2.05755269881606	245
0.00801897563274001	0.694425653582333	100
0.0887965645756299	1.22797173783531	100
0.05547870129105	0.571841073068374	155
-0.00110196372153992	0.687849919556878	100
0.0641062582252101	0.57783656828618	94
0.0673239464909801	0.577596717444378	436
0.0652629153297899	0.577331121752138	202
0.00344817737343006	0.690222641403542	50
-0.0386405758292201	1.00410621046129	202
0.05888204034268	0.572802709197407	16
0.0670322258031899	0.5778351002051	16
-0.0448293281141099	1.56899342068335	94
-0.0390487343072099	1.01128621252243	135
0.06497186902393	0.578443560062359	199
0.0577788389210201	0.573295283481806	93
0.0594564119373	0.574146809919677	139
0.0614779765006099	0.575223127248405	254
0.00561416805771997	0.693634697863814	374
0.0643979077286201	0.577085966346076	489
-0.0368798461470501	1.33216057011311	50
0.05461534937901	0.570549366404683	245
-0.02054702631205	0.848219007755662	347
0.0655456320514201	0.577850509647929	245
0.00717857209743	0.694778656366304	56
0.0016376537079601	0.687961909754693	100
0.00371629100523996	0.691087358930325	100
-0.03053838020491	1.02274595280914	94
0.06205222453913	0.576575770191727	254
0.06390623522406	0.575763852388588	82
0.00267810736268004	0.690636942339763	16
0.0061207112992101	0.692650977578977	2689
0.00828586757066008	0.690322020428	94
0.0900768497655699	1.22636449123449	1192
0.0021477801918599	0.690181006466159	93
-0.02335523777402	0.84543378068884	50
0.0569167499116701	0.572884622733256	50
-0.02974924263712	0.837586726640121	202
-0.0452995961243099	2.00329548031803	50
-0.02778380980174	0.840110460931839	347
0.00639676878278994	0.694338750578675	347
-0.02879821655869	1.19471290945064	946
0.05888204034268	0.572802709197407	100
0.06497186902393	0.578443560062359	100
0.0687623835620801	0.579389020639623	94
0.0865259374768299	1.22657673770462	135
-0.04447105642849	1.00092467060449	723
-0.0477601698027199	0.990047353966424	135
0.07687874926473	1.40342134354826	1192
-0.0313710838949099	0.834853408472943	1192
-0.00274460343385008	0.685910218671815	202
0.00605875448629001	0.692521730141183	50
0.0636199618746001	0.575665599041282	1323
0.00614341202314006	0.692818894948525	1323
0.00749046690391997	0.692757398548458	946
-0.00722830605342995	0.681462283210961	100
0.00932812295723995	0.695796600619346	902
-0.0240917242713199	1.02870388629719	94
0.12389141280848	1.05808004337834	254
0.0658368577022399	0.578688566094146	50
-0.03387173323085	1.01966551822743	347
-0.03064410600249	1.02377579637906	347
0.0598344987371999	0.574552074754926	946
-0.11064360177688	1.29523229632121	394
0.00129886233226006	0.689668705776789	82
-0.02977053772184	1.33972101895676	94
0.06641060189182	0.578095540716024	902
0.05720354168202	0.572959867621651	135
0.09459017261091	1.23754184803375	94
-0.0387251128702	1.18087691030905	1192
0.00260667546849991	0.691415486937782	1399
0.06262627398235	0.575986404326764	254
0.0130344704231	0.697263181278941	41
0.06497186902393	0.578443560062359	374
0.0614779765006099	0.575223127248405	347
0.0603221792564701	0.575449353150941	3280
0.06304524468309	0.575330243550069	94
0.06069635629646	0.575154297721853	93
0.0693358401298201	0.578796394975642	139
0.060612918568	0.574810701056327	139
0.0451668125451501	1.65648632774207	400
0.0635322778785099	0.576480757103141	374
0.0646800402191901	0.577244755259019	374
0.0600305781509101	0.573563297385593	1608
0.00664969996917009	0.694322095482239	100
0.0684710951174199	0.578360020930028	1399
-0.00163170668356005	0.686548287134407	82
0.06205222453913	0.576575770191727	374
0.0551907052804701	0.570883719304841	50
-0.0355404823568299	1.01668428501588	1323
0.0603221792564701	0.575449353150941	347
-0.0272552673853099	0.840759287519653	347
0.00104777080569995	0.690276905484279	100
-0.10539725294881	1.41827240217041	989
0.0603221792564701	0.575449353150941	94
0.06262627398235	0.575986404326764	1263
0.06497186902393	0.578443560062359	139
0.0673239464909801	0.577596717444378	374
0.07169402701746	0.57946276405746	374
0.05888204034268	0.572802709197407	202
0.0641062582252101	0.57783656828618	408
0.06089635736011	0.57486221118602	1323
-0.0317962856907901	1.18888214047471	1323
-0.0213982260221199	0.844998891830149	1323
-0.11597847499578	1.28839019272213	1255
0.0632078011036901	0.574927820339808	347
0.0594564119373	0.574146809919677	100
-0.000210838838099914	0.686619502336012	100
-0.0292502703225901	0.838987481079416	946
-0.0221016225355	0.847224192673576	946
0.06176150416243	0.575573951673107	100
0.06089635736011	0.57486221118602	100
-0.0249694509865399	0.842789606194151	989
0.0135612870803301	0.696441810161482	401
0.0603221792564701	0.575449353150941	100
-0.0236567208437399	0.845162682271321	94
0.00639676878278994	0.694338750578675	394
0.12252842659053	1.05271039134532	1192
0.05974779582566	0.574099743860578	93
0.0641062582252101	0.57783656828618	1399
0.0655456320514201	0.577850509647929	1399
0.06670122068132	0.578357087896594	254
0.00242337421849004	0.689036040188378	436
0.06304524468309	0.575330243550069	50
0.06291742676874	0.576696640316621	50
0.0592594715086701	0.574216413367679	50
-0.02952203065325	1.19583610997306	16
0.12471448277166	1.05819041037015	1323
0.0034625113848501	0.691203628034591	100
-0.02638634591753	0.843284064989319	100
-0.00135378827224009	0.68680319900825	347
0.06012134843669	0.574818428531195	100
0.00235627602433008	0.690487755919548	155
0.0611873140018699	0.576162678907346	620
0.00293242809066996	0.690747702125752	1899
0.060612918568	0.574810701056327	394
-0.01769258657851	0.851149257020452	50
0.0635322778785099	0.576480757103141	50
-0.0216258510894201	0.847367504278335	1323
-0.026861744099	0.842780078427935	1255
0.00240222692252989	0.689086956927602	100
0.06069635629646	0.575154297721853	100
0.0560540375112599	0.572176134773053	100
0.06497186902393	0.578443560062359	100
0.0684710951174199	0.578360020930028	100
0.0598344987371999	0.574552074754926	100
0.0678976197735399	0.578952002833974	100
0.0652629153297899	0.577331121752138	100
0.0641062582252101	0.57783656828618	401
0.0603221792564701	0.575449353150941	155
0.06435602307781	0.575689391195341	155
0.05974779582566	0.574099743860578	100
-0.0313696026722201	1.02143262503954	94
-0.02778380980174	0.840110460931839	94
0.0034625113848501	0.691203628034591	94
0.06381382996212	0.576020696597725	94
0.11963965098984	1.0477720862163	50
0.00639676878278994	0.694338750578675	50
0.06349145731342	0.576107730106197	50
-0.00397991169439993	0.684126348015788	347
0.06012134843669	0.574818428531195	100
0.06381382996212	0.576020696597725	94
0.06497186902393	0.578443560062359	394
-0.03694025635516	1.01159787923265	50
0.06205222453913	0.576575770191727	50
0.05974779582566	0.574099743860578	29
0.0658368577022399	0.578688566094146	29
0.00267810736268004	0.690636942339763	135
0.06497186902393	0.578443560062359	94
0.00586765213810003	0.693882064620264	94
0.00455532885968002	0.691509463795607	394
0.0592594715086701	0.574216413367679	1899
0.0611873140018699	0.576162678907346	1399
0.0646800402191901	0.577244755259019	254
0.0982467824167399	1.24236727027024	1255
0.0687623835620801	0.579389020639623	347
0.06641060189182	0.578095540716024	29
-0.0231804130222399	0.845307064723599	155
-0.03373581658541	1.01838826656207	100
-0.03663649754584	1.01585626246522	100
0.00267810736268004	0.690636942339763	94
0.11975069904959	1.05160089858451	627
0.06497186902393	0.578443560062359	1899
0.06612729710276	0.577002863033466	93
0.0611873140018699	0.576162678907346	93
-0.0305063783794	0.837494860161703	50
0.0653300607424301	1.38112591237501	50
0.12055893681133	1.05438992870057	1323
0.0034625113848501	0.691203628034591	1323
-0.01474859187285	0.85348712272964	100
-0.0375341580655799	1.46224687631664	347
-0.0237141504041001	0.843467255470174	347
-0.0440572108787001	1.3172193986103	100
0.00639676878278994	0.694338750578675	100
0.00801897563274001	0.694425653582333	29
0.00528185102601997	0.691948679154516	155
0.00854736828993996	0.694881226930905	620
0.00318633412263991	0.68942663980602	94
-0.000321061867180061	0.688187970617562	94
0.06497186902393	0.578443560062359	93
0.0061207112992101	0.692650977578977	93
0.060612918568	0.574810701056327	201
0.06291742676874	0.576696640316621	82
0.05565600908004	1.52746963855792	50
-0.04327045333377	1.31777657016276	408
-0.0231804130222399	0.845307064723599	1323
-0.00188366104490001	0.687285853301533	1323
-0.0197188889134201	0.849018090222835	347
0.00235627602433008	0.690487755919548	29
0.06012134843669	0.574818428531195	29
0.06381382996212	0.576020696597725	100
0.060612918568	0.574810701056327	100
0.0643979077286201	0.577085966346076	100
0.1165222894526	1.04680314419817	100
-0.02730701785816	0.839794057772938	16
-0.0231804130222399	0.845307064723599	1323
-0.026861744099	0.842780078427935	347
0.0034625113848501	0.691203628034591	100
0.0643979077286201	0.577085966346076	100
0.0611873140018699	0.576162678907346	29
-0.03010258916354	1.02334871044397	29
0.06205222453913	0.576575770191727	155
-0.0339957539289699	0.832728120709446	100
0.0611873140018699	0.576162678907346	627
0.0034625113848501	0.691203628034591	93
0.06069635629646	0.575154297721853	93
0.0611873140018699	0.576162678907346	82
0.0652629153297899	0.577331121752138	16
0.11254864286614	1.97549866089598	1323
-0.02825430195709	0.838660155010295	1323
0.12471448277166	1.05819041037015	100
-0.0355668974341099	1.33005911380633	100
-0.0221016225355	0.847224192673576	29
-0.02240306986885	0.846475145188653	29
-0.0150847873811499	0.852993243464339	100
0.00958016502306003	0.695917467871454	100
-0.0150847873811499	0.852993243464339	100
0.12171378950566	1.05413771915153	627
0.0586403009672001	0.57341570515588	93
0.0614779765006099	0.575223127248405	82
0.12459790442376	1.85598773320227	1323
-0.0249467833949699	0.842875229561889	347
0.0358408254834901	1.76538066437392	100
0.0810543859314701	1.40765747737172	155
0.0560540375112599	0.572176134773053	100
-0.0420644458116901	1.17422758398325	100
-0.12045970233586	1.28099088688978	100
0.00449936546613006	0.691150728040127	201
0.0061207112992101	0.692650977578977	307
0.0641062582252101	0.57783656828618	82
-0.0309134110504199	1.34126249428606	16
0.0702407141096999	1.39299069474937	347
-0.0201690238491301	0.848541173338987	347
-0.10245414935059	1.53422247569178	347
-0.11353712947815	1.29134615848117	29
0.0687552298526499	1.3844644060648	29
0.0643979077286201	0.577085966346076	94
0.06069635629646	0.575154297721853	627
-0.12205287129731	1.27705983438067	94
0.00845276077678991	0.693913643295033	94
0.0611873140018699	0.576162678907346	93
0.00242337421849004	0.689036040188378	93
-0.0378150765557801	1.01112401058991	93
0.12101847262002	1.05081484155503	139
-0.0336762251623299	1.7032540327517	202
-0.0347801434028301	1.3321847034238	50
-0.0410856771108701	1.45462173793387	16
-0.12448013623587	1.27038070301192	16
0.0664585335295	0.576484309411764	1323
-0.0370379075548499	1.18338240752025	347
-0.11367193276708	1.40686847154088	347
-0.0287389771840301	1.19232097968514	100
0.0684710951174199	0.578360020930028	100
-0.0293748117239701	1.02510528535836	29
-0.0231804130222399	0.845307064723599	29
0.05389702489048	1.52656726825462	155
-0.0353962251372799	1.01522618077666	94
0.06176150416243	0.575573951673107	93
0.00639676878278994	0.694338750578675	93
0.060612918568	0.574810701056327	139
0.0652629153297899	0.577331121752138	82
0.0560540375112599	0.572176134773053	82
0.06176150416243	0.575573951673107	1193
-0.03216633833239	1.0218522956769	50
0.0655456320514201	0.577850509647929	347
0.06090635872897	1.53844469299443	29
-0.0368771807238599	1.32890937236349	100
-0.11552055504779	1.28881162524812	627
0.06205222453913	0.576575770191727	394
-0.12160048965277	1.27728818109282	93
0.0598344987371999	0.574552074754926	139
0.0655456320514201	0.577850509647929	201
0.06176150416243	0.575573951673107	139
0.0603221792564701	0.575449353150941	82
0.0597480928443901	1.53732004990139	16
-0.0379065413317801	1.01428607707156	347
-0.0284707970098099	0.839749903979773	347
0.0615575788057401	0.575397722991523	94
0.0950196016540099	1.23781650201843	139
0.0692584255556199	1.38730047785638	139
0.00104777080569995	0.690276905484279	201
-0.03687388328137	1.46050807934576	82
-0.0319833624886801	1.18951183539698	115
-0.0333258537602701	1.58911315770153	45
-0.11056051490724	1.51312421447801	45
-0.0313939678086499	1.19293655441937	45
0.11975876844678	1.04993355194212	50
-0.12279185959331	1.38576789399813	783
-0.03936878232134	1.1802536135286	347
-0.0411430220701301	1.91385270097722	347
0.0132443033144001	2.08300963702477	29
0.10879531505503	1.96537254150798	100
0.0544588000174	1.52774417979446	94
-0.0270049495987601	0.840146814489466	94
0.0577788389210201	0.573295283481806	201
0.0598344987371999	0.574552074754926	201
0.0563414332457799	0.572549276189887	139
0.0577788389210201	0.573295283481806	82
-0.0354401148185699	1.01504502746289	29
-0.0345251978350201	1.18625103089289	155
0.08499384557293	1.22287168737188	100
0.06262627398235	0.575986404326764	94
0.060612918568	0.574810701056327	94
0.0641062582252101	0.57783656828618	201
0.09288261206606	1.23457326321973	82
-0.01166484799843	0.853507528057867	50
-0.03304909037867	1.33539010749682	347
0.0187546006841799	1.97650333475207	347
0.0649245175264801	1.38138604340581	29
0.12389679103538	1.85093390033953	139
0.0655456320514201	0.577850509647929	201
0.05720354168202	0.572959867621651	82
0.0719735752667601	1.39622403169488	82
-0.12010645754529	1.27936411346296	45
-0.1151964483865	1.40342998582565	16
0.0866589365325801	1.22508840858646	16
-0.11203513315304	1.51465537647066	347
-0.0407993715180699	1.17233420570079	100
0.06497186902393	0.578443560062359	100
-0.03456632439259	1.0169692619824	627
0.0655456320514201	0.577850509647929	93
-0.0175189188846501	0.849681183731442	307
0.07255791242138	0.579448662854267	321
0.11611957500974	1.98057595964896	50
0.05968748133819	1.53551404260337	50
0.0155230269220299	1.96778745311988	347
0.12067036100916	1.84444950152224	347
-0.12271394734123	1.38805261136928	29
-0.0187689361233101	0.850059205901264	155
0.08780879909029	1.22925122877086	94
-0.0329047010876999	1.01952518355885	93
0.0655456320514201	0.577850509647929	201
0.00630766010611006	0.693254840783381	307
0.09263667865515	1.23381250346384	321
0.0646800402191901	0.577244755259019	82
0.0621836107824301	0.574223274299761	82
-0.03842222020803	1.01171811690909	45
-0.03694025635516	1.01159787923265	45
0.0594564119373	0.574146809919677	16
0.12463809238954	1.85435688142569	16
-0.11773588203601	1.39746026790547	347
0.0404375053058099	1.6449844491259	347
0.01964578998501	1.85857557937588	100
-0.11646427106138	1.39792307638747	29
0.1062435270293	1.96196444916044	100
0.0600305781509101	0.573563297385593	94
0.05789431641481	0.570510382803982	94
0.05893619305342	1.6789129895239	94
-0.026861744099	0.842780078427935	94
-0.0371099846401399	1.01336350375867	139
-0.0213242609706901	0.847859591846366	82
-0.12475728907544	1.27547160905632	45
0.10765972243016	2.39921772040322	50
-0.03965507056372	1.58112370613278	50
-0.0489970839877001	2.29199876254307	16
0.0127231995831401	2.08087543283352	1323
-0.0403686250614199	1.69373211098613	245
-0.11924082004524	1.28206358706259	100
-0.11982283433545	1.28377440721768	100
0.0598344987371999	0.574552074754926	2503
-0.0332162520258199	1.18855140812696	29
0.0646800402191901	0.577244755259019	94
0.0529147723441901	0.569243111410707	93
0.06349145731342	0.576107730106197	40
0.05697857573928	1.53337226089886	82
0.1238797414807	1.05581521615473	82
0.0594564119373	0.574146809919677	82
0.0907470986540799	1.23090432758836	50
-0.0387475664847501	1.46017569223121	1323
-0.1147009610808	1.5077292880811	347
0.0995158118050301	1.94588895151294	100
-0.0293748117239701	1.02510528535836	94
0.00639676878278994	0.694338750578675	94
0.06266602934731	0.575258394733933	94
-0.0005723376404001	0.687366346179128	40
-0.03902271321341	1.32628744760606	82
-0.0292502703225901	0.838987481079416	82
0.12056292498138	1.05157477977395	82
-0.0346553810802801	1.46834719737083	137
0.0684710951174199	0.578360020930028	347
-0.02967639543991	1.33918481055256	100
-0.12384953347977	1.27761894505791	100
0.0442979440642499	1.7857098265965	100
-0.03883629860743	1.58254626944124	1252
0.07661325108297	1.4000893780769	2503
-0.0224595919495401	0.842619834620892	94
0.0978218918725899	1.24168272177773	94
-0.0201690238491301	0.848541173338987	94
0.06497186902393	0.578443560062359	94
0.00614341202314006	0.692818894948525	40
-0.12066212895553	1.28166473768882	40
0.12182535917109	1.05619026747191	82
-0.0160256680634301	0.851960600403948	82
-0.0213242609706901	0.847859591846366	82
-0.02354830392165	1.48351335613487	82
0.02520284344666	1.8718811460901	16
-0.03270415986498	1.46968095771432	137
0.0983559166858401	1.24318869866449	347
-0.10921690413364	1.51993779832367	29
-0.0332992781050001	1.01825645551197	29
0.000208317397720093	0.687704069862097	94
0.0678976197735399	0.578952002833974	93
0.06291742676874	0.576696640316621	201
-0.02560848540561	0.844177725594026	82
0.00450412691879998	0.691039692171147	82
-0.0206983792045701	0.847915214534253	82
-0.0370163025602901	1.70136694601134	347
0.0635322778785099	0.576480757103141	347
0.06526936762641	1.54570940981664	29
-0.12468663119989	1.27623421068562	29
-0.0377320490478199	1.32832596718396	94
-0.02638634591753	0.843284064989319	40
-0.0187689361233101	0.850059205901264	201
0.0466198320231901	1.65587151379163	139
-0.02879821655869	1.19471290945064	307
0.00749046690391997	0.692757398548458	82
0.00715074931372994	0.691823486119362	82
-0.10757578675404	2.17294922035104	50
0.06150738511294	1.53820057553245	50
0.00932812295723995	0.695796600619346	1323
-0.12316613600312	1.27711691111468	347
-0.02764000128922	0.841611880836867	347
-0.0259110350317699	0.842387346908396	347
0.06262627398235	0.575986404326764	100
0.00189292169615007	0.689841585471618	29
0.00932812295723995	0.695796600619346	100
-0.0277036517609	1.02642061692274	29
0.12171138070945	1.05283987405537	94
-0.03049764400194	1.02190019704782	40
-0.11178056255539	1.40764017784664	307
0.0407685229456101	1.64311738839008	139
0.000796253389989898	0.688787241678732	82
0.01010806773565	0.696373336398546	82
0.06176150416243	0.575573951673107	82
0.06497186902393	0.578443560062359	82
0.0611873140018699	0.576162678907346	45
0.0673239464909801	0.577596717444378	41
-0.03195489313194	1.93278008238971	50
0.00932812295723995	0.695796600619346	50
-0.0256462163081099	1.02842274024167	50
-0.0333410946442601	1.01892296828758	50
0.0614779765006099	0.575223127248405	50
0.000208317397720093	0.687704069862097	408
-0.0329656623641801	1.59487944604724	408
0.00932812295723995	0.695796600619346	1323
0.0355779707347701	1.77001555559023	137
0.01803265362524	0.697204859527391	347
0.06262627398235	0.575986404326764	29
0.0563414332457799	0.572549276189887	29
0.0106358549961301	0.695552144813358	29
0.06497186902393	0.578443560062359	29
0.00242337421849004	0.689036040188378	100
-0.0368126989638999	1.46316942786133	1252
-0.01954451230501	0.848987615586173	1252
0.06670122068132	0.578357087896594	1252
-0.0346397234434801	1.18601966299951	29
0.0646800402191901	0.577244755259019	29
0.0887965645756299	1.22797173783531	100
-0.0353207702799701	1.014115975447	40
0.00181493870182003	2.16026999511847	201
0.07169402701746	0.57946276405746	139
0.0671980928432001	1.98888936370244	82
0.06176150416243	0.575573951673107	82
0.06497186902393	0.578443560062359	45
0.06641060189182	0.578095540716024	215
-0.10303096191407	1.83058614682735	50
0.00293242809066996	0.690747702125752	50
-0.0350882223398501	1.18534150381293	50
-0.0213242609706901	0.847859591846366	50
0.0922083941427401	1.23274861676903	50
-0.0342333507638299	1.01650718291726	783
-0.11183109900104	1.51305858396181	1323
-0.0302094773194399	1.02391626322023	1323
0.0500341745803601	1.51581033815977	245
-0.01808175400025	0.850657243039773	245
0.0611873140018699	0.576162678907346	347
0.0641062582252101	0.57783656828618	29
0.00146497696528991	2.26593914493647	29
0.0655456320514201	0.577850509647929	29
-0.03855850682563	1.17798406804926	29
-0.11282849445066	1.51259352461692	100
-0.02278891735914	0.845427397951457	94
0.00854736828993996	0.694881226930905	139
0.0655456320514201	0.577850509647929	82
0.0367359824492599	1.770978178003	82
-0.1010647472069	1.83769491263366	82
0.0130344704231	0.697263181278941	75
0.0741755579511501	1.39765783012247	50
-0.02622549241784	0.841135468705538	137
0.0623431977133699	0.575344807364201	137
-0.026861744099	0.842780078427935	120
0.05720354168202	0.572959867621651	100
-0.0289294097856501	0.83637781917548	29
0.0563414332457799	0.572549276189887	29
0.0583969630091099	0.572999917193612	29
-0.0930163407684801	1.65135103107277	100
-0.11924888603381	1.28315991331946	29
0.0881146950559	1.22550412281531	29
0.00430116810844994	0.692170239986747	29
0.06381382996212	0.576020696597725	94
0.00717857209743	0.694778656366304	94
-0.0346859787902301	1.70575521817584	94
-0.0909949100668299	2.04918097892514	40
0.00932812295723995	0.695796600619346	82
0.00639676878278994	0.694338750578675	82
-0.01799349561762	0.850826688821256	82
0.0627583472834601	0.574558056795105	41
-0.0373186941068	1.33024151593795	50
-0.0236567208437399	0.845162682271321	50
0.00508480701770009	0.693178123428776	50
-0.04445828406202	1.68632919804425	100
0.05974779582566	0.574099743860578	100
0.0614779765006099	0.575223127248405	29
-0.00135378827224009	0.68680319900825	29
0.00293242809066996	0.690747702125752	1252
0.0693149226970999	1.39106101501417	100
0.000518758534119979	0.688969463483089	307
0.06291742676874	0.576696640316621	82
0.06176150416243	0.575573951673107	82
0.06497186902393	0.578443560062359	82
0.0577788389210201	0.573295283481806	45
0.0646800402191901	0.577244755259019	45
0.0551907052804701	0.570883719304841	45
-0.0216258510894201	0.847367504278335	45
0.0699485136075599	1.39058648573679	50
0.00483077342270999	0.692626429783641	50
-0.0296079679936601	1.47356354901733	245
0.00533841866345997	0.692211463064849	120
0.00293242809066996	0.690747702125752	347
-0.02927099187253	1.0243542367407	347
0.12423855520674	1.05895937534147	347
0.0659094830104201	1.38380450252864	100
0.11607441392511	1.04541007666772	29
-0.0045493524267799	0.682972950199714	94
0.0594564119373	0.574146809919677	307
0.0598344987371999	0.574552074754926	307
-0.10240570580323	1.52911295976797	139
0.06069635629646	0.575154297721853	82
0.0678976197735399	0.578952002833974	115
0.0583969630091099	0.572999917193612	45
0.0693149226970999	1.39106101501417	50
-0.0367710469540701	1.1826632174691	120
0.0469947410952301	1.65569716167052	347
0.12217312001166	1.05652988804527	29
-0.0310319117212801	0.836923297570687	29
-0.0344972939460899	1.18911980553743	100
-0.0338353761786501	1.0195201335137	100
-0.03191334303786	1.0211848251413	100
0.06560466331193	1.54681362861201	100
-0.0527373729780201	1.98509751624158	100
0.00267810736268004	0.690636942339763	94
0.00338491240400995	0.691555507421072	458
0.00561416805771997	0.693634697863814	40
-0.0353613066924801	1.18793557985708	201
0.0684710951174199	0.578360020930028	82
0.06089635736011	0.57486221118602	45
0.06176150416243	0.575573951673107	45
-0.11276458209803	1.40655680275651	1323
-0.02574852595563	0.84202843921497	347
0.07148445774279	1.3913585221882	29
-0.12392117246843	1.27713290082014	100
-0.03612225324098	1.58470962376807	94
-0.0355355694889801	1.18362844337294	201
-0.02652771536146	0.841038919394943	82
0.06354521152274	1.54260439587797	82
0.0577788389210201	0.573295283481806	82
0.06497186902393	0.578443560062359	82
0.0569167499116701	0.572884622733256	115
0.06205222453913	0.576575770191727	45
-0.0295232054127701	1.47401020621769	115
0.0942178863638601	1.92944443002707	50
0.01250753936361	0.696808660965334	50
0.0847014418166501	1.22014244004981	50
0.11832790782734	2.4339436581656	1323
-0.01829409056027	0.848915648871265	1323
-0.0317632310843501	0.834418470892572	120
0.00240222692252989	0.689086956927602	347
-0.02605057068814	0.841185243096645	347
0.0628859031321201	1.3760668669451	347
-0.0359379122119601	1.01559883109104	347
0.00578037230131989	0.691945200810439	29
0.12469729264901	1.05953797009636	100
0.09696636143537	1.24054677090736	100
0.11975243662551	1.05282950763707	1252
0.12217242219931	1.05393988772825	100
-0.02204763127863	0.844256089503645	100
-0.0461362655445401	1.68019677045108	1485
-0.0264440542692901	0.84186106173337	458
-0.11556722840852	1.40229115452669	201
0.05679423593254	1.52975035738357	139
-0.0292502703225901	0.838987481079416	115
0.0103595415191	0.696159140742934	115
0.0643979077286201	0.577085966346076	115
0.0799270387630799	2.03308739135941	75
0.0395836264283	2.40423721989271	50
0.12228985346067	1.05139543770596	50
-0.01747026886933	0.848458302204673	1323
-0.03737756340112	1.01254123007451	137
-0.11609816001104	1.40121943238599	245
0.08330806341068	1.1598857466843	347
0.0701999514768401	0.578591223119105	29
0.09330860963549	1.23432145957769	29
0.12425402639587	1.05809511809013	100
-0.0231804130222399	0.845307064723599	1485
-0.0244077428428999	0.843524037212776	94
0.09373602707003	1.23623726881307	201
-0.0517394956338499	1.66590152139022	82
0.06497186902393	0.578443560062359	2556
0.06205222453913	0.576575770191727	115
-0.0187689361233101	0.850059205901264	115
0.0614779765006099	0.575223127248405	115
-0.020848758066	0.848002492808298	75
0.0246440326872399	1.74229472121731	1253
-0.12000604766323	1.281604867299	50
-0.03410717676927	1.70239039109097	120
-0.0279370641768999	1.34541625633975	137
-0.0184681593100999	0.850685538190188	347
-0.0216258510894201	0.847367504278335	29
0.06205222453913	0.576575770191727	29
-0.02179985176911	0.846961178203258	458
0.0706323650982601	1.38670506112121	139
-0.11713121208006	1.39715527235504	82
0.0659752530470901	0.574908517480181	115
0.06381382996212	0.576020696597725	115
0.00932812295723995	0.695796600619346	50
-0.04557481414784	1.4424519261729	783
0.00854736828993996	0.694881226930905	1323
-0.03124064450996	1.02097278099489	137
-0.03651753355286	1.81626768446953	137
-0.0385449029140099	1.5797128598486	347
-0.03190333939206	1.18883622283082	100
0.09178226436601	1.23299906838598	100
0.0906172511335299	1.23363813633929	29
0.0039762096757201	0.691529582110652	29
-0.0284387887742199	1.02505063121029	29
-0.0358021620493201	1.01699964744668	29
-0.0259110350317699	0.842387346908396	29
-0.0386122648165601	1.0114324727882	29
0.06476657875121	0.575559739057974	458
-0.0529970247899001	1.88075724297545	40
-0.03317791855096	1.46789088336866	40
-0.0204950030478399	0.847946970549542	82
0.01010806773565	0.696373336398546	115
0.00267810736268004	0.690636942339763	115
0.00475418153282003	0.692440407310782	115
-0.0248145492773899	0.844831390413282	82
0.1210213269449	1.05337414492035	115
-0.0419443167522899	2.31366805429688	50
-0.04071743150117	1.00903245127422	137
0.0642487082016601	1.54183646869084	120
0.000518758534119979	0.688969463483089	120
-0.0380568978901801	1.18334471146818	29
-0.028940500075	1.02373690891546	29
0.0693149226970999	1.39106101501417	458
-0.0346332205106501	1.32996845770078	201
-0.0403201783467899	1.00925858777868	201
0.0527409969207	1.52280361514202	139
0.00717857209743	0.694778656366304	201
0.08780879909029	1.22925122877086	201
-0.0150847873811499	0.852993243464339	82
-0.0249694509865399	0.842789606194151	115
0.0563414332457799	0.572549276189887	82
-0.0332682305418499	1.4672949969634	75
-0.1107303442215	1.51672826684482	137
0.0762685269141301	1.40054464284633	120
0.0254766806065601	1.86781420096627	347
0.00424613030137011	0.691543070982657	29
0.0510090420462199	1.51898861464658	29
-0.0332544171231199	1.18842839754971	100
-0.0373282620303601	1.58524320083786	29
-0.0374702185537801	1.01443127125541	40
0.0611873140018699	0.576162678907346	40
0.12171138070945	1.05283987405537	3102
0.00207815834684011	0.690106296456495	201
0.00586765213810003	0.693882064620264	201
0.00430116810844994	0.692170239986747	201
0.00879997521194009	0.695340728531382	82
0.0938928324533601	2.06573158621138	1323
0.02321321129234	1.87053898133273	29
-0.12365483591749	1.27458500951684	29
-0.11635344100262	1.28740322802266	29
-0.11440889016806	1.40426003547209	29
-0.1066643638769	1.52626423833469	29
-0.0336273654468	1.18679471005277	100
-0.04192272825623	1.00588126964508	1485
0.0646800402191901	0.577244755259019	100
0.0034625113848501	0.691203628034591	100
0.04675656529768	1.65285653939392	94
-0.0525292221762901	1.88236541162656	94
0.0655456320514201	0.577850509647929	40
-0.02419049180415	0.843322270030413	40
0.00907564491784996	0.694063919515537	201
-0.12167842593716	1.27911204660226	139
-0.0353207702799701	1.014115975447	115
-0.10982290659336	1.51858216628502	45
0.0587521395889301	0.571606328850996	137
-0.03456632439259	1.0169692619824	29
0.10826539302687	1.96827283501389	29
-0.03524137605236	1.70584811455347	29
0.06262627398235	0.575986404326764	94
0.0641062582252101	0.57783656828618	139
-0.01954451230501	0.848987615586173	201
-0.0369842523139201	1.01236601338167	82
-0.0156041316818301	0.852031985474326	82
-0.0347801434028301	1.3321847034238	115
-0.03438546333111	1.33494012109933	115
-0.0247450295484599	0.84390097265626	1323
0.00533841866345997	0.692211463064849	1323
0.06308672447079	1.5446926721508	427
-0.11440889016806	1.40426003547209	347
-0.0206503322751499	1.4877709932287	347
0.0392214862490401	1.77569317864098	100
-0.04366223173969	1.44799145582937	100
0.00553133286710006	0.693014411465741	100
0.0598344987371999	0.574552074754926	94
-0.11955147533556	1.28144470129181	94
0.0021477801918599	0.690181006466159	40
-0.02841838157869	0.840092250200949	40
0.06324002887349	0.576609113923133	3102
0.06497186902393	0.578443560062359	201
-0.01799349561762	0.850826688821256	82
0.08932983587295	1.22998363188272	82
-0.03825261508503	1.00980955287592	115
-0.0239578791717601	0.843786125104647	1323
0.08598868984907	2.05058018991312	137
0.0872622307622599	1.22424020798112	94
0.00455532885968002	0.691509463795607	100
-0.0248145492773899	0.844831390413282	94
0.0655456320514201	0.577850509647929	94
0.06205222453913	0.576575770191727	201
0.05689641156242	1.53346501281549	82
0.06324002887349	0.576609113923133	82
-0.0380568978901801	1.18334471146818	1112
-0.0333978395036001	1.33513252198293	45
-0.10442950500524	1.63298427846109	137
-0.11891830541693	1.5981048882641	347
-0.03540847423873	1.7045115598363	29
0.02863519549602	1.87737035281023	29
0.0408126140971801	1.77893186966729	29
-0.0290114495601801	1.02291949987082	1250
0.0577788389210201	0.573295283481806	1010
0.00795957449314	0.694919046007188	94
0.0016376537079601	0.687961909754693	40
0.05547870129105	0.571841073068374	201
-0.0360394249332301	1.46170550408263	139
-0.02638634591753	0.843284064989319	82
0.0842756395934901	1.22156664426889	75
-0.0215085080158	0.847785511360695	1323
0.00267810736268004	0.690636942339763	137
0.00242337421849004	0.689036040188378	29
0.0796722563538901	1.40412996203429	29
-0.0474947967355199	1.78017949316562	29
0.02511928952346	1.86780558194535	29
-0.10326755145702	1.82976444795994	29
0.0744466145327001	2.14988572259929	458
0.00801897563274001	0.694425653582333	94
-0.0255735155550401	0.840066809584573	201
-0.02574852595563	0.84202843921497	201
0.06069635629646	0.575154297721853	201
-0.0332992781050001	1.01825645551197	82
-0.02560848540561	0.844177725594026	115
-0.09594184859874	1.64884284232875	1112
0.12494288891396	1.05638431750057	1323
-0.03235703353338	1.19035313339195	137
-0.04726684943246	1.67930345056688	29
-0.09888911738328	1.53801827796704	29
-0.1108705695516	1.61797290646133	458
-0.12107643211518	1.39096203644572	201
-0.0308047954470301	1.02083888008827	201
0.0708294996284899	0.578518011832582	201
0.00985615496175996	0.694976702755398	201
-0.0298092057466099	1.02496540075091	139
0.0034625113848501	0.691203628034591	82
-0.11367193276708	1.40686847154088	82
0.0892222716550499	1.2281470766561	82
-0.12038875334444	1.28061373361976	1112
0.0218231821766	1.86166186296303	115
-0.0314407405268899	1.59753012309074	75
-0.0399502430191301	1.45702346399871	1323
0.00446107657698991	0.689268082162292	137
0.07162285287869	2.26321282484254	347
0.0592270703576301	1.53578601663856	347
-0.0305239290425601	1.19234989020639	347
-0.09814229510267	1.74558188638708	347
0.06641060189182	0.578095540716024	347
-0.10002739802187	1.64086097522814	29
-0.11239159406227	1.71150534918284	100
-0.0522885821868699	1.87809613202701	29
-0.02730701785816	0.839794057772938	1250
-0.04496639465626	1.16390691406727	100
0.11719458309895	1.83981994268567	94
0.00717857209743	0.694778656366304	82
-0.0322745759835501	1.0159065535231	82
-0.0330201814825299	1.33828538488596	115
0.04296490578074	1.64754413629373	75
-0.04051082302104	2.01651280479689	1323
-0.04017213879535	1.32264160781517	1323
0.12299610917835	1.8529084612062	347
-0.11460966141632	1.39959411247593	29
0.0255575873943199	1.74626594866966	1893
-0.0364953596953801	1.58771031152714	100
-0.0339431265496299	1.18935759064188	100
-0.03373581658541	1.01838826656207	100
0.12425402639587	1.05809511809013	201
0.0643979077286201	0.577085966346076	82
0.00189292169615007	0.689841585471618	82
0.00110695783841996	0.688764264593948	82
-0.0298092057466099	1.02496540075091	115
0.00104777080569995	0.690276905484279	82
-0.03147839721067	1.02221697935077	82
-0.12256400067853	1.38535665668302	1112
-0.0258723568411201	1.60023723022112	75
0.0255907698348501	1.86968952050615	137
-0.0423306931032299	1.17467878555761	137
0.0719735752667601	1.39622403169488	137
0.11032603315137	2.40715779694338	120
-0.10528760193783	1.52692149517333	347
-0.10554607044629	1.63043108581423	29
-0.0184681593100999	0.850685538190188	100
0.0670322258031899	0.5778351002051	94
0.0731310615077701	0.578859536921869	94
0.06324002887349	0.576609113923133	458
0.0609825901857599	0.575061904640739	201
0.12343976830037	1.05772263347813	201
0.00104777080569995	0.690276905484279	1842
-0.0383429483441999	1.01325867255025	82
-0.02794367322558	1.34337408209567	82
-0.0381267303019299	1.32915586817252	115
-0.0326020402601399	1.59541756959401	1323
0.00508480701770009	0.693178123428776	137
-0.0329047010876999	1.01952518355885	137
-0.0292512974493999	1.19471726541812	347
-0.0321406107872	1.59209737632093	29
-0.05196786411647	1.88526771410698	29
0.0668359805930201	0.575844934051185	1250
0.00508480701770009	0.693178123428776	94
0.0615575788057401	0.575397722991523	94
0.0021477801918599	0.690181006466159	94
0.00717857209743	0.694778656366304	201
0.00502896064278002	0.691605978893621	82
-0.0364426180980899	1.3274727519809	115
0.02776670889116	1.88078895350591	1112
0.0563414332457799	0.572549276189887	1
-0.02179985176911	0.846961178203258	137
0.00614341202314006	0.692818894948525	137
0.0603221792564701	0.575449353150941	137
0.12022204573225	1.04749973356558	120
-0.10932873902154	1.62312500267112	347
-0.0288452400943899	1.34280522440583	120
-0.03737762365514	1.01172388698612	1010
0.0600305781509101	0.573563297385593	94
0.08556122541414	1.22158877182413	94
0.06012134843669	0.574818428531195	94
0.0655456320514201	0.577850509647929	94
0.06012134843669	0.574818428531195	94
-0.0249694509865399	0.842789606194151	201
0.0603221792564701	0.575449353150941	82
0.00692576864066008	0.693521170574345	75
0.00128824600542998	2.37082178119957	50
-0.0904596065221901	2.14207805271347	3134
-0.01799349561762	0.850826688821256	137
-0.0425035058182901	1.45026455431786	137
-0.10868135919702	1.62308708234842	347
0.06670122068132	0.578357087896594	1250
0.0655456320514201	0.577850509647929	1250
0.0603221792564701	0.575449353150941	94
0.09092858253737	1.23187136320597	201
0.0655456320514201	0.577850509647929	201
0.0652629153297899	0.577331121752138	82
-0.02240306986885	0.846475145188653	82
0.0712229731829701	1.39145138568723	115
-0.00135378827224009	0.68680319900825	82
0.06497186902393	0.578443560062359	75
0.06205222453913	0.576575770191727	491
0.00639676878278994	0.694338750578675	1323
-0.0367607502467999	1.81486772599544	137
-0.00213603101148996	0.686013215629264	137
0.0678976197735399	0.578952002833974	29
-0.0399439257549901	1.17432464571065	29
-0.0382020085166701	1.70084950583633	100
0.0641062582252101	0.57783656828618	1250
-0.03211259544988	1.01904471275302	94
0.0882401948752201	1.22915968056406	201
-0.02834397374859	1.19360023191421	82
0.09160767050267	2.06318291216592	137
0.0400866194424301	1.7777305344027	100
-0.03319533622829	0.833733783798595	29
0.0918210067610701	2.19410220350915	29
0.0059567970091301	2.167654674232	1893
-0.09594184859874	1.64884284232875	100
0.0641062582252101	0.57783656828618	94
0.1213658312646	1.05561158046828	94
-0.02240306986885	0.846475145188653	201
-0.02655882442715	0.841819562197425	82
0.0766723855158	1.40090487461656	115
-0.02527164880416	0.842174246105442	115
-0.0213242609706901	0.847859591846366	115
0.0696909452332	1.38877211863452	75
0.07447908145616	1.39790625094217	75
0.12343844218303	1.05481350369827	215
-0.0539675356302101	1.87973661101643	137
-0.10201273589395	1.5344717901235	137
0.0611873140018699	0.576162678907346	137
0.00320831641663011	0.689829279676215	29
-0.11168959422674	1.40867794072406	29
-0.03846785570644	1.69637975908578	100
0.0658368577022399	0.578688566094146	94
0.0678976197735399	0.578952002833974	40
-0.03470641375463	1.01834615735106	201
-0.11716989969669	1.39845656495506	82
-0.0279370641768999	1.34541625633975	115
-0.0297065522759601	1.02375143570491	82
0.0611873140018699	0.576162678907346	75
0.11848267972135	1.05024213152447	137
-0.05641668528236	2.07622625310441	137
-0.0247450295484599	0.84390097265626	137
-0.0332992781050001	1.01825645551197	347
-0.10651250247291	1.82093157002774	100
-0.0937149276431399	1.75632446839796	94
0.0673239464909801	0.577596717444378	94
0.06870474090381	1.38487123029489	201
-0.0228791096204799	0.846331341436971	139
0.10850866712486	1.96415451034824	82
-0.03768012325296	1.58430675677585	115
-0.1070763108315	1.41599965850035	1140
-0.12414316469409	1.27245880068261	1112
0.0331537038015799	1.76456471346218	1112
0.06497186902393	0.578443560062359	1636
-0.00428004376644009	2.35215917355755	100
-0.09521096511241	2.03822248474375	29
0.0687623835620801	0.579389020639623	94
0.0641062582252101	0.57783656828618	94
-0.028940500075	1.02373690891546	201
0.0673239464909801	0.577596717444378	201
0.0708294996284899	0.578518011832582	201
0.0106358549961301	0.695552144813358	201
0.0021477801918599	0.690181006466159	201
-0.0236567208437399	0.845162682271321	115
0.0586403009672001	0.57341570515588	82
-0.0392898458890201	1.58228282567508	1112
-0.02932259403408	1.01962735868635	75
0.0658368577022399	0.578688566094146	41
0.06381382996212	0.576020696597725	2463
-0.0322773998350001	1.0197007355433	1323
-0.11683680754113	1.4007559876885	1323
-0.0155551825226099	0.852857189730334	137
0.00267810736268004	0.690636942339763	137
0.0368143319661001	1.89678414841866	347
-0.10867961837617	1.62033660082422	120
0.0443109968281099	1.64624397414447	100
-0.0275228401774601	1.71793257938235	1893
0.10775582338927	1.96303853552807	1893
0.1239998941375	1.85339914644096	1893
0.0693358401298201	0.578796394975642	29
0.00207815834684011	0.690106296456495	94
0.00879997521194009	0.695340728531382	384
-0.0327199399228799	1.18847637296707	94
0.00561416805771997	0.693634697863814	40
0.06497186902393	0.578443560062359	40
0.0636199618746001	0.575665599041282	201
0.06476657875121	0.575559739057974	201
0.0611873140018699	0.576162678907346	201
0.06205222453913	0.576575770191727	201
0.0569167499116701	0.572884622733256	82
0.0672749461620601	0.577766096078519	82
0.00561416805771997	0.693634697863814	75
-0.0310820694979099	1.19160698318921	137
-0.0213242609706901	0.847859591846366	137
0.12268107202358	2.44273421204773	347
-0.03549982885828	1.18498650127187	120
0.08060144763567	1.40478867658731	100
0.07101143024533	1.38954578829638	94
-0.0334572737409999	1.33660799294488	40
0.0580650230272699	0.573080429177984	201
0.12425402639587	1.05809511809013	139
-0.0239578791717601	0.843786125104647	115
-0.0216258510894201	0.847367504278335	115
-0.0373290088754501	1.45955244960972	115
0.07222642007363	1.39312116487208	115
-0.0254461494376801	0.841896213690955	75
0.0978164830305299	1.24097361173751	75
-0.0370725875593301	1.01571172266306	137
0.11990349214007	1.84509346397691	137
-0.11748524209849	1.60048608566778	120
-0.12378822944615	1.2725918061235	120
-0.02643685526982	0.839676445592563	29
-0.04016119396167	1.80937262451914	100
0.06262627398235	0.575986404326764	29
-0.0368798461470501	1.33216057011311	100
0.00318633412263991	0.68942663980602	384
0.0106358549961301	0.695552144813358	94
0.06262627398235	0.575986404326764	94
0.00561416805771997	0.693634697863814	40
-0.03635914535483	1.18367256874181	40
0.0122564278441499	0.696475552291052	1333
-0.03678668111551	1.32819829644166	82
-0.0276423797514001	1.02336131118497	82
0.0614779765006099	0.575223127248405	82
-0.11683680754113	1.4007559876885	115
-0.01889054567493	0.850023622074051	1323
0.0614779765006099	0.575223127248405	1323
0.0577788389210201	0.573295283481806	137
-0.10504942885583	1.52615093307178	1893
0.0930625973083099	1.23356145662155	94
0.06497186902393	0.578443560062359	384
-0.02335523777402	0.84543378068884	94
0.01774100884317	1.85528830732009	94
0.0857644896155501	2.05216663114616	40
0.06012134843669	0.574818428531195	94
0.000518758534119979	0.688969463483089	201
0.0615575788057401	0.575397722991523	201
0.00508480701770009	0.693178123428776	1333
0.0611873140018699	0.576162678907346	139
0.0641062582252101	0.57783656828618	139
0.07799933913806	1.40345579270308	115
0.00422639727205998	0.691131199114982	82
0.12090615842183	1.05179708294221	75
0.0547998442703701	1.52897035432299	75
0.0786193258893799	1.40597124099576	75
-0.03476340963028	1.4661480820042	1323
0.0284136434436899	1.8831668079741	1323
0.0198082251201099	1.85994053123364	427
-0.0386105855038399	1.17574119060799	137
-0.10746101822049	1.524409367263	137
0.03148972076222	1.61314699919386	137
0.0627583472834601	0.574558056795105	137
0.06262627398235	0.575986404326764	137
-0.0425569142076301	2.01396824456211	120
-0.11802581626887	1.39795618238698	120
-0.1078332798847	1.62631967213966	1893
0.00692576864066008	0.693521170574345	100
-0.0314926670168201	1.19059434485607	100
0.0614779765006099	0.575223127248405	94
0.0135350805236201	0.69523250743946	40
0.0739542320885001	1.3946664086956	40
-0.0376457340991101	1.18317951209945	40
0.0603221792564701	0.575449353150941	201
-0.0437139194292	1.16918766218605	139
0.0569167499116701	0.572884622733256	82
-0.01166484799843	0.853507528057867	82
0.09330860963549	1.23432145957769	82
-0.0432410179163301	1.0032800940421	115
0.0914680714490701	1.23193317787811	75
0.06497186902393	0.578443560062359	9
0.0635322778785099	0.576480757103141	1323
0.0706148438769501	1.55313704497741	137
0.12343976830037	1.05772263347813	100
0.0641062582252101	0.57783656828618	94
-0.12308392205606	1.38726689194602	94
-0.0353962251372799	1.01522618077666	201
0.00293242809066996	0.690747702125752	201
0.12147847014516	1.05366925925432	139
0.0477410960754801	1.65146843142695	82
0.0687623835620801	0.579389020639623	82
0.0447482250601099	1.78028021340757	1140
0.12469729264901	1.05953797009636	1323
0.0269852894118301	1.87956782856951	137
0.0678976197735399	0.578952002833974	137
-0.0296668820974999	1.0232126458001	120
0.0872622307622599	1.22424020798112	120
-0.11973214620648	1.39000186834352	100
0.00189292169615007	0.689841585471618	29
-0.02894677378634	0.839247111317597	29
-0.11110290088936	1.80957599746226	29
0.0592594715086701	0.574216413367679	29
0.09135492319959	1.23162185885925	100
-0.0317931233654301	1.71375395378161	94
0.00508480701770009	0.693178123428776	94
0.0665774883984101	1.38142068117295	201
-0.00266615035100992	0.686494356169944	201
-0.00319638715160009	0.685195352755621	201
0.11975876844678	1.04993355194212	115
0.0021477801918599	0.690181006466159	75
-0.03427085326248	1.01937738558414	75
0.12425402639587	1.05809511809013	75
-0.0406365721752	1.32344231384912	137
0.0712229731829701	1.39145138568723	137
0.0039762096757201	0.691529582110652	137
-0.0949610801013601	1.75041794831603	120
-0.03753971966615	1.70262654349738	29
-0.11342079185654	1.40347327989925	29
-0.0389522242987701	1.45806361121193	1893
-0.0477393326286499	1.43511608228913	100
0.0614779765006099	0.575223127248405	100
0.06591834727199	1.54869556155656	40
0.060612918568	0.574810701056327	201
-0.00213603101148996	0.686013215629264	1333
0.0515164485256601	1.51991991558494	115
0.0685057887824301	1.38855406659458	1140
-0.01690141899759	0.851256367730984	115
0.0627929209182401	1.37693287984351	427
0.0678976197735399	0.578952002833974	100
-0.01513541346099	0.852530519389733	100
0.0580650230272699	0.573080429177984	384
0.06089635736011	0.57486221118602	384
0.06205222453913	0.576575770191727	384
0.0577788389210201	0.573295283481806	94
-0.03466897772533	1.01785723550645	40
0.00189292169615007	0.689841585471618	82
-0.04212572440054	1.45232516753177	115
-0.02184764776114	0.847785496989306	115
0.05974779582566	0.574099743860578	82
-0.0408260621222401	1.5710802245077	137
-0.10441578339215	1.63329647809541	347
-0.0531323239606001	2.08684909756484	29
-0.10074273782844	1.74099126709349	29
0.06291742676874	0.576696640316621	100
0.00508480701770009	0.693178123428776	100
0.0674103866981299	0.576179556054442	384
0.0644809332360901	0.576099294885397	40
0.00528185102601997	0.691948679154516	40
0.12434185786412	1.85623583968177	201
0.00586765213810003	0.693882064620264	201
0.11640695235851	1.04550432413313	201
-0.0207956929881301	0.847400475414194	139
0.0577788389210201	0.573295283481806	115
0.06497186902393	0.578443560062359	82
-0.0986539356406	1.84246329412097	115
0.12217242219931	1.05393988772825	115
-0.02346534425963	0.845877160255437	82
-0.0350412762578201	1.70459469698904	115
0.06263621035923	1.54355200756643	115
0.06291742676874	0.576696640316621	75
-0.0316765778353001	1.02037091179861	427
0.0678976197735399	0.578952002833974	137
0.000208317397720093	0.687704069862097	137
0.00508480701770009	0.693178123428776	120
-0.0292929751959199	1.19330653667248	29
0.00485979956138993	1.93903182700077	29
-0.00299318838445006	0.685580419011622	384
0.0641062582252101	0.57783656828618	201
0.06381382996212	0.576020696597725	82
-0.0412124162001	1.17272044944007	115
0.02350855883429	1.86989171510581	1323
0.07742954093987	2.16193237236672	137
0.07630352363695	1.39925873406436	347
-0.11095583328839	1.41149084963065	120
-0.0334364066289601	1.0206978837929	29
-0.0319833624886801	1.18951183539698	29
0.0687623835620801	0.579389020639623	94
0.06012134843669	0.574818428531195	94
0.06497186902393	0.578443560062359	201
0.06176150416243	0.575573951673107	246
-0.0355019685240201	1.01574321410097	201
-0.0361168326472301	1.460925251092	115
-0.0415555938046499	1.57643553501743	82
-0.0411629396945901	1.45514281971211	82
0.0910427036269199	1.23373809386051	82
0.0678976197735399	0.578952002833974	115
-0.0184681593100999	0.850685538190188	288
0.1015965819569	1.24330421749365	288
0.12309152968278	1.05580392659013	1140
0.06291742676874	0.576696640316621	75
-0.11984177617133	1.39193192052804	427
0.0672749461620601	0.577766096078519	427
-0.03235703353338	1.19035313339195	427
0.08909188632868	1.23048874700184	29
0.05196768027141	1.79752578893384	29
0.0117292512378999	0.696021214946946	384
0.0598344987371999	0.574552074754926	642
0.00586765213810003	0.693882064620264	94
0.05720354168202	0.572959867621651	94
-0.0238314543523399	0.843324261777822	40
0.06069635629646	0.575154297721853	201
0.0687623835620801	0.579389020639623	115
-0.1155672275058	1.39725730324759	115
-0.03263278598907	1.33657544567855	1140
-0.11692049023337	1.28877261906192	1323
0.0786416074771401	2.02742821726446	1323
0.00553133286710006	0.693014411465741	427
0.0670322258031899	0.5778351002051	137
-0.11226840344032	1.51230722619375	120
-0.0375176521026701	1.81466753707208	29
-0.0995190523029601	1.74134954282559	29
0.11758141273656	1.84113996267742	29
-0.02574852595563	0.84202843921497	29
-0.02265669552818	0.846982663609958	29
0.06349145731342	0.576107730106197	100
0.0569167499116701	0.572884622733256	642
-0.02605057068814	0.841185243096645	3169
0.06291742676874	0.576696640316621	201
0.06176150416243	0.575573951673107	82
-0.12157683903082	1.38773274560603	115
0.08566991587457	1.22479468782687	288
0.0683743753300401	1.38575262226055	75
0.05720354168202	0.572959867621651	996
-0.0372176740838399	1.18207074856957	137
0.0693358401298201	0.578796394975642	137
0.0708340889210499	2.26707154863846	120
-0.09564488958888	2.03760451160415	29
0.08768933455564	1.22399773353713	29
0.0773429422413701	2.158000296693	100
0.06262627398235	0.575986404326764	384
-0.03438546333111	1.33494012109933	94
0.12298080307723	1.05714424699711	40
0.11767509733507	1.04919450311787	3185
0.06381382996212	0.576020696597725	139
-0.0239578791717601	0.843786125104647	139
0.00907564491784996	0.694063919515537	288
0.0658368577022399	0.578688566094146	288
0.0603221792564701	0.575449353150941	115
0.0658368577022399	0.578688566094146	137
0.0648591258201301	1.37706472697056	29
-0.10748320441697	1.62695530019208	29
-0.0158907107746999	0.852013451102087	100
0.00377144538832996	0.690505163253777	3169
-0.0024136509886199	0.68598507205861	642
-0.0259229369696301	0.83980008668396	94
-0.02802351523292	1.47654242718334	201
-0.00135378827224009	0.68680319900825	3185
-0.01213437299847	0.854663345536517	115
0.12459802824399	1.05820696788117	115
0.06497186902393	0.578443560062359	288
-0.0373958822718199	1.32545842124963	288
0.12251699807783	1.05361639620141	288
0.00639676878278994	0.694338750578675	1140
0.06349145731342	0.576107730106197	2203
0.00450412691879998	0.691039692171147	137
0.0652629153297899	0.577331121752138	137
-0.10109393745878	1.53353983386167	29
0.11342672396216	1.9749455605606	29
-0.0418162710678001	1.91244582989111	29
-0.0277869050273101	1.19775909352086	100
-0.00188366104490001	0.687285853301533	100
0.00430116810844994	0.692170239986747	384
0.05720354168202	0.572959867621651	94
0.0658368577022399	0.578688566094146	40
0.0714026860101	0.577930364912159	201
-0.03062968627164	1.19112224952861	201
0.00561416805771997	0.693634697863814	201
0.00690220325848001	0.692792858514063	201
0.0603221792564701	0.575449353150941	115
0.04256594332456	1.78110547315995	288
0.0615575788057401	0.575397722991523	115
0.000796253389989898	0.688787241678732	75
0.00639676878278994	0.694338750578675	427
0.00483077342270999	0.692626429783641	137
-0.02574852595563	0.84202843921497	120
-0.0207956929881301	0.847400475414194	120
-0.0437760627925501	1.90854208350146	29
0.0655456320514201	0.577850509647929	100
0.0603221792564701	0.575449353150941	384
0.06262627398235	0.575986404326764	2878
-0.0399506930008	1.01028165416902	40
-0.11561729149786	1.28918151240533	201
0.0560540375112599	0.572176134773053	201
0.05897200973491	0.573334925553979	201
-0.02574852595563	0.84202843921497	139
0.12055893681133	1.05438992870057	201
-0.11123175681423	1.40957135191019	115
0.00293242809066996	0.690747702125752	115
-0.0297265187345399	0.838484660856868	115
-0.12240276892587	1.15578186318921	288
-0.0328124237101	1.18802087227508	1140
0.0655456320514201	0.577850509647929	75
-0.03510468824763	1.0177137465397	1323
-0.0197699199496799	0.848225423021011	137
0.0079262079911	0.692605500859485	137
0.0451668125451501	1.65648632774207	120
-0.12025693088218	1.39204490435965	120
-0.00135378827224009	0.68680319900825	120
-0.11638612328964	1.40116490946178	120
0.00935764032661002	2.06658718699087	29
-0.10511871423425	1.730631092938	29
-0.10325258361812	1.53281229734068	29
0.06324002887349	0.576609113923133	29
0.01433825815189	0.69681958156201	201
0.1192968989358	1.04883763546041	201
0.0569167499116701	0.572884622733256	2280
0.0641062582252101	0.57783656828618	139
0.00637445744662002	0.690361127153551	115
0.09867158854337	1.24210864893822	115
-0.0319004736367801	1.19065756924455	288
-0.02383024081053	0.842013401180241	115
0.04469519897111	1.50322485196246	1140
-0.0518373741274401	1.98806649462029	29
0.0652629153297899	0.577331121752138	94
0.06176150416243	0.575573951673107	2878
-0.04122379527173	1.0082873994775	201
0.11929066219846	1.05102392681652	2280
-0.0394466899375501	1.0104282246365	139
-0.00213603101148996	0.686013215629264	201
-0.12243618133375	1.27656332492795	115
0.00293242809066996	0.690747702125752	115
-0.02492208119964	1.02935019835207	115
0.0658368577022399	0.578688566094146	418
0.12021252598654	1.05340760036227	427
0.0910427036269199	1.23373809386051	137
-0.03053838020491	1.02274595280914	137
-0.09668731411164	1.74647242232951	120
0.0190485034313701	2.09470912447691	29
0.00235627602433008	0.690487755919548	29
-0.0341724398557499	1.01778620114782	29
0.08481463104031	1.22262019862298	29
0.0603221792564701	0.575449353150941	100
-0.0270586365510199	1.02509564356078	100
0.0711206618269999	0.578111216460049	642
-0.02257748212948	0.846325955266984	201
0.06205222453913	0.576575770191727	201
0.0655456320514201	0.577850509647929	115
0.09288261206606	1.23457326321973	201
0.00285664304426003	0.690247193215085	288
0.00449936546613006	0.691150728040127	115
0.04878985789651	1.66158872352703	137
0.0910427036269199	1.23373809386051	137
-0.09682593674463	1.83962627359879	120
-0.11437653324824	1.40349393358155	120
0.000576143278439911	0.688308974423275	29
-0.0370725875593301	1.01571172266306	676
0.06324002887349	0.576609113923133	40
0.0676960528144599	0.575831596529097	2878
-0.11088206411843	1.5161773074236	40
0.0611873140018699	0.576162678907346	139
0.0034625113848501	0.691203628034591	201
0.00581099893151005	0.691078094250142	115
-0.03775037942369	1.17855051799221	201
0.06141112944683	1.54122909209405	288
0.00483077342270999	0.692626429783641	115
0.07635189137018	2.15878706815244	120
0.0299352916470601	1.88034607871237	29
0.00495631464803004	2.27772914831291	29
0.0693358401298201	0.578796394975642	100
0.06291742676874	0.576696640316621	100
-0.0395718838828201	1.456315843851	201
0.060612918568	0.574810701056327	201
0.00483077342270999	0.692626429783641	201
0.0687623835620801	0.579389020639623	201
0.1193130870254	1.84082554852254	115
0.0687623835620801	0.579389020639623	288
0.00717857209743	0.694778656366304	115
-0.03778505218087	1.17900030884911	137
0.11409008902599	1.97683462506191	120
-0.0391358196674501	1.01049927020593	120
-0.0190693981474099	0.847847267904455	29
-0.0330521940267301	1.59212933401726	29
0.0611873140018699	0.576162678907346	676
0.06089635736011	0.57486221118602	384
-0.1093164900092	1.41165766797548	94
0.06641060189182	0.578095540716024	94
0.06176150416243	0.575573951673107	40
0.060612918568	0.574810701056327	201
0.12264666039715	1.05453119457272	201
0.060612918568	0.574810701056327	201
0.06497186902393	0.578443560062359	201
-0.0292512974493999	1.19471726541812	288
-0.03262852388579	1.33939446875068	288
0.000831661395559902	0.687728727771899	137
-0.03381702488478	1.18597253914468	120
0.08373475224006	2.04537967811606	29
-0.00135378827224009	0.68680319900825	40
-0.02437916320964	1.02874635504271	201
-0.0291465407454501	1.47452511459388	115
-0.0142784759166901	0.853622763903649	288
0.00293242809066996	0.690747702125752	137
0.000951501576939906	0.687942290330783	29
-0.0415674379827	1.31761334182055	40
0.07462907094128	1.40052468775184	201
0.06069635629646	0.575154297721853	1157
-0.03663649754584	1.01585626246522	201
-0.03124064450996	1.02097278099489	201
0.0635322778785099	0.576480757103141	201
-0.04101225295761	1.17745311452004	288
-0.0297065522759601	1.02375143570491	115
0.0945875144145101	1.23391764794547	115
0.0145880735955199	0.697353138063005	288
0.12425402639587	1.05809511809013	288
0.09341904913606	1.23712848520099	288
-0.00919412725196	0.855793248656412	115
-0.03317671623701	1.1846989283357	137
0.02417183975711	1.98782625262404	120
-0.0961505572886401	1.94115355964794	100
-0.0320729772717401	1.02039096606794	100
-0.0192438689004599	0.849917599567846	100
-0.00110196372153992	0.687849919556878	384
-0.0231804130222399	0.845307064723599	642
-0.12036552746598	1.39287863327888	94
0.0466198320231901	1.65587151379163	201
0.0594564119373	0.574146809919677	139
0.04042816281087	1.64125789287471	201
-0.02985072584369	1.18956690174126	115
0.0922083941427401	1.23274861676903	288
0.0770761725912801	1.40034149916816	288
-0.0376311728519301	1.45771189514693	288
-0.0328052137416299	1.18956375899618	288
-0.0313472129339101	1.19345077168754	115
0.01250753936361	0.696808660965334	115
-0.0373325034924099	1.00856950713272	115
0.0611873140018699	0.576162678907346	418
-0.0992361792502701	2.02489517881183	1323
0.07275189017298	1.39468697875997	137
-0.02939877983216	1.19207924171348	29
-0.0419462629043701	1.00585250545209	29
0.0560540375112599	0.572176134773053	100
0.0457877333451	1.65361299472135	642
0.06641060189182	0.578095540716024	94
0.0643979077286201	0.577085966346076	201
0.06262627398235	0.575986404326764	201
-0.0331767977662101	1.18984962877879	201
-0.0350031771091299	1.01636756749512	201
-0.0334364066289601	1.0206978837929	201
-0.0333281638910801	1.18617597529434	201
-0.02460960247716	0.842160917444737	288
-0.0322002202924101	1.01977597814628	288
-0.0360252293790699	1.3337384153338	288
-0.0192438689004599	0.849917599567846	288
-0.0155551825226099	0.852857189730334	427
-0.09166249017203	1.95369817299803	427
-0.0414810152701499	2.1155173114071	1974
0.0841691943001599	1.41187766426437	137
-0.02298355097479	1.34973252497785	137
-0.0173516319176801	1.35780364453295	216
0.00664969996917009	0.694322095482239	94
0.05720354168202	0.572959867621651	94
0.0138116868723701	0.697641490680618	201
0.0592594715086701	0.574216413367679	1157
-0.02638634591753	0.843284064989319	139
-0.02019399618405	0.846899896730581	139
0.00260667546849991	0.691415486937782	201
0.06497186902393	0.578443560062359	288
-0.03620049156228	1.01451023601402	115
-0.0922539452645901	1.9512696736108	1974
0.00717857209743	0.694778656366304	137
0.09373602707003	1.23623726881307	120
0.0344878626768299	1.76837863168599	120
-0.11266194714985	1.61513313409064	29
0.06205222453913	0.576575770191727	100
0.12469729264901	1.05953797009636	40
0.06205222453913	0.576575770191727	201
0.06266602934731	0.575258394733933	201
-0.01983022809279	0.847663507123816	201
0.12084603167003	1.84700906096227	115
-0.12411032005415	1.15320953978571	288
-0.0547823107355701	1.98063757804916	339
0.0198933011804201	1.98156442456676	572
0.0467713890375801	1.65836839602862	120
-0.0228791096204799	0.846331341436971	29
0.11071628518481	2.40853693140349	29
-0.11552055504779	1.28881162524812	29
0.05339930464008	1.6697402143888	100
0.0658368577022399	0.578688566094146	642
0.0603221792564701	0.575449353150941	94
0.0594564119373	0.574146809919677	94
0.06324002887349	0.576609113923133	94
-0.03259678248886	1.59254826383016	201
0.0655456320514201	0.577850509647929	2316
0.00267810736268004	0.690636942339763	201
0.0658368577022399	0.578688566094146	201
0.00293242809066996	0.690747702125752	201
0.12171138070945	1.05283987405537	288
0.06763956786296	1.38729077499321	288
-0.0333410946442601	1.01892296828758	115
-0.0496967063438201	1.78404095485444	427
0.0594564119373	0.574146809919677	1323
-0.0288617415436301	1.47484723912075	120
-0.11420365647947	1.40252201854152	29
0.0220756146132799	1.86719252018728	29
0.12310766944949	1.05462839061569	29
0.06176150416243	0.575573951673107	1969
0.0614779765006099	0.575223127248405	384
-0.10963825327287	1.71948160263383	94
0.00998278990260992	1.95662167520623	94
0.0681887291410099	0.57803285948981	94
0.04624477108064	1.65533283053344	201
0.0594564119373	0.574146809919677	201
0.0681887291410099	0.57803285948981	1157
0.0021477801918599	0.690181006466159	139
0.060612918568	0.574810701056327	201
-0.0381725598918501	1.32911585088317	288
0.00267810736268004	0.690636942339763	288
0.0569167499116701	0.572884622733256	288
0.05547870129105	0.571841073068374	288
0.0647396765714501	1.37838465700211	288
-0.02265669552818	0.846982663609958	288
-0.0244344548276501	0.843641054220566	115
0.11931365136609	1.04970931713994	427
0.00692576864066008	0.693521170574345	137
-0.026861744099	0.842780078427935	137
0.0427118040964001	1.65080624081115	137
-0.05496226257874	2.17824442443033	120
-0.0449130021147	2.10925476467878	29
-0.05555130195504	1.97660145194175	29
0.0611873140018699	0.576162678907346	100
-0.00266615035100992	0.686494356169944	108
0.0961115616977	1.23901913581409	94
0.00717857209743	0.694778656366304	94
0.00136235077006996	0.689385845375163	201
0.06205222453913	0.576575770191727	201
0.00399247684920989	0.690394720161163	2316
0.06324002887349	0.576609113923133	201
0.00586765213810003	0.693882064620264	201
0.0594564119373	0.574146809919677	201
0.06109336891133	1.54025939650828	115
0.0649245175264801	1.38138604340581	201
0.0941645127161801	1.23685748622363	201
0.00670841601767003	0.691196504439535	288
0.12345014890616	1.05653700495127	2550
0.0641062582252101	0.57783656828618	9
0.11306768317611	1.97467903322903	339
0.00399247684920989	0.690394720161163	427
0.0912801118431099	1.91874652577314	120
-0.02265669552818	0.846982663609958	120
-0.10284645921999	1.73699981261359	29
-0.0336205051359899	1.46723333223466	29
0.0655456320514201	0.577850509647929	100
0.00508480701770009	0.693178123428776	94
0.00293242809066996	0.690747702125752	1157
0.00634023289957009	0.690272414294726	201
-0.04007369218837	1.45708933808578	201
-0.02970035127926	1.34170265448598	201
0.0704611039619401	1.3907897473989	288
-0.0357882939568199	1.012920440337	115
-0.04672116635913	1.89670884291153	29
-0.03311647056284	1.01888154378456	29
0.0899496957578201	1.23131025814983	100
0.08428140318315	1.21789598661557	201
0.0678976197735399	0.578952002833974	201
0.00879997521194009	0.695340728531382	201
0.12217312001166	1.05652988804527	201
-0.1190773301611	1.49828463348423	201
-0.0247948609399	0.841052967551684	288
-0.03479276173677	1.0161925946605	2550
0.06205222453913	0.576575770191727	2259
-0.12384068640491	1.2753120373493	120
0.10557518336477	2.39324268364142	29
-0.0256462163081099	1.02842274024167	100
0.0678976197735399	0.578952002833974	201
-0.03412955664156	1.01683871582705	201
0.00318633412263991	0.68942663980602	201
-0.00221632711864994	0.686274477228262	201
-0.10592277361353	1.41379758392561	201
0.00320831641663011	0.689829279676215	288
-0.11776845883293	1.28542141589644	288
-0.0399129898316	1.17605057989123	115
0.09867158854337	1.24210864893822	115
-0.0304077021751299	1.02122644118118	137
-0.03184078596702	1.58826543127673	339
-0.0369603031261301	1.46003108309919	120
-0.11342079185654	1.40347327989925	572
-0.1065813546146	1.52281546872848	29
-0.0288452400943899	1.34280522440583	29
0.06266602934731	0.575258394733933	201
-0.02930568279813	1.34313019944473	115
0.00639676878278994	0.694338750578675	288
-0.0369109377589001	1.58200391090959	288
0.0910496823699201	1.2337196968868	115
-0.10579900773273	1.72987675536294	339
-0.0293748117239701	1.02510528535836	572
-0.0498883265286101	1.55600050248256	572
0.0109792005398901	2.1806673970982	29
0.0655456320514201	0.577850509647929	100
-0.0386452904693799	1.00962011140987	384
0.06497186902393	0.578443560062359	94
0.00189292169615007	0.689841585471618	94
-0.0400640867889499	1.45375631833574	201
-0.04615927176847	1.67560003250228	288
0.0860964454022599	1.22601852442525	775
0.0609825901857599	0.575061904640739	2550
0.0328077334076899	1.76071656539806	339
-0.01669624608166	0.850633087703275	339
0.11162059486697	1.97312946055192	339
-0.0305283125746101	1.19395188305691	137
0.07422584058807	1.399773774367	572
0.00182762709119011	0.690977558044493	29
-0.11044727497677	1.51797594854324	29
-0.10253704808112	1.73735145751294	29
-0.0408241093503501	1.91568719246671	29
-0.0302882688478301	1.71644048720186	29
0.00293242809066996	0.690747702125752	108
-0.04350739149183	1.79577874120853	94
0.00586765213810003	0.693882064620264	94
-0.0287762054254801	1.47613930517888	201
0.06089635736011	0.57486221118602	201
0.0021477801918599	0.690181006466159	201
0.00450412691879998	0.691039692171147	201
-0.03565491513395	1.18015485966907	201
-0.02619130790167	1.02862679626936	288
0.0734118045074901	1.39322742861181	288
-0.0387398809841699	1.01253680566463	775
0.0757479159077501	1.39935626638504	339
0.12165490226622	1.84757697071458	572
-0.0120300175346499	2.33124780642299	572
-0.09405615912833	1.85370232127642	29
-0.0359177244508899	1.70179560132125	29
-0.0427460751558999	1.68717332972702	29
0.05767188254034	1.5292063620125	29
-0.04442985292865	1.90619877053651	29
0.06291742676874	0.576696640316621	811
-0.0268296058986299	0.839940976390302	811
0.00845276077678991	0.693913643295033	811
0.11527225398211	1.0446933464464	100
-0.00135378827224009	0.68680319900825	94
-0.0260836113862299	0.843673668477193	201
0.0886660831555099	1.23038720953591	201
0.06497186902393	0.578443560062359	201
0.0611873140018699	0.576162678907346	201
-0.0380294394685099	1.58370427059926	201
0.0611873140018699	0.576162678907346	201
0.03064418036745	1.61716462332873	201
0.09392727856313	1.92957364997502	201
0.01010806773565	0.696373336398546	288
0.11767509733507	1.04919450311787	775
0.060612918568	0.574810701056327	67
0.0526167046585	2.4453827541084	339
0.1213658312646	1.05561158046828	339
-0.11646745490856	1.40127758697052	137
-0.01491458545401	2.42359433886723	339
0.02676866516202	1.87458301519453	339
-0.04070451787005	1.17319755853099	572
-0.09492734951508	1.85147954851807	29
-0.11465210364419	1.40027103270227	29
-0.10564337200151	1.62606310189592	29
-0.10376978610254	1.83036934946715	216
0.00801897563274001	0.694425653582333	216
0.12182535917109	1.05619026747191	100
-0.03187698280198	1.02032905195822	100
0.12437152913637	1.05502245552699	100
0.0596143810122001	1.53659160514865	94
0.0643979077286201	0.577085966346076	201
0.06497186902393	0.578443560062359	201
0.0641062582252101	0.57783656828618	201
0.12345014890616	1.05653700495127	201
0.06266602934731	0.575258394733933	201
-0.0292502703225901	0.838987481079416	288
-0.0317713109395401	1.34050137903872	427
-0.02574852595563	0.84202843921497	339
-0.0360782892109	1.18427352771689	572
-0.02265669552818	0.846982663609958	120
-0.09875620360008	2.11849128584865	120
-0.11635344100262	1.28740322802266	216
-0.03634064851525	1.5846187361953	29
0.0978062951933101	2.07611582045705	29
0.0905021835163	1.23018235279817	100
-0.0005723376404001	0.687366346179128	2971
-0.03302553162848	1.33519645973516	1358
0.0611873140018699	0.576162678907346	94
0.0655456320514201	0.577850509647929	40
-0.0391111639496899	1.57714822088379	288
-0.11276458209803	1.40655680275651	288
-0.03694025635516	1.01159787923265	288
0.0409262410526701	1.77918744396909	288
0.0437131821068599	1.6511704347439	115
0.06019559031696	1.53960521141572	288
-0.0346766914430801	1.18494067742628	427
-0.09997036212988	1.83853194130047	339
-0.11145471212107	1.61713762828597	339
-0.0328052137416299	1.18956375899618	572
-0.04355389007519	1.79681995537944	29
0.0053602613747501	0.69181356761285	216
0.06349145731342	0.576107730106197	811
-0.0337788279584299	1.18676245759182	108
0.09288419864998	1.23394578482495	108
0.0950196016540099	1.23781650201843	384
0.1165222894526	1.04680314419817	94
0.0603221792564701	0.575449353150941	94
0.00664969996917009	0.694322095482239	201
0.06205222453913	0.576575770191727	201
-0.0221016225355	0.847224192673576	201
0.00189292169615007	0.689841585471618	201
-0.0328052137416299	1.18956375899618	288
0.000518758534119979	0.688969463483089	288
0.0718214959260799	1.39275872277681	288
0.04591581196956	1.65569029742395	288
0.07284118696175	1.39731995459278	115
0.06497186902393	0.578443560062359	79
-0.0903751859981301	2.31960301428393	339
-0.0354792227052201	1.58551704202508	339
0.0207305950357399	1.98275591563479	120
-0.0394680812744601	1.17647131443553	572
-0.123084456183	1.27851709256917	29
0.0840027959899701	2.17674723441217	29
-0.0442336857719099	1.68661006277398	29
0.000796253389989898	0.688787241678732	811
0.00110695783841996	0.688764264593948	108
-0.00163170668356005	0.686548287134407	108
0.06262627398235	0.575986404326764	94
0.06089635736011	0.57486221118602	94
0.00182762709119011	0.690977558044493	201
-0.0155551825226099	0.852857189730334	201
0.06497186902393	0.578443560062359	201
-0.0297065522759601	1.02375143570491	288
-0.0221016225355	0.847224192673576	288
0.0676057200529201	0.577246124018883	115
-0.12309372010187	1.2784255810849	339
-0.0284707970098099	0.839749903979773	339
-0.0249989902332599	2.48496466855803	120
-0.0415316630625799	1.80478902469613	29
-0.0184681593100999	0.850685538190188	29
0.00351673890245996	0.690531410020346	108
0.06262627398235	0.575986404326764	94
0.00293242809066996	0.690747702125752	94
-0.10411671108251	1.52825885067048	24
0.0635322778785099	0.576480757103141	201
0.000831661395559902	0.687728727771899	201
-0.0379065413317801	1.01428607707156	201
-0.0433598351688	1.68481800102736	288
0.0196127643838699	1.97984385458385	288
-0.02054702631205	0.848219007755662	115
0.0646800402191901	0.577244755259019	115
-0.0423482602718399	1.32090558343908	339
0.0646800402191901	0.577244755259019	137
-0.11069900235564	1.61796683744957	120
-0.02970035127926	1.34170265448598	120
-0.03837940285134	1.57569740958042	572
0.06262627398235	0.575986404326764	29
0.0021477801918599	0.690181006466159	29
-0.11564768700649	1.40274753353497	100
0.00129886233226006	0.689668705776789	108
0.0103595415191	0.696159140742934	40
-0.03053838020491	1.02274595280914	40
0.12471448277166	1.05819041037015	201
0.00586765213810003	0.693882064620264	201
-0.0427543947337801	1.45082126924168	201
-0.11564768700649	1.40274753353497	201
0.0476772524573501	1.5110680847285	288
0.0754605950451701	1.39731818798928	288
-0.0187689361233101	0.850059205901264	288
0.0611873140018699	0.576162678907346	115
-0.02560848540561	0.844177725594026	775
-0.04046697165983	1.80725148526213	339
-0.12046817871119	1.28031106231737	572
-0.11691726873354	1.39948092975869	29
-0.10489759585395	1.63189718784266	29
0.0655456320514201	0.577850509647929	100
0.0678976197735399	0.578952002833974	100
0.0687623835620801	0.579389020639623	108
-0.0352386437537999	1.33118569416766	108
-0.02966146904378	1.19370302021293	201
0.12101874559855	1.05496844004333	1343
0.0594564119373	0.574146809919677	201
-0.10991659104328	1.51388981963924	288
-0.0302028553847	0.836645778687976	288
0.09116865983624	2.06394852749597	115
-0.11355410023249	1.40500714470057	427
-0.0437073789248199	1.44905657158276	120
0.0141065474113	1.96876544962122	572
-0.04925828147134	2.29149642695157	29
0.06248090505572	1.37473212197212	1358
0.00320831641663011	0.689829279676215	201
-0.0236567208437399	0.845162682271321	201
-0.02265669552818	0.846982663609958	1343
0.00508480701770009	0.693178123428776	201
-0.0231804130222399	0.845307064723599	460
-0.03212267428177	1.3345542040487	460
-0.0465959838138501	1.31093943720113	288
0.0978164830305299	1.24097361173751	775
-0.02346534425963	0.845877160255437	775
0.0309739116208001	1.76002596706285	427
0.06214422391257	1.36994735037032	339
-0.02812579612372	1.47923518903206	572
0.00508480701770009	0.693178123428776	29
-0.10488285388619	1.82584229136885	120
-0.0469286632596599	1.79069686795223	29
0.12021252598654	1.05340760036227	29
0.0108871990781401	0.69661470718865	108
0.06176150416243	0.575573951673107	108
0.06176150416243	0.575573951673107	94
0.0687623835620801	0.579389020639623	94
0.0379953013960701	1.77067412144711	24
0.00639676878278994	0.694338750578675	201
-0.00163170668356005	0.686548287134407	201
0.00430116810844994	0.692170239986747	201
0.0611873140018699	0.576162678907346	201
-0.11437791643461	1.3998898920719	201
0.05697857573928	1.53337226089886	460
-0.0397803888033801	1.18041642118547	775
-0.03024368216811	1.02393078378304	115
0.0991028317259799	1.24310975318918	775
0.07416459382328	1.39859599491873	339
-0.03399827027657	1.46613909148339	339
0.00708315966766993	0.692867124159159	572
-0.0221016225355	0.847224192673576	29
-0.10976971776251	1.41139974626797	1358
0.06497186902393	0.578443560062359	621
0.06262627398235	0.575986404326764	621
-0.01769258657851	0.851149257020452	201
0.00320831641663011	0.689829279676215	201
-0.00221632711864994	0.686274477228262	201
0.00664969996917009	0.694322095482239	201
-0.03022050141185	0.838118670214918	460
-0.0295534272390601	0.837114333548314	288
0.12298933052058	1.05543365271421	288
0.00240222692252989	0.689086956927602	288
0.00293242809066996	0.690747702125752	775
-0.0221859140365499	0.84607433395072	339
0.0889039551344	1.22988189228429	339
-0.11766804102277	1.49982483654429	1247
0.0664938976097	1.54731030803573	216
-0.11413123886506	1.50776880050085	100
0.00932812295723995	0.695796600619346	108
0.0652629153297899	0.577331121752138	108
-0.03730612046036	1.58126776598679	172
0.0979390702674099	1.93325761228574	172
-0.12140922149617	1.28046097908007	1358
0.0646800402191901	0.577244755259019	40
-0.02655882442715	0.841819562197425	40
-0.0224645823909999	1.03128152578099	24
-0.10924785901235	1.51615025434477	201
0.0122564278441499	0.696475552291052	201
-0.02794243971871	0.840595401316405	460
-0.0313696026722201	1.02143262503954	288
-0.03479276173677	1.0161925946605	288
0.12263236673022	1.05710853341237	288
0.07070264965872	1.3940331257472	115
0.05974779582566	0.574099743860578	67
-0.10435237468453	1.82918183056559	339
-0.0268149352380001	1.47839089911134	120
-0.0406847531554899	1.69103917593421	120
0.0151019301831301	2.0861877567878	572
0.0867081715139899	1.22456356338184	29
0.0353031526555301	1.76572648794014	29
0.04624477108064	1.65533283053344	29
-0.0398692803972001	1.69590060199665	108
-0.04366223173969	1.44799145582937	172
0.00664969996917009	0.694322095482239	201
-0.0367468572855001	1.01469862398357	46
-0.0222755304836899	0.844847958229067	460
-0.0358021620493201	1.01699964744668	288
-0.0276250797372599	1.34398197225618	288
0.07249047268053	1.39606002726705	775
-0.0142146419409499	0.851156541422504	775
0.00189292169615007	0.689841585471618	775
0.00110695783841996	0.688764264593948	115
0.0941618133616	1.23598391369931	339
-0.03412868232582	2.03398527150222	339
-0.0260836113862299	0.843673668477193	120
-0.0389801887144701	1.32690066264987	572
-0.11929362627942	1.39466465086482	572
0.0611873140018699	0.576162678907346	120
0.0658368577022399	0.578688566094146	120
0.0345476450892801	1.76369141736329	29
-0.02335523777402	0.84543378068884	29
-0.1047782833152	1.63266698676569	108
-0.0245262245526601	1.02884448146709	40
0.0472209447848599	1.65865143982256	40
0.0912423759209899	1.23177548497393	24
-0.02687458939247	1.02626526763798	201
-0.00927217062241992	2.44231931919334	201
0.12263337779735	1.05403722589652	201
0.00189292169615007	0.689841585471618	288
0.0681887291410099	0.57803285948981	115
-0.01636138479052	0.851876869323031	115
0.00508480701770009	0.693178123428776	775
-0.0359082467874401	1.01571418910896	115
0.06641060189182	0.578095540716024	79
-0.0959342854701	1.8477237786149	339
-0.03010258916354	1.02334871044397	339
-0.0398720816820799	1.45757269330135	572
-0.11795575186834	1.28496460293113	572
-0.0340768585937801	1.18706259074546	120
-0.0212712509728401	0.846503736407213	29
0.0500341745803601	1.51581033815977	29
0.0718214959260799	1.39275872277681	108
-0.10787059025248	1.41424119985866	108
0.1213658312646	1.05561158046828	1358
-0.0420196580437899	1.31533894732558	40
-0.03010258916354	1.02334871044397	40
-0.10968977709714	1.51699184054137	40
-0.04075537668628	1.1769913213275	201
0.12343844218303	1.05481350369827	201
0.05130985780391	1.66433320201947	201
-0.0190693981474099	0.847847267904455	2000
0.00189292169615007	0.689841585471618	288
-0.0420236608118101	1.31783719358474	288
0.06176150416243	0.575573951673107	115
0.00235627602433008	0.690487755919548	775
0.06262627398235	0.575986404326764	1494
-0.10170974453825	1.9298413261297	339
-0.02527164880416	0.842174246105442	120
-0.0381062293191401	1.58424598250977	120
-0.11401881475005	1.29251413964432	29
-0.03514583744892	0.829138311713388	29
-0.10885300104822	1.41453020212997	29
-0.03010258916354	1.02334871044397	29
0.08344747281181	1.41178203926264	216
-0.0326018130802199	1.47115594085131	29
-0.04276638768326	1.31727069757502	29
0.0665471602733101	2.12723338445879	29
-0.0478019741720901	1.56020526681228	1358
0.0645882323051901	1.38055531483129	172
-0.04032866159249	1.45689849665874	201
0.0682989609314599	1.38450725879961	24
-0.03854335498068	1.32467909098476	201
0.0881146950559	1.22550412281531	288
0.0870537926164301	1.21683858632167	288
-0.0401920706736301	1.17974251853688	775
-0.0100537842973401	0.85467898975444	339
-0.0528370282845301	2.08504113753768	1247
0.06176150416243	0.575573951673107	29
0.00136235077006996	0.689385845375163	29
0.00104777080569995	0.690276905484279	108
0.1202205513653	1.05003315664613	108
0.12389141280848	1.05808004337834	108
0.0117292512378999	0.696021214946946	94
0.0693358401298201	0.578796394975642	94
0.0822603709630301	1.20978368045058	1343
-0.0305283125746101	1.19395188305691	460
0.00854736828993996	0.694881226930905	115
-0.00188366104490001	0.687285853301533	3101
0.09459017261091	1.23754184803375	775
-0.0332162520258199	1.18855140812696	115
0.00465335450274007	2.48323340585695	339
-0.02760875309361	0.83836016628605	339
0.07926912482216	1.40469714350344	339
0.0517074994346101	1.51911763799897	120
0.07821712187813	1.404200540089	29
0.0544588000174	1.52774417979446	29
0.06262627398235	0.575986404326764	29
0.000320219234460017	0.687073789948866	108
0.0687623835620801	0.579389020639623	1358
0.00320831641663011	0.689829279676215	172
0.0594564119373	0.574146809919677	94
-0.0244928415927601	0.842934966794232	40
-0.0398833917912	1.01028145796905	201
-0.0244344548276501	0.843641054220566	201
0.06670872117964	1.38223095514204	201
0.00189292169615007	0.689841585471618	201
-0.0005723376404001	0.687366346179128	201
0.07110675135406	1.39478385446802	460
0.0930625973083099	1.23356145662155	460
0.11732879227382	1.04844674139509	115
0.0885415888307799	1.22526055375799	288
0.07661325108297	1.4000893780769	288
-0.0385575014016	1.69995202567355	339
-0.10271995692415	1.63734395211128	29
-0.11962522096793	1.39445926487367	29
-0.0309938092726101	1.33840409671295	108
0.00639676878278994	0.694338750578675	108
0.0646800402191901	0.577244755259019	108
0.00475418153282003	0.692440407310782	172
0.06205222453913	0.576575770191727	172
0.0641062582252101	0.57783656828618	94
0.06069635629646	0.575154297721853	24
0.0577788389210201	0.573295283481806	201
0.00717857209743	0.694778656366304	201
0.11931365136609	1.04970931713994	115
0.0641062582252101	0.57783656828618	79
-0.1211940202775	1.39110192087883	339
-0.09149903077181	1.65848190139889	29
-0.10616007471756	1.62170445275575	29
0.0186911205589	1.85599240304279	29
0.0206987020148199	1.9838493537056	29
0.06089635736011	0.57486221118602	108
-0.0334119039271801	1.33635134053683	94
-0.03947712952476	1.57684878989543	40
-0.0326955115488201	1.18686105853494	24
0.060612918568	0.574810701056327	201
0.01278348975874	0.695656285483823	201
-0.02401632123304	0.841811784030794	201
-0.10685480255241	1.41646297471858	288
0.08838106883437	1.22807391216526	288
-0.0410528492637701	1.17781986092885	3101
0.000208317397720093	0.687704069862097	775
0.06641060189182	0.578095540716024	115
-0.0512436227033699	2.28304399733772	339
-0.0354203741545101	1.58640090845537	339
0.0905021835163	1.23018235279817	339
-0.01954451230501	0.848987615586173	339
-0.11841160072992	1.28470699380472	572
0.00845276077678991	0.693913643295033	572
-0.03902574372602	1.32770897075739	29
-0.03242690428201	1.58924154796594	29
0.00136235077006996	0.689385845375163	108
0.00424613030137011	0.691543070982657	201
0.00932812295723995	0.695796600619346	201
0.0563414332457799	0.572549276189887	201
0.06089635736011	0.57486221118602	46
-0.0231275674860201	0.846482301453177	2000
-0.0205679838378701	0.84737481820563	288
-0.0359379122119601	1.01559883109104	288
-0.03133090077912	1.02255594122577	775
-0.03536002082721	1.45736494806714	339
-0.0250566994819501	1.34779695316837	339
0.0652629153297899	0.577331121752138	339
0.0678976197735399	0.578952002833974	339
0.0670322258031899	0.5778351002051	1628
0.00678273552840003	1.94228963166152	339
-0.00344942816176008	0.685422431915486	339
-0.12007692976834	1.28095432921402	1247
0.01010806773565	0.696373336398546	108
0.06012134843669	0.574818428531195	1358
0.0614779765006099	0.575223127248405	201
-0.0210382009390999	0.848285602729746	201
0.0681887291410099	0.57803285948981	46
-0.03680562917792	1.182426388096	2000
-0.11022217921466	1.41036733717584	2000
0.0644809332360901	0.576099294885397	288
-0.0361528171023899	1.01336360962792	3101
-0.10036610718775	2.11064182933547	339
0.0598344987371999	0.574552074754926	29
-0.0304948499709601	1.02291318806978	108
0.060612918568	0.574810701056327	108
0.0530678147317401	1.51925243758548	108
-0.00110196372153992	0.687849919556878	172
0.00932812295723995	0.695796600619346	172
0.0641062582252101	0.57783656828618	94
0.00845276077678991	0.693913643295033	24
-0.0384681367875801	1.18267036835046	46
-0.0378701057253099	1.01233045945874	201
-0.12217353507835	1.2795642371335	288
0.1202205513653	1.05003315664613	115
0.0611873140018699	0.576162678907346	288
-0.0277506297777601	1.47934855937527	288
-0.00266615035100992	0.686494356169944	775
-0.03337827882315	1.46504471992008	339
-0.11459345776907	1.50757499820216	339
0.0471445251326199	1.6587772205973	572
-0.0485873270294099	1.89038984843662	29
0.00950549505603004	1.94811691644502	29
0.0609825901857599	0.575061904640739	108
0.06291742676874	0.576696640316621	1040
-0.03348619707443	1.33530903882953	1358
0.04984352231673	1.51518892692938	172
0.0611873140018699	0.576162678907346	24
0.0015766669606001	0.689788385908174	201
0.0021477801918599	0.690181006466159	201
0.10850866712486	1.96415451034824	46
-0.0270152091550999	1.19690789506153	201
0.0437586148086899	1.64798861842303	201
0.12171138070945	1.05283987405537	201
0.11030769018252	1.96498870311541	2000
-0.02883551526799	1.02421732482948	288
0.06497186902393	0.578443560062359	339
0.0658368577022399	0.578688566094146	339
0.0138116868723701	0.697641490680618	339
-0.0318999873290999	1.59609195920141	29
-0.11022217921466	1.41036733717584	29
0.0132137964869199	2.19342056631025	29
-0.0379065413317801	1.01428607707156	29
-0.03466897772533	1.01785723550645	1247
0.0658368577022399	0.578688566094146	216
0.00963233470621994	2.07139638206248	172
-0.0368903453787599	1.17918961314834	201
-0.04491072280699	2.49385244412739	339
-0.0872143103054199	2.41632640421988	339
0.03217523878791	1.76301223719651	29
0.00508480701770009	0.693178123428776	108
-0.0401920706736301	1.17974251853688	46
-0.1125050223157	1.2942555637925	288
0.05704535949895	1.5277111082751	3101
-0.0206983792045701	0.847915214534253	339
-0.0545281921074701	1.87583822694197	339
-0.0451416003926399	1.5636991609243	29
0.03387693329129	1.75547847528355	120
-0.11442242404985	1.6047862318329	120
-0.02883551526799	1.02421732482948	1040
-0.0344716183063201	0.831288107150781	1040
0.00320831641663011	0.689829279676215	108
-0.11738043801523	1.28783189009067	94
0.07229440207813	1.39287752530413	94
-0.03587627684596	1.18488738843082	24
0.08456458530455	1.22170530667325	621
0.09092858253737	1.23187136320597	201
0.0611873140018699	0.576162678907346	201
-0.03073911369208	1.02067792972009	460
0.0967258101535899	1.23884195215599	2000
0.00586765213810003	0.693882064620264	2000
0.05720354168202	0.572959867621651	288
-0.0231804130222399	0.845307064723599	288
0.05549880783808	1.52888915100113	120
-0.10052126715987	1.833850535374	216
-0.0980604223803101	1.74399620575217	108
0.00508480701770009	0.693178123428776	108
0.06089635736011	0.57486221118602	94
-0.0273782990595	1.19843758081063	94
0.0922083941427401	1.23274861676903	24
-0.04117248308745	1.31774239650489	201
0.00605875448629001	0.692521730141183	288
-0.01562305692611	0.850715898957948	775
-0.0341724398557499	1.01778620114782	339
-0.10440995286831	1.63100928064658	339
0.0399499048035601	1.77660178181969	339
0.0429083716070899	1.78621599871014	29
0.0015766669606001	0.689788385908174	216
0.00430116810844994	0.692170239986747	1040
-0.03286282438725	1.01670507743953	108
-0.03941496898456	1.32647124062977	108
-0.0121024922494799	2.4332871133378	24
0.0744240246972001	1.39627551423875	94
-0.0222755304836899	0.844847958229067	201
-0.10927570269024	1.52045302486367	46
-0.0313696026722201	1.02143262503954	46
-0.0296965363067301	1.34359021549831	2000
-0.0424520106064199	1.16963313497878	288
-0.0334763608053299	1.33587609956703	288
-0.0326535023440899	0.833059034037811	3101
-0.04032575138388	1.17504680365931	775
-0.0384654144594001	1.45623974159731	339
0.0657185162243401	1.54641110557304	29
-0.10880477313923	1.52040841848765	108
-0.0332992781050001	1.01825645551197	1040
0.12470616403336	1.05669046053465	621
0.0719735752667601	1.39622403169488	621
-0.0234116497625301	0.843599196058389	201
0.12104035150945	1.05103318509026	201
0.0924565290783399	1.23388952213425	201
0.0458834136056101	1.65336182815709	2000
-0.02652771536146	0.841038919394943	288
0.06349145731342	0.576107730106197	305
0.06324002887349	0.576609113923133	339
0.00455532885968002	0.691509463795607	339
-0.11260092542087	1.40571676868419	120
-0.11755672558645	1.50169278995504	120
-0.02764000128922	0.841611880836867	120
0.09162294336884	1.23026573999027	120
0.00475418153282003	0.692440407310782	120
-0.04174800173083	1.45350619468888	120
-0.02527164880416	0.842174246105442	120
-0.0389801887144701	1.32690066264987	29
-0.0415007131331	1.17619431625595	216
-0.0393773601419301	1.58098938734138	108
0.12264666039715	1.05453119457272	108
0.00189292169615007	0.689841585471618	1040
-0.0377320490478199	1.32832596718396	172
-0.01799349561762	0.850826688821256	24
-0.0355404823568299	1.01668428501588	94
-0.0300298585733201	0.837997532256964	24
0.05668786487255	0.571332871837485	621
-0.01954451230501	0.848987615586173	201
0.0609825901857599	0.575061904640739	201
0.00508480701770009	0.693178123428776	201
0.06089635736011	0.57486221118602	460
0.00561416805771997	0.693634697863814	2000
0.00189292169615007	0.689841585471618	2000
0.06069635629646	0.575154297721853	288
0.06534125771432	0.575894811260888	3101
0.01010806773565	0.696373336398546	775
0.06205222453913	0.576575770191727	775
-0.0800583508436199	2.25960328765386	339
-0.12301183502941	1.27873132083293	339
-0.0228791096204799	0.846331341436971	339
-0.11367193276708	1.40686847154088	339
-0.12263797296057	1.27896292832511	1247
-0.00213603101148996	0.686013215629264	216
0.00776580727452991	0.693312854527834	216
0.0681887291410099	0.57803285948981	108
-0.0264395685230801	1.02469282794154	1040
0.06176150416243	0.575573951673107	1040
0.06205222453913	0.576575770191727	94
-0.0334364066289601	1.0206978837929	621
0.04449581709593	1.64774717354274	201
0.05720354168202	0.572959867621651	288
0.00829432840521993	0.692500631335529	1550
0.06390623522406	0.575763852388588	775
-0.0354401148185699	1.01504502746289	775
-0.12120857185895	1.5900891821621	339
-0.0365675257762199	1.46020073980221	339
0.12182535917109	1.05619026747191	120
0.122549050667	1.84901160434931	120
-0.12045970233586	1.28099088688978	29
-0.0380568978901801	1.18334471146818	120
-0.0209773121158301	0.847159278066	120
-0.0259070967597099	1.34792349285237	120
-0.11768222097132	1.28670571680498	120
0.0658368577022399	0.578688566094146	108
-0.03626510980465	1.18265782992185	108
0.01250753936361	0.696808660965334	1040
-0.0284707970098099	0.839749903979773	94
-0.00266615035100992	0.686494356169944	94
0.0053602613747501	0.69181356761285	94
0.0578266495675299	1.52998487919996	24
-0.02976591182777	1.19125160373084	201
0.00605875448629001	0.692521730141183	201
-0.0271643311480201	0.842115585187827	201
-0.0379869944847899	1.01228785882264	201
-0.0343206209704401	1.33226769452179	201
0.00396965299068008	0.689491522528016	288
0.00450412691879998	0.691039692171147	288
0.0864077636035301	1.22196891241278	775
-0.02774488108066	1.02580124623281	775
-0.0384851059674201	1.32693701726169	339
-0.12301183502941	1.27873132083293	339
0.02525987019473	1.9927641751373	120
-0.11305160034624	1.51190289256897	120
-0.02848529538044	1.47393446237188	120
-0.00135378827224009	0.68680319900825	120
-0.0407843331461799	1.4552685830685	120
0.0678976197735399	0.578952002833974	1040
-0.11663905383769	1.39831757339788	201
-0.0350882223398501	1.18534150381293	46
-0.03571582205139	1.01396376914699	2000
0.03585198065298	1.76510776494302	288
-0.0428100698684	1.31912531192161	120
-0.02115016776875	0.846230646380521	120
0.00907564491784996	0.694063919515537	120
-0.0324683921453399	1.01939239462527	1247
0.01703557207415	1.97699110480744	108
0.0169878678366699	2.08615810039218	1040
-0.10979602595323	1.61804526152207	94
0.04497001182733	2.30885669352398	201
-0.10769015701039	1.41657413226213	201
-0.02115016776875	0.846230646380521	46
0.0900756437280501	1.22958575571376	201
0.00430116810844994	0.692170239986747	2000
0.06241816264665	0.575069672184954	288
0.0670322258031899	0.5778351002051	65
0.06641060189182	0.578095540716024	259
0.01445664191782	1.96830527656368	339
0.00399247684920989	0.690394720161163	339
-0.0334364066289601	1.0206978837929	339
0.00801897563274001	0.694425653582333	120
0.05897200973491	0.573334925553979	120
0.06176150416243	0.575573951673107	1247
-0.02730969356964	1.02640389049445	29
0.06324002887349	0.576609113923133	190
0.00717857209743	0.694778656366304	216
0.01010806773565	0.696373336398546	24
-0.0411629396945901	1.45514281971211	621
-0.0159435037398701	0.851716564930074	201
-0.10985938975567	1.8100526920876	460
0.00717857209743	0.694778656366304	2000
0.00879997521194009	0.695340728531382	288
0.06205222453913	0.576575770191727	65
0.06176150416243	0.575573951673107	65
0.0614779765006099	0.575223127248405	59
0.0641062582252101	0.57783656828618	59
0.06497186902393	0.578443560062359	120
0.00561416805771997	0.693634697863814	120
0.0652629153297899	0.577331121752138	120
0.00104777080569995	0.690276905484279	1247
0.0577788389210201	0.573295283481806	29
0.06641060189182	0.578095540716024	29
0.06205222453913	0.576575770191727	172
0.00320831641663011	0.689829279676215	24
0.0600305781509101	0.573563297385593	201
-0.02893770740604	0.838508808285297	201
-0.0319111766143001	0.834001058598867	201
-0.0175189188846501	0.849681183731442	288
0.12471448277166	1.05819041037015	870
0.00242337421849004	0.689036040188378	775
-0.0255531616070199	0.841622935726984	490
0.06205222453913	0.576575770191727	65
0.0641062582252101	0.57783656828618	65
0.0627583472834601	0.574558056795105	59
0.0676057200529201	0.577246124018883	120
0.0658368577022399	0.578688566094146	120
0.06497186902393	0.578443560062359	29
0.0676057200529201	0.577246124018883	1247
0.05720354168202	0.572959867621651	29
-0.0210960660433399	0.845293277515002	24
0.06262627398235	0.575986404326764	24
0.0603221792564701	0.575449353150941	288
0.06089635736011	0.57486221118602	288
0.060612918568	0.574810701056327	67
0.0614779765006099	0.575223127248405	67
-0.0221016225355	0.847224192673576	243
-0.00213603101148996	0.686013215629264	243
0.05547870129105	0.571841073068374	1467
0.00189292169615007	0.689841585471618	120
-0.00319638715160009	0.685195352755621	216
0.00422639727205998	0.691131199114982	29
0.0731310615077701	0.578859536921869	29
0.0108871990781401	0.69661470718865	216
0.06205222453913	0.576575770191727	216
0.00267810736268004	0.690636942339763	24
0.0676057200529201	0.577246124018883	24
0.06291742676874	0.576696640316621	24
-0.0281671448851799	0.83978205827372	621
-0.0398125049009299	1.32622018679206	201
0.06176150416243	0.575573951673107	460
-0.11607896889133	1.28953129642932	775
0.0563414332457799	0.572549276189887	259
0.06205222453913	0.576575770191727	53
0.0641062582252101	0.57783656828618	120
0.0687623835620801	0.579389020639623	120
0.06205222453913	0.576575770191727	120
-0.11494304248218	1.40141960541546	172
-0.04071743150117	1.00903245127422	172
0.06205222453913	0.576575770191727	24
0.07528757568996	1.39770684815891	621
-0.02265669552818	0.846982663609958	201
0.0678976197735399	0.578952002833974	288
0.060612918568	0.574810701056327	288
0.10522239544076	1.96138970735244	775
0.0658368577022399	0.578688566094146	775
0.00293242809066996	0.690747702125752	53
0.06641060189182	0.578095540716024	339
-0.0399129898316	1.17605057989123	120
-0.03097425524818	1.02141585730491	120
-0.00188366104490001	0.687285853301533	120
0.00985615496175996	0.694976702755398	120
0.0130344704231	0.697263181278941	120
0.05547870129105	0.571841073068374	120
0.00475418153282003	0.692440407310782	1247
-0.0249657026166099	1.3497340608386	775
0.060612918568	0.574810701056327	259
0.00586765213810003	0.693882064620264	339
0.0370289574579099	1.89745597465154	120
0.07778888786854	1.40121790323709	108
0.01301269524615	2.07744579148123	201
0.00743094700247005	0.694462877643055	288
-0.03064410600249	1.02377579637906	288
0.0623431977133699	0.575344807364201	288
0.0603221792564701	0.575449353150941	67
-0.04193159178561	1.31798380948977	339
-0.0386887944601999	1.69960356672053	120
0.06141112944683	1.54122909209405	120
0.11958376969078	1.84565168836424	120
0.0430868297272899	1.65089257697925	120
0.05343727382053	1.66729790371658	1467
0.09318345939705	1.23420694028807	108
0.00045904102374994	0.688250976185621	1159
0.05291316330857	1.66578317815494	108
0.00932812295723995	0.695796600619346	24
-0.0300298585733201	0.837997532256964	460
0.00683483372711002	0.692762084016552	288
0.00372558573074011	0.68948293590694	288
-0.0249694509865399	0.842789606194151	288
-0.00266615035100992	0.686494356169944	775
-0.0359473195411999	1.18402790134359	1467
-0.03902125858559	1.32299087611987	1467
0.0593768710937601	1.53160437057825	216
0.0641062582252101	0.57783656828618	172
-0.02927099187253	1.0243542367407	288
0.00639676878278994	0.694338750578675	288
-0.01769258657851	0.851149257020452	288
0.00586765213810003	0.693882064620264	288
-0.0337775728421701	1.01759718242973	288
0.06069635629646	0.575154297721853	127
0.06176150416243	0.575573951673107	127
-0.10381821878291	2.00961548606882	339
0.0169597967694	2.08744252381188	339
0.09739146451674	1.24123127154654	339
-0.0349366760714001	1.18524079898576	120
-0.0313799253939899	1.34088236477858	1467
-0.12256400067853	1.38535665668302	29
0.02328245918196	1.87061718753939	40
0.0892222716550499	1.2281470766561	621
0.1237797345935	1.05656161096775	288
-0.03477880783191	1.58641040096431	288
0.06693482936067	1.38490416384847	1762
0.06176150416243	0.575573951673107	243
-0.04398968357939	1.31422600880166	339
-0.11453184231834	1.50681252611605	120
-0.10726557413891	1.52391733832892	120
-0.0279341704354299	1.19536290801789	120
-0.0399439257549901	1.17432464571065	120
0.05877584389875	1.53466080094063	120
0.07401959583677	1.39683455189769	1467
-0.0440116308991001	1.57130586585711	1467
0.12293161356089	1.8481395861376	216
0.0568717414862601	1.67299152233456	190
-0.11482737174197	1.40033737273404	216
0.11975069904959	1.05160089858451	288
-0.01683214944872	0.850981086743488	288
0.01595763038884	0.697585365815899	288
0.0673239464909801	0.577596717444378	288
0.00958016502306003	0.695917467871454	288
0.06324002887349	0.576609113923133	288
0.0876877149159101	1.22482294945968	288
-0.10951868559556	1.72080210542901	120
-0.1177287070927	1.39529939209369	29
0.0477700341642799	1.65743494734701	216
0.06262627398235	0.575986404326764	1159
-0.10848061182157	1.51599901709679	299
0.00110695783841996	0.688764264593948	46
0.12090615842183	1.05179708294221	288
0.0618609750361101	1.54191933009005	870
0.01250753936361	0.696808660965334	339
0.0641062582252101	0.57783656828618	243
-0.0367817466973399	1.70071340951299	339
-0.0288452400943899	1.34280522440583	120
-0.0384082669702701	1.91650902013018	120
-0.10333712610668	1.42176019794813	120
-0.0313855977063	1.19064009913579	216
0.0061207112992101	0.692650977578977	216
0.06176150416243	0.575573951673107	24
0.12471448277166	1.05819041037015	46
-0.00110196372153992	0.687849919556878	46
0.0569356206904099	1.52517711632358	288
0.0941618133616	1.23598391369931	288
-0.03180570826151	1.02010423952865	288
-0.00135378827224009	0.68680319900825	288
0.0611873140018699	0.576162678907346	870
-0.04137014624333	1.80601816546008	243
0.09373602707003	1.23623726881307	120
0.0632078011036901	0.574927820339808	1159
-0.02799490819276	0.838862633955176	24
0.09544504964436	1.23850078406182	621
0.0623431977133699	0.575344807364201	288
0.0705533318066001	1.39034445270242	288
-0.0325061938348501	1.1875389788758	870
0.0021477801918599	0.690181006466159	870
0.06291742676874	0.576696640316621	339
-0.12263797296057	1.27896292832511	216
0.0487080875305801	1.66298489572159	108
0.05720354168202	0.572959867621651	1159
0.06497186902393	0.578443560062359	1159
0.0930625973083099	1.23356145662155	24
0.0655456320514201	0.577850509647929	46
-0.12111902544872	1.27986264918292	288
0.06012134843669	0.574818428531195	288
0.0611873140018699	0.576162678907346	288
0.00586765213810003	0.693882064620264	288
-0.0345732162847301	1.58809858796774	870
0.06291742676874	0.576696640316621	870
0.00293242809066996	0.690747702125752	1762
0.0317687099431401	1.76132115809192	589
0.06176150416243	0.575573951673107	271
0.03842649252491	1.77357082457965	120
-0.0343019225249599	1.81992788077393	1467
0.00586765213810003	0.693882064620264	216
-0.0347060681623901	1.3348641433439	216
0.00430116810844994	0.692170239986747	1159
0.06291742676874	0.576696640316621	1159
0.0837109130042799	1.22038089774321	46
-0.11924082004524	1.28206358706259	288
0.00313507705548011	0.690925092944883	288
-0.0286317709929	1.19130884850607	870
-0.0341724398557499	1.01778620114782	870
0.07228044889551	1.39254208243657	243
0.05974779582566	0.574099743860578	271
0.03799102140348	1.63790487973404	339
-0.0430468130091699	1.44655597153151	1467
-0.0392898458890201	1.58228282567508	1467
-0.0280864321038701	0.838212550737699	172
0.0563414332457799	0.572549276189887	299
0.07243752561979	1.39656929215256	299
-0.03858922110453	1.58317776511141	24
-0.02622549241784	0.841135468705538	621
-0.0386775249850799	1.01036626037916	288
-0.0320321677900699	1.01783786368509	288
-0.02265669552818	0.846982663609958	288
0.00338491240400995	0.691555507421072	266
0.0652629153297899	0.577331121752138	288
0.00424613030137011	0.691543070982657	288
0.12297776295943	1.05471668687245	288
0.07289414425499	1.39681018199111	288
-0.01799349561762	0.850826688821256	1762
0.0571814312649599	2.3496996124314	589
-0.04030245085948	1.91091532911591	589
-0.0462530278847799	1.56315897879319	243
0.1233661222081	1.8518568722263	339
0.0585592306571201	1.53353629078466	120
-0.12385286914532	1.38137646259952	216
-0.04010796497553	1.58057171756188	24
-0.10705007650435	1.62026282047063	24
-0.0323829532138999	0.834526317337749	24
-0.04164865480626	1.69142292713911	24
-0.0254461494376801	0.841896213690955	24
0.09061148350926	1.23026691548227	201
-0.0256324368674099	0.842663000159569	46
-0.0295592776517699	1.19095872999962	288
-0.12325966466002	1.15461347761036	288
-0.0348840045545999	1.01471598824275	288
-0.0221016225355	0.847224192673576	266
0.00586765213810003	0.693882064620264	288
0.0757479159077501	1.39935626638504	1762
0.0883719221902399	1.2264847591584	243
0.04479222220685	1.65561922717105	339
0.09933097892599	1.24243681165157	1467
0.1202205513653	1.05003315664613	120
-0.035493013365	1.46651385189911	29
0.02663574776075	1.87402939171971	108
-0.0322401061408399	1.33732693278474	24
0.0895241066661601	1.23120916649879	24
0.0652629153297899	0.577331121752138	288
0.12356859276958	1.05302500874312	266
-0.0328705023104101	1.59298567657194	1762
-0.03184749206532	1.33744651123031	1762
0.0603221792564701	0.575449353150941	1178
-0.03089527662628	1.33971166047004	271
-0.0338769155941401	1.33684471075799	243
-0.11251458046269	1.40809566731682	243
-0.11982283433545	1.28377440721768	120
-0.0341938892478899	1.33068298662238	24
0.11975243662551	1.05282950763707	288
-0.0184681593100999	0.850685538190188	288
-0.0344716183063201	0.831288107150781	288
-0.0221016225355	0.847224192673576	288
0.0015766669606001	0.689788385908174	288
0.00533841866345997	0.692211463064849	870
0.00235627602433008	0.690487755919548	1762
0.0687499187379501	1.38168959384597	120
-0.09594071570954	1.85062303828967	120
-0.0318009503035901	1.33773548286238	1467
-0.0360686651108	1.46357546974446	1467
0.0465345735715299	1.65234738274164	1159
-0.0363936601730801	1.18202872872072	24
0.0592594715086701	0.574216413367679	621
0.06497186902393	0.578443560062359	46
-0.0296551100699201	1.33969709878645	288
-0.03560891300189	1.33160605506991	266
-0.0320729772717401	1.02039096606794	288
0.0983559166858401	1.24318869866449	288
-0.1144961919378	1.40338870503134	288
-0.0337024675179201	1.18620349022208	870
-0.0425859266594699	2.0155117418578	243
-0.03777948394788	1.32867074006053	339
-0.11835514032132	1.39089025033794	120
-0.11868733584332	1.2819808561548	120
-0.0317786933774	1.33753377837044	1467
-0.04835849403405	1.67563238102023	120
-0.02883551526799	1.02421732482948	216
0.06497186902393	0.578443560062359	216
-0.03966853918306	1.45215876875348	24
-0.11646427106138	1.39792307638747	46
0.06304524468309	0.575330243550069	621
-0.0216258510894201	0.847367504278335	288
-0.0190208694651299	0.848296431286475	288
0.06363878361816	1.54304074982292	266
-0.02310881921996	0.842647450903726	288
0.07349456913474	1.39350585944147	288
0.00692576864066008	0.693521170574345	288
0.12424756390417	1.05799583510636	870
-0.10886058507007	1.51945814601755	589
-0.02894677378634	0.839247111317597	243
-0.0317962856907901	1.18888214047471	339
-0.01474859187285	0.85348712272964	120
0.0965411737567301	1.23893459418005	1467
0.0916442021766599	2.47743308099383	1467
0.09870695228688	2.08130210403181	1159
0.05975520391584	2.23312389923604	1159
-0.03132780159534	1.02024451129003	24
0.00260667546849991	0.691415486937782	288
0.00985615496175996	0.694976702755398	288
0.06069635629646	0.575154297721853	288
-0.02605057068814	0.841185243096645	288
0.0658368577022399	0.578688566094146	870
0.12379348473301	1.05698996779434	1762
0.0592594715086701	0.574216413367679	1178
0.0614779765006099	0.575223127248405	127
0.0641062582252101	0.57783656828618	53
-0.0352789122509301	1.01383585206723	243
0.00586765213810003	0.693882064620264	120
0.06205222453913	0.576575770191727	120
-0.02481357322677	1.02888697851606	1467
0.0862641428187401	2.04849114458167	216
-0.0316765778353001	1.02037091179861	24
-0.03241309000738	2.03550303680419	24
0.0611873140018699	0.576162678907346	288
0.06497186902393	0.578443560062359	266
0.0577788389210201	0.573295283481806	288
0.06176150416243	0.575573951673107	127
0.0614779765006099	0.575223127248405	127
0.06349145731342	0.576107730106197	127
0.0079262079911	0.692605500859485	1141
-0.11305160034624	1.51190289256897	243
-0.03936878232134	1.1802536135286	120
-0.10807906946163	1.72128071013115	1467
-0.03075693963722	0.835409401177662	1467
-0.0466919713810301	1.78952254556658	1467
0.11154146948749	1.972185795058	1159
-0.000850557722630096	0.686886407600298	24
0.04706270117419	1.65721931579381	299
0.03833147818403	1.77696551691747	24
0.0886660831555099	1.23038720953591	24
-0.10861232992058	1.62471892793624	24
-0.0978931239157601	1.84558464226513	46
-0.11808522862881	1.78826851913751	46
-0.04071743150117	1.00903245127422	288
0.12263236673022	1.05710853341237	266
0.09263667865515	1.23381250346384	266
-0.0214125955515601	0.841521804402601	288
-0.0192438689004599	0.849917599567846	870
0.0641062582252101	0.57783656828618	870
-0.0336273654468	1.18679471005277	1762
0.0644809332360901	0.576099294885397	1141
-0.11113275386848	1.51299500244984	243
0.0325638879947401	1.76230482286993	339
0.04154307224563	1.78095584928457	120
0.11872986726869	1.84271397970189	1467
0.0882401948752201	1.22915968056406	1467
-0.0392898458890201	1.58228282567508	1467
0.00586765213810003	0.693882064620264	216
-0.10778903961094	1.41486461769712	108
-0.0478019741720901	1.56020526681228	108
-0.03153329418384	1.19109544826205	24
-0.0332682305418499	1.4672949969634	46
0.00136235077006996	0.689385845375163	46
0.12391088177045	1.05663315505034	46
0.00189292169615007	0.689841585471618	46
-0.0403435635856899	1.17683163823043	288
0.09288419864998	1.23394578482495	288
0.12263236673022	1.05710853341237	266
0.0587521395889301	0.571606328850996	288
0.07687874926473	1.40342134354826	288
-0.0386122648165601	1.0114324727882	1762
-0.02054702631205	0.848219007755662	870
-0.03623801902579	1.0168556664	389
-0.11260020250617	1.40752976494544	243
0.03935450954702	1.77746610959185	243
-0.0302094773194399	1.02391626322023	339
-0.11132379696691	1.41097122069452	339
-0.03010258916354	1.02334871044397	120
-0.0272552673853099	0.840759287519653	1467
-0.10895720683808	1.29774692925878	190
-0.03490765863769	1.1884448013988	24
0.0271302210786899	1.87538341638872	299
0.05848209375236	1.53055540289627	24
-0.0313799253939899	1.34088236477858	24
-0.0322005339089699	1.02138180013082	288
0.00958016502306003	0.695917467871454	288
0.00189292169615007	0.689841585471618	288
0.0641062582252101	0.57783656828618	870
-0.10155867253178	1.53307977306906	243
0.04207287254457	1.6490169551687	120
-0.10230137547447	1.53233876356442	120
0.0867081715139899	1.22456356338184	216
0.01010806773565	0.696373336398546	24
0.00313507705548011	0.690925092944883	621
0.0623431977133699	0.575344807364201	24
-0.0234187281596601	1.03096141686365	288
-0.03599722907245	1.7044520054523	266
0.0882401948752201	1.22915968056406	266
0.00136235077006996	0.689385845375163	266
0.06381382996212	0.576020696597725	288
-0.12301183502941	1.27873132083293	266
-0.0248145492773899	0.844831390413282	288
-0.0184681593100999	0.850685538190188	870
-0.02184764776114	0.847785496989306	870
0.00320831641663011	0.689829279676215	243
0.00795957449314	0.694919046007188	120
-0.03777948394788	1.32867074006053	1467
0.04838037414852	1.79362223921328	1467
-0.10554607044629	1.63043108581423	1467
0.0421443207977401	1.64592992930234	24
0.1222848030742	1.05488780968856	24
0.0016173348597599	0.688521459133206	24
0.00242337421849004	0.689036040188378	24
0.0016173348597599	0.688521459133206	24
-0.0188200770854201	0.847230505747585	46
0.00508480701770009	0.693178123428776	288
0.03667787697669	1.76939567743054	266
0.09867158854337	1.24210864893822	288
0.00692576864066008	0.693521170574345	266
-0.03750876162926	1.01468298340654	266
-0.03891903974711	1.1820245943013	288
-0.04797828294051	1.16155727994781	870
0.00985615496175996	0.694976702755398	389
0.0623431977133699	0.575344807364201	127
-0.0256963278621201	1.48266678626857	271
-0.0415693509814901	1.8042763447161	339
0.06694371390078	1.54836351445262	1467
-0.04394156237406	1.67752618066494	24
0.00985615496175996	0.694976702755398	24
-0.0310734677556701	1.59585278618428	24
-0.02434325861227	0.843927772407406	266
0.00207815834684011	0.690106296456495	266
0.06205222453913	0.576575770191727	288
-0.03033285818411	0.835873264178973	288
-0.0231804130222399	0.845307064723599	266
-0.0024136509886199	0.68598507205861	288
-0.0351420576811601	1.01587716880636	288
0.0322584604612299	2.38070518794129	500
-0.02329725731986	1.03067694067124	243
0.00864929916749002	2.28521954085116	120
-0.03790230458088	1.45898756425234	120
0.0613624910441	2.24021977953881	190
0.0015766669606001	0.689788385908174	24
-0.04116946535848	1.31952370064928	24
0.12055880090689	1.05210429907705	288
0.0922106744820701	1.23312914839866	288
0.00189292169615007	0.689841585471618	288
-0.0373186941068	1.33024151593795	389
-0.0339458382420501	1.33448723525649	271
0.0641062582252101	0.57783656828618	271
0.00483077342270999	0.692626429783641	271
-0.0528382926920601	1.98703361051179	339
0.0808693993079801	1.40773629136985	120
0.0611873140018699	0.576162678907346	120
-0.103458184856	1.82637732687482	120
-0.0433598351688	1.68481800102736	1467
-0.0192438689004599	0.849917599567846	216
0.0678976197735399	0.578952002833974	24
0.060612918568	0.574810701056327	46
0.00293242809066996	0.690747702125752	288
0.09306603370609	1.23360399139361	288
0.000796253389989898	0.688787241678732	870
-0.0221016225355	0.847224192673576	870
0.0603221792564701	0.575449353150941	127
-0.03010258916354	1.02334871044397	271
0.08369018457253	2.04231986208866	339
0.01328500148018	0.697187150392228	24
0.00639676878278994	0.694338750578675	24
-0.02388781148282	0.842706342514579	24
-0.0324683921453399	1.01939239462527	24
0.0893344832687499	1.23073752680456	621
-0.03737762365514	1.01172388698612	46
0.06262627398235	0.575986404326764	46
-0.02748227342387	0.838055616654447	288
0.12458962896176	1.05539010554619	266
-0.0234813924022299	0.842660379437381	288
-0.01721819220653	0.851290049953217	870
0.0099511520339699	2.07363717744454	1467
-0.0501624082636301	1.66957032832685	190
0.0611873140018699	0.576162678907346	1159
0.06176150416243	0.575573951673107	2682
-0.12069721094449	1.38974947243127	46
0.0641062582252101	0.57783656828618	288
-0.0297265187345399	0.838484660856868	288
-0.12174735410669	1.27791424136171	288
-0.11916188602651	1.27829460022819	288
0.00182762709119011	0.690977558044493	389
-0.0326876363854001	1.59242410508169	339
0.0900924897665101	1.22824909028305	1467
0.05391313238055	1.52575057710594	1467
0.08060144763567	1.40478867658731	1467
-0.1177287070927	1.39529939209369	1467
-0.0434582193497299	1.90748548468743	1467
0.03967227427247	1.63511451924556	216
-0.0408449724450901	1.17492541186792	24
-0.0273755207541599	1.47861511840343	24
0.0021477801918599	0.690181006466159	2682
-0.03750876162926	1.01468298340654	266
-0.0377772215397201	1.01219171935464	870
0.00104777080569995	0.690276905484279	870
-0.03216633833239	1.0218522956769	870
-0.03663649754584	1.01585626246522	870
-0.1151153162049	1.4002496923372	120
-0.03220827186179	1.33726074716283	120
0.0884182404581899	1.22327217819759	190
0.10218547133032	1.95382667169888	216
-0.01769258657851	0.851149257020452	288
0.0641062582252101	0.57783656828618	127
-0.12189071301765	1.58846106214548	190
0.00104777080569995	0.690276905484279	216
-0.02204763127863	0.844256089503645	24
-0.020848758066	0.848002492808298	24
0.04982357203226	1.65928608448486	24
-0.0324683921453399	1.01939239462527	24
-0.11806752677257	1.39519173346562	621
-0.0295699127772799	1.19478261744959	266
-0.0321627611906701	1.33939221953213	288
-0.03216633833239	1.0218522956769	288
-0.03216633833239	1.0218522956769	870
-0.11698705540012	1.50192425050643	589
0.0840412369680399	1.21836466735003	271
0.05974779582566	0.574099743860578	190
-0.0949920807659901	2.03939305035542	190
-0.0415623314217299	1.32146058744883	46
-0.03584448958397	1.58584210880366	46
0.00801897563274001	0.694425653582333	870
-0.11285017152314	1.40820918933952	243
0.0034625113848501	0.691203628034591	24
-0.03753971966615	1.70262654349738	24
0.04118392402314	1.64537516316794	266
0.00404658836988991	0.690986647971914	288
-0.0189429099835801	0.84978559568269	870
-0.12055886412304	1.38938200096878	870
0.0611873140018699	0.576162678907346	65
0.06262627398235	0.575986404326764	65
-0.11174242431613	1.71347381011027	24
-0.0293646002919801	1.01962040294725	24
-0.02748227342387	0.838055616654447	288
0.0847099692083599	1.2223724988775	288
0.07275189017298	1.39468697875997	288
-0.03093439616463	1.19058917197758	288
0.01938187647502	2.09490552856186	120
-0.0999892604088699	1.64311755065054	1467
-0.0390555383134701	1.17747583149222	190
-0.03666869197792	1.92438236684896	190
-0.02730701785816	0.839794057772938	24
0.06497186902393	0.578443560062359	24
-0.0284707970098099	0.839749903979773	24
-0.11141019635238	1.40961416541319	46
-0.12045970233586	1.28099088688978	288
0.00692576864066008	0.693521170574345	266
0.00581099893151005	0.691078094250142	288
0.06012134843669	0.574818428531195	288
0.06205222453913	0.576575770191727	65
-0.03466897772533	1.01785723550645	271
-0.03773378022741	1.33026112526056	120
-0.0275953352282901	0.838756817792697	190
0.01010806773565	0.696373336398546	24
0.06205222453913	0.576575770191727	24
0.0603221792564701	0.575449353150941	24
0.06176150416243	0.575573951673107	46
-0.0210223480787299	0.847320953701979	46
0.0696909452332	1.38877211863452	46
-0.0284707970098099	0.839749903979773	266
-0.0265928440323	1.02777705222205	288
0.00189292169615007	0.689841585471618	266
-0.11802943427493	1.28520236925964	870
-0.12103543288727	1.28257598151577	911
-0.01683214944872	0.850981086743488	24
-0.0264782562224899	1.02758636007513	3306
-0.0231275674860201	0.846482301453177	288
0.12263236673022	1.05710853341237	870
-0.0332544171231199	1.18842839754971	288
-0.03069185074398	0.836670386954217	1467
-0.12442214294351	1.27088911027735	190
0.02688639583646	1.74815402962428	24
-0.0341443839517299	1.18444145730008	24
0.00267810736268004	0.690636942339763	1331
0.00104777080569995	0.690276905484279	288
0.06324002887349	0.576609113923133	288
0.0641062582252101	0.57783656828618	870
-0.0235985299357	0.844626207809441	288
0.0641062582252101	0.57783656828618	67
0.0614779765006099	0.575223127248405	1372
0.0603221792564701	0.575449353150941	1104
0.060612918568	0.574810701056327	37
0.0559575005131801	1.5289353650975	120
-0.114827422502	1.40395110312512	120
-0.0175189188846501	0.849681183731442	193
-0.0231804130222399	0.845307064723599	120
-0.04281768353397	1.44761750760028	1467
-0.02265669552818	0.846982663609958	1468
-0.02272330401152	0.844367335221677	1467
-0.0231275674860201	0.846482301453177	1243
0.07045971909562	2.14117553628208	190
0.0898218217998601	1.22717917282615	190
0.0687623835620801	0.579389020639623	2663
-0.0207956929881301	0.847400475414194	24
0.0319190820222901	1.88819447125806	621
0.00449936546613006	0.691150728040127	288
0.0052816479958	0.690623831710968	266
0.0611873140018699	0.576162678907346	3306
0.00371629100523996	0.691087358930325	288
-0.10707225448228	1.52155281838529	271
-0.0343760946148699	1.46442896398628	120
0.06497186902393	0.578443560062359	1467
0.00508480701770009	0.693178123428776	1467
-0.02447559260279	0.844726504227221	1467
0.0609825901857599	0.575061904640739	1468
-0.03663649754584	1.01585626246522	190
0.05265454576368	2.4492336185816	46
0.11400230191903	1.04180891223844	288
0.0658368577022399	0.578688566094146	288
0.0687623835620801	0.579389020639623	288
0.06497186902393	0.578443560062359	288
0.07549543986476	0.579248226024351	67
-0.0333410946442601	1.01892296828758	193
0.00242337421849004	0.689036040188378	1467
0.12469729264901	1.05953797009636	1468
0.0708341726467701	1.38624600017201	190
-0.02560848540561	0.844177725594026	190
-0.0260836113862299	0.843673668477193	24
-0.04174800173083	1.45350619468888	24
-0.0941901767748701	1.75311433386563	621
0.0586403009672001	0.57341570515588	288
-0.02738070761934	1.19535129675785	870
0.06324002887349	0.576609113923133	1136
0.06262627398235	0.575986404326764	1104
-0.11985027585993	1.49471630101815	120
-0.11544818756417	1.39943694860847	190
-0.00266615035100992	0.686494356169944	190
0.0510480739722201	1.66519394294211	597
0.07275189017298	1.39468697875997	597
-0.03049764400194	1.02190019704782	597
-0.03640641891936	1.18094929387769	24
-0.0271171321016901	1.3423967429705	24
-0.02766067420588	1.59948196074959	24
-0.0393521832947099	1.32570548119599	46
-0.02240306986885	0.846475145188653	288
-0.0260836113862299	0.843673668477193	288
0.00371629100523996	0.691087358930325	288
0.00475418153282003	0.692440407310782	120
0.12263337779735	1.05403722589652	1468
-0.0292929751959199	1.19330653667248	24
0.06861148518247	1.38815999936874	621
-0.03587627684596	1.18488738843082	46
-0.11495051696476	1.40061961676211	46
0.000709340181249907	0.686429567164742	266
-0.02764000128922	0.841611880836867	288
0.00553133286710006	0.693014411465741	266
0.0643979077286201	0.577085966346076	288
0.0658368577022399	0.578688566094146	288
0.0646800402191901	0.577244755259019	870
-0.00188366104490001	0.687285853301533	288
-0.0391812339167401	1.18054531537414	288
0.06291742676874	0.576696640316621	67
0.0641062582252101	0.57783656828618	99
0.000906325813309961	2.16029875358447	271
-0.0332162520258199	1.18855140812696	1468
0.06989423159494	1.38860933397403	1468
-0.12271394734123	1.38805261136928	1468
-0.10612286596841	1.41596316421019	1243
-0.024299891714	0.842551556971881	190
-0.0288763008382	1.47694686122319	24
-0.0288741182711301	1.02444802740584	24
-0.0325660030881401	1.01948141358195	24
-0.0432830620746001	1.44812036769557	621
0.06176150416243	0.575573951673107	46
0.05912281114241	1.52446105089608	46
0.00717857209743	0.694778656366304	46
-0.03958263018051	1.45789407094201	288
-0.0213242609706901	0.847859591846366	288
0.00561416805771997	0.693634697863814	288
0.00293242809066996	0.690747702125752	288
0.0034625113848501	0.691203628034591	288
0.0463915745032599	1.65637947325219	271
-0.10208444125191	1.63520996362072	1468
-0.0998254129779499	1.53380010932642	2119
0.0108871990781401	0.69661470718865	24
-0.0390555383134701	1.17747583149222	24
-0.0143495634475901	0.850260859813395	46
0.0870842493470201	1.22573238565579	46
0.0896489949296599	1.2297473530476	288
0.04125231713487	1.77561956197161	288
0.12182870789096	1.05299427142307	288
-0.000850557722630096	0.686886407600298	288
0.0135612870803301	0.696441810161482	288
-0.0412546829684	1.17427863281563	288
-0.09855046523693	1.74552906494655	193
0.04186237014846	2.29987733667453	1468
0.0190988453287	1.97632779755172	190
0.0641062582252101	0.57783656828618	190
0.0676057200529201	0.577246124018883	190
0.0021477801918599	0.690181006466159	24
-0.0287741101263701	0.838101857065504	597
-0.0374532827348699	1.4629625549763	24
0.07880611087281	1.40324870893947	24
0.0641062582252101	0.57783656828618	46
0.0708294996284899	0.578518011832582	46
0.0598344987371999	0.574552074754926	46
-0.01954451230501	0.848987615586173	266
0.00267810736268004	0.690636942339763	288
0.06030008491711	1.535462011668	288
0.06291742676874	0.576696640316621	514
0.01278348975874	0.695656285483823	268
-0.0113287522772301	0.855473660479365	271
0.0852413738343001	1.22384148275329	190
0.10146413569255	1.95026419926212	24
0.11942027631179	1.05013865329419	24
-0.02966146904378	1.19370302021293	46
-0.11241560238887	1.29391357425437	46
-0.0249694509865399	0.842789606194151	288
-0.01636138479052	0.851876869323031	288
-0.0260433831629301	1.02744670511549	288
0.06069635629646	0.575154297721853	67
-0.0375720259622401	1.58381772805248	193
-0.1030412361202	1.52855099605672	1468
0.0641062582252101	0.57783656828618	190
0.07416459382328	1.39859599491873	24
0.0609825901857599	0.575061904640739	24
0.06497186902393	0.578443560062359	870
-0.0436589692623699	1.31476183336161	193
-0.0955014960360001	1.75366122589958	193
-0.04320307730087	1.31921365865143	120
-0.11109833352057	1.61581185114282	120
-0.03342362533947	1.59398790654375	1467
0.015181188366	1.97090273681469	1468
-0.11379012831375	1.40219942810216	190
-0.0296618590497999	1.19460691257806	216
0.06205222453913	0.576575770191727	24
0.06381382996212	0.576020696597725	24
0.08823481610325	1.22935334343518	46
0.0635322778785099	0.576480757103141	22
0.00939945593898006	1.95444009902747	271
0.0544124634338501	1.5277349813882	271
0.06176150416243	0.575573951673107	190
-0.11966352623522	1.39360702143804	190
0.07256102366956	1.38687750203554	190
-0.00135378827224009	0.68680319900825	597
-0.0417753888200201	1.17375412224332	24
0.0614779765006099	0.575223127248405	46
0.12055893681133	1.05438992870057	288
-0.0346236889596201	1.46125791634373	288
0.06205222453913	0.576575770191727	514
-0.0904538337799701	1.86294773756025	271
-0.000952757967570106	2.26168733432558	193
0.07209085318779	2.14510224175719	776
0.01010806773565	0.696373336398546	190
-0.0355355694889801	1.18362844337294	24
-0.0334364066289601	1.0206978837929	46
0.06641060189182	0.578095540716024	46
-0.0358385424570999	1.01669896083723	46
0.0125975499212001	1.95648315910141	2374
-0.1232712751632	1.27557416179203	288
-0.02733722959789	0.840928158363085	288
0.00483077342270999	0.692626429783641	288
-0.0301135365226499	1.19336351940462	288
0.06291742676874	0.576696640316621	288
0.0652629153297899	0.577331121752138	151
0.0693358401298201	0.578796394975642	271
-0.0376423159761501	1.57975229778084	120
-0.11249104594401	1.5126323660195	193
0.0641062582252101	0.57783656828618	120
-0.03733405364691	1.32797142086797	1468
-0.03529158766074	1.46425578441467	2119
0.0658368577022399	0.578688566094146	190
0.0106358549961301	0.695552144813358	597
0.12171138070945	1.05283987405537	46
-0.0228791096204799	0.846331341436971	288
-0.0346013887188901	1.18400164120197	288
0.000267110137720072	0.689273684954674	288
0.00907564491784996	0.694063919515537	288
-0.10198825566257	1.92635725483678	271
-0.0382868575356099	1.69706314893525	120
-0.11843737198071	1.39598606906045	190
0.0641062582252101	0.57783656828618	190
0.06205222453913	0.576575770191727	24
0.0623431977133699	0.575344807364201	621
-0.12376884331333	1.27485346532988	46
0.060612918568	0.574810701056327	46
0.03140940392465	1.88964206034325	288
0.0685109951760301	1.38817215824981	288
0.0643979077286201	0.577085966346076	99
-0.10369507363702	1.63498330536971	193
-0.0061767549084899	2.35084634641451	193
-0.0972646757739699	1.74880924830201	776
0.01712103509132	1.97692355990889	1243
-0.10367333922336	1.83085269119082	2119
0.10680896254918	1.96445195590845	2119
0.02012704873449	1.98355816006305	190
-0.12224713944911	1.27962881951097	190
0.0641062582252101	0.57783656828618	24
-0.02115016776875	0.846230646380521	621
-0.0388257989974901	1.57672850352058	621
0.0463193692514099	1.65887995868466	46
0.0130344704231	0.697263181278941	46
0.0635322778785099	0.576480757103141	46
0.0652629153297899	0.577331121752138	266
0.0580101953152401	1.53397423597871	288
-0.12271144179345	1.27916599327308	120
0.0598344987371999	0.574552074754926	24
-0.0249694509865399	0.842789606194151	621
0.0598344987371999	0.574552074754926	46
0.12192933887771	1.84672162589704	46
-0.0236567208437399	0.845162682271321	46
-0.0376297949151501	1.18106238561951	266
0.060612918568	0.574810701056327	1681
0.0747367787072399	2.15399937407553	120
-0.0941902127821099	1.85263285947635	120
-0.0342531417508201	1.32928568068169	193
-0.10848035957085	1.41221670885819	1243
-0.0332992781050001	1.01825645551197	1243
-0.03545707532041	1.18174176142101	1179
0.06089635736011	0.57486221118602	24
0.0611873140018699	0.576162678907346	24
0.0594564119373	0.574146809919677	24
0.0520564219683599	0.568835833916539	46
0.0861579761957201	1.21966209673365	46
0.00801897563274001	0.694425653582333	266
0.10394834925845	1.95659317154995	288
-0.0213242609706901	0.847859591846366	271
0.06545528294022	2.25107757545575	120
-0.03948528832228	1.01026277617	120
-0.10725701610062	1.62415361706474	776
-0.03680562917792	1.182426388096	2119
0.04821428750941	1.65872856707819	1179
0.0615575788057401	0.575397722991523	190
0.0452786295516701	1.65291978396441	288
-0.0300298585733201	0.837997532256964	90
0.0646800402191901	0.577244755259019	288
-0.03456632439259	1.0169692619824	288
0.0637820113037599	0.576275963644178	151
0.00404658836988991	0.690986647971914	1243
0.0658368577022399	0.578688566094146	190
-0.00135378827224009	0.68680319900825	24
0.0106358549961301	0.695552144813358	24
0.0720867299455199	1.39429811847493	24
-0.11729491220943	1.39693696386826	621
-0.0440116308991001	1.57130586585711	24
0.0611873140018699	0.576162678907346	46
-0.0411142058007701	1.31894004626562	46
0.0619281820395701	1.53994853758259	288
0.0611873140018699	0.576162678907346	22
-0.03502419225178	1.46626992002339	597
0.0015766669606001	0.689788385908174	24
0.03097494750479	1.88432197172735	24
0.0662194066838799	1.37607301313197	266
-0.03114287045705	1.01771640633626	90
-0.0228791096204799	0.846331341436971	288
-0.1132063334725	1.60949764664395	120
-0.0398094829854101	1.00609957679404	776
0.05894670099196	1.53361498205182	776
-0.0420630063134999	1.80413994845063	2119
0.0674178359331099	1.54722262166355	190
-0.11483089714537	1.4018127313203	216
-0.05000493038593	1.89172968690977	597
0.08370270781621	1.41096319126238	216
0.01947695158193	1.98014603104314	621
-0.04106555914085	1.69008152537949	266
-0.03807541619405	1.18015405623154	181
0.0569167499116701	0.572884622733256	1681
-0.11346450295838	1.40134230231187	120
-0.11873450613098	1.39632129698693	1243
-0.0227041938335999	0.844176264408766	216
-0.0375848482121901	1.01337830245956	46
-0.0354028350903599	1.01772883728461	288
-0.0465694747554799	1.68046596163406	288
0.11802227754341	1.04786982820237	288
-0.02192711849644	0.845340745800378	266
-0.02806181941662	1.34225635216704	288
-0.0305547796099199	1.34026593745813	2119
-0.11075450989503	1.6194595597406	24
0.10083771626625	1.94681675271829	24
0.00508480701770009	0.693178123428776	216
-0.01799349561762	0.850826688821256	24
-0.0292502703225901	0.838987481079416	24
-0.0207956929881301	0.847400475414194	266
0.07453550535981	1.39577147795709	288
0.0138116868723701	0.697641490680618	90
0.0614779765006099	0.575223127248405	90
-0.10402179254852	1.83013608290459	193
-0.02921735027268	1.71410803774105	120
0.06402498436639	1.54311445325536	190
-0.11318192081309	1.51030605169222	1179
0.10211817690605	1.2443921285943	216
-0.0374702185537801	1.01443127125541	24
-0.03877396073578	1.45829222836168	621
0.12182535917109	1.05619026747191	46
0.0039762096757201	0.691529582110652	46
0.0535288462583801	1.52095038615159	90
-0.0971657198287701	1.9407955430124	193
-0.11643547152014	1.28713905311073	193
-0.11511342030388	1.40166317488401	120
-0.12122543153703	1.27950357536766	776
0.04996273025315	1.51079805285411	2119
0.01106039218764	2.1872174620125	190
-0.0271643311480201	0.842115585187827	216
0.0494293062715501	1.51423695907772	1929
-0.1156087333738	1.3949629689825	181
0.00129886233226006	0.689668705776789	151
0.04844960918945	1.51232998079278	776
-0.0356925432208	1.4639791333463	776
-0.1249666662947	1.15256494916242	1243
-0.04111957065369	1.69070029690941	190
0.0641062582252101	0.57783656828618	216
0.00561416805771997	0.693634697863814	46
-0.10979640048809	1.41257145823119	46
0.0683938674225599	1.3857259935774	288
0.092456135253	1.23224679600669	90
-0.0270049495987601	0.840146814489466	288
0.00801897563274001	0.694425653582333	288
-0.0379065413317801	1.01428607707156	151
0.06089635736011	0.57486221118602	1731
0.0652629153297899	0.577331121752138	1731
-0.04502810660385	1.16866633457151	776
-0.0305239290425601	1.19234989020639	216
0.12263337779735	1.05403722589652	216
0.08598309765867	1.22200721597726	24
-0.0948102274016001	1.65059369439563	24
-0.0358021620493201	1.01699964744668	90
-0.0381494667131701	1.17863074762037	90
-0.0344881112056801	1.01460387029638	288
0.0658368577022399	0.578688566094146	65
0.0015766669606001	0.689788385908174	776
0.0016376537079601	0.687961909754693	776
-0.02346534425963	0.845877160255437	1243
-0.0371498595068001	1.0139485111315	1243
0.0021477801918599	0.690181006466159	24
0.0615575788057401	0.575397722991523	288
0.06089635736011	0.57486221118602	90
-0.0282954238390301	1.02519932208546	90
0.06176150416243	0.575573951673107	288
0.00508480701770009	0.693178123428776	288
0.0670322258031899	0.5778351002051	151
0.06205222453913	0.576575770191727	151
-0.02638634591753	0.843284064989319	1434
-0.03427085326248	1.01937738558414	271
0.0464317108397301	1.65777309939503	271
0.04065096283999	1.7817097261676	120
0.0563414332457799	0.572549276189887	776
0.00182762709119011	0.690977558044493	776
-0.0329047010876999	1.01952518355885	1243
0.0673239464909801	0.577596717444378	216
0.0569167499116701	0.572884622733256	494
0.060612918568	0.574810701056327	90
0.06435602307781	0.575689391195341	53
-0.02001971393119	0.848845456280035	53
0.0672749461620601	0.577766096078519	318
0.0202414114062599	2.09637687308498	271
-0.10431737231759	1.82366244322947	271
-0.0403844171469701	1.17543427407229	271
0.0916087731666699	1.23244083074969	193
-0.05035960865191	1.67025324372511	776
-0.00352171508521004	0.685216178748447	776
0.09007563220648	1.23043055977248	1243
0.09050215605708	1.23118787355256	190
-0.10328549228942	1.63536584928837	190
-0.11043817143797	1.29619359553346	113
-0.10860511553757	1.41512654304115	24
-0.12448952153478	1.2733425719646	24
0.09482834790834	1.23406498587352	90
-0.0248145492773899	0.844831390413282	90
0.0951471351197199	1.23625138880332	288
0.05974779582566	0.574099743860578	22
0.0811663812019201	1.40717875927756	193
-0.0464171071667201	1.79407666124909	193
-0.02240306986885	0.846475145188653	193
-0.0155551825226099	0.852857189730334	193
0.00605875448629001	0.692521730141183	1243
0.11894633067913	1.05082297800766	24
0.0635322778785099	0.576480757103141	216
-0.02764000128922	0.841611880836867	24
0.06205222453913	0.576575770191727	494
-0.0239364981826899	0.845377008358032	90
0.1210213269449	1.05337414492035	90
0.0635322778785099	0.576480757103141	288
0.0021477801918599	0.690181006466159	22
0.0623431977133699	0.575344807364201	22
0.06258808150242	1.5394447992825	776
-0.12450703342367	1.15252637720719	776
-0.10857436638595	1.41329442437161	1243
-0.11646745490856	1.40127758697052	1243
0.0647396765714501	1.37838465700211	216
0.09092858253737	1.23187136320597	216
-0.0325660030881401	1.01948141358195	46
-0.02730701785816	0.839794057772938	90
0.06497186902393	0.578443560062359	90
0.0671791748849899	1.38746682384732	90
0.00717857209743	0.694778656366304	288
0.06349145731342	0.576107730106197	22
0.0681887291410099	0.57803285948981	65
0.06612729710276	0.577002863033466	65
0.0470038942329401	1.64897148803077	193
-0.0252480660462899	1.02828462658359	193
-0.0383429483441999	1.01325867255025	776
0.00664969996917009	0.694322095482239	776
0.07173509539363	1.39379190697516	1243
0.00561416805771997	0.693634697863814	113
-0.0213242609706901	0.847859591846366	90
0.00313507705548011	0.690925092944883	271
0.0569167499116701	0.572884622733256	1243
0.0919002429350999	1.23505024107777	1243
-0.0341658580229101	1.0175513623144	1243
-0.12077852915961	2.19675869393847	216
0.0635322778785099	0.576480757103141	24
0.11859620713597	1.04848695667209	216
-0.0587770732883	2.25873861471938	621
0.0609825901857599	0.575061904640739	266
0.0486687146545499	1.66301729154311	90
0.0609825901857599	0.575061904640739	90
0.00293242809066996	0.690747702125752	90
0.0563414332457799	0.572549276189887	288
0.0722671946858	0.578872717124963	2561
0.05386771053596	2.33923104203403	288
0.0646800402191901	0.577244755259019	107
0.00475418153282003	0.692440407310782	107
0.06089635736011	0.57486221118602	318
0.0563414332457799	0.572549276189887	774
-0.0342652361439	1.18297265745913	271
-0.0326013477198299	1.02171068889621	193
0.0652629153297899	0.577331121752138	776
0.00879997521194009	0.695340728531382	776
0.0592594715086701	0.574216413367679	776
0.0015766669606001	0.689788385908174	1243
-0.04071743150117	1.00903245127422	190
-0.00566952224413009	0.682805277876563	24
0.06262627398235	0.575986404326764	494
0.00404658836988991	0.690986647971914	90
0.0643979077286201	0.577085966346076	1002
0.00189292169615007	0.689841585471618	107
0.00430116810844994	0.692170239986747	65
0.0676057200529201	0.577246124018883	92
-0.0771365160200801	2.44358383249089	271
0.06655618495168	1.54754001518883	193
0.0641062582252101	0.57783656828618	776
-0.0210382009390999	0.848285602729746	776
-0.02240306986885	0.846475145188653	113
-0.0326013477198299	1.02171068889621	216
0.0611547793473599	1.53757000272863	24
-0.11681715859019	1.28664455437168	46
0.00508480701770009	0.693178123428776	266
0.00879997521194009	0.695340728531382	494
0.00664969996917009	0.694322095482239	90
-0.0387398809841699	1.01253680566463	90
-0.0375848482121901	1.01337830245956	266
0.0611873140018699	0.576162678907346	1002
-0.01889054567493	0.850023622074051	1002
0.00586765213810003	0.693882064620264	1507
-0.01954451230501	0.848987615586173	776
-0.0301421965047399	1.0224204175259	776
0.00430116810844994	0.692170239986747	1243
-0.02046101448597	1.20379632798157	190
0.0684710951174199	0.578360020930028	113
0.06176150416243	0.575573951673107	113
0.0641062582252101	0.57783656828618	216
0.09178117807439	1.22956820820275	1929
-0.03089620849633	1.02119388904288	1929
0.0563414332457799	0.572549276189887	90
0.0577788389210201	0.573295283481806	288
-0.02413311732103	0.844266334309948	1002
-0.10921354567591	1.41271076524235	193
0.0736150949287999	1.39647298622565	193
0.0906172511335299	1.23363813633929	193
0.0896489949296599	1.2297473530476	776
0.00528185102601997	0.691948679154516	190
0.0021477801918599	0.690181006466159	190
0.12310766944949	1.05462839061569	190
-0.0440352291858099	1.31551215739555	216
-0.10696584703998	1.41605255595734	46
0.12310766944949	1.05462839061569	494
-0.01959664567483	0.847223087711831	90
-0.0383841094686099	1.81279409989974	193
-0.0248145492773899	0.844831390413282	120
0.12001751111041	1.84568068485222	776
-0.0293475973660899	0.83558399100658	216
-0.0247450295484599	0.84390097265626	46
-0.0370869480955101	1.18460995981187	266
-0.04118857423672	1.00606109994466	266
-0.02240306986885	0.846475145188653	90
0.0678976197735399	0.578952002833974	90
0.0175073016915599	0.698024147181259	288
0.0577788389210201	0.573295283481806	266
0.0643979077286201	0.577085966346076	193
0.0378675826946699	1.77385032585117	1507
-0.0381725598918501	1.32911585088317	776
0.0635322778785099	0.576480757103141	24
-0.0216258510894201	0.847367504278335	24
-0.11984855218508	1.39193035660466	621
0.06262627398235	0.575986404326764	621
-0.01636138479052	0.851876869323031	181
-0.0365898974315999	1.012046705816	266
0.0912423759209899	1.23177548497393	266
0.000576143278439911	0.688308974423275	266
0.0644809332360901	0.576099294885397	266
0.11813569478068	1.04977155495862	266
0.00854736828993996	0.694881226930905	1002
-0.02970035127926	1.34170265448598	776
-0.03895725120365	1.17847840547879	776
-0.03883629860743	1.58254626944124	190
0.0321486141020899	1.61729679128741	216
-0.0355933218872899	1.33074276783879	216
0.09232539642298	1.23324195280463	216
-0.03742156187672	1.01105002041058	216
-0.03373581658541	1.01838826656207	494
0.06069635629646	0.575154297721853	90
0.12090615842183	1.05179708294221	266
0.0637820113037599	0.576275963644178	22
-0.03387173323085	1.01966551822743	776
0.12101874559855	1.05496844004333	776
-0.02521157463516	1.0282824093093	190
-0.11879382809839	1.28371483906952	190
-0.11363669180105	1.60844087524175	190
0.0039762096757201	0.691529582110652	216
0.00664969996917009	0.694322095482239	216
0.06269927002663	1.54344711123566	806
0.0643979077286201	0.577085966346076	216
-0.020848758066	0.848002492808298	24
0.06497186902393	0.578443560062359	24
0.0519058805866901	1.52179370558874	621
-0.02652771536146	0.841038919394943	621
0.1201013311771	1.05047690194352	266
-0.02335523777402	0.84543378068884	266
0.12251699807783	1.05361639620141	494
-0.0187689361233101	0.850059205901264	90
0.0784027606325901	1.40381522494235	181
-0.02179985176911	0.846961178203258	90
0.0594564119373	0.574146809919677	288
-0.0216258510894201	0.847367504278335	266
-0.04446383171741	1.56983710120843	193
0.00664969996917009	0.694322095482239	1507
-0.0431969270322501	1.00430565447999	1243
0.0770098866264	1.40064361246643	190
0.0690777955745601	1.38948490710173	190
0.06262627398235	0.575986404326764	190
0.00508480701770009	0.693178123428776	621
-0.10732466918362	1.52434782120023	621
-0.0403201783467899	1.00925858777868	266
0.00422639727205998	0.691131199114982	494
-0.0264782562224899	1.02758636007513	266
0.0623431977133699	0.575344807364201	90
0.06205222453913	0.576575770191727	266
-0.03663649754584	1.01585626246522	266
0.00683483372711002	0.692762084016552	271
0.0560540375112599	0.572176134773053	1507
0.0609825901857599	0.575061904640739	1507
0.00854736828993996	0.694881226930905	1507
0.00639676878278994	0.694338750578675	776
0.00605875448629001	0.692521730141183	776
0.0563414332457799	0.572549276189887	665
-0.03996081846111	1.45709281099958	113
0.0563414332457799	0.572549276189887	806
0.07606829882848	0.578662608605706	806
0.00242337421849004	0.689036040188378	494
0.0603221792564701	0.575449353150941	494
0.0615575788057401	0.575397722991523	288
-0.0318437519966701	1.02027419114524	266
-0.03687388328137	1.46050807934576	271
-0.10360067004955	2.01172815515132	271
0.00854412004051008	2.18056593312539	193
0.05345091390261	1.52446495772223	193
0.06089635736011	0.57486221118602	665
-0.0152187979851801	0.852590403954879	190
-0.03186902766109	1.33645283446554	216
-0.0297265187345399	0.838484660856868	621
-0.12001378191953	1.28064791880815	621
0.06176150416243	0.575573951673107	46
0.06349145731342	0.576107730106197	266
0.0594564119373	0.574146809919677	2589
0.0637820113037599	0.576275963644178	610
0.0693149226970999	1.39106101501417	271
0.0678976197735399	0.578952002833974	193
0.06497186902393	0.578443560062359	193
0.0667199328744399	1.38630569129441	776
0.00879997521194009	0.695340728531382	665
0.00717857209743	0.694778656366304	665
-0.0210960660433399	0.845293277515002	776
0.0641062582252101	0.57783656828618	776
0.0884745054964	1.22734657068861	776
0.0641062582252101	0.57783656828618	776
-0.0335207996640201	1.01829343039439	190
0.12182535917109	1.05619026747191	190
-0.0284387887742199	1.02505063121029	806
0.060612918568	0.574810701056327	24
0.0644809332360901	0.576099294885397	266
-0.00644851297123994	0.682246157265643	266
0.0722671946858	0.578872717124963	266
-0.0313472129339101	1.19345077168754	288
0.0611873140018699	0.576162678907346	266
0.06205222453913	0.576575770191727	592
0.00854736828993996	0.694881226930905	193
0.0684710951174199	0.578360020930028	485
0.06324002887349	0.576609113923133	193
0.12136747621917	1.05289629957517	1507
0.0672749461620601	0.577766096078519	776
0.00136235077006996	0.689385845375163	1243
0.0663147441170899	1.38555620791814	1243
0.000267110137720072	0.689273684954674	190
0.06205222453913	0.576575770191727	806
0.0995351486420399	1.24272666442616	1427
-0.02894677378634	0.839247111317597	46
0.00692576864066008	0.693521170574345	46
0.06497186902393	0.578443560062359	1309
0.0623431977133699	0.575344807364201	266
0.06262627398235	0.575986404326764	266
0.0708294996284899	0.578518011832582	592
0.0819682764234799	1.40694210561773	592
0.0623431977133699	0.575344807364201	65
0.0641062582252101	0.57783656828618	65
0.06205222453913	0.576575770191727	249
0.10448961772093	1.9575280131146	271
0.0693358401298201	0.578796394975642	271
-0.000262149521959909	0.687968887417832	193
0.0684710951174199	0.578360020930028	193
0.0569167499116701	0.572884622733256	190
0.07845694328438	1.40185181889238	190
0.0883719221902399	1.2264847591584	216
0.00616008411890001	0.688003535947126	1427
-0.02894677378634	0.839247111317597	46
-0.0333410946442601	1.01892296828758	979
0.06497186902393	0.578443560062359	979
0.0673239464909801	0.577596717444378	249
0.00845276077678991	0.693913643295033	249
0.0514913852318899	2.3282871129293	271
-0.0415007131331	1.17619431625595	271
0.06381382996212	0.576020696597725	776
0.06205222453913	0.576575770191727	665
0.0668359805930201	0.575844934051185	2115
0.0646800402191901	0.577244755259019	1243
-0.0160256680634301	0.851960600403948	190
0.0117292512378999	0.696021214946946	190
0.05668786487255	0.571332871837485	24
0.09867158854337	1.24210864893822	46
-0.0176382421260299	0.849601645245434	592
0.06069635629646	0.575154297721853	65
0.05888204034268	0.572802709197407	2350
0.0598344987371999	0.574552074754926	92
0.0641062582252101	0.57783656828618	1507
0.0549723277652701	0.570494376515154	1507
0.06324002887349	0.576609113923133	776
0.0609825901857599	0.575061904640739	776
0.0635322778785099	0.576480757103141	665
0.0603221792564701	0.575449353150941	2115
-0.00429964162637009	0.684223136845454	2115
0.0112019598989399	0.694353356637563	1197
0.00854736828993996	0.694881226930905	190
-0.00507837951492007	0.682609438814882	806
0.00137555741564999	2.0441863195182	24
0.00045904102374994	0.688250976185621	24
-0.02019399618405	0.846899896730581	621
0.0678976197735399	0.578952002833974	46
-0.0332992781050001	1.01825645551197	46
0.0652629153297899	0.577331121752138	1309
0.0580650230272699	0.573080429177984	979
-0.02883551526799	1.02421732482948	90
0.0611873140018699	0.576162678907346	610
0.06205222453913	0.576575770191727	665
-0.0355404823568299	1.01668428501588	190
0.0021477801918599	0.690181006466159	190
0.00235627602433008	0.690487755919548	806
0.00801897563274001	0.694425653582333	621
0.0611873140018699	0.576162678907346	65
0.0664585335295	0.576484309411764	35
0.06176150416243	0.575573951673107	249
-0.03466897772533	1.01785723550645	485
0.06612729710276	0.577002863033466	193
0.06641060189182	0.578095540716024	193
0.00267810736268004	0.690636942339763	193
0.0693358401298201	0.578796394975642	776
0.06381382996212	0.576020696597725	2115
0.0646800402191901	0.577244755259019	190
-0.03373581658541	1.01838826656207	24
0.0641062582252101	0.57783656828618	621
0.00430116810844994	0.692170239986747	621
0.0611873140018699	0.576162678907346	266
0.0569167499116701	0.572884622733256	288
0.0016376537079601	0.687961909754693	65
-0.0248145492773899	0.844831390413282	271
-0.00644851297123994	0.682246157265643	271
0.0053602613747501	0.69181356761285	485
0.0950157473862501	1.23728734428266	485
0.06324002887349	0.576609113923133	776
0.0646800402191901	0.577244755259019	776
0.00561416805771997	0.693634697863814	776
0.0611873140018699	0.576162678907346	1243
-0.12232922422047	1.27932253909644	216
0.06012134843669	0.574818428531195	806
0.00293242809066996	0.690747702125752	46
0.0722671946858	0.578872717124963	90
0.0583969630091099	0.572999917193612	2511
0.06497186902393	0.578443560062359	2193
0.0930625973083099	1.23356145662155	485
0.0563414332457799	0.572549276189887	485
0.0611873140018699	0.576162678907346	485
0.06291742676874	0.576696640316621	1507
0.09568301914969	1.23773846708241	190
0.06176150416243	0.575573951673107	806
0.0577788389210201	0.573295283481806	266
-0.0317314119700201	1.02049135216856	288
0.06497186902393	0.578443560062359	107
0.06349145731342	0.576107730106197	22
-0.02764000128922	0.841611880836867	540
0.11954627688499	1.84525589775574	485
-0.03262852388579	1.33939446875068	485
0.0598344987371999	0.574552074754926	485
0.0637820113037599	0.576275963644178	2115
0.0682707979897099	1.38479343860069	216
0.09739146451674	1.24123127154654	24
0.0569167499116701	0.572884622733256	1107
0.00508480701770009	0.693178123428776	621
0.06205222453913	0.576575770191727	494
0.06176150416243	0.575573951673107	288
0.09050215605708	1.23118787355256	90
0.0609825901857599	0.575061904640739	90
0.0600305781509101	0.573563297385593	303
0.12263236673022	1.05710853341237	776
-0.0223358936781299	0.844084994849459	1243
0.06497186902393	0.578443560062359	190
0.00922713383460994	0.694290260477063	806
0.0209087020979699	1.72895073677849	629
0.00240222692252989	0.689086956927602	288
0.0034625113848501	0.691203628034591	288
0.06324002887349	0.576609113923133	266
-0.0244928415927601	0.842934966794232	266
0.0560540375112599	0.572176134773053	2511
0.0623431977133699	0.575344807364201	2589
-0.12430387129534	1.27697507290762	776
0.0113737672954799	0.694251685424298	776
0.0635322778785099	0.576480757103141	216
0.00743094700247005	0.694462877643055	494
-0.0384654144594001	1.45623974159731	266
0.00129886233226006	0.689668705776789	22
0.05888204034268	0.572802709197407	776
0.0693358401298201	0.578796394975642	776
0.1237797345935	1.05656161096775	1107
0.00717857209743	0.694778656366304	46
0.06176150416243	0.575573951673107	288
0.0569167499116701	0.572884622733256	65
0.0016376537079601	0.687961909754693	216
-0.02481357322677	1.02888697851606	113
-0.02428386332913	1.20002675194344	113
-0.0282460375978699	1.1976720669494	806
0.00182762709119011	0.690977558044493	24
0.0658368577022399	0.578688566094146	24
0.1201013311771	1.05047690194352	46
0.00692576864066008	0.693521170574345	266
0.06205222453913	0.576575770191727	22
-0.0350653135703201	1.59011989897224	485
-0.0221016225355	0.847224192673576	1243
-0.0323942505704999	1.18991771254478	190
-0.00213603101148996	0.686013215629264	24
0.0655456320514201	0.577850509647929	24
-0.11723739373578	1.50072314264215	24
0.05193868168259	1.52008110884719	24
0.12055893681133	1.05438992870057	621
0.05583042043747	0.571090947323263	46
-0.0248145492773899	0.844831390413282	266
0.09771744130514	1.24059560867009	193
0.06262627398235	0.575986404326764	113
0.0644809332360901	0.576099294885397	24
0.0016376537079601	0.687961909754693	621
0.00313414421847003	0.68810584556214	266
0.12125773305485	1.04909229839167	266
-0.0347761832834399	0.831490869016852	815
0.0641062582252101	0.57783656828618	266
-0.11223196728227	1.40746743114042	776
0.07110675135406	1.39478385446802	776
-0.04104099590577	1.31990035845816	776
-0.11293508175377	1.40541996643532	776
-0.0412343080342199	1.90935060868844	216
0.07255791242138	0.579448662854267	113
0.0569167499116701	0.572884622733256	216
0.0343302696440799	1.89517270553741	24
-0.0192438689004599	0.849917599567846	621
-0.0309807256628201	1.59797923775611	46
0.0641062582252101	0.57783656828618	266
-0.0231275674860201	0.846482301453177	193
0.11416829634443	1.97732948480764	216
-0.0381973001709901	1.17864446927823	113
0.0592594715086701	0.574216413367679	113
0.05720354168202	0.572959867621651	216
-0.0441817023239399	1.6842369094885	24
-0.01799349561762	0.850826688821256	629
-0.02605057068814	0.841185243096645	46
0.00319742086186992	0.689969286170533	46
0.0738225393485601	1.39800711397869	46
0.0034625113848501	0.691203628034591	266
-0.02335523777402	0.84543378068884	46
-0.0281405289496699	1.02485176349962	266
0.05974779582566	0.574099743860578	65
0.0130344704231	0.697263181278941	216
0.0658368577022399	0.578688566094146	24
0.06497186902393	0.578443560062359	24
-0.00188366104490001	0.687285853301533	629
0.0609825901857599	0.575061904640739	266
0.00879997521194009	0.695340728531382	193
-0.10438033121373	1.73360112978264	193
-0.0351320314750101	1.46521236840083	1243
-0.0263522837321799	0.838826437651506	1243
-0.0297265187345399	0.838484660856868	113
-0.03555001027043	1.33296923654008	113
-0.0371939620758199	1.18438388636459	629
-0.10341988491309	1.42183009649558	621
-0.0338353761786501	1.0195201335137	46
-0.0136038918179799	0.852230572691701	1243
0.0569167499116701	0.572884622733256	190
0.0130344704231	0.697263181278941	190
-0.03953358312041	1.80722662809515	216
0.06262627398235	0.575986404326764	24
0.00104777080569995	0.690276905484279	46
-0.0221016225355	0.847224192673576	46
0.04955857421887	1.79386545588299	46
-0.00514025705092003	0.683169295296104	266
0.12236876072668	1.85252578840665	776
-0.0247948609399	0.841052967551684	190
0.0611873140018699	0.576162678907346	113
0.00639676878278994	0.694338750578675	24
0.06205222453913	0.576575770191727	24
0.11940322947114	1.04953202093928	629
0.0687623835620801	0.579389020639623	46
0.06012134843669	0.574818428531195	266
0.0655456320514201	0.577850509647929	610
-0.0378150765557801	1.01112401058991	1243
0.07435864906433	1.39411084007048	776
0.05287745175851	1.66542544519314	113
-0.04671983753411	1.67824306906839	629
-0.12140922149617	1.28046097908007	266
-0.03217123392197	1.33615481090288	46
0.06497186902393	0.578443560062359	22
0.0563414332457799	0.572549276189887	22
0.0652629153297899	0.577331121752138	2152
-0.03818400159874	1.32597829497911	776
-0.00266615035100992	0.686494356169944	190
-0.11833784985903	1.28344215248404	216
-0.03623881659402	1.46510704591752	46
0.04251850298848	1.64895133616193	46
-0.0419915283152801	1.57529120002786	46
-0.03046379548055	1.47408036445363	815
0.06012134843669	0.574818428531195	266
0.0641062582252101	0.57783656828618	190
0.0611873140018699	0.576162678907346	190
0.0641062582252101	0.57783656828618	24
-0.02733722959789	0.840928158363085	24
0.0687623835620801	0.579389020639623	46
-0.0320729772717401	1.02039096606794	266
0.0951361897881	1.23980903171309	266
0.06514409097093	1.38171309576014	266
0.06497186902393	0.578443560062359	22
0.06262627398235	0.575986404326764	22
0.06291742676874	0.576696640316621	22
0.0603221792564701	0.575449353150941	912
-0.04302521640417	2.01096264275115	1243
-0.0425570865968401	1.79902810272046	1243
0.0670322258031899	0.5778351002051	216
-0.03022050141185	0.838118670214918	24
0.00320831641663011	0.689829279676215	629
0.0655456320514201	0.577850509647929	629
-0.0227041938335999	0.844176264408766	46
0.0623431977133699	0.575344807364201	46
-0.0221016225355	0.847224192673576	46
0.0598344987371999	0.574552074754926	65
0.00879997521194009	0.695340728531382	610
-0.09768869399349	1.93704705690992	1243
0.0684710951174199	0.578360020930028	216
-0.0231804130222399	0.845307064723599	113
0.06497186902393	0.578443560062359	113
0.0670322258031899	0.5778351002051	629
-0.0358021620493201	1.01699964744668	621
-0.12057822939418	1.28308707443293	621
-0.03953659203631	1.69449556236806	266
0.06262627398235	0.575986404326764	46
-0.11358521957992	1.40575560998565	46
0.06937279685001	1.38950115280809	266
0.0643979077286201	0.577085966346076	22
0.06349145731342	0.576107730106197	22
0.0643979077286201	0.577085966346076	22
0.06641060189182	0.578095540716024	65
0.06069635629646	0.575154297721853	117
-0.01674388453929	0.850143859505032	193
0.06205222453913	0.576575770191727	2837
-0.10233627232354	1.63774557628618	190
0.09178226436601	1.23299906838598	552
-0.0221016225355	0.847224192673576	266
-0.0301135365226499	1.19336351940462	266
0.0609825901857599	0.575061904640739	22
0.0312525849663201	1.88605621614773	1243
-0.0953667912688001	1.84738666369368	1243
-0.10710258797818	1.52524957036826	1243
0.09162294336884	1.23026573999027	2837
-0.0216258510894201	0.847367504278335	2837
0.06069635629646	0.575154297721853	190
0.06641060189182	0.578095540716024	216
0.06324002887349	0.576609113923133	113
-0.0942481913348301	2.04071153127127	216
0.08989797650591	1.22758768316431	24
0.0763501796503201	1.39730087890096	24
-0.0360918912728501	1.32833537245155	629
-0.0305063783794	0.837494860161703	629
0.06349145731342	0.576107730106197	20
0.0718214959260799	1.39275872277681	216
-0.1188665296381	1.28365546153673	24
-0.03725565247764	2.22761709244891	24
0.0740747264494499	1.39674624109213	24
0.06262627398235	0.575986404326764	46
-0.10599138705459	1.63002822982504	46
0.06291742676874	0.576696640316621	1240
0.0611873140018699	0.576162678907346	92
0.0577788389210201	0.573295283481806	610
-0.0213242609706901	0.847859591846366	2837
0.0138116868723701	0.697641490680618	113
0.05974779582566	0.574099743860578	24
0.0596093062254901	0.572036271647454	24
-0.0351909783408699	1.33184157676211	46
-0.0363936601730801	1.18202872872072	46
-0.020848758066	0.848002492808298	552
0.0053602613747501	0.69181356761285	266
0.0646800402191901	0.577244755259019	22
0.06497186902393	0.578443560062359	371
-0.0603045782217	2.34922699366157	1243
-0.02037334303275	0.846864242893723	216
0.0577788389210201	0.573295283481806	24
-0.0376457340991101	1.18317951209945	24
0.00422639727205998	0.691131199114982	24
0.11767509733507	1.04919450311787	24
0.00723716982622991	0.692858163491176	629
-0.10625024408527	1.72436021059018	46
-0.12187373816293	1.28102662637317	46
0.0655456320514201	0.577850509647929	22
0.0583969630091099	0.572999917193612	22
0.12263236673022	1.05710853341237	190
0.0646800402191901	0.577244755259019	216
0.04709091693385	1.65431532349656	216
-0.0445896325497199	1.68604568776833	266
0.0635322778785099	0.576480757103141	22
-0.10642660381876	1.52310036665907	2531
-0.03180360427567	1.19310975005153	2837
0.0611873140018699	0.576162678907346	113
0.06176150416243	0.575573951673107	24
0.000796253389989898	0.688787241678732	24
0.00242337421849004	0.689036040188378	24
0.0896489949296599	1.2297473530476	24
0.05394602762822	1.52632689395232	629
-0.11770700713884	1.49511816221623	46
-0.0401920706736301	1.17974251853688	46
-0.09916102981927	1.93097395481216	1417
-0.0290908912280301	1.60114825271966	2531
0.11337245353065	1.97559429190872	2531
0.03535152897442	1.77007185549536	2837
0.0034625113848501	0.691203628034591	190
0.00404658836988991	0.690986647971914	113
-0.0353180977797201	1.18693491491578	24
-0.04174800173083	1.45350619468888	46
-0.02962892142149	1.3406718323729	46
0.11532310562117	1.97964258154434	46
0.060612918568	0.574810701056327	46
-0.026861744099	0.842780078427935	46
-0.0196989442889099	0.84904073285279	190
-0.0372674424177299	1.70155783377621	24
0.0673239464909801	0.577596717444378	24
0.00776580727452991	0.693312854527834	24
0.05891299340965	1.53524815868955	24
0.0930625973083099	1.23356145662155	46
-0.1104740032025	1.40819736433231	46
0.06870474090381	1.38487123029489	266
0.0587521395889301	0.571606328850996	22
0.0429269979295299	1.6456256226189	2531
0.0000452099830299257	0.686655804077838	24
-0.0298092057466099	1.02496540075091	621
-0.0279617419556899	1.34321092337076	46
-0.04025992035672	1.45153229182789	46
0.0557899530777901	1.67214797345066	46
-0.0252859310370499	0.844330995209208	46
0.0687623835620801	0.579389020639623	22
0.01010806773565	0.696373336398546	359
0.000796253389989898	0.688787241678732	2531
-0.0216258510894201	0.847367504278335	2531
0.09525554402833	1.23494774062485	1243
-0.0309134110504199	1.34126249428606	2837
-0.11086855475444	1.41140599339093	2837
-0.02622549241784	0.841135468705538	216
-0.0940659795394401	2.12891212729469	629
0.00104777080569995	0.690276905484279	46
0.0658368577022399	0.578688566094146	101
0.12471448277166	1.05819041037015	552
0.00371629100523996	0.691087358930325	22
0.0592594715086701	0.574216413367679	22
0.0594564119373	0.574146809919677	22
0.00110695783841996	0.688764264593948	74
0.06205222453913	0.576575770191727	74
-0.0378595086548901	1.58359270325472	190
0.0965411737567301	1.23893459418005	24
0.06076798343344	1.53511204958928	216
-0.04417048367319	1.79841070800207	621
-0.0366739598805801	1.01582610988538	46
-0.03972729455448	1.5773103003863	46
0.06758414458064	1.38821673856615	46
0.00717857209743	0.694778656366304	35
-0.11275422034204	1.51349858138584	190
0.06046581262995	0.571835348426904	190
0.00267810736268004	0.690636942339763	24
-0.0354401148185699	1.01504502746289	24
-0.0349672114236701	1.01787235219061	24
0.0660990031451201	1.5444535774678	24
-0.0189429099835801	0.84978559568269	46
-0.03947489469624	1.00780871007432	46
-0.0334716156727799	1.01820243247295	552
0.05461534937901	0.570549366404683	266
0.060612918568	0.574810701056327	22
0.00267810736268004	0.690636942339763	22
0.00533600252525002	2.16708119759788	2531
-0.04101225295761	1.17745311452004	190
-0.02676963746713	1.34562387635764	216
-0.026861744099	0.842780078427935	113
-0.0221016225355	0.847224192673576	24
-0.12461343665966	1.2725581035157	24
0.0439356850009001	1.78479401950276	46
0.0160302225167801	1.84115835443599	46
0.0614779765006099	0.575223127248405	46
0.0922106744820701	1.23312914839866	552
0.07198456589867	0.578098629168653	22
0.06349145731342	0.576107730106197	22
0.0611873140018699	0.576162678907346	22
0.06381382996212	0.576020696597725	22
0.0655456320514201	0.577850509647929	2575
0.06291742676874	0.576696640316621	35
0.12378888048423	1.05741795029514	1243
0.0130303836591099	1.9648964004135	190
-0.0399197126955799	1.69518501838875	113
-0.00135378827224009	0.68680319900825	216
-0.0428100698684	1.31912531192161	24
0.06324002887349	0.576609113923133	24
0.0034625113848501	0.691203628034591	24
0.00553133286710006	0.693014411465741	46
-0.0368798461470501	1.33216057011311	46
0.06205222453913	0.576575770191727	22
0.00795957449314	0.694919046007188	359
0.0603221792564701	0.575449353150941	2575
-0.09616474599542	1.84383070703037	1943
0.0693358401298201	0.578796394975642	485
-0.0411629396945901	1.45514281971211	2837
0.10682553552389	1.249833047802	190
0.00182762709119011	0.690977558044493	216
0.07060628866731	1.38566382245538	216
0.0932032625755601	1.23241901054189	24
0.12389141280848	1.05808004337834	58
0.00586765213810003	0.693882064620264	46
0.0447507438449899	1.65252609910283	46
-0.03147839721067	1.02221697935077	46
0.0646800402191901	0.577244755259019	46
-0.0201690238491301	0.848541173338987	46
-0.03104353414108	1.02235815656415	101
0.01433825815189	0.69681958156201	552
-0.03727258996024	1.33105412433864	101
0.05547870129105	0.571841073068374	22
0.0641062582252101	0.57783656828618	22
0.05720354168202	0.572959867621651	117
-0.0506012864465899	2.19105662356918	1943
0.0577788389210201	0.573295283481806	485
-0.0397426344954199	1.58111256876379	1417
-0.12111902544872	1.27986264918292	1417
0.0868350404553	1.2235591911535	2837
-0.03180570826151	1.02010423952865	216
0.060612918568	0.574810701056327	24
0.0560540375112599	0.572176134773053	24
0.06176150416243	0.575573951673107	24
0.0621836107824301	0.574223274299761	24
-0.02335523777402	0.84543378068884	621
0.06497186902393	0.578443560062359	621
-0.0248145492773899	0.844831390413282	629
-0.0267025482144401	0.839041172244838	46
-0.0258302216375901	1.02420714078953	46
-0.04239951375961	1.00439948507373	2837
-0.0313696026722201	1.02143262503954	1251
-0.0005723376404001	0.687366346179128	2837
-0.0394859465033199	1.32244777380158	190
0.0635322778785099	0.576480757103141	190
0.12056292498138	1.05157477977395	216
-0.0346397234434801	1.18601966299951	216
0.12309705757701	1.0544018461337	216
-0.0270266216095001	1.02763539673403	24
-0.0376457340991101	1.18317951209945	216
0.06324002887349	0.576609113923133	621
0.0643979077286201	0.577085966346076	621
0.06497186902393	0.578443560062359	46
-0.11761909444441	1.39731809710496	2837
-0.04169178131991	1.57052514183971	190
-0.0325660030881401	1.01948141358195	216
-0.0276914399855399	0.840284647994588	216
0.11608268025977	1.0454757929421	113
-0.04138682617068	1.91197159915835	216
0.06093076026556	2.23701729162048	24
-0.00354807049751993	2.1455572852157	216
-0.0388794508150601	1.1811664946438	24
0.0886660831555099	1.23038720953591	24
0.01758415768719	1.97548461411922	46
-0.11764732871771	1.28516294302214	46
0.07447908145616	1.39790625094217	552
0.06291742676874	0.576696640316621	22
0.06324002887349	0.576609113923133	22
0.0641062582252101	0.57783656828618	92
0.0151022762084001	1.84692490843117	1243
-0.09159057206371	1.65720995249257	2531
0.11446223302497	1.04364736859445	190
0.0655456320514201	0.577850509647929	190
-0.0354028350903599	1.01772883728461	113
-0.11506965504603	1.50729823307157	216
0.06176150416243	0.575573951673107	24
-0.02353348361983	0.844322613954122	46
0.0431039566323601	1.64470663717516	46
-0.11392404976531	1.29061425945175	101
-0.0230098581209199	1.2024490244239	101
0.00267810736268004	0.690636942339763	552
0.0594564119373	0.574146809919677	22
0.060612918568	0.574810701056327	22
0.10192939148347	1.95153368858966	2837
0.06962651355507	0.579182253156176	2837
-0.0326686853317	1.19174970174119	2837
-0.10768757925597	1.62522378711495	216
0.0103595415191	0.696159140742934	24
-0.01829409056027	0.848915648871265	621
0.0282994424609	1.75326651232596	46
0.00692576864066008	0.693521170574345	46
0.00267810736268004	0.690636942339763	266
0.06349145731342	0.576107730106197	113
0.00561416805771997	0.693634697863814	216
-0.0221016225355	0.847224192673576	24
0.12471448277166	1.05819041037015	216
-0.00722830605342995	0.681462283210961	24
-0.11795575186834	1.28496460293113	46
0.0526723323070799	1.52434408926298	552
0.0635381710766201	1.54457852296636	266
0.06205222453913	0.576575770191727	22
0.0577788389210201	0.573295283481806	190
-0.0404272690454801	1.44799600933154	24
-0.0216258510894201	0.847367504278335	24
0.060612918568	0.574810701056327	46
0.0646800402191901	0.577244755259019	101
0.06205222453913	0.576575770191727	22
0.00664969996917009	0.694322095482239	987
0.0684710951174199	0.578360020930028	35
-0.0386426096622901	1.81114741279681	2837
-0.00465076435659007	1.90731555715316	216
0.0611873140018699	0.576162678907346	24
-0.10128280984882	1.53282186095961	552
0.11559989023873	1.04386682113405	552
0.0560540375112599	0.572176134773053	101
-0.11943329796594	1.28341543702511	1417
0.06284363260347	1.37358738645519	190
-0.03474678630581	1.46214828540023	190
-0.0343964600551301	1.18790474007529	216
-0.0346011713871299	1.58829098687152	24
0.1213658312646	1.05561158046828	46
-0.00299318838445006	0.685580419011622	22
0.0687623835620801	0.579389020639623	22
0.000576143278439911	0.688308974423275	22
0.0641062582252101	0.57783656828618	35
0.0611873140018699	0.576162678907346	2961
0.11991707905219	1.84706696209698	1417
0.0738225393485601	1.39800711397869	1243
0.0797251170192299	1.40369944701428	1243
-0.0416255375922501	1.17236340130148	190
0.00690150749267993	0.691662997096715	216
-0.11698790818621	1.39538473496403	216
0.04334551600204	1.78673555440893	24
0.0685057887824301	1.38855406659458	101
0.0116655134278401	0.696224571920732	46
0.00717857209743	0.694778656366304	552
0.0635322778785099	0.576480757103141	22
0.0658368577022399	0.578688566094146	22
0.05720354168202	0.572959867621651	22
0.06205222453913	0.576575770191727	987
0.0583969630091099	0.572999917193612	335
0.0413581548431099	1.64037818866673	1417
-0.00429964162637009	0.684223136845454	1243
-0.1175807144639	1.28413096869613	1243
-0.00277357345455997	2.35982631494326	216
-0.09340312437884	1.85514288447971	216
-0.0432588531604099	1.17088452675682	46
0.0396537635652701	1.77719168260418	46
-0.04320307730087	1.31921365865143	46
0.0637820113037599	0.576275963644178	552
0.0034625113848501	0.691203628034591	552
0.00639676878278994	0.694338750578675	22
0.00854736828993996	0.694881226930905	22
-0.02197890509317	0.845927550070231	35
0.06205222453913	0.576575770191727	35
0.06381382996212	0.576020696597725	117
-0.0998794106251699	2.11308737264475	1417
0.01947443670135	2.09744722182018	1417
0.03485129174624	1.76964274121293	1417
0.11485875118623	1.83390936171524	1243
-0.03947611135445	1.3216010773136	1243
0.0901177649676601	2.06321161557542	190
-0.0281671448851799	0.83978205827372	216
-0.11204593618416	1.29242698496596	216
0.0752619165053501	1.39893915125237	216
-0.11910353878072	1.39553460672497	216
0.0687623835620801	0.579389020639623	621
-0.0391128188918399	1.01142708364729	58
-0.03405157507345	1.0152035296223	46
-0.0304844438665	1.33956935560385	46
0.05654341296441	1.52648978624214	46
0.00430116810844994	0.692170239986747	22
0.0577788389210201	0.573295283481806	206
0.0641062582252101	0.57783656828618	1832
0.06476657875121	0.575559739057974	1832
0.00928103768022992	1.95405673271433	1417
0.0575502100890799	1.53148334527591	2837
0.0798458454014701	1.40406373493211	216
-0.02516255364385	0.842123684877785	216
0.06497186902393	0.578443560062359	113
0.08145709128432	1.40708695558482	113
0.00242337421849004	0.689036040188378	24
0.0913560489202401	1.23231552916358	46
-0.0366759915364201	1.18444373417431	101
0.0672749461620601	0.577766096078519	101
-0.02435081850432	0.842625141186324	552
0.0034625113848501	0.691203628034591	552
0.0652629153297899	0.577331121752138	178
-0.03177626480723	1.59350490720953	216
0.08839825354565	2.05809608771481	216
0.07335776270243	1.39812080275875	113
-0.10783752838053	1.90801979171546	216
-0.0431969270322501	1.00430565447999	24
-0.03097425524818	1.02141585730491	58
0.0901859015947699	1.23206694773623	58
0.07102782154643	1.38988354346503	46
-0.03456632439259	1.0169692619824	46
0.0965411737567301	1.23893459418005	101
-0.0427419203278101	1.17452241546183	552
0.0614779765006099	0.575223127248405	206
0.0676057200529201	0.577246124018883	74
-0.0158513170728001	1.20682789441714	1243
0.11654195889502	1.04467767740016	1243
0.11802227754341	1.04786982820237	1243
-0.12324012274401	1.15498485945524	2837
0.12182870789096	1.05299427142307	2837
-0.03180360427567	1.19310975005153	190
0.0416302731471301	1.64832269919287	216
-0.0417568983643799	1.80089457999935	24
0.06797875889894	1.55142289108652	58
0.01278348975874	0.695656285483823	101
0.00450412691879998	0.691039692171147	46
-0.03623801902579	1.0168556664	46
-0.0299914303495501	1.47334726464809	552
0.0016173348597599	0.688521459133206	1493
0.00614341202314006	0.692818894948525	22
-0.0236567208437399	0.845162682271321	22
0.05897200973491	0.573334925553979	206
0.0658368577022399	0.578688566094146	117
0.06205222453913	0.576575770191727	20
0.0560540375112599	0.572176134773053	20
0.0673243640090799	1.5482547351698	1243
-0.0236567208437399	0.845162682271321	216
-0.03259678248886	1.59254826383016	58
0.0859963850375001	1.22415588596211	46
-0.03419007064367	1.18575261982538	46
-0.0485330565562501	1.55392429089625	552
0.0678976197735399	0.578952002833974	101
0.0643979077286201	0.577085966346076	22
-0.11646745490856	1.40127758697052	1243
0.09178226436601	1.23299906838598	216
0.0569167499116701	0.572884622733256	24
0.0924711920481101	1.23358900463294	58
0.06069635629646	0.575154297721853	552
0.06262627398235	0.575986404326764	95
0.0603221792564701	0.575449353150941	1573
0.0658368577022399	0.578688566094146	101
0.0641062582252101	0.57783656828618	22
0.0563414332457799	0.572549276189887	335
0.06324002887349	0.576609113923133	206
-0.04671148738154	1.89775741443035	190
-0.0190693981474099	0.847847267904455	113
0.0109501406910999	0.694547587860498	24
0.0693358401298201	0.578796394975642	24
0.0687623835620801	0.579389020639623	24
-0.0408463692663601	1.00460105208831	46
0.0982467824167399	1.24236727027024	101
0.06262627398235	0.575986404326764	101
0.06176150416243	0.575573951673107	101
0.0701999514768401	0.578591223119105	552
0.06205222453913	0.576575770191727	22
0.06205222453913	0.576575770191727	35
-0.10353638533975	1.52905029371587	76
-0.0975547106082499	1.64586537526551	1243
-0.0306196082913699	1.71169094328778	190
0.0635322778785099	0.576480757103141	216
-0.02192711849644	0.845340745800378	24
0.0430652049946201	1.78378935031948	24
-0.0368696070611101	1.17874208566514	58
-0.0340870036816501	1.18894986464239	58
-0.0407843331461799	1.4552685830685	101
0.0900756437280501	1.22958575571376	46
0.0418970724993	1.64222954394657	46
0.06205222453913	0.576575770191727	552
0.06069635629646	0.575154297721853	552
0.060612918568	0.574810701056327	22
0.06497186902393	0.578443560062359	22
0.06641060189182	0.578095540716024	206
0.0950956451999101	2.0739497319178	76
0.0016173348597599	0.688521459133206	113
-0.01959664567483	0.847223087711831	113
0.12309152968278	1.05580392659013	24
0.0670322258031899	0.5778351002051	24
-0.02240306986885	0.846475145188653	58
-0.00669854130276004	0.68182628643706	58
-0.02460960247716	0.842160917444737	58
-0.0444347389005	1.00211571245983	552
-0.0386324622081899	1.32726521886666	552
0.06205222453913	0.576575770191727	1573
0.0658368577022399	0.578688566094146	22
0.0603221792564701	0.575449353150941	22
0.0641062582252101	0.57783656828618	22
0.07169402701746	0.57946276405746	117
-0.0962953507492801	2.12548616778956	76
-0.11604410088939	1.50570501508102	190
-0.0296581852814199	1.02281269154408	24
0.12397210476095	1.85333588326889	24
-0.0445896325497199	1.68604568776833	58
0.0544588000174	1.52774417979446	46
-0.0361309070478699	1.58887123470705	101
0.0061207112992101	0.692650977578977	552
-0.03373581658541	1.01838826656207	552
0.06266602934731	0.575258394733933	1573
0.0611873140018699	0.576162678907346	1573
0.00293242809066996	0.690747702125752	22
0.0635322778785099	0.576480757103141	165
-0.1018177970293	2.27908361231293	76
-0.1112914692673	1.40971808750963	76
0.0983581988173501	2.0818659148346	1243
0.06497186902393	0.578443560062359	216
-0.02652771536146	0.841038919394943	113
0.05897123274198	1.53752381818592	113
-0.0404056021020001	2.01812093738285	109
0.06641060189182	0.578095540716024	24
0.0284734042630601	1.88203621063199	216
0.08315992713431	2.04332068726212	101
-0.03220827186179	1.33726074716283	1820
0.06291742676874	0.576696640316621	101
0.06176150416243	0.575573951673107	206
0.0497823446924699	1.66257700021611	485
0.0683142242047901	2.2619327483181	76
-0.03061601817242	1.59587174390204	190
0.0802359594728901	2.03574743056046	190
0.00743094700247005	0.694462877643055	216
-0.01542012737542	0.850862740330772	113
0.07811125293792	2.16402654607993	113
0.0655456320514201	0.577850509647929	24
0.0955606459342799	1.23990581252089	58
-0.0439724471582399	1.68783090953181	101
0.0687623835620801	0.579389020639623	22
0.06497186902393	0.578443560062359	22
0.1001929749979	1.24332587246873	76
0.0897602348578701	1.23196618492123	2837
0.0603221792564701	0.575449353150941	216
-0.0368627923057201	1.32522220729051	113
0.00561416805771997	0.693634697863814	113
0.0611873140018699	0.576162678907346	24
0.01010806773565	0.696373336398546	58
-0.0005723376404001	0.687366346179128	58
-0.0252859310370499	0.844330995209208	101
0.0687623835620801	0.579389020639623	101
0.04941569640621	1.66396370583095	76
-0.10835957539108	1.72040264875633	2837
-0.02916075258968	1.59809086216748	190
-0.11822055653765	1.28641592848119	190
0.02974934684981	1.7574213616703	190
-0.03669809703629	1.46388652972549	190
-0.0320600750648601	1.19045017433263	113
0.08238460612412	2.04128507937257	24
0.00932812295723995	0.695796600619346	1493
0.0643979077286201	0.577085966346076	22
0.0643979077286201	0.577085966346076	174
0.0403834614488201	1.77742060927421	1417
-0.0983481805055499	1.74585473423805	1417
-0.0358333070326899	1.01462511136023	1243
-0.11018140334359	1.51803730182547	1417
-0.0249694509865399	0.842789606194151	1417
-0.0422350533003399	1.31274247644385	76
-0.11814243347358	1.28693860381227	76
-0.0285395367419099	1.02594874500187	2837
-0.02847625937036	1.02346755296184	190
0.00561416805771997	0.693634697863814	190
-0.02054702631205	0.848219007755662	113
-0.0297065522759601	1.02375143570491	113
-0.01769258657851	0.851149257020452	216
-0.0201690238491301	0.848541173338987	58
-0.00163170668356005	0.686548287134407	101
0.01010806773565	0.696373336398546	1493
0.0876877149159101	1.22482294945968	552
0.0678976197735399	0.578952002833974	22
0.0021477801918599	0.690181006466159	1573
0.06291742676874	0.576696640316621	22
0.00189292169615007	0.689841585471618	22
0.0614779765006099	0.575223127248405	206
-0.02192711849644	0.845340745800378	165
0.01250753936361	0.696808660965334	165
-0.03056444594172	1.19200572144008	216
-0.1149094812852	1.40188528246789	113
-0.03191334303786	1.0211848251413	216
-0.02843117755266	1.19465851581072	58
-0.02691321243886	1.02698353817723	58
0.00879997521194009	0.695340728531382	1820
0.0623431977133699	0.575344807364201	101
-0.03510468824763	1.0177137465397	46
-0.0428890307237499	1.1737131148724	101
-0.0277036517609	1.02642061692274	552
-0.03502419225178	1.46626992002339	552
0.06176150416243	0.575573951673107	552
0.00586765213810003	0.693882064620264	552
0.0646800402191901	0.577244755259019	22
0.0678976197735399	0.578952002833974	22
0.06176150416243	0.575573951673107	1188
-0.00644851297123994	0.682246157265643	1188
-0.0272158227889701	0.839396512708841	190
-0.0363936601730801	1.18202872872072	190
-0.11468943416143	1.39859925896465	113
-0.01669624608166	0.850633087703275	113
-0.0322358905968501	1.71279634448713	113
0.12226330296468	1.84695555927653	216
0.0212015745474201	1.8645571009467	58
-0.0296668820974999	1.0232126458001	46
-0.04791376606271	1.8964348118826	552
-0.0304948499709601	1.02291318806978	552
0.0694811880650501	1.38960252754643	552
0.08768732376505	1.22091483994865	552
-0.0230534298940199	0.844213869000594	552
0.06205222453913	0.576575770191727	22
0.0563414332457799	0.572549276189887	22
0.1222848030742	1.05488780968856	206
0.00639676878278994	0.694338750578675	34
-0.10577283926075	1.8240562081656	1417
0.0696405617812701	1.38838787033463	76
-0.04152614902726	1.57318094626557	2837
-0.0320789242267701	1.71060426752632	216
-0.03379883196525	1.92559090808107	58
0.0435296439509001	1.65303565781679	58
0.0295221103654999	1.75495919628707	101
-0.03093439616463	1.19058917197758	1820
0.06107389357514	1.53783811307221	552
-0.01721819220653	0.851290049953217	552
-0.11872849036704	1.39579247368739	1493
0.0658368577022399	0.578688566094146	22
0.0646800402191901	0.577244755259019	22
0.0678976197735399	0.578952002833974	1573
-0.00110196372153992	0.687849919556878	1573
0.0611873140018699	0.576162678907346	569
-0.03587627684596	1.18488738843082	1417
0.11975243662551	1.05282950763707	76
-0.03022050141185	0.838118670214918	190
-0.0300298585733201	0.837997532256964	190
0.0941645127161801	1.23685748622363	190
-0.0231804130222399	0.845307064723599	216
0.06262627398235	0.575986404326764	101
-0.00436232216109	0.683504874896769	1820
0.06534125771432	0.575894811260888	101
-0.0281671448851799	0.83978205827372	1493
0.1242439010837	1.0553108466709	552
0.06381382996212	0.576020696597725	206
0.06176150416243	0.575573951673107	342
0.0614779765006099	0.575223127248405	569
0.0676057200529201	0.577246124018883	3067
-0.12220359665533	2.19290985121987	113
-0.0379869944847899	1.01228785882264	113
0.04725305660303	1.51053094548081	101
0.0907470986540799	1.23090432758836	101
0.00483077342270999	0.692626429783641	101
-0.03084446042783	1.19294143720025	101
-0.01774179877157	0.850392708670016	552
-0.03366560023188	1.18807412281616	552
0.00854736828993996	0.694881226930905	552
0.00801897563274001	0.694425653582333	22
0.00371629100523996	0.691087358930325	1573
0.06497186902393	0.578443560062359	22
0.00561416805771997	0.693634697863814	178
0.0635322778785099	0.576480757103141	34
0.000831661395559902	0.687728727771899	206
0.06363878361816	1.54304074982292	76
0.0531376376530699	1.52594718746779	24
0.06497186902393	0.578443560062359	350
0.06654967827022	0.575242689535116	733
0.0611257394243001	2.46713475493958	1417
-0.11290482320569	1.61245392445018	216
-0.02560848540561	0.844177725594026	216
-0.0323942505704999	1.18991771254478	216
0.00614341202314006	0.692818894948525	113
0.0563414332457799	0.572549276189887	216
0.00267810736268004	0.690636942339763	24
0.01010806773565	0.696373336398546	58
0.0224244121911299	1.86853915578492	101
-0.03055407985938	1.3419432642112	1493
0.00692576864066008	0.693521170574345	552
0.0632078011036901	0.574927820339808	101
0.06262627398235	0.575986404326764	22
0.06641060189182	0.578095540716024	206
-0.0304881649948301	1.71426055101155	76
-0.0964936556040401	1.74978207444735	190
0.04673481094848	1.65692943761433	216
0.06205222453913	0.576575770191727	113
0.07493971402183	1.39783539041243	58
-0.03610988952091	1.01283904127494	552
0.000267110137720072	0.689273684954674	552
0.000267110137720072	0.689273684954674	113
-0.12129540267024	1.27960847376175	24
0.0216359816337	1.86623336021059	24
-0.0354203741545101	1.58640090845537	101
0.00879997521194009	0.695340728531382	552
0.0611873140018699	0.576162678907346	101
0.0641062582252101	0.57783656828618	22
0.06262627398235	0.575986404326764	178
0.0646800402191901	0.577244755259019	1188
0.0657099078937999	2.25370610371487	216
0.0600305781509101	0.573563297385593	1692
0.0951471351197199	1.23625138880332	216
0.10626139601011	1.95827479456708	216
0.07136368712174	1.39186412367924	101
-0.10997550335241	1.62080578284225	552
0.06497186902393	0.578443560062359	101
0.0569167499116701	0.572884622733256	206
-0.10995938145541	1.51864218055051	1243
0.0289558159874299	1.75518900985868	216
-0.0264440542692901	0.84186106173337	216
-0.1010647472069	1.83769491263366	216
0.00639676878278994	0.694338750578675	455
-0.0252859310370499	0.844330995209208	24
0.0021477801918599	0.690181006466159	552
-0.0384860867812999	1.58254994390142	552
0.12459802824399	1.05820696788117	552
-0.0408220035090101	1.00756071182628	1493
0.06262627398235	0.575986404326764	117
0.0655456320514201	0.577850509647929	165
0.0652629153297899	0.577331121752138	165
0.06176150416243	0.575573951673107	649
-0.0244344548276501	0.843641054220566	216
-0.04445016344627	1.90605096579607	216
0.0613246137091299	1.37145588069719	58
0.06497186902393	0.578443560062359	58
-0.03980728984936	1.32573589149698	101
0.00293242809066996	0.690747702125752	22
0.00242337421849004	0.689036040188378	22
0.0603221792564701	0.575449353150941	22
0.05888204034268	0.572802709197407	206
0.0577788389210201	0.573295283481806	1188
0.0520564219683599	0.568835833916539	1188
0.12182535917109	1.05619026747191	216
0.0950157473862501	1.23728734428266	649
0.0611873140018699	0.576162678907346	1692
0.00242337421849004	0.689036040188378	216
-0.10627700983712	1.5198725105969	216
-0.04146648203107	1.1762863521231	24
-0.0484742236754401	1.67552750623366	58
0.06012134843669	0.574818428531195	552
-0.10776261567406	1.7251032414685	552
0.06962651355507	0.579182253156176	539
0.0611873140018699	0.576162678907346	101
0.060612918568	0.574810701056327	1188
0.0611873140018699	0.576162678907346	165
0.05974779582566	0.574099743860578	113
-0.0336674886433099	0.832295298127077	216
0.05629180325527	2.21682568386936	24
-0.0236567208437399	0.845162682271321	552
-0.0369842523139201	1.01236601338167	552
0.00104777080569995	0.690276905484279	101
0.0678976197735399	0.578952002833974	539
0.0687623835620801	0.579389020639623	337
0.06291742676874	0.576696640316621	206
0.0583969630091099	0.572999917193612	414
0.06176150416243	0.575573951673107	20
-0.0341724398557499	1.01778620114782	216
0.0646800402191901	0.577244755259019	1319
0.0655456320514201	0.577850509647929	1692
0.0577788389210201	0.573295283481806	24
-0.0337788279584299	1.18676245759182	58
0.0034625113848501	0.691203628034591	58
0.0736150949287999	1.39647298622565	552
-0.0228791096204799	0.846331341436971	552
-0.0192438689004599	0.849917599567846	552
0.0108871990781401	0.69661470718865	1493
0.0644809332360901	0.576099294885397	22
0.06069635629646	0.575154297721853	539
0.0655456320514201	0.577850509647929	117
0.06069635629646	0.575154297721853	117
0.060612918568	0.574810701056327	165
-0.09386496948558	2.4764701028207	1243
-0.11822055653765	1.28641592848119	216
-0.10030538923019	1.83893726049387	216
0.0577470256334101	1.53420694133801	216
-0.0352554203602899	1.33046320882397	24
-0.03825261508503	1.00980955287592	58
-0.11010810215949	1.62111226822131	552
-0.00110196372153992	0.687849919556878	22
0.0611873140018699	0.576162678907346	22
0.0611873140018699	0.576162678907346	206
0.06641060189182	0.578095540716024	117
0.0623431977133699	0.575344807364201	262
-0.0276250797372599	1.34398197225618	109
0.06176150416243	0.575573951673107	24
-0.11719173832039	1.28645207661294	24
0.0621836107824301	0.574223274299761	216
-0.04865686024043	1.78581742783549	58
0.0586403009672001	0.57341570515588	58
-0.03373581658541	1.01838826656207	58
-0.04237548098596	1.45229315972546	58
0.0620101486700899	1.53929699857532	185
0.0021477801918599	0.690181006466159	552
0.0611873140018699	0.576162678907346	101
0.0614779765006099	0.575223127248405	206
0.06497186902393	0.578443560062359	206
0.08798832503195	2.05579779115983	76
-0.0236567208437399	0.845162682271321	113
-0.02401632123304	0.841811784030794	216
-0.12190101358283	2.27390824589892	24
-0.03300116325666	1.0208400080725	24
0.0112451020125199	1.96006614654527	185
-0.11165966186777	1.40978148307304	101
0.0598283196599401	1.36872536516499	552
-0.12371367376136	1.15336228273561	1493
0.0611873140018699	0.576162678907346	22
0.00614341202314006	0.692818894948525	22
0.05547870129105	0.571841073068374	206
-0.02574852595563	0.84202843921497	76
-0.0256826416939	1.02695083098702	76
-0.03186747547042	1.46927940009608	216
-0.11766354376717	1.39756140730876	113
-0.0405295121234099	1.69394989077715	58
0.0034625113848501	0.691203628034591	58
-0.0239364981826899	0.845377008358032	101
0.0106358549961301	0.695552144813358	101
-0.00397991169439993	0.684126348015788	22
-0.0376583312218199	1.32809602428484	101
0.0563414332457799	0.572549276189887	539
0.0108871990781401	0.69661470718865	206
0.06262627398235	0.575986404326764	569
0.01010806773565	0.696373336398546	76
0.0498476308028799	1.5169755660701	76
0.0603221792564701	0.575449353150941	76
0.000267110137720072	0.689273684954674	109
0.00240222692252989	0.689086956927602	109
-0.0285964505073999	0.839712375171565	58
0.0598344987371999	0.574552074754926	185
0.0726068541476901	1.39506820378002	552
0.00639676878278994	0.694338750578675	552
0.00455532885968002	0.691509463795607	552
0.0106358549961301	0.695552144813358	552
-0.0418856140906301	1.32067082942624	101
0.0655456320514201	0.577850509647929	101
0.00182762709119011	0.690977558044493	569
-0.04202854400456	1.17514434719209	133
0.00553133286710006	0.693014411465741	216
-0.0341724398557499	1.01778620114782	24
0.00922713383460994	0.694290260477063	552
-0.00188366104490001	0.687285853301533	552
0.0655456320514201	0.577850509647929	552
0.00859470432848997	2.17684117078679	1417
0.0589258736977201	0.572664523314965	76
-0.12175277044733	1.38545029015114	133
0.0842756395934901	1.22156664426889	216
-0.0399506930008	1.01028165416902	109
-0.02278891735914	0.845427397951457	216
-0.0320600750648601	1.19045017433263	216
-0.0393737168472299	1.45523567023866	58
0.06262627398235	0.575986404326764	58
-0.0339218852296901	1.33635377351624	185
0.05668786487255	0.571332871837485	552
0.0693149226970999	1.39106101501417	552
-0.0431745434758499	1.57192600174551	552
0.000796253389989898	0.688787241678732	101
0.0658368577022399	0.578688566094146	101
0.0577788389210201	0.573295283481806	178
0.0762685269141301	1.40054464284633	206
0.0614779765006099	0.575223127248405	414
0.00528185102601997	0.691948679154516	569
0.0705017347268999	1.39029137778396	1243
-0.0350459408752399	1.01378426761068	76
0.06677413297666	1.38571258990972	76
0.12425402639587	1.05809511809013	216
0.00879997521194009	0.695340728531382	185
0.00260667546849991	0.691415486937782	552
0.00561416805771997	0.693634697863814	552
-0.00319638715160009	0.685195352755621	101
0.00338491240400995	0.691555507421072	30
0.0687623835620801	0.579389020639623	733
0.0514733542638699	1.52009799540229	1243
-0.02883551526799	1.02421732482948	76
-0.0323942505704999	1.18991771254478	76
-0.0197584206141701	0.847504569038303	216
0.12058244703621	1.05184324435596	216
-0.03300116325666	1.0208400080725	109
0.11519085776841	1.83291560172947	24
-0.0230534298940199	0.844213869000594	552
0.0021477801918599	0.690181006466159	22
0.060612918568	0.574810701056327	539
0.06641060189182	0.578095540716024	539
0.00320831641663011	0.689829279676215	178
0.00528185102601997	0.691948679154516	178
0.0611873140018699	0.576162678907346	34
-0.03132780159534	1.02024451129003	206
0.0563414332457799	0.572549276189887	206
0.00907564491784996	0.694063919515537	30
-0.0330786187829799	1.19107465549516	76
-0.03053838020491	1.02274595280914	76
0.0697771799939999	1.39125816390939	76
0.0878046293406401	1.22611573668824	316
-0.03250914084671	1.01978881304927	216
0.0941645127161801	1.23685748622363	216
0.01594993063691	2.20018220571032	58
-0.03132780159534	1.02024451129003	747
-0.00669854130276004	0.68182628643706	747
0.05897200973491	0.573334925553979	539
0.06641060189182	0.578095540716024	178
0.06497186902393	0.578443560062359	206
0.00477585205490994	0.690733785453618	34
0.0611873140018699	0.576162678907346	563
0.11216358618821	1.97241514858375	76
-0.11451193476854	1.61010056914915	1319
0.00586765213810003	0.693882064620264	109
0.0673239464909801	0.577596717444378	216
-0.0418183635789	2.01348468278102	58
-0.0323548552173101	1.18972911944146	185
-0.0216258510894201	0.847367504278335	185
0.06262627398235	0.575986404326764	539
0.0623431977133699	0.575344807364201	206
0.06176150416243	0.575573951673107	1352
-0.0212712509728401	0.846503736407213	216
-0.0192438689004599	0.849917599567846	552
0.12343976830037	1.05772263347813	552
0.00970716618153	1.955970719604	552
0.0611873140018699	0.576162678907346	178
0.0678976197735399	0.578952002833974	563
-0.0513601117379101	1.88591437746788	76
-0.0919967542182001	1.85699057192257	133
-0.0187689361233101	0.850059205901264	1319
0.00879997521194009	0.695340728531382	109
0.00939760889774011	2.28661845287324	24
-0.03300116325666	1.0208400080725	185
-0.0378150765557801	1.01112401058991	552
-0.03470641375463	1.01834615735106	552
0.00129886233226006	0.689668705776789	552
0.0594564119373	0.574146809919677	101
0.0103784801640401	2.18727851676717	76
-0.0501362205687299	1.55249843247416	76
0.0592594715086701	0.574216413367679	133
0.0728308442207	2.14443127624281	216
0.0641062582252101	0.57783656828618	316
-0.11130223398067	1.51590590872034	216
0.0687623835620801	0.579389020639623	24
-0.0297433932061799	0.835579442613779	24
-0.11609410690975	1.39871535062269	24
0.0781509977033601	1.40565686884742	185
0.0586403009672001	0.57341570515588	552
0.07643217502814	1.40064441563473	101
-0.0373186941068	1.33024151593795	552
0.06381382996212	0.576020696597725	539
0.0658368577022399	0.578688566094146	101
-0.0253954732102799	1.02690934853375	1319
-0.0203202227484101	0.8475433058154	109
0.00371629100523996	0.691087358930325	1092
0.0693358401298201	0.578796394975642	216
-0.11311385061803	1.51213846205073	185
0.0878046293406401	1.22611573668824	185
-0.0481695789066801	1.67506305630181	552
0.05888204034268	0.572802709197407	101
-0.03891903974711	1.1820245943013	216
0.0670322258031899	0.5778351002051	216
0.11980277819786	1.04728936331719	109
-0.0350025087180399	1.0172887324341	58
-0.0280864321038701	0.838212550737699	58
0.06497186902393	0.578443560062359	552
0.0652629153297899	0.577331121752138	337
0.06497186902393	0.578443560062359	337
0.0611873140018699	0.576162678907346	133
0.00795957449314	0.694919046007188	755
-0.0379869944847899	1.01228785882264	58
-0.0450770606914299	1.56763444850724	552
0.0646800402191901	0.577244755259019	34
0.06205222453913	0.576575770191727	30
0.0549723277652701	0.570494376515154	133
0.00110695783841996	0.688764264593948	316
0.0611873140018699	0.576162678907346	316
0.000796253389989898	0.688787241678732	109
-0.03547373295267	1.01628462952598	24
-0.0310986624752001	0.834567828468288	24
0.0600305781509101	0.573563297385593	755
-0.0350882223398501	1.18534150381293	755
0.0603221792564701	0.575449353150941	58
-0.02314753819517	0.843451216755081	58
-0.03497266784276	1.59052599503665	101
-0.0350092462084599	1.70570174669429	708
-0.1188665296381	1.28365546153673	101
0.0991028317259799	1.24310975318918	552
0.06012134843669	0.574818428531195	206
0.0655456320514201	0.577850509647929	30
0.06381382996212	0.576020696597725	54
0.06205222453913	0.576575770191727	2069
0.0563414332457799	0.572549276189887	1173
0.08794486403364	1.22580291258603	133
0.06262627398235	0.575986404326764	133
-0.0353613066924801	1.18793557985708	216
0.000267110137720072	0.689273684954674	755
-0.12468663119989	1.27623421068562	552
0.00801897563274001	0.694425653582333	337
-0.00188366104490001	0.687285853301533	104
0.0641062582252101	0.57783656828618	3252
0.0021477801918599	0.690181006466159	174
-0.0331379630109101	1.33372281476287	216
0.06089635736011	0.57486221118602	216
0.0643979077286201	0.577085966346076	455
0.06654967827022	0.575242689535116	455
-0.02001971393119	0.848845456280035	455
-0.0384681367875801	1.18267036835046	755
0.12345014890616	1.05653700495127	755
0.11894299702314	1.0508192387319	58
-0.02574852595563	0.84202843921497	58
-0.10960814167419	1.62021413762874	185
-0.12301183502941	1.27873132083293	552
0.06497186902393	0.578443560062359	101
0.00104777080569995	0.690276905484279	337
0.06069635629646	0.575154297721853	104
0.06069635629646	0.575154297721853	104
0.06205222453913	0.576575770191727	104
0.0611873140018699	0.576162678907346	2069
-0.04532220990317	1.7894198309825	76
-0.0445907379030801	1.79568249948577	76
0.0598344987371999	0.574552074754926	455
-0.01794490082934	0.848316675910465	133
-0.0428098727657	1.31994824774836	216
0.0658368577022399	0.578688566094146	755
0.0594564119373	0.574146809919677	101
-0.12411032005415	1.15320953978571	185
0.00639676878278994	0.694338750578675	552
0.06291742676874	0.576696640316621	855
0.0611873140018699	0.576162678907346	855
0.06262627398235	0.575986404326764	104
0.06349145731342	0.576107730106197	174
0.0641062582252101	0.57783656828618	1319
0.0615575788057401	0.575397722991523	216
0.0655456320514201	0.577850509647929	216
0.0611873140018699	0.576162678907346	24
0.0655456320514201	0.577850509647929	2571
0.0684710951174199	0.578360020930028	58
-0.03049764400194	1.02190019704782	802
0.06262627398235	0.575986404326764	552
0.0905033608993699	1.22738723812302	552
0.06176150416243	0.575573951673107	552
0.05974779582566	0.574099743860578	855
0.0034625113848501	0.691203628034591	104
0.00455532885968002	0.691509463795607	104
0.06069635629646	0.575154297721853	104
0.0603221792564701	0.575449353150941	104
0.05974779582566	0.574099743860578	54
-0.11409761347847	1.50947005529895	76
-0.02952912880079	1.47332691512874	216
0.0641062582252101	0.57783656828618	755
0.06870474090381	1.38487123029489	755
-0.11095970272323	1.40926680572448	708
0.0603221792564701	0.575449353150941	101
0.0580650230272699	0.573080429177984	337
0.06262627398235	0.575986404326764	337
0.0611873140018699	0.576162678907346	66
0.0982467824167399	1.24236727027024	133
-0.03829684066573	1.81295273484856	216
-0.0323192123324501	1.46965136801211	216
0.0611873140018699	0.576162678907346	316
-0.03128635137458	0.836250840993993	216
-0.0325660030881401	1.01948141358195	24
-0.0408392131177799	1.69322883779391	185
-0.0367073814715599	1.46353059915203	101
0.00561416805771997	0.693634697863814	104
0.06069635629646	0.575154297721853	104
0.06381382996212	0.576020696597725	66
0.06497186902393	0.578443560062359	174
-0.05190731784949	2.18606736755899	76
0.0445808821207501	1.65044419730468	133
0.0658368577022399	0.578688566094146	316
0.05941232094599	1.53540387349012	133
-0.10271995692415	1.63734395211128	24
0.06670122068132	0.578357087896594	24
-0.0285395367419099	1.02594874500187	24
0.06069635629646	0.575154297721853	2571
-0.01829409056027	0.848915648871265	755
0.0603221792564701	0.575449353150941	58
0.09844175168583	2.49659360329283	58
-0.02466692200805	0.842428899147951	101
0.0577788389210201	0.573295283481806	552
0.0563414332457799	0.572549276189887	101
0.0673239464909801	0.577596717444378	101
0.060612918568	0.574810701056327	337
0.0611873140018699	0.576162678907346	337
0.00430116810844994	0.692170239986747	66
0.06205222453913	0.576575770191727	174
0.0708641305828599	1.3921371545184	133
0.00854736828993996	0.694881226930905	216
0.06497186902393	0.578443560062359	216
0.00561416805771997	0.693634697863814	1319
0.0646800402191901	0.577244755259019	216
0.0108871990781401	0.69661470718865	216
-0.0221016225355	0.847224192673576	216
0.0658368577022399	0.578688566094146	755
0.0644809332360901	0.576099294885397	755
-0.0184681593100999	0.850685538190188	58
0.01250753936361	0.696808660965334	2068
0.0681887291410099	0.57803285948981	101
0.0641062582252101	0.57783656828618	101
0.06962651355507	0.579182253156176	30
0.0603221792564701	0.575449353150941	66
-0.0150847873811499	0.852993243464339	133
0.0637537225057501	1.3771873643957	216
0.06262627398235	0.575986404326764	133
0.06205222453913	0.576575770191727	1487
0.0641062582252101	0.57783656828618	2571
0.0021477801918599	0.690181006466159	58
-0.0984544503057401	1.84388900562561	58
0.09529700949921	2.49109546909071	552
-0.03460914794327	1.01646167768443	2068
0.0430010848520499	1.78284582140848	2068
-0.11118000439412	1.61666804528902	101
0.0569167499116701	0.572884622733256	104
-0.0333410946442601	1.01892296828758	104
0.0641062582252101	0.57783656828618	30
0.0614779765006099	0.575223127248405	54
-0.12062641379255	1.39125919294713	133
0.0016173348597599	0.688521459133206	133
0.0603221792564701	0.575449353150941	216
-0.03033285818411	0.835873264178973	216
-0.0247948609399	0.841052967551684	133
-0.12198815679159	1.27908609205672	24
-0.0297265187345399	0.838484660856868	755
-0.03529158766074	1.46425578441467	101
0.0678976197735399	0.578952002833974	552
0.05974779582566	0.574099743860578	270
-0.0270049495987601	0.840146814489466	101
0.06012134843669	0.574818428531195	337
0.05547870129105	0.571841073068374	1995
0.06205222453913	0.576575770191727	104
0.0614779765006099	0.575223127248405	54
-0.1201833119395	2.28509561414667	76
0.0681887291410099	0.57803285948981	133
0.06266602934731	0.575258394733933	216
0.0722430639585501	1.38725076566734	216
-0.11531205669117	1.50590600812912	133
-0.04171068328863	1.575317387897	133
0.0658368577022399	0.578688566094146	1487
-0.0216258510894201	0.847367504278335	216
-0.0298092057466099	1.02496540075091	216
-0.04946846519469	1.55455716685609	58
0.0655456320514201	0.577850509647929	58
0.0294908380543899	1.88385923433463	101
-0.04065345411568	1.32058621904565	185
0.03184031566616	1.88955974245414	185
-0.0189429099835801	0.84978559568269	2068
0.06205222453913	0.576575770191727	855
0.06534125771432	0.575894811260888	337
0.0641062582252101	0.57783656828618	54
0.06176150416243	0.575573951673107	54
-0.0158907107746999	0.852013451102087	216
0.0641062582252101	0.57783656828618	216
-0.10436450408392	1.6307762717046	216
-0.02335523777402	0.84543378068884	133
-0.00722830605342995	0.681462283210961	1487
-0.0272552673853099	0.840759287519653	1487
-0.02447559260279	0.844726504227221	755
0.0592594715086701	0.574216413367679	58
-0.026861744099	0.842780078427935	58
0.0560887164260999	1.5304166891207	552
0.0603221792564701	0.575449353150941	270
0.0611873140018699	0.576162678907346	337
0.00717857209743	0.694778656366304	104
0.060612918568	0.574810701056327	66
0.0583969630091099	0.572999917193612	66
0.06089635736011	0.57486221118602	66
0.0614779765006099	0.575223127248405	2458
0.00422639727205998	0.691131199114982	1341
0.0182778558830901	1.97601879778439	133
-0.0234116497625301	0.843599196058389	216
-0.03845591429756	1.32336486846846	1487
0.0050037967721599	0.691704308048797	216
-0.0254461494376801	0.841896213690955	755
-0.1177287070927	1.39529939209369	552
0.0614779765006099	0.575223127248405	337
0.05720354168202	0.572959867621651	337
-0.02668874855927	0.841221918335372	337
0.06205222453913	0.576575770191727	54
0.06262627398235	0.575986404326764	1609
0.0672749461620601	0.577766096078519	455
0.0560540375112599	0.572176134773053	1487
0.00110695783841996	0.688764264593948	216
-0.04448552383913	1.31407803812674	58
0.00879997521194009	0.695340728531382	802
0.0938650170259701	2.06841029974736	101
0.00508480701770009	0.693178123428776	552
0.09911059974383	1.24111451672109	2068
-0.0496221046182701	1.67212995055502	270
0.0022518070064701	0.688544685528323	101
0.0569167499116701	0.572884622733256	337
0.06324002887349	0.576609113923133	104
0.06497186902393	0.578443560062359	441
0.0034625113848501	0.691203628034591	54
0.0603221792564701	0.575449353150941	411
-0.09923048160757	2.45872585799917	76
0.0615575788057401	0.575397722991523	133
0.0577788389210201	0.573295283481806	216
-0.0417127651631699	2.11496921656303	133
0.07453550535981	1.39577147795709	216
-0.03413164502861	1.01846155485245	58
0.0681887291410099	0.57803285948981	101
0.0420726749836799	1.64807867039339	101
-0.0364178527638901	1.4606135269299	101
-0.04116609347728	1.80333513030066	58
-0.11409761347847	1.50947005529895	552
0.0658368577022399	0.578688566094146	104
0.06069635629646	0.575154297721853	104
0.06381382996212	0.576020696597725	174
0.0641062582252101	0.57783656828618	277
0.00854736828993996	0.694881226930905	455
-0.00291906238001993	0.684943536509662	1487
0.0021477801918599	0.690181006466159	216
-0.03941909128406	1.32732437958496	216
-0.11363885189244	1.29325406823023	58
0.0342768208025299	1.76359683976238	58
-0.020848758066	0.848002492808298	1100
-0.11605194398883	1.40061686378502	101
-0.0228791096204799	0.846331341436971	2068
0.06349145731342	0.576107730106197	337
0.0603221792564701	0.575449353150941	104
0.00854736828993996	0.694881226930905	1341
-0.11051073208647	1.90341815616173	133
-0.09307184161282	2.04466130247095	133
-0.03816142346931	1.00676522914213	216
0.06205222453913	0.576575770191727	216
0.0611873140018699	0.576162678907346	216
-0.0282954238390301	1.02519932208546	755
-0.03631210587617	1.01526905704316	755
-0.02668709752695	1.34800969395772	58
-0.0418856140906301	1.32067082942624	552
-0.0322401061408399	1.33732693278474	2068
0.0741312248558099	1.39187072416823	2068
0.0034625113848501	0.691203628034591	337
0.06205222453913	0.576575770191727	337
0.06089635736011	0.57486221118602	337
0.06497186902393	0.578443560062359	104
0.0643979077286201	0.577085966346076	54
0.06205222453913	0.576575770191727	54
0.00110695783841996	0.688764264593948	216
-0.00110196372153992	0.687849919556878	277
0.00776580727452991	0.693312854527834	133
0.06205222453913	0.576575770191727	455
0.06089635736011	0.57486221118602	216
-0.0192438689004599	0.849917599567846	216
0.0999596133937499	1.24341040190163	755
-0.03895890954676	1.32762691894533	755
-0.00319638715160009	0.685195352755621	755
0.060612918568	0.574810701056327	58
0.1118659930544	1.97255112601428	802
0.06733117929084	1.54843844695345	1100
-0.0376297949151501	1.18106238561951	552
0.00351673890245996	0.690531410020346	270
0.0635322778785099	0.576480757103141	270
0.06012134843669	0.574818428531195	270
0.0611873140018699	0.576162678907346	337
-0.00135378827224009	0.68680319900825	337
0.060612918568	0.574810701056327	337
0.00293242809066996	0.690747702125752	104
0.0684710951174199	0.578360020930028	54
-0.0335176947228	1.1841044285223	1341
0.0569167499116701	0.572884622733256	216
-0.0355404823568299	1.01668428501588	216
-0.0221016225355	0.847224192673576	277
0.0655456320514201	0.577850509647929	133
-0.1086000299186	1.62327980139433	133
-0.0451155326677699	1.44411709102136	216
0.0990908315918999	1.94263318841206	216
0.0641062582252101	0.57783656828618	216
-0.0159435037398701	0.851716564930074	755
0.00692576864066008	0.693521170574345	101
-0.0367073814715599	1.46353059915203	708
-0.0347320829009701	1.33235864206814	802
0.00424613030137011	0.691543070982657	101
0.12044475447526	1.04908755977332	552
0.0560540375112599	0.572176134773053	101
0.06262627398235	0.575986404326764	337
0.0592594715086701	0.574216413367679	337
0.00932812295723995	0.695796600619346	66
-0.10541752524186	2.00500886674789	133
-0.0370725875593301	1.01571172266306	216
-0.10411671108251	1.52825885067048	133
-0.03411379499183	1.18660560078138	755
-0.0350882223398501	1.18534150381293	755
0.0127582019348	0.695516704903893	755
0.0718214959260799	1.39275872277681	755
0.0611873140018699	0.576162678907346	58
0.000208317397720093	0.687704069862097	58
0.00614341202314006	0.692818894948525	58
-0.10042338236621	1.64276933442232	58
0.0345563652311001	1.76551586860204	552
0.06291742676874	0.576696640316621	101
0.0569167499116701	0.572884622733256	54
-0.0300923649208	1.34095098910479	1341
-0.0391765206666801	1.011511329772	216
0.0655456320514201	0.577850509647929	277
0.00561416805771997	0.693634697863814	1487
-0.0432043561583	1.31802665556196	755
0.1002846268397	1.24426716576439	755
0.08695650926004	1.224977278585	755
0.00476611608854993	2.05386133404453	58
0.00207815834684011	0.690106296456495	1100
-0.10837693712528	1.51735204163783	552
0.0305992175823799	1.88448297593799	552
-0.0261521377184599	1.1984827836554	101
0.00692576864066008	0.693521170574345	337
0.00104777080569995	0.690276905484279	1006
0.06291742676874	0.576696640316621	66
0.0098273982114101	1.95530605593047	133
0.10678041459591	2.39186079510078	133
0.07794074998803	1.40198533322013	216
0.06497186902393	0.578443560062359	1487
0.06176150416243	0.575573951673107	1487
-0.02460960247716	0.842160917444737	755
-0.02001971393119	0.848845456280035	755
0.03883084825829	1.77691289551597	58
-0.11525071461509	1.50776057592394	802
-0.10271321652574	1.63514755556001	802
0.06077865504196	1.53259291853787	270
0.06205222453913	0.576575770191727	55
0.06012134843669	0.574818428531195	104
0.0140616339911499	0.696899566976055	104
0.00770732772680005	0.693960311466429	104
-0.00274460343385008	0.685910218671815	104
0.060612918568	0.574810701056327	54
0.0463915745032599	1.65637947325219	76
-0.12030254454852	1.39145324986044	2974
0.00614341202314006	0.692818894948525	277
-0.0158907107746999	0.852013451102087	216
-0.0271643311480201	0.842115585187827	1023
-0.0281801519515901	1.02446884781171	755
0.04244725420281	1.64942868021704	58
0.0795283353665699	1.4064774709087	58
-0.04721744129301	1.56147801108455	708
-0.02335523777402	0.84543378068884	552
0.0655456320514201	0.577850509647929	104
0.0563414332457799	0.572549276189887	1006
0.0693358401298201	0.578796394975642	89
-0.1244238451007	1.27540323345013	133
-0.0264407829671001	1.48116289935562	277
0.0896489949296599	1.2297473530476	652
-0.0308434049824999	1.02062511104928	133
0.0230045337598901	1.86660582484565	58
-0.11196022512054	1.51528967033386	58
-0.12000604766323	1.281604867299	708
0.0723773854910701	1.39595078346765	552
0.06670122068132	0.578357087896594	337
0.0644809332360901	0.576099294885397	104
0.0611873140018699	0.576162678907346	66
-0.02394483596926	1.02716862088526	133
0.0338121627254699	1.76390986249408	58
0.12101874559855	1.05496844004333	708
-0.11564768700649	1.40274753353497	708
0.0508545660137501	1.66273957155927	802
-0.0296668820974999	1.0232126458001	101
0.0603221792564701	0.575449353150941	101
-0.02001971393119	0.848845456280035	101
0.06205222453913	0.576575770191727	101
0.06262627398235	0.575986404326764	30
0.06012134843669	0.574818428531195	30
0.01328500148018	0.697187150392228	30
0.0678976197735399	0.578952002833974	1152
0.06641060189182	0.578095540716024	66
-0.11951749897673	1.2819942304307	76
0.0876877149159101	1.22482294945968	133
-0.09381104683886	1.65327428372283	216
-0.0331401679307	1.70741119891715	277
0.0657251041571001	1.54088676250463	277
-0.0310173133746701	1.47413822471286	133
-0.03817247712839	1.45628459829354	216
0.05650810071299	1.52913577940632	216
-0.0292512974493999	1.19471726541812	58
0.12218556558947	1.05343051193385	58
-0.02346534425963	0.845877160255437	802
0.12413767852925	1.05547351078633	101
0.0715696936505801	1.39547321392183	552
0.00578037230131989	0.691945200810439	552
-0.0305063783794	0.837494860161703	270
0.060612918568	0.574810701056327	101
0.0658368577022399	0.578688566094146	1006
0.06324002887349	0.576609113923133	1152
-0.026861744099	0.842780078427935	216
0.06069635629646	0.575154297721853	277
-0.03097425524818	1.02141585730491	133
0.0684710951174199	0.578360020930028	133
0.0872650384139499	1.22042336342818	1487
0.0641062582252101	0.57783656828618	1487
0.0684710951174199	0.578360020930028	133
0.0623431977133699	0.575344807364201	58
0.00129886233226006	0.689668705776789	58
0.09459017261091	1.23754184803375	58
-0.0436249700084701	1.57191469384112	708
-0.12193312927136	1.38890309084497	708
-0.03424471626877	1.5922257953007	101
-0.03205466216333	1.1872233323279	101
-0.0359379122119601	1.01559883109104	101
-0.02672597982046	1.34377615362581	101
0.0890984326183999	1.22998157040878	101
-0.1188665296381	1.28365546153673	270
0.06612729710276	0.577002863033466	270
0.06497186902393	0.578443560062359	270
0.0673239464909801	0.577596717444378	2474
0.0687623835620801	0.579389020639623	1006
0.0015766669606001	0.689788385908174	1152
0.0658368577022399	0.578688566094146	66
0.0603221792564701	0.575449353150941	54
0.0614779765006099	0.575223127248405	909
-0.0968349919154801	1.94233220360867	216
0.0684710951174199	0.578360020930028	277
-0.10903263489742	1.41146729255406	216
0.12263236673022	1.05710853341237	277
0.0106358549961301	0.695552144813358	277
-0.0187689361233101	0.850059205901264	133
0.060612918568	0.574810701056327	133
0.00932812295723995	0.695796600619346	1487
0.00189292169615007	0.689841585471618	58
-0.10316258908722	1.924319749332	58
0.1186006903685	1.83702377295814	552
0.0611873140018699	0.576162678907346	270
0.00371629100523996	0.691087358930325	337
0.0641062582252101	0.57783656828618	55
0.0678976197735399	0.578952002833974	836
0.06497186902393	0.578443560062359	55
0.0643979077286201	0.577085966346076	104
0.05974779582566	0.574099743860578	1152
0.0592594715086701	0.574216413367679	909
0.0577788389210201	0.573295283481806	755
0.0560540375112599	0.572176134773053	58
0.06291742676874	0.576696640316621	802
0.0611873140018699	0.576162678907346	337
0.06291742676874	0.576696640316621	337
0.0560540375112599	0.572176134773053	55
0.00320831641663011	0.689829279676215	1341
0.06291742676874	0.576696640316621	2974
0.0611873140018699	0.576162678907346	216
-0.0347761832834399	0.831490869016852	755
0.0021477801918599	0.690181006466159	1777
-0.0024136509886199	0.68598507205861	58
0.0851056446380401	1.40969264960272	708
-0.03490765863769	1.1884448013988	708
-0.0435509751858101	1.56856571329072	101
0.0748833645289799	1.39826742017227	101
0.0021477801918599	0.690181006466159	55
0.0646800402191901	0.577244755259019	3243
0.000796253389989898	0.688787241678732	3243
0.0603221792564701	0.575449353150941	1982
0.00879997521194009	0.695340728531382	216
-0.02638634591753	0.843284064989319	133
0.06012134843669	0.574818428531195	58
-0.10683841371533	1.81967902983184	552
0.0641062582252101	0.57783656828618	101
-0.12084553331406	1.28018196637255	101
0.0611873140018699	0.576162678907346	101
0.0611873140018699	0.576162678907346	101
0.000796253389989898	0.688787241678732	337
0.0569167499116701	0.572884622733256	337
0.06176150416243	0.575573951673107	836
0.00827171168379004	0.693669391229875	668
0.0611873140018699	0.576162678907346	116
0.0594564119373	0.574146809919677	89
0.0621836107824301	0.574223274299761	89
-0.12028052535534	1.28240450964086	133
0.0824833078217999	1.2139753923415	216
-0.0342283364231699	1.18637431352932	216
-0.03737288034328	1.17860708579336	277
-0.02240306986885	0.846475145188653	277
0.00932812295723995	0.695796600619346	133
0.00313507705548011	0.690925092944883	802
0.06291742676874	0.576696640316621	101
0.00399247684920989	0.690394720161163	101
0.0586403009672001	0.57341570515588	101
0.0614779765006099	0.575223127248405	373
-0.0319111766143001	0.834001058598867	337
0.0687623835620801	0.579389020639623	1152
0.0611873140018699	0.576162678907346	441
0.0637820113037599	0.576275963644178	81
0.0635322778785099	0.576480757103141	81
0.06176150416243	0.575573951673107	216
0.00614341202314006	0.692818894948525	277
0.0611873140018699	0.576162678907346	133
-0.1014276198033	1.74073352095732	652
0.0697799318871299	1.3905429961863	755
0.0781509977033601	1.40565686884742	755
0.00136235077006996	0.689385845375163	101
0.0569167499116701	0.572884622733256	373
0.06069635629646	0.575154297721853	55
0.0643979077286201	0.577085966346076	1152
-0.11060749375147	1.51135797095583	133
-0.02610240926659	0.841207997418867	216
-0.03466736941465	1.33105168886883	216
0.0684710951174199	0.578360020930028	1982
-0.03859916128014	1.00828444267472	133
0.12251699807783	1.05361639620141	133
-0.0271643311480201	0.842115585187827	509
-0.00266615035100992	0.686494356169944	755
0.05720354168202	0.572959867621651	755
-0.03937261298483	1.32335175130418	755
0.00399247684920989	0.690394720161163	58
0.10565561885281	1.96172853234603	708
0.06291742676874	0.576696640316621	270
0.0681887291410099	0.57803285948981	337
0.05461534937901	0.570549366404683	1152
-0.0221016225355	0.847224192673576	133
0.0644809332360901	0.576099294885397	277
0.0614779765006099	0.575223127248405	133
0.06497186902393	0.578443560062359	133
0.00318633412263991	0.68942663980602	216
0.00854736828993996	0.694881226930905	216
-0.00213603101148996	0.686013215629264	133
0.01010806773565	0.696373336398546	755
0.0641062582252101	0.57783656828618	755
0.0644809332360901	0.576099294885397	101
0.0323775824405399	1.76186258869341	101
-0.12384953347977	1.27761894505791	101
0.06349145731342	0.576107730106197	101
0.00561416805771997	0.693634697863814	101
0.0603221792564701	0.575449353150941	588
-0.02054702631205	0.848219007755662	216
-0.0272336583100701	1.34331514653643	216
0.0522608195775001	2.44522188267791	652
-0.00135378827224009	0.68680319900825	133
-0.0237141504041001	0.843467255470174	133
0.00932812295723995	0.695796600619346	162
0.0684710951174199	0.578360020930028	1023
0.00614341202314006	0.692818894948525	755
0.05720354168202	0.572959867621651	58
0.06176150416243	0.575573951673107	58
-0.02625681082653	1.47910357048067	58
-0.0339957539289699	0.832728120709446	802
0.00639676878278994	0.694338750578675	101
0.05897200973491	0.573334925553979	101
0.0643979077286201	0.577085966346076	55
-0.02491111939303	0.842746604380007	55
0.06205222453913	0.576575770191727	81
-0.0370725875593301	1.01571172266306	216
-0.0296668820974999	1.0232126458001	216
0.0658368577022399	0.578688566094146	277
0.05224261954599	1.66678652924081	277
-0.02668874855927	0.841221918335372	216
0.0034625113848501	0.691203628034591	133
0.0563414332457799	0.572549276189887	216
0.05974779582566	0.574099743860578	216
-0.01226751074814	0.854443277252649	162
-0.02560848540561	0.844177725594026	509
0.0666531954485201	1.38390473277875	509
-0.02560848540561	0.844177725594026	802
0.0577788389210201	0.573295283481806	802
-0.0378150765557801	1.01112401058991	185
0.00338491240400995	0.691555507421072	185
-0.12037467875425	1.39311821738399	101
-0.00274460343385008	0.685910218671815	101
0.0611873140018699	0.576162678907346	270
0.0641062582252101	0.57783656828618	101
-0.0341724398557499	1.01778620114782	55
0.06205222453913	0.576575770191727	522
0.0563414332457799	0.572549276189887	55
0.00717857209743	0.694778656366304	55
0.06176150416243	0.575573951673107	2239
0.06205222453913	0.576575770191727	157
0.0676057200529201	0.577246124018883	133
-0.03067154681177	1.191960224059	133
-0.0496555934090499	1.78154298191022	162
0.0560540375112599	0.572176134773053	755
0.06205222453913	0.576575770191727	1023
-0.0333410946442601	1.01892296828758	755
-0.02401632123304	0.841811784030794	185
-0.02652771536146	0.841038919394943	185
0.00110695783841996	0.688764264593948	522
0.0592594715086701	0.574216413367679	81
-0.12303360490814	2.35703892344079	76
-0.0333228399671499	1.46540434541589	133
0.06089635736011	0.57486221118602	216
-0.0197188889134201	0.849018090222835	133
0.00561416805771997	0.693634697863814	509
-0.02240306986885	0.846475145188653	1519
0.06497186902393	0.578443560062359	58
0.0906172511335299	1.23363813633929	185
-0.0326013477198299	1.02171068889621	185
0.0655456320514201	0.577850509647929	802
0.0643979077286201	0.577085966346076	101
0.00905214681657007	0.694244873174396	101
0.0643979077286201	0.577085966346076	270
0.00586765213810003	0.693882064620264	373
0.0603221792564701	0.575449353150941	588
0.0641062582252101	0.57783656828618	588
-0.00110196372153992	0.687849919556878	54
-0.0361262409037999	1.46230968382395	133
0.00795957449314	0.694919046007188	1341
0.00553133286710006	0.693014411465741	216
-0.0210223480787299	0.847320953701979	216
-0.0221859140365499	0.84607433395072	216
0.0103595415191	0.696159140742934	133
0.0714026860101	0.577930364912159	133
-0.02638634591753	0.843284064989319	162
0.0900768497655699	1.22636449123449	1023
-0.0312791919028901	1.01929990450087	509
-0.0321045813726	1.71279424841792	185
0.11527225398211	1.0446933464464	185
0.0563414332457799	0.572549276189887	185
0.06205222453913	0.576575770191727	270
0.12217242219931	1.05393988772825	270
0.06176150416243	0.575573951673107	373
0.0655456320514201	0.577850509647929	2743
0.06089635736011	0.57486221118602	114
0.0614779765006099	0.575223127248405	1152
0.00110695783841996	0.688764264593948	1755
0.0615575788057401	0.575397722991523	81
0.06176150416243	0.575573951673107	216
0.06176150416243	0.575573951673107	133
-0.0187689361233101	0.850059205901264	133
-0.10740363593998	1.52437674478768	133
0.060612918568	0.574810701056327	509
0.00267810736268004	0.690636942339763	755
-0.0270049495987601	0.840146814489466	755
-0.11973214620648	1.39000186834352	1737
-0.11738043801523	1.28783189009067	101
0.05974779582566	0.574099743860578	337
-0.0187689361233101	0.850059205901264	337
-0.0302610989348799	1.19155248488802	2643
-0.0184681593100999	0.850685538190188	2643
-0.0545281921074701	1.87583822694197	185
0.0885415888307799	1.22526055375799	802
0.0614779765006099	0.575223127248405	101
-0.02001971393119	0.848845456280035	101
0.0646800402191901	0.577244755259019	337
0.00717857209743	0.694778656366304	337
0.00717857209743	0.694778656366304	55
0.0603221792564701	0.575449353150941	54
0.06089635736011	0.57486221118602	81
0.0611873140018699	0.576162678907346	133
-0.01954451230501	0.848987615586173	509
0.0611873140018699	0.576162678907346	509
0.00770732772680005	0.693960311466429	509
0.00293242809066996	0.690747702125752	509
0.0609825901857599	0.575061904640739	509
0.06262627398235	0.575986404326764	2643
-0.10318170705525	1.73552168774628	185
0.06019559031696	1.53960521141572	185
-0.00188366104490001	0.687285853301533	101
0.06205222453913	0.576575770191727	55
0.06390623522406	0.575763852388588	55
0.06381382996212	0.576020696597725	1152
0.00182762709119011	0.690977558044493	1789
-0.10024602803159	2.11201462676486	133
0.12090615842183	1.05179708294221	216
-0.0274248799763099	1.19655628515244	133
0.0551907052804701	0.570883719304841	901
0.00932812295723995	0.695796600619346	133
0.06381382996212	0.576020696597725	133
0.0896489949296599	1.2297473530476	133
0.0600305781509101	0.573563297385593	509
-0.03097498446443	1.19165259784083	1023
0.0598344987371999	0.574552074754926	509
-0.11522133001775	1.50319913173069	185
-0.02257748212948	0.846325955266984	185
0.06262627398235	0.575986404326764	114
0.0655456320514201	0.577850509647929	1152
0.00561416805771997	0.693634697863814	133
-0.00135378827224009	0.68680319900825	1341
0.06654967827022	0.575242689535116	133
0.06176150416243	0.575573951673107	133
0.00450412691879998	0.691039692171147	509
0.0635322778785099	0.576480757103141	2643
-0.0300923649208	1.34095098910479	1737
-0.0292512974493999	1.19471726541812	185
0.1222848030742	1.05488780968856	185
0.0569167499116701	0.572884622733256	337
0.06324002887349	0.576609113923133	337
0.06324002887349	0.576609113923133	114
-0.0005723376404001	0.687366346179128	1152
0.06205222453913	0.576575770191727	1817
0.00717857209743	0.694778656366304	133
0.05933410773255	1.53278104336728	901
-0.01829409056027	0.848915648871265	509
0.0611873140018699	0.576162678907346	185
0.00267810736268004	0.690636942339763	2643
-0.02760597925544	1.02540008956814	1737
-0.11037109775038	1.51809045975655	185
0.0175157649075	2.09180008215095	101
-0.02265669552818	0.846982663609958	185
0.0687623835620801	0.579389020639623	270
0.06497186902393	0.578443560062359	101
0.06324002887349	0.576609113923133	1817
0.06381382996212	0.576020696597725	54
0.00586765213810003	0.693882064620264	1789
-0.02597388479053	0.841323046661068	901
-0.02912976075651	1.02328409016718	509
-0.02401468193252	1.20004577928547	2643
-0.0321471427523301	1.71225857789569	185
-0.11255498138947	1.61235475996569	185
0.0611873140018699	0.576162678907346	337
0.06176150416243	0.575573951673107	114
0.0641062582252101	0.57783656828618	331
-0.03049764400194	1.02190019704782	901
-0.02730969356964	1.02640389049445	755
-0.0354657039417099	1.18556077084633	2643
0.07129214990793	1.38728757652175	185
0.0636199618746001	0.575665599041282	270
0.06349145731342	0.576107730106197	114
0.0678976197735399	0.578952002833974	54
0.0611873140018699	0.576162678907346	81
0.0655456320514201	0.577850509647929	652
0.0586403009672001	0.57341570515588	133
-0.0274159191363801	1.71510172017342	133
0.0580650230272699	0.573080429177984	2643
0.00455532885968002	0.691509463795607	2643
0.06570642336551	2.25285135684898	101
-0.0494712681485801	1.99557960908515	101
0.00371629100523996	0.691087358930325	114
0.06670122068132	0.578357087896594	1152
0.0641062582252101	0.57783656828618	1152
0.0627583472834601	0.574558056795105	1789
0.0655456320514201	0.577850509647929	133
0.0130344704231	0.697263181278941	216
0.10936440437189	1.9693539019623	652
0.0641062582252101	0.57783656828618	133
-0.0391765206666801	1.011511329772	509
0.09178226436601	1.23299906838598	2643
-0.11260020250617	1.40752976494544	185
0.0615575788057401	0.575397722991523	337
-0.00299318838445006	0.685580419011622	55
0.0592594715086701	0.574216413367679	818
-0.03056444594172	1.19200572144008	133
0.00189292169615007	0.689841585471618	901
0.00854736828993996	0.694881226930905	652
-0.0350751144023	1.70281974119692	185
-0.0288452400943899	1.34280522440583	2643
0.11894299702314	1.0508192387319	2643
0.00136235077006996	0.689385845375163	185
0.06205222453913	0.576575770191727	54
0.0658368577022399	0.578688566094146	54
0.0560540375112599	0.572176134773053	54
-0.03053640755793	1.47031651479548	509
-0.04703768194203	1.89877660088859	509
0.09046811704408	2.06422399886935	185
-0.12113904520696	1.27971821930208	185
-0.0324683921453399	1.01939239462527	185
0.0016173348597599	0.688521459133206	78
0.0598344987371999	0.574552074754926	78
0.12263236673022	1.05710853341237	337
0.00879997521194009	0.695340728531382	55
0.0643979077286201	0.577085966346076	55
0.0603221792564701	0.575449353150941	331
-0.0249694509865399	0.842789606194151	54
0.06962651355507	0.579182253156176	133
-0.03348619707443	1.33530903882953	133
0.0676057200529201	0.577246124018883	133
0.0658368577022399	0.578688566094146	652
0.12217242219931	1.05393988772825	133
-0.03733405364691	1.32797142086797	2643
-0.0416564410818401	1.45291141690185	185
0.0551929830806199	1.52630163936121	185
0.12056292498138	1.05157477977395	185
0.06390623522406	0.575763852388588	101
0.00267810736268004	0.690636942339763	337
0.00371629100523996	0.691087358930325	337
0.06349145731342	0.576107730106197	114
0.0658368577022399	0.578688566094146	114
0.06089635736011	0.57486221118602	1817
0.0611873140018699	0.576162678907346	54
0.0643979077286201	0.577085966346076	1789
0.0603221792564701	0.575449353150941	584
0.06304524468309	0.575330243550069	133
0.00692576864066008	0.693521170574345	133
-0.0213242609706901	0.847859591846366	185
-0.00319638715160009	0.685195352755621	2643
-0.10002739802187	1.64086097522814	185
-0.0254461494376801	0.841896213690955	78
0.00717857209743	0.694778656366304	337
0.0673239464909801	0.577596717444378	55
0.0016173348597599	0.688521459133206	55
-0.01721819220653	0.851290049953217	1953
0.0655456320514201	0.577850509647929	54
-0.1249666662947	1.15256494916242	133
0.07213782870121	1.39390729525016	133
-0.0390487343072099	1.01128621252243	133
0.0410650947037901	1.6406645246813	133
0.09533095471457	2.48944283600065	652
0.0658368577022399	0.578688566094146	162
0.00743094700247005	0.694462877643055	162
0.05888204034268	0.572802709197407	185
0.09696636143537	1.24054677090736	509
0.0914750049272699	1.23495093842013	2643
0.0155011327296899	1.96858163639814	185
-0.09543420076472	1.54369292064151	185
-0.0380568978901801	1.18334471146818	802
-0.10987950162798	1.51881812778928	185
-0.00110196372153992	0.687849919556878	78
0.0646800402191901	0.577244755259019	337
0.0520564219683599	0.568835833916539	1052
0.06670122068132	0.578357087896594	54
0.0611873140018699	0.576162678907346	54
0.0708294996284899	0.578518011832582	2802
0.06089635736011	0.57486221118602	1789
-0.02883551526799	1.02421732482948	133
0.0729542406175501	1.39635601369097	133
0.09288419864998	1.23394578482495	133
-0.11906007095252	1.28466866100088	162
-0.10154668150452	1.7381503478124	162
0.0050037967721599	0.691704308048797	185
-0.11776140577506	1.28767940829559	185
-0.03113198065898	1.82293886001427	185
0.0922106744820701	1.23312914839866	185
-0.03895725120365	1.17847840547879	802
0.0643979077286201	0.577085966346076	430
0.06291742676874	0.576696640316621	114
-0.000850557722630096	0.686886407600298	114
0.0603221792564701	0.575449353150941	133
0.0563414332457799	0.572549276189887	133
0.12009904481352	1.05152766181119	133
-0.03084446042783	1.19294143720025	133
-0.0281257623652	0.839177863370892	652
-0.0305063783794	0.837494860161703	162
0.0670322258031899	0.5778351002051	162
0.09825339189381	1.24081219505718	185
-0.11159193523962	1.61693301737723	185
-0.10113049539685	1.63999480691009	101
0.05547870129105	0.571841073068374	337
0.12298933052058	1.05543365271421	337
0.06641060189182	0.578095540716024	337
0.06641060189182	0.578095540716024	337
0.00821138972116997	0.693994840526458	114
0.06205222453913	0.576575770191727	114
0.06291742676874	0.576696640316621	1056
0.0655456320514201	0.577850509647929	54
-0.0275522631627301	1.34475727180784	133
0.01010806773565	0.696373336398546	133
0.06089635736011	0.57486221118602	970
0.06291742676874	0.576696640316621	133
0.01200486977524	0.694186591323118	133
0.06012134843669	0.574818428531195	828
-0.0417290650755999	1.69282198127077	133
0.0551907052804701	0.570883719304841	162
0.00182762709119011	0.690977558044493	509
0.06710604066939	1.54541259327264	185
0.00561416805771997	0.693634697863814	802
0.0117296025486	2.07545207485144	802
-0.0187689361233101	0.850059205901264	185
0.0611873140018699	0.576162678907346	185
0.06012134843669	0.574818428531195	78
0.00879997521194009	0.695340728531382	337
0.0684710951174199	0.578360020930028	114
0.00189292169615007	0.689841585471618	114
0.06497186902393	0.578443560062359	1056
0.0655456320514201	0.577850509647929	54
0.06497186902393	0.578443560062359	54
0.06324002887349	0.576609113923133	970
-0.0447426132392801	2.20428410434612	133
-0.10668604043138	1.72684963478224	133
0.06069635629646	0.575154297721853	652
-0.11970302518089	1.28179733330389	162
0.00664969996917009	0.694322095482239	185
-0.04229911677274	1.4505748518523	185
-0.0393449315210901	1.17685697041198	101
0.0600305781509101	0.573563297385593	81
0.0678976197735399	0.578952002833974	133
0.0643979077286201	0.577085966346076	133
0.05897200973491	0.573334925553979	133
-0.0341724398557499	1.01778620114782	133
-0.0361528171023899	1.01336360962792	185
-0.11248175780365	1.40872953256876	802
0.00639676878278994	0.694338750578675	802
0.1213658312646	1.05561158046828	170
0.00424613030137011	0.691543070982657	337
0.00586765213810003	0.693882064620264	114
0.05720354168202	0.572959867621651	114
0.00477585205490994	0.690733785453618	54
0.0641062582252101	0.57783656828618	584
0.06497186902393	0.578443560062359	89
0.0578361931493601	2.34802116344407	133
-0.02610240926659	0.841207997418867	133
0.0635322778785099	0.576480757103141	652
0.060612918568	0.574810701056327	133
-0.0332992781050001	1.01825645551197	162
0.00586765213810003	0.693882064620264	536
-0.04333617579379	1.17268477962427	185
-0.0203202227484101	0.8475433058154	185
0.0978218918725899	1.24168272177773	802
-0.11037109775038	1.51809045975655	185
0.06291742676874	0.576696640316621	506
0.0577788389210201	0.573295283481806	78
0.060612918568	0.574810701056327	337
0.06497186902393	0.578443560062359	1643
0.05583042043747	0.571090947323263	55
0.0684710951174199	0.578360020930028	584
0.06381382996212	0.576020696597725	301
-0.0431532224159299	1.17336236842227	133
-0.0370869480955101	1.18460995981187	133
0.07169402701746	0.57946276405746	133
0.06381382996212	0.576020696597725	133
0.0603221792564701	0.575449353150941	133
0.06262627398235	0.575986404326764	133
0.0658368577022399	0.578688566094146	536
0.0119804938611101	0.695138408890028	509
0.12298933052058	1.05543365271421	509
0.00586765213810003	0.693882064620264	509
0.0600305781509101	0.573563297385593	185
-0.0291465407454501	1.47452511459388	185
-0.03743520276143	1.01290012452969	185
0.07463181082763	0.578755400421674	430
0.06476657875121	0.575559739057974	337
0.06497186902393	0.578443560062359	337
0.06291742676874	0.576696640316621	114
0.0598344987371999	0.574552074754926	114
0.0643979077286201	0.577085966346076	1057
0.0569167499116701	0.572884622733256	54
-0.12124576749012	2.27929544338994	133
0.0560540375112599	0.572176134773053	133
0.0611873140018699	0.576162678907346	133
0.04080926974108	1.64598651144491	185
0.00639676878278994	0.694338750578675	2643
0.0636199618746001	0.575665599041282	185
-0.0320366490491699	1.47047128308072	185
-0.02419049180415	0.843322270030413	802
-0.11556722840852	1.40229115452669	185
0.0693358401298201	0.578796394975642	337
0.0684710951174199	0.578360020930028	8
-0.0298092057466099	1.02496540075091	133
-0.03284330924368	1.18802415417252	133
0.00508480701770009	0.693178123428776	472
-0.0372783467423099	1.17995884163678	133
0.05974779582566	0.574099743860578	185
-0.0452707276250499	1.31263674726076	185
-0.0249657026166099	1.3497340608386	185
0.0362003374965401	1.77101057123531	185
-0.0344852451239199	1.46386543758056	185
0.06176150416243	0.575573951673107	337
0.06089635736011	0.57486221118602	337
0.0672749461620601	0.577766096078519	55
0.0611873140018699	0.576162678907346	81
0.0658368577022399	0.578688566094146	158
-0.0201690238491301	0.848541173338987	133
0.05547870129105	0.571841073068374	472
0.00879997521194009	0.695340728531382	133
0.0237091061633901	1.99015496194731	133
0.0948318793752201	1.23544802255503	185
-0.0238749902381901	1.2010416561929	185
-0.10982290659336	1.51858216628502	185
0.00475418153282003	0.692440407310782	185
-0.0344972939460899	1.18911980553743	185
0.060612918568	0.574810701056327	78
0.0693358401298201	0.578796394975642	337
0.00795957449314	0.694919046007188	337
0.00586765213810003	0.693882064620264	55
0.06205222453913	0.576575770191727	55
0.0551907052804701	0.570883719304841	579
0.0641062582252101	0.57783656828618	579
0.0569356206904099	1.52517711632358	133
0.11654195889502	1.04467767740016	509
0.06089635736011	0.57486221118602	509
0.1210213269449	1.05337414492035	509
0.06758414458064	1.38821673856615	185
-0.03139775903897	1.82338632001235	185
-0.0192438689004599	0.849917599567846	170
0.000576143278439911	0.688308974423275	337
-0.0308434049824999	1.02062511104928	337
0.00692576864066008	0.693521170574345	337
0.06497186902393	0.578443560062359	579
0.06176150416243	0.575573951673107	2671
-0.000321061867180061	0.688187970617562	54
0.0560540375112599	0.572176134773053	584
0.05547870129105	0.571841073068374	584
-0.00110196372153992	0.687849919556878	116
-0.09252054499495	2.22562928310883	133
0.05720354168202	0.572959867621651	133
-0.0369401642299301	1.32809561739185	133
-0.02691321243886	1.02698353817723	509
-0.000321061867180061	0.688187970617562	430
0.0611873140018699	0.576162678907346	78
0.06176150416243	0.575573951673107	337
0.06291742676874	0.576696640316621	8
0.00293242809066996	0.690747702125752	116
0.0598344987371999	0.574552074754926	133
0.05897200973491	0.573334925553979	472
0.0646800402191901	0.577244755259019	652
0.06304524468309	0.575330243550069	536
-0.02662493143199	1.02758774187462	509
0.0563414332457799	0.572549276189887	2643
0.12297776295943	1.05471668687245	2643
-0.11046344518483	1.61927721131777	185
0.05813637901807	1.53139112844602	185
0.0717687559168301	1.3913108025453	185
-0.0406014730598201	1.17760817138638	185
-0.03265422077259	1.33558243670285	185
0.06670122068132	0.578357087896594	78
0.0586403009672001	0.57341570515588	2002
0.0592594715086701	0.574216413367679	713
0.00430116810844994	0.692170239986747	579
0.0636199618746001	0.575665599041282	54
0.00561416805771997	0.693634697863814	158
-0.0339218852296901	1.33635377351624	133
0.00508480701770009	0.693178123428776	472
0.0097533246830801	0.693796661935593	133
0.06612729710276	0.577002863033466	652
0.06291742676874	0.576696640316621	536
0.0603221792564701	0.575449353150941	509
-0.11314664573711	1.61278397200942	185
-0.0228791096204799	0.846331341436971	185
-0.11802943427493	1.28520236925964	185
-0.0203202227484101	0.8475433058154	957
0.0560540375112599	0.572176134773053	337
0.11802227754341	1.04786982820237	55
0.06670122068132	0.578357087896594	8
0.0655456320514201	0.577850509647929	54
0.06205222453913	0.576575770191727	386
-0.03770859510583	1.70112980620025	133
0.00854736828993996	0.694881226930905	133
0.00801897563274001	0.694425653582333	133
-0.12206151068266	1.27812131814155	185
0.0611873140018699	0.576162678907346	2643
0.00475418153282003	0.692440407310782	185
0.06324002887349	0.576609113923133	81
0.0021477801918599	0.690181006466159	1801
0.0687623835620801	0.579389020639623	652
0.060612918568	0.574810701056327	509
-0.11616582124827	1.28948270099732	509
0.0361485864292901	1.76874869580259	185
0.00770732772680005	0.693960311466429	2643
-0.02897076296303	1.02282790169555	185
-0.0338353761786501	1.0195201335137	2002
0.00879997521194009	0.695340728531382	957
0.0598344987371999	0.574552074754926	114
0.00502896064278002	0.691605978893621	114
0.00508480701770009	0.693178123428776	114
0.06497186902393	0.578443560062359	8
0.0130344704231	0.697263181278941	55
0.0611873140018699	0.576162678907346	3162
0.0641062582252101	0.57783656828618	386
0.0641062582252101	0.57783656828618	89
-0.000321061867180061	0.688187970617562	133
0.0563414332457799	0.572549276189887	158
0.00907564491784996	0.694063919515537	133
0.06089635736011	0.57486221118602	536
-0.00188366104490001	0.687285853301533	185
-0.02037334303275	0.846864242893723	2643
0.0313821131890399	1.76042782545679	185
-0.03479474859196	1.18048821361627	185
-0.03250914084671	1.01978881304927	185
0.0658368577022399	0.578688566094146	185
0.0737722667402001	1.39589620957733	185
-0.03002085987371	1.3385234239167	185
0.0684710951174199	0.578360020930028	337
-0.00344942816176008	0.685422431915486	885
0.0652629153297899	0.577331121752138	3162
0.0635322778785099	0.576480757103141	89
0.000576143278439911	0.688308974423275	158
0.0896489949296599	1.2297473530476	472
0.00320831641663011	0.689829279676215	133
-0.1081329495719	1.71893578253322	652
-0.02574852595563	0.84202843921497	536
0.0563414332457799	0.572549276189887	536
0.0901859015947699	1.23206694773623	509
-0.0305063783794	0.837494860161703	2643
0.05717246139993	1.53264768540998	185
-0.01669624608166	0.850633087703275	185
0.00639676878278994	0.694338750578675	185
-0.0402291186928401	1.17833204796207	185
0.000576143278439911	0.688308974423275	337
0.0615575788057401	0.575397722991523	885
0.0722671946858	0.578872717124963	885
0.0646800402191901	0.577244755259019	55
0.0643979077286201	0.577085966346076	8
0.07493497405427	2.15293342940811	133
0.12021252598654	1.05340760036227	1801
-0.11511264791621	1.4025563972322	133
0.0615579997948501	1.37308802235222	652
0.12262662063695	1.0555783913406	536
0.0684710951174199	0.578360020930028	828
-0.0282954238390301	1.02519932208546	185
0.0191246175103501	1.85480019435462	185
0.01341850936652	1.9674812462597	185
0.05974779582566	0.574099743860578	337
0.0623431977133699	0.575344807364201	337
0.0641062582252101	0.57783656828618	885
0.0635322778785099	0.576480757103141	8
0.0693358401298201	0.578796394975642	8
0.0658368577022399	0.578688566094146	889
0.0594564119373	0.574146809919677	158
0.00129886233226006	0.689668705776789	472
0.06637175911018	1.5496423891466	652
0.0676057200529201	0.577246124018883	509
-0.112899318705	1.4020324113682	185
0.0696909452332	1.38877211863452	185
-0.0229060560116801	1.35136548924582	185
0.000518758534119979	0.688969463483089	8
0.06962651355507	0.579182253156176	8
-0.03577189382829	1.18726058149982	133
0.0673387372115699	1.38624814544836	133
0.06497186902393	0.578443560062359	1801
0.06205222453913	0.576575770191727	1801
-0.02774488108066	1.02580124623281	133
0.01509559025737	2.08719293401062	652
-0.0248145492773899	0.844831390413282	536
-0.0248145492773899	0.844831390413282	162
-0.0361057063025101	1.32778084053477	185
0.0757479159077501	1.39935626638504	185
-0.11097757402219	1.5169126535724	185
0.06497186902393	0.578443560062359	170
0.06497186902393	0.578443560062359	55
0.0652629153297899	0.577331121752138	89
0.060612918568	0.574810701056327	584
0.06089635736011	0.57486221118602	472
-0.0216258510894201	0.847367504278335	1801
0.0352831429134399	1.77050083045206	133
0.0000150388298401083	0.687159668056838	509
0.0607335954656101	1.53730465983896	509
0.0643979077286201	0.577085966346076	2643
0.00298594857633994	2.16610728297474	185
0.0652629153297899	0.577331121752138	430
-0.02346534425963	0.845877160255437	337
0.0644809332360901	0.576099294885397	8
0.0569167499116701	0.572884622733256	8
0.0603221792564701	0.575449353150941	584
0.12263337779735	1.05403722589652	133
0.00586765213810003	0.693882064620264	133
0.0108871990781401	0.69661470718865	1801
0.000518758534119979	0.688969463483089	536
0.11334564732803	1.97600589434525	185
0.0681887291410099	0.57803285948981	185
-0.10434548111219	1.63283444960698	185
-0.12430387129534	1.27697507290762	185
0.0614779765006099	0.575223127248405	185
0.06176150416243	0.575573951673107	8
0.0646800402191901	0.577244755259019	54
-0.03783096394513	1.46148271406144	133
0.07493971402183	1.39783539041243	133
0.0681887291410099	0.57803285948981	133
0.0598344987371999	0.574552074754926	133
0.000576143278439911	0.688308974423275	652
0.0603221792564701	0.575449353150941	536
0.0603221792564701	0.575449353150941	536
0.06497186902393	0.578443560062359	536
-0.0267848119746501	0.840223280392694	162
0.0641062582252101	0.57783656828618	185
-0.0381939421825499	1.32838824519471	185
0.0655456320514201	0.577850509647929	185
0.00449936546613006	0.691150728040127	170
0.0603221792564701	0.575449353150941	170
-0.02560848540561	0.844177725594026	8
0.0611873140018699	0.576162678907346	584
0.11758141273656	1.84113996267742	133
-0.0360252293790699	1.3337384153338	133
-0.0223182374369699	0.847285155161717	133
0.06262627398235	0.575986404326764	17
-0.02883551526799	1.02421732482948	536
-0.03623801902579	1.0168556664	162
0.0693358401298201	0.578796394975642	133
0.06497186902393	0.578443560062359	133
-0.0393702960757201	1.69464004982919	162
0.06205222453913	0.576575770191727	185
0.0529147723441901	0.569243111410707	430
0.0690528778653801	0.577828639701223	337
0.00477585205490994	0.690733785453618	55
0.0658368577022399	0.578688566094146	8
0.00104777080569995	0.690276905484279	8
0.0603221792564701	0.575449353150941	54
-0.06121258457526	2.43754095296233	227
-0.11466859574955	1.50366668689514	227
0.06497186902393	0.578443560062359	133
0.0693358401298201	0.578796394975642	536
0.06304524468309	0.575330243550069	509
-0.03687388328137	1.46050807934576	185
0.0301794927338901	1.75842424903548	185
0.09416464593123	2.0699332273664	185
-0.0396656629230601	1.80894796890484	185
-0.03567481593633	1.70385159305097	185
0.0929104922094299	1.23370304756596	185
0.12363080621911	1.85298814736476	185
0.0708294996284899	0.578518011832582	8
-0.1003182873585	1.74335278258663	227
0.12182535917109	1.05619026747191	133
-0.11568266108698	1.39833516184992	158
-0.02192711849644	0.845340745800378	133
0.060612918568	0.574810701056327	133
-0.02940641225695	1.02222655407039	536
0.0636199618746001	0.575665599041282	536
0.00561416805771997	0.693634697863814	536
-0.0216258510894201	0.847367504278335	536
-0.0373282620303601	1.58524320083786	185
0.02960802142762	1.88247861750779	162
0.0442933624235	1.6471823373934	162
-0.12065359768567	1.28273105241367	185
0.0603221792564701	0.575449353150941	185
0.00267810736268004	0.690636942339763	55
0.060612918568	0.574810701056327	1478
0.0623431977133699	0.575344807364201	8
0.0598344987371999	0.574552074754926	8
0.00692576864066008	0.693521170574345	8
0.06349145731342	0.576107730106197	8
0.06205222453913	0.576575770191727	536
0.00985615496175996	0.694976702755398	536
0.08737848410811	1.22790522851798	133
0.12482486984857	1.85480979408651	162
-0.11440925990982	1.40416478521961	162
-0.02466692200805	0.842428899147951	185
0.12017531148804	1.84272823750291	185
0.00985615496175996	0.694976702755398	430
0.00717857209743	0.694778656366304	1478
0.0655456320514201	0.577850509647929	1478
0.0652629153297899	0.577331121752138	8
0.06291742676874	0.576696640316621	8
0.060612918568	0.574810701056327	8
0.0641062582252101	0.57783656828618	158
0.0254363827958799	1.86588158728423	158
0.0655456320514201	0.577850509647929	133
-0.02192711849644	0.845340745800378	133
0.000796253389989898	0.688787241678732	133
-0.0252123101986299	0.841330732518808	536
0.0692854413755299	1.38671970356447	509
0.06381382996212	0.576020696597725	185
-0.10680621178268	1.51968901274627	185
-0.0281054598480099	1.02457869621826	185
0.0684710951174199	0.578360020930028	185
-0.0213242609706901	0.847859591846366	185
0.0643979077286201	0.577085966346076	185
0.0621836107824301	0.574223274299761	8
0.06641060189182	0.578095540716024	55
0.0614779765006099	0.575223127248405	8
0.06205222453913	0.576575770191727	8
0.00600997840865003	2.17132546732484	133
-0.0187689361233101	0.850059205901264	133
0.06266602934731	0.575258394733933	185
0.0015766669606001	0.689788385908174	185
-0.11635344100262	1.28740322802266	185
-0.0268296058986299	0.839940976390302	185
-0.0313696026722201	1.02143262503954	162
0.06205222453913	0.576575770191727	430
0.0678976197735399	0.578952002833974	337
0.06435602307781	0.575689391195341	8
0.00396965299068008	0.689491522528016	8
-0.11095583328839	1.41149084963065	133
0.09544504964436	1.23850078406182	652
0.0736192590786999	1.39001871875057	652
-0.03180360427567	1.19310975005153	536
0.09178226436601	1.23299906838598	536
0.06262627398235	0.575986404326764	185
0.06497186902393	0.578443560062359	605
0.06497186902393	0.578443560062359	2686
-0.0380419916961701	1.17931610020433	161
-0.03571582205139	1.01396376914699	162
-0.0260708730828501	1.48186587088991	185
0.00692576864066008	0.693521170574345	185
-0.01959664567483	0.847223087711831	185
-0.0228791096204799	0.846331341436971	8
0.00267810736268004	0.690636942339763	55
-0.0247450295484599	0.84390097265626	185
-0.02622549241784	0.841135468705538	185
0.12251699807783	1.05361639620141	185
0.0603221792564701	0.575449353150941	185
0.11724595695384	1.04433135913544	337
0.00267810736268004	0.690636942339763	8
0.0652629153297899	0.577331121752138	590
0.00508480701770009	0.693178123428776	162
0.0542213986283699	1.67096036484259	162
-0.12046817871119	1.28031106231737	185
-0.02622549241784	0.841135468705538	8
0.06205222453913	0.576575770191727	55
0.06262627398235	0.575986404326764	89
0.0646800402191901	0.577244755259019	590
-0.0298090073016899	1.19248716913583	590
0.08823481610325	1.22935334343518	133
-0.0366759915364201	1.18444373417431	162
0.0643979077286201	0.577085966346076	185
0.06089635736011	0.57486221118602	185
0.0658368577022399	0.578688566094146	590
-0.0238022493610499	0.843499175628862	162
-0.0260433831629301	1.02744670511549	185
0.0641062582252101	0.57783656828618	162
0.00502896064278002	0.691605978893621	650
-0.0329453888870499	1.01846245796015	185
-0.0189429099835801	0.84978559568269	185
0.0106358549961301	0.695552144813358	185
0.0641062582252101	0.57783656828618	185
0.0580650230272699	0.573080429177984	8
0.06205222453913	0.576575770191727	605
-0.0353207702799701	1.014115975447	8
0.06262627398235	0.575986404326764	8
0.06089635736011	0.57486221118602	8
0.06291742676874	0.576696640316621	8
0.0569167499116701	0.572884622733256	8
0.0015766669606001	0.689788385908174	89
-0.0231804130222399	0.845307064723599	17
0.05461534937901	0.570549366404683	652
0.06089635736011	0.57486221118602	185
0.0034625113848501	0.691203628034591	185
0.00404658836988991	0.690986647971914	162
0.0569167499116701	0.572884622733256	185
-0.0361702152079799	1.18424834596388	77
-0.0213242609706901	0.847859591846366	337
-0.0339218852296901	1.33635377351624	89
0.00320831641663011	0.689829279676215	89
0.0603221792564701	0.575449353150941	89
-0.02491111939303	0.842746604380007	89
0.0978164830305299	1.24097361173751	17
-0.03773743263132	1.45975064862058	17
-0.01799349561762	0.850826688821256	185
0.12389903577174	1.05320976979139	615
0.06435602307781	0.575689391195341	185
-0.00188366104490001	0.687285853301533	77
0.00147853562226996	0.688305735419213	77
-0.0223182374369699	0.847285155161717	8
0.06266602934731	0.575258394733933	8
0.0106358549961301	0.695552144813358	536
-0.0231275674860201	0.846482301453177	536
-0.0344972939460899	1.18911980553743	162
0.12171138070945	1.05283987405537	162
0.12044475447526	1.04908755977332	162
0.0733061466812901	1.39730963877467	185
0.06205222453913	0.576575770191727	185
0.06497186902393	0.578443560062359	8
0.0603221792564701	0.575449353150941	8
0.0563414332457799	0.572549276189887	203
-0.02346534425963	0.845877160255437	162
0.0615889107272201	1.53815495878554	615
0.06089635736011	0.57486221118602	185
0.0641062582252101	0.57783656828618	185
0.0021477801918599	0.690181006466159	185
0.06205222453913	0.576575770191727	8
0.0611873140018699	0.576162678907346	8
-0.02400449268641	0.845226570686261	652
0.000320219234460017	0.687073789948866	652
0.06176150416243	0.575573951673107	17
0.08909188632868	1.23048874700184	185
0.000704429320500077	0.687736938817916	162
0.00854736828993996	0.694881226930905	185
0.06176150416243	0.575573951673107	185
0.0658368577022399	0.578688566094146	615
0.0594564119373	0.574146809919677	185
0.00614341202314006	0.692818894948525	185
0.01490560264014	0.695467849346845	8
0.0678976197735399	0.578952002833974	8
-0.0382843377701501	1.80844019497489	451
-0.1066643638769	1.52626423833469	185
0.00848808577305005	0.694101084116861	185
0.0000452099830299257	0.686655804077838	185
0.06304524468309	0.575330243550069	185
0.0681887291410099	0.57803285948981	185
0.06176150416243	0.575573951673107	185
-0.11524712072958	1.88797273259933	185
0.01278348975874	0.695656285483823	185
0.06205222453913	0.576575770191727	185
0.0655456320514201	0.577850509647929	185
0.00717857209743	0.694778656366304	8
-0.0270049495987601	0.840146814489466	8
0.06291742676874	0.576696640316621	8
0.0646800402191901	0.577244755259019	581
0.0611873140018699	0.576162678907346	89
0.0435296439509001	1.65303565781679	161
0.0655456320514201	0.577850509647929	451
-0.02652771536146	0.841038919394943	536
0.0708294996284899	0.578518011832582	536
-0.03347439222388	1.18826844488236	536
0.0571115306015799	1.52831465372375	162
-0.12365483591749	1.27458500951684	162
0.0886660831555099	1.23038720953591	185
-0.0317090076283799	1.19035576023093	185
0.08809635216143	1.22185165686655	185
-0.02996953939516	1.18920478024362	185
-0.02527164880416	0.842174246105442	185
-0.02560848540561	0.844177725594026	185
0.0646800402191901	0.577244755259019	8
0.0580650230272699	0.573080429177984	8
0.0580650230272699	0.573080429177984	1751
0.0635322778785099	0.576480757103141	1963
-0.12410577190798	1.27433151915716	161
-0.0379047985471901	1.18219530256335	161
-0.0203202227484101	0.8475433058154	185
-0.0373408958467201	1.33064483330991	162
0.1238925116464	1.85639429797917	185
-0.12448952153478	1.2733425719646	162
-0.0252859310370499	0.844330995209208	185
-0.000321061867180061	0.688187970617562	185
-0.0254461494376801	0.841896213690955	185
0.0681887291410099	0.57803285948981	185
0.0569167499116701	0.572884622733256	8
0.0646800402191901	0.577244755259019	8
0.06291742676874	0.576696640316621	8
0.0603221792564701	0.575449353150941	8
0.0614779765006099	0.575223127248405	581
0.09288419864998	1.23394578482495	161
-0.02335523777402	0.84543378068884	161
0.000988173347689969	0.68776746791409	652
0.0719735752667601	1.39622403169488	652
-0.0350661085752	1.01439992011355	536
-0.0231804130222399	0.845307064723599	536
-0.0384681367875801	1.18267036835046	162
-0.0297065522759601	1.02375143570491	185
0.0933101555095499	1.23555308375993	162
-0.0337788279584299	1.18676245759182	162
0.08192177019014	1.40871518908734	615
-0.03494624962995	1.59068260280353	185
0.04624477108064	1.65533283053344	185
-0.02240306986885	0.846475145188653	185
0.0643979077286201	0.577085966346076	185
0.0621836107824301	0.574223274299761	8
0.06262627398235	0.575986404326764	581
-0.0197188889134201	0.849018090222835	451
0.00614341202314006	0.692818894948525	536
-0.0204950030478399	0.847946970549542	536
-0.0413250967529899	1.57082688671097	162
-0.0270049495987601	0.840146814489466	185
0.0658368577022399	0.578688566094146	185
-0.0330786187829799	1.19107465549516	615
-0.04064094621376	1.1784931997082	615
0.00561416805771997	0.693634697863814	185
0.0603221792564701	0.575449353150941	521
0.06012134843669	0.574818428531195	185
0.00399247684920989	0.690394720161163	185
0.060612918568	0.574810701056327	1298
0.0603221792564701	0.575449353150941	185
0.06497186902393	0.578443560062359	8
0.00533841866345997	0.692211463064849	8
0.00508480701770009	0.693178123428776	8
0.0643979077286201	0.577085966346076	55
0.0560540375112599	0.572176134773053	985
0.0865228893703101	1.22612219276039	161
-0.0324683921453399	1.01939239462527	451
0.0701999514768401	0.578591223119105	451
0.0603221792564701	0.575449353150941	536
0.06591834727199	1.54869556155656	162
0.12391088177045	1.05663315505034	185
0.07169402701746	0.57946276405746	185
-0.0316594196261699	1.47098719554113	185
0.0655456320514201	0.577850509647929	185
0.0556543353497501	1.53120559766478	185
-0.0231804130222399	0.845307064723599	185
-0.02335523777402	0.84543378068884	185
0.0655456320514201	0.577850509647929	55
0.0646800402191901	0.577244755259019	8
-0.0230534298940199	0.844213869000594	8
0.0034625113848501	0.691203628034591	8
0.0635322778785099	0.576480757103141	8
0.060612918568	0.574810701056327	985
-0.0454784020680199	1.16546099126377	161
0.06390623522406	0.575763852388588	451
-0.0244928415927601	0.842934966794232	185
-0.1173013256822	1.28803196972963	185
0.0614779765006099	0.575223127248405	521
0.0551907052804701	0.570883719304841	185
0.00475418153282003	0.692440407310782	185
0.0106358549961301	0.695552144813358	185
0.0678976197735399	0.578952002833974	8
-0.03614304973604	1.58711624114459	161
0.06641060189182	0.578095540716024	652
0.0130344704231	0.697263181278941	536
-0.11944367992326	1.15877642568972	162
0.00267810736268004	0.690636942339763	185
0.0295042732686099	1.75478495565392	162
-0.0403565988057799	1.69220649119759	162
-0.0415007602499	1.69224573836535	185
0.00371629100523996	0.691087358930325	185
0.11963920431792	1.04915407818888	77
0.06176150416243	0.575573951673107	8
0.0641062582252101	0.57783656828618	985
0.0672749461620601	0.577766096078519	48
-0.01829409056027	0.848915648871265	161
0.09135492319959	1.23162185885925	451
0.00110695783841996	0.688764264593948	185
0.00553133286710006	0.693014411465741	162
0.00424613030137011	0.691543070982657	185
0.0718214959260799	1.39275872277681	185
-0.0252901007205999	0.841709962334361	185
-0.0221016225355	0.847224192673576	55
0.0611873140018699	0.576162678907346	8
0.00795957449314	0.694919046007188	8
0.06324002887349	0.576609113923133	48
0.0670322258031899	0.5778351002051	161
0.06176150416243	0.575573951673107	536
0.12217312001166	1.05652988804527	162
0.07275189017298	1.39468697875997	162
-0.12179928483247	1.28051102675638	615
0.0494903849020201	1.6649916863885	185
0.0611873140018699	0.576162678907346	521
0.00136235077006996	0.689385845375163	521
0.06291742676874	0.576696640316621	8
0.0598344987371999	0.574552074754926	8
0.0580650230272699	0.573080429177984	1672
0.06262627398235	0.575986404326764	8
0.00430116810844994	0.692170239986747	54
0.0655456320514201	0.577850509647929	54
0.05888204034268	0.572802709197407	89
0.00599581353607004	2.17499915874645	17
0.00639676878278994	0.694338750578675	536
0.0632078011036901	0.574927820339808	536
0.05974779582566	0.574099743860578	162
0.00293242809066996	0.690747702125752	162
-0.0865788835219701	1.96517335290956	185
-0.10349355947321	1.63340087968822	185
0.05612004549331	1.52758357345143	77
0.0603221792564701	0.575449353150941	55
0.0678976197735399	0.578952002833974	8
0.0641062582252101	0.57783656828618	669
0.06641060189182	0.578095540716024	8
0.06205222453913	0.576575770191727	8
-0.01674388453929	0.850143859505032	451
0.05974779582566	0.574099743860578	451
0.00424613030137011	0.691543070982657	162
0.00242337421849004	0.689036040188378	162
0.00242337421849004	0.689036040188378	162
0.0681887291410099	0.57803285948981	162
0.0021477801918599	0.690181006466159	185
-0.0441613537813701	1.17052340818629	162
0.0586507861744501	1.5353429296497	2539
0.12073381521178	1.8492370663844	615
0.0070829996761701	2.17789240206598	185
0.06262627398235	0.575986404326764	521
0.06262627398235	0.575986404326764	521
-0.01936034219942	0.849523948938078	185
0.06241816264665	0.575069672184954	89
-0.0187689361233101	0.850059205901264	451
0.000267110137720072	0.689273684954674	451
0.0718214959260799	1.39275872277681	536
-0.03816142346931	1.00676522914213	536
0.00692576864066008	0.693521170574345	162
-0.0245637657258899	1.02832836633194	162
0.07329774469033	1.39653655229923	162
-0.0376653993612299	1.3291279925591	162
0.00985615496175996	0.694976702755398	162
0.04859485866314	1.66158544507359	162
-0.02001971393119	0.848845456280035	2539
-0.0297265187345399	0.838484660856868	1232
0.00267810736268004	0.690636942339763	185
0.06641060189182	0.578095540716024	8
0.00260667546849991	0.691415486937782	55
0.0678976197735399	0.578952002833974	8
0.06012134843669	0.574818428531195	985
0.00767755079160004	0.693129879052605	48
0.0611873140018699	0.576162678907346	89
0.06089635736011	0.57486221118602	17
-0.01954451230501	0.848987615586173	162
0.0775926954225099	1.39876601965825	162
0.0670322258031899	0.5778351002051	162
0.00424613030137011	0.691543070982657	917
0.00449936546613006	0.691150728040127	8
0.00533841866345997	0.692211463064849	8
0.06641060189182	0.578095540716024	8
-0.10384982497051	1.63532220868444	1348
0.06349145731342	0.576107730106197	451
0.0655456320514201	0.577850509647929	17
0.00320831641663011	0.689829279676215	162
0.0611873140018699	0.576162678907346	162
-0.12422348450982	1.27515328839828	2539
0.06205222453913	0.576575770191727	2382
-0.0323120799845	1.02018700229282	185
0.0614779765006099	0.575223127248405	2641
0.0923334972054799	1.23591835211647	185
0.0138116868723701	0.697641490680618	185
-0.02638634591753	0.843284064989319	185
0.00293242809066996	0.690747702125752	138
-0.00213603101148996	0.686013215629264	691
0.06291742676874	0.576696640316621	8
0.0672749461620601	0.577766096078519	8
0.00293242809066996	0.690747702125752	8
-0.03936115236023	1.57816120346743	1348
0.06205222453913	0.576575770191727	451
0.0147445729573601	1.84567205631969	162
0.06089635736011	0.57486221118602	917
0.0615575788057401	0.575397722991523	917
-0.10220414878495	1.63842631592931	185
-0.0388758858930001	1.69569009906771	185
0.05720354168202	0.572959867621651	8
0.0995351486420399	1.24272666442616	691
0.00182762709119011	0.690977558044493	8
0.06497186902393	0.578443560062359	985
0.10698219136824	1.96092398997445	1348
0.0673239464909801	0.577596717444378	451
0.0034625113848501	0.691203628034591	536
0.06176150416243	0.575573951673107	536
0.04065096283999	1.7817097261676	162
-0.0374702185537801	1.01443127125541	185
0.060612918568	0.574810701056327	185
0.0646800402191901	0.577244755259019	8
0.0643979077286201	0.577085966346076	985
0.0690528778653801	0.577828639701223	48
-0.00291906238001993	0.684943536509662	536
-0.11299850025797	1.29104891102697	917
0.09568301914969	1.23773846708241	615
-0.0481622803948001	1.89136956627801	185
0.0922083941427401	1.23274861676903	185
-0.0281801519515901	1.02446884781171	77
0.0658368577022399	0.578688566094146	185
0.12423855520674	1.05895937534147	8
0.06497186902393	0.578443560062359	48
0.00242337421849004	0.689036040188378	1348
-0.0302094773194399	1.02391626322023	451
0.00457632018765009	0.690179135546144	536
0.00508480701770009	0.693178123428776	536
-0.03419007064367	1.18575261982538	17
0.0435984078012299	1.65241113494037	917
-0.00144028442106992	0.686708757476986	2539
-0.0928471784570599	1.65589849592989	185
0.0687623835620801	0.579389020639623	185
0.06641060189182	0.578095540716024	521
0.00586765213810003	0.693882064620264	185
0.0652629153297899	0.577331121752138	8
0.0563414332457799	0.572549276189887	8
-0.02240306986885	0.846475145188653	8
0.06205222453913	0.576575770191727	377
0.06497186902393	0.578443560062359	48
-0.11918570122061	1.39500850169209	17
-0.11781460664169	1.39189779167259	162
-0.0363117218515201	1.58194377470115	17
0.0716299890846199	1.39113816653014	2539
-0.03082238847598	1.47249069041685	185
0.0748599983404501	1.39758845377393	185
0.0837109130042799	1.22038089774321	185
0.12055893681133	1.05438992870057	185
-0.0599546914723299	1.86265837657849	77
0.00267810736268004	0.690636942339763	77
0.00586765213810003	0.693882064620264	77
0.06069635629646	0.575154297721853	185
0.0681887291410099	0.57803285948981	185
0.06205222453913	0.576575770191727	185
0.0577788389210201	0.573295283481806	185
0.0641062582252101	0.57783656828618	185
0.06176150416243	0.575573951673107	185
-0.02841838157869	0.840092250200949	8
-0.02265669552818	0.846982663609958	8
0.0603221792564701	0.575449353150941	8
0.0611873140018699	0.576162678907346	8
0.0658368577022399	0.578688566094146	8
0.0600305781509101	0.573563297385593	8
0.0611873140018699	0.576162678907346	8
0.0635322778785099	0.576480757103141	985
0.0603221792564701	0.575449353150941	17
0.0655456320514201	0.577850509647929	17
0.06262627398235	0.575986404326764	17
-0.12198815679159	1.27908609205672	2539
-0.0409009654782799	1.45283728165334	615
-0.0344480723983101	1.46303641677134	615
0.00242337421849004	0.689036040188378	185
0.06205222453913	0.576575770191727	185
0.0595011324668799	0.572999274023498	8
0.00430116810844994	0.692170239986747	55
0.06176150416243	0.575573951673107	8
0.0594564119373	0.574146809919677	8
-0.00319638715160009	0.685195352755621	8
0.0594564119373	0.574146809919677	512
0.06497186902393	0.578443560062359	985
0.0641062582252101	0.57783656828618	1348
0.0611873140018699	0.576162678907346	17
-0.11486199466115	1.40417854574909	536
-0.0323692995090099	0.832825527146124	536
0.11894633067913	1.05082297800766	536
0.0655456320514201	0.577850509647929	17
-0.0292929751959199	1.19330653667248	162
-0.0246218456785501	1.34881499509154	162
0.00614341202314006	0.692818894948525	2539
0.06497186902393	0.578443560062359	185
-0.11474456220122	1.40334311088727	185
0.06205222453913	0.576575770191727	185
0.060612918568	0.574810701056327	8
0.0050037967721599	0.691704308048797	55
0.06205222453913	0.576575770191727	8
0.11975243662551	1.05282950763707	8
0.06291742676874	0.576696640316621	8
-0.0281671448851799	0.83978205827372	8
-0.0227041938335999	0.844176264408766	8
0.0614779765006099	0.575223127248405	223
0.060612918568	0.574810701056327	377
-0.0367710469540701	1.1826632174691	17
0.00749046690391997	0.692757398548458	17
-0.00110196372153992	0.687849919556878	536
0.06012134843669	0.574818428531195	536
0.06012134843669	0.574818428531195	17
0.06069635629646	0.575154297721853	17
-0.02054702631205	0.848219007755662	162
-0.10558963016277	1.52714087124416	185
-0.11201599626158	1.61533419284298	615
-0.02839983118858	1.47665386320696	185
0.06069635629646	0.575154297721853	185
0.000576143278439911	0.688308974423275	1410
0.05547870129105	0.571841073068374	8
0.06291742676874	0.576696640316621	822
0.0652629153297899	0.577331121752138	377
0.0611873140018699	0.576162678907346	48
0.06089635736011	0.57486221118602	48
0.000518758534119979	0.688969463483089	17
0.12471448277166	1.05819041037015	17
0.05974779582566	0.574099743860578	162
0.0611873140018699	0.576162678907346	162
0.06451890159643	1.38063813678946	615
0.0655456320514201	0.577850509647929	185
0.02499668793599	1.87496745393223	185
-0.03141197452207	1.59435656308512	77
-0.0239364981826899	0.845377008358032	77
0.06670122068132	0.578357087896594	8
0.0603221792564701	0.575449353150941	985
-0.02597388479053	0.841323046661068	17
0.0621836107824301	0.574223274299761	17
0.00372558573074011	0.68948293590694	536
-0.02240306986885	0.846475145188653	185
-0.0412390978044599	1.452517923454	615
-0.10613078851178	1.41916426716531	185
0.0580650230272699	0.573080429177984	185
0.06184319313708	0.57473431458569	185
-0.02560848540561	0.844177725594026	54
0.0611873140018699	0.576162678907346	48
-0.0416597286810501	1.00614027480778	1348
-0.04809488802096	1.78491259494043	17
-0.00213603101148996	0.686013215629264	17
-0.10170512889846	1.73504652809284	185
0.00313507705548011	0.690925092944883	185
0.00586765213810003	0.693882064620264	185
-0.02335523777402	0.84543378068884	83
0.0673239464909801	0.577596717444378	83
0.0586403009672001	0.57341570515588	55
0.00586765213810003	0.693882064620264	8
0.06176150416243	0.575573951673107	377
0.06176150416243	0.575573951673107	377
0.06497186902393	0.578443560062359	48
0.06497186902393	0.578443560062359	48
0.1201013311771	1.05047690194352	17
-0.0506046321165801	2.19265629291256	17
0.0021477801918599	0.690181006466159	536
-0.03685687543309	1.33069521119008	17
0.0122564278441499	0.696475552291052	17
0.00827171168379004	0.693669391229875	162
0.0905021835163	1.23018235279817	615
0.10571415311871	1.95984979134515	185
-0.0411544503252099	1.00801059559845	185
-0.0324683921453399	1.01939239462527	185
-0.0271643311480201	0.842115585187827	185
0.0655456320514201	0.577850509647929	8
0.00396965299068008	0.689491522528016	8
0.0621836107824301	0.574223274299761	55
-0.0248145492773899	0.844831390413282	17
0.0655456320514201	0.577850509647929	17
0.0563414332457799	0.572549276189887	17
0.06069635629646	0.575154297721853	17
-0.12346696434914	1.27835988199909	17
-0.02919141466589	1.33958394120928	17
0.0678976197735399	0.578952002833974	17
0.04138595420261	1.78292697790713	162
-0.00188366104490001	0.687285853301533	2539
0.0264073530470199	1.87482490735931	185
0.00147853562226996	0.688305735419213	77
0.06497186902393	0.578443560062359	77
0.00235627602433008	0.690487755919548	8
-0.02413311732103	0.844266334309948	8
0.00586765213810003	0.693882064620264	8
0.0583969630091099	0.572999917193612	985
0.00293242809066996	0.690747702125752	985
0.0655456320514201	0.577850509647929	377
0.0611873140018699	0.576162678907346	48
0.0614779765006099	0.575223127248405	48
0.06349145731342	0.576107730106197	17
0.12496741888115	1.85691644511242	17
0.00795957449314	0.694919046007188	162
-0.0337024675179201	1.18620349022208	162
0.02783746796463	1.87984243514676	162
0.0079262079911	0.692605500859485	2539
-0.02335523777402	0.84543378068884	77
0.00422639727205998	0.691131199114982	185
0.00533841866345997	0.692211463064849	83
0.0658368577022399	0.578688566094146	54
0.0658368577022399	0.578688566094146	985
-0.02335523777402	0.84543378068884	985
0.06291742676874	0.576696640316621	223
0.060612918568	0.574810701056327	48
0.0611873140018699	0.576162678907346	48
0.0611873140018699	0.576162678907346	48
-0.0334364066289601	1.0206978837929	17
0.0673239464909801	0.577596717444378	17
-0.1086000299186	1.62327980139433	2219
0.05974779582566	0.574099743860578	17
0.07524415341264	2.15588381403331	162
0.1107411910122	1.96791050909043	185
0.00664969996917009	0.694322095482239	83
0.0611873140018699	0.576162678907346	8
0.0687623835620801	0.579389020639623	55
0.0681887291410099	0.57803285948981	8
0.0611873140018699	0.576162678907346	985
0.10405824204578	1.95466090721759	17
0.06069635629646	0.575154297721853	17
0.08767230698202	1.22273734889169	17
0.0269789320479701	1.87780996080561	17
-0.10413034348512	1.73282849274041	17
-0.10451747451613	2.01146356988941	17
-0.11858041093787	1.49646010435428	1802
0.06263621035923	1.54355200756643	77
0.09050215605708	1.23118787355256	83
0.00586765213810003	0.693882064620264	83
0.1213658312646	1.05561158046828	185
0.0941618133616	1.23598391369931	83
0.07249047268053	1.39606002726705	8
0.00313507705548011	0.690925092944883	8
0.0053602613747501	0.69181356761285	8
0.0577788389210201	0.573295283481806	89
0.06205222453913	0.576575770191727	233
0.06497186902393	0.578443560062359	17
0.12182535917109	1.05619026747191	536
-0.00110196372153992	0.687849919556878	17
0.11940322947114	1.04953202093928	17
0.0611873140018699	0.576162678907346	83
0.06205222453913	0.576575770191727	83
0.00293242809066996	0.690747702125752	185
0.00424613030137011	0.691543070982657	8
-0.0260836113862299	0.843673668477193	55
0.06291742676874	0.576696640316621	55
0.0708294996284899	0.578518011832582	8
0.05974779582566	0.574099743860578	8
0.0655456320514201	0.577850509647929	8
0.06205222453913	0.576575770191727	54
0.0021477801918599	0.690181006466159	89
0.0535254168306201	1.52633569317815	1348
0.01329949401268	1.84081874860021	17
0.00664969996917009	0.694322095482239	17
0.0872622307622599	1.22424020798112	17
-0.0394466899375501	1.0104282246365	162
-0.1020214081934	1.83296158191401	162
-0.03682940561696	1.70256356490957	615
-0.04010312601891	2.31192636074695	119
0.06262627398235	0.575986404326764	846
-0.0313696026722201	1.02143262503954	83
0.0643979077286201	0.577085966346076	138
0.06205222453913	0.576575770191727	185
0.0034625113848501	0.691203628034591	8
0.00770732772680005	0.693960311466429	54
0.0658368577022399	0.578688566094146	54
0.0687623835620801	0.579389020639623	377
0.0577788389210201	0.573295283481806	48
0.000576143278439911	0.688308974423275	955
0.0615575788057401	0.575397722991523	163
-0.0313660598243899	1.3386086101944	1348
0.06176150416243	0.575573951673107	17
-0.10016000334865	1.6412266065234	17
-0.0408330470004501	1.91124786878569	17
0.0569167499116701	0.572884622733256	17
-0.03470641375463	1.01834615735106	185
0.08566803091799	1.22394615877417	8
-0.0305063783794	0.837494860161703	8
0.00717857209743	0.694778656366304	163
0.0655456320514201	0.577850509647929	163
0.06205222453913	0.576575770191727	163
-0.10697495382078	1.29982959831393	1348
0.0453585938679699	1.64855597130697	1348
0.06069635629646	0.575154297721853	17
-0.00747888365058991	0.68076506086045	17
-0.04137014624333	1.80601816546008	471
0.0563414332457799	0.572549276189887	17
0.0115893192776699	1.96066671281107	17
0.0681887291410099	0.57803285948981	83
0.05974779582566	0.574099743860578	83
0.0167328873594099	0.698174492478579	8
0.0563414332457799	0.572549276189887	8
0.06089635736011	0.57486221118602	54
0.06497186902393	0.578443560062359	377
0.0690528778653801	0.577828639701223	48
0.0560540375112599	0.572176134773053	48
-0.0346766914430801	1.18494067742628	17
-0.0975327786221301	2.03276233094824	17
0.0380631384216701	1.77328409876889	17
0.06089635736011	0.57486221118602	17
0.04234022798916	1.78258959907321	185
0.0061207112992101	0.692650977578977	83
-0.0213242609706901	0.847859591846366	8
0.0145880735955199	0.697353138063005	1027
0.06205222453913	0.576575770191727	1027
0.06497186902393	0.578443560062359	8
0.0021477801918599	0.690181006466159	8
0.00455532885968002	0.691509463795607	8
0.0652629153297899	0.577331121752138	54
-0.00213603101148996	0.686013215629264	223
0.0643979077286201	0.577085966346076	377
0.0611873140018699	0.576162678907346	89
0.0603221792564701	0.575449353150941	17
0.060612918568	0.574810701056327	17
-0.0253553872799399	1.02920942611124	17
0.06291742676874	0.576696640316621	17
-0.03750876162926	1.01468298340654	17
0.0620222180504699	2.24261604406199	17
-0.1156087333738	1.3949629689825	180
-0.0394466899375501	1.0104282246365	185
0.03213221321353	1.76222972477784	119
-0.11852352112591	1.28561255480115	185
-0.10919619913584	1.62189812366603	83
-0.02097037967704	0.845832345514803	185
0.0021477801918599	0.690181006466159	8
-0.0216258510894201	0.847367504278335	17
0.0362003374965401	1.77101057123531	2539
-0.0264390991736101	1.47827822218438	2539
0.06624801697384	1.38315688077817	162
0.07846264838222	1.40317639062366	615
-0.00144028442106992	0.686708757476986	138
0.00743094700247005	0.694462877643055	8
0.00318633412263991	0.68942663980602	8
-0.03284330924368	1.18802415417252	17
-0.0550675346112901	2.36859329717448	17
0.0000401348946199587	2.15673247124404	2539
0.12101874559855	1.05496844004333	162
-0.0248145492773899	0.844831390413282	17
0.00449936546613006	0.691150728040127	180
-0.0420765635596201	1.57543660985122	119
0.00267810736268004	0.690636942339763	185
0.11844417632729	1.83956143766125	185
0.060612918568	0.574810701056327	83
0.12205614751491	1.0509021871119	83
-0.00188366104490001	0.687285853301533	651
-0.0254461494376801	0.841896213690955	8
-0.0300298585733201	0.837997532256964	8
-0.0210960660433399	0.845293277515002	171
0.06205222453913	0.576575770191727	8
0.0611873140018699	0.576162678907346	8
0.06205222453913	0.576575770191727	54
0.060612918568	0.574810701056327	89
0.06089635736011	0.57486221118602	89
0.0052816479958	0.690623831710968	17
0.09117725269258	1.23021218316387	17
-0.0260836113862299	0.843673668477193	714
-0.020848758066	0.848002492808298	225
-0.0285964505073999	0.839712375171565	794
0.06654967827022	0.575242689535116	163
0.0560414491047201	1.53159267197875	17
0.07228044889551	1.39254208243657	556
0.06291742676874	0.576696640316621	162
-0.03860962433811	1.1776395823733	1802
0.00293242809066996	0.690747702125752	119
0.00614341202314006	0.692818894948525	83
0.0676057200529201	0.577246124018883	185
0.00483077342270999	0.692626429783641	8
-0.10347187633964	1.52639645904442	17
0.05195839986299	1.66864655760727	556
-0.10142217111835	1.63947750322818	556
0.06109336891133	1.54025939650828	162
0.00533841866345997	0.692211463064849	162
0.0896679132468401	1.22969096681357	225
-0.0522746069417199	1.98613735196921	185
-0.0270049495987601	0.840146814489466	8
0.05888204034268	0.572802709197407	8
0.00293242809066996	0.690747702125752	8
0.0560540375112599	0.572176134773053	89
0.05720354168202	0.572959867621651	163
0.06012134843669	0.574818428531195	163
0.12263430906275	1.84906474132365	17
0.06176150416243	0.575573951673107	162
0.0053602613747501	0.69181356761285	162
0.0130344704231	0.697263181278941	180
0.0580650230272699	0.573080429177984	180
0.00586765213810003	0.693882064620264	225
0.06176150416243	0.575573951673107	83
0.06176150416243	0.575573951673107	8
-0.05260513558956	1.8836352478359	17
0.12090615842183	1.05179708294221	17
0.0636049531451399	1.37742309671142	17
-0.0370725875593301	1.01571172266306	17
-0.02622549241784	0.841135468705538	17
0.06012134843669	0.574818428531195	17
0.00267810736268004	0.690636942339763	225
0.0652629153297899	0.577331121752138	225
0.00136235077006996	0.689385845375163	185
0.0563414332457799	0.572549276189887	83
-0.0349672114236701	1.01787235219061	1803
0.06497186902393	0.578443560062359	8
0.0564323310084101	1.52836994904873	8
0.0635322778785099	0.576480757103141	2721
0.0614779765006099	0.575223127248405	171
0.0614779765006099	0.575223127248405	8
0.12307194745151	1.05400217713735	17
0.0641062582252101	0.57783656828618	17
0.0673239464909801	0.577596717444378	17
-0.0216258510894201	0.847367504278335	17
0.0603221792564701	0.575449353150941	2721
0.06176150416243	0.575573951673107	180
0.0598344987371999	0.574552074754926	83
0.0615575788057401	0.575397722991523	171
0.0603221792564701	0.575449353150941	8
0.0700963763428	1.38992815089609	54
0.0603221792564701	0.575449353150941	89
0.0565095017544399	1.53307835075057	556
-0.03742156187672	1.01105002041058	556
0.06262627398235	0.575986404326764	17
0.0652629153297899	0.577331121752138	2721
0.06497186902393	0.578443560062359	225
-0.0221016225355	0.847224192673576	225
0.00424613030137011	0.691543070982657	119
0.0614779765006099	0.575223127248405	77
0.0684710951174199	0.578360020930028	868
-0.0236567208437399	0.845162682271321	83
0.0643979077286201	0.577085966346076	171
-0.03822462137969	1.45721765226556	171
0.0655456320514201	0.577850509647929	8
0.06262627398235	0.575986404326764	8
0.00422639727205998	0.691131199114982	377
0.0600305781509101	0.573563297385593	163
-0.0221859140365499	0.84607433395072	17
0.0108871990781401	0.69661470718865	17
0.0641062582252101	0.57783656828618	17
0.0640449904775999	1.54295407158299	556
0.06176150416243	0.575573951673107	556
-0.0372176740838399	1.18207074856957	556
0.01250753936361	0.696808660965334	556
0.0658368577022399	0.578688566094146	162
0.00189292169615007	0.689841585471618	83
-0.0398782465277801	1.3260160565124	83
0.06497186902393	0.578443560062359	2264
0.06176150416243	0.575573951673107	54
0.0687623835620801	0.579389020639623	17
0.0684710951174199	0.578360020930028	17
0.06324002887349	0.576609113923133	162
0.06291742676874	0.576696640316621	225
0.0646800402191901	0.577244755259019	225
0.06176150416243	0.575573951673107	2
-0.0156041316818301	0.852031985474326	185
0.0603221792564701	0.575449353150941	83
-0.03456632439259	1.0169692619824	8
0.06641060189182	0.578095540716024	54
-0.04116726542962	1.1763190153545	17
0.0611873140018699	0.576162678907346	17
0.00293242809066996	0.690747702125752	17
-0.0216258510894201	0.847367504278335	2721
0.0635322778785099	0.576480757103141	225
0.06176150416243	0.575573951673107	225
0.0984796902666001	1.23819645065222	83
0.0646800402191901	0.577244755259019	83
-0.02240306986885	0.846475145188653	8
0.06012134843669	0.574818428531195	171
-0.0156041316818301	0.852031985474326	738
-0.00344942816176008	0.685422431915486	738
-0.0302094773194399	1.02391626322023	89
-0.04236920651572	1.32019249650753	17
-0.0281054598480099	1.02457869621826	17
-0.0334364066289601	1.0206978837929	27
0.0636199618746001	0.575665599041282	83
0.0614779765006099	0.575223127248405	83
-0.01889054567493	0.850023622074051	83
0.0646800402191901	0.577244755259019	8
0.0603221792564701	0.575449353150941	738
0.06497186902393	0.578443560062359	738
0.060612918568	0.574810701056327	1973
-0.10831640495144	1.62454092251251	17
0.0427797410604101	1.65052468033202	17
0.12217242219931	1.05393988772825	641
0.0658368577022399	0.578688566094146	2264
0.0687623835620801	0.579389020639623	8
-0.0546113777077	1.97931294306088	17
-0.00271397778932991	2.25027363593461	17
-0.03851612174345	1.32371999725545	17
-0.0270266216095001	1.02763539673403	2721
0.0641062582252101	0.57783656828618	83
0.06262627398235	0.575986404326764	138
-0.0215085080158	0.847785511360695	185
0.06205222453913	0.576575770191727	185
0.00267810736268004	0.690636942339763	185
-0.0337775728421701	1.01759718242973	8
-0.00110196372153992	0.687849919556878	988
0.00932812295723995	0.695796600619346	2264
0.0646800402191901	0.577244755259019	8
-0.0292502703225901	0.838987481079416	886
-0.0419915283152801	1.57529120002786	17
-0.03390165169547	1.46774475023956	17
-0.0530470603005	2.08636449644448	17
0.0598332032873801	1.53448473421437	2721
0.08939457526419	1.22624256922372	225
-0.0249694509865399	0.842789606194151	2
0.0646800402191901	0.577244755259019	83
0.06176150416243	0.575573951673107	83
0.0643979077286201	0.577085966346076	185
0.06497186902393	0.578443560062359	8
0.00189292169615007	0.689841585471618	171
-0.02491111939303	0.842746604380007	161
-0.03949379187612	1.45837447595269	17
-0.00499417485364995	2.25100545142613	556
-0.0411490020430101	1.00413532257871	2
0.00235627602433008	0.690487755919548	83
0.11813569478068	1.04977155495862	171
-0.00344942816176008	0.685422431915486	2264
-0.02527164880416	0.842174246105442	8
0.06176150416243	0.575573951673107	5
0.0865992986109401	1.22152181477695	17
-0.0387794396177701	1.01080366775012	17
0.0016376537079601	0.687961909754693	1505
-0.0247354669436599	0.841476735874528	119
0.0021477801918599	0.690181006466159	185
0.0643979077286201	0.577085966346076	83
-0.0240079890851199	0.843299633626291	83
0.06497186902393	0.578443560062359	138
0.0537724826891699	0.569363494119915	185
-0.0239578791717601	0.843786125104647	8
0.06176150416243	0.575573951673107	8
0.0108871990781401	0.69661470718865	8
0.0577788389210201	0.573295283481806	8
0.00320831641663011	0.689829279676215	54
-0.0348840045545999	1.01471598824275	17
-0.03373581658541	1.01838826656207	17
0.0507482223648701	1.51391161678014	17
0.0611873140018699	0.576162678907346	17
0.06291742676874	0.576696640316621	2721
-0.0350459408752399	1.01378426761068	119
0.0684710951174199	0.578360020930028	185
0.06176150416243	0.575573951673107	185
0.06205222453913	0.576575770191727	83
0.12183030281676	1.05446532089359	138
0.00260667546849991	0.691415486937782	8
0.06069635629646	0.575154297721853	988
0.00422639727205998	0.691131199114982	17
0.08167242405586	1.41025883916864	17
-0.0474920320401799	1.6786639990486	17
-0.0398833917912	1.01028145796905	119
-0.03807541619405	1.18015405623154	185
0.12425402639587	1.05809511809013	77
0.0592594715086701	0.574216413367679	83
0.0673239464909801	0.577596717444378	138
0.06497186902393	0.578443560062359	8
0.0615575788057401	0.575397722991523	171
0.06205222453913	0.576575770191727	8
0.06208745897867	2.24471618522101	161
-0.03565491513395	1.18015485966907	17
0.05389702489048	1.52656726825462	17
-0.0277051939236199	1.02471455186647	2
-0.0296668820974999	1.0232126458001	119
0.00320831641663011	0.689829279676215	83
0.0103595415191	0.696159140742934	171
0.00553133286710006	0.693014411465741	171
0.0678976197735399	0.578952002833974	54
0.11444876769934	1.04108342128167	886
-0.1153916972374	1.40019135415646	886
-0.11486199466115	1.40417854574909	471
-0.0380568978901801	1.18334471146818	471
0.00717857209743	0.694778656366304	1505
0.11989598056835	1.83823203084961	119
0.0678976197735399	0.578952002833974	83
0.00553133286710006	0.693014411465741	83
0.0670322258031899	0.5778351002051	138
0.06291742676874	0.576696640316621	8
-0.0308434049824999	1.02062511104928	171
0.00932812295723995	0.695796600619346	2264
0.06176150416243	0.575573951673107	8
-0.000321061867180061	0.688187970617562	8
0.00639676878278994	0.694338750578675	8
0.060612918568	0.574810701056327	8
-0.0347012579257899	1.58999061541036	886
-0.04593465184186	2.10249252552934	886
0.0592594715086701	0.574216413367679	17
-0.03755185156019	1.01122596058456	17
-0.000210838838099914	0.686619502336012	2
0.12263236673022	1.05710853341237	2
0.0892222716550499	1.2281470766561	2
-0.03250914084671	1.01978881304927	77
0.0635322778785099	0.576480757103141	77
0.0586403009672001	0.57341570515588	77
0.0061207112992101	0.692650977578977	138
-0.0376049791800701	1.18370964029307	988
-0.0239364981826899	0.845377008358032	171
0.06670122068132	0.578357087896594	54
0.06612729710276	0.577002863033466	54
0.06176150416243	0.575573951673107	743
0.05411359050319	0.569290066288547	2721
0.0658368577022399	0.578688566094146	548
-0.0387398809841699	1.01253680566463	77
0.000951501576939906	0.687942290330783	83
0.06176150416243	0.575573951673107	221
0.06962651355507	0.579182253156176	5
0.00743094700247005	0.694462877643055	17
0.0658368577022399	0.578688566094146	119
0.0641062582252101	0.57783656828618	27
-0.00489133738323999	0.683141041126509	27
0.0569167499116701	0.572884622733256	83
0.06262627398235	0.575986404326764	8
-0.03900471404428	2.12117478232211	161
0.0569167499116701	0.572884622733256	161
0.06262627398235	0.575986404326764	1505
0.06641060189182	0.578095540716024	548
0.06069635629646	0.575154297721853	83
0.06205222453913	0.576575770191727	83
0.00242337421849004	0.689036040188378	138
0.00338491240400995	0.691555507421072	185
0.000576143278439911	0.688308974423275	2264
0.0670322258031899	0.5778351002051	8
0.06497186902393	0.578443560062359	221
0.0106358549961301	0.695552144813358	161
0.0658368577022399	0.578688566094146	17
0.0867081715139899	1.22456356338184	445
-0.0331748540329899	0.832354746074099	17
0.0708294996284899	0.578518011832582	2721
0.06349145731342	0.576107730106197	2721
0.000267110137720072	0.689273684954674	2
0.06435602307781	0.575689391195341	833
0.0138116868723701	0.697641490680618	119
0.00313507705548011	0.690925092944883	27
0.0611873140018699	0.576162678907346	83
0.0658368577022399	0.578688566094146	83
0.06176150416243	0.575573951673107	258
0.05547870129105	0.571841073068374	258
-0.0234116497625301	0.843599196058389	471
0.0643979077286201	0.577085966346076	471
-0.0929705253831901	2.47858492568418	17
-0.12403098529524	1.15363159233969	17
0.0641062582252101	0.57783656828618	17
0.0684710951174199	0.578360020930028	17
-0.02527164880416	0.842174246105442	2
0.00260667546849991	0.691415486937782	171
-0.0286163145938201	1.02200548970511	8
0.0900756437280501	1.22958575571376	8
0.0053602613747501	0.69181356761285	163
0.08192177019014	1.40871518908734	161
-0.01889054567493	0.850023622074051	161
-0.0316368981351201	1.02025747599786	17
0.0349880381847401	1.76950846642898	17
0.06497186902393	0.578443560062359	17
0.12374697209348	1.85068037284843	833
0.0658368577022399	0.578688566094146	119
0.05974779582566	0.574099743860578	119
0.0701999514768401	0.578591223119105	83
0.0714026860101	0.577930364912159	83
0.00932812295723995	0.695796600619346	54
-0.10308915390989	1.92466730402555	886
-0.0305063783794	0.837494860161703	161
0.06291742676874	0.576696640316621	17
0.0569167499116701	0.572884622733256	17
-0.10927051070291	1.62132223237002	17
-0.0362341245631399	1.45875829419556	17
0.00235627602433008	0.690487755919548	2
-0.01461448261346	0.851839755687655	2
0.0709585457591599	1.39150128389737	833
0.0693358401298201	0.578796394975642	833
-0.02419049180415	0.843322270030413	119
-0.0324683921453399	1.01939239462527	119
0.0652629153297899	0.577331121752138	119
0.06176150416243	0.575573951673107	27
-0.0210382009390999	0.848285602729746	138
-0.00274460343385008	0.685910218671815	51
0.00189292169615007	0.689841585471618	51
0.0655456320514201	0.577850509647929	171
-0.0284707970098099	0.839749903979773	8
-0.00566952224413009	0.682805277876563	54
0.00639676878278994	0.694338750578675	54
-0.0297065522759601	1.02375143570491	221
0.12469729264901	1.05953797009636	161
-0.03021930944037	1.19213432048193	161
0.08542042578716	1.22297664499456	17
0.0732105219511501	1.39531356886505	2
-0.0197188889134201	0.849018090222835	2
-0.0024136509886199	0.68598507205861	1119
0.00260667546849991	0.691415486937782	1119
0.06497186902393	0.578443560062359	27
0.00477585205490994	0.690733785453618	83
0.0637820113037599	0.576275963644178	591
-0.02574852595563	0.84202843921497	185
0.00692576864066008	0.693521170574345	51
-0.03742156187672	1.01105002041058	51
0.0646800402191901	0.577244755259019	8
0.0016173348597599	0.688521459133206	54
-0.0317656759081499	1.02241474474924	17
-0.0358021620493201	1.01699964744668	119
0.06262627398235	0.575986404326764	27
0.06291742676874	0.576696640316621	27
0.0611873140018699	0.576162678907346	171
0.0621836107824301	0.574223274299761	171
0.0061207112992101	0.692650977578977	8
-0.0356258587369001	1.33207459341424	886
-0.11935701431107	1.28478155208421	17
-0.035493013365	1.46651385189911	17
-0.0359473195411999	1.18402790134359	17
-0.01816706767651	0.850249471494147	17
0.05974779582566	0.574099743860578	27
0.0681887291410099	0.57803285948981	27
0.06497186902393	0.578443560062359	27
0.0103595415191	0.696159140742934	27
0.11848267972135	1.05024213152447	281
0.0603221792564701	0.575449353150941	171
0.0623431977133699	0.575344807364201	171
0.0637820113037599	0.576275963644178	5
0.0106358549961301	0.695552144813358	482
0.000898048229770021	2.26825395128607	886
0.12326565278663	1.84971579676596	161
-0.0326013477198299	1.02171068889621	17
0.0592594715086701	0.574216413367679	17
-0.0329047010876999	1.01952518355885	17
-0.03024368216811	1.02393078378304	833
0.0127582019348	0.695516704903893	548
0.0577788389210201	0.573295283481806	27
0.0569167499116701	0.572884622733256	138
-0.02643685526982	0.839676445592563	171
0.00639676878278994	0.694338750578675	171
-0.02265669552818	0.846982663609958	171
0.00637445744662002	0.690361127153551	171
0.05888204034268	0.572802709197407	1964
0.06176150416243	0.575573951673107	17
-0.0293748117239701	1.02510528535836	17
-0.10152725048679	1.73710184379722	17
-0.0394050886000701	1.00734134359887	445
0.04028862566771	1.78114830869765	17
-0.0252859310370499	0.844330995209208	2
0.12021252598654	1.05340760036227	833
0.0511974351737099	0.568134187441678	281
0.06497186902393	0.578443560062359	51
0.0039762096757201	0.691529582110652	171
0.00922713383460994	0.694290260477063	171
0.0603221792564701	0.575449353150941	171
0.060612918568	0.574810701056327	54
-0.12474695236432	1.27094001228106	886
0.00207815834684011	0.690106296456495	17
-0.0351734872799501	1.33143398409904	445
-0.0583869882056101	1.97087786415358	17
-0.0231275674860201	0.846482301453177	119
0.0106358549961301	0.695552144813358	865
0.00242337421849004	0.689036040188378	138
-0.0363739396652401	1.01457196243046	865
0.0050037967721599	0.691704308048797	281
-0.0204950030478399	0.847946970549542	171
0.00586765213810003	0.693882064620264	171
0.0614779765006099	0.575223127248405	403
0.05547870129105	0.571841073068374	5
0.0369331812740701	1.77190682257569	886
-0.03315985766201	1.33395223984695	161
0.12136747621917	1.05289629957517	17
-0.03373581658541	1.01838826656207	548
-0.0280035428996299	1.02491318935475	27
0.0577788389210201	0.573295283481806	27
-0.02257748212948	0.846325955266984	281
0.0611873140018699	0.576162678907346	54
0.06497186902393	0.578443560062359	5
0.00639676878278994	0.694338750578675	845
-0.0360252293790699	1.3337384153338	161
0.06324002887349	0.576609113923133	27
0.06019559031696	1.53960521141572	138
0.0682989609314599	1.38450725879961	138
0.0614779765006099	0.575223127248405	51
0.0639254304571499	1.54582409541846	988
0.12182870789096	1.05299427142307	171
0.0021477801918599	0.690181006466159	171
-0.02730701785816	0.839794057772938	1942
0.0678931078502401	1.38335595304125	171
-0.01810937650217	0.847490214043006	54
0.0577788389210201	0.573295283481806	17
0.0563414332457799	0.572549276189887	2
0.11896180064818	1.0509479237545	119
0.00639676878278994	0.694338750578675	119
0.00561416805771997	0.693634697863814	548
-0.0187689361233101	0.850059205901264	27
0.0021477801918599	0.690181006466159	138
0.06670122068132	0.578357087896594	865
0.06089635736011	0.57486221118602	473
0.00422639727205998	0.691131199114982	221
0.00639676878278994	0.694338750578675	221
0.00422639727205998	0.691131199114982	17
0.0672749461620601	0.577766096078519	2
0.000267110137720072	0.689273684954674	119
0.06324002887349	0.576609113923133	548
-0.0187689361233101	0.850059205901264	27
0.00932812295723995	0.695796600619346	481
0.12298080307723	1.05714424699711	865
0.00561416805771997	0.693634697863814	865
-0.11543791021959	1.28683673346868	988
0.0611873140018699	0.576162678907346	1942
0.12217242219931	1.05393988772825	161
0.12333285776008	1.05426062989849	161
0.06266602934731	0.575258394733933	963
0.00561416805771997	0.693634697863814	963
-0.0297065522759601	1.02375143570491	17
0.000518758534119979	0.688969463483089	727
-0.02652771536146	0.841038919394943	119
-0.0237141504041001	0.843467255470174	119
0.0646800402191901	0.577244755259019	27
0.0598344987371999	0.574552074754926	27
0.06069635629646	0.575154297721853	27
0.05720354168202	0.572959867621651	27
0.0641062582252101	0.57783656828618	1578
-0.0275522631627301	1.34475727180784	281
0.0569167499116701	0.572884622733256	171
-0.03366560023188	1.18807412281616	17
-0.0271609179158501	1.34550867848786	17
0.07906036081857	1.40494399673093	17
0.0655456320514201	0.577850509647929	481
0.05974779582566	0.574099743860578	27
-0.11973852685928	1.28404080532179	281
-0.00188366104490001	0.687285853301533	281
-0.0475766983664401	1.16366061437193	221
-0.02730969356964	1.02640389049445	161
-0.0378102179223301	1.17950484786464	762
-0.03024368216811	1.02393078378304	762
0.12217312001166	1.05652988804527	963
0.06324002887349	0.576609113923133	2
0.0641062582252101	0.57783656828618	119
0.060612918568	0.574810701056327	119
-0.0221016225355	0.847224192673576	27
-0.01954451230501	0.848987615586173	27
0.0598344987371999	0.574552074754926	1016
-0.0331748540329899	0.832354746074099	281
0.0673239464909801	0.577596717444378	1578
0.0560540375112599	0.572176134773053	171
0.06641060189182	0.578095540716024	1942
-0.01769258657851	0.851149257020452	171
-0.0198448402315601	0.846407709494512	17
-0.0335324980013501	1.46353076226147	17
0.06069635629646	0.575154297721853	17
0.00879997521194009	0.695340728531382	2
0.0681887291410099	0.57803285948981	367
0.0652629153297899	0.577331121752138	27
0.06069635629646	0.575154297721853	27
0.05547870129105	0.571841073068374	27
0.0941618133616	1.23598391369931	281
0.06612729710276	0.577002863033466	51
0.06262627398235	0.575986404326764	171
0.06069635629646	0.575154297721853	5
0.0658368577022399	0.578688566094146	762
0.00483077342270999	0.692626429783641	17
-0.0553190076993599	2.17691719584232	17
-0.02240306986885	0.846475145188653	17
0.0635322778785099	0.576480757103141	17
0.06291742676874	0.576696640316621	119
0.06205222453913	0.576575770191727	119
0.06091418736627	1.53537823963635	27
0.06069635629646	0.575154297721853	27
0.0670322258031899	0.5778351002051	27
0.06670122068132	0.578357087896594	865
0.12423097560466	1.05527704733487	171
0.06205222453913	0.576575770191727	171
0.060612918568	0.574810701056327	171
0.0603221792564701	0.575449353150941	17
0.0646800402191901	0.577244755259019	17
0.0592594715086701	0.574216413367679	367
0.06497186902393	0.578443560062359	119
0.0678976197735399	0.578952002833974	119
0.06176150416243	0.575573951673107	27
-0.0325937523342399	1.01826883240733	281
0.06324002887349	0.576609113923133	51
0.0716923329760499	1.39169353392265	171
-0.02179985176911	0.846961178203258	161
-0.0317314119700201	1.02049135216856	471
0.0678976197735399	0.578952002833974	17
-0.04841378495105	1.67609201312186	17
0.06497186902393	0.578443560062359	119
-0.01829409056027	0.848915648871265	281
0.0643979077286201	0.577085966346076	633
-0.02240306986885	0.846475145188653	51
-0.12411539987433	1.27299496145121	171
0.0684710951174199	0.578360020930028	161
0.0053602613747501	0.69181356761285	17
0.0627583472834601	0.574558056795105	119
-0.10634912296707	1.62098490190303	119
0.05930152117185	1.53262894097575	119
0.06205222453913	0.576575770191727	481
0.0641062582252101	0.57783656828618	1117
0.06262627398235	0.575986404326764	281
0.06205222453913	0.576575770191727	171
-0.02192711849644	0.845340745800378	471
0.06324002887349	0.576609113923133	471
0.0742738061786601	1.3959855196073	17
0.0000150388298401083	0.687159668056838	119
-0.0322615913883499	1.33633303767426	119
-0.03777001339456	1.01009487876889	119
0.0714026860101	0.577930364912159	548
0.0603221792564701	0.575449353150941	161
-0.11676346055603	1.50403457584524	471
0.06176150416243	0.575573951673107	471
-0.0268296058986299	0.839940976390302	17
0.00104777080569995	0.690276905484279	17
0.06205222453913	0.576575770191727	17
-0.03300116325666	1.0208400080725	17
-0.00135378827224009	0.68680319900825	119
-0.0213771483062399	0.846875416067426	119
0.00561416805771997	0.693634697863814	281
-0.04197517639643	1.32129263008671	281
-0.01747026886933	0.848458302204673	51
0.0603221792564701	0.575449353150941	471
0.06262627398235	0.575986404326764	367
0.00104777080569995	0.690276905484279	2
0.06497186902393	0.578443560062359	27
0.05974779582566	0.574099743860578	171
0.0050037967721599	0.691704308048797	221
0.06291742676874	0.576696640316621	161
-0.0244236142510601	1.20046213978369	471
0.12021252598654	1.05340760036227	17
0.00932812295723995	0.695796600619346	17
0.06176150416243	0.575573951673107	367
0.05897200973491	0.573334925553979	1117
-0.0424494253049501	1.90595493489325	171
-0.01636138479052	0.851876869323031	163
-0.0319833624886801	1.18951183539698	471
0.05668786487255	0.571332871837485	1190
0.0744240246972001	1.39627551423875	17
-0.0271643311480201	0.842115585187827	548
-0.02400449268641	0.845226570686261	281
0.00136235077006996	0.689385845375163	1336
0.0634741156366001	1.54507993307061	171
0.12056292498138	1.05157477977395	171
0.05974779582566	0.574099743860578	221
0.0884779893924399	1.22865561067318	221
-0.00352171508521004	0.685216178748447	5
0.0658368577022399	0.578688566094146	163
0.0520564219683599	0.568835833916539	161
0.00450412691879998	0.691039692171147	17
0.0611873140018699	0.576162678907346	119
0.0598344987371999	0.574552074754926	481
-0.10848035957085	1.41221670885819	51
0.00430116810844994	0.692170239986747	51
-0.0376653993612299	1.3291279925591	5
0.00430116810844994	0.692170239986747	161
0.0598344987371999	0.574552074754926	161
-0.0310319117212801	0.836923297570687	161
0.05720354168202	0.572959867621651	762
0.07886030546684	1.40128827885743	762
0.06291742676874	0.576696640316621	17
0.06497186902393	0.578443560062359	119
0.06262627398235	0.575986404326764	197
-0.0416245765755401	1.00711166806123	281
-0.11966352623522	1.39360702143804	281
0.00293242809066996	0.690747702125752	51
0.06205222453913	0.576575770191727	5
0.0551566377105499	1.52171131203244	161
-0.04167449049662	1.57590879819861	17
0.0995274252262399	1.24285061398348	17
0.06324002887349	0.576609113923133	17
0.0658368577022399	0.578688566094146	367
0.05897200973491	0.573334925553979	367
0.00104777080569995	0.690276905484279	367
0.0053602613747501	0.69181356761285	367
0.0678976197735399	0.578952002833974	119
0.00827171168379004	0.693669391229875	27
0.12101874559855	1.05496844004333	27
0.06205222453913	0.576575770191727	197
-0.00319638715160009	0.685195352755621	197
0.0668359805930201	0.575844934051185	51
0.06497186902393	0.578443560062359	51
0.06324002887349	0.576609113923133	51
0.0603221792564701	0.575449353150941	5
0.06205222453913	0.576575770191727	473
0.060612918568	0.574810701056327	5
0.0623373739608	1.37531879698223	471
0.0797847920752299	1.40582143888046	17
0.0563414332457799	0.572549276189887	119
0.0053602613747501	0.69181356761285	1097
0.0646800402191901	0.577244755259019	553
-0.0419881049120101	1.00650136063134	965
0.06349145731342	0.576107730106197	5
-0.10421954813198	1.63103874294453	161
0.01851635456274	2.09070737435828	17
0.06381382996212	0.576020696597725	17
0.0655456320514201	0.577850509647929	17
0.00639676878278994	0.694338750578675	367
0.06089635736011	0.57486221118602	367
0.0614779765006099	0.575223127248405	481
0.06349145731342	0.576107730106197	27
0.00189292169615007	0.689841585471618	27
0.0887965645756299	1.22797173783531	171
0.06497186902393	0.578443560062359	2454
-0.0197188889134201	0.849018090222835	5
0.0641062582252101	0.57783656828618	221
0.00242337421849004	0.689036040188378	471
0.0652629153297899	0.577331121752138	119
-0.03010258916354	1.02334871044397	119
0.00561416805771997	0.693634697863814	119
-0.0187689361233101	0.850059205901264	119
-0.0272699423820999	1.02314714204785	119
0.00483077342270999	0.692626429783641	1097
-0.105436530635	1.41868466853158	1097
0.00129886233226006	0.689668705776789	27
0.0611873140018699	0.576162678907346	27
-0.03147839721067	1.02221697935077	1418
0.06262627398235	0.575986404326764	281
-0.03348619707443	1.33530903882953	281
-0.0231804130222399	0.845307064723599	171
0.00985615496175996	0.694976702755398	965
0.12217312001166	1.05652988804527	60
0.06497186902393	0.578443560062359	17
0.06176150416243	0.575573951673107	367
0.0592594715086701	0.574216413367679	162
0.05974779582566	0.574099743860578	119
0.0021477801918599	0.690181006466159	119
0.0641062582252101	0.57783656828618	481
0.07713354108816	1.40219074220252	481
0.0333988762117701	1.76660509606397	197
0.06205222453913	0.576575770191727	281
0.0108871990781401	0.69661470718865	281
-0.02413311732103	0.844266334309948	171
0.00242337421849004	0.689036040188378	171
0.0560540375112599	0.572176134773053	965
0.12136747621917	1.05289629957517	965
-0.02001971393119	0.848845456280035	965
-0.0221503549111099	1.03186026218427	221
-0.03777441314715	1.32591066710407	161
0.06205222453913	0.576575770191727	471
-0.03764325070301	1.45939264096415	17
-0.04824248218892	1.99352765896012	17
0.0394911895865799	1.77986646194003	17
-0.0972116094314399	2.11757159261199	17
-0.10594374875309	1.82447921982699	17
0.05547870129105	0.571841073068374	367
0.00639676878278994	0.694338750578675	367
-0.03366560023188	1.18807412281616	119
-0.10333489448438	1.63542853799162	119
-0.03936878232134	1.1802536135286	119
0.0674103866981299	0.576179556054442	1097
-0.11457332041309	1.40221231544354	1097
0.0598344987371999	0.574552074754926	27
0.06205222453913	0.576575770191727	553
-0.0221859140365499	0.84607433395072	197
0.0678976197735399	0.578952002833974	281
0.0678976197735399	0.578952002833974	2454
0.00879997521194009	0.695340728531382	5
0.09601648626107	2.07583604549618	886
0.0681887291410099	0.57803285948981	161
-0.03024368216811	1.02393078378304	17
0.06176150416243	0.575573951673107	17
0.06089635736011	0.57486221118602	367
0.06262627398235	0.575986404326764	162
0.0414364353946799	1.64186227418108	548
-0.0397882853690601	1.6978848357859	548
0.06089635736011	0.57486221118602	27
0.00845276077678991	0.693913643295033	27
0.0623431977133699	0.575344807364201	281
0.00318633412263991	0.68942663980602	171
0.0611873140018699	0.576162678907346	5
-0.02179985176911	0.846961178203258	5
0.10425340211194	1.24808323839378	886
-0.0339957539289699	0.832728120709446	886
0.12009904376168	1.05200329333299	161
0.0636199618746001	0.575665599041282	161
0.000796253389989898	0.688787241678732	161
0.0635322778785099	0.576480757103141	17
-0.02622549241784	0.841135468705538	576
0.06390623522406	0.575763852388588	17
-0.03139658780054	1.59273242124888	17
0.08737848410811	1.22790522851798	197
0.0053602613747501	0.69181356761285	171
-0.0228631385217499	1.03127936372052	5
-0.0373382742531201	1.17955540272093	161
0.0611873140018699	0.576162678907346	161
-0.02115016776875	0.846230646380521	162
0.0655456320514201	0.577850509647929	17
0.0643979077286201	0.577085966346076	119
-0.0394466899375501	1.0104282246365	27
0.00586765213810003	0.693882064620264	171
-0.02491111939303	0.842746604380007	161
0.0646800402191901	0.577244755259019	17
0.0655456320514201	0.577850509647929	119
0.00827171168379004	0.693669391229875	119
-0.0270049495987601	0.840146814489466	119
0.06641060189182	0.578095540716024	119
0.05974779582566	0.574099743860578	27
-0.0328934013314499	1.46663051057184	27
0.00182762709119011	0.690977558044493	683
0.00508480701770009	0.693178123428776	27
0.0806516098475201	1.4072994153554	197
-0.0333410946442601	1.01892296828758	281
0.0142855687971399	1.96524184642408	281
-0.0414168770355601	1.44905278247891	171
-0.01954451230501	0.848987615586173	171
0.06324002887349	0.576609113923133	5
0.00416233435580993	0.691089430657865	17
0.0603221792564701	0.575449353150941	17
0.06497186902393	0.578443560062359	548
-0.03456632439259	1.0169692619824	683
0.0722671946858	0.578872717124963	683
-0.000210838838099914	0.686619502336012	27
-0.03842222020803	1.01171811690909	221
0.00558932615384999	2.17074036754303	886
-0.0588221759340599	2.16475695420054	886
-0.03635914535483	1.18367256874181	161
0.0643979077286201	0.577085966346076	17
-0.12334884757505	1.38420258171745	17
0.0270863893661499	1.87567032585932	17
-0.00489133738323999	0.683141041126509	17
0.05720354168202	0.572959867621651	119
0.09029521007482	2.19035557555806	548
0.0016376537079601	0.687961909754693	548
-0.020848758066	0.848002492808298	548
0.0117292512378999	0.696021214946946	27
0.0655456320514201	0.577850509647929	27
0.0364622695618899	1.89674143755704	197
0.05720354168202	0.572959867621651	281
0.06205222453913	0.576575770191727	281
-0.0416935717212901	1.8007451323264	281
0.060612918568	0.574810701056327	171
0.06497186902393	0.578443560062359	171
-0.0332992781050001	1.01825645551197	60
-0.00266615035100992	0.686494356169944	5
-0.0382897212455799	1.4613223118786	221
0.06179074610864	1.3726501684563	17
-0.11601687632048	1.40222614024145	17
-0.0424040984565099	1.57189417459768	17
0.0955606459342799	1.23990581252089	17
0.0934276556914999	1.23435954835985	197
0.0873826968192799	1.22802434285994	171
0.00189292169615007	0.689841585471618	198
0.0611873140018699	0.576162678907346	624
0.00586765213810003	0.693882064620264	5
0.06262627398235	0.575986404326764	482
-0.03031914937655	1.19238313638477	161
-0.03860962433811	1.1776395823733	17
-0.0369603031261301	1.46003108309919	17
-0.0437487267430301	1.1720130915875	162
-0.0361528171023899	1.01336360962792	119
0.0444205293713	1.6540173005665	548
0.00430116810844994	0.692170239986747	197
-0.0338791476485301	1.33393061621529	281
-0.02748227342387	0.838055616654447	171
-0.03104353414108	1.02235815656415	198
-0.0254461494376801	0.841896213690955	198
0.06670122068132	0.578357087896594	198
-0.0213242609706901	0.847859591846366	164
-0.0359082467874401	1.01571418910896	164
0.0646800402191901	0.577244755259019	198
0.09459017261091	1.23754184803375	5
0.06291742676874	0.576696640316621	5
-0.00756594495237994	0.680226178212788	5
0.000267110137720072	0.689273684954674	5
0.0627583472834601	0.574558056795105	5
0.0053602613747501	0.69181356761285	161
0.0000150388298401083	0.687159668056838	161
-0.10632302807767	1.62555173269615	576
-0.10971234783259	1.52013654093985	17
0.0361465499385201	1.77105560445394	17
0.05612252889976	1.53184048139537	17
0.0810340315720099	1.21474490214284	119
-0.0316368981351201	1.02025747599786	27
0.00293242809066996	0.690747702125752	197
-0.0248145492773899	0.844831390413282	281
-0.0264782562224899	1.02758636007513	1220
-0.0284387887742199	1.02505063121029	1220
-0.04276068969384	1.00487392417936	198
0.00614341202314006	0.692818894948525	5
0.06176150416243	0.575573951673107	482
0.0580650230272699	0.573080429177984	17
-0.03285482100577	0.833086686884778	17
0.0811943458972599	1.21340076017042	27
-0.00135378827224009	0.68680319900825	171
0.06349145731342	0.576107730106197	60
-0.02240306986885	0.846475145188653	5
0.0658368577022399	0.578688566094146	5
0.0589258736977201	0.572664523314965	482
0.06205222453913	0.576575770191727	163
0.12182535917109	1.05619026747191	161
0.08593340340955	2.05058997720086	17
0.06176150416243	0.575573951673107	17
-0.0411136883273899	1.00766975155781	17
-0.0377770377697999	1.3243743784659	119
0.00639676878278994	0.694338750578675	548
0.0681887291410099	0.57803285948981	548
-0.0224645823909999	1.03128152578099	27
0.00371629100523996	0.691087358930325	171
0.00553133286710006	0.693014411465741	60
-0.00291906238001993	0.684943536509662	161
0.0632078011036901	0.574927820339808	161
0.06089635736011	0.57486221118602	17
0.0538642062867201	1.67288273883673	17
0.00267810736268004	0.690636942339763	17
-0.02265669552818	0.846982663609958	17
-0.0393305002331801	1.18135036371749	17
-0.0433421804318299	1.5713892874729	17
0.00605875448629001	0.692521730141183	27
-0.02240306986885	0.846475145188653	171
-0.02050694983711	0.84765842125807	281
0.0611873140018699	0.576162678907346	198
0.12459802824399	1.05820696788117	5
0.0021477801918599	0.690181006466159	60
0.09739146451674	1.24123127154654	17
-0.03366560023188	1.18807412281616	2301
0.0652629153297899	0.577331121752138	197
0.0986781539583199	1.24242544748585	281
0.00879997521194009	0.695340728531382	198
-0.01829409056027	0.848915648871265	198
0.06262627398235	0.575986404326764	60
0.00293242809066996	0.690747702125752	5
0.07169402701746	0.57946276405746	5
0.12345014890616	1.05653700495127	576
-0.02764000128922	0.841611880836867	17
-0.04630975432439	1.67994406497357	119
-0.12359231378626	1.3840215765061	548
-0.0300923649208	1.34095098910479	548
-0.03319533622829	0.833733783798595	27
0.00907564491784996	0.694063919515537	197
0.00189292169615007	0.689841585471618	171
0.0711206618269999	0.578111216460049	198
0.0611873140018699	0.576162678907346	5
-0.03300116325666	1.0208400080725	60
0.0603221792564701	0.575449353150941	5
0.06497186902393	0.578443560062359	482
-0.0228791096204799	0.846331341436971	17
-0.11609410690975	1.39871535062269	17
0.00477585205490994	0.690733785453618	17
0.0135612870803301	0.696441810161482	17
0.0577788389210201	0.573295283481806	17
-0.04427909853239	2.10827380145796	17
-0.10992133492082	1.81361145418216	162
0.00614341202314006	0.692818894948525	17
-0.03663649754584	1.01585626246522	2301
0.06089635736011	0.57486221118602	27
0.0919002429350999	1.23505024107777	281
0.0995274252262399	1.24285061398348	198
-0.0244344548276501	0.843641054220566	60
0.06497186902393	0.578443560062359	5
0.06641060189182	0.578095540716024	5
0.06670122068132	0.578357087896594	5
0.06497186902393	0.578443560062359	788
0.0941618133616	1.23598391369931	17
-0.0349928803569499	1.70461365885795	17
-0.02240306986885	0.846475145188653	17
0.06107389357514	1.53783811307221	17
0.12295594044126	1.99035499276161	548
0.12297776295943	1.05471668687245	198
0.12217242219931	1.05393988772825	5
0.0122564278441499	0.696475552291052	5
-0.0340768585937801	1.18706259074546	60
0.0641062582252101	0.57783656828618	5
0.0577788389210201	0.573295283481806	5
0.0603221792564701	0.575449353150941	482
-0.03053838020491	1.02274595280914	161
-0.11970302518089	1.28179733330389	17
-0.0991277284611001	1.74131547619923	17
-0.00188366104490001	0.687285853301533	17
-0.09197027675455	1.75747283723044	17
-0.0203202227484101	0.8475433058154	17
0.0961311499331801	1.237821962713	548
0.10662182307062	1.95994971750276	171
0.0560540375112599	0.572176134773053	171
0.0577788389210201	0.573295283481806	171
0.0592594715086701	0.574216413367679	198
0.06262627398235	0.575986404326764	60
0.06497186902393	0.578443560062359	5
0.0655456320514201	0.577850509647929	5
0.0882401948752201	1.22915968056406	969
0.0670322258031899	0.5778351002051	969
-0.0419552630534299	1.32164044527254	17
-0.11130223398067	1.51590590872034	17
0.0603221792564701	0.575449353150941	17
-0.02605057068814	0.841185243096645	17
0.0611873140018699	0.576162678907346	17
-0.1098084857844	1.61705480108455	17
0.0641062582252101	0.57783656828618	27
-0.03860962433811	1.1776395823733	548
0.0614779765006099	0.575223127248405	281
-0.0260433831629301	1.02744670511549	198
0.00533841866345997	0.692211463064849	198
-0.04101566067424	1.17518660242585	60
-0.0350882223398501	1.18534150381293	5
0.00455532885968002	0.691509463795607	482
0.0460635146180299	1.65647781399491	969
-0.10115762641629	1.64030634476098	969
-0.01669624608166	0.850633087703275	969
0.06112052191546	1.53812417930771	17
0.06497186902393	0.578443560062359	576
-0.0398514733095301	1.3239954341434	576
-0.11321758820858	1.40654249231776	17
0.0515505171848001	1.51789812883499	548
0.0655456320514201	0.577850509647929	171
-0.0335528149514599	1.33460818071302	171
0.00399247684920989	0.690394720161163	171
0.0881583016480001	1.22492992226668	171
-0.0270049495987601	0.840146814489466	171
0.06205222453913	0.576575770191727	171
0.12471448277166	1.05819041037015	171
-0.0192949548360299	0.848367791256091	198
0.0641062582252101	0.57783656828618	164
-0.01340950587569	0.853270452966803	60
0.0583969630091099	0.572999917193612	60
0.00129886233226006	0.689668705776789	5
0.0652629153297899	0.577331121752138	5
0.06497186902393	0.578443560062359	5
0.06205222453913	0.576575770191727	482
0.0603221792564701	0.575449353150941	969
-0.0336324849606999	1.18999088676099	576
0.0610320889770899	1.54093198168005	576
0.00614341202314006	0.692818894948525	17
0.0652629153297899	0.577331121752138	17
-0.0390555383134701	1.17747583149222	27
-0.02560848540561	0.844177725594026	164
0.060612918568	0.574810701056327	60
-0.0317632310843501	0.834418470892572	60
0.0646800402191901	0.577244755259019	60
0.0614779765006099	0.575223127248405	2816
0.08993127825989	2.05768212590723	17
-0.11841160072992	1.28470699380472	17
0.0551907052804701	0.570883719304841	17
0.0924565290783399	1.23388952213425	17
0.00399247684920989	0.690394720161163	171
0.12378888048423	1.05741795029514	164
0.08780879909029	1.22925122877086	5
0.06176150416243	0.575573951673107	5
-0.02466692200805	0.842428899147951	5
-0.1114146093231	1.51605673857166	17
0.0922106744820701	1.23312914839866	17
0.07136368712174	1.39186412367924	548
0.06205222453913	0.576575770191727	171
0.0664585335295	0.576484309411764	171
-0.12392117246843	1.27713290082014	171
-0.02115016776875	0.846230646380521	5
-0.0162820097099301	0.84954344868623	5
0.0034625113848501	0.691203628034591	5
0.0034625113848501	0.691203628034591	5
-0.10105685508234	1.83295097576706	576
-0.0341724398557499	1.01778620114782	576
0.00450412691879998	0.691039692171147	17
-0.106257729615	1.72820501527842	17
-0.0290904047543401	1.5985209828874	17
0.0034625113848501	0.691203628034591	17
0.0560177110250499	1.52922327879209	848
-0.03175677375522	1.19193681770255	171
0.0021477801918599	0.690181006466159	281
0.06291742676874	0.576696640316621	5
0.00293242809066996	0.690747702125752	5
0.0503378155608301	0.566855446718767	5
0.06205222453913	0.576575770191727	163
0.06012134843669	0.574818428531195	969
0.0655456320514201	0.577850509647929	576
0.06497186902393	0.578443560062359	17
0.00801897563274001	0.694425653582333	17
0.00958016502306003	0.695917467871454	17
0.0637820113037599	0.576275963644178	162
0.0569167499116701	0.572884622733256	17
0.06324002887349	0.576609113923133	17
0.0034625113848501	0.691203628034591	17
0.06205222453913	0.576575770191727	171
0.00879997521194009	0.695340728531382	17
0.0320585654266801	2.49412878979101	576
-0.03216633833239	1.0218522956769	576
0.12009904376168	1.05200329333299	162
0.05974779582566	0.574099743860578	848
-0.0305779245853099	1.01972571884386	171
-0.0160256680634301	0.851960600403948	171
0.12182870789096	1.05299427142307	198
-0.03387173323085	1.01966551822743	171
-0.01769258657851	0.851149257020452	171
-0.04017213879535	1.32264160781517	164
-0.0252882731341799	1.19966814466934	198
-0.0309134110504199	1.34126249428606	576
-0.12301183502941	1.27873132083293	17
0.0758931512674099	2.15710577742727	17
-0.0338769155941401	1.33684471075799	17
-0.0371845347222499	1.70292867407415	548
-0.0324683921453399	1.01939239462527	171
0.00664969996917009	0.694322095482239	171
0.00207815834684011	0.690106296456495	171
0.09263667865515	1.23381250346384	164
0.12425959166378	1.05553544395734	198
0.12459802824399	1.05820696788117	198
0.12012446033552	1.04998909530076	60
0.00320831641663011	0.689829279676215	60
0.0050037967721599	0.691704308048797	5
0.06291742676874	0.576696640316621	123
-0.11013289954628	1.41298905736137	17
-0.12454551337294	1.26876580519255	576
0.03782682654238	1.77424570729659	162
0.00235627602433008	0.690487755919548	17
0.0611873140018699	0.576162678907346	27
0.06019559031696	1.53960521141572	171
-0.0334364066289601	1.0206978837929	171
0.08737848410811	1.22790522851798	171
0.06304524468309	0.575330243550069	198
-0.02491111939303	0.842746604380007	198
-0.0398833917912	1.01028145796905	198
0.06612729710276	0.577002863033466	60
0.06176150416243	0.575573951673107	60
0.0731310615077701	0.578859536921869	60
0.000267110137720072	0.689273684954674	163
0.06262627398235	0.575986404326764	969
-0.03287044342134	1.81983413023839	17
0.060612918568	0.574810701056327	17
0.00528185102601997	0.691948679154516	17
0.04350015413824	1.78478747884646	17
0.0039762096757201	0.691529582110652	17
-0.02179985176911	0.846961178203258	171
0.000576143278439911	0.688308974423275	171
-0.02323789778478	0.842343110946178	198
-0.0308047954470301	1.02083888008827	60
0.12136747621917	1.05289629957517	5
0.060612918568	0.574810701056327	5
0.0658368577022399	0.578688566094146	5
0.00533841866345997	0.692211463064849	5
0.0511974351737099	0.568134187441678	163
0.0594564119373	0.574146809919677	17
-0.0130020298265601	0.852697595911952	17
-0.0200717921847799	0.848361585992025	17
0.06205222453913	0.576575770191727	27
-0.02605057068814	0.841185243096645	198
-0.0265097597944599	1.19876313993084	5
0.00692576864066008	0.693521170574345	2151
0.00399247684920989	0.690394720161163	123
0.00235627602433008	0.690487755919548	969
0.1165222894526	1.04680314419817	969
-0.0242735939766301	0.84440063144462	969
-0.12292728122624	1.27506405130858	17
0.02990165834859	1.88611877835202	17
-0.0293748117239701	1.02510528535836	17
-0.0271643311480201	0.842115585187827	17
0.02922112523402	2.00106095565878	17
-0.0389780541327101	1.91639090246541	17
0.0701622705685101	1.55139663971033	17
0.0632078011036901	0.574927820339808	27
0.0837109130042799	1.22038089774321	548
-0.0205679838378701	0.84737481820563	171
0.06497186902393	0.578443560062359	171
0.00553133286710006	0.693014411465741	171
0.06205222453913	0.576575770191727	171
-0.0403051938416401	1.17723602185435	171
0.00424613030137011	0.691543070982657	198
0.00377144538832996	0.690505163253777	171
-0.0403201783467899	1.00925858777868	60
0.05888204034268	0.572802709197407	191
-0.00319638715160009	0.685195352755621	5
-0.0361417992881701	1.70264388369906	969
0.0586403009672001	0.57341570515588	969
0.0973872537132101	1.23737232323969	17
0.0374320775386801	1.77383697777498	548
0.0606440151515399	1.54054323479982	548
0.0646800402191901	0.577244755259019	171
0.00586765213810003	0.693882064620264	171
0.0678976197735399	0.578952002833974	198
0.0623431977133699	0.575344807364201	1004
0.06089635736011	0.57486221118602	1004
-0.0334364066289601	1.0206978837929	5
0.0598344987371999	0.574552074754926	5
0.06176150416243	0.575573951673107	163
0.0681887291410099	0.57803285948981	1199
0.0655456320514201	0.577850509647929	171
0.06205222453913	0.576575770191727	198
0.00267810736268004	0.690636942339763	198
0.00905214681657007	0.694244873174396	5
0.00879997521194009	0.695340728531382	191
0.00776580727452991	0.693312854527834	5
0.0670322258031899	0.5778351002051	3075
0.0872622307622599	1.22424020798112	17
0.00606719893294994	2.06133214943273	17
-0.103447659594	1.42081750773295	17
0.06304524468309	0.575330243550069	17
0.0603221792564701	0.575449353150941	171
0.09653687707716	1.23970329847624	171
0.0655456320514201	0.577850509647929	198
-0.03053838020491	1.02274595280914	198
0.0563414332457799	0.572549276189887	2151
0.05974779582566	0.574099743860578	5
-0.03770859510583	1.70112980620025	17
0.0577840991349301	1.53116207607238	3075
0.05395383795305	1.52315133189654	576
-0.03547373295267	1.01628462952598	17
0.0794908019099401	1.40659602302241	17
0.00854736828993996	0.694881226930905	17
-0.0340870036816501	1.18894986464239	17
0.04248987830891	1.64210419311309	548
0.00561416805771997	0.693634697863814	1199
-0.0260809409607401	1.02782000930008	548
0.05720354168202	0.572959867621651	5
-0.02672660137033	1.47871053519856	3075
-0.03703655013039	1.45779275921611	3075
-0.0314805744953099	1.4717139202953	576
-0.0347676251439999	1.33351542339228	17
-0.00740645632221004	2.13054411651565	17
0.0641062582252101	0.57783656828618	171
0.0021477801918599	0.690181006466159	171
-0.0411136883273899	1.00766975155781	198
0.00533841866345997	0.692211463064849	5
0.00664969996917009	0.694322095482239	5
0.00422639727205998	0.691131199114982	191
0.0678976197735399	0.578952002833974	5
0.0641062582252101	0.57783656828618	5
0.00404658836988991	0.690986647971914	5
-0.0252480660462899	1.02828462658359	123
0.0963006591265501	1.23909756908507	17
0.07169402701746	0.57946276405746	1199
0.00293242809066996	0.690747702125752	548
-0.03373581658541	1.01838826656207	171
-0.03427085326248	1.01937738558414	709
-0.0187689361233101	0.850059205901264	60
0.00873977245307001	0.694450073800806	5
0.0670322258031899	0.5778351002051	60
0.0769699828113	1.3963976219986	969
-0.0445817708457901	1.68141045747926	1086
0.10743028951664	1.9629027792022	17
0.0712131325037999	2.14348679661803	17
0.11883054070806	1.04865029213678	171
0.11975243662551	1.05282950763707	171
0.12182535917109	1.05619026747191	171
0.09793202899759	1.24309371164841	294
0.0594564119373	0.574146809919677	5
0.00293242809066996	0.690747702125752	5
0.06176150416243	0.575573951673107	123
-0.0416245765755401	1.00711166806123	17
-0.0326166902509299	1.3375228552792	17
0.06089635736011	0.57486221118602	17
0.0670322258031899	0.5778351002051	17
0.00639676878278994	0.694338750578675	17
-0.11993405243063	1.27992587496269	548
0.00561416805771997	0.693634697863814	548
0.0684710951174199	0.578360020930028	171
-0.01799349561762	0.850826688821256	171
0.0614779765006099	0.575223127248405	198
0.0034625113848501	0.691203628034591	164
0.0611873140018699	0.576162678907346	5
0.05974779582566	0.574099743860578	5
0.00795957449314	0.694919046007188	5
-0.11087513184363	2.07879172573594	969
0.12147491523032	1.8502096648909	969
0.00985615496175996	0.694976702755398	17
0.0641062582252101	0.57783656828618	1086
-0.0419462629043701	1.00585250545209	17
0.00267810736268004	0.690636942339763	17
-0.04069697855886	1.45230862395493	466
-0.0210382009390999	0.848285602729746	548
-0.0402804975565001	1.00917980616383	171
0.12366912222611	1.05157867073597	171
0.0053602613747501	0.69181356761285	171
0.00932812295723995	0.695796600619346	60
0.0594564119373	0.574146809919677	60
0.0586403009672001	0.57341570515588	123
-0.03989352624198	1.17790814555435	17
-0.0275522631627301	1.34475727180784	17
0.0673239464909801	0.577596717444378	17
-0.0280410775769999	1.02479795225848	466
-0.0403994335539599	1.57844026458763	466
0.0560540375112599	0.572176134773053	466
0.06497186902393	0.578443560062359	356
-0.0506202782559599	1.5525790281672	171
-0.04071743150117	1.00903245127422	171
0.06205222453913	0.576575770191727	171
0.0603221792564701	0.575449353150941	294
-0.02574852595563	0.84202843921497	171
0.00586765213810003	0.693882064620264	198
0.0034625113848501	0.691203628034591	5
0.00639676878278994	0.694338750578675	5
0.0580650230272699	0.573080429177984	163
0.0520564219683599	0.568835833916539	17
0.0603221792564701	0.575449353150941	17
0.0635322778785099	0.576480757103141	17
0.0586403009672001	0.57341570515588	17
0.00293242809066996	0.690747702125752	484
0.00508480701770009	0.693178123428776	17
0.00905214681657007	0.694244873174396	17
0.00717857209743	0.694778656366304	466
0.0731310615077701	0.578859536921869	779
0.0611873140018699	0.576162678907346	5
-0.0378855715117099	1.81301150359001	969
0.0681887291410099	0.57803285948981	17
0.12147847014516	1.05366925925432	17
-0.0152187979851801	0.852590403954879	17
0.06205222453913	0.576575770191727	17
0.00561416805771997	0.693634697863814	17
0.0635322778785099	0.576480757103141	17
0.00664969996917009	0.694322095482239	466
0.000576143278439911	0.688308974423275	466
0.0603221792564701	0.575449353150941	548
0.0416302731471301	1.64832269919287	17
-0.1193041122749	2.36572691134596	3075
-0.0467720477104801	1.79136879732342	3075
-0.0481321401597401	2.00042399665805	1086
-0.0232446067449501	1.34859017623116	17
-0.0335528149514599	1.33460818071302	548
-0.03941909128406	1.32732437958496	548
0.06390623522406	0.575763852388588	356
0.11991707905219	1.84706696209698	171
0.0999596133937499	1.24341040190163	577
0.0684491408171599	1.389796827392	294
-0.02574852595563	0.84202843921497	198
0.0655456320514201	0.577850509647929	198
0.0681887291410099	0.57803285948981	60
-0.0421764232675199	2.01146419545961	17
-0.12487333310781	1.27182926852692	294
-0.03895055660495	1.32731331170701	198
-0.12281955307525	1.27557428064462	198
-0.0158907107746999	0.852013451102087	5
-0.0366759915364201	1.18444373417431	5
-0.0400356296297599	1.80741309959005	17
-0.03381702488478	1.18597253914468	17
0.07641244496461	1.40225029195553	548
0.12389141280848	1.05808004337834	312
-0.0296668820974999	1.0232126458001	466
-0.03936878232134	1.1802536135286	356
-0.02335523777402	0.84543378068884	171
-0.11412445429921	1.40576128648802	924
-0.0298084054265	1.47576140495615	198
0.04131695782905	1.77809326688988	198
0.12217242219931	1.05393988772825	164
-0.02668874855927	0.841221918335372	164
-0.00213603101148996	0.686013215629264	5
0.00293242809066996	0.690747702125752	17
0.07974372230768	1.2119542999819	17
0.10232222406765	1.24628329569629	17
0.0641062582252101	0.57783656828618	17
0.06266602934731	0.575258394733933	356
-0.0360256735584701	1.33031211263937	356
0.0670322258031899	0.5778351002051	171
0.0034625113848501	0.691203628034591	164
0.0611873140018699	0.576162678907346	779
0.05642849970963	1.53100170928637	1086
0.0646800402191901	0.577244755259019	17
0.0034625113848501	0.691203628034591	17
0.0053602613747501	0.69181356761285	548
0.06291742676874	0.576696640316621	300
0.06069635629646	0.575154297721853	198
0.0611873140018699	0.576162678907346	5
-0.0302094773194399	1.02391626322023	5
0.00189292169615007	0.689841585471618	17
-0.0184681593100999	0.850685538190188	312
-0.0295534272390601	0.837114333548314	577
0.00561416805771997	0.693634697863814	198
0.12391088177045	1.05663315505034	164
-0.0323548552173101	1.18972911944146	198
0.07255791242138	0.579448662854267	5
0.06670122068132	0.578357087896594	5
0.06390623522406	0.575763852388588	17
0.0594564119373	0.574146809919677	17
0.0600305781509101	0.573563297385593	548
-0.02044500878763	1.35280277835952	466
0.0711206618269999	0.578111216460049	198
0.12171138070945	1.05283987405537	198
-0.0284707970098099	0.839749903979773	5
0.00182762709119011	0.690977558044493	17
-0.0342283364231699	1.18637431352932	1086
0.0881146950559	1.22550412281531	667
0.12389141280848	1.05808004337834	17
0.00958016502306003	0.695917467871454	17
0.00293242809066996	0.690747702125752	17
-0.00110196372153992	0.687849919556878	1312
-0.0365470282045799	1.01296612736285	356
-0.0358137896912401	1.18627180659169	291
0.06291742676874	0.576696640316621	17
0.06205222453913	0.576575770191727	171
0.0611873140018699	0.576162678907346	198
0.00795957449314	0.694919046007188	198
0.03813163082155	1.7729476719589	164
-0.0221016225355	0.847224192673576	5
0.00182762709119011	0.690977558044493	17
-0.0239826168689501	1.60380300767051	667
0.01010806773565	0.696373336398546	17
0.0655456320514201	0.577850509647929	17
0.0655456320514201	0.577850509647929	17
0.06381382996212	0.576020696597725	312
0.01010806773565	0.696373336398546	312
0.00189292169615007	0.689841585471618	466
0.06291742676874	0.576696640316621	466
0.0693358401298201	0.578796394975642	1500
0.0641062582252101	0.57783656828618	466
0.00561416805771997	0.693634697863814	98
-0.0256704670255401	2.48287614912271	98
0.00242337421849004	0.689036040188378	17
0.0658368577022399	0.578688566094146	17
0.0678976197735399	0.578952002833974	17
0.06089635736011	0.57486221118602	17
0.06176150416243	0.575573951673107	17
-0.08702191074906	2.24294767469008	17
0.0603221792564701	0.575449353150941	312
0.00639676878278994	0.694338750578675	466
-0.02413311732103	0.844266334309948	466
-0.02927099187253	1.0243542367407	294
0.00561416805771997	0.693634697863814	198
0.0097533246830801	0.693796661935593	198
-0.0390369850130501	1.00840745712655	198
0.11606113263859	1.04622683060425	164
-0.02652771536146	0.841038919394943	198
-0.0134118835641099	0.817677175997455	484
0.0577788389210201	0.573295283481806	17
0.06069635629646	0.575154297721853	17
0.0034625113848501	0.691203628034591	17
0.11929066219846	1.05102392681652	171
-0.02746767070631	1.19448881304277	171
0.00591150274714991	2.17144238349462	198
0.0937387676719399	1.23524870285586	198
0.0909297477748801	1.23071237747353	198
0.0611873140018699	0.576162678907346	60
-0.0419881049120101	1.00650136063134	5
0.0646800402191901	0.577244755259019	17
0.08737848410811	1.22790522851798	17
0.06324002887349	0.576609113923133	17
0.0655456320514201	0.577850509647929	17
0.00905214681657007	0.694244873174396	312
0.00235627602433008	0.690487755919548	312
0.00985615496175996	0.694976702755398	548
-0.0372471008544699	1.45812105036359	294
0.0641062582252101	0.57783656828618	198
0.0655456320514201	0.577850509647929	164
-0.0236567208437399	0.845162682271321	198
-0.0382076090442001	1.01021954414695	5
-0.0974412840007099	2.02726923426824	1356
-0.0256462163081099	1.02842274024167	17
0.0586403009672001	0.57341570515588	17
-0.0213242609706901	0.847859591846366	17
-0.0184681593100999	0.850685538190188	17
0.0592594715086701	0.574216413367679	17
0.06069635629646	0.575154297721853	162
-0.03010258916354	1.02334871044397	312
-0.00213603101148996	0.686013215629264	466
-0.01636138479052	0.851876869323031	1499
-0.0330786187829799	1.19107465549516	466
-0.02605057068814	0.841185243096645	171
-0.10021779025934	1.42720905905658	171
0.00293242809066996	0.690747702125752	294
0.0165158219770101	2.19682650674727	171
0.06641060189182	0.578095540716024	198
0.00692576864066008	0.693521170574345	164
0.06262627398235	0.575986404326764	198
-0.10402880674814	1.82852341253868	198
0.0603221792564701	0.575449353150941	5
0.0660203589889099	2.12440764497419	17
0.060612918568	0.574810701056327	17
0.0708294996284899	0.578518011832582	312
0.0560540375112599	0.572176134773053	17
-0.0271643311480201	0.842115585187827	17
0.0664585335295	0.576484309411764	17
0.05974779582566	0.574099743860578	312
0.060612918568	0.574810701056327	312
0.0603221792564701	0.575449353150941	942
0.0700963763428	1.38992815089609	312
-0.0373545614464399	1.18202128282921	967
0.0015766669606001	0.689788385908174	171
0.12102443242657	1.05167350162149	198
0.06266602934731	0.575258394733933	198
0.00932812295723995	0.695796600619346	611
-0.11755672558645	1.50169278995504	1356
-0.11023706085126	1.99256960692429	1356
0.08542042578716	1.22297664499456	1086
0.11559989023873	1.04386682113405	291
0.00189292169615007	0.689841585471618	291
0.0643979077286201	0.577085966346076	484
0.06262627398235	0.575986404326764	17
0.0655456320514201	0.577850509647929	17
0.06176150416243	0.575573951673107	17
0.06349145731342	0.576107730106197	312
0.0114775627236201	0.69500113196625	1499
0.0643979077286201	0.577085966346076	1499
0.12389141280848	1.05808004337834	171
-0.10335346001457	1.92372344425179	171
0.0646800402191901	0.577244755259019	5
-0.03908305769816	1.00830785762705	5
0.06612729710276	0.577002863033466	5
-0.12418250923132	1.27321090423197	5
-0.03880941841286	1.17963390295801	1086
-0.03737762365514	1.01172388698612	291
0.0646800402191901	0.577244755259019	98
0.0603221792564701	0.575449353150941	312
0.12056292498138	1.05157477977395	312
0.0655456320514201	0.577850509647929	1499
-0.02872067025527	0.838289328703134	466
0.0583969630091099	0.572999917193612	198
-0.01889054567493	0.850023622074051	291
0.0623147888520701	1.54002379257319	98
0.06176150416243	0.575573951673107	17
-0.00135378827224009	0.68680319900825	17
0.06497186902393	0.578443560062359	17
0.06641060189182	0.578095540716024	17
-0.11313201299809	1.40173443837697	312
-0.0187689361233101	0.850059205901264	171
0.06266602934731	0.575258394733933	171
-0.0244344548276501	0.843641054220566	171
0.0623431977133699	0.575344807364201	294
0.06291742676874	0.576696640316621	198
0.00182762709119011	0.690977558044493	198
0.0636199618746001	0.575665599041282	198
0.0600305781509101	0.573563297385593	576
0.06089635736011	0.57486221118602	484
0.0646800402191901	0.577244755259019	484
-0.00485606306289999	2.02952689670587	312
0.00831190888725009	2.06757411536654	312
0.0689709211524101	1.3900617397179	312
0.00371629100523996	0.691087358930325	1499
-0.000321061867180061	0.688187970617562	1499
0.0912794538479	1.23138290072674	171
0.0979207895738901	1.23999835435299	171
0.00422639727205998	0.691131199114982	198
0.0674103866981299	0.576179556054442	5
-0.11882536985914	2.2864713090682	1356
-0.00135378827224009	0.68680319900825	1356
-0.12438916543954	1.38080999507607	1086
-0.0428100698684	1.31912531192161	291
0.0611873140018699	0.576162678907346	17
0.06176150416243	0.575573951673107	312
-0.0403390659841101	1.45561794678484	171
0.12423855520674	1.05895937534147	900
0.04156410900588	1.64757893154975	171
0.0658368577022399	0.578688566094146	294
-0.0184681593100999	0.850685538190188	5
-0.04041710198327	1.4552337715921	291
0.06262627398235	0.575986404326764	484
0.06089635736011	0.57486221118602	17
0.06324002887349	0.576609113923133	17
0.0646800402191901	0.577244755259019	17
0.00182762709119011	0.690977558044493	17
0.06176150416243	0.575573951673107	312
0.0678976197735399	0.578952002833974	312
0.0641062582252101	0.57783656828618	160
-0.0270049495987601	0.840146814489466	198
-0.03466897772533	1.01785723550645	198
0.0603221792564701	0.575449353150941	198
0.0611873140018699	0.576162678907346	594
-0.0359473195411999	1.18402790134359	291
-0.12192951073227	1.15727821625654	291
-0.0280864321038701	0.838212550737699	667
-0.04113227665832	1.00235031326363	484
0.0641062582252101	0.57783656828618	484
0.01010806773565	0.696373336398546	17
0.06809456355369	1.38346559073315	17
0.0563414332457799	0.572549276189887	312
0.06641060189182	0.578095540716024	312
0.0664585335295	0.576484309411764	967
-0.0402804975565001	1.00917980616383	967
-0.0316368981351201	1.02025747599786	294
-0.0223182374369699	0.847285155161717	294
0.0658368577022399	0.578688566094146	294
-0.02930953141669	1.02311687624541	294
0.0951265098148399	1.23694496538065	198
0.0910496823699201	1.2337196968868	198
0.00586765213810003	0.693882064620264	198
-0.03902574372602	1.32770897075739	198
-0.02413311732103	0.844266334309948	198
0.11975243662551	1.05282950763707	611
0.0885411220096901	1.22580580020582	1356
0.08232810098847	1.21437772943688	1356
0.0700480595534401	1.55447497239772	1086
-0.0348840045545999	1.01471598824275	291
0.0687801671766599	1.38611658595277	291
-0.0967220925338701	1.74824237302408	667
0.0655456320514201	0.577850509647929	312
-0.12456408374223	1.15350746154088	466
-0.11086855475444	1.41140599339093	466
0.0603221792564701	0.575449353150941	1499
0.0673239464909801	0.577596717444378	171
0.06089635736011	0.57486221118602	171
0.0973872537132101	1.23737232323969	171
0.06262627398235	0.575986404326764	198
0.06497186902393	0.578443560062359	198
-0.0386675913615899	1.45984354713578	198
-0.0284387887742199	1.02505063121029	198
0.0643979077286201	0.577085966346076	198
-0.00291906238001993	0.684943536509662	667
0.0611873140018699	0.576162678907346	17
0.06497186902393	0.578443560062359	17
0.0603221792564701	0.575449353150941	312
0.0603221792564701	0.575449353150941	312
-0.0221016225355	0.847224192673576	171
0.05897200973491	0.573334925553979	198
0.0637820113037599	0.576275963644178	198
0.0615575788057401	0.575397722991523	198
-0.03884630052464	1.17370504563778	60
0.0114147414739101	0.695793507451557	198
0.06497186902393	0.578443560062359	198
0.00553133286710006	0.693014411465741	5
-0.0239578791717601	0.843786125104647	17
0.00907564491784996	0.694063919515537	17
0.0655456320514201	0.577850509647929	17
-0.0320729772717401	1.02039096606794	17
0.06497186902393	0.578443560062359	17
0.00104777080569995	0.690276905484279	312
0.060612918568	0.574810701056327	171
0.00683483372711002	0.692762084016552	198
0.06089635736011	0.57486221118602	198
0.06262627398235	0.575986404326764	60
-0.10861173263671	1.41336744873663	1356
0.12182535917109	1.05619026747191	17
0.00147853562226996	0.688305735419213	162
-0.03620049156228	1.01451023601402	17
0.00045904102374994	0.688250976185621	17
0.0646800402191901	0.577244755259019	312
0.00136235077006996	0.689385845375163	466
0.0603221792564701	0.575449353150941	198
0.00692576864066008	0.693521170574345	198
-0.0424363494161999	1.17219754506492	5
-0.0337775728421701	1.01759718242973	17
-0.0323101697667301	1.1899840390876	17
-0.03737756340112	1.01254123007451	312
-0.0347761832834399	0.831490869016852	312
-0.0414231074346401	1.17629095714229	466
0.10333751508081	1.95626271475249	548
-0.03473296444787	1.33506184712213	171
0.09167471201208	2.06747836009681	294
0.00533841866345997	0.692211463064849	60
0.06176150416243	0.575573951673107	60
0.00717857209743	0.694778656366304	5
-0.0331616517176201	1.4671795888793	5
0.06205222453913	0.576575770191727	594
0.00471189873837008	2.05779299831016	667
-0.11683710904267	1.50336177714113	17
0.07447908145616	1.39790625094217	162
0.11606113263859	1.04622683060425	17
-0.02720742957939	1.02468979248276	17
-0.0295534272390601	0.837114333548314	17
0.08542042578716	1.22297664499456	312
0.00182762709119011	0.690977558044493	466
0.00561416805771997	0.693634697863814	171
0.00455532885968002	0.691509463795607	171
-0.0497701488086899	1.55374069302711	294
-0.01166484799843	0.853507528057867	60
0.06176150416243	0.575573951673107	60
-0.01941774765968	0.847665527115003	5
0.08695225349692	1.22780240635607	17
0.00430116810844994	0.692170239986747	656
0.06497186902393	0.578443560062359	466
0.0569167499116701	0.572884622733256	466
-0.0362074790722	1.18128134565244	466
-0.11681715859019	1.28664455437168	466
-0.12296501011486	1.27599429795075	171
0.00404658836988991	0.690986647971914	294
0.0583969630091099	0.572999917193612	294
-0.02335523777402	0.84543378068884	171
0.0652629153297899	0.577331121752138	60
-0.0216258510894201	0.847367504278335	60
0.0623431977133699	0.575344807364201	779
0.00182762709119011	0.690977558044493	60
0.0611873140018699	0.576162678907346	466
0.06176150416243	0.575573951673107	171
0.05897200973491	0.573334925553979	171
0.00260667546849991	0.691415486937782	60
-0.01260398750518	0.854528705203607	814
0.00553133286710006	0.693014411465741	5
0.0687623835620801	0.579389020639623	5
0.0641062582252101	0.57783656828618	779
-0.02574852595563	0.84202843921497	779
0.0053602613747501	0.69181356761285	60
-0.02927099187253	1.0243542367407	171
-0.00266615035100992	0.686494356169944	171
0.03309965350904	1.75874282818049	294
0.0061207112992101	0.692650977578977	198
-0.0231804130222399	0.845307064723599	198
-0.01683214944872	0.850981086743488	454
0.06205222453913	0.576575770191727	198
0.11732879227382	1.04844674139509	611
-0.0416644669841699	1.17181789750227	814
0.00430116810844994	0.692170239986747	5
0.00430116810844994	0.692170239986747	5
-0.03648342857468	1.32966014069924	594
0.0641062582252101	0.57783656828618	594
-0.11420025671299	1.50829293222598	98
0.11991707905219	1.84706696209698	17
-0.03610988952091	1.01283904127494	1161
-0.0353207702799701	1.014115975447	60
-0.0309335812612801	1.0220350989288	60
0.0941645127161801	1.23685748622363	198
0.06262627398235	0.575986404326764	198
0.0655456320514201	0.577850509647929	779
0.06205222453913	0.576575770191727	60
0.0757479159077501	1.39935626638504	656
-0.02764000128922	0.841611880836867	171
0.0914750049272699	1.23495093842013	294
0.0925690233741601	1.23282958967816	60
0.00293242809066996	0.690747702125752	198
0.0658368577022399	0.578688566094146	779
-0.0204950030478399	0.847946970549542	60
-0.03520196349089	1.32878577448337	466
0.10511004977759	1.24922574928133	466
0.0929104922094299	1.23370304756596	466
0.12217242219931	1.05393988772825	60
0.12309424752681	1.05243535110274	60
-0.0358021620493201	1.01699964744668	454
0.00338491240400995	0.691555507421072	60
0.06641060189182	0.578095540716024	5
-0.0443507709292901	1.79878925650773	466
0.09135492319959	1.23162185885925	198
0.0732105219511501	1.39531356886505	198
0.06943199926346	1.39048104270692	198
0.0687623835620801	0.579389020639623	454
0.0832839478783101	1.21736056108035	5
-0.02001971393119	0.848845456280035	594
-0.0197188889134201	0.849018090222835	60
-0.0988146406744801	2.2062502281249	98
-0.0318567384869901	1.47243986065036	17
-0.0305063783794	0.837494860161703	656
0.0643979077286201	0.577085966346076	548
-0.0330786187829799	1.19107465549516	60
0.06497186902393	0.578443560062359	454
0.0837109130042799	1.22038089774321	5
-0.0354028350903599	1.01772883728461	5
0.01595763038884	0.697585365815899	5
-0.01340950587569	0.853270452966803	5
-0.0316368981351201	1.02025747599786	594
0.00338491240400995	0.691555507421072	5
0.1222848030742	1.05488780968856	5
0.00371629100523996	0.691087358930325	274
-0.03610988952091	1.01283904127494	466
0.07289414425499	1.39681018199111	548
-0.0342283364231699	1.18637431352932	294
-0.10881268629512	1.51719515034185	294
-0.0430657090990101	1.44442952894612	60
-0.02638634591753	0.843284064989319	5
-0.0442372570345799	2.00800208631061	291
-0.11250920489083	1.51226327417536	466
-0.02940868102593	0.839042334879323	656
-0.12423285647931	1.27328377103554	171
0.06324002887349	0.576609113923133	60
-0.0235985299357	0.844626207809441	198
-0.03609455521094	1.33209500001958	198
-0.0237141504041001	0.843467255470174	5
0.06176150416243	0.575573951673107	5
-0.02001971393119	0.848845456280035	5
-0.11367193276708	1.40686847154088	17
0.0882401948752201	1.22915968056406	17
-0.10618076541873	1.82312686075283	17
-0.02606027365324	1.604600952168	17
0.00182762709119011	0.690977558044493	60
-0.00423349100714998	0.683740715750251	198
-0.12196054465478	1.38761691869836	198
0.0670322258031899	0.5778351002051	198
-0.0239578791717601	0.843786125104647	454
0.04042816281087	1.64125789287471	5
0.09050215605708	1.23118787355256	5
-0.01799349561762	0.850826688821256	594
-0.0221016225355	0.847224192673576	60
-0.04032866159249	1.45689849665874	17
-0.0401462209522001	1.17849674979004	17
-0.00188366104490001	0.687285853301533	17
-0.12495685553873	1.27310372952315	171
0.12494288891396	1.05638431750057	198
-0.0411544503252099	1.00801059559845	5
0.07228044889551	1.39254208243657	5
0.06497186902393	0.578443560062359	5
-0.0341504349470401	1.1811705655121	594
-0.0327015160955799	1.3378801290517	5
0.00879997521194009	0.695340728531382	274
-0.10030633372693	1.83900105594497	291
0.0658368577022399	0.578688566094146	656
0.0369001139846099	1.63674400081086	171
0.0635322778785099	0.576480757103141	198
-0.03641776677015	1.33263123024978	60
-0.0197188889134201	0.849018090222835	5
0.0646800402191901	0.577244755259019	291
-0.12141732859773	1.28183494820525	17
0.0611873140018699	0.576162678907346	1161
0.12471448277166	1.05819041037015	17
0.0623431977133699	0.575344807364201	466
0.00477585205490994	0.690733785453618	171
0.0658368577022399	0.578688566094146	294
0.0614779765006099	0.575223127248405	5
0.00586765213810003	0.693882064620264	60
0.00377144538832996	0.690505163253777	5
0.0658368577022399	0.578688566094146	5
0.0614779765006099	0.575223127248405	5
0.0655456320514201	0.577850509647929	291
0.0681887291410099	0.57803285948981	17
0.01010806773565	0.696373336398546	17
0.0079262079911	0.692605500859485	17
0.060612918568	0.574810701056327	17
0.06641060189182	0.578095540716024	466
0.06612729710276	0.577002863033466	171
0.0641062582252101	0.57783656828618	60
-0.10424475577523	1.42082314209202	291
-0.0220306960840599	1.03188367660679	291
0.0130344704231	0.697263181278941	98
-0.0159435037398701	0.851716564930074	17
0.06497186902393	0.578443560062359	466
-0.0296668820974999	1.0232126458001	466
0.06291742676874	0.576696640316621	5
0.0643979077286201	0.577085966346076	5
0.00692576864066008	0.693521170574345	274
-0.0370756604368601	1.46376498667016	17
-0.0228791096204799	0.846331341436971	1161
0.00319742086186992	0.689969286170533	17
0.05698308522794	2.34331451593874	17
0.12299610917835	1.8529084612062	466
0.06089635736011	0.57486221118602	656
-0.0350031771091299	1.01636756749512	171
0.00683483372711002	0.692762084016552	198
0.00958016502306003	0.695917467871454	60
-0.1137544487636	1.40395093163226	5
-0.0270049495987601	0.840146814489466	5
0.00717857209743	0.694778656366304	17
-0.0221016225355	0.847224192673576	17
0.00508480701770009	0.693178123428776	656
-0.11916262735516	1.28268826676163	60
0.0603221792564701	0.575449353150941	454
0.11876802362749	1.84402287158496	5
0.06291742676874	0.576696640316621	5
0.0611873140018699	0.576162678907346	5
0.0655456320514201	0.577850509647929	5
0.0737612137638799	1.39887148156098	5
0.05547870129105	0.571841073068374	274
-0.00266615035100992	0.686494356169944	291
0.01449214771855	1.97017596055071	466
-0.02413311732103	0.844266334309948	294
0.0658368577022399	0.578688566094146	198
0.12345014890616	1.05653700495127	60
0.06324002887349	0.576609113923133	454
0.0021477801918599	0.690181006466159	5
-0.0350025087180399	1.0172887324341	5
0.12379348473301	1.05698996779434	60
-0.0189429099835801	0.84978559568269	274
0.07661325108297	1.4000893780769	274
0.0612021239317	1.5365977719759	291
-0.02373145847769	1.02934091619837	291
0.0637820113037599	0.576275963644178	291
0.06497186902393	0.578443560062359	656
0.07683481256	1.40241094859349	71
0.1010417225569	1.24562568449817	171
0.0673239464909801	0.577596717444378	294
-0.11627779370187	1.28655295953921	294
-0.0304234450466501	1.33948812396604	198
0.0655456320514201	0.577850509647929	198
0.00708315966766993	0.692867124159159	5
0.0940527010836401	1.23671101966486	5
0.060612918568	0.574810701056327	274
-0.11286828413799	1.51234138680124	162
-0.12381529048346	2.35268152098369	1161
-0.11202729326105	1.51229711090545	466
-0.0351734872799501	1.33143398409904	17
-0.03470641375463	1.01834615735106	656
-0.0401920706736301	1.17974251853688	171
-0.0394145919528699	1.45729641298865	60
0.05642849970963	1.53100170928637	60
0.0061207112992101	0.692650977578977	454
-0.0315136111288099	1.02026283872219	454
-0.0344972939460899	1.18911980553743	454
-0.0355081249128499	1.46402793988676	5
0.00692576864066008	0.693521170574345	60
0.08584692021892	1.2212028783824	274
-0.09764499062126	2.38098616288607	17
-0.0551203429345899	1.97703326275061	162
-0.0333676606392399	1.18711673396821	171
0.12459802824399	1.05820696788117	198
0.05888204034268	0.572802709197407	454
-0.0351734872799501	1.33143398409904	60
0.0898218217998601	1.22717917282615	5
-0.0197699199496799	0.848225423021011	291
-0.11365791062215	1.61095486867693	291
0.0725991571717199	2.14771439363824	466
-0.02619130790167	1.02862679626936	466
0.06497186902393	0.578443560062359	466
0.00136235077006996	0.689385845375163	466
0.06449347188426	1.54331991067146	171
-0.0334364066289601	1.0206978837929	198
0.0614779765006099	0.575223127248405	1089
0.0053602613747501	0.69181356761285	60
0.0711206618269999	0.578111216460049	454
-0.0200717921847799	0.848361585992025	274
0.0744240246972001	1.39627551423875	291
0.06089635736011	0.57486221118602	291
0.000796253389989898	0.688787241678732	98
-0.10290717817204	1.92305146159437	17
-0.09525677037506	1.75319865349394	17
0.0857644896155501	2.05216663114616	17
-0.0316594196261699	1.47098719554113	466
0.01010806773565	0.696373336398546	71
0.06242402026051	1.37478490056992	171
0.06205222453913	0.576575770191727	171
0.0569167499116701	0.572884622733256	454
0.00455532885968002	0.691509463795607	60
0.06205222453913	0.576575770191727	291
-0.0359082467874401	1.01571418910896	17
0.08939526270647	1.22649832226007	17
-0.12292728122624	1.27506405130858	17
0.00639676878278994	0.694338750578675	17
-0.10041369465362	1.5356218198096	17
-0.10230137547447	1.53233876356442	466
0.0615575788057401	0.575397722991523	1900
0.06497186902393	0.578443560062359	1900
-0.01889054567493	0.850023622074051	466
0.00267810736268004	0.690636942339763	334
0.0646800402191901	0.577244755259019	60
0.0394911895865799	1.77986646194003	5
0.0693358401298201	0.578796394975642	5
0.0614779765006099	0.575223127248405	334
0.0941618133616	1.23598391369931	60
0.00371629100523996	0.691087358930325	60
-0.04235267058524	1.31954748949568	5
0.0598344987371999	0.574552074754926	5
0.12147847014516	1.05366925925432	60
-0.0341724398557499	1.01778620114782	274
0.03481508003638	1.76792440091386	291
-0.02296085964432	1.20060248898373	291
-0.0421648903756799	1.69115042544515	98
-0.0244928415927601	0.842934966794232	17
-0.09958885234824	1.63941826222245	17
0.0396537635652701	1.77719168260418	17
0.00371629100523996	0.691087358930325	171
-0.0261521377184599	1.1984827836554	587
-0.0322002202924101	1.01977597814628	587
-0.03723464539071	1.18139647062341	60
0.0603221792564701	0.575449353150941	454
0.06497186902393	0.578443560062359	5
0.0796722563538901	1.40412996203429	5
-0.05095888061657	1.98375268543934	17
-0.02927099187253	1.0243542367407	17
0.0991028317259799	1.24310975318918	171
0.12345014890616	1.05653700495127	198
0.0690528778653801	0.577828639701223	587
0.00553133286710006	0.693014411465741	454
0.0114147414739101	0.695793507451557	60
0.1037690302075	1.95720966041516	5
0.0623431977133699	0.575344807364201	5
-0.0254461494376801	0.841896213690955	5
-0.0408066894538299	1.91116588156899	291
0.0950196016540099	1.23781650201843	291
0.00240222692252989	0.689086956927602	466
0.12217242219931	1.05393988772825	171
-0.0244928415927601	0.842934966794232	71
-0.0319440372141	1.19074183951565	334
-0.03809634449309	1.18008069134087	198
0.1010417225569	1.24562568449817	5
0.1228624371439	1.05140022837522	60
0.00318633412263991	0.68942663980602	1535
-0.02669572450856	1.34603017252773	291
-0.0518565174734	1.88702094259887	17
0.12021252598654	1.05340760036227	17
-0.0215085080158	0.847785511360695	466
0.0336929623312701	1.76589866229775	71
0.00319742086186992	0.689969286170533	334
0.0732658005462301	1.39078412771197	5
0.00267810736268004	0.690636942339763	5
0.00424613030137011	0.691543070982657	60
0.0603221792564701	0.575449353150941	274
0.11978568255575	1.83982831722946	17
0.0636199618746001	0.575665599041282	466
-0.0231804130222399	0.845307064723599	171
-0.10869729500822	1.41265471767492	171
0.00932812295723995	0.695796600619346	334
0.0673239464909801	0.577596717444378	60
-0.00669854130276004	0.68182628643706	60
0.000576143278439911	0.688308974423275	5
0.0646800402191901	0.577244755259019	5
-0.0187689361233101	0.850059205901264	60
-0.0197188889134201	0.849018090222835	274
-0.03174119863643	1.4681449702249	17
-0.0332544171231199	1.18842839754971	466
-0.0840790689233999	1.77095701226859	466
-0.0431941074370401	1.17275870021495	71
0.08385973308443	2.04622694189269	60
0.00854736828993996	0.694881226930905	60
-0.0239364981826899	0.845377008358032	60
-0.0297265187345399	0.838484660856868	5
0.0933101555095499	1.23555308375993	60
0.0639376090375901	1.37621486491007	274
-0.03353440810305	1.33313980801807	17
0.0841377921361199	1.22159972039727	17
0.0881146950559	1.22550412281531	466
-0.01954451230501	0.848987615586173	1900
-0.03827432236329	1.01230414801921	71
0.0602202788096	1.53530312301905	60
-0.0360897429304201	1.3297835470543	587
0.00717857209743	0.694778656366304	5
0.00457632018765009	0.690179135546144	274
-0.0423306931032299	1.17467878555761	17
0.0740747264494499	1.39674624109213	17
0.0658368577022399	0.578688566094146	17
0.08566991587457	1.22479468782687	17
0.05720354168202	0.572959867621651	171
0.0882401948752201	1.22915968056406	587
0.0611873140018699	0.576162678907346	5
0.06262627398235	0.575986404326764	1334
-0.0397803888033801	1.18041642118547	17
-0.08669410930387	1.96541916729814	17
0.0906172511335299	1.23363813633929	17
0.12310766944949	1.05462839061569	353
-0.0259110350317699	0.842387346908396	466
0.00827171168379004	0.693669391229875	71
-0.02184764776114	0.847785496989306	334
0.00483077342270999	0.692626429783641	5
0.0635322778785099	0.576480757103141	5
0.06962651355507	0.579182253156176	60
-0.0024136509886199	0.68598507205861	274
0.0569167499116701	0.572884622733256	274
0.00260667546849991	0.691415486937782	274
0.12297329128269	1.05510872309431	17
0.0637820113037599	0.576275963644178	5
0.00136235077006996	0.689385845375163	98
-0.0242735939766301	0.84440063144462	17
-0.0244928415927601	0.842934966794232	17
0.00235627602433008	0.690487755919548	466
0.0922083941427401	1.23274861676903	466
-0.0158907107746999	0.852013451102087	353
0.0039762096757201	0.691529582110652	71
0.09007563220648	1.23043055977248	334
0.0611873140018699	0.576162678907346	5
0.06349145731342	0.576107730106197	5
0.000518758534119979	0.688969463483089	5
-0.0264782562224899	1.02758636007513	1334
-0.0287997335149399	1.34173289155563	17
-0.0420278682998501	2.01130981391102	1600
-0.04614553308054	1.16562987299989	686
0.0034625113848501	0.691203628034591	171
0.00508480701770009	0.693178123428776	334
0.000177144221300107	0.687373440458296	334
-0.03053838020491	1.02274595280914	587
0.06069635629646	0.575154297721853	587
0.00430116810844994	0.692170239986747	2392
0.12298933052058	1.05543365271421	2392
0.0615575788057401	0.575397722991523	5
0.00508480701770009	0.693178123428776	5
0.00293242809066996	0.690747702125752	5
0.06291742676874	0.576696640316621	1334
-0.0349672114236701	1.01787235219061	17
-0.0329047010876999	1.01952518355885	17
0.06176150416243	0.575573951673107	17
-0.02794243971871	0.840595401316405	17
0.00947461131383998	0.692698094388463	466
-0.03456632439259	1.0169692619824	466
0.000796253389989898	0.688787241678732	686
0.11975876844678	1.04993355194212	686
0.00320831641663011	0.689829279676215	171
0.060612918568	0.574810701056327	171
0.09178117807439	1.22956820820275	334
0.0592594715086701	0.574216413367679	334
0.12171138070945	1.05283987405537	60
0.06205222453913	0.576575770191727	587
0.06291742676874	0.576696640316621	5
0.0611873140018699	0.576162678907346	5
0.05888204034268	0.572802709197407	5
0.00267810736268004	0.690636942339763	5
-0.11270247667491	1.29321965254456	1334
-0.02037334303275	0.846864242893723	1334
0.0672749461620601	0.577766096078519	2617
0.09062427523347	1.23065666125985	274
-0.02857594748645	1.02424958420816	17
-0.03947489469624	1.00780871007432	17
-0.10545291176453	1.52606480097256	17
0.0682497548959899	1.38293185365628	17
0.0623192137711901	1.54207721321129	466
-0.0273482518380099	1.02564976883863	686
-0.0197188889134201	0.849018090222835	171
-0.02840573283031	1.34461934607095	171
0.0652629153297899	0.577331121752138	171
0.04549953521207	1.65676954708046	334
-0.0254461494376801	0.841896213690955	587
-0.00591899793522011	0.682610231592815	5
0.060612918568	0.574810701056327	5
0.000518758534119979	0.688969463483089	274
0.0729542406175501	1.39635601369097	466
0.060612918568	0.574810701056327	466
0.00129886233226006	0.689668705776789	466
0.06205222453913	0.576575770191727	686
0.0603221792564701	0.575449353150941	71
0.06176150416243	0.575573951673107	5
0.0603221792564701	0.575449353150941	5
-0.0210382009390999	0.848285602729746	17
-0.04003878464904	1.45535913004976	17
0.06240815329312	1.53542078413842	466
0.1222848030742	1.05488780968856	171
-0.01683214944872	0.850981086743488	334
-0.0270049495987601	0.840146814489466	334
0.06497186902393	0.578443560062359	334
0.00985615496175996	0.694976702755398	98
-0.0342333507638299	1.01650718291726	17
0.06176150416243	0.575573951673107	466
0.11576977295045	1.04311253974137	353
0.0674103866981299	0.576179556054442	334
0.00854736828993996	0.694881226930905	587
0.0603221792564701	0.575449353150941	587
0.06937279685001	1.38950115280809	274
0.0615575788057401	0.575397722991523	17
0.0021477801918599	0.690181006466159	17
-0.0383429483441999	1.01325867255025	17
0.0641062582252101	0.57783656828618	1600
0.06381382996212	0.576020696597725	353
0.0050037967721599	0.691704308048797	2745
-0.0380737550083201	1.32595317651511	686
0.06497186902393	0.578443560062359	587
0.0646800402191901	0.577244755259019	2392
-0.0449890467521099	1.90089218652587	60
0.060612918568	0.574810701056327	274
0.00508480701770009	0.693178123428776	17
-0.02240306986885	0.846475145188653	17
0.00561416805771997	0.693634697863814	17
-0.0249694509865399	0.842789606194151	17
0.0687623835620801	0.579389020639623	353
0.06205222453913	0.576575770191727	5
0.0611873140018699	0.576162678907346	274
-0.02376429421057	1.35029393042792	98
-0.0273782990595	1.19843758081063	17
0.00399247684920989	0.690394720161163	353
0.00561416805771997	0.693634697863814	353
0.0061207112992101	0.692650977578977	71
-0.0155551825226099	0.852857189730334	334
-0.0312064950853901	1.46957263708832	60
0.00136235077006996	0.689385845375163	587
-0.026861744099	0.842780078427935	60
0.00639676878278994	0.694338750578675	5
0.0687623835620801	0.579389020639623	274
-0.0291465407454501	1.47452511459388	17
0.09263667865515	1.23381250346384	17
-0.03302553162848	1.33519645973516	353
-0.11673522715417	1.28690844970033	353
0.06184319313708	0.57473431458569	353
0.060612918568	0.574810701056327	334
-0.0228791096204799	0.846331341436971	5
-0.0277051939236199	1.02471455186647	5
0.1210213269449	1.05337414492035	60
-0.1086958798523	1.61404648317456	274
-0.0292502703225901	0.838987481079416	60
-0.00135378827224009	0.68680319900825	274
0.00351673890245996	0.690531410020346	274
-0.11635344100262	1.28740322802266	17
-0.03268258417536	1.01945513212738	466
-0.04779181062958	1.78455338054526	466
-0.02828738064242	1.19454732208055	466
0.00639676878278994	0.694338750578675	353
0.00907564491784996	0.694063919515537	353
0.0860964454022599	1.22601852442525	71
0.000267110137720072	0.689273684954674	71
0.06497186902393	0.578443560062359	334
0.06262627398235	0.575986404326764	334
0.11975876844678	1.04993355194212	334
0.0978164830305299	1.24097361173751	334
0.0021477801918599	0.690181006466159	587
-0.0275522631627301	1.34475727180784	5
0.06291742676874	0.576696640316621	274
0.06089635736011	0.57486221118602	754
0.06089635736011	0.57486221118602	274
0.12003759103846	1.83652238708057	17
0.0708294996284899	0.578518011832582	353
0.12343844218303	1.05481350369827	71
0.00639676878278994	0.694338750578675	334
0.00371629100523996	0.691087358930325	587
-0.0254461494376801	0.841896213690955	2392
0.0655456320514201	0.577850509647929	274
0.06381382996212	0.576020696597725	274
0.0901996486107599	2.05021469388142	98
-0.11999534510058	1.39393686351556	98
0.00293242809066996	0.690747702125752	353
-0.0431941074370401	1.17275870021495	353
0.0655456320514201	0.577850509647929	353
-0.0264782562224899	1.02758636007513	334
-0.00110196372153992	0.687849919556878	334
-0.02240306986885	0.846475145188653	334
-0.0344114855278099	1.32919104098862	60
0.0637820113037599	0.576275963644178	5
-0.0328052137416299	1.18956375899618	60
0.00483077342270999	0.692626429783641	60
0.06205222453913	0.576575770191727	754
0.0655456320514201	0.577850509647929	754
-0.04144859052518	1.31883505220991	98
-0.0228791096204799	0.846331341436971	17
0.07713354108816	1.40219074220252	17
-0.0244344548276501	0.843641054220566	353
0.00717857209743	0.694778656366304	353
-0.12371926886385	1.15321691661744	353
-0.0213242609706901	0.847859591846366	353
0.000576143278439911	0.688308974423275	71
0.06497186902393	0.578443560062359	334
-0.03263278598907	1.33657544567855	334
0.07278112434514	1.39370459358217	587
-0.0248145492773899	0.844831390413282	587
0.0646800402191901	0.577244755259019	587
0.0592594715086701	0.574216413367679	5
0.06069635629646	0.575154297721853	5
-0.02638634591753	0.843284064989319	5
0.07528757568996	1.39770684815891	274
0.012721456413	2.07738706606905	274
0.12343976830037	1.05772263347813	17
-0.12102715579677	1.27989846166389	353
0.0034625113848501	0.691203628034591	71
-0.0376457340991101	1.18317951209945	71
0.0428927780334001	1.65025680163442	60
0.09739146451674	1.24123127154654	587
0.06069635629646	0.575154297721853	587
0.0637820113037599	0.576275963644178	5
0.0594564119373	0.574146809919677	60
0.00260667546849991	0.691415486937782	274
-0.0345670351124801	1.01831840857558	754
-0.02447559260279	0.844726504227221	754
0.06641060189182	0.578095540716024	274
-0.10542768703349	1.52434468521679	17
-0.03097498446443	1.19165259784083	17
-0.12148894374097	1.1553498935187	17
-0.0326048208684799	1.18889659167119	17
0.0731566087223801	1.39504892978898	353
-0.12029329254318	1.39265108514842	353
0.0924565290783399	1.23388952213425	353
0.01447668677485	2.08304889485735	353
-0.0309335812612801	1.0220350989288	353
0.00553133286710006	0.693014411465741	353
0.0106358549961301	0.695552144813358	334
0.0674103866981299	0.576179556054442	71
0.00637445744662002	0.690361127153551	334
0.11446223302497	1.04364736859445	587
-0.03184749206532	1.33744651123031	587
0.0135612870803301	0.696441810161482	587
-0.03447663502091	1.46554582574782	60
-0.03300116325666	1.0208400080725	872
-0.0204950030478399	0.847946970549542	60
-0.03456632439259	1.0169692619824	274
0.00717857209743	0.694778656366304	274
0.00614341202314006	0.692818894948525	274
0.0569167499116701	0.572884622733256	274
-0.11638612328964	1.40116490946178	17
0.0737612137638799	1.39887148156098	17
0.08932983587295	1.22998363188272	353
0.0709294177714901	1.38908833965577	353
-0.0248145492773899	0.844831390413282	353
0.0641062582252101	0.57783656828618	71
0.12471448277166	1.05819041037015	334
-0.01213437299847	0.854663345536517	334
-0.0384117544811899	1.17968940241458	587
0.05720354168202	0.572959867621651	274
-0.0397279890881801	1.31868688159805	98
-0.03252853086737	1.18817635910686	17
0.09178226436601	1.23299906838598	353
0.00189292169615007	0.689841585471618	353
0.00614341202314006	0.692818894948525	353
-0.0365898974315999	1.012046705816	71
0.0635322778785099	0.576480757103141	334
-0.0406660240701899	1.80384059294117	334
0.00483077342270999	0.692626429783641	587
0.00692576864066008	0.693521170574345	587
-0.02884120029344	1.19506974396076	587
-0.0383429483441999	1.01325867255025	881
-0.0164962440293701	0.849841018876565	60
0.12090621933309	1.0532214222107	5
0.05583042043747	0.571090947323263	5
0.0015766669606001	0.689788385908174	5
0.0658368577022399	0.578688566094146	60
0.0664585335295	0.576484309411764	274
0.00344817737343006	0.690222641403542	754
0.0643979077286201	0.577085966346076	754
-0.11299850025797	1.29104891102697	17
-0.11186275112593	1.40681762239761	17
-0.03128635137458	0.836250840993993	353
0.0635322778785099	0.576480757103141	353
0.0684491408171599	1.389796827392	353
-0.0310820694979099	1.19160698318921	71
0.07447908145616	1.39790625094217	334
0.0925615840395	1.23515581824576	334
0.06176150416243	0.575573951673107	334
-0.03571582205139	1.01396376914699	587
-0.04402901966795	1.44646054532655	872
0.0560540375112599	0.572176134773053	274
0.00801897563274001	0.694425653582333	274
0.00293242809066996	0.690747702125752	754
0.0641062582252101	0.57783656828618	754
0.0942346450425999	2.07350168477188	98
-0.0187689361233101	0.850059205901264	17
-0.1188665296381	1.28365546153673	353
-0.0342333507638299	1.01650718291726	334
-0.0365898974315999	1.012046705816	463
0.00104777080569995	0.690276905484279	334
-0.0354028350903599	1.01772883728461	60
0.0696405617812701	1.38838787033463	872
-0.1232712751632	1.27557416179203	274
0.0021477801918599	0.690181006466159	274
-0.02413311732103	0.844266334309948	17
-0.0281405289496699	1.02485176349962	353
0.0636199618746001	0.575665599041282	353
0.00854736828993996	0.694881226930905	353
-0.0374702185537801	1.01443127125541	71
0.05720354168202	0.572959867621651	334
-0.0220650423461799	1.0300489679999	334
-0.0277346148205799	1.02521663650224	587
0.0615575788057401	0.575397722991523	5
0.06262627398235	0.575986404326764	274
0.03846809005562	1.64045891056783	17
0.00897920014876008	0.69342048214675	17
-0.02466692200805	0.842428899147951	17
0.07462907094128	1.40052468775184	17
0.0895176044247199	1.22869268595605	353
0.0670322258031899	0.5778351002051	353
0.00371629100523996	0.691087358930325	71
-0.01340950587569	0.853270452966803	1047
0.04891710677095	1.51471698734765	334
-0.02240306986885	0.846475145188653	881
0.00614341202314006	0.692818894948525	60
0.00776580727452991	0.693312854527834	872
0.0611873140018699	0.576162678907346	1171
0.0614779765006099	0.575223127248405	1171
0.0678976197735399	0.578952002833974	274
0.06381382996212	0.576020696597725	637
0.00267810736268004	0.690636942339763	17
0.06089635736011	0.57486221118602	643
0.06176150416243	0.575573951673107	643
0.00664969996917009	0.694322095482239	353
0.06012134843669	0.574818428531195	353
0.00664969996917009	0.694322095482239	1350
0.0594564119373	0.574146809919677	1350
0.11813569478068	1.04977155495862	353
0.00639676878278994	0.694338750578675	353
0.0736150949287999	1.39647298622565	334
-0.11342079185654	1.40347327989925	334
0.0611873140018699	0.576162678907346	334
0.0563414332457799	0.572549276189887	334
0.0016173348597599	0.688521459133206	334
0.05720354168202	0.572959867621651	872
0.05461534937901	0.570549366404683	60
0.0674103866981299	0.576179556054442	17
0.00320831641663011	0.689829279676215	17
0.0684710951174199	0.578360020930028	17
0.00293242809066996	0.690747702125752	353
0.0655456320514201	0.577850509647929	2545
0.12308592100409	1.05615597347316	353
-0.0160256680634301	0.851960600403948	353
0.0569167499116701	0.572884622733256	334
-0.03609455521094	1.33209500001958	463
-0.03300116325666	1.0208400080725	881
-0.0572889067007301	2.16830458525976	98
0.00242337421849004	0.689036040188378	17
0.00483077342270999	0.692626429783641	17
0.00770732772680005	0.693960311466429	17
0.12101874559855	1.05496844004333	353
0.06205222453913	0.576575770191727	353
0.0592594715086701	0.574216413367679	71
0.0658368577022399	0.578688566094146	334
0.05720354168202	0.572959867621651	334
0.0053602613747501	0.69181356761285	463
0.06641060189182	0.578095540716024	587
0.07082717591735	2.13999617955192	17
0.06262627398235	0.575986404326764	17
0.0611873140018699	0.576162678907346	17
0.00372558573074011	0.68948293590694	2545
0.0577788389210201	0.573295283481806	353
-0.0246098189991	0.841226868734449	334
0.00110695783841996	0.688764264593948	334
0.09764201644919	1.93945325968964	334
0.00455532885968002	0.691509463795607	334
-0.0249608075238299	1.0282424609316	334
0.0600305781509101	0.573563297385593	587
0.0658368577022399	0.578688566094146	881
-0.02466906133753	1.48250439489307	60
-0.0239578791717601	0.843786125104647	872
0.00424613030137011	0.691543070982657	875
0.06349145731342	0.576107730106197	875
-0.0229355765924	0.843743886356282	17
-0.03738296212127	1.32373273668297	98
0.0586403009672001	0.57341570515588	334
-0.02184764776114	0.847785496989306	334
-0.02008976982504	1.03368465310965	60
0.12425402639587	1.05809511809013	754
-0.0329047010876999	1.01952518355885	17
0.1201013311771	1.05047690194352	643
-0.0358021620493201	1.01699964744668	17
-0.11811065347149	1.28249214109031	1350
0.0121771577244501	0.694864701602855	71
0.00189292169615007	0.689841585471618	334
0.00561416805771997	0.693634697863814	334
0.06266602934731	0.575258394733933	334
0.05720354168202	0.572959867621651	62
0.0641062582252101	0.57783656828618	1639
0.12263236673022	1.05710853341237	754
-0.0469003296039401	1.8937133895326	17
-0.03842222020803	1.01171811690909	17
0.0034625113848501	0.691203628034591	17
-0.0329047010876999	1.01952518355885	17
-0.0184681593100999	0.850685538190188	2545
-0.12358352184377	1.27665468604585	1350
0.09298668558348	1.23525487449152	1350
0.06262627398235	0.575986404326764	71
0.12263236673022	1.05710853341237	463
0.00182762709119011	0.690977558044493	587
-0.0341724398557499	1.01778620114782	881
0.00338491240400995	0.691555507421072	1639
0.00717857209743	0.694778656366304	754
-0.0117980868689	0.855339494798633	754
0.06497186902393	0.578443560062359	274
0.0034625113848501	0.691203628034591	754
0.0140616339911499	0.696899566976055	353
-0.00370287890778998	0.68326565130082	334
-0.03011777583829	1.33857593755232	334
-0.02184764776114	0.847785496989306	334
-0.08856485707465	1.96234807586344	334
0.00313507705548011	0.690925092944883	881
0.04504066300053	1.65188161181662	60
-0.01669624608166	0.850633087703275	17
0.07243752561979	1.39656929215256	353
0.0611873140018699	0.576162678907346	1350
0.0600305781509101	0.573563297385593	334
0.06205222453913	0.576575770191727	881
0.06262627398235	0.575986404326764	736
-0.0297065522759601	1.02375143570491	637
-0.0308547665435199	1.33845376668626	334
0.00242337421849004	0.689036040188378	334
0.0627583472834601	0.574558056795105	881
0.09135492319959	1.23162185885925	60
0.0740747264494499	1.39674624109213	17
0.0530403574426901	1.67147193029672	17
0.00508480701770009	0.693178123428776	353
0.0672749461620601	0.577766096078519	334
0.05897200973491	0.573334925553979	334
0.11975069904959	1.05160089858451	334
0.07228044889551	1.39254208243657	498
-0.0333410946442601	1.01892296828758	334
-0.02610680240688	1.19830189819264	334
-0.02925163923436	1.47462582131178	334
-0.02668874855927	0.841221918335372	60
0.00639676878278994	0.694338750578675	872
0.06205222453913	0.576575770191727	637
0.0560414491047201	1.53159267197875	17
-0.0401920706736301	1.17974251853688	17
-0.03016262597015	1.34038390796124	353
-0.0255531616070199	0.841622935726984	1350
0.0655456320514201	0.577850509647929	71
0.0678976197735399	0.578952002833974	334
-0.0236567208437399	0.845162682271321	334
0.06349145731342	0.576107730106197	334
0.06291742676874	0.576696640316621	463
0.0643979077286201	0.577085966346076	1315
0.00320831641663011	0.689829279676215	1171
0.0614779765006099	0.575223127248405	62
0.06670122068132	0.578357087896594	754
0.0643979077286201	0.577085966346076	736
-0.0361417992881701	1.70264388369906	17
0.049853636593	1.66258636576476	17
-0.03373581658541	1.01838826656207	98
0.0615575788057401	0.575397722991523	353
0.0635322778785099	0.576480757103141	353
0.06497186902393	0.578443560062359	334
0.12136730264024	1.05228653260737	334
0.0598344987371999	0.574552074754926	498
-0.04001269732957	1.69521903547852	463
-0.0332544171231199	1.18842839754971	334
0.00614341202314006	0.692818894948525	274
0.0611873140018699	0.576162678907346	736
0.0882401948752201	1.22915968056406	17
0.0611873140018699	0.576162678907346	353
0.00430116810844994	0.692170239986747	334
-0.0231275674860201	0.846482301453177	334
0.0611873140018699	0.576162678907346	62
0.0603221792564701	0.575449353150941	62
0.0718380555940901	1.38969538096645	274
-0.02466692200805	0.842428899147951	17
-0.0309335812612801	1.0220350989288	98
-0.0289736958300599	1.0258093217502	17
0.00770732772680005	0.693960311466429	17
0.00870082986512011	0.692982022953797	353
-0.03663649754584	1.01585626246522	353
0.0641062582252101	0.57783656828618	1350
-0.01954451230501	0.848987615586173	353
0.0681887291410099	0.57803285948981	334
0.06324002887349	0.576609113923133	334
0.0646800402191901	0.577244755259019	334
0.06176150416243	0.575573951673107	334
-0.11765624258435	1.39901629986448	463
0.0684710951174199	0.578360020930028	680
-0.00110196372153992	0.687849919556878	637
0.0034625113848501	0.691203628034591	17
-0.0359473195411999	1.18402790134359	17
-0.01669624608166	0.850633087703275	17
-0.02184764776114	0.847785496989306	353
0.00110695783841996	0.688764264593948	498
-0.03381702488478	1.18597253914468	498
-0.03097498446443	1.19165259784083	334
0.000267110137720072	0.689273684954674	334
0.00639676878278994	0.694338750578675	334
0.00926803926251996	0.693634826735663	680
0.0586403009672001	0.57341570515588	680
0.06205222453913	0.576575770191727	637
-0.02346534425963	0.845877160255437	637
-0.0369603031261301	1.46003108309919	17
-0.0402804975565001	1.00917980616383	17
-0.03831491869084	1.18204236594554	17
-0.0173030047752401	0.848864467378423	98
0.0569167499116701	0.572884622733256	334
0.0641062582252101	0.57783656828618	334
0.06205222453913	0.576575770191727	334
0.0603221792564701	0.575449353150941	334
0.06381382996212	0.576020696597725	334
0.00320831641663011	0.689829279676215	680
0.0510212664638401	1.66654512435193	60
-0.03577189382829	1.18726058149982	60
0.06381382996212	0.576020696597725	637
-0.0216258510894201	0.847367504278335	17
0.0696909452332	1.38877211863452	98
0.06381382996212	0.576020696597725	353
0.0021477801918599	0.690181006466159	463
-0.12021098094132	1.38809400837975	334
-0.00135378827224009	0.68680319900825	334
0.0635322778785099	0.576480757103141	17
0.0596093062254901	0.572036271647454	98
0.00879997521194009	0.695340728531382	17
0.0577788389210201	0.573295283481806	353
-0.03663649754584	1.01585626246522	353
0.0592594715086701	0.574216413367679	334
-0.0374559195474	1.70203825738824	60
-0.09547469901433	2.2097549212325	60
0.0641062582252101	0.57783656828618	62
-0.03803224657811	1.69776816708489	17
-0.0265157486188501	1.02648575240811	17
-0.03671495341918	1.01288245040464	353
0.00586765213810003	0.693882064620264	353
-0.12334841165891	1.27549768520176	334
0.0641062582252101	0.57783656828618	334
-0.0239578791717601	0.843786125104647	334
0.0564323310084101	1.52836994904873	334
0.09568301914969	1.23773846708241	334
0.00614341202314006	0.692818894948525	334
0.0592594715086701	0.574216413367679	474
0.00561416805771997	0.693634697863814	736
-0.03065772200996	1.47250196701825	17
0.12021252598654	1.05340760036227	17
0.00717857209743	0.694778656366304	334
0.0611873140018699	0.576162678907346	334
0.01200486977524	0.694186591323118	463
-0.02054702631205	0.848219007755662	334
0.060612918568	0.574810701056327	334
-0.0357286113954101	1.18385501602726	680
-0.0326013477198299	1.02171068889621	680
0.12379348473301	1.05698996779434	60
0.00189292169615007	0.689841585471618	274
-0.0564012962632401	2.07646684519902	17
0.03146343801375	1.88470779908083	17
-0.04378631355317	1.44889173547761	17
0.05743218783803	1.52915477488094	353
-0.0260836113862299	0.843673668477193	353
-0.0391128188918399	1.01142708364729	353
0.06176150416243	0.575573951673107	353
-0.0329047010876999	1.01952518355885	334
-0.028940500075	1.02373690891546	334
-0.0228791096204799	0.846331341436971	334
-0.0323942505704999	1.18991771254478	334
-0.11643547152014	1.28713905311073	334
-0.0400622583763499	1.91446866517071	463
-0.04035612873679	1.57758493784685	334
0.07169402701746	0.57946276405746	334
-0.0366740769564899	1.17926795825169	680
-0.11342079185654	1.40347327989925	680
0.1012696948102	1.24209979084239	1968
-0.02574852595563	0.84202843921497	62
-0.03575697839674	1.58611469761705	736
0.00533841866345997	0.692211463064849	754
0.07136368712174	1.39186412367924	353
-0.03262852388579	1.33939446875068	1042
0.0731310615077701	0.578859536921869	353
0.01010806773565	0.696373336398546	353
-0.01816706767651	0.850249471494147	353
-0.12493967233468	1.27283649820141	334
0.11848267972135	1.05024213152447	334
0.000576143278439911	0.688308974423275	334
0.0762685269141301	1.40054464284633	334
0.00424613030137011	0.691543070982657	680
-0.03807541619405	1.18015405623154	680
0.06012134843669	0.574818428531195	274
0.00586765213810003	0.693882064620264	736
0.0580650230272699	0.573080429177984	736
0.00764543242875004	2.06626953549135	17
0.0335356543579599	1.76398212439451	17
0.00371629100523996	0.691087358930325	353
-0.0427419203278101	1.17452241546183	463
0.00770732772680005	0.693960311466429	680
0.00136235077006996	0.689385845375163	62
0.0954058852740001	1.93092455672958	60
-0.01769258657851	0.851149257020452	274
0.09288419864998	1.23394578482495	274
0.00664969996917009	0.694322095482239	274
0.06670122068132	0.578357087896594	754
-0.11420365647947	1.40252201854152	17
-0.12430387129534	1.27697507290762	17
-0.12493967233468	1.27283649820141	17
-0.0398125049009299	1.32622018679206	353
-0.02257748212948	0.846325955266984	1042
0.0641062582252101	0.57783656828618	353
0.00958016502306003	0.695917467871454	353
-0.03429248070276	1.18694249199179	334
0.07314518163159	1.39314829004023	463
-0.03631210587617	1.01526905704316	60
-0.11870715077788	1.28391778711043	60
-0.00135378827224009	0.68680319900825	736
-0.02434325861227	0.843927772407406	353
-0.02054702631205	0.848219007755662	353
0.0635322778785099	0.576480757103141	353
-0.02879821655869	1.19471290945064	463
0.11958376969078	1.84565168836424	334
-0.02401632123304	0.841811784030794	334
0.0577788389210201	0.573295283481806	680
0.00717857209743	0.694778656366304	680
0.06497186902393	0.578443560062359	680
0.00801897563274001	0.694425653582333	60
0.00189292169615007	0.689841585471618	60
0.0658368577022399	0.578688566094146	736
0.00293242809066996	0.690747702125752	736
0.00553133286710006	0.693014411465741	754
0.0403721226375	1.64548433526521	17
-0.0330786187829799	1.19107465549516	17
-0.09287384978072	1.85261670538856	98
0.0708294996284899	0.578518011832582	353
-0.01683214944872	0.850981086743488	353
0.00664969996917009	0.694322095482239	353
0.06291742676874	0.576696640316621	680
0.06012134843669	0.574818428531195	782
0.00639676878278994	0.694338750578675	62
0.00475418153282003	0.692440407310782	17
0.0681887291410099	0.57803285948981	463
0.00260667546849991	0.691415486937782	474
0.00320831641663011	0.689829279676215	98
-0.00135378827224009	0.68680319900825	353
0.0598344987371999	0.574552074754926	353
0.0658368577022399	0.578688566094146	353
0.0646800402191901	0.577244755259019	353
0.0676057200529201	0.577246124018883	353
0.09470192225402	1.23876198211876	353
-0.10534257358298	1.62988471191767	334
-0.12437446090363	1.27491400268462	334
0.0655456320514201	0.577850509647929	463
0.06176150416243	0.575573951673107	334
0.0719735752667601	1.39622403169488	463
0.0652629153297899	0.577331121752138	782
0.0603221792564701	0.575449353150941	353
0.00533841866345997	0.692211463064849	463
0.0658368577022399	0.578688566094146	754
0.0692767461766901	1.55284579957465	98
-0.03850765450835	1.18186044604251	353
-0.03547373295267	1.01628462952598	71
0.0652629153297899	0.577331121752138	463
0.07661325108297	1.4000893780769	463
-0.03511593019043	1.4666338075979	463
-0.0188200770854201	0.847230505747585	334
-0.0274273160874301	1.02637887488819	60
0.00267810736268004	0.690636942339763	680
0.0679685104869501	1.38459965445958	680
0.0603221792564701	0.575449353150941	274
-0.12334841165891	1.27549768520176	353
0.0670322258031899	0.5778351002051	353
-0.10876318027224	1.41235473370784	71
0.00267810736268004	0.690636942339763	334
0.0539553152606001	1.52537087631913	680
0.11975069904959	1.05160089858451	274
0.00293242809066996	0.690747702125752	754
-0.0300298585733201	0.837997532256964	63
-0.0548058024129501	2.36524924435951	17
-0.0419310493260801	1.90912537456038	17
0.07447908145616	1.39790625094217	17
-0.0434582193497299	1.90748548468743	98
0.0526723323070799	1.52434408926298	17
-0.0252123101986299	0.841330732518808	17
-0.0187689361233101	0.850059205901264	353
0.0623431977133699	0.575344807364201	353
-0.03484522840503	1.33053431051159	353
-0.0402717996231401	1.32563112514138	71
0.00553133286710006	0.693014411465741	463
0.00586765213810003	0.693882064620264	60
-0.0374702185537801	1.01443127125541	680
0.0603221792564701	0.575449353150941	680
-0.02638634591753	0.843284064989319	680
-0.03053838020491	1.02274595280914	62
0.11449948784068	1.0417288668676	474
0.06012134843669	0.574818428531195	495
0.0643979077286201	0.577085966346076	495
-0.0427147439697999	1.80284698503197	98
-0.12451253217964	1.15238140370694	17
0.0585592306571201	1.53353629078466	353
0.0580650230272699	0.573080429177984	353
-0.0216313067969001	1.03138350197911	353
0.0635322778785099	0.576480757103141	71
0.12435034847885	1.05677375009226	2450
-0.03263547480721	1.01890579426619	474
0.06641060189182	0.578095540716024	495
0.10764268856338	1.96304640643143	17
-0.03954819589347	1.01085704293332	98
-0.0380558719419699	1.5828265626448	98
-0.02879624573378	1.34351058603886	353
-0.0358021620493201	1.01699964744668	353
-0.12081295931244	1.39210039448824	334
0.0200703835765601	1.98064974812747	334
0.08566991587457	1.22479468782687	334
0.08838106883437	1.22807391216526	334
-0.0313162536090801	1.33678831030042	782
-0.11704057333464	1.39403819445198	782
0.05902498934571	1.53458424434348	62
0.0774793711656701	1.40043034045503	60
-0.0332992781050001	1.01825645551197	754
-0.00163170668356005	0.686548287134407	754
-0.0373093923366501	1.32913542355626	17
-0.09279566494548	1.6533973679517	17
-0.0305239290425601	1.19234989020639	353
-0.0304350326755101	1.19276861764335	98
-0.03770859510583	1.70112980620025	353
0.00985615496175996	0.694976702755398	71
0.00614341202314006	0.692818894948525	334
-0.0216258510894201	0.847367504278335	334
-0.12025693088218	1.39204490435965	334
-0.0361168326472301	1.460925251092	334
0.09007563220648	1.23043055977248	60
0.06262627398235	0.575986404326764	274
0.06291742676874	0.576696640316621	274
0.0658368577022399	0.578688566094146	754
-0.0281671448851799	0.83978205827372	63
0.12471448277166	1.05819041037015	63
-0.02630458542851	1.34678154656679	63
0.0383560180347899	1.63815611282405	98
-0.02605057068814	0.841185243096645	353
-0.02419049180415	0.843322270030413	334
-0.11673522715417	1.28690844970033	782
-0.01340950587569	0.853270452966803	474
0.08838106883437	1.22807391216526	274
-0.12384953347977	1.27761894505791	353
-0.0361528171023899	1.01336360962792	334
0.0021477801918599	0.690181006466159	334
-0.03669809703629	1.46388652972549	334
-0.0423482602718399	1.32090558343908	334
-0.0354792227052201	1.58551704202508	334
-0.03427085326248	1.01937738558414	60
0.0034625113848501	0.691203628034591	60
-0.0341724398557499	1.01778620114782	62
0.0788659221721	1.40433812615721	274
-0.0341898559332099	1.45869877420849	17
-0.1228292805727	1.27734254549876	353
-0.0184681593100999	0.850685538190188	353
-0.0353840076996399	1.18403692755565	334
-0.03712629753551	1.18044612920643	60
-0.0355336820754899	1.18158576645076	2450
-0.0271643311480201	0.842115585187827	2450
-0.03842222020803	1.01171811690909	60
0.00371629100523996	0.691087358930325	680
0.00399247684920989	0.690394720161163	782
-0.02605057068814	0.841185243096645	274
-0.0371830243631299	1.18091447795314	274
-0.00344942816176008	0.685422431915486	63
0.06176150416243	0.575573951673107	63
0.0529512171914699	1.66868306458009	334
-0.04327045333377	1.31777657016276	334
-0.0297265187345399	0.838484660856868	2450
0.06205222453913	0.576575770191727	60
-0.0360782892109	1.18427352771689	782
-0.0368798461470501	1.33216057011311	782
0.07401959583677	1.39683455189769	474
-0.0475281654583699	1.56216772047482	17
-0.0326686853317	1.19174970174119	98
0.06150738511294	1.53820057553245	98
-0.0433273091158299	1.31309282503501	98
0.11687760579452	1.83606471976692	98
0.0168743668703499	2.08426348686038	353
0.05888204034268	0.572802709197407	334
-0.0235985299357	0.844626207809441	334
-0.11822055653765	1.28641592848119	353
0.0756917149611001	1.39523551189265	353
-0.0362255194477501	1.01304736099668	353
-0.01166484799843	0.853507528057867	353
-0.01889054567493	0.850023622074051	334
-0.0358701551012801	1.46571166151244	334
-0.0319860814726201	1.5931333189485	334
0.00854736828993996	0.694881226930905	463
-0.0356610567273701	1.46222284380927	334
0.06497186902393	0.578443560062359	782
-0.02037334303275	0.846864242893723	474
0.0635322778785099	0.576480757103141	474
-0.10847968149271	1.52185665350266	17
-0.02192711849644	0.845340745800378	353
0.0766723855158	1.40090487461656	353
0.00189292169615007	0.689841585471618	353
0.0914750049272699	1.23495093842013	353
0.12228985346067	1.05139543770596	334
-0.0432158505312901	1.00346542638028	2450
-0.0309335812612801	1.0220350989288	60
0.00717857209743	0.694778656366304	474
-0.0176382421260299	0.849601645245434	60
0.10873693427142	1.96412470277758	17
0.0824282069462601	1.21580679167509	353
-0.0228791096204799	0.846331341436971	353
0.0655456320514201	0.577850509647929	2450
-0.0382134583951399	1.01204588284146	680
0.0615575788057401	0.575397722991523	63
-0.0264395685230801	1.02469282794154	17
-0.0351254676302399	1.33120901700823	17
-0.04566974242936	1.56409971432365	98
-0.10552548095161	1.41809915621382	353
-0.02787736860812	1.34332783199976	353
0.07845716145898	1.20556075334791	353
-0.03648797272389	1.18411785334736	334
0.0927585204855499	1.23601714537488	334
-0.0326686853317	1.19174970174119	334
-0.0372176740838399	1.18207074856957	680
0.0611873140018699	0.576162678907346	782
-0.03033285818411	0.835873264178973	63
-0.0322369311191599	1.33977584293859	17
0.0560540375112599	0.572176134773053	353
0.12147847014516	1.05366925925432	353
-0.03830332571396	1.0126827631051	353
-0.02825430195709	0.838660155010295	334
0.0951361897881	1.23980903171309	11
-0.11494381603287	1.29124869938698	11
-0.04019096947944	1.57156459977071	334
0.05720354168202	0.572959867621651	782
-0.000850557722630096	0.686886407600298	60
-0.000262149521959909	0.687968887417832	274
0.0560414491047201	1.53159267197875	17
-0.02710242182475	1.47699299272084	17
-0.00213603101148996	0.686013215629264	353
0.12090615842183	1.05179708294221	353
0.0641062582252101	0.57783656828618	463
0.0883719221902399	1.2264847591584	334
-0.11222132241408	1.51065907232178	334
0.12009904376168	1.05200329333299	680
0.00905214681657007	0.694244873174396	274
-0.09386119365857	1.85168254196739	17
0.0594564119373	0.574146809919677	17
0.00365696181500996	0.688465240239611	353
-0.00188366104490001	0.687285853301533	353
-0.11647407219051	1.39885369422254	353
-0.02265669552818	0.846982663609958	353
0.08018778743266	1.40617990391687	353
0.06497186902393	0.578443560062359	334
-0.0348840045545999	1.01471598824275	334
0.11505704628696	2.41988187485799	334
-0.02974924263712	0.837586726640121	334
0.00879997521194009	0.695340728531382	782
0.06390623522406	0.575763852388588	782
0.00639676878278994	0.694338750578675	1831
-0.03235703353338	1.19035313339195	17
-0.0325104278378301	1.70893053399226	17
0.00561416805771997	0.693634697863814	353
0.01969846327129	1.97804542851269	353
0.00242337421849004	0.689036040188378	353
-0.0344881922326501	1.18530800203229	353
-0.02560848540561	0.844177725594026	71
0.0684710951174199	0.578360020930028	334
-0.0376583312218199	1.32809602428484	11
-0.0231275674860201	0.846482301453177	334
0.0636199618746001	0.575665599041282	334
0.0910427036269199	1.23373809386051	60
-0.02001971393119	0.848845456280035	782
0.0646800402191901	0.577244755259019	782
0.0523618883452699	1.52251919047705	60
0.00717857209743	0.694778656366304	274
0.00371629100523996	0.691087358930325	274
0.0611873140018699	0.576162678907346	63
-0.0983655680220199	1.93375576755928	17
-0.0438777951039	1.68646949647235	17
-0.0337306184519299	1.0185802382588	17
0.0614779765006099	0.575223127248405	353
0.00189292169615007	0.689841585471618	353
0.0679205498072	1.38340101131174	353
-0.0393305002331801	1.18135036371749	353
-0.01799349561762	0.850826688821256	334
0.06262627398235	0.575986404326764	334
0.11940322947114	1.04953202093928	334
0.0535254168306201	1.52633569317815	680
0.0672749461620601	0.577766096078519	782
0.0673239464909801	0.577596717444378	474
0.0611873140018699	0.576162678907346	274
0.00508480701770009	0.693178123428776	274
0.06349145731342	0.576107730106197	63
-0.0236567208437399	0.845162682271321	17
-0.0239364981826899	0.845377008358032	98
0.060612918568	0.574810701056327	353
-0.02527164880416	0.842174246105442	353
0.12090621933309	1.0532214222107	334
0.0504371988441299	1.66285910720921	11
-0.0250125203325799	1.34806422737319	334
-0.00213603101148996	0.686013215629264	334
0.00508480701770009	0.693178123428776	1831
-0.10544797164265	1.52569857221507	98
-0.00838924394596008	0.856881674600191	17
-0.0200717921847799	0.848361585992025	17
0.0592594715086701	0.574216413367679	98
-0.00344942816176008	0.685422431915486	98
0.0641062582252101	0.57783656828618	353
-0.04059090446512	1.57646037109182	353
-0.0150847873811499	0.852993243464339	353
-0.00514025705092003	0.683169295296104	353
0.00207815834684011	0.690106296456495	353
-0.0397803888033801	1.18041642118547	353
0.04475420013462	1.6485786025928	71
-0.0274665856677601	0.839705991527618	353
-0.10891683516727	1.52181757931988	11
-0.04612767908926	1.31094896350979	334
0.06089635736011	0.57486221118602	334
-0.09086843477779	2.22917520324687	60
-0.10566711677039	1.30159030754595	680
0.06205222453913	0.576575770191727	782
-0.02179985176911	0.846961178203258	17
0.04207287254457	1.6490169551687	17
0.0714026860101	0.577930364912159	98
-0.03056444594172	1.19200572144008	334
-0.0352111252321099	1.18595536330137	11
0.06012134843669	0.574818428531195	334
0.0655456320514201	0.577850509647929	680
0.0586403009672001	0.57341570515588	680
0.05586791847387	1.67283323768035	60
0.0676057200529201	0.577246124018883	1831
0.00267810736268004	0.690636942339763	474
-0.10855802498233	1.52265801476722	474
-0.0953853351292899	1.54394841961192	98
-0.0401538699961199	1.91350660618704	17
-0.03529158766074	1.46425578441467	17
-0.02622549241784	0.841135468705538	17
0.11732879227382	1.04844674139509	98
0.12182870789096	1.05299427142307	353
0.0678976197735399	0.578952002833974	334
0.0577788389210201	0.573295283481806	334
0.11525475022559	1.04415490745997	334
0.0563414332457799	0.572549276189887	680
0.06262627398235	0.575986404326764	680
0.06089635736011	0.57486221118602	782
0.04479222220685	1.65561922717105	17
0.12264666039715	1.05453119457272	353
0.0635322778785099	0.576480757103141	71
0.0655456320514201	0.577850509647929	782
0.12345014890616	1.05653700495127	474
0.00136235077006996	0.689385845375163	474
-0.01636138479052	0.851876869323031	274
0.0563414332457799	0.572549276189887	63
0.06435602307781	0.575689391195341	63
0.02683798300403	1.87554623233825	17
0.0015766669606001	0.689788385908174	17
-0.02764000128922	0.841611880836867	353
-0.0328052137416299	1.18956375899618	71
-0.10491295731651	1.52713284020538	71
0.0972284036664299	2.07998703823972	11
0.06291742676874	0.576696640316621	11
0.10394078233197	1.24826435912755	334
-0.03007171509985	1.19194060789107	680
0.00879997521194009	0.695340728531382	60
-0.00274460343385008	0.685910218671815	274
0.10188013711416	2.38102642369847	2595
-0.09898986893633	1.6449294312621	71
0.0684710951174199	0.578360020930028	334
0.0635322778785099	0.576480757103141	334
-0.0235985299357	0.844626207809441	334
0.06349145731342	0.576107730106197	334
0.06266602934731	0.575258394733933	680
0.00586765213810003	0.693882064620264	680
0.06641060189182	0.578095540716024	474
0.0726068541476901	1.39506820378002	474
0.0609825901857599	0.575061904640739	17
0.0015766669606001	0.689788385908174	353
0.00104777080569995	0.690276905484279	353
0.0673239464909801	0.577596717444378	353
0.08804613224179	1.22165111704173	353
-0.11211521884789	1.40662265157906	334
0.0594564119373	0.574146809919677	680
0.07540429550808	1.39849073665559	680
0.00749046690391997	0.692757398548458	782
0.0658368577022399	0.578688566094146	474
0.0641062582252101	0.57783656828618	274
0.00795957449314	0.694919046007188	63
0.0678976197735399	0.578952002833974	897
-0.03558261571648	1.46152947371084	17
-0.02335523777402	0.84543378068884	17
-0.0276914399855399	0.840284647994588	353
-0.0024136509886199	0.68598507205861	334
0.00212873004117009	2.05260835285411	334
-0.03571582205139	1.01396376914699	334
-0.00489133738323999	0.683141041126509	334
0.06291742676874	0.576696640316621	782
0.06497186902393	0.578443560062359	474
0.0714026860101	0.577930364912159	474
0.0122564278441499	0.696475552291052	274
-0.0337775728421701	1.01759718242973	63
0.06266602934731	0.575258394733933	897
0.00879997521194009	0.695340728531382	17
-0.0369262451199699	1.17991088500569	17
-0.020848758066	0.848002492808298	353
0.0687623835620801	0.579389020639623	353
0.06262627398235	0.575986404326764	71
0.0611873140018699	0.576162678907346	334
-0.0303403589531099	1.19121630577419	334
0.06291742676874	0.576696640316621	334
0.00932812295723995	0.695796600619346	334
-0.03635914535483	1.18367256874181	334
0.06147326226253	1.5397022911756	334
-0.0337951266679	1.01730798244421	1346
-0.02832893841338	1.19191383590435	334
0.00497313997728011	2.05953350248029	334
0.00475418153282003	0.692440407310782	334
0.0021477801918599	0.690181006466159	782
0.0108871990781401	0.69661470718865	782
-0.02605057068814	0.841185243096645	782
0.01904904787871	1.97695029788644	897
0.05476811782485	1.52252924514898	17
-0.03289358446864	1.01839957511868	71
-0.020848758066	0.848002492808298	334
0.12217242219931	1.05393988772825	334
-0.0420213728100101	1.80472597317675	334
-0.0358021620493201	1.01699964744668	334
0.0841377921361199	1.22159972039727	782
0.0164834742193301	0.696765951827567	474
-0.03742156187672	1.01105002041058	60
-0.0237141504041001	0.843467255470174	274
0.0611873140018699	0.576162678907346	274
0.0643979077286201	0.577085966346076	274
0.06497186902393	0.578443560062359	897
-0.02532430550895	1.02739545295353	71
0.00475418153282003	0.692440407310782	71
-0.0444347389005	1.00211571245983	334
0.0641062582252101	0.57783656828618	11
0.00242337421849004	0.689036040188378	334
-0.00291906238001993	0.684943536509662	334
-0.02605057068814	0.841185243096645	274
-0.03490765863769	1.1884448013988	334
0.0643979077286201	0.577085966346076	334
-0.0347523930925999	1.18712820499566	334
0.0608152739692101	1.53414300246654	1525
0.06089635736011	0.57486221118602	11
-0.0355355694889801	1.18362844337294	60
0.05547870129105	0.571841073068374	60
-0.03373581658541	1.01838826656207	897
0.06891039170943	1.39031093607201	1525
0.0646800402191901	0.577244755259019	60
-0.02828738064242	1.19454732208055	63
-0.0308047954470301	1.02083888008827	17
-0.1099985239739	1.89900128749391	98
-0.01674388453929	0.850143859505032	71
0.06304524468309	0.575330243550069	11
0.0577788389210201	0.573295283481806	63
0.00879997521194009	0.695340728531382	63
0.09356566341917	1.9286105114243	63
-0.08598987812431	2.33053277089299	17
0.0106105739431199	0.694101769271915	42
0.00235627602433008	0.690487755919548	2628
0.0948440530292201	1.23624377484051	11
-0.0456852779482	1.68366648803154	782
-0.0419915283152801	1.57529120002786	474
-0.02527164880416	0.842174246105442	63
-0.0403246344955599	1.31981643085445	60
-0.0565612511755	2.45557596500205	1160
0.00770732772680005	0.693960311466429	42
0.06324002887349	0.576609113923133	42
-0.0024136509886199	0.68598507205861	42
0.00528185102601997	0.691948679154516	1346
-0.0435920148283899	1.56921066636878	11
0.0971508763903699	1.23676954720974	11
0.0600305781509101	0.573563297385593	334
0.0603221792564701	0.575449353150941	3256
0.0822619349962099	2.17328568281639	3256
0.0594564119373	0.574146809919677	63
0.00785595605029998	1.95066591606105	98
-0.0336273654468	1.18679471005277	98
-0.0416957653260599	1.57247413250958	98
-0.03423634045966	1.58969795945425	1160
-0.0323140866470899	1.18556299256688	71
-0.0415555938046499	1.57643553501743	11
-0.0353613066924801	1.18793557985708	11
0.0376241249023801	1.77005919693177	3256
0.0466198320231901	1.65587151379163	63
-0.0309335812612801	1.0220350989288	334
0.000576143278439911	0.688308974423275	3256
-0.03622341929941	1.70173686630436	782
-0.04086625760226	1.44312018198614	60
0.00958016502306003	0.695917467871454	98
-0.0267848119746501	0.840223280392694	98
-0.0329047010876999	1.01952518355885	98
0.00233324947438995	1.93174554287691	98
0.0887965645756299	1.22797173783531	11
0.0684710951174199	0.578360020930028	11
0.05728401921881	1.53003543339112	11
-0.0292512974493999	1.19471726541812	11
-0.0346904454888399	1.58865849188436	334
0.0609825901857599	0.575061904640739	782
-0.0371007506708601	1.70353063061545	782
0.01010806773565	0.696373336398546	63
0.07799933913806	1.40345579270308	11
0.00692576864066008	0.693521170574345	1346
0.06107389357514	1.53783811307221	1346
0.06069635629646	0.575154297721853	63
-0.0176451454747999	0.847253507678005	63
-0.02884120029344	1.19506974396076	42
-0.11050069876019	1.41246963565425	11
0.00508480701770009	0.693178123428776	505
0.11832858458399	1.83596606692206	782
0.10845324783646	1.96670894369803	63
-0.0365470282045799	1.01296612736285	17
0.0560540375112599	0.572176134773053	1346
0.00743094700247005	0.694462877643055	42
-0.04155085409139	1.00752172151222	11
-0.04038630660432	1.00971171726387	11
0.06296770940399	1.54037070505403	11
0.09306603370609	1.23360399139361	334
0.0577788389210201	0.573295283481806	505
0.06291742676874	0.576696640316621	782
-0.0358137896912401	1.18627180659169	63
0.0711206618269999	0.578111216460049	1525
0.0658368577022399	0.578688566094146	42
-0.02419049180415	0.843322270030413	11
0.12001751111041	1.84568068485222	11
-0.03740555311931	1.58593759477277	11
-0.00591899793522011	0.682610231592815	11
0.06176150416243	0.575573951673107	11
0.08794486403364	1.22580291258603	1346
0.05974779582566	0.574099743860578	11
0.0684710951174199	0.578360020930028	11
-0.0498227696559701	1.78536858023905	474
-0.115278555333	1.40268852879795	63
-0.04485485150893	1.56600786104151	1525
-0.0374532827348699	1.4629625549763	17
0.0709585457591599	1.39150128389737	1160
0.0039762096757201	0.691529582110652	42
0.0775371812332399	1.40255057946801	1346
-0.02915263795806	1.47504316232627	11
-0.03948528832228	1.01026277617	782
0.00293242809066996	0.690747702125752	505
-0.1228632753851	1.15476540387712	17
0.12478914994823	1.85564108273528	1160
0.0034625113848501	0.691203628034591	42
0.0677537632157601	1.38455644229913	1694
-0.01769258657851	0.851149257020452	11
0.000267110137720072	0.689273684954674	11
-0.0419881049120101	1.00650136063134	782
0.09793202899759	1.24309371164841	42
0.05743218783803	1.52915477488094	1694
-0.0269711104013901	1.19711655434849	63
0.06176150416243	0.575573951673107	63
-0.03978967892674	1.45549803420875	42
-0.00266615035100992	0.686494356169944	42
0.0201752693730299	0.697425008710572	346
-0.0425467620959299	1.68745329885154	63
0.00743094700247005	0.694462877643055	1525
-0.11080653418373	1.51765941589509	1160
-0.10255309489829	1.63676785377057	42
0.0336929623312701	1.76589866229775	11
-0.11207338245049	1.51334791097926	423
-0.03463448658296	1.58741316969484	1694
-0.11879452963574	1.28006095230399	1694
-0.02152385054495	0.844324838649416	1694
0.0611873140018699	0.576162678907346	346
0.0560887164260999	1.5304166891207	334
-0.0237141504041001	0.843467255470174	782
-0.11517579537183	1.50787459709738	63
-0.10963462756714	1.51850388314284	63
-0.03366560023188	1.18807412281616	11
-0.0281405289496699	1.02485176349962	423
0.00932812295723995	0.695796600619346	1694
0.06381382996212	0.576020696597725	1694
0.00377144538832996	0.690505163253777	2574
0.06497186902393	0.578443560062359	2574
-0.03842222020803	1.01171811690909	346
0.06497186902393	0.578443560062359	782
-0.03494039863979	1.46607802922668	782
-0.0458554011202701	1.68284209348518	63
0.00267810736268004	0.690636942339763	1525
-0.09940776667414	1.93537140094316	98
-0.0206983792045701	0.847915214534253	11
-0.0142784759166901	0.853622763903649	346
-0.0350031771091299	1.01636756749512	334
-0.04502810660385	1.16866633457151	63
0.0658368577022399	0.578688566094146	42
0.0589258736977201	0.572664523314965	42
0.00664969996917009	0.694322095482239	42
-0.0281405289496699	1.02485176349962	42
-0.1054068302026	1.41802044951086	423
0.00708315966766993	0.692867124159159	346
0.11990349214007	1.84509346397691	346
0.0990228385073999	1.94284758028268	346
-0.0404904264263699	1.57896682590417	63
-0.1067718803433	1.62812350223015	63
0.0892010318371199	2.05467489620926	63
-0.00135378827224009	0.68680319900825	346
0.0679890420857701	1.38795036682993	346
-0.0326686853317	1.19174970174119	63
0.0034625113848501	0.691203628034591	1525
0.09092858253737	1.23187136320597	11
0.00879997521194009	0.695340728531382	11
0.0687623835620801	0.579389020639623	346
0.0655456320514201	0.577850509647929	11
0.0611873140018699	0.576162678907346	84
0.11748985626858	1.83382281793721	63
0.04976996693085	1.51765798014997	63
-0.1226294568136	1.27947212651578	63
0.0668744531758101	1.38419167873009	63
-0.0456063869593799	1.68363264394532	42
0.06262627398235	0.575986404326764	42
-0.02799490819276	0.838862633955176	11
-0.04379596827999	1.90573158667281	423
0.0603221792564701	0.575449353150941	2170
0.12263236673022	1.05710853341237	11
-0.11260020250617	1.40752976494544	346
-0.03654533345492	1.58230212518156	474
0.00136235077006996	0.689385845375163	474
0.12459802824399	1.05820696788117	17
0.06069635629646	0.575154297721853	42
0.00449936546613006	0.691150728040127	42
-0.0300923649208	1.34095098910479	11
-0.11058792647078	1.41142604671617	423
0.00136235077006996	0.689385845375163	84
-0.0349672114236701	1.01787235219061	474
-0.02491111939303	0.842746604380007	63
-0.0252882731341799	1.19966814466934	63
-0.03577189382829	1.18726058149982	42
0.01250753936361	0.696808660965334	11
-0.0367902149683399	1.01115519149232	346
0.00958016502306003	0.695917467871454	60
-0.04016119396167	1.80937262451914	782
-0.0326686853317	1.19174970174119	63
-0.00940820408943011	2.34137149816098	98
-0.0345224550485399	1.82075450732423	17
-0.0324683921453399	1.01939239462527	346
0.0573190765090601	1.53048768610251	2947
-0.04498838154924	1.16878507182024	474
-0.12240276892587	1.15578186318921	63
0.0718894660810401	1.39251520186451	423
0.0719735752667601	1.39622403169488	2170
-0.0299914303495501	1.47334726464809	11
-0.02997911712574	1.19495719968927	11
0.0614779765006099	0.575223127248405	11
-0.04004674990677	1.17871715470289	11
-0.01794490082934	0.848316675910465	346
-0.0382076090442001	1.01021954414695	346
-0.0356686793091701	1.18272810775027	11
0.0577788389210201	0.573295283481806	2947
-0.04686869616219	1.43661336893585	782
-0.0359115110225099	1.18397657791259	63
-0.0204950030478399	0.847946970549542	63
-0.00188366104490001	0.687285853301533	17
-0.0587402480964301	2.063421860937	17
-0.0304844438665	1.33956935560385	98
-0.03010258916354	1.02334871044397	11
0.0655456320514201	0.577850509647929	11
-0.02730701785816	0.839794057772938	11
0.00182762709119011	0.690977558044493	63
0.12263337779735	1.05403722589652	63
0.06089635736011	0.57486221118602	63
-0.0285964505073999	0.839712375171565	63
0.05549418541162	1.67102133510575	98
-0.0293428153678199	1.47689184661138	17
0.00854736828993996	0.694881226930905	42
0.00770732772680005	0.693960311466429	11
-0.03366560023188	1.18807412281616	42
0.0720358122548701	1.552887967955	11
-0.03704088697067	1.58581111229654	11
0.12389864999506	1.05641700900145	11
-0.12057822939418	1.28308707443293	11
0.0670322258031899	0.5778351002051	11
0.00664969996917009	0.694322095482239	346
-0.0172725692714999	0.850891779063385	346
-0.12201286598875	1.38877963875931	474
0.0635322778785099	0.576480757103141	98
-0.04000214561267	1.17657242507162	42
0.0568960919489301	1.5299547525004	423
0.00298677174145001	0.688873316856661	423
0.00391306652033996	0.691065305054693	11
-0.0330302336802799	1.01766781543174	11
0.06497186902393	0.578443560062359	84
-0.0316368981351201	1.02025747599786	84
-0.03470641375463	1.01834615735106	2947
-0.1138750926163	1.50306541594111	63
-0.1226294568136	1.27947212651578	63
0.10041691961395	1.94810726406071	98
-0.0304784363034401	1.342100306024	17
-0.01636138479052	0.851876869323031	11
-0.0229355765924	0.843743886356282	423
0.0535192790713399	1.52333564028273	42
0.0646800402191901	0.577244755259019	11
0.0965411737567301	1.23893459418005	670
-0.10521311329393	1.82256414321605	11
-0.02733722959789	0.840928158363085	84
-0.00213603101148996	0.686013215629264	84
-0.0387094624851301	1.01173419508254	63
-0.03097498446443	1.19165259784083	63
0.00586765213810003	0.693882064620264	17
0.0641062582252101	0.57783656828618	11
0.05547870129105	0.571841073068374	11
-0.00566952224413009	0.682805277876563	11
0.00905214681657007	0.694244873174396	11
0.0958704126649099	1.23824552006168	42
-0.03575697839674	1.58611469761705	423
-0.11765524039646	1.28453683294972	42
-0.000262149521959909	0.687968887417832	11
-0.02812579612372	1.47923518903206	63
-0.10390710165564	1.72293488201102	17
0.12101874559855	1.05496844004333	98
0.06176150416243	0.575573951673107	11
0.10072085732174	1.24584250814368	42
-0.11154241059484	1.50840824398119	423
0.03242726341416	1.76356964928154	423
-0.02840545458569	0.836497054840584	670
0.0641062582252101	0.57783656828618	346
0.0636199618746001	0.575665599041282	84
-0.11458739358745	1.60818434982527	474
-0.0384851059674201	1.32693701726169	98
-0.03495079412508	1.1877665552267	42
-0.12392117246843	1.27713290082014	42
0.0705017347268999	1.39029137778396	42
0.06641060189182	0.578095540716024	11
0.12021274459107	1.0519216209877	346
0.0164834742193301	0.696765951827567	346
-0.0285395367419099	1.02594874500187	346
-0.02413311732103	0.844266334309948	84
0.07102782154643	1.38988354346503	2947
0.0597995890543499	1.53548164375992	474
0.11380952082319	1.97564709670018	98
-0.0236567208437399	0.845162682271321	670
-0.11568450755073	1.50563056441383	346
0.0684710951174199	0.578360020930028	63
-0.03445634265305	1.46589362332101	63
-0.0403246344955599	1.31981643085445	63
0.0637820113037599	0.576275963644178	63
-0.0216814050858101	0.842561064640947	17
-0.02764000128922	0.841611880836867	423
-0.10820690171929	1.41080281357828	42
0.06291742676874	0.576696640316621	84
-0.0239364981826899	0.845377008358032	84
-0.00644851297123994	0.682246157265643	84
-0.0192438689004599	0.849917599567846	63
-0.11202617298155	1.40787909537453	520
0.06089635736011	0.57486221118602	11
-0.10911147604131	1.51812935744496	11
-0.0024136509886199	0.68598507205861	670
0.00605875448629001	0.692521730141183	346
0.06497186902393	0.578443560062359	42
0.0641062582252101	0.57783656828618	346
0.09384393579003	1.23722660543741	346
0.060612918568	0.574810701056327	453
-0.0173030047752401	0.848864467378423	897
-0.000262149521959909	0.687968887417832	63
-0.0338353761786501	1.0195201335137	11
-0.02335523777402	0.84543378068884	11
-0.02184764776114	0.847785496989306	11
0.00614341202314006	0.692818894948525	670
0.0692349865691699	1.38802426810886	346
0.06262627398235	0.575986404326764	63
0.0797251170192299	1.40369944701428	63
-0.03263278598907	1.33657544567855	63
0.0079262079911	0.692605500859485	63
-0.01816706767651	0.850249471494147	11
-0.03089527662628	1.33971166047004	11
0.05015752593221	1.51738477425118	11
0.0680443903780801	1.38904671788914	423
-0.12240150139306	1.2744496769084	2629
0.06809877478773	1.54915179959762	11
0.0324956568674999	1.76231720536168	670
-0.0357479727204899	1.46282694233867	11
0.0941982667988901	1.23466779184781	346
0.12056292498138	1.05157477977395	84
-0.0374151327432399	1.45789135457047	84
-0.03044585837258	1.34053449754701	1345
-0.12379891875954	1.2737074707184	1345
0.0053602613747501	0.69181356761285	2629
0.05462954937994	0.568953155125835	11
0.00801897563274001	0.694425653582333	670
0.00533841866345997	0.692211463064849	346
-0.0309377258813	1.19412582567644	346
-0.0277051939236199	1.02471455186647	63
0.03032185096394	1.75260317364995	63
0.05754465741176	0.571009859878255	11
-0.02329725731986	1.03067694067124	670
0.12182535917109	1.05619026747191	346
-0.0353840076996399	1.18403692755565	84
-0.0255575921092399	1.19639100944714	84
-0.12129540267024	1.27960847376175	84
-0.0315704292455401	1.71080877144753	63
-0.0229060560116801	1.35136548924582	520
-0.03846459910686	1.3246771358633	520
-0.00188366104490001	0.687285853301533	11
0.0865259374768299	1.22657673770462	670
0.00664969996917009	0.694322095482239	346
0.06291742676874	0.576696640316621	84
-0.0333410946442601	1.01892296828758	84
-0.0489138704597301	1.89510704645034	42
-0.03891903974711	1.1820245943013	423
-0.0330933124150901	1.33606055320942	11
0.09459017261091	1.23754184803375	11
0.0944653491331999	2.06786001778051	84
0.00260667546849991	0.691415486937782	84
-0.11395290742937	1.40433338998384	84
-0.03366560023188	1.18807412281616	1222
0.0687623835620801	0.579389020639623	1222
-0.02970035127926	1.34170265448598	63
0.00225997098412001	2.46887333910659	17
0.0611873140018699	0.576162678907346	42
0.00483077342270999	0.692626429783641	11
-0.02629706529172	1.34838799949176	11
-0.02240306986885	0.846475145188653	11
0.0586403009672001	0.57341570515588	11
0.0594564119373	0.574146809919677	84
-0.02335523777402	0.84543378068884	84
0.0517670063823199	1.66748875267775	84
0.000267110137720072	0.689273684954674	1222
0.0920299266439399	1.23249658749234	63
0.00508480701770009	0.693178123428776	3093
-0.0379869944847899	1.01228785882264	42
-0.04829018917762	1.43437828939901	11
-0.0358021620493201	1.01699964744668	423
-0.020848758066	0.848002492808298	2629
0.06176150416243	0.575573951673107	2629
0.05583042043747	0.571090947323263	670
-0.02927099187253	1.0243542367407	474
-0.02527164880416	0.842174246105442	1222
0.00614341202314006	0.692818894948525	1222
0.00260667546849991	0.691415486937782	1222
0.0614779765006099	0.575223127248405	1222
0.06805382117069	1.5509499548613	63
0.00475418153282003	0.692440407310782	63
-0.0287029669679399	1.59952050727435	17
0.00189292169615007	0.689841585471618	11
-0.02419049180415	0.843322270030413	11
0.00854736828993996	0.694881226930905	11
0.07543531907398	1.39799073335429	2323
-0.00213603101148996	0.686013215629264	11
-0.00110196372153992	0.687849919556878	11
-0.000850557722630096	0.686886407600298	84
0.00561416805771997	0.693634697863814	84
-0.0384681367875801	1.18267036835046	1222
0.00267810736268004	0.690636942339763	1222
-0.10688973242395	1.62594591845464	63
0.09707266554842	1.24172573568626	63
-0.04614553308054	1.16562987299989	11
-0.0297265187345399	0.838484660856868	11
-0.0369508371671201	1.58729059319938	396
0.06254153763423	1.37595027473635	84
0.00455532885968002	0.691509463795607	63
0.12356182693798	1.84900600538867	17
-0.03775981570538	1.58084350925411	520
-0.0348025276705599	1.33114772387704	2629
0.0881146950559	1.22550412281531	2629
0.06205222453913	0.576575770191727	11
-0.0289294097856501	0.83637781917548	670
0.05547870129105	0.571841073068374	11
-0.0234116497625301	0.843599196058389	11
0.0693358401298201	0.578796394975642	63
-0.02619130790167	1.02862679626936	63
-0.02730701785816	0.839794057772938	11
-0.12084253625343	1.28049467451091	670
0.0034625113848501	0.691203628034591	2323
0.00905214681657007	0.694244873174396	11
-0.03132780159534	1.02024451129003	84
-0.0271643311480201	0.842115585187827	84
0.07243752561979	1.39656929215256	84
-0.0407071396180301	1.45609676563042	63
-0.02944703519704	1.02022630532192	474
-0.04847489588207	2.48184657749944	17
-0.11613152374876	1.39812661271293	98
-0.12384953347977	1.27761894505791	520
0.05451914829972	1.66898423735927	520
-0.0339218852296901	1.33635377351624	1345
0.00260667546849991	0.691415486937782	423
-0.0228791096204799	0.846331341436971	423
0.0646800402191901	0.577244755259019	670
-0.0284707970098099	0.839749903979773	11
0.06349145731342	0.576107730106197	84
-0.0256462163081099	1.02842274024167	84
0.1192968989358	1.04883763546041	84
0.11975069904959	1.05160089858451	84
-0.03505731284703	1.32977383316657	474
-0.0284387887742199	1.02505063121029	474
-0.0158907107746999	0.852013451102087	670
0.0775152546190401	1.20569912811132	84
-0.01669624608166	0.850633087703275	474
-0.0302094773194399	1.02391626322023	63
0.0050037967721599	0.691704308048797	63
-0.0284707970098099	0.839749903979773	63
0.00879997521194009	0.695340728531382	63
-0.02652771536146	0.841038919394943	1345
-0.02257748212948	0.846325955266984	1345
-0.03010258916354	1.02334871044397	11
0.07613550298795	1.40001001606391	2629
-0.0213242609706901	0.847859591846366	11
-0.0343607437954201	1.33133573271459	84
-0.0313939678086499	1.19293655441937	84
0.09653687707716	1.23970329847624	63
-0.12007692976834	1.28095432921402	63
0.0560540375112599	0.572176134773053	474
-0.0359115110225099	1.18397657791259	474
0.0867032867778601	1.2221914388884	11
0.00235627602433008	0.690487755919548	670
0.10514975967274	1.95964899223944	84
-0.03727258996024	1.33105412433864	84
0.09092858253737	1.23187136320597	396
0.11990349214007	1.84509346397691	396
-0.02841838157869	0.840092250200949	84
0.09459017261091	1.23754184803375	474
-0.04793495386278	2.09821027147206	17
0.0623431977133699	0.575344807364201	11
0.09050215605708	1.23118787355256	11
-0.0187689361233101	0.850059205901264	11
-0.02240306986885	0.846475145188653	11
-0.11738124201591	1.50102781014481	670
0.0780535099623501	1.40149258468924	11
-0.0318009503035901	1.33773548286238	396
-0.01799349561762	0.850826688821256	63
0.05461534937901	0.570549366404683	63
0.0614200990690299	1.54033569123126	474
-0.02861722542898	1.02313194747916	63
-0.0380865527444101	1.45794295421721	423
-0.0345354852286699	1.46466960784788	670
-0.0240079890851199	0.843299633626291	2323
0.0841404276747499	1.21862825636416	11
-0.0253553872799399	1.02920942611124	84
0.07447908145616	1.39790625094217	396
0.0735171305350899	1.39553002435319	84
-0.0238314543523399	0.843324261777822	63
-0.12486410944862	1.26988409734493	520
-0.03405157507345	1.0152035296223	1345
0.09341904913606	1.23712848520099	670
-0.00213603101148996	0.686013215629264	11
0.00313507705548011	0.690925092944883	11
0.00110695783841996	0.688764264593948	84
-0.0213242609706901	0.847859591846366	63
0.00795957449314	0.694919046007188	63
0.11975243662551	1.05282950763707	991
0.00854736828993996	0.694881226930905	11
0.0655456320514201	0.577850509647929	670
-0.0403201783467899	1.00925858777868	11
0.09976144105531	1.24358192725908	63
0.0646800402191901	0.577244755259019	1345
-0.0252882731341799	1.19966814466934	11
-0.12167842593716	1.27911204660226	670
0.07284118696175	1.39731995459278	84
0.000267110137720072	0.689273684954674	84
-0.03268258417536	1.01945513212738	84
0.12425402639587	1.05809511809013	396
-0.0343533570861601	1.18784771119757	84
-0.0326228262264501	1.59065513646713	11
0.06497186902393	0.578443560062359	2323
-0.00161346633363002	2.36457801767563	84
0.00430116810844994	0.692170239986747	63
-0.02854172525668	1.71663649877092	17
-0.12333845842783	1.27479615972397	17
0.0635322778785099	0.576480757103141	423
0.00449936546613006	0.691150728040127	423
0.000267110137720072	0.689273684954674	423
0.00985615496175996	0.694976702755398	84
0.0580650230272699	0.573080429177984	84
0.0109501406910999	0.694547587860498	84
0.0658368577022399	0.578688566094146	63
0.0658368577022399	0.578688566094146	63
0.0106358549961301	0.695552144813358	17
0.11894299702314	1.0508192387319	17
0.060612918568	0.574810701056327	520
0.00450412691879998	0.691039692171147	1345
0.06176150416243	0.575573951673107	991
0.060612918568	0.574810701056327	11
-0.10847207913498	1.81845780417934	423
0.0655456320514201	0.577850509647929	423
0.00586765213810003	0.693882064620264	670
0.0551907052804701	0.570883719304841	11
0.06304524468309	0.575330243550069	2323
-0.0353663889247999	1.01565074963923	11
0.0711206618269999	0.578111216460049	84
-0.0197699199496799	0.848225423021011	63
0.06670122068132	0.578357087896594	63
0.06476657875121	0.575559739057974	63
0.05106623337279	1.66098291982157	17
-0.11929362627942	1.39466465086482	17
-0.0371939620758199	1.18438388636459	17
0.11861083755569	1.04922242067231	17
0.00508480701770009	0.693178123428776	17
-0.02413311732103	0.844266334309948	670
0.06497186902393	0.578443560062359	11
0.0249288304981199	1.86936871415718	84
0.00189292169615007	0.689841585471618	84
0.0034625113848501	0.691203628034591	84
0.06176150416243	0.575573951673107	84
0.0603221792564701	0.575449353150941	84
0.0684710951174199	0.578360020930028	63
0.0652629153297899	0.577331121752138	63
0.00723716982622991	0.692858163491176	800
0.0526163501039201	1.66660521380474	11
0.0855594954866301	1.22081983284991	11
-0.03571582205139	1.01396376914699	991
-0.02930568279813	1.34313019944473	991
-0.02857594748645	1.02424958420816	154
0.0304371639650201	1.75151363610183	11
-0.0236567208437399	0.845162682271321	11
0.0039762096757201	0.691529582110652	63
-0.03847123598519	1.58370561720005	670
-0.02789442202153	1.02410699728549	670
0.0688036633537701	2.13649284620155	670
0.06278314509094	1.54167698540172	84
0.05399159928918	1.527618497238	916
0.00508480701770009	0.693178123428776	63
0.11861083755569	1.04922242067231	991
-0.11457332041309	1.40221231544354	423
0.02527821080584	1.87088213044191	670
-0.0184681593100999	0.850685538190188	154
-0.0231804130222399	0.845307064723599	915
0.12298933052058	1.05543365271421	916
-0.0264782562224899	1.02758636007513	63
0.08846717632418	2.05606473246532	17
0.0573190765090601	1.53048768610251	17
-0.02447559260279	0.844726504227221	991
0.0673239464909801	0.577596717444378	423
0.11813569478068	1.04977155495862	670
0.01916365899718	1.85986734840994	154
0.00932812295723995	0.695796600619346	154
-0.0393305002331801	1.18135036371749	84
-0.00377086466797993	0.684587189129555	915
0.0655456320514201	0.577850509647929	84
0.00639676878278994	0.694338750578675	84
0.06497186902393	0.578443560062359	84
0.06381382996212	0.576020696597725	63
0.06176150416243	0.575573951673107	63
0.12252842659053	1.05271039134532	63
0.00801897563274001	0.694425653582333	63
0.000916336463600009	2.15945491270863	17
0.0098575179834901	2.07414783744103	17
0.10164203177492	1.95068486489845	17
-0.03860962433811	1.1776395823733	520
-0.0228791096204799	0.846331341436971	520
0.0927585204855499	1.23601714537488	520
0.11848267972135	1.05024213152447	520
0.06497186902393	0.578443560062359	991
0.11147815111404	1.97198394264722	11
-0.0249467833949699	0.842875229561889	423
-0.0267025482144401	0.839041172244838	670
-0.0113287522772301	0.855473660479365	670
-0.10874961814795	2.16540067832311	670
0.12217312001166	1.05652988804527	84
-0.0271643311480201	0.842115585187827	915
0.06262627398235	0.575986404326764	84
0.06497186902393	0.578443560062359	84
0.0122564278441499	0.696475552291052	63
0.0611873140018699	0.576162678907346	63
-0.0187689361233101	0.850059205901264	63
0.00743094700247005	0.694462877643055	800
-0.04137014624333	1.80601816546008	17
-0.00341043591918	2.45967522129242	17
0.08557093145274	1.22351205389974	17
0.12263236673022	1.05710853341237	17
0.0991545981311299	1.94530708898197	991
-0.0508726918615801	1.43003176461211	991
0.0687623835620801	0.579389020639623	423
0.06176150416243	0.575573951673107	423
0.0611873140018699	0.576162678907346	670
0.06497186902393	0.578443560062359	670
0.0646800402191901	0.577244755259019	670
0.00800759581362009	2.06527246627465	670
0.10881111195402	1.96267622671321	670
0.0655456320514201	0.577850509647929	670
-0.0292549767949	1.0215246912019	154
-0.1188665296381	1.28365546153673	154
0.00692576864066008	0.693521170574345	154
0.00561416805771997	0.693634697863814	154
0.0641062582252101	0.57783656828618	63
-0.10271402148019	1.42289076013948	800
0.00424613030137011	0.691543070982657	17
-0.0295699127772799	1.19478261744959	17
0.05897200973491	0.573334925553979	17
0.06381382996212	0.576020696597725	17
0.0658368577022399	0.578688566094146	520
0.0529147723441901	0.569243111410707	423
0.0016173348597599	0.688521459133206	670
-0.02240306986885	0.846475145188653	670
-0.03339998247716	1.01816512299075	670
0.0535254168306201	1.52633569317815	11
-0.03097425524818	1.02141585730491	154
0.06262627398235	0.575986404326764	154
0.00430116810844994	0.692170239986747	1059
0.06262627398235	0.575986404326764	916
0.0611873140018699	0.576162678907346	63
0.0583969630091099	0.572999917193612	991
0.00430116810844994	0.692170239986747	991
0.00854736828993996	0.694881226930905	154
0.06084057651108	1.53783281626438	154
-0.1219614355052	1.38241579110388	154
0.06641060189182	0.578095540716024	84
0.00614341202314006	0.692818894948525	916
0.0611873140018699	0.576162678907346	63
-0.03623801902579	1.0168556664	63
-0.0344473239045	1.01458748895551	17
-0.03187698280198	1.02032905195822	520
0.0646800402191901	0.577244755259019	670
0.06176150416243	0.575573951673107	670
0.0681887291410099	0.57803285948981	11
0.06641060189182	0.578095540716024	915
-0.10463036388544	1.63311401722594	1059
0.12148585353633	1.05007893843669	423
-0.0816403864197299	1.97181919128324	670
0.0549455461433399	1.67298706187618	670
-0.03495079412508	1.1877665552267	84
0.00110695783841996	0.688764264593948	474
-0.020848758066	0.848002492808298	474
0.060612918568	0.574810701056327	63
-0.0325660030881401	1.01948141358195	800
-0.03216633833239	1.0218522956769	800
-0.02434325861227	0.843927772407406	670
-0.02115016776875	0.846230646380521	670
0.0752046883081401	0.578170614616858	84
0.0000452099830299257	0.686655804077838	61
0.0000452099830299257	0.686655804077838	84
-0.12129540267024	1.27960847376175	84
0.09496203613931	1.92214575429611	11
-0.02774488108066	1.02580124623281	670
-0.10020699352535	1.64054320143489	11
0.0611873140018699	0.576162678907346	11
-0.03016262597015	1.34038390796124	154
-0.04100412360059	1.80388095919086	154
0.09739691688132	1.24006950052414	84
-0.10778084169245	1.41681002823007	474
0.0912423759209899	1.23177548497393	800
0.00533841866345997	0.692211463064849	520
0.0676057200529201	0.577246124018883	11
-0.0375341580655799	1.46224687631664	154
-0.0300298585733201	0.837997532256964	11
0.12009904481352	1.05152766181119	84
0.0611873140018699	0.576162678907346	11
-0.0342333507638299	1.01650718291726	1011
0.0655456320514201	0.577850509647929	670
0.06324002887349	0.576609113923133	670
0.0594564119373	0.574146809919677	11
0.0641062582252101	0.57783656828618	11
0.0569167499116701	0.572884622733256	154
-0.0394216239901499	1.80911160367108	84
-0.11572892283364	1.40041786063732	84
-0.0322005339089699	1.02138180013082	800
0.0611873140018699	0.576162678907346	520
0.01677699799016	1.97497770626874	423
0.06670122068132	0.578357087896594	670
0.0533101709863999	1.52201097085261	11
0.0655456320514201	0.577850509647929	61
0.0643979077286201	0.577085966346076	520
-0.02037334303275	0.846864242893723	520
-0.12495685553873	1.27310372952315	670
-0.0390555383134701	1.17747583149222	707
0.00614341202314006	0.692818894948525	11
-0.12206151068266	1.27812131814155	423
-0.0192438689004599	0.849917599567846	11
-0.12373187490668	1.2745087477739	154
-0.03956552339957	1.17487148099369	154
0.12056328742668	1.05151532098422	154
-0.0461944213573799	1.55969089457341	154
-0.10411671108251	1.52825885067048	474
0.0652629153297899	0.577331121752138	11
-0.0252480660462899	1.02828462658359	154
0.060612918568	0.574810701056327	1155
0.05720354168202	0.572959867621651	154
-0.0442244937660199	1.7988071044262	84
0.0215322617090099	1.9875963840327	474
-0.0330856726336299	1.33568495584736	423
0.0615575788057401	0.575397722991523	670
-0.01855126717147	0.850157720643328	11
0.0109501406910999	0.694547587860498	1059
-0.027876703956	1.71849185439627	474
0.0921363982021901	1.23392599755222	800
-0.0987555255196899	1.83772653556653	11
-0.10327172922639	1.73594607365404	84
0.0303355554507201	1.87692839971373	84
-0.04249350527413	1.57334110792183	11
-0.02940868102593	0.839042334879323	670
0.12102443242657	1.05167350162149	670
-0.0307385271696099	1.47206189712926	11
0.0784027606325901	1.40381522494235	154
0.06205222453913	0.576575770191727	1059
0.09696636143537	1.24054677090736	84
0.00767755079160004	0.693129879052605	11
0.0672749461620601	0.577766096078519	154
0.0670322258031899	0.5778351002051	154
0.0034625113848501	0.691203628034591	84
0.04007898502228	1.90475728354561	84
0.06497186902393	0.578443560062359	11
0.0520564219683599	0.568835833916539	11
-0.0228791096204799	0.846331341436971	154
0.0483254209720401	1.65881773922136	84
-0.11077554308645	1.81048523283585	474
-0.0402804975565001	1.00917980616383	84
-0.1012272037	1.53081740396146	520
0.04322675991529	1.90749235542709	423
-0.0268296058986299	0.839940976390302	11
-0.0363936601730801	1.18202872872072	11
0.06262627398235	0.575986404326764	11
0.0108871990781401	0.69661470718865	154
0.07143996865117	2.14518672750914	84
0.06205222453913	0.576575770191727	520
0.0842756395934901	1.22156664426889	670
-0.0260836113862299	0.843673668477193	154
0.0053602613747501	0.69181356761285	154
0.12217312001166	1.05652988804527	707
0.00664969996917009	0.694322095482239	84
0.0222789035269699	1.9856949596641	84
0.0617645195727901	2.24062540238543	84
0.0563414332457799	0.572549276189887	520
-0.0397349771458899	1.32229514100968	520
-0.11917218082568	1.38967971561448	423
-0.10229576990688	1.73475243615289	423
-0.04220641079278	1.45163785306664	670
-0.01636138479052	0.851876869323031	11
-0.00144028442106992	0.686708757476986	154
-0.12057822939418	1.28308707443293	154
0.0375983075978299	1.89890309096351	84
0.0658368577022399	0.578688566094146	707
-0.02419049180415	0.843322270030413	800
-0.0297065522759601	1.02375143570491	11
-0.0230534298940199	0.844213869000594	154
-0.0329047010876999	1.01952518355885	154
0.08780879909029	1.22925122877086	154
-0.0993929830667699	1.53938316991864	670
-0.0328732740361399	1.46864066175993	670
-0.000665063851049919	0.686848465722988	670
-0.0296668820974999	1.0232126458001	1997
0.0580650230272699	0.573080429177984	154
-0.03319533622829	0.833733783798595	154
0.0646800402191901	0.577244755259019	84
-0.0270049495987601	0.840146814489466	800
0.00561416805771997	0.693634697863814	11
0.00770732772680005	0.693960311466429	670
0.00845276077678991	0.693913643295033	1997
-0.12194797918062	1.15482036175775	11
-0.11293508175377	1.40541996643532	154
0.06497186902393	0.578443560062359	1059
-0.01658726086879	2.31440025241054	98
0.12154057199569	1.84953685016115	520
0.0611873140018699	0.576162678907346	520
-0.03623801902579	1.0168556664	423
0.0350004980363601	1.76603937375187	670
-0.04024492837629	1.00714817886472	1997
0.06184319313708	0.57473431458569	84
-0.04077674488501	1.31846154390876	800
0.0050037967721599	0.691704308048797	520
-0.12384953347977	1.27761894505791	423
-0.03097498446443	1.19165259784083	423
-0.03250914084671	1.01978881304927	11
-0.0314102143199599	1.01872373060987	154
0.0611873140018699	0.576162678907346	154
-0.0187689361233101	0.850059205901264	84
-0.04496877807374	1.9042581932792	84
-0.1059734580005	1.52489507379564	11
0.00630766010611006	0.693254840783381	11
-0.11204557105068	1.70973430951236	154
0.06176150416243	0.575573951673107	84
0.10136268330484	2.08486578852894	84
0.0603221792564701	0.575449353150941	670
-0.0259110350317699	0.842387346908396	670
-0.0249694509865399	0.842789606194151	670
-0.03243227656975	1.18604715848454	1997
-0.0381939421825499	1.32838824519471	154
0.0603221792564701	0.575449353150941	154
0.12379348473301	1.05698996779434	1155
0.06205222453913	0.576575770191727	84
0.12309424752681	1.05243535110274	423
0.0405876224855	1.7810875342986	423
0.0670322258031899	0.5778351002051	1997
-0.026861744099	0.842780078427935	2565
0.0108871990781401	0.69661470718865	520
0.12055893681133	1.05438992870057	520
0.0641062582252101	0.57783656828618	670
0.0569167499116701	0.572884622733256	1997
-0.04071743150117	1.00903245127422	154
-0.0382134583951399	1.01204588284146	154
0.0641062582252101	0.57783656828618	800
-0.02923704816774	1.34205371237416	154
-0.03128635137458	0.836250840993993	154
0.11563636272975	1.83328960772995	154
0.0655456320514201	0.577850509647929	84
-0.0421295158783599	1.69000665542602	84
0.0243567052393501	1.87238135400563	800
0.08823481610325	1.22935334343518	520
0.0611873140018699	0.576162678907346	520
-0.02242153039551	1.72658173262564	423
-0.0292929751959199	1.19330653667248	154
-0.0323548552173101	1.18972911944146	154
0.06291742676874	0.576696640316621	84
-0.00188366104490001	0.687285853301533	84
0.07509470745022	1.40104568983795	670
-0.0372674424177299	1.70155783377621	670
0.000831661395559902	0.687728727771899	11
0.00854736828993996	0.694881226930905	84
-0.02179985176911	0.846961178203258	520
-0.0287441110022699	1.19397171672192	520
0.0262972367241701	1.87278261798454	520
-0.11367193276708	1.40686847154088	11
-0.02257748212948	0.846325955266984	670
0.05547870129105	0.571841073068374	11
0.12263236673022	1.05710853341237	84
0.0423349202701699	1.78077335585326	84
-0.1139235553279	1.6103196004651	11
-0.03335365453963	1.58989003925413	84
-0.0403051938416401	1.17723602185435	84
-0.0511240523429399	1.77991928758529	11
-0.0222755304836899	0.844847958229067	670
-0.0333410946442601	1.01892296828758	11
-0.02412933216887	1.02966345432567	11
0.0603221792564701	0.575449353150941	154
0.0435984078012299	1.65241113494037	154
-0.0253271682405101	1.48018113325901	84
-0.11579000429447	1.50614068971416	520
0.0611873140018699	0.576162678907346	670
0.0426732134654599	1.7815084403155	670
0.12148585353633	1.05007893843669	670
0.05974779582566	0.574099743860578	84
-0.0348167106210899	1.3258252506777	84
0.00553133286710006	0.693014411465741	520
-0.03049764400194	1.02190019704782	670
0.07229440207813	1.39287752530413	154
0.0703516836919	1.39070353949796	719
-0.0368798461470501	1.33216057011311	84
0.12217242219931	1.05393988772825	520
0.00586765213810003	0.693882064620264	520
-0.11553054151949	1.39983135070022	11
-0.10521339369481	1.5243494438065	11
0.00455532885968002	0.691509463795607	670
-0.00266615035100992	0.686494356169944	670
0.00770732772680005	0.693960311466429	11
0.0652629153297899	0.577331121752138	520
0.06205222453913	0.576575770191727	11
0.0676057200529201	0.577246124018883	670
0.0580944850577001	1.53138622913068	670
0.06497186902393	0.578443560062359	11
-0.03147839721067	1.02221697935077	11
0.04833434008502	1.6629044119739	11
-0.11499607275391	1.50689591626807	11
-0.0187689361233101	0.850059205901264	154
-0.0374947524168501	1.1806496776757	154
0.0408175986430801	1.77716103240962	11
0.09933097892599	1.24243681165157	520
-0.03022050141185	0.838118670214918	670
0.12251699807783	1.05361639620141	670
-0.12084253625343	1.28049467451091	154
0.12471448277166	1.05819041037015	84
-0.0302028553847	0.836645778687976	520
-0.03180570826151	1.02010423952865	520
0.0637820113037599	0.576275963644178	520
0.00104777080569995	0.690276905484279	154
0.12423855520674	1.05895937534147	11
-0.020848758066	0.848002492808298	154
0.00717857209743	0.694778656366304	11
0.0687623835620801	0.579389020639623	719
0.00985615496175996	0.694976702755398	84
0.0655456320514201	0.577850509647929	84
0.06943199926346	1.39048104270692	84
0.00586765213810003	0.693882064620264	520
-0.0221016225355	0.847224192673576	11
0.0609825901857599	0.575061904640739	11
-0.02970035127926	1.34170265448598	84
0.0684710951174199	0.578360020930028	84
0.05451914829972	1.66898423735927	84
-0.0281257623652	0.839177863370892	11
-0.0997290531872801	1.83364979326581	719
0.06304524468309	0.575330243550069	84
-0.0328052137416299	1.18956375899618	84
0.0646800402191901	0.577244755259019	520
-0.0492315223347499	1.99781117203368	11
-0.020848758066	0.848002492808298	670
-0.0361262409037999	1.46230968382395	11
-0.03300116325666	1.0208400080725	84
0.0039762096757201	0.691529582110652	84
0.0475939723822101	1.65996014192961	11
0.00455532885968002	0.691509463795607	11
0.09664847840845	1.24049149144972	719
-0.02240306986885	0.846475145188653	719
-0.10784890573604	1.72233048011227	670
-0.11016058127508	1.40955625689054	670
0.0034625113848501	0.691203628034591	520
0.0687623835620801	0.579389020639623	11
0.0655456320514201	0.577850509647929	11
0.11896180064818	1.0509479237545	11
-0.02760875309361	0.83836016628605	11
0.00586765213810003	0.693882064620264	719
-0.03362828573896	1.46583531621953	2417
0.05720354168202	0.572959867621651	84
0.0635322778785099	0.576480757103141	84
-0.02346534425963	0.845877160255437	84
-0.0405870263575701	1.69261190342518	670
-0.04951991166612	2.09421392126618	11
-0.02192711849644	0.845340745800378	11
-0.11145471212107	1.61713762828597	11
-0.01959664567483	0.847223087711831	719
-0.10976971776251	1.41139974626797	84
-0.0443749241501501	2.30668229050701	11
-0.0216258510894201	0.847367504278335	670
0.0451584450407101	1.50522437466468	11
0.12425402639587	1.05809511809013	154
-0.0319470495904299	1.46900191749114	154
-0.0440913639682801	1.0000334873159	719
-0.02466692200805	0.842428899147951	154
-0.12104379285003	1.28034302205002	11
0.0320344622809401	1.88809905677726	84
0.1210213269449	1.05337414492035	520
-0.028940500075	1.02373690891546	520
0.0986781539583199	1.24242544748585	670
0.0372742871277001	1.89395947179033	670
0.0692349865691699	1.38802426810886	11
0.0815641188018399	1.56696376417526	11
0.0603466057461499	1.53574709771109	154
-0.04194360883559	1.44592372951256	154
-0.0353207702799701	1.014115975447	154
0.1228624371439	1.05140022837522	84
-0.01636138479052	0.851876869323031	84
-0.0302521186818101	1.59728144270681	520
-0.10805573348827	2.00080579932879	11
-0.11084593833885	1.51063870813897	11
-0.03221331463016	1.19243457265126	670
0.05150819381774	1.5205313162468	11
0.0510480739722201	1.66519394294211	11
0.0313375451692699	1.76093462582097	154
-0.0329047010876999	1.01952518355885	154
-0.0229060560116801	1.35136548924582	154
0.12425402639587	1.05809511809013	84
-0.0254885361208399	1.0252399223246	1545
-0.0346766914430801	1.18494067742628	520
0.12471448277166	1.05819041037015	11
0.12459802824399	1.05820696788117	11
0.0648810959981101	1.54411144863137	670
-0.042534153946	1.17035962645092	11
-0.11529623791152	1.50503441568734	154
0.0942772507326099	1.23866461447072	11
0.12263236673022	1.05710853341237	11
-0.0351616995758299	1.18595628057185	670
-0.08108682062163	2.16637455067939	154
0.0701326463393801	1.3869536770823	154
-0.1137544487636	1.40395093163226	1545
0.1192922627648	1.05044808174238	1545
0.09373602707003	1.23623726881307	84
-0.04032575138388	1.17504680365931	520
0.05345091390261	1.52446495772223	670
-0.0330502540211	1.33590710064397	11
-0.03010258916354	1.02334871044397	11
-0.03749797950544	1.18393568570698	11
0.0693358401298201	0.578796394975642	1123
0.09288419864998	1.23394578482495	84
-0.05589328791454	1.97265649597126	520
-0.00770483435791003	2.44727911568117	520
0.0735144463992601	1.5560303345294	520
0.0722671946858	0.578872717124963	670
-0.0297065522759601	1.02375143570491	154
-0.02265669552818	0.846982663609958	84
0.0236382172518701	1.8677624900889	520
-0.0431745434758499	1.57192600174551	11
-0.03250914084671	1.01978881304927	11
-0.0376219631385899	1.699623068483	154
0.0730360510950201	1.39011100262283	1123
-0.02564041864432	1.19850680586379	1545
-0.11001397192689	1.41095680120001	84
-0.0364448447247301	1.46239182464752	11
0.07534936383139	1.39576212295972	11
-0.0312988854401901	1.47239349816811	154
0.0842756395934901	1.22156664426889	154
-0.000850557722630096	0.686886407600298	154
0.00449936546613006	0.691150728040127	84
-0.0346127471897799	1.8210756540737	520
-0.0348068390848799	1.18723079090003	11
-0.03017728996911	1.47548632786956	154
-0.1232712751632	1.27557416179203	719
-0.0399439257549901	1.17432464571065	154
0.0925554024522199	1.23091174143074	154
-0.03623881659402	1.46510704591752	84
-0.04071743150117	1.00903245127422	670
0.03217523878791	1.76301223719651	670
-0.10847506049156	1.71570594567037	84
-0.0353482297248899	1.18348931496665	520
-0.12231427389986	1.38617461128578	520
-0.000210838838099914	0.686619502336012	154
-0.0268296058986299	0.839940976390302	154
-0.10091547206127	1.92827989782624	154
0.09134534277689	1.90917462958399	154
-0.11401390732909	1.29001915175639	11
0.0777840769912499	2.02173138570964	84
-0.11288282244896	1.40645390540486	84
0.0735497429516601	1.39430479216564	520
0.0815049553167999	1.40340761027617	11
0.05888204034268	0.572802709197407	670
0.00776580727452991	0.693312854527834	154
0.00293242809066996	0.690747702125752	154
-0.09889037992891	2.11791408743597	154
-0.10819927211965	1.52297297151375	154
-0.10861544858194	1.51702724374557	154
-0.12297521156206	1.27228649918616	11
0.07946243496905	1.4046638593395	84
-0.03132068119798	1.5967241281604	520
0.0611873140018699	0.576162678907346	520
0.00508480701770009	0.693178123428776	154
0.11801172102722	1.8419843188696	11
-0.03460866441425	1.59168718149364	84
-0.00144028442106992	0.686708757476986	154
0.0598344987371999	0.574552074754926	154
0.0646800402191901	0.577244755259019	154
0.02598560479894	1.87340846931755	719
0.0690528778653801	0.577828639701223	154
0.04254654949825	1.78565557766416	154
0.00182762709119011	0.690977558044493	84
0.0646800402191901	0.577244755259019	154
-0.12141732859773	1.28183494820525	154
0.06604500819236	1.54494101897675	154
-0.02419049180415	0.843322270030413	154
0.00605875448629001	0.692521730141183	154
-0.0363232688566399	1.18222624424643	154
-0.0386195109399401	1.17839187562645	520
-0.03184749206532	1.33744651123031	11
0.11964747217812	1.84526722060224	11
-0.0100537842973401	0.85467898975444	11
0.1210213269449	1.05337414492035	670
0.10174226097535	1.94837471770664	154
0.0872622307622599	1.22424020798112	154
0.07416459382328	1.39859599491873	1123
-0.10498527116727	1.82253422671278	84
-0.04011822945247	1.6875023472861	520
-0.04193745048979	1.80425368337989	520
-0.0850426561664901	2.33590944022281	520
0.00776580727452991	0.693312854527834	11
0.0958754232793999	1.23841363490442	11
-0.00188366104490001	0.687285853301533	154
0.00319742086186992	0.689969286170533	154
-0.03648342857468	1.32966014069924	154
-0.020848758066	0.848002492808298	1123
0.1213658312646	1.05561158046828	1123
0.06722549555085	2.2592550242696	520
0.0600016286907401	1.53630750599765	154
-0.0361309070478699	1.58887123470705	154
0.09075146472178	1.22918366211537	154
-0.12076568619662	1.28156990581603	11
0.0442168934393199	1.65019970403686	11
-0.0388125306940501	1.69877252326902	11
-0.0024136509886199	0.68598507205861	1123
-0.0353180977797201	1.18693491491578	11
-0.0303681101053099	1.47163250766698	11
-0.11593467285205	1.40073071923598	84
0.00399247684920989	0.690394720161163	670
-0.00221632711864994	0.686274477228262	670
-0.03180360427567	1.19310975005153	1596
-0.02687458939247	1.02626526763798	11
-0.0454284929536699	1.7955306816738	154
-0.11935701431107	1.28478155208421	771
0.00717857209743	0.694778656366304	670
0.06497186902393	0.578443560062359	11
0.0665774883984101	1.38142068117295	154
-0.0576174620716701	1.97302425687723	11
0.0332621298739999	1.76428596676544	771
0.03535152897442	1.77007185549536	424
-0.0313696026722201	1.02143262503954	11
0.0157622301607601	2.08984207739922	154
0.11756062912741	2.43142194717786	98
0.0539176316430901	1.52103561664204	520
0.06324002887349	0.576609113923133	670
0.0818868659282399	1.21397828257501	670
-0.0329047010876999	1.01952518355885	670
-0.0322002202924101	1.01977597814628	670
0.0664585335295	0.576484309411764	11
-0.02115016776875	0.846230646380521	11
-0.04174293152359	1.80228850450352	719
0.0933101555095499	1.23555308375993	154
-0.0335345555928901	1.58951317065476	84
-0.03817118026499	1.3242484095409	520
0.12433689443856	1.05499785491643	670
0.00477585205490994	0.690733785453618	11
-0.11429929934889	1.29089571327163	154
0.0714026860101	0.577930364912159	11
0.0766723855158	1.40090487461656	84
-0.0479255481596099	1.67762858079994	84
0.00267810736268004	0.690636942339763	520
-0.00188366104490001	0.687285853301533	670
0.0592594715086701	0.574216413367679	154
-0.12243618133375	1.27656332492795	11
0.0021477801918599	0.690181006466159	670
0.06205222453913	0.576575770191727	154
0.0958704126649099	1.23824552006168	154
-0.10012761537522	1.53443636404327	84
-0.1179888350514	1.39737346972282	424
-0.0402717996231401	1.32563112514138	670
0.11848267972135	1.05024213152447	1596
-0.0350031771091299	1.01636756749512	154
-0.10824355149306	1.41416068648035	154
0.03920125947694	1.7748783619466	154
0.0113048682763699	2.07651967636725	154
0.00586765213810003	0.693882064620264	1123
-0.02964159302117	1.59744718307383	154
0.10698018581493	1.9602328010843	11
0.00313507705548011	0.690925092944883	670
0.0698363925302501	1.39224030625126	670
-0.12029113201848	1.15707371525776	154
0.06497186902393	0.578443560062359	1123
-0.03775037942369	1.17855051799221	11
0.06089635736011	0.57486221118602	771
0.0702407141096999	1.39299069474937	520
-0.03262852388579	1.33939446875068	11
0.00717857209743	0.694778656366304	670
0.09178226436601	1.23299906838598	11
0.12021274459107	1.0519216209877	1596
0.0894732231508	1.2236766139662	154
0.0757338088386501	1.39865914115885	154
-0.0367830199369401	1.18421791902675	84
0.00450412691879998	0.691039692171147	670
0.0889039551344	1.22988189228429	11
0.0592594715086701	0.574216413367679	11
0.0130344704231	0.697263181278941	154
-0.0175189188846501	0.849681183731442	154
0.0520564219683599	0.568835833916539	154
0.0673898402120701	1.38124429650241	11
-0.02335523777402	0.84543378068884	84
0.0922083941427401	1.23274861676903	84
0.00260667546849991	0.691415486937782	11
-0.0264782562224899	1.02758636007513	154
0.00508480701770009	0.693178123428776	84
-0.11211340124066	1.4086666757914	520
0.00717857209743	0.694778656366304	670
-0.01774179877157	0.850392708670016	154
-0.0334364066289601	1.0206978837929	154
0.08257577865399	1.40966626756607	154
0.0658368577022399	0.578688566094146	84
-0.0370003825312	1.01183711887153	84
0.0582035199968001	1.5357725342563	520
-0.03348619707443	1.33530903882953	520
0.11153475518631	1.96891281871759	11
0.0614779765006099	0.575223127248405	670
0.0603221792564701	0.575449353150941	154
0.08804841099793	1.22724362564951	154
-0.03739248241259	1.458889626918	154
0.0623431977133699	0.575344807364201	154
0.0646800402191901	0.577244755259019	84
-0.02893770740604	0.838508808285297	520
-0.02970035127926	1.34170265448598	424
0.06291742676874	0.576696640316621	670
0.00242337421849004	0.689036040188378	84
0.0678976197735399	0.578952002833974	84
-0.10377561969591	2.01335390562945	424
0.01278348975874	0.695656285483823	154
0.0646800402191901	0.577244755259019	84
0.0589258736977201	0.572664523314965	84
0.00854736828993996	0.694881226930905	84
-0.02335523777402	0.84543378068884	670
0.06069635629646	0.575154297721853	11
0.06205222453913	0.576575770191727	154
0.0641062582252101	0.57783656828618	154
-0.0340768585937801	1.18706259074546	154
0.06291742676874	0.576696640316621	84
0.11848267972135	1.05024213152447	520
0.0658368577022399	0.578688566094146	424
0.0603221792564701	0.575449353150941	154
0.00293242809066996	0.690747702125752	719
-0.00188366104490001	0.687285853301533	154
0.06497186902393	0.578443560062359	154
0.00182762709119011	0.690977558044493	154
0.06291742676874	0.576696640316621	154
0.00189292169615007	0.689841585471618	84
0.00932812295723995	0.695796600619346	84
0.06291742676874	0.576696640316621	84
0.04699639526649	1.65387220521088	84
0.12343976830037	1.05772263347813	746
-0.0373282620303601	1.58524320083786	11
0.0563414332457799	0.572549276189887	719
-0.10611862160799	1.29649680393128	746
-0.03639402616996	1.33011921255919	746
0.0583969630091099	0.572999917193612	154
0.0909297477748801	1.23071237747353	719
0.00424613030137011	0.691543070982657	154
-0.02778380980174	0.840110460931839	154
0.0580650230272699	0.573080429177984	154
0.0923334972054799	1.23591835211647	84
-0.03460914794327	1.01646167768443	11
-0.00266615035100992	0.686494356169944	719
0.06291742676874	0.576696640316621	154
-0.0210223480787299	0.847320953701979	84
0.00586765213810003	0.693882064620264	84
0.00922713383460994	0.694290260477063	424
0.00932812295723995	0.695796600619346	424
-0.0322369311191599	1.33977584293859	11
0.06262627398235	0.575986404326764	154
0.06262627398235	0.575986404326764	154
0.00829432840521993	0.692500631335529	154
0.0021477801918599	0.690181006466159	154
0.0103595415191	0.696159140742934	154
0.00664969996917009	0.694322095482239	84
0.00561416805771997	0.693634697863814	84
-0.0184681593100999	0.850685538190188	719
-0.0419881049120101	1.00650136063134	154
-0.01721819220653	0.851290049953217	154
-0.02668874855927	0.841221918335372	154
-0.03847123598519	1.58370561720005	746
0.11813569478068	1.04977155495862	719
-0.124767707545	1.27359655926684	154
-0.10028915631096	2.02233498993693	746
0.0924711920481101	1.23358900463294	11
0.11813569478068	1.04977155495862	154
-0.03749797950544	1.18393568570698	154
0.0744240246972001	1.39627551423875	154
0.09568301914969	1.23773846708241	154
-0.00193044167187995	2.46288967437971	98
-0.0134717763985299	0.853852058226019	424
-0.03819643544914	1.32554487688256	3268
-0.0270152091550999	1.19690789506153	11
-0.03508039856985	0.82940811709317	154
0.0641062582252101	0.57783656828618	154
0.11848267972135	1.05024213152447	154
0.0712670867367	1.39225333123385	11
0.11894299702314	1.0508192387319	424
0.07989271391366	1.40734597836382	424
-0.04101225295761	1.17745311452004	154
0.06205222453913	0.576575770191727	154
-0.02730701785816	0.839794057772938	154
-0.10978940488065	1.51932711043722	84
-0.02527164880416	0.842174246105442	11
0.08080094486695	1.40898081481509	3268
-0.0370339799835799	1.01308924346887	11
-0.03851974608864	1.32723264953632	154
-0.0293748117239701	1.02510528535836	154
-0.0420765635596201	1.57543660985122	424
0.0416302731471301	1.64832269919287	424
0.09867158854337	1.24210864893822	154
-0.0184196196209201	0.847422164796087	154
-0.02726103440882	0.837231442259699	154
-0.01570290416656	2.21222083154474	746
-0.11338714332035	1.40489287285595	424
0.06984460571606	2.2658626429653	424
0.10328828212573	1.24588459607738	3268
0.07462907094128	1.40052468775184	11
0.0600305781509101	0.573563297385593	154
0.12116789296171	1.99113674669401	11
0.10039287687372	1.2424441978809	84
-0.0335528149514599	1.33460818071302	424
0.0673239464909801	0.577596717444378	3268
-0.01721819220653	0.851290049953217	11
0.0641062582252101	0.57783656828618	154
-0.0336324849606999	1.18999088676099	154
0.0627634627669	1.53815525445715	719
-0.01636138479052	0.851876869323031	154
0.0872622307622599	1.22424020798112	1465
-0.00825065999371999	2.24027524068237	424
-0.12000537484421	1.39327365206058	3268
-0.10884692469053	1.41285693629759	719
0.0594564119373	0.574146809919677	154
-0.02003667739455	0.846750394158637	154
-0.10904076595064	1.62350054369688	154
0.02355077200648	1.73807378192643	154
0.0552671584275599	1.52996872846454	154
-0.04751027524371	1.89532895626879	84
-0.0532855664954599	1.98284367378766	424
0.06109336891133	1.54025939650828	11
-0.1184751819855	1.39699431897677	11
0.00854736828993996	0.694881226930905	154
-0.12495983814906	1.15383677238065	154
-0.03053838020491	1.02274595280914	154
0.0693358401298201	0.578796394975642	154
-0.0231804130222399	0.845307064723599	154
0.0913560489202401	1.23231552916358	1465
-0.02687458939247	1.02626526763798	3268
-0.026861744099	0.842780078427935	11
-0.0192289543189801	0.848128948399362	154
-0.02897076296303	1.02282790169555	154
-0.01260398750518	0.854528705203607	154
-0.04366087160498	1.31733532752887	154
0.0295639446763301	1.75474776455598	11
0.0603221792564701	0.575449353150941	3268
0.0522186662067401	1.51716593179717	1465
-0.0307816720474099	1.19176296963147	772
0.08456458530455	1.22170530667325	772
0.0684710951174199	0.578360020930028	154
-0.0329047010876999	1.01952518355885	735
0.0828350993214	1.40921722262065	154
0.00907564491784996	0.694063919515537	735
0.00182762709119011	0.690977558044493	1465
0.0560540375112599	0.572176134773053	154
0.01880968885995	1.97368838008006	154
0.05547870129105	0.571841073068374	154
0.06205222453913	0.576575770191727	154
0.06381382996212	0.576020696597725	2573
0.0641062582252101	0.57783656828618	3268
0.00907564491784996	0.694063919515537	154
0.0580650230272699	0.573080429177984	154
-0.0370725875593301	1.01571172266306	2993
0.0959958672619801	1.24056018990711	11
0.06971938176744	1.39079231384725	154
0.0021477801918599	0.690181006466159	772
-0.02605057068814	0.841185243096645	154
-0.0247450295484599	0.84390097265626	1465
-0.03010258916354	1.02334871044397	11
-0.02412933216887	1.02966345432567	11
0.0986781539583199	1.24242544748585	154
0.00605875448629001	0.692521730141183	154
0.01250753936361	0.696808660965334	154
-0.0320729772717401	1.02039096606794	154
-0.0297265187345399	0.838484660856868	154
-0.12487333310781	1.27182926852692	154
0.0667023055256499	1.37984666869257	1542
0.12297776295943	1.05471668687245	154
0.09459017261091	1.23754184803375	2993
-0.01260398750518	0.854528705203607	772
0.0883719221902399	1.2264847591584	154
0.0551907052804701	0.570883719304841	154
0.0112019598989399	0.694353356637563	735
0.0655456320514201	0.577850509647929	154
-0.02435117447115	0.839498596839681	1465
-0.03828569243627	1.91671522090669	11
-0.01889054567493	0.850023622074051	2993
0.12425402639587	1.05809511809013	154
0.05720354168202	0.572959867621651	154
0.12217312001166	1.05652988804527	154
-0.0259110350317699	0.842387346908396	154
0.0832839478783101	1.21736056108035	1465
-0.11679115630743	1.39670327425499	11
0.06641060189182	0.578095540716024	154
0.00110695783841996	0.688764264593948	154
-0.02883551526799	1.02421732482948	154
0.06176150416243	0.575573951673107	154
-0.0304350326755101	1.19276861764335	154
0.00235627602433008	0.690487755919548	154
-0.02815907923904	1.19503718307308	154
-0.03235703353338	1.19035313339195	154
-0.0348525080647599	1.4660402568522	154
0.00338491240400995	0.691555507421072	154
-0.10705306125242	1.41596308108812	1465
-0.0308296265513901	1.47128509321398	11
-0.11457332041309	1.40221231544354	2993
0.0857335651299001	1.22054481602042	154
-0.0363232688566399	1.18222624424643	154
-0.03521645474278	1.33115938873208	154
0.00690220325848001	0.692792858514063	154
-0.12456981138289	1.15271805519739	154
0.07494514069631	1.39631972402451	154
-0.02388781148282	0.842706342514579	2993
0.0643979077286201	0.577085966346076	154
0.1213658312646	1.05561158046828	154
-0.0387711605582699	1.18021431324164	154
-0.12353853470339	1.27657334488285	154
-0.000598044326479919	0.686471726907007	154
0.0647713628809901	1.5416214980182	154
0.0681887291410099	0.57803285948981	518
-0.0250687988591101	1.19548009711292	154
0.00189292169615007	0.689841585471618	154
0.0900756437280501	1.22958575571376	2993
-0.03622452435685	1.18643959977809	154
-0.0252859310370499	0.844330995209208	154
0.03186035027571	1.7577586472017	154
-0.0572896397304801	1.97394269687895	11
0.09889502428224	1.94386423564408	2993
-0.03248250725484	1.59252493149829	11
-0.02605057068814	0.841185243096645	154
0.0611873140018699	0.576162678907346	154
0.05345091390261	1.52446495772223	2573
-0.12460634380774	1.27441363411572	11
0.0603221792564701	0.575449353150941	154
0.0692349865691699	1.38802426810886	154
-0.02652771536146	0.841038919394943	154
0.05547870129105	0.571841073068374	1804
-0.0221859140365499	0.84607433395072	518
0.0693358401298201	0.578796394975642	154
0.06176150416243	0.575573951673107	2993
-0.0387794396177701	1.01080366775012	11
-0.0997353790676501	1.83614405330471	11
0.00879997521194009	0.695340728531382	154
-0.0331139766734501	1.33373316596321	154
-0.0392226084376099	2.12185086204577	154
-0.10451430882881	1.62699524489732	2993
-0.0963661099886599	1.75126994380179	11
0.0603221792564701	0.575449353150941	154
-0.0360256735584701	1.33031211263937	154
-0.02391846737272	1.4829015025309	154
-0.12320209870554	1.27772295332337	154
0.0433738518540101	2.42160087480447	11
-0.11951749897673	1.2819942304307	154
0.0681887291410099	0.57803285948981	154
0.00483077342270999	0.692626429783641	154
-0.03089171871164	1.01868879175471	154
-0.00213603101148996	0.686013215629264	154
-0.0370339799835799	1.01308924346887	1804
0.10070807858315	1.24244061425988	11
-0.02652771536146	0.841038919394943	11
0.0941618133616	1.23598391369931	154
0.00717857209743	0.694778656366304	154
0.01250753936361	0.696808660965334	154
-0.03399827027657	1.46613909148339	154
-0.119397666164	1.49343598366107	11
0.0981932076380001	1.93479797637231	2993
0.06262627398235	0.575986404326764	154
0.06176150416243	0.575573951673107	154
0.1053306664767	1.24771380709469	154
-0.1079009237498	1.41319330114005	1741
-0.03510468824763	1.0177137465397	154
0.00267810736268004	0.690636942339763	11
-0.11401881475005	1.29251413964432	154
0.12230056738698	1.84802904246164	154
0.0583969630091099	0.572999917193612	1804
-0.0406571694981801	1.80481994183722	11
0.0976809010499899	1.93884992103751	11
-0.11239464785906	1.51433800490149	1741
-0.12181578377788	1.38876335026227	1741
-0.10927570269024	1.52045302486367	154
-0.0320366490491699	1.47047128308072	154
0.12067036100916	1.84444950152224	11
-0.02691321243886	1.02698353817723	11
-0.00685265209324992	2.24391048502042	1804
-0.02335523777402	0.84543378068884	1741
-0.04044023911561	1.00684915495347	154
-0.0129396117652301	0.853405716250233	11
0.0658368577022399	0.578688566094146	11
0.0000384262193100504	2.26577917972257	11
-0.1058888863354	1.5228998892076	154
-0.0350882223398501	1.18534150381293	11
0.12471448277166	1.05819041037015	11
0.0312525849663201	1.88605621614773	619
-0.10576007560714	2.18176501579217	11
-0.02369498114944	1.03026583379775	11
-0.00319638715160009	0.685195352755621	1804
-0.0211302856682301	1.354161821837	11
-0.0288452400943899	1.34280522440583	154
0.12434185786412	1.85623583968177	11
-0.03049764400194	1.02190019704782	1804
-0.03648716790338	1.3325439469293	1741
0.0661243475203299	1.37978368474281	11
-0.03010258916354	1.02334871044397	11
-0.02629706529172	1.34838799949176	619
0.0355779707347701	1.77001555559023	154
-0.11962522096793	1.39445926487367	154
-0.0355622598112499	1.3339016928982	154
-0.03615592517343	1.46386705082896	1804
0.06937546242092	1.39081151290636	154
-0.0270049495987601	0.840146814489466	11
-0.03633023114607	1.18513250958938	619
0.0978218918725899	1.24168272177773	1804
0.0598344987371999	0.574552074754926	1804
-0.11132379696691	1.41097122069452	154
-0.11160332976624	1.70511732607419	154
-0.10412030417702	1.82991612676447	1741
-0.0453004542925599	1.31225912589741	11
0.00260667546849991	0.691415486937782	11
-0.0340112953486	1.33206083610673	11
-0.12038875334444	1.28061373361976	619
0.00897920014876008	0.69342048214675	619
-0.02574276220773	1.19806819020531	619
0.00293242809066996	0.690747702125752	619
-0.03540312971187	1.18448038789846	11
-0.04496877807374	1.9042581932792	1741
-0.03634894941666	1.46317001887685	154
0.12463205573031	1.85736346737184	619
0.10486239415102	1.9600237555604	619
-0.01889054567493	0.850023622074051	154
0.0987921297658201	1.24402198566724	154
0.03694617875532	1.63434051669266	154
-0.0244077428428999	0.843524037212776	11
0.06205222453913	0.576575770191727	1804
0.0714026860101	0.577930364912159	1804
-0.04270588801191	1.44749833287669	154
-0.0377899085690201	1.32610340537109	11
-0.10634757807325	1.72749515403145	11
0.0369001139846099	1.63674400081086	2573
-0.11016560182179	1.511681171203	2573
-0.10280252971156	1.63363866484853	619
-0.0381939421825499	1.32838824519471	154
0.06205222453913	0.576575770191727	11
0.0101632615154099	2.07224316792877	154
-0.0946130156559699	1.8504858782661	11
0.06705830148182	1.38364262708564	154
-0.03366560023188	1.18807412281616	154
-0.10237019574149	1.53310296573494	1741
0.0580944850577001	1.53138622913068	1741
-0.1050906852524	1.52561205070845	530
-0.03427085326248	1.01937738558414	11
-0.0313696026722201	1.02143262503954	1741
-0.0410856667752799	1.32047095038145	11
0.10100352328713	2.37197515844105	619
0.06641060189182	0.578095540716024	154
0.00897920014876008	0.69342048214675	11
-0.10572939290697	1.9176509811951	154
-0.0305547796099199	1.34026593745813	154
-0.0385198903522099	1.1782180736246	11
-0.10429210173919	1.52790803167847	154
-0.0252882731341799	1.19966814466934	154
-0.10043476200664	1.63998797101899	69
-0.0249608075238299	1.0282424609316	619
0.06381382996212	0.576020696597725	619
-0.0298092057466099	1.02496540075091	154
-0.10132076637468	1.92911179027907	69
-0.11988750561236	1.39220106193992	619
0.06497186902393	0.578443560062359	11
0.0649938586013901	1.38130309076623	154
-0.03987066036928	1.32147378399342	11
-0.0300298585733201	0.837997532256964	11
-0.10419566159463	1.52786415203264	11
0.0920299266439399	1.23249658749234	154
0.0907545164652099	2.06066904707791	154
0.12459802824399	1.05820696788117	154
-0.0204950030478399	0.847946970549542	154
0.0681887291410099	0.57803285948981	11
0.0598344987371999	0.574552074754926	154
-0.04171420570579	1.17346371198825	154
-0.0158907107746999	0.852013451102087	530
-0.0343964600551301	1.18790474007529	69
-0.0424631573693699	1.57427258647718	154
-0.02466692200805	0.842428899147951	11
-0.026861744099	0.842780078427935	11
-0.03088964970939	1.19259301208514	11
-0.0360897429304201	1.3297835470543	154
0.10061739072352	1.24494135093652	11
-0.1151964483865	1.40342998582565	154
-0.11250920489083	1.51226327417536	11
-0.10723945042109	1.99613679165464	619
-0.0350882223398501	1.18534150381293	619
0.12056328742668	1.05151532098422	619
-0.0234116497625301	0.843599196058389	11
0.06324002887349	0.576609113923133	154
0.0569167499116701	0.572884622733256	154
0.07335776270243	1.39812080275875	11
0.0015766669606001	0.689788385908174	11
0.09288419864998	1.23394578482495	11
0.11848267972135	1.05024213152447	11
0.00639676878278994	0.694338750578675	154
0.0933101555095499	1.23555308375993	11
0.0674103866981299	0.576179556054442	11
0.06176150416243	0.575573951673107	154
-0.0419117965301901	1.31746187735444	619
0.0655456320514201	0.577850509647929	154
-0.02521157463516	1.0282824093093	11
-0.0356327574331901	1.33412143845587	154
0.00801897563274001	0.694425653582333	11
0.00242337421849004	0.689036040188378	154
0.122326331783	1.85001536758769	11
-0.0424685428881699	1.69107348827816	69
-0.0996676688904801	1.7443180050411	69
-0.03567283623514	1.01130526583884	11
-0.0411544503252099	1.00801059559845	154
-0.03064410600249	1.02377579637906	530
-0.0443250677964999	2.10824651335835	69
-0.04029996335625	1.91434924932816	619
-0.0401432222523599	1.68517799896134	619
0.00525682992768006	2.16928560836046	69
-0.02940641225695	1.02222655407039	11
-0.0156041316818301	0.852031985474326	154
-0.0342283364231699	1.18637431352932	69
0.0850362777910101	2.04752321175774	11
-0.03010258916354	1.02334871044397	786
0.0729542406175501	1.39635601369097	154
0.10843538252294	1.96510270219338	154
0.12426231284578	1.85732454226356	11
-0.11312856995882	1.40552120346746	11
0.0522897774332101	1.51834982822744	11
0.0136108675428901	2.19069567361564	154
-0.12175714525803	1.27647632032773	154
0.12309152968278	1.05580392659013	154
-0.0230534298940199	0.844213869000594	11
0.00586765213810003	0.693882064620264	840
0.06324002887349	0.576609113923133	840
0.00553133286710006	0.693014411465741	154
0.06262627398235	0.575986404326764	154
-0.0200717921847799	0.848361585992025	69
-0.0005723376404001	0.687366346179128	11
-0.0358251159587	1.45955447979649	11
-0.02652771536146	0.841038919394943	840
-0.0187689361233101	0.850059205901264	154
0.00320831641663011	0.689829279676215	154
0.06304524468309	0.575330243550069	786
-0.0305458778382199	1.33874652652264	786
-0.0300298585733201	0.837997532256964	773
0.00879997521194009	0.695340728531382	154
0.06089635736011	0.57486221118602	69
0.04322353091889	1.64981669068196	3229
0.09135492319959	1.23162185885925	11
-0.0373186941068	1.33024151593795	11
0.00958016502306003	0.695917467871454	11
0.0603221792564701	0.575449353150941	11
-0.020848758066	0.848002492808298	11
0.12182870789096	1.05299427142307	786
-0.00291906238001993	0.684943536509662	154
-0.0256324368674099	0.842663000159569	154
0.05736086423988	1.53049220870269	677
0.09696636143537	1.24054677090736	786
0.06176150416243	0.575573951673107	840
0.12055893681133	1.05438992870057	154
0.06262627398235	0.575986404326764	154
0.06176150416243	0.575573951673107	677
-0.0005723376404001	0.687366346179128	840
-0.09694394872354	1.64472317978852	840
-0.00110196372153992	0.687849919556878	154
0.12056292498138	1.05157477977395	154
-0.02516255364385	0.842123684877785	11
0.0522541111914201	1.66785869306443	11
0.06497186902393	0.578443560062359	786
0.00391306652033996	0.691065305054693	840
-0.000262149521959909	0.687968887417832	154
-0.0382134583951399	1.01204588284146	154
-0.02037334303275	0.846864242893723	2400
-0.10301352684332	1.52727520087031	11
0.06205222453913	0.576575770191727	11
-0.020848758066	0.848002492808298	677
0.0034625113848501	0.691203628034591	840
0.0529147723441901	0.569243111410707	786
0.00586765213810003	0.693882064620264	840
-0.11338494691093	1.4042601664211	11
0.0531808845381301	1.52223156479573	11
-0.0164962440293701	0.849841018876565	11
0.00561416805771997	0.693634697863814	2535
0.06262627398235	0.575986404326764	2535
0.0906172511335299	1.23363813633929	677
0.11894299702314	1.0508192387319	677
0.0692349865691699	1.38802426810886	840
0.0901061836711201	1.22966076089537	154
-0.0379065413317801	1.01428607707156	2400
-0.11429929934889	1.29089571327163	154
-0.0368126989638999	1.46316942786133	154
-0.0292512974493999	1.19471726541812	3229
0.00639676878278994	0.694338750578675	840
0.0951361897881	1.23980903171309	677
-0.0221859140365499	0.84607433395072	786
-0.10622555825729	1.52645236515932	154
0.05057182246895	1.66469417182591	154
0.00528185102601997	0.691948679154516	154
-0.0434405404406499	1.56992726227406	11
0.0708294996284899	0.578518011832582	11
-0.0239578791717601	0.843786125104647	840
-0.10411671108251	1.52825885067048	154
-0.02920357244604	1.19500859385962	154
0.0544124634338501	1.5277349813882	154
-0.0384681367875801	1.18267036835046	11
0.00958016502306003	0.695917467871454	786
0.01328500148018	0.697187150392228	786
-0.0253553872799399	1.02920942611124	786
-0.0330786187829799	1.19107465549516	786
0.06176150416243	0.575573951673107	154
0.0910496823699201	1.2337196968868	154
-0.0377702750126201	1.58539771867946	677
0.0681887291410099	0.57803285948981	786
0.05461534937901	0.570549366404683	840
0.06069635629646	0.575154297721853	154
-0.0364362812546799	1.46357379056021	154
0.00399247684920989	0.690394720161163	154
-0.11410168591001	1.29250582374426	11
0.00561416805771997	0.693634697863814	677
0.07926912482216	1.40469714350344	11
0.0021477801918599	0.690181006466159	3229
-0.0447879944158001	1.44553126754291	840
-0.00266615035100992	0.686494356169944	840
-0.0962062412993101	1.64266094505076	154
-0.11358521957992	1.40575560998565	154
-0.10929370371161	1.51897566262271	677
0.04444659416704	1.78843706257757	351
-0.0168815968810701	0.849357528182573	786
-0.10190292374915	1.63818571995582	840
-0.12124476899745	1.49163269137804	773
-0.02977493118937	1.02255094885464	154
0.04669350870639	1.65974708288496	11
-0.0347389055630201	1.4659144638622	677
0.0641062582252101	0.57783656828618	677
0.06443309972972	1.54377732736628	786
-0.01769258657851	0.851149257020452	11
-0.08771794221458	1.76582863149416	351
-0.0184681593100999	0.850685538190188	786
0.05941899043862	1.5379717066451	786
0.01643622568938	2.08756219149802	237
-0.0363905802940101	1.70473003060844	11
0.12376675065973	2.31337842758001	351
-0.11579150878913	1.50522560440431	351
-0.0187689361233101	0.850059205901264	786
0.12101847262002	1.05081484155503	786
-0.0329047010876999	1.01952518355885	786
-0.10526992646117	1.6283870676914	786
0.06534125771432	0.575894811260888	840
0.06641060189182	0.578095540716024	840
0.05974779582566	0.574099743860578	237
-0.0424040984565099	1.57189417459768	237
-0.12264710981158	1.38699405504459	237
-0.0283274325492799	1.34347732196726	237
-0.10440995286831	1.63100928064658	154
0.00475418153282003	0.692440407310782	154
0.09687942189299	2.07897444450072	11
-0.0334886262862	1.18956254457755	154
0.11357244050706	1.97887340988989	677
-0.03865832980199	1.45957413458263	677
0.0962801734158001	2.06862152816527	351
-0.11160078042151	1.5161294241525	773
0.12072378247933	1.98933677171388	786
-0.0288452400943899	1.34280522440583	786
0.12423855520674	1.05895937534147	840
-0.11362127970688	1.29006170082378	840
-0.02756858803371	1.19566725231653	773
-0.0304350326755101	1.19276861764335	677
0.07284118696175	1.39731995459278	677
0.05717246139993	1.53264768540998	351
-0.0389950669725501	1.5784607616774	786
0.0982467824167399	1.24236727027024	786
-0.0985926320677799	1.54027187571603	237
0.11865614791089	1.84249448644111	237
0.06089635736011	0.57486221118602	237
-0.02346534425963	0.845877160255437	237
-0.03490765863769	1.1884448013988	237
0.00338491240400995	0.691555507421072	237
0.000704429320500077	0.687736938817916	237
-0.0184681593100999	0.850685538190188	11
0.000208317397720093	0.687704069862097	677
-0.00566952224413009	0.682805277876563	677
-0.01636138479052	0.851876869323031	677
0.0646800402191901	0.577244755259019	677
-0.0252882731341799	1.19966814466934	677
0.06698370098344	1.38178541609053	677
-0.03540137787664	1.46614951202822	351
-0.0317314119700201	1.02049135216856	351
0.09544504964436	1.23850078406182	840
0.11869529730455	1.84107768608276	840
-0.0530165325963201	2.37503627819855	237
0.0603221792564701	0.575449353150941	237
0.00586765213810003	0.693882064620264	237
0.06012134843669	0.574818428531195	237
0.06612729710276	0.577002863033466	677
0.00104777080569995	0.690276905484279	677
0.00508480701770009	0.693178123428776	677
-0.0379119101518499	1.46212458050912	306
0.00483077342270999	0.692626429783641	351
0.06262627398235	0.575986404326764	154
0.0655456320514201	0.577850509647929	677
0.0295487169311599	1.88582926009032	840
0.06291742676874	0.576696640316621	677
0.00561416805771997	0.693634697863814	11
0.06253682896407	0.572125423840808	237
-0.00266615035100992	0.686494356169944	11
0.0549723277652701	0.570494376515154	677
0.0611873140018699	0.576162678907346	677
-0.0221859140365499	0.84607433395072	11
0.00267810736268004	0.690636942339763	3147
0.0568960919489301	1.5299547525004	1403
0.060612918568	0.574810701056327	677
-0.12186488292034	1.27906680556693	351
-0.0330638021968599	1.4692486526595	351
-0.0358021620493201	1.01699964744668	840
0.12437152913637	1.05502245552699	308
-0.0356327574331901	1.33412143845587	11
-0.0396361811189201	1.17887154702329	840
0.12090615842183	1.05179708294221	11
0.000320219234460017	0.687073789948866	677
0.07833738512867	2.16174174892266	351
0.05697857573928	1.53337226089886	308
-0.03830332571396	1.0126827631051	11
-0.0326573848273899	1.18676714276198	11
-0.0313696026722201	1.02143262503954	11
0.09696636143537	1.24054677090736	677
-0.02200237916911	1.20445026376435	840
-0.11673522715417	1.28690844970033	840
-0.04020469810137	1.31875735214849	840
-0.0393305002331801	1.18135036371749	677
0.0353656825433899	1.76542505128453	351
-0.12430387129534	1.27697507290762	308
-0.0322005339089699	1.02138180013082	308
-0.0410528492637701	1.17781986092885	11
-0.03932518351572	1.17711496306641	677
0.09007563220648	1.23043055977248	306
0.0433399091268001	1.64783573988842	351
0.11896180064818	1.0509479237545	308
0.09933681200783	1.24196806379759	11
-0.0300874541359899	1.34321016818734	11
0.0847099692083599	1.2223724988775	677
-0.11708895857467	1.60169872580036	351
0.08282127919005	2.17169904378361	840
-0.10778084169245	1.41681002823007	840
-0.02574852595563	0.84202843921497	11
0.06771160106039	1.54907754179174	11
-0.03366560023188	1.18807412281616	11
-0.0523721910280901	1.66480476731218	11
0.0758083723724099	1.3988513508164	11
0.06286619377411	1.54066024728777	677
0.0538481634363299	1.66975561819943	306
0.0611873140018699	0.576162678907346	840
0.06262627398235	0.575986404326764	11
0.06670122068132	0.578357087896594	11
0.00483077342270999	0.692626429783641	11
0.00267810736268004	0.690636942339763	351
0.0611873140018699	0.576162678907346	86
0.06381382996212	0.576020696597725	306
0.06604500819236	1.54494101897675	351
-0.03181669164413	1.33680838791841	351
0.0652629153297899	0.577331121752138	308
-0.02730701785816	0.839794057772938	308
0.00235627602433008	0.690487755919548	11
-0.0322002202924101	1.01977597814628	11
-0.0396964082803899	1.45749546641527	11
-0.11937571107118	1.15890107941121	11
-0.0234185087885801	1.20143343995952	11
-0.09998958677062	1.42619860481272	306
0.09238568382625	2.06494863193946	840
0.00553133286710006	0.693014411465741	11
-0.02447559260279	0.844726504227221	11
0.00932812295723995	0.695796600619346	306
0.11288393538431	2.41879303280452	351
-0.05132583688344	1.99069662969207	840
0.12469729264901	1.05953797009636	11
0.11764129348183	1.84055769821877	11
-0.0347523930925999	1.18712820499566	308
-0.0317563291667899	1.33880195856774	11
0.0885418861925	1.22160715979902	351
-0.0213242609706901	0.847859591846366	840
0.0103595415191	0.696159140742934	308
-0.0423306931032299	1.17467878555761	308
0.092456135253	1.23224679600669	11
-0.0259110350317699	0.842387346908396	11
0.05178573464906	1.5158388685761	11
-0.0389246772627301	1.58282346659355	306
-0.0322401061408399	1.33732693278474	351
0.08804077773675	2.05684470669587	351
0.05481085904901	1.52265253823981	840
0.06531141680275	1.37827022834305	308
0.06989423159494	1.38860933397403	306
-0.0284707970098099	0.839749903979773	11
-0.0350031771091299	1.01636756749512	11
0.12171138070945	1.05283987405537	308
0.00555843856423	0.690797370939248	308
0.09330860963549	1.23432145957769	306
-0.00319638715160009	0.685195352755621	308
-0.0187689361233101	0.850059205901264	387
0.0594564119373	0.574146809919677	840
0.00508480701770009	0.693178123428776	11
0.12263337779735	1.05403722589652	11
0.06176150416243	0.575573951673107	308
0.0592594715086701	0.574216413367679	306
0.0611873140018699	0.576162678907346	11
-0.0239578791717601	0.843786125104647	306
0.06205222453913	0.576575770191727	840
-0.0370756604368601	1.46376498667016	86
0.0641062582252101	0.57783656828618	840
0.06089635736011	0.57486221118602	11
0.06349145731342	0.576107730106197	306
0.05388529661036	1.66777829826516	308
0.00293242809066996	0.690747702125752	308
-0.0301421965047399	1.0224204175259	306
-0.03966853918306	1.45215876875348	387
-0.0350882223398501	1.18534150381293	306
-0.0271197779055401	1.34627609235738	306
-0.0351734872799501	1.33143398409904	840
-0.03049764400194	1.02190019704782	11
-0.020848758066	0.848002492808298	308
0.0603221792564701	0.575449353150941	840
0.0122564278441499	0.696475552291052	306
0.0646800402191901	0.577244755259019	306
0.0503378155608301	0.566855446718767	306
0.00985615496175996	0.694976702755398	11
0.00614341202314006	0.692818894948525	308
-0.02638634591753	0.843284064989319	308
0.06497186902393	0.578443560062359	11
-0.0411006683884501	1.57600107746244	11
-0.03024368216811	1.02393078378304	11
-0.0305283125746101	1.19395188305691	439
0.0510593852002601	1.51598214703282	11
-0.0231275674860201	0.846482301453177	11
-0.0215931510565901	1.48420828199142	11
0.0882401948752201	1.22915968056406	387
-0.0266082406457799	0.840007179567128	11
-0.0273482518380099	1.02564976883863	3145
-0.02184764776114	0.847785496989306	11
-0.0972070080107801	1.64649704132239	387
0.0643979077286201	0.577085966346076	11
0.0983559166858401	1.24318869866449	387
-0.05085429456299	1.88803902176015	387
-0.0288733609008101	1.34260646429789	387
-0.0986793723766499	1.53940658549871	387
-0.10695606619778	1.41815643728762	306
0.0646800402191901	0.577244755259019	11
-0.0005723376404001	0.687366346179128	308
0.0655484338197201	1.38305498163193	3145
-0.10274001369483	1.53090474084747	11
-0.03694025635516	1.01159787923265	387
0.04624808564233	1.65771911333665	306
0.12466529799908	1.84851805697689	11
0.06263621035923	1.54355200756643	840
-0.0284998156465	1.19465308164831	11
0.00533841866345997	0.692211463064849	387
-0.03540312971187	1.18448038789846	439
-0.11260619559164	1.61359472907472	840
0.11567457175999	1.83585845151701	840
-0.0989570874740799	2.02880811991583	11
-0.02622549241784	0.841135468705538	387
0.000208317397720093	0.687704069862097	11
0.0868578767794901	1.22498416356027	387
0.07763987622069	1.40288227246781	11
-0.0280410775769999	1.02479795225848	387
0.06497186902393	0.578443560062359	387
0.00293242809066996	0.690747702125752	387
-0.0401462209522001	1.17849674979004	387
0.12183030281676	1.05446532089359	387
0.01310848775144	1.96558006520532	840
-0.0337951266679	1.01730798244421	11
-0.03427085326248	1.01937738558414	387
0.10461044589242	1.95850103579976	387
0.04554134246054	1.65657008896997	439
-0.02597388479053	0.841323046661068	11
-0.02527164880416	0.842174246105442	11
0.02224773287236	1.98709101349098	387
-0.1226294568136	1.27947212651578	387
-0.0374532827348699	1.4629625549763	387
-0.10733819410254	1.62666779036745	387
-0.10164067383067	1.53270175119693	306
-0.04178497896135	1.44847752679976	306
0.00561416805771997	0.693634697863814	11
0.06176150416243	0.575573951673107	840
-0.00173602099889991	2.26062540950983	387
-0.11264583648267	1.512342250541	387
0.00770732772680005	0.693960311466429	11
-0.10717757953159	1.51615954417444	387
-0.0694998960922399	2.37514118115039	840
0.10315498121923	1.95523857439834	387
0.09707266554842	1.24172573568626	439
0.0842756395934901	1.22156664426889	439
0.0658368577022399	0.578688566094146	11
0.0327231750256101	1.76119079216366	387
0.10417620403502	1.95626445534877	387
0.0865259374768299	1.22657673770462	387
0.0215872006531399	1.86175451848164	387
-0.11848405072686	1.39532404551859	387
-0.1156829238393	1.40225458716382	387
0.06712504930471	1.38604100718924	387
-0.0966560549533499	1.93580754376681	840
0.0577788389210201	0.573295283481806	840
-0.0355355694889801	1.18362844337294	306
-0.0447743986501099	2.00966589341398	840
-0.0319440372141	1.19074183951565	387
0.00267810736268004	0.690636942339763	439
0.07540429550808	1.39849073665559	306
-0.0348620547432701	1.32981292308715	840
-0.000321061867180061	0.688187970617562	387
0.00508480701770009	0.693178123428776	439
0.00508480701770009	0.693178123428776	387
-0.0309335812612801	1.0220350989288	387
0.0923334972054799	1.23591835211647	387
0.0475866654082799	1.66038697442573	840
0.0807138884719101	1.40512123814502	840
0.0732447770486899	1.39704589039184	840
-0.11680032190989	1.3984006310607	840
0.00801897563274001	0.694425653582333	387
0.0636199618746001	0.575665599041282	387
-0.0271643311480201	0.842115585187827	387
-0.02778451963472	0.838903314330105	439
0.12217312001166	1.05652988804527	387
-0.0236567208437399	0.845162682271321	387
0.06641060189182	0.578095540716024	387
0.09568301914969	1.23773846708241	387
0.0506740580009299	1.66399006994498	840
-0.11400666085865	1.40488281400322	840
-0.0260836113862299	0.843673668477193	387
0.00639676878278994	0.694338750578675	387
0.00320831641663011	0.689829279676215	387
0.0917845847586401	1.23152577309821	387
0.0736150949287999	1.39647298622565	840
-0.0253954732102799	1.02690934853375	387
0.00182762709119011	0.690977558044493	387
0.00399247684920989	0.690394720161163	387
-0.12341539008782	1.27367557093825	840
0.0130344704231	0.697263181278941	11
0.07926912482216	1.40469714350344	387
0.0676960528144599	0.575831596529097	387
-0.11475788297933	1.29029872703107	387
-0.0382305973257999	1.81207479169644	840
0.0978062951933101	2.07611582045705	840
0.0896191623273299	1.9098214345047	840
-0.12095999400496	1.28176264488915	86
0.07243752561979	1.39656929215256	11
0.0578147018292701	1.53452969429052	387
-0.0390487343072099	1.01128621252243	387
-0.0328052137416299	1.18956375899618	387
-0.0359115110225099	1.18397657791259	439
-0.0231275674860201	0.846482301453177	387
-0.02764000128922	0.841611880836867	387
0.0803992449078901	1.40823081418153	387
-0.0536127685296699	1.98354673321399	840
0.0574060693899801	2.23056874437964	11
-0.00135378827224009	0.68680319900825	11
-0.0365675257762199	1.46020073980221	387
0.0894588817134101	1.41750704369157	387
0.06324961273799	1.37719954622605	387
0.05399159928918	1.527618497238	387
0.0611873140018699	0.576162678907346	387
-0.0447230930614799	2.40142005422624	840
0.04346887787848	1.64846841499387	86
-0.0440746420696101	1.57096412049752	11
0.0790383779919701	2.03279388167943	387
-0.11691165366912	1.39713482977425	387
0.09525749171111	1.23705496608753	387
0.04074287372026	1.77570128524465	387
-0.11726528404262	1.28443688757436	86
-0.04485554568987	1.56602054456286	387
0.12192145772246	1.85198379486159	306
-0.09542087005646	2.29829736891598	840
-0.0367468572855001	1.01469862398357	840
0.0337067539650799	1.89166567382258	86
0.0624463468961101	2.24538952871675	840
0.06938876221275	1.55217566173541	387
-0.01855126717147	0.850157720643328	387
-0.0330786187829799	1.19107465549516	387
0.0435997863520801	1.65226919501322	387
0.0718214959260799	1.39275872277681	387
-0.0991105105597201	1.74404115524993	11
0.08909188632868	1.23048874700184	387
0.06497186902393	0.578443560062359	387
0.0114147414739101	0.695793507451557	387
0.12343844218303	1.05481350369827	387
-0.000155413917050096	2.36897205051192	840
0.00692576864066008	0.693521170574345	840
-0.0380207630751399	1.81100189491296	86
-0.0222755304836899	0.844847958229067	840
0.0109501406910999	0.694547587860498	840
-0.0309335812612801	1.0220350989288	86
-0.11043039697589	1.5168254253466	387
0.11926402783438	1.84121303057183	387
0.0458332549121201	1.78790903964081	387
-0.0221016225355	0.847224192673576	11
-0.1124844540598	1.40582964903247	387
-0.03704621784044	1.18425756508729	387
0.0260969147886401	1.99323336838964	11
-0.0333410946442601	1.01892296828758	11
0.0950196016540099	1.23781650201843	387
-0.0353311094834601	0.828451423834812	387
0.06962651355507	0.579182253156176	387
-0.10649497525554	1.62550302636653	387
0.12263531404257	1.05074896004145	387
-0.11667458912144	1.39750326048812	96
-0.12141732859773	1.28183494820525	387
0.0842313463279301	2.04553147725855	387
-0.03847123598519	1.58370561720005	11
-0.11300286569286	1.28974992288708	387
0.06205222453913	0.576575770191727	387
0.000704429320500077	0.687736938817916	387
-0.03727258996024	1.33105412433864	387
-0.03620049156228	1.01451023601402	387
0.00614341202314006	0.692818894948525	387
-0.0171671986612501	0.850495846880634	387
0.0678976197735399	0.578952002833974	387
-0.09749239707039	1.74578452504824	387
0.0641062582252101	0.57783656828618	387
0.0611873140018699	0.576162678907346	387
-0.11593547931866	1.40150422454669	387
0.06249894007922	2.23968531375326	387
-0.0360252293790699	1.3337384153338	387
-0.0448432371027701	2.2076758539874	387
-0.0872465039264101	2.33113275319774	387
0.000576143278439911	0.688308974423275	387
-0.0590775161235499	2.25720238741262	387
-0.0553367888320699	2.45388714082475	387
-0.0335329702066101	1.19003224060893	387
-0.03742156187672	1.01105002041058	387
0.12345014890616	1.05653700495127	387
0.12347933909753	1.85244484371444	387
0.0585244015776001	1.53583914435976	387
-0.02419049180415	0.843322270030413	387
-0.02513344646381	0.843278901273961	387
0.06176150416243	0.575573951673107	387
-0.0907392486127001	2.31991406743405	387
0.03316957931668	1.88985154602037	387
0.0257427821932801	1.99526773406505	387
-0.01799349561762	0.850826688821256	387
-0.0364362812546799	1.46357379056021	387
-0.1188013558794	1.39094577185181	387
-0.0379869944847899	1.01228785882264	387
-0.02799490819276	0.838862633955176	387
0.12469729264901	1.05953797009636	387
-0.03865906191611	2.02134584813752	1206
0.0658368577022399	0.578688566094146	96
0.0678976197735399	0.578952002833974	387
0.06089635736011	0.57486221118602	387
0.11732879227382	1.04844674139509	387
0.0643979077286201	0.577085966346076	387
0.00561416805771997	0.693634697863814	387
-0.10169495330048	1.52836237528842	387
-0.02527164880416	0.842174246105442	387
0.05547870129105	0.571841073068374	387
0.06089635736011	0.57486221118602	387
0.0603221792564701	0.575449353150941	387
-0.02605057068814	0.841185243096645	387
0.1010417225569	1.24562568449817	387
-0.0355843383038299	1.33046604841454	387
-0.0305063783794	0.837494860161703	387
-0.03128635137458	0.836250840993993	387
0.0793219735858799	1.40426606816845	387
-0.0281257623652	0.839177863370892	1437
0.01010806773565	0.696373336398546	387
0.0186050627954399	2.0939375185678	1206
0.0569167499116701	0.572884622733256	387
-0.03112796576349	1.82172554564807	387
-0.0947066810542701	1.94503952724365	1437
-0.0192438689004599	0.849917599567846	387
-0.0371165656036701	1.8108978334764	387
-0.10096369509737	2.11167604280981	1437
-0.0231804130222399	0.845307064723599	96
-0.03494039863979	1.46607802922668	387
-0.0184681593100999	0.850685538190188	387
0.06497186902393	0.578443560062359	387
0.06089635736011	0.57486221118602	387
0.00795957449314	0.694919046007188	96
0.00267810736268004	0.690636942339763	387
0.00240222692252989	0.689086956927602	1206
-0.01816706767651	0.850249471494147	1206
0.0117292512378999	0.696021214946946	1206
0.00553133286710006	0.693014411465741	387
0.00905214681657007	0.694244873174396	96
-0.0118593600808301	0.8540156875118	96
0.0652629153297899	0.577331121752138	96
0.0577788389210201	0.573295283481806	96
-0.0397382636810799	1.69461121763961	96
0.0788659221721	1.40433812615721	96
0.06390623522406	0.575763852388588	96
0.00235627602433008	0.690487755919548	96
-0.0309293905678301	1.02277228118462	387
0.12101874559855	1.05496844004333	96
-0.03547373295267	1.01628462952598	96
0.0354197676000001	1.7692287483585	1437
-0.0389801887144701	1.32690066264987	1437
-0.0297265187345399	0.838484660856868	387
0.0884779893924399	1.22865561067318	387
0.00639676878278994	0.694338750578675	96
-0.12456981138289	1.15271805519739	96
0.0701999514768401	0.578591223119105	96
-0.01474859187285	0.85348712272964	387
-0.00711764342200993	2.23954227058828	2216
-0.04116726542962	1.1763190153545	1437
-0.0313049890068799	1.47308313848012	96
0.0917111280421401	1.23086626361565	387
0.06176150416243	0.575573951673107	96
0.00189292169615007	0.689841585471618	96
0.0793219735858799	1.40426606816845	96
-0.0369566453047301	1.69969770382881	718
-0.03899460156496	1.45575388794158	96
0.12391088177045	1.05663315505034	96
-0.1187778689062	1.39322114812398	96
0.0678976197735399	0.578952002833974	718
-0.04369580714387	1.90529275086511	96
-0.0372400744676	1.69896754145151	96
0.0655386823706901	1.54632976524712	387
0.00770732772680005	0.693960311466429	96
-0.0150847873811499	0.852993243464339	96
0.0697771799939999	1.39125816390939	96
-0.0356610567273701	1.46222284380927	718
-0.03856570175198	1.3287316204998	96
0.11823410264117	2.4322503171546	1437
-0.09954473504701	1.93343233226046	387
0.000680911308140075	2.15516307442652	387
0.05771151694448	1.52444039149213	387
0.0122959728846599	1.96308317253223	1437
-0.00429964162637009	0.684223136845454	718
-0.0566020596139101	2.07378271746867	1437
-0.0466287981876301	2.10411439271141	1437
0.0239979350228301	1.87223071885124	96
0.0658368577022399	0.578688566094146	96
-0.03762251128326	1.45512434470042	718
-0.10050932590247	1.83479641509517	718
-0.03412955664156	1.01683871582705	1045
-0.0479429514355101	1.99950832882779	718
0.0401797367853201	2.40806701699416	718
0.00639676878278994	0.694338750578675	1045
0.12459802824399	1.05820696788117	1437
-0.02662493143199	1.02758774187462	1045
0.0684710951174199	0.578360020930028	1045
-0.0519180394973	2.46702221483504	718
0.12134935733755	2.44121385453122	1045
-0.0357719840566899	1.81577598147402	1045
-0.03286038931354	1.01737245928	1045
0.07747988816228	1.39786350394442	1437
-0.12498554849855	1.27181363614227	1045
-0.10250613449026	1.73792387049583	1437
-0.08572619313025	2.24720204793728	1045
-0.0595279003006901	2.349304138412	1437
0.0646800402191901	0.577244755259019	1437
0.06205222453913	0.576575770191727	1437
0.0924565290783399	1.23388952213425	1437
-0.0328732740361399	1.46864066175993	718
-0.12019652519433	1.2838280766692	718
0.0569167499116701	0.572884622733256	718
0.00770732772680005	0.693960311466429	1437
-0.0359511795099501	1.70591425182422	718
-0.0460216021288	1.792933601888	718
-0.0905222963169601	2.40024375853101	718
0.05027648305977	2.4393525415456	525
-0.0270771934825	1.34689917509763	718
0.11815207676745	1.05003008975233	1437
0.10588383635785	1.96138550432711	1437
-0.10301004021234	2.01171889488618	718
0.04933763811598	1.66029081226228	1437
0.0399146837823501	1.77620085737851	718
-0.10539486914957	1.52520431114906	718
-0.1053726840041	1.52655870402384	718
-0.0593611199394799	2.1650968570705	525
-0.00346381503191995	2.25347107000079	525
-0.03114569329478	1.82526184153458	718
0.0488679528418801	1.66071222705601	718
-0.10997550335241	1.62080578284225	718
-0.0264407829671001	1.48116289935562	1437
0.0234848528109399	1.98640749930024	1437
-0.02930568279813	1.34313019944473	718
-0.03175677375522	1.19193681770255	718
-0.02037334303275	0.846864242893723	718
-0.0388794508150601	1.1811664946438	718
0.0913560489202401	1.23231552916358	718
-0.10638341720067	2.18062792694069	525
-0.0488393076654501	2.388418127347	525
0.0635322778785099	0.576480757103141	718
0.00907564491784996	0.694063919515537	525
0.0646800402191901	0.577244755259019	718
0.0886660831555099	1.23038720953591	525
-0.0305547796099199	1.34026593745813	525
0.12230484579041	1.05160018022267	525
-0.02560848540561	0.844177725594026	525
0.0611873140018699	0.576162678907346	1437
0.00189292169615007	0.689841585471618	718
0.12459802824399	1.05820696788117	1437
-0.0354401148185699	1.01504502746289	1437
-0.026861744099	0.842780078427935	1437
-0.0355843383038299	1.33046604841454	1437
-0.09997461686467	1.83979953149602	1437
