x	y
-0.531983961701391	0.410272815641494
-0.647167972841459	0.590224767961857
0.0457238255081729	0.0293652131935093
-0.33303970435065	0.277782388274954
0.0389166737043422	0.0250068965238537
-0.248018041360974	0.164312123238043
0.671191295172865	0.584869027499456
-1.45743476746809	1.57810093417074
-0.822282136424657	0.973924071388467
-0.2097111064315	0.143192758853732
-0.0871597565535891	0.0385938591795615
-0.640481161103158	0.58343637674522
-0.119167291889379	0.0863521436787467
-0.512950289642425	0.273372069632629
-1.85778557311896	1.18542503264011
0.127478278749746	0.0609668402790495
-1.08097491954271	1.3729968670882
0.396633444386069	0.313430844716671
-0.0784071203051197	0.034784580300904
-0.207723109271247	0.113192656461115
-1.69292090676293	0.972715968176357
-2.00295999220024	1.40755168523922
-1.80368476738292	0.398254084963023
-1.2580969392959	1.8144384544254
0.343436390849316	0.171970707040343
0.635105690919498	0.449579215207486
-0.515992528615837	0.274716452396043
0.333285920359292	0.16655605601407
-1.8396714502032	0.75990222543046
0.0559448663242995	0.0360292306754837
-0.325353119980707	0.151281894201858
-0.254870247244061	0.12870510544783
1.02407216663448	0.388349697761366
-0.672570981370591	0.40327427493138
0.647947354529066	0.205390836628303
0.140458165206262	0.0418615852654621
-0.4570345230292	0.359433015724963
-0.363074920327927	0.105749762822137
-0.974593354794338	0.606479876865919
-0.673232035186901	0.405043182518226
0.514954766217988	0.185204661003018
-0.534393347384375	0.205023861194337
-0.743325166733626	0.258205235128744
-0.363619197342818	0.105894774191241
-0.245906473208399	0.163098789455715
-1.06678404109491	0.867645127397265
0.0712501905623519	0.0498821891953412
-0.126071596950228	0.0916874510910758
0.122384651019255	0.0583624448875013
-0.328831196592297	0.153006686566565
-0.257403081670856	0.130413291473422
-0.238350157281475	0.0780664823782393
-1.53235676509745	0.553502300358264
-0.741848012858367	0.258096023054699
-0.295589840643586	0.249299325083504
-0.818552035945755	0.641362286503482
0.361250010690845	0.305168549603022
-0.402261933643718	0.322811347544023
1.31497186902393	0.578443560062359
-0.269547744508408	0.136974221147823
0.135228005895087	0.0713245265845956
1.43554514923892	0.477898562880183
0.1413598194657	0.0421025960431846
1.31262627398235	0.575986404326764
-1.15300618747366	0.353816991053109
-1.0424602576406	0.419767093556931
-1.07078253492659	0.871904329920564
-0.642879806894944	0.584213724842333
-1.85571363185371	1.71500748846463
0.818314667224887	0.855739089982046
0.930852602027933	1.12803464360494
0.0181770061725419	0.0105337488453517
0.132828486087372	0.0699098231211162
0.895997176210341	0.775167679203603
0.882073173610616	0.474794386552053
-3.76907032896904	1.51568182757693
1.55501737702822	0.775774035017368
0.139556940401302	0.0415648034416572
-0.163534484401185	0.0596231662713251
-1.0092402486293	0.508298174464487
-1.18387792747148	0.670672405513553
-0.21303576485683	0.116307001582815
-0.817853744417975	0.637372351484533
-0.810150432537075	0.446867569420495
-0.423833680385088	0.244021591434346
-1.02961266059891	0.94548923093339
-0.406669504026575	0.326618268353435
0.564507318465304	0.449871739068186
-0.709221272263384	0.572638381195536
-0.597818356618082	0.595322563114699
0.358345838467571	0.31349352771921
0.766373594042531	0.602219227502504
-0.712461877425269	0.57742793076911
0.305991279345571	0.184155131362554
-0.353492374835184	0.216301381417022
-0.259036816656233	0.131345733386782
-0.903687754281112	0.84895443370626
-4.4119449972098	2.27534635836157
1.05166013152136	0.51091249197187
-0.537315035936971	0.206219810031048
-0.175400923860514	0.0637938706001571
-0.0833532841250065	0.0368672153925868
0.450358487612591	0.30450417228784
-0.156824558437341	0.140953639662819
0.494702120014878	0.424182180650343
0.0471100602699559	0.0302029251802475
0.461683779897318	0.569894040561505
0.489684761688776	0.517760169536712
-0.397453264926335	0.41272267029125
-0.44704505731606	0.391733701143079
-0.212699080014156	0.115874485164743
-0.41589134448257	0.176294469844564
-0.510772702401671	0.271193178895793
-0.0389093035895521	0.02544833252986
-0.129397911996855	0.130249838335718
0.14318962959234	0.0818910481996451
0.525922806030341	0.532489421260219
0.28146912507143	0.297605260035931
0.170664371192036	0.147005732361401
0.113418275653725	0.102662399221601
0.183226193487556	0.170624463109241
-0.708648813789569	0.572835897259484
-0.266905080551563	0.201524032474641
-0.823122568231876	0.64500238459086
-1.61408689353127	3.41151065590057
-0.353684617446032	0.255991866035399
-0.171500207358376	0.119163122148963
0.57963389261797	0.63818878325271
-0.429719722648599	0.247252871377416
-0.0795353628205343	0.0509948053089259
-0.674579186591896	0.403946189829987
-0.525209383379923	0.403987087566868
0.762273122872844	0.596265781213442
1.42772246641591	0.883286106283696
-0.426712035513248	0.245597852297579
-0.354365470453878	0.288466325546432
0.83827474190165	0.614670875212123
0.136732469573187	0.0585099810400891
-0.353692689618229	0.287873337600331
-0.449467305364637	0.39473159843121
-0.917329811910284	0.865934651438799
-0.593175881502234	0.439655334439612
-0.463438446383228	0.365665092229129
0.136647163468063	0.0462674600791703
0.765440985791128	0.456016644643099
0.683598225221829	0.445163135033621
-0.234171960321905	0.076605535671927
1.55373484206067	0.774450053450293
1.04429005735424	0.506486200775635
-0.420155887615966	0.178117963222853
0.715304334032828	0.594177934908992
-0.236876597981329	0.0775723615768606
0.284928469112161	0.194396397890344
-0.0219121907262288	0.0112467160180971
-0.925566497454826	0.787234546469441
-0.0638659098970381	0.0419277106591301
-0.239491259504407	0.0784232627618526
0.636045737359404	0.449450900660368
-1.5078339709167	0.77562890929677
0.145828384011954	0.0367587486446884
-2.08195799798244	0.962058428527573
-3.46491653046888	1.25066289274388
0.671617393759094	0.31428154536115
0.651896042016441	0.207030647505349
1.75953527502472	0.984430004637917
-0.167814284601087	0.0611122958404124
-1.11437267862792	0.769330999905989
-0.409003013601434	0.39716688960078
-0.725520945036571	0.651746963133637
-0.629760757383075	0.306527018012954
-0.512627474711197	0.2731710900261
0.150004967546857	0.037720852406733
-0.544386763003421	0.209013480388639
0.132323532241134	0.0448554349010625
-0.16698064175195	0.0608045830755468
-0.969166176747268	0.600808681156474
0.665961191700831	0.311172226911801
-0.792008151205469	0.350994474519001
-0.643506271279338	0.156786530055825
-0.512359952516654	0.27232903431051
-3.46630912179766	1.25319506698382
0.136370194837747	0.0461713984476248
-0.415354340451682	0.175826033861495
0.280192139317237	0.190802468417457
-0.167814284601087	0.0611122958404124
-0.628458480993692	0.305503574856626
-1.1862024933294	0.670941131317295
0.434501023919346	0.174604667210342
0.334072823446583	0.166986809158879
-1.25668186985032	0.963643368359094
0.660359896031745	0.307183740820248
-0.36125776400353	0.10521302829144
-0.333372300116353	0.15549695719915
-0.167007946678184	0.0608040704424062
-0.474371134248779	0.320217650943513
-0.740941800230378	0.257318537190623
-0.622477540161479	0.302164540797342
1.55151471686537	0.771593003677496
0.126661424512496	0.0605715423835399
-0.54029754085068	0.207542814541063
-1.53273207896643	0.55406409993797
0.317609844269653	0.175428151551465
-0.079515907274068	0.0352711953292249
-0.168280676624519	0.0613309275118674
-0.695183359614097	0.495013604164581
-0.618031986183949	0.511839866497222
-1.0014834948517	0.503689162250359
-0.788370303416665	0.349083376814077
-0.0480423282539362	0.023140441947529
-0.0750603717179265	0.033306027117632
0.127839872907515	0.0611557106899218
0.653790201953018	0.20742302218683
-0.171459560951733	0.0624735259319497
-1.50755969563052	0.776743410627958
-1.0622204825535	0.863361531231161
-0.326491111277252	0.151972062797545
-0.476312648187591	0.321771853146006
-0.675698612107758	0.406426848048847
-0.59844087986758	0.44538007234434
-0.166115155850936	0.0958677484952514
-0.62948967269876	0.305802345342453
-0.632368626941211	0.307391044867781
-0.644388443682788	0.157000626677781
0.000385677980063719	0.000202507120708053
-0.00192755483933935	0.00102278781077497
0.0048493050986274	0.00254564700075855
-0.264711076726965	0.134623179317158
-0.525269208294983	0.40351514975686
-0.313666630315156	0.233312496948469
-1.02566628854915	0.941497569648631
-0.0493455272673935	0.0237560589056198
-0.426272246109255	0.245212191334002
-0.238048417060954	0.0780891030505443
-0.561672810384885	0.359988968233621
0.128065802893217	0.0434680575192894
-0.238048417060954	0.0780891030505443
-2.6590352657792	1.65741597251833
-0.161120528411383	0.0927516859911269
0.290950177782024	0.187054861986535
0.515653637680753	0.295422205184155
-0.516639568550203	0.27526511515395
-0.523442435155266	0.402832078628032
0.768937836138856	0.605447978779627
-0.997198553489377	0.501228101461149
-0.476028217459312	0.450066094941276
-0.527369353400625	0.405739819373715
-0.565691008474869	0.363342097068403
-0.489341750193646	0.332649602286883
-0.235132025937081	0.0770784326047616
-3.46630912179766	1.25319506698382
0.629562412787185	0.443040740861681
-0.412401679022686	0.1743622029642
-0.301798530874992	0.193492135902187
0.142727172563101	0.0269105320645235
-0.431811371457754	0.248705622113505
0.143769359189851	0.0876320238206706
-0.8120212701453	0.71293465928082
-0.617595087266728	0.512248596531395
-0.519717223865669	0.398762934765247
0.26884495822836	0.209447068744582
-0.332326156195641	0.302425017818118
0.137299077094998	0.0722981969022883
-0.696671817707162	0.496348821888033
-0.332886534729303	0.155232224225155
-0.515840514037785	0.394713609082791
-0.815184458643712	0.637891431161271
-0.950879755360129	0.706875571443761
-0.746726771319564	0.259871772377509
1.33456458530455	1.22170530667325
0.318393332471447	0.176020848715943
-1.11573118341866	0.771407101014656
0.475207192850132	0.29757567781968
0.0451760025543895	0.0290572173205812
-0.116201193749778	0.0468543671532894
-0.416678053457735	0.176199717074817
0.123010914560037	0.0417646916705607
-0.826839359384256	0.556157298408284
0.168706964039096	0.11507933643053
-0.428472030781199	0.24642666575675
-0.242900926341604	0.160677388334789
-0.0956004804466292	0.0594717406706462
-0.521486604755668	0.400377663370039
-0.250152791365377	0.166110215024684
-0.942718914921738	0.697912030412381
-0.128452594212163	0.0934872857404786
-0.398591930424848	0.319062853763372
-0.568518507775559	0.365979438888063
-0.452521774430195	0.398229526018039
-0.0510687668826406	0.0245739979863688
-0.424239028361522	0.244339634124147
-0.513420266568726	0.273568751895235
-0.213898098881287	0.116799673412977
-0.973894797010574	0.604999842211474
-0.210129065260085	0.114380549918963
-0.355078268244401	0.216914568343052
-0.598498567022305	0.445519141342179
-1.34573863278972	0.852198491875706
-1.17115524988947	1.03509217781045
-0.353768076376709	0.216259423057726
1.84140780465196	2.75710699206968
-0.813776378165354	0.714772922466338
0.151919487427126	0.098261437404949
-0.808733441526071	0.629431239614236
-0.171426092503052	0.0989418887794505
0.000215857009737156	0.0000961659813352486
0.589248558838848	0.445353993798939
-0.697692504508651	0.497161279872785
-0.630264637780198	0.306854983141789
-1.18255785097992	1.04636755416223
0.134873897154579	0.0709036583558429
0.271102028452486	0.193213484116159
-1.50729064378076	0.775039092320791
0.313780472628344	0.173309757761123
-0.216053098768323	0.118088385648933
-0.125616767465151	0.0754217112189876
0.484577857696091	0.305436667806349
-0.354904903908415	0.25726274933002
0.423106626668565	0.303111098823232
-1.04843348997268	0.42268378687421
1.06504904986805	0.651700740174388
0.526696900930165	0.436899642263096
-0.919556233762398	0.779252050666204
0.705097700931633	0.582989873081218
-0.0584028643647087	0.0382556562431132
0.145346966014353	0.0831691474284333
0.708522088107713	0.585535494573397
1.09820240275807	0.983970702739118
-0.145202686610882	0.103416699370178
-0.695107760520963	0.495004441176271
-0.81302253073973	0.635792152602218
-0.296896499985272	0.190530333467086
0.726886368570402	0.707952407457249
0.137998541110424	0.0727707002557547
-0.0277530778463065	0.0141943393410594
-1.69047336323508	0.969094500842593
-0.262306540100628	0.132938179022608
1.37470616403336	1.05669046053465
0.129016766819201	0.0553994024226449
-1.18438075890342	0.671114459292441
-0.359871197887871	0.220390035506334
-0.484483802452921	0.328569436675866
0.588637729180003	0.443711543927275
-0.162847187500631	0.0936431474736419
-0.00283185657628527	0.00144735278883948
1.07430536791906	0.808306216029802
0.525074577534605	0.301399940191759
0.304070603508689	0.166716699448483
1.32197357526676	1.39622403169488
-0.622678214123344	0.518476866137916
-1.11197827040658	0.768453862723094
0.135571700409456	0.0404808758649131
-0.363255768460324	0.105782299807354
-1.53327386150544	0.554071585244721
-0.16778819317702	0.0610148001515819
-0.538151618981623	0.206588191897496
-0.742991962113009	0.25807407437927
-0.170804717507248	0.098681088851075
1.30668786487255	0.571332871837485
1.55483917163147	0.771975405971503
1.01791216425444	0.385692179378926
-0.537887004817369	0.205807518619501
-1.36710849114874	1.14581524161427
0.627419724570475	0.440778255412989
0.580976637686067	0.301580238283322
1.81210894888404	0.710969215120519
1.04928845669154	0.510185199589409
-1.86456002502359	1.1925945382009
-0.699310781013886	0.498467509442808
-0.162891673924999	0.0935863572655167
-0.420811917284908	0.241651053601612
-0.537877518920207	0.206535210663043
-0.793098515782442	0.351690335205156
-0.0835147218560508	0.036947442460834
1.21656359337104	1.0206978837929
-0.0598755433541664	0.028678860323374
-0.163437457135453	0.0939869947321838
0.429980032800171	0.172888778729521
0.119084254440395	0.0455517800072084
0.133819165620387	0.0510753044937369
-0.668287122265846	0.400711618245175
-0.486406295370334	0.330075371029605
-0.10066808939977	0.0626983659778993
0.288023471062084	0.207394090549441
0.825968445602961	0.863922012994517
-0.0862153061797636	0.038182813753959
0.141393346899153	0.074506622341777
-0.0799804232657671	0.0354186629716279
-0.270838127151483	0.205368779935878
0.018973693307347	0.0109658973037538
-0.576143865471311	0.531543601772946
0.881286403279908	0.474171043642113
0.671885995524242	0.314044506672613
0.877022348679029	0.470329226343215
0.301297157721655	0.180409611471281
0.15793317603796	0.107380422351092
-0.0850655223400438	0.0545437412149714
-0.567739526773439	0.364390367459819
-0.314044231621899	0.233585529935531
-0.481745661664372	0.326547982689254
-0.813406289122549	0.782107760818269
-0.207936073985339	0.162948916179219
-0.415586564106767	0.292825520553955
-0.414925362925893	0.291752972726631
-1.07782075058437	1.1499526400315
-0.620005530706875	0.514971340636262
0.600091304516007	0.560295759044313
0.290935880392894	0.199531377401658
-0.0163497538102356	0.0084841551443827
-0.63114457585535	0.526826884707053
0.730637139535436	0.800585680061793
1.06540501472436	1.34395326512157
-0.573890786569569	0.618302370367828
0.939358307024655	0.925343660290625
-0.0521775120937711	0.0342149950568296
-1.23444235783184	1.46962889717004
-0.144840053640075	0.103168478650828
0.298275643874208	0.178350263134926
-0.236407064107539	0.182116576759948
-0.459807439249918	0.362068183826153
-0.0611028578988667	0.0291872712048762
-1.0257840403786	0.94051810367831
-0.208568641052115	0.163098788752862
-0.207162048743527	0.141278720752151
-0.670921862232651	0.402236141930781
-0.338896226174063	0.309428957220678
-0.362754484396695	0.296548424399122
1.42956144169739	2.50128528227613
-0.714358206767529	0.638009396326525
1.50192242282042	1.27505776207685
-0.0121374191041244	0.00842374404935475
-0.490288688687276	0.571384880664373
0.169061728521789	0.159255365738642
0.0198533083844125	0.014586181895943
-0.919959523563767	0.780016038708505
-0.0413178518768874	0.0270384139791271
-0.696254578853645	0.495991268095961
1.0355229673501	1.09830755085089
-0.803152183836676	0.940480274040797
-0.679701197612165	0.719463940858652
-0.0247828232036239	0.0169129424238474
-0.102410549261045	0.0870035052367647
-0.0161504609005562	0.00840201502743928
-0.351072215892673	0.214460790104711
-0.606204476086999	0.606643589435022
-0.0368749433797464	0.0388992823347727
-0.159178877043342	0.131241155472769
-0.199267483724636	0.244045411487981
-0.0710524230964321	0.0611819780362266
-0.259036816656233	0.131345733386782
-0.126678479421481	0.117711649106573
-0.626967297657617	0.52023700150615
0.769250328651083	0.458163362107987
0.29452647663571	0.189964709195747
0.591775647531551	0.946729871740947
0.146965609689659	0.170633329666865
-0.259457191246404	0.313679248435
0.507128318322933	0.52508614959672
1.20883706030541	1.45514281971211
0.00310017769061093	0.00162663152690224
-0.0544343941389115	0.0261207455027265
0.933468842535967	0.629477308633037
-0.937293601905422	1.6085706900682
-1.27850767838096	1.21977689982474
0.124861724905738	0.0535945751960344
-0.738391052425425	0.256391693854344
-0.0449347797613874	0.0438456202046099
-0.425425950362858	0.603122801676388
0.108624408621618	0.107046291407732
-0.0944442969877976	0.0949738835125617
-0.284719397675566	0.320843577154349
0.0605566215458785	0.0625265209100008
-0.354188874137751	0.255495602331142
0.12245680493383	0.0525949064803283
0.0565420492769969	0.0379494387225131
-0.143160157814191	0.206958689748706
-0.464460220880985	0.511484758343368
0.0943927268295436	0.103092779159378
-0.171813419608469	0.167976767054276
0.638874425187433	0.452355324038574
-0.0787961705563128	0.0751280082957931
-0.236953632190765	0.182785309439012
-0.811120531772183	0.44695620480988
-1.2431418403409	0.948677238181599
-0.402916714133322	0.705515205080315
-0.32844981353795	0.476324405780853
0.558054053395896	0.886597568180515
0.0654818314201345	0.0457854427456847
-2.29955953562649	1.17846115038366
-2.37511884508564	2.17769154578762
-0.515845415223481	0.274922047301599
0.805481233097541	0.339051452837185
0.0921423704194867	0.0770480497636641
0.593054840152551	0.448245563614472
-0.359365673988087	0.104727737543846
-1.95311821772683	1.93662978929412
-1.29501851864946	0.591906870943179
-0.481254471240136	0.325674502394611
0.0922659794335442	0.110409646634022
0.0123880163529566	0.0129205350886631
-0.0109010166471987	0.0114314126297993
-0.40473706481558	0.550022567060174
-0.169976942038391	0.0617164759516092
-0.972990724461852	0.602972775420947
-0.171217820640554	0.180878595113116
0.358035745686143	0.46226327700668
-0.556973416984505	1.0034194199307
-0.89270272510133	0.982130039262658
-1.0049723971438	0.506574590675267
-1.0464197700532	0.420992950185341
-2.29929471138622	1.1783275149489
-1.31852794148928	1.82421470126379
-2.80366675642194	1.91657456641022
-0.211044547047386	0.115311249244115
-0.692977267159674	1.46360771519527
-0.314563031268398	0.338315124736347
-0.208995540664618	0.263471533947147
0.316016213911409	0.376415088776843
-0.947304192899329	0.704255089374563
-0.594586215545261	0.760695437426076
0.525109958981438	0.302234637020866
-0.810474288164623	0.447003156352787
0.0384409579453341	0.0235280222527176
-0.253422334169159	0.35083177036656
0.0563943451235049	0.0587109544173843
0.27909026385745	0.329870850062128
-0.170804717507248	0.098681088851075
-0.635651628308692	0.308966468504974
1.0524546418399	0.511237241963224
0.671617393759094	0.31428154536115
0.802281286210352	0.337872104439243
-0.367755659063134	0.358770011200073
-0.997475051090468	0.500772502167631
0.800429657445199	0.336611255077566
2.10638022194703	0.941037654374317
-1.04272005949682	0.419280018630572
-1.00176141169685	0.503164984634554
-1.50142693063446	1.05983555482528
-0.127857596647642	0.0514057458152284
0.801452247780404	0.337326448224681
-0.00701362806183605	0.0073845935349032
0.357945806216662	0.584223703018739
-0.396798217374467	0.613078260289167
-0.368500510113571	0.501498910370813
-0.172128094804216	0.0625981612410313
-0.973327310651946	0.604906458776573
1.75955206319763	0.987433265790141
-0.882115688853102	1.65837962054029
0.129120066854787	0.137798152206279
0.287659415100342	0.390693857243725
-0.603062986910736	0.450316602709521
-0.782728265644951	0.345520476880253
-1.04979134013787	1.20386874011389
0.675077824874147	0.588906742670631
0.119659425623151	0.142269138087694
-0.225725545438108	0.233091130402062
-0.61605434845369	1.01408510292695
0.266182594027537	0.311742583295468
0.971083666911348	0.789576737006296
-0.214111402671711	0.203889576688511
0.240395277646435	0.221168022954825
1.22183285511482	0.83978205827372
0.634926123525397	0.574120887076799
-0.29926255863828	0.439407344958247
-0.242741954650329	0.293527031207519
-0.235128136635133	0.272069728184897
-0.712522180937261	0.57891024787285
-0.513890324688045	0.273662882392062
0.631418545330463	0.44632424182692
0.881565295558775	0.474241349803956
-0.245059668999156	0.162290299615824
-0.652528429363781	0.819169959627114
1.09672617250003	0.981451655917268
-0.823507201917016	0.554201521926923
-1.86454559766658	1.18851922684732
-0.202778424992806	0.110259113760699
0.30016479680089	0.180267941883134
0.146372497759795	0.0894532810843813
-0.245742362350826	0.0803898319792119
-0.238399848369395	0.183817293519095
-0.220038987427855	0.283968936252211
0.338084855909025	0.430359453721386
0.0723011625106486	0.0645205922264831
0.130653458330011	0.0687828577135548
-0.414557503610828	0.175513398695098
0.482490022443505	0.303348942252132
-0.0331143695475372	0.0295863823888083
-0.43785926270803	0.562867988836283
-0.237195828598281	0.278120133864642
0.405388153926238	0.398959621835691
-0.997747673620673	0.500612126294363
-0.478849792716948	0.324327003904249
-0.692759232419806	0.492578354717281
-0.547150584038411	0.694415669639778
-0.948635376088811	1.0942229355526
0.295810608686844	0.436685411219786
-0.700290174314767	1.05340749081393
-0.198115957402517	0.207402152441651
-0.412707846660417	0.530080370528915
-0.698110965370145	0.496987169079761
0.282376003990105	0.317174459198801
0.635199640248154	0.449199881128043
-0.329317511719044	0.153288395629677
0.131976766260658	0.0631291092268192
0.0222642565080599	0.0243168309600699
0.121423828976309	0.139582281452115
0.352352073105659	0.390830691322899
1.32528757568996	1.39770684815891
-1.35229239339305	0.859899438808084
-0.695736281429439	0.494089477964201
-0.319078701424593	0.147671470782328
0.127039346781078	0.0546228640259558
0.171279226782837	0.164656506547375
-0.708365008221984	0.574619855744562
-1.53219054338251	0.553674997524989
-1.24950503715855	0.95819365898845
-0.603658614787418	0.450084664524598
-0.161151494424131	0.0586735018797939
-0.573090408041464	0.370018581091604
0.00226196515262579	0.00215191267167882
-0.0355574977925419	0.0347799833690908
-0.056900081144072	0.0272909064817876
-0.606192992593629	0.452589376977498
0.687422125560453	0.447391917216964
-0.420172224424917	0.592433098259894
0.115908864679087	0.113039085560549
-0.0923040188257663	0.107860253803713
-0.693181871568632	0.489779813716124
0.134284439062011	0.0454806903417194
0.135571700409456	0.0404808758649131
-0.994433564320153	1.00067090271875
-0.709046231765752	0.573343140233275
-0.668116417186111	1.29887482357423
0.116365686993361	0.103273813761098
0.0505570891858323	0.0444748023459799
0.43494243294372	0.483390364971884
-0.406527578786996	0.28518140420472
0.441558253124784	0.560590743663456
0.162604825447326	0.11065258100666
-0.400251673914325	0.355396524820676
-0.188824775661657	0.150485154693535
0.597387907499842	0.988180150823072
-0.0392692693953147	0.0377082137348564
-0.227297727522554	0.250446526353013
0.17556084955656	0.147712023414759
0.15169363298472	0.0928415011649303
1.45227132723746	1.44944001169582
0.00314473967921522	0.00168529858244587
-0.420712556048515	0.297120828703896
-0.622204562275393	0.66525051507716
-1.30288854888819	1.62371609867867
-1.12014229378479	0.775118486537212
-0.579628190360767	0.535919110982912
-2.05522241604937	2.19323689315659
-1.76032826717558	1.96433515112211
-0.125937257159256	0.0756372976031362
-0.231287246381818	0.25142601128874
-0.309545878829621	0.365633288479495
0.593054840152551	0.448245563614472
0.314618665353831	0.173876596048657
0.152701656217432	0.0984756627440409
-1.05500934944186	2.07300356496182
-0.444933322848687	0.575226818726309
0.014071969559846	0.0124617240989872
0.548192273667118	0.612618192329575
0.974195814449881	0.792186182363781
-0.424239028361522	0.244339634124147
-1.16917835408828	1.03130179259404
-0.147112915062155	0.120561189055327
0.412610626672536	0.407746884929567
-0.630375099649688	0.525923374712695
-0.398256640306838	0.384654942633971
-0.43652982223289	0.452551825380935
0.366266314401767	0.391692705195391
-0.568926495135099	0.610530505925904
-0.258833471041961	0.219930300366107
-0.587300577269914	0.668432280676421
-0.235331794457276	0.181329632421886
0.876242632232963	0.892908778558451
0.249329610968913	0.212795520534825
-0.572410934472732	0.527531184533412
-0.948984786947054	1.16815707532874
-0.172342244376481	0.153332048370934
0.0276651646246187	0.0216182406966861
-0.397806971753791	0.352224944725837
-0.862413365500659	1.23385268842577
-0.333200303219727	0.326029416073507
-0.812982548263942	0.713584743061204
-0.10066808939977	0.0626983659778993
-0.809200994950915	0.445632126891309
0.633251219704196	0.571563269374886
0.160964450871285	0.12266936583053
-0.502184952544522	0.508760225123996
-0.724970578432043	1.00221815766843
-0.375360852020316	0.418184476435153
0.588599022997921	0.545293405702104
0.330665173981539	0.313229657011127
1.38133175873962	1.8682052743044
-0.598905708410118	0.686507796478018
-0.522088383471398	0.605414662763624
-0.528737187360304	0.496896128942501
-0.616627357384661	0.656654385489989
-0.20851649915057	0.113585825748224
-0.185417566866449	0.147628292359122
-0.460508985764272	0.363331278491541
-0.291354488510548	0.186183341862483
-1.47576746058589	1.33913239143597
-0.692886730314707	0.492423185964166
0.434310623348209	0.312865021801662
0.561960523799162	0.612079993429477
0.262953516536987	0.203821055429123
-0.137746987900449	0.100673502413266
-0.209927098880088	0.164314476953438
-0.000382487777545409	0.000100875889815488
-0.418689739088561	0.24006975953178
0.375813152930812	0.168875781639582
-1.02328988377383	0.935370230826978
-0.531022639423912	0.498811975761887
0.168172728449167	0.155056411181573
-0.617960271815965	0.658830373773221
-0.571663246651929	0.615239194768057
-0.0113997502094719	0.00791237616667663
-0.261144187960863	0.222636852409266
-0.496760593926406	0.543477027394541
-0.684034143484322	0.769481537162375
-1.27076071344455	1.84900781881692
0.131903048520035	0.0566346660532955
-0.124569937655474	0.0501563108687718
0.36161322631375	0.305574879399041
-0.534114660936135	0.579028427145897
-0.381394635590013	0.401294012006575
0.264171398442001	0.212740784879055
-0.351680415641253	0.214629120620702
-0.208604953876079	0.113647370706861
-1.02115170810877	1.24126075117116
-0.40778489052981	0.328331424488545
-0.935543936262769	1.1438964056994
-0.410160920476013	0.429027970546166
-0.162640239305037	0.131085764226263
0.166911599946047	0.113627317785857
0.0331325982956279	0.0203098003582599
-0.0800083820698399	0.0513148184614459
-0.0836707547885627	0.0370230725246624
-1.67589037336277	2.68142073941329
-0.413761434958365	0.17508532022509
-0.56610483406086	0.36483088074061
-0.521729637442029	0.488316824054034
-0.314109211853393	0.233818007296752
-0.305140054044533	0.226051621712155
0.166903746594651	0.127615190697608
-0.291355036573748	0.272933443840666
-1.49251550051433	1.05360657313242
0.383876582004026	0.172370700785179
0.285645240987361	0.194775642043871
-0.577021667271466	0.533440772107937
-0.369017703269274	0.360034038927457
0.671263214313737	0.769457646367732
-0.495593188787778	0.428628615124362
0.389892946454489	0.307234489242269
-0.47647304484236	0.49158437122183
-0.573130889575082	0.617080565055323
-0.600030362234832	0.598280843389496
-0.367917894368281	0.107101339671787
0.12845890519089	0.0491078051730474
-0.423394547068522	0.24377349253437
0.0406226644657405	0.0248063198066591
0.427273363717738	0.411702652146193
-0.302854506092127	0.30517065823357
-0.424583322821833	0.243709246372655
-0.786748384546598	0.347623898535113
-1.85219007468335	1.1778386619725
-1.27553339126215	1.21215890731186
-0.36339286133703	0.353119388427391
-1.00366652582866	1.28283660873558
-0.49295166285942	0.425020506693173
-0.414899639193396	0.334651364178039
-0.804914949756301	0.770725972934362
-0.114990674474535	0.085386404670868
0.464894187367272	0.427194711881986
-1.3693532309414	1.79169473699333
0.407966810479639	0.307992473989137
0.00444420064264444	0.00233391821835179
-1.07819507481161	1.15079608747568
-0.0864598493897534	0.0383093062416916
0.802396290093584	0.33767488408751
-0.348692526134188	0.212285034092682
0.84515499556466	0.621516136036459
-0.497331650017167	0.428253542318224
-0.323282979345221	0.268128774056151
-0.525119176359203	0.404649560908996
-1.86047508139149	1.18687010247313
1.33922227165505	1.2281470766561
0.286178711735415	0.195765587577065
0.135567915835063	0.071270388942571
0.397886533593238	0.401492988501552
0.261561149647343	0.210469988951559
-0.233811855177835	0.206436537097168
0.268870807423858	0.217149941534609
-0.26732726728297	0.201616325101981
-0.787293285225393	0.347830224203347
0.137049883482728	0.0408453847208138
-0.423389942196307	0.179362958446123
-0.404074561973254	0.324418366110134
0.0950957330967445	0.0779330866027559
-0.399303223814661	0.35316427050255
0.717298412113659	0.596309601694017
0.420167200268719	0.168576620867564
2.72320518691971	1.67385003611178
-0.360025170653173	0.261404385967404
-1.2081604839221	1.26491662555088
-0.736978853517156	0.821303463660041
-0.122182942711761	0.0733364217810468
-0.562803723090473	0.361275222064066
-1.27524843662547	1.2152882570266
-0.298756594321141	0.273534693868018
-0.143970709150731	0.102474938563801
0.977184718721116	0.794566193015522
-0.31212794999727	0.232321857508988
1.02259212061632	0.388312776500153
0.32178056744061	0.177983369632597
-0.536354313754785	0.205687389529939
0.520912376479095	0.298805150504728
-0.599652042334828	0.447107315089035
-0.0781157012092489	0.0345634672023653
0.586133830909816	0.442204588775541
-0.599861524690722	0.447205212856043
-0.164387942822071	0.0946748838876151
-1.5125459287448	0.7795227654022
0.130744221929315	0.0626632101184184
2.24968440267543	1.7308674221447
-0.00146742169054343	0.000781154339934993
0.774723209069228	0.732136928647966
-0.525600238131722	0.404213555790175
-0.165890440720782	0.0954502273110121
-0.665340409846432	0.658451113433074
-0.787558915132848	0.34862507972379
0.765759604151231	0.4550179422279
-0.0539765657800072	0.0259109611399737
-1.36381485610062	1.3868720856308
0.159814841156593	0.108719342455021
-0.00596448111773014	0.00418535924068839
-0.571506396315348	0.368313940170631
-0.0822218841326252	0.0364909884126464
-0.323747067504095	0.15048148321795
-0.814174791691304	0.545741864693927
-0.553573364428318	0.469457114766216
-0.406970827359452	0.284739005036484
-0.478099077373834	0.453238036151701
-1.18088640849188	0.668647972183957
-0.552171899522312	0.469473304172373
0.0181770061725419	0.0105337488453517
-1.62873919814461	1.26550792843023
-0.948021288631545	0.70383031278481
-0.7389639873091	0.256670839118185
1.43602101245823	0.478148523404795
-1.18088640849188	0.668647972183957
0.764808199377226	0.453999127171769
-0.0722662872372854	0.0462133760977127
-0.123585428534646	0.0741791939953731
0.759975050188349	0.594387781887732
-1.04504330162185	0.420310634398934
0.135591368823381	0.0649221258714575
0.127039346781078	0.0546228640259558
0.684360888173896	0.4461432804036
-1.08072145238029	1.15682401504344
-0.0866874895275825	0.0383942253461441
-0.971253141709192	0.602203052088644
-1.06853300907332	0.869177563199301
-2.29929471138622	1.1783275149489
-1.04698922224577	0.421366979566404
0.134993392187805	0.0402831505348415
0.65469668159777	0.207920986734369
-0.976432901435878	0.607151397303204
-0.143348319584759	0.101882430230104
0.0726856543881519	0.0508714741935883
0.13187780450232	0.063130295057045
-1.19115468969396	0.675074666146789
0.122323457038	0.0468068087606287
0.966535452049737	0.782985857455179
-0.812591715379058	0.712909038072966
-0.422878944402051	0.242605884796205
-0.251922177807317	0.167352624682408
-0.742753785982603	0.258086652205378
-1.53073128975546	0.552070871461178
2.24565007873366	1.72604317425697
1.06109786076104	0.647283928512055
-1.86506042044552	1.19302090960691
0.337423728732646	0.169081415528796
0.317167323605302	0.175094543657857
0.139373629020068	0.0264474830594518
-1.5375444255416	0.556007810250909
-0.538440187846927	0.206758866526095
0.284394596596795	0.193797412257711
0.519642541159669	0.297628868829783
-0.025070657537287	0.0128441336812748
-0.739163681481372	0.82413297863941
0.126346136685917	0.0482983004587781
0.135344827059028	0.0258639507496658
0.150004967546857	0.037720852406733
-0.791745678755755	0.350963339322673
-2.25887334293864	1.91626103376831
-0.297969101686887	0.190614829182222
-1.00232952128595	0.503607892077094
-2.58453548475525	0.676764203908389
-0.237176848830075	0.0778020280962772
-0.817941059368385	0.548946834739911
-1.5081031271544	0.776833803061459
-4.97866950441115	3.50521115157095
-0.810154906927849	0.539011450707752
0.127368387880844	0.0487264991670796
-0.0268849730240201	0.0137554574201938
1.34544504964436	1.23850078406182
-0.0976809068796141	0.0607749089685749
0.430485762153355	0.173362486516208
-0.365558606293867	0.106312944290692
1.43657196137551	0.894571483632581
-0.0774679829380209	0.0343674040113728
-0.0213657041399011	0.0110066228516749
-0.793098515782442	0.351690335205156
-3.09447285673231	0.961828946915894
0.650444653728205	0.206870989076807
0.878320749629904	0.471562613797633
-0.524323817056518	0.403020391859779
-1.53327386150544	0.554071585244721
-0.677794074973845	0.717561456225386
-1.18518562190076	0.671777571048883
-0.668740398324755	0.401129719517801
-0.416151103839757	0.29320962151665
-1.5767015466471	1.54442245787105
-0.602659444826914	0.44978361671801
-0.539003042837417	0.206891853429863
-0.787825204296024	0.348755440723153
0.128209834564617	0.0434124098725017
-0.418311865323395	0.177293576741684
-0.644388443682788	0.157000626677781
0.140184451576725	0.0265585662587612
-1.80379071234984	0.398266610487963
-1.83277758245026	0.754444070298794
-0.0544176421622331	0.0261022652097864
-0.522183101902769	0.401792337373683
-0.599581373876537	0.446755080195428
-1.8399048261413	0.758450988346558
-0.0492119711679631	0.0322644995036851
-0.146874290497015	0.104721181698643
-0.751162514413557	0.938826058532161
-0.289961111322239	0.244355685550807
-0.738629090206008	0.25643862371353
-0.116033719222949	0.0467572714803211
-0.252331975911712	0.127425452861379
-0.603466596283421	0.450732479936656
-0.416466624325534	0.293641072553474
0.518041920294969	0.297327512194329
0.513219052715781	0.184783577478651
0.14103192177006	0.0419706320314239
-0.415880213118191	0.176088333213337
-1.4916103207813	1.0477665308932
0.142727172563101	0.0269105320645235
-0.738055403900028	0.256318943131305
-1.06128773814261	0.860731365027468
-0.163517989375334	0.0941707140123033
-0.24710159712467	0.19157067569449
-0.676152271573837	0.406803771307876
-0.544114473045216	0.20913830975888
0.139052763408547	0.046964738842049
-0.124064151874363	0.0499563084162275
-0.866363639277977	0.935268006510795
-0.269690761606463	0.203705780764995
-0.216960946403919	0.148530305082085
-0.613352913413337	0.650927675233111
-0.78918254545158	0.348950710156185
-0.237747525916144	0.077958682705542
-0.242900926341604	0.160677388334789
-0.168226763261124	0.0971166168824291
-0.697343885843857	0.497150187975546
1.22377450758216	0.841135468705538
0.524198155948949	0.301744567554246
0.651349240994328	0.207129762624853
-0.167734705918524	0.0611523983971872
0.124952234774902	0.053702608099986
-1.47520565735525	1.34025303331284
-2.09059152506555	0.968842590571424
-1.15019981108223	0.352703694647943
-1.83277758245026	0.754444070298794
-0.925289541575896	0.787909574531526
-0.163105144813379	0.0938952325139926
-0.977734680573789	0.608475510538094
-0.627776481458223	0.304902086239894
-0.171459560951733	0.0624735259319497
-0.640371350344507	0.583181965360313
-0.308455799745163	0.228964331535271
-0.367012159161167	0.106980484577588
-0.20636100373496	0.140742174340959
-0.0315228122056414	0.02113692153099
-0.716005697233021	0.581567106346258
-1.02617990988859	0.940778868737596
-0.397957792430577	0.317835150996186
-0.439736654315674	0.422334503288336
-0.0535183520448505	0.0350375038653625
-0.423893192458912	0.243839851337407
-0.354416420805035	0.256950561551004
-1.85529076856824	1.71557329306446
0.475523506911649	0.297874774143721
-0.0826508289649376	0.0366176516110638
0.125002869776243	0.047773010614887
-0.0740301562172639	0.0474225960889404
0.526290817310736	0.437293130951059
0.0134765357572699	0.00790118456009129
-0.62557678417543	0.520794134981003
-0.169774564157536	0.0979544908581123
-0.12247362403796	0.0493446725033237
-1.36954292724255	1.14913899624508
-0.677609630112791	0.406541114619726
-0.82094204750307	0.642434983627566
-1.29037352100707	1.43213438075817
-0.243781936038151	0.161220604873043
-0.551048924956761	0.468038487747977
-0.550274015961554	0.466586480817679
0.022012132282239	0.0127153616474241
-0.128622579394497	0.0772010551444856
-0.357628040105921	0.218782166246662
-0.370211877320469	0.333598244548644
-0.151966741898677	0.108483770925778
-0.288754567515707	0.242979068906415
0.122671652034998	0.0526898037420704
-0.698902675492077	0.49751551030815
-0.261386309857542	0.132457381237958
-0.511688134628304	0.272694362663271
-1.34840251695369	0.854162434156937
-0.243786226422074	0.188661471744292
-0.213881798331635	0.146368321677605
-0.350511062687319	0.370649013463611
-0.273432351012979	0.207517704795108
-0.206771012482802	0.161930202297503
-0.236193762352411	0.181721687103123
0.160824848829772	0.12638116994353
-0.0701040936493817	0.044802847655889
-0.299480553679647	0.300358181514668
-2.00618581130363	1.41729171372677
-0.0459003691582282	0.0307660193515195
0.399791381394278	0.454107588091263
0.267745948226874	0.21617883011261
-0.699836572081668	0.836434157587686
-0.971747523214341	1.05112461317158
-0.936909814085837	0.79918763214404
-0.354813276753149	0.217068158002034
0.0695112239176511	0.0485322860989855
0.0584476773590755	0.0392645916136151
-0.808879920900978	0.951812069600972
-0.745012920467898	0.881902282174351
-0.804703016466049	0.832595026280633
-0.74311861012279	0.921379656997711
-0.716248598299734	0.641088849942473
-0.377430711759487	0.370328786007023
0.021542694939945	0.0124427004107878
-0.267176077052558	0.13591841993887
-2.1348532559063	2.40730043056608
-0.675782184048766	0.406440799141726
0.452340145294713	0.305992322018335
0.332323883857554	0.165568259178185
-0.16457126664157	0.0948874844529693
1.0532638017419	0.511095293042443
-1.1833751935365	0.670032176004978
-0.319728462954851	0.148106014914697
-0.29877359649719	0.191615895298309
-1.06484559763342	0.864838957454763
-0.566524656399107	0.36509340439631
-0.293506021224552	0.187775216954666
-0.789460915420932	0.349359125409294
-1.50701639972444	0.77640312788577
-0.163276316270233	0.0594422712339181
-0.353943534063171	0.216594227735602
-0.362166381635235	0.105626912484328
-0.328512567410627	0.152882934099669
-0.787013983945816	0.348297448415918
-0.512950289642425	0.273372069632629
-0.295879010729144	0.189206842552647
0.262739845549289	0.203862525235836
-0.267435603055808	0.228750541357374
-0.918903577970462	0.779778396671695
0.329332221036627	0.164174122213553
-1.50407258663811	0.773202804817807
-0.550319330032312	0.466902154521797
-0.997445512580581	0.500209770567961
-0.634853088102568	0.309008180667536
0.0789110638340507	0.0591607572743884
0.0636180686059313	0.0443521796659248
-0.41089583932165	0.399535180010935
0.0562763761780294	0.0496693537336976
-0.171365532677235	0.11944472172538
-0.35421143081244	0.288593718459246
-0.407151405241005	0.327279777371116
-0.326600253440071	0.15205844971033
-0.524530492667935	0.40305381371249
-0.804890288408098	0.443379003162437
-0.408134700052085	0.172138660446434
-0.818898445545074	0.718861029819355
-0.501354363550963	0.434630671796753
0.0544072729010717	0.0349826714878223
0.0767570142334972	0.0538536198043853
-0.211889917324462	0.115735653958067
1.30925947150867	0.574216413367679
-0.946019328859711	0.703333565895169
-0.498122808473003	0.430900215606967
-0.644388443682788	0.157000626677781
-0.424140416007495	0.243485036416162
-1.53235676509745	0.553502300358264
-1.29344278343992	0.590245914120149
-1.18817024161391	0.674901362088127
-0.360754116151821	0.2623544141879
-0.313356190929613	0.233380855316629
-1.71012409254138	2.51505586016803
-0.335981678144732	0.306337526405376
0.127022328643685	0.0607773445202976
-0.163958399127485	0.0944174626581365
-0.806988223814294	0.444312271013779
-0.71788110653831	0.64282640391456
-0.240882528791921	0.078904451336732
-0.988935879137044	0.990907129986579
-0.396930807924991	0.411924306432937
-0.365018622791461	0.328491469155509
-0.246064856121117	0.19059886999505
-0.353208909215807	0.255214709735572
-0.215169469627159	0.147150348198291
-0.986523876103742	0.98605836645233
0.0714996865905437	0.0500132637858738
-0.430453596640445	0.410424685898602
-0.810320150025611	0.541098069293763
0.892177120181633	0.771176819736213
-0.67881466770692	0.407310167998961
-1.06452203925144	0.862826569194153
0.302701420386564	0.195781171652301
-0.359365673988087	0.104727737543846
-0.361622063644185	0.105340752849314
-0.0213886904962738	0.0110238927597154
-0.904782437173484	0.846803765451203
-0.243764577644916	0.0798103968979659
-0.628962005303292	0.305951356252255
-0.516316225195004	0.275119017843791
-1.18140407570658	0.668141249034311
1.31304524468309	0.575330243550069
-0.819329772586813	0.639513860228662
-1.69372803704822	0.971560882630988
-0.66986969731089	0.401533702363854
-0.325288868936779	0.324503742443159
-0.638140990136288	0.579669886042809
-0.735054598144899	0.816385309957651
-0.298304835162026	0.19115986898217
-0.970897196257489	0.603891982254358
-0.252073826038026	0.126893684577407
0.149889420844211	0.0968306603287345
-0.639508294535382	0.581931884845888
-0.688045378495582	1.04876948851818
-0.572820924573875	0.616048924360273
0.0942570062007416	0.0752016439801745
-0.355569137467643	0.317638083247119
-0.617595087266728	0.512248596531395
-0.359620483380731	0.348474236873905
1.07821839930263	1.46341930612075
-0.0370035598905625	0.0294452759896492
0.0555790393774683	0.0357480075744075
-0.253511326751656	0.168694255244904
0.0198281693629171	0.0114713518887423
-0.0317612715629621	0.0161675415659711
-0.443764877877234	0.388319406226266
-0.337852148564825	0.401020456972147
-0.0960980286247501	0.0828212927127959
-0.623533437008504	0.792176901817059
-0.0335316998516464	0.0224832485357035
-0.271529537791384	0.205794232201759
0.056157986130377	0.0376657152561102
0.00713927266452177	0.00530787285977241
0.650875608390552	0.762002305483925
1.02543616333135	1.41083734115947
-0.493110567944572	0.537460516087385
-0.524249366705329	0.403763891596429
-1.21499129668441	1.27615217743441
-0.468281825121463	0.480600060801005
-0.447254256559137	0.392485894202086
-0.400251673914325	0.355396524820676
-0.264924204692498	0.226677885078272
-1.17319932062956	1.03678904162857
-0.676152271573837	0.406803771307876
-1.12075272707711	0.776209229041622
-0.291023088100729	0.313906019338326
0.844035360228168	1.44087522538665
-0.314868572271438	0.349023067528414
-1.02587585606669	0.94041636348285
-0.0806911211479781	0.0832773888644381
0.269142327862154	0.321148539502157
-0.1439199740736	0.14459622566791
-0.0861047120415675	0.0381519307365012
-0.174333820569483	0.121649638893096
0.0915267667458437	0.0957918626966993
-0.100805634088772	0.101727030817689
0.106506962434341	0.0899597064464444
-0.321250497294144	0.357656605947462
0.31132292192391	0.171541076890993
-0.0511250592168218	0.0394567065271697
-0.349781327077686	0.213615730243542
-0.227609752591144	0.265472059831188
0.170226919168172	0.170222532562421
0.0125651812280938	0.011842424360822
-0.360025170653173	0.261404385967404
-0.314304744976158	0.234091362085734
-0.354855222082897	0.257156295203728
-0.202567727548846	0.137861916297097
-0.328998711203005	0.153120897504069
-0.571691105831406	0.52689430556998
-0.396667289472753	0.411669388748386
-0.0509501415288986	0.0244770370817886
0.0597626771605025	0.0384536537202634
-0.966421131425834	1.04465135416901
-0.0957431129049273	0.0703967480940198
-0.603289393270287	0.60239681197904
-0.0262824555630334	0.0134544194503971
-0.529798385672702	0.408563683857889
-1.36510888501746	1.14531051804411
0.050791494915177	0.0340551718090621
-0.0506066838490511	0.0331649118611688
-1.36948825693561	1.79519030888659
-0.639109781490108	0.581069645711406
-0.606793574167138	0.453503057900218
-0.558407022190499	0.475696157134352
-0.40921798122048	0.329029427471318
-0.354813276753149	0.217068158002034
3.1686522813833	2.57428347829661
0.426509628253346	0.171575902443478
-0.327781004312426	0.15246966295957
-0.377858310925873	0.342079911178427
-0.623484586687404	0.302800553007253
0.578304703272903	0.432317511989095
0.00483361092589921	0.00251961384737835
-0.245156929427849	0.162372070772759
-0.642444696553983	0.586021533189419
-0.194793596441747	0.155848466130327
-1.29770386628742	0.593162801934876
-1.01862032766462	0.931477838709861
-0.238524654181754	0.184101853435094
0.00387291442969187	0.00295009142976172
-1.25959132748261	0.965875041631548
-0.728403846235456	0.757065834420858
-0.506133614341062	0.61912957830622
-0.909433835992203	0.856922077939313
-0.238661386237217	0.183757500723535
-0.569824230790826	0.367670777317855
-0.490962033429237	0.423601327641401
-0.124736176392075	0.0902604083069726
-0.45639081799136	0.359247191709654
0.00564567567316517	0.00294495119268104
-0.809597329090026	0.839646923218964
0.158143704756244	0.107505227425796
0.735855760159183	0.809610736678359
0.290950177782024	0.187054861986535
-0.312911595244204	0.232640314842503
-0.585710733275436	0.544060505460216
-0.40754260161798	0.396054579278304
-0.270001791219375	0.137293794870631
-0.691233757499051	0.821269696153895
0.0476807499010076	0.0306517688287797
-0.705476114587553	0.570519128658496
-0.126414532695732	0.0759565310424735
1.25313507705548	0.690925092944883
-0.329094468580607	0.153485560574559
-0.633551783082171	0.308246741154595
-0.813690685648307	0.634207275825658
-0.236305907551276	0.0774158597277084
-0.969166176747268	0.600808681156474
0.337565419310773	0.16870015582955
-0.415680134547263	0.292932037096723
-0.363223206959402	0.296902482277432
-1.23739207149808	1.47591282590983
0.64169244049587	0.748393299874291
-0.176938491295383	0.123527503990389
-0.077562726355854	0.0497044416276113
-0.707287733579662	0.571097136955136
-0.211796191323826	0.165909086350518
-1.12556277328506	1.35973596173371
-0.411617366377803	0.289878127055683
0.521755168374959	0.300388766163473
0.136370194837747	0.0461713984476248
0.12258702648927	0.046788662149889
-1.69448266591189	0.973727404261541
-1.75594859687465	1.9587166127363
-0.284705191660873	0.181231093170283
-0.421334378420013	0.24217166518625
-0.363846265608676	0.222690153255573
-0.250353659203955	0.166006715930359
0.371606476441863	0.16672745564024
0.71333016210318	0.593567700494632
-0.0747859534200774	0.0479123927420606
0.164708700028315	0.117019332270952
-0.427995683243534	0.246428763687643
-0.555863691040339	0.47243149167055
-0.603870272960644	0.451035807397608
-0.364383797836746	0.327156574964545
-0.290365119602046	0.185727512052039
-0.0788870536016023	0.0505164445081148
0.637343020966801	0.450941681812049
-0.0827248743193607	0.0366231336985067
-0.133860294658921	0.0806224404497158
-1.12296569952514	0.779307235267259
-0.54952924271655	0.465276279565656
-1.6238253701095	1.26124871604959
-0.817919788717876	0.451283757797607
-0.132870504256214	0.0800041923423848
-0.266053355918599	0.200874267404718
0.514612157921993	0.424089854183339
0.598475067010123	0.452921815946541
-0.0999213820005567	0.0620901309989701
-0.489732527569727	0.421622787893825
-0.886014756527577	0.902835369574694
-0.208665230180913	0.142088964594832
-0.12718321128592	0.0924516583498574
-0.785979855707481	0.34735595560074
-0.297705440565231	0.191146683797202
-0.810150432537075	0.446867569420495
0.129512755784944	0.0494264527007234
-0.354181543321082	0.256346779970743
0.163526684609234	0.111320389952978
-0.327673403793834	0.272716360705592
0.0451760025543895	0.0290572173205812
-0.307203520994003	0.283048140385628
-0.440331471702949	0.423028423771034
-0.604122806828127	0.602921439422949
-0.330088927124834	0.299985283914407
-0.258095091652056	0.219741727207057
-0.804156321777627	0.44179170210436
-1.18472333615586	1.49917130942331
-0.277677741513517	0.211002334292087
-1.36179450974671	1.13860867055237
-0.807243352723924	0.704009456476082
-1.1148254364377	0.770236513330685
-0.805857661586363	0.444252595919224
-0.176895952433542	0.143784077646459
-0.0500671977450772	0.0240523293384896
-0.238535498919549	0.0782368452146959
0.428884876273104	0.172685936510533
-0.947587973894713	0.703748917023361
-0.904067824906639	0.850122166979683
-0.285670693870639	0.181616559584511
-0.81407192410919	0.714731270312423
-0.817908808098384	0.547524647586896
-0.297369921544407	0.190793803413121
-0.000833071045752894	0.000432598173764172
-1.75346803906399	1.95332392328291
-0.705872771403249	0.570911151339101
-1.36137072301035	1.13783898939683
-0.605313889614492	0.451717408185309
-0.567372936723891	0.365560422922633
-0.233387135509462	0.0765198473617531
-0.975390633209517	0.606891452354238
0.127632326063365	0.0547626704571631
0.372399343899737	0.167140159545225
-1.04520169383577	0.41997620954414
-0.235735416566093	0.0772160964519024
0.762569705028303	0.453094907806685
-1.12258869049289	0.779354444218934
0.282082803482059	0.202602448466777
1.33933448326875	1.23073752680456
-0.923477967058442	0.784336172231768
-0.26307155450646	0.133790623855337
-0.0387269544557931	0.0259468130543799
-0.349973624025638	0.213494193694072
-1.04318630722671	1.18886418663239
-0.473967795140536	0.524899947439763
-0.644110594666865	0.89314741887772
-0.253217107500159	0.214702239997096
-0.730971711786096	0.713590600274381
-0.467486226432966	0.439767113834694
-0.253552773962921	0.168592864261048
-0.0839878828407929	0.037152443352735
-0.631064140132954	0.307206484600334
-0.813389546274975	0.44945820776594
-0.402739523701195	0.323071643190737
-0.299056567206155	0.192096526230337
-0.0743156844102708	0.0475892032871591
-0.746480385939584	0.259149400296474
1.5987581675576	1.11509426440684
-0.943607249471385	0.699112399731525
-0.0756247079303087	0.0484037171642655
-0.48297953014035	0.327878714276818
-0.238674239170179	0.183963384945869
-1.45925478327748	1.58425558391839
-0.00208347737070807	0.0010721340569289
-0.533871240269195	0.580273882481248
-0.26902167152125	0.230497562523442
-0.0902551316794046	0.0679204189558457
-0.952623166345983	1.39776885087026
-0.714793565604627	0.982840813327862
-0.719141985318908	0.64176497212382
-0.280602860488849	0.26091426974088
-0.0273061637174665	0.0139603909919245
-0.168000685961785	0.0967424703724173
-0.696216857079641	0.494334877302987
-0.209432456600208	0.142801268963645
0.460878166273306	0.422827000676694
-1.36510844934615	1.14289137627543
0.168138583094638	0.114578516552574
-0.487500066591069	0.418896663406883
0.767456981416916	0.603160908526762
0.771673721071029	0.72684085221626
-0.082407761567572	0.0364893697563982
0.283075906608594	0.192821157329924
-0.52561231807854	0.404494595461866
-0.20824844386931	0.142058749671909
0.0692985000980282	0.048445852371886
-0.00667125921493261	0.00467109813890425
-0.923024895845048	0.782555352458987
-0.461006506964672	0.363923879445454
-0.222137394817635	0.195119963993523
-0.88074621940675	0.965277006079341
-0.403331243902955	0.323226635005097
-1.17258791544917	1.03295279427737
-0.482665258939222	0.559511512027404
-0.00797610747283358	0.00556240456474466
-0.039954081649714	0.0358519366235309
-0.164107968486586	0.0945660765977754
-0.704461348046537	0.568685942600647
-0.460741270553597	0.362966787606324
-1.15225618541572	1.29971131933869
-0.510437120413795	0.825058925963626
-0.129240487356672	0.118154092841945
-0.718925761548248	1.02928486240199
-0.173319085573493	0.140801224305893
-0.137850470457616	0.133131275350485
0.16422646914618	0.121196951091875
-0.169103038261622	0.0976750159591349
-0.186666165098454	0.167522734070176
-0.389126735661905	0.486396607408897
-0.221767993004191	0.242945428093575
-0.118673041305441	0.116553237268345
0.16775239181654	0.123837528533665
0.519555844672195	0.42962238781119
0.136521879287965	0.0653982312527402
-0.409008669922395	0.3294679209335
-0.912328359582514	0.860463015305737
0.17347872598873	0.160623062152417
-0.413082755257061	0.2911814278211
-0.624320159318447	0.519944477276912
-0.361632519752953	0.295956310007229
-0.753469489669517	0.895225910730346
-0.668774859107088	0.848412381024756
-0.293301812635463	0.293139639052935
-0.363418227796707	0.353139424960856
-0.593320035627287	0.678628548480813
-0.637548605223446	0.72299912088738
-0.807125596670844	0.892780432643135
-1.37067024448552	1.40085896121575
0.00467292098139802	0.00352497176720022
-0.36660491292115	0.300217047263401
0.162715438543518	0.120022778209427
-1.15139057705682	1.29722169094517
-1.53763276013278	1.76719791024724
-0.00383532892537924	0.00199251939409464
0.278042663183817	0.199175721121606
0.0498419320253369	0.0320493044326178
0.267766810414138	0.208360765199433
-0.400321152416375	0.387343528344399
0.323098940414273	0.313053246586252
1.13193247322743	1.39519173346562
-0.887023350785652	0.973174652819367
-0.484971990495261	0.461207113385039
-0.549146504483416	0.465436422506303
-0.809393254488187	0.838466539114814
-1.75341637685705	1.49451270564329
-0.194780786793445	0.155852752206404
-0.671475113423741	0.710001504510758
-0.418689739088561	0.24006975953178
-0.518641398359004	0.397951249515609
-0.415139608653418	0.292712027502394
-0.397300639120265	0.41256228831179
0.279068734075667	0.307161043374731
-0.62234280060159	0.665311759261144
-0.354365470453878	0.288466325546432
-0.120295244528641	0.0485077000078596
1.0245679516075	1.07776868070751
0.0338562081327195	0.0206893796178238
-1.21099685365676	1.27147474942741
0.140210488911627	0.0417260592948838
1.43602101245823	0.478148523404795
-0.419579759438471	0.295375585314304
0.678803684700639	0.317117925587993
0.76662503333635	0.602831165322536
0.163419468173416	0.128447377755367
-0.368312631222752	0.33235011008467
0.33976559702631	0.304327587921136
0.162509823681259	0.115408139316932
0.161287777767074	0.118784431021608
0.773193249030169	0.830222878258906
-1.36783550364358	1.79029730615847
-0.380054331841281	0.373186490539553
-0.535025664686929	0.581383398873396
-0.813432400516697	0.636187583229957
-0.968356830574868	1.04824681515154
-0.58674793321375	0.747229145126573
-0.512963614677126	0.591213977745703
-0.452093895044937	0.396688628764886
-0.629412538442006	0.675292011561461
-0.409476577989567	0.365562125950182
-0.979799333773772	0.610188567526422
-0.414302932155302	0.175032334301047
-0.819683954105794	0.64183759574123
0.314538503449382	0.17365437336346
0.462419488297366	0.424955139482428
0.410469431261036	0.310831173674477
-0.462796926014523	0.36483731278446
-0.350234543562738	0.213950377405786
0.374521285990287	0.168240081697029
-0.561932157356934	0.36051731761339
0.767492651332691	0.603465404103166
0.161119594308682	0.13046166501914
-1.22647879352063	1.45440960039807
-0.21856474840554	0.149557638294199
0.384662553589786	0.315654016379779
-0.79728318033331	0.819428836591607
-0.217675144493959	0.190646795412552
0.258368700350726	0.221539395855058
-0.148312052411784	0.105623534168157
-0.185347852892231	0.14754618220342
-0.75416785638747	0.944134418814523
-0.948867787875057	0.705325458486978
-1.11734804685294	1.56624673714028
0.228165938285506	0.233291194091099
-0.460964336571878	0.571878373299191
-0.100856402917267	0.0949406166481569
-0.816311675534159	0.964877513867893
-0.592277851607917	0.756518674720907
-1.20485105133927	1.67289424236377
-0.92577052311758	0.78900302760934
-0.920823415896092	0.781818661326055
-1.11017523839178	1.08491849145992
-0.625556510097217	0.670065524032133
-0.368263394263439	0.331847732537172
-0.32112278924593	0.319476493156367
-0.679655999092576	0.720702270689346
-0.234759231570996	0.180609650519991
0.0753504547050555	0.0562525926006485
-0.413194296558735	0.33305043572728
-0.870368823066858	1.01305102916192
-0.168901691557673	0.0974282902157682
-0.80794065431373	0.77430671675634
-0.66574642861378	0.658574399351439
-0.742023946446395	0.829801128762919
-0.608071516348511	0.608540116969836
-0.35543500946565	0.31765035974229
-0.122038447261706	0.100586247971987
0.00263365397155521	0.00166044993225022
-0.00458134245882931	0.00324255146144708
-0.875217637420921	1.01603396781615
-0.469654738136836	0.482521625067011
-0.987569465085065	0.988772026023913
-0.733233849256764	0.767585200171377
-0.313572823749432	0.233077156948172
-1.04889142412195	1.5595761154781
-1.10981077180437	1.32285697647632
-0.20966445015551	0.143100861131216
-0.433728505436379	0.448538228462587
-0.807067184718732	0.835214238982133
-0.99588820150559	0.997025635061387
-0.42327554241308	0.29865640201701
-0.999910727807672	0.502761568850451
-0.539003042837417	0.206891853429863
1.04819021147158	0.508591595769797
-0.0918599105861712	0.0405416840918162
0.716540537703251	0.59611190664705
-0.424583322821833	0.243709246372655
0.15310285564855	0.0936131734247016
0.518471759425946	0.522236689252022
0.154443689787494	0.100002455293866
-0.538714119684408	0.206903909568311
1.01630401569638	0.384821506664436
-0.0833281245430227	0.0369538792562086
-0.00123946094873348	0.000644221461553211
0.559059136663875	0.445554881222118
0.152555975177964	0.0932098860962164
-0.645305981392294	0.588359156116569
-0.130907637492751	0.0788394936815923
0.839388960444871	0.615931229767208
0.599573268759407	0.558713412456807
-0.167000598586987	0.135059210224853
0.0101736146053416	0.00717290406752241
-0.245106641262507	0.212911020544467
-0.412297340003204	0.28960590250657
-0.564482023443831	0.362650219413863
-2.37225012101525	2.18120529389093
-1.0023013247753	1.28926507953353
-0.510573038720783	0.271523601796865
-0.742182711888573	0.257807372285815
-0.806665027683436	0.444806365814789
-0.629760757383075	0.306527018012954
-0.316307368386731	0.292775346991141
-0.0359125115982936	0.0285651005752617
0.154883514392946	0.0948699242167653
0.00329510390683911	0.00233793769893
-0.123419071349212	0.0896631101867192
-1.20460387611867	1.26068520443462
-0.211044547047386	0.115311249244115
0.774315565186234	0.461856338196739
0.630381566958332	0.445027727539075
-0.160061280688517	0.0583136921813335
-0.0535921995337516	0.0257519677510544
-0.598844533018364	0.446077359167432
-0.540021211439973	0.207221505212573
0.424508041202761	0.304898665287767
-0.948886620847276	0.706611794821881
-0.173180401603253	0.100029076474376
0.369609597440143	0.16563504821207
0.804935270649123	0.338847883265319
-0.676521466694989	0.406803703394033
-0.523743811575553	0.401822237444295
0.276126169589638	0.197956726734155
-0.720010045530869	0.641518268135988
0.395707424350222	0.313048110762893
-0.887364308493186	0.903895200641173
-0.430525466348981	0.247944434555635
0.481936584521367	0.429870576214203
0.461254929356522	0.423591957537785
-0.624860444625225	0.519898934932829
0.2699195964071	0.210223836343989
-0.753198085734233	0.941460611480932
-0.359497438625949	0.261358438840566
-0.511688134628304	0.272694362663271
-1.17653414176955	1.03995046091146
-0.0215012887536636	0.0110128506713406
-0.356366550019697	0.290339916945196
-1.27535319412593	1.84254332285812
0.622082643395543	0.815948687027922
-0.0427893050336514	0.028604308306167
-0.376632579281139	0.340660922113257
-1.05674181857638	1.21272790614408
-0.231293495692258	0.177669751666753
-0.119929836417545	0.0868061705412772
0.838674532305285	0.614544466238271
1.51195077250026	1.29050450703985
-0.94185411455639	0.697828580555987
0.375371225326836	0.168758685101821
-0.801927842335769	0.698931117719694
0.0198281693629171	0.0114713518887423
-0.524660302983555	0.49139610497467
-1.20318243230654	1.25831157547194
0.141370077382639	0.0745413567832211
-1.0464197700532	0.420992950185341
0.133303486381019	0.0758230091190241
0.691259194068434	0.451599700908997
0.52966348615769	0.44005309941112
-0.217861174957879	0.171600921456366
-0.799822269140329	0.988612565057375
-0.676236059968145	0.714706211568765
0.547460053577782	0.433541870286901
0.488656751479578	0.308109230382517
-0.178495576849061	0.124679249394861
-1.65805139098257	2.34322867509306
-0.995369110860873	0.999701612428688
-0.33083035332391	0.275964410047012
-0.116488358981105	0.0840922629633203
-0.242509729459752	0.160383317784677
-0.353976891362206	0.255994315753644
0.0422761806291913	0.0347486967008244
-1.07733961155391	1.14978473261316
0.126566298272559	0.0605648875768645
-0.284260190467432	0.238520512671098
-0.41651718469219	0.510499124288042
-0.587508166601961	0.545702871894766
-1.47733882559359	2.47934405943378
-0.275560438513149	0.293674795336879
0.268019083363191	0.199851913553075
0.480055138758748	0.301989023827292
-0.451716894646169	0.397631007510485
-1.3336951836555	2.17974183582243
-0.2980207604511	0.251865026678022
-0.574659921785594	0.530550311963505
-0.280544061471503	0.213581100373352
-0.803263129905568	0.767971427893931
0.30557041384741	0.183924288432693
-0.861193803035796	1.23059758363574
-1.08034861946323	1.15667992680524
0.413448329706335	0.31336673946146
-0.0991426121226412	0.0855977597904964
-0.238159578965566	0.225885385400715
0.107102705120526	0.0905319036381256
-1.0067078678276	1.54142748271613
0.35854145761541	0.30226463965941
0.167592628583424	0.150587354377474
0.476045237385009	0.423382007384549
0.29325193093594	0.189038130904393
0.2803500624391	0.201447211668972
-0.204266503668409	0.181656288205808
-0.265362051872671	0.227033924179295
0.0420510226311637	0.0346692487779234
-0.697386588506202	0.49714058370278
-0.485359637315083	0.329313884910582
0.773953984502405	0.731050257179549
0.157446286998732	0.101922266371839
0.772434360507655	0.607545894759558
-0.00806557878032304	0.00668169819930096
-0.870928508003978	1.01419090327083
-0.703904234031931	0.569109855845413
-0.648758263458502	0.778438150626418
-0.422048645468368	0.432284527520874
-0.446273157505062	0.391961386855458
-0.591913840098397	0.675525288751418
0.072318161440696	0.0524162789245466
-0.460016323929642	0.362833040460775
-0.617751870310064	0.657789141280163
-0.549060239422409	0.628948390269998
-0.674931742044016	1.02225416329266
-0.335485495267522	0.358488855500742
0.056101015470139	0.0485920385981094
-0.662787441679146	0.654366001363892
-0.275974684164586	0.209505146221184
-0.872165703681919	1.01675144267511
-0.53775134697269	0.655205102328124
-0.211547889734835	0.165869168303556
0.999085682756656	1.1953114206725
0.0832433266132109	0.0625347977017873
-0.339439365000435	0.333981252870819
-0.177795785635064	0.124331334718418
-0.268156824758551	0.202998500814919
-0.0160143125180005	0.0109928685056447
-0.407624099730822	0.327614254036535
-0.0218315689483298	0.0112416004312396
-0.00370643498116241	0.00191510337737948
-0.86259257323148	1.28698109492521
-0.991503771518574	0.992292657263146
-0.524314984014321	0.402367310615875
-0.73986488897949	1.22977326604796
0.774088531559687	1.00777175007351
-0.226986626871736	0.213210411402434
-0.663924390120344	0.838764032737353
-0.731402492749256	0.712459044636846
-1.15900255124883	1.5550472170456
-0.556913580854574	0.473960779786717
-0.453845411271521	0.356819949956052
0.404529000177406	0.305293609491403
-0.632320595421976	0.837927953099982
-0.93434901855106	1.27733544607362
-0.261400568097672	0.222288215329568
-0.00360970847117332	0.00188983352709106
1.28191908202229	1.88819447125806
-0.605717985084077	0.452020939380934
0.712458803051764	0.592415685171612
-0.300902033116898	0.193188714015852
-0.690350550009564	0.780311959459277
-0.221075525280619	0.211142761593514
-0.328028312769583	0.328197241867236
0.00517796789958417	0.00366047571194359
-0.400711982696271	0.386946227986415
-0.518189992414321	0.483792181797695
-0.371279025966854	0.388205390565049
-1.14928624088617	2.03485158173088
-0.392283346637492	0.432075252230798
-0.370677309353534	0.334335929172984
-0.414826048188675	0.404627625525784
-0.401882708260505	0.41876093552149
-1.85413789905898	1.70975723269167
0.50326877258713	0.433738315148184
-0.106236474452767	0.0884912576270381
0.0110661676371147	0.00815504035308917
0.149061440748621	0.0961493341379017
-0.237176848830075	0.0778020280962772
-0.365891443704633	0.300162260612149
-0.404306821804579	0.501405174147794
-0.468448188153737	0.479809870750772
-0.123228349080001	0.089481555273835
0.144933923695045	0.0828856231744564
-0.31673164996077	0.261987866017796
-1.28769637292609	1.43022129743384
-1.25033627041259	0.957513573996656
2.04657217096242	2.5534127906442
0.159603512514055	0.13253767150721
0.162703405689806	0.152433284291113
-0.672900884234623	0.890241385276738
-1.37544522911282	1.40509979163395
0.297695968451329	0.192360574093239
-0.966940660552862	0.599473912443824
-0.167978945139378	0.0968114591484978
-0.409240128085712	0.364976975506523
-1.21483122633475	1.27438490387704
-0.0770875846773537	0.0493907016391024
-0.265951866463491	0.22757863045475
-0.599481626958419	0.718415523142063
-0.442240908294114	0.423199554802816
-0.631180744813771	0.714345573439127
-0.80911612043277	1.05702853285921
-0.639633167900656	0.58245769122067
-0.372679900837411	0.363470189951543
-0.583112270611262	0.740609704859905
0.549395843804286	0.542866647680647
-0.241203574139018	0.209129646570451
-0.477283037923553	0.491929623808835
-0.362109672926352	0.263387678916913
-0.670761922166891	0.402576164739194
-1.11810239002485	0.772053160484805
-0.820073693745454	0.551188497375695
-1.18977748735544	0.674885270912236
-0.625481845066128	0.304067520719002
-0.4129266002395	0.174623248528402
-0.585062345215821	0.63343630917917
-0.168865366043219	0.152981094297152
-0.360891648347803	0.262104052161808
-0.671514854202572	0.709238019778694
-1.2077766349579	1.26438898267925
1.01514832887756	0.959617709143632
0.508810679414939	0.440001736008175
-0.460088177634856	0.505113050330616
1.15580982322513	1.75311433386563
0.447629561528149	0.487896219212564
-0.549427415753097	0.465040532289788
-0.407515096772007	0.327274909415568
-0.883800715359151	0.896487003906353
-0.745833967974145	0.834410650109642
-0.803093406893989	0.700402772343119
-0.182350076619515	0.144958415294148
-0.438925161320066	0.42076709994716
-0.525550731389637	0.404481836085932
0.0070917094369475	0.00372485138973339
-0.295646004826168	0.189678057047924
-0.177802846508896	0.144424249394977
-0.431015864291878	0.41104322812462
-0.991620163841895	0.992733737556457
-0.552539337798569	0.46796835790922
-0.944703027334127	0.699511294671581
0.166567365376727	0.113675075299574
-0.268481275574402	0.202977416525186
0.165689026045602	0.126475673157994
-1.83588716503011	2.16280858424575
-0.636671807220669	0.309171142538939
0.147211981908801	0.0371529932006973
-3.46584456958788	1.25353297605489
-1.17709825592127	1.04296027299629
-0.563650534643972	0.362153846961858
-0.571106096197057	0.368508714732557
-0.413761434958365	0.17508532022509
-0.206574496288537	0.112513193844178
-0.613767951272856	0.507398254521614
0.429943962433562	0.309328749295877
-0.117502184513314	0.0702878236159835
-0.486177823833924	0.329754037173085
0.489004063312937	0.308056115169063
-2.0066672202574	1.41815089581466
0.134274433180221	0.0763286333299298
-0.729022158716102	0.710217184660517
-0.526303975515229	0.40530796648256
-0.819621662766766	0.641139377095997
-0.4972393409954	0.429945994787508
-0.205409701788734	0.111860276522632
-0.456776679774468	0.359037187598547
-1.11639118796566	0.772731913415534
-0.696671817707162	0.496348821888033
-0.361632519752953	0.295956310007229
-0.351782704870239	0.21502044996066
-0.506525020568784	0.515568314385254
-1.11898492287289	1.34763809219981
-0.244569432016001	0.161835764590011
0.249421189863766	0.219190804586677
-0.482102979181881	0.327207192994924
-0.0714920512281565	0.045764456077014
-0.238619080974611	0.0782457591467586
-0.518054592371676	0.27605811217211
-0.750117157055505	0.260345095813128
-0.808088978289516	0.776267795387764
-0.182460056810522	0.127792150402598
-0.640089689493442	0.728357409300161
-0.0113393096929097	0.00787262954727592
0.269698862705604	0.201740986161982
0.258835720978038	0.222106568356349
0.157856380388516	0.120044712179704
-1.171783547066	1.03016524836493
-0.627492868665149	0.305165440872885
1.12036302642613	1.146248425738
-0.310380312620548	0.230388958462079
0.274837002452376	0.206149332484706
0.594041478862457	0.448712856081722
1.31861148518247	1.38815999936874
-0.945980193666951	0.700965884649951
-0.811330559954309	0.711506656366913
-0.948028422854083	0.70436416968294
-0.48251420886979	0.327489724791677
-0.398389082320244	0.38494334345405
-0.176998405887858	0.12368279960881
-0.654734709378452	0.644401375526551
-1.49148333597152	1.04813843083909
-0.350234543562738	0.213950377405786
-0.0165551676826912	0.0113425360779239
-0.358064326133537	0.259060391204478
-0.80714911285625	0.445060429873085
-0.523246761179071	0.49016714395085
-0.463931214249038	0.366247828124558
-0.358009896788174	0.320308991189883
-0.412196546439729	0.290349243734996
-0.349105932913514	0.212837709965389
-1.35051274436213	0.85351860960682
-0.812884938836444	0.544673301880031
-0.427995683243534	0.246428763687643
1.07047417359051	0.654996876930044
-0.817148688292155	0.71757793526601
-1.57984251127385	1.55094282002681
-0.254887807483016	0.169474851305504
2.54869679244692	1.42006184044491
0.802281286210352	0.337872104439243
-0.427674815630076	0.246235410050965
-0.00500593091251878	0.00258827633141751
1.2067169379254	1.44812036769557
-0.553830245948775	0.471105439168312
-1.2148122822235	1.27521258022311
-0.241439483734572	0.209286231766235
-0.310422423243219	0.230597248927021
-0.510623997366057	0.271275418366379
-0.358810866525392	0.260428574793624
-0.143057704971519	0.101628456097266
-1.29465162545148	1.60830310171515
-0.66555897439487	0.700701573646238
-0.322121156294305	0.267430908495987
-0.747055356811924	0.259655588067032
-1.80379071234984	0.398266610487963
-1.25342385566135	1.6523787768762
-0.403061680173323	0.322480398884869
-0.876272617477264	1.08672642639585
-0.324988212638673	0.294015265374536
-0.541374131207426	0.590440190628715
-0.206965086970211	0.112800239312923
-0.246184733233061	0.190448147876443
-0.211444946223704	0.115115488098298
-0.420694214773728	0.17814154213963
-0.260217735858802	0.132041011967463
-0.329803919740083	0.15352662064583
1.55035613177053	0.770504583077821
0.333088152004562	0.166474713949407
1.54811999734119	0.769713301321377
0.434310623348209	0.312865021801662
-0.722784063554596	0.647518659115839
-0.976432901435878	0.607151397303204
2.10344353635388	0.942792530959027
-1.69692536650458	0.977213704171719
-0.785169599684833	0.347346077464268
-0.0782559838576269	0.0347243488220265
-0.202233363179574	0.137496002483582
1.3939539108231	1.73387360655489
-0.369239894320497	0.332642827244871
-0.183149839159256	0.12782971922732
-0.353943534063171	0.216594227735602
-0.595665937531104	0.442051933880775
-0.811929475756443	0.71179158703936
-0.527810681322227	0.570118211643081
-0.58501259021118	0.542519483491988
0.163870945888735	0.133135757339617
0.000136167624908302	0.0000750401592834859
-0.57149376254134	0.36817176661377
-0.816822151322219	0.639473572028796
-0.211015000068267	0.144270151031569
-0.530799261548998	0.498568952153812
-0.266053355918599	0.200874267404718
-0.516791034567809	0.481575514404627
0.250400389580724	0.220374744281416
-0.572979610226784	0.528365480821589
-0.241219296920118	0.186527219452239
-0.442006438940637	0.459226922989922
-0.535479318315988	0.504622827730163
-0.442030123628398	0.386992385634228
-0.253706505186167	0.236983691507001
-0.566480734210856	0.363838341982903
-0.122800676703726	0.0494080160020478
-1.0686102817455	0.869575451917997
-1.53127286779506	0.553105673100975
-1.15486421229877	0.353960755591684
-0.29580795681972	0.189290851853431
0.589248558838848	0.445353993798939
0.172249335807391	0.132061724077149
0.136801666790516	0.07791514818477
0.317217413989239	0.175139024815237
-0.539551348887912	0.206952502569875
0.425158099758077	0.170968360882111
0.144028739283892	0.0877898466642811
-1.62226410175075	1.25764033430964
-0.133423249610476	0.0802400575039065
0.163737937825358	0.111640613326636
-0.212641249566559	0.166891052568075
-0.712126139075973	0.578655828128528
-0.994026211204623	0.997430703658239
-0.822628533289843	0.55323728614414
-0.14390923523212	0.117696100917243
-0.556651946249425	0.473598990030045
-0.0976286154124107	0.0607251533825659
-0.525204415602742	0.404572879701223
0.668553872085016	0.765165821742503
-0.002738409994387	0.00143251287733692
-0.355811513018441	0.217050497413622
-0.660132755236515	0.650712433562293
-1.37258169384954	1.40130983928051
-0.265223948760632	0.134500576698214
-0.973796169452033	0.605537456656926
-0.172759378121538	0.120312608952251
-0.0515185527591738	0.0337713728285533
-0.566495494648219	0.363721613663582
-0.441733877669344	0.386323776436529
1.06742573034253	0.652968862091034
-0.940505346668461	1.1519797065773
-0.0564078266355525	0.0444941685074141
-0.206940351583884	0.112861456564984
0.00299929768077842	0.00232108721183433
0.100770767920721	0.0827838675527405
-0.192129247642875	0.153672698318638
-0.644472298146937	0.585708865412763
-0.785885307210224	0.347045721156888
1.55558357995564	0.774858404813003
1.0195371096822	0.38582119059101
0.131870569010978	0.0446938595709682
-0.0249128789322577	0.0127848895471163
-0.675606111794728	0.40676717289067
-0.411617366377803	0.289878127055683
0.145535816646171	0.0831287287910972
0.147736831292335	0.08999348268193
-3.46584456958788	1.25353297605489
-0.169855723368467	0.0618000920799006
0.132620364305083	0.0449502398034842
-0.802984945944241	0.440545055383363
-0.0777741773213103	0.0498594279538861
-0.0952659899852032	0.0591332460262917
0.0385071005339131	0.0235537394766498
-0.457149459145051	0.36001466460219
-0.400334487499387	0.320417649602213
-1.08034861946323	1.15667992680524
-0.412686547710913	0.290897749395145
-0.125935509257928	0.0915097501510128
0.165032519198002	0.126030720871666
0.162295411724324	0.110424024233307
-0.513947586352374	0.272718358395844
-0.510895983582877	0.27211449498185
-0.810797787040443	0.446399906865364
-0.0817510717846955	0.03628092827398
-1.17195908310943	1.03338858853033
-0.443503339497087	0.388312079416157
-0.277311228191202	0.210691570090062
-1.29480324649475	1.43896851372372
-1.29257397374284	1.43671983007849
-0.528491135629406	0.406911166693277
-1.00654444128442	0.506404216517737
-2.30435569641955	1.18273827430254
-0.11880329129644	0.107772461801526
-0.0995327385834636	0.0618386720501573
-0.325141309878721	0.269894866031659
-0.165670480451124	0.0953975208919002
0.930838989058586	1.12729095710091
0.959185456387766	1.25681468489042
-0.257007168577418	0.218602900721645
-0.56266282041509	0.479588523610647
-0.801661242930247	0.826917496979816
-0.405228051173872	0.325724344827245
-1.11509857129023	1.34288403772889
-0.53746601240231	0.50681052654976
-0.364229508174125	0.223093242759439
-1.05156894396748	0.423156950468368
-1.04067331168611	0.418465554601514
-1.8396714502032	0.75990222543046
-0.544114473045216	0.20913830975888
-1.00174291509759	0.50449251105629
-0.362166381635235	0.105626912484328
0.930225856401659	0.625398703251768
0.586038828074614	0.305252918237039
-0.677429409436317	0.407444202200218
-1.03979555880417	0.418029576607972
-0.644388443682788	0.157000626677781
0.653242855413462	0.207522075223881
2.0967159187814	0.940286941886901
-0.788915540437304	0.349290087251084
-0.677243758651189	0.40703255584394
-0.128827319033814	0.0775353450566989
-0.710353171758292	0.576626278576446
-0.809480116095339	0.709607418617141
-0.678651510516292	0.719994359457064
-0.423764146956636	0.243112051408363
-0.00485720038924246	0.0033523132135923
-0.130186316982242	0.0784158279352525
-1.14972585591097	0.352042822396007
-0.707481189309657	0.573472143406637
-0.810235170096758	0.447921924365261
-0.805496443273628	0.891260999840408
-0.228579771784005	0.215137383265348
0.450845383558009	0.304284844897776
-0.538167038511063	0.20623016620555
0.173937130685177	0.142165699568291
-0.753559486678908	0.895840627679066
0.0785649998699794	0.0588514616706699
0.496466216754327	0.426678241719458
0.263743602570638	0.212569122210268
0.898995084672303	0.781066275058608
0.550739817626474	0.616568624693086
0.414952028307631	0.465634984477743
-0.5244101304664	0.49054944474999
-0.332759877554511	0.277515075957852
-0.465731272941038	0.476360812792247
-0.544114473045216	0.20913830975888
-1.18766800775792	0.674330132585566
0.655603229435312	0.207984052388229
-3.46584456958788	1.25353297605489
-0.675782184048766	0.406440799141726
-1.06617296583649	0.868624129802634
-1.11683799726115	0.771889623742031
2.74617618045436	0.774720201883077
0.509139648815982	0.183001422100664
0.130303680116296	0.0559691112641248
-0.789727950607759	0.34915733745205
1.07770886428938	0.809382853792318
-0.956718918001649	0.712327760414246
-0.498612069223158	0.431453486694981
-1.25074795272894	0.95798011885691
1.62811333092501	1.51315098817046
-0.205109815652802	0.139829053625007
-1.30493820089878	1.6328759600744
-0.51555817331638	0.527461499904659
-0.0393954814663565	0.0264037504628794
0.17144941641284	0.143885853315087
-0.129388927332729	0.0778893460392726
-1.00228601556799	0.503318556912039
-0.0819351270645048	0.0362847113031604
0.128655290790324	0.0616557066164373
-0.0157807596575779	0.00822806602810178
-0.430135834455359	0.409999678735295
-0.297269950722284	0.251206682312634
-0.122910129331807	0.101428041718998
-0.242894765745569	0.0796348330145537
0.1413598194657	0.0421025960431846
-0.352683061524602	0.286808431792565
0.322140525822289	0.311788225985234
-0.203072716463685	0.180174496172198
0.484584095212788	0.509943312527447
0.264145894522928	0.212910455471853
-0.318885810599618	0.237789500856613
-0.156141394202459	0.125354975552917
-0.0291627534172561	0.0195631362100198
-0.0819379422414441	0.0614375426909914
0.0233507528296121	0.0177382510710757
0.177806070002938	0.157425903501041
-0.653721731020757	0.785506995993615
-0.676417730916967	0.89690532771908
-0.224547933233496	0.215430080768319
-0.564591322606866	0.362505485724221
-1.2070933983992	1.26195132001177
-0.413451632847349	0.174827366740274
-0.414031981947508	0.175185312090786
-1.01300991914153	0.509784731559023
-0.0560599138661519	0.0269091552747934
0.332185800644713	0.165796840114046
-0.217188352919367	0.118728852790318
-1.11577294295166	1.09234097311099
-3.09370472754254	0.961571400894305
-0.538714119684408	0.206903909568311
-0.791745678755755	0.350963339322673
-1.06326863329849	0.861820324460602
-0.363601606371281	0.26392217468959
0.158300213337498	0.107580764388702
-0.40298832093643	0.358626352348093
0.289091016266542	0.186349681505632
1.09719570205798	0.980416013218498
-0.630284880323079	0.306652124632153
-0.67068109745064	0.402941002501857
-0.550285288979733	0.553027252304151
0.25914959128926	0.214882488616855
-0.0249388934958437	0.0127979032178138
-0.151566181019285	0.108366170842771
0.288733212371198	0.19746419969988
-0.0831977721764975	0.0368280039842016
-0.274519327381557	0.208474920933461
0.13912027261828	0.0264101516649031
-0.640820070260403	0.156173374069777
-0.598454500670017	0.596010859318158
-0.814529935450933	0.635411265863578
0.806045844413056	0.339866638922853
-0.579741939819508	0.536085350315833
-0.554730053180837	0.472332347132036
-1.16713838621591	1.02365539624409
-0.35762695682863	0.291570354774737
-0.167969648799637	0.135760567655692
0.126343212728425	0.0542090070051475
-0.644388443682788	0.157000626677781
0.251021493076783	0.207667380679439
-0.0333725958814758	0.0265026893877024
0.171081900606463	0.143498972656941
0.340973188973702	0.305531534148599
-0.403739018690411	0.359389130322754
-0.696055404668264	0.495535215462227
-0.805541742975191	0.947734872233948
-0.314132545131213	0.311572931507623
-0.213032870216707	0.167369676939399
0.172034530524187	0.132010985400661
-0.511393283604694	0.521938082071319
-0.0283755776530785	0.022866102469763
-1.69425085358479	0.971805944335154
0.148123932113398	0.037298775193441
-0.485554135137913	0.329030763230855
0.00375388114528383	0.00198811479409211
0.119039574953889	0.0510210475572361
-0.742753785982603	0.258086652205378
1.04636987389972	0.507879636175238
-0.78810398399432	0.348831685910165
-0.573503297449919	0.369500754065222
-0.712652873741008	0.577949287236623
0.815513986571299	0.851593703439798
-0.568937605938157	0.366220980198189
-0.509634926067146	0.270882721805013
0.0224683242452357	0.0170452155259794
0.282317088159095	0.212273959640162
-0.0255316945053369	0.01307431395949
-1.36710797399033	1.14636789209968
-0.561231104633916	0.359964396533018
-0.212751970073244	0.116228122154418
-0.785057527326456	0.346651150460079
-0.74268646139225	0.257731156830762
-0.537877518920207	0.206535210663043
-0.326491111277252	0.151972062797545
-0.81922683239952	0.550423645844339
-0.167527449292993	0.0610228882448846
0.311552264781138	0.171543223310935
-0.0695706261924278	0.044484041570202
-0.0981958423575139	0.0609718207856079
-1.06170513745528	0.861257546527244
-0.127212563947273	0.0764337558837219
-0.319415049968784	0.264790717520425
-0.0849533431199124	0.0376187974979856
-1.15799700419576	0.355156175000868
-0.24130435653809	0.186214926450906
-0.361461889726884	0.324404702658815
0.137638529203684	0.0726247477081587
0.0550495581374155	0.0354214213083347
-0.00276197963555492	0.00141019460436375
-0.251443147543291	0.16718612282629
-1.02123953589715	1.23984605835818
0.162885014144513	0.115436946597615
-1.12022186645478	0.776919708070814
-1.24442595960953	0.949605405719381
-0.461058066039396	0.363379159255528
-1.24821628260701	0.956504778759626
-0.425469352958191	0.243940263255517
-0.363074920327927	0.105749762822137
1.80375022148517	0.707092166054158
-0.643889763897163	0.156661592959279
-1.69744748235304	0.977598762611975
-0.363255768460324	0.105782299807354
-0.417519308717613	0.176680400231687
-0.162442973725322	0.0592138065020847
-0.509682047330638	0.270398995188589
-0.506143729430599	0.268381389991131
0.14427008012724	0.082476615962319
-0.354813276753149	0.217068158002034
-0.788370303416665	0.349083376814077
-1.04272005949682	0.419280018630572
0.629692048000223	0.444934360817825
-0.627787446837567	0.305516134916016
-0.625827526392025	0.520815927481542
0.0473164745300005	0.0303828868919461
-0.0802468300057048	0.0354556465822083
0.872842930977805	0.886086814186318
0.367031103337728	0.311116530304104
0.517277122295976	0.296814066447471
-0.816117817097098	0.96493633105135
-0.140785764431294	0.117536103877151
-1.17652932124388	1.71808752388747
1.43128484118351	0.887840612898974
1.31234319771337	0.575344807364201
-0.162728695416225	0.146586224558508
-0.271682295070937	0.273627088746129
-0.729666274637463	0.761638012814847
-0.578582441558834	0.535559606986554
-0.626007254707107	0.521948080179813
-0.123876917938225	0.090008768113659
0.354915370158265	0.309546171236579
0.316470743530402	0.304892899650849
-0.517208669760701	0.597994596214191
-0.264713356748478	0.199710961147885
-0.128171267612342	0.0932921307749366
0.264146599272715	0.212606381191905
-0.417388554444614	0.455685249953344
-0.800703820447618	0.989012201408022
-0.534119830392118	0.204770125602286
-1.30331477632031	0.596501146476413
-0.643123124462485	0.156504140249688
-1.5318146928413	0.553494474919415
-0.412188068084218	0.290161205196893
-1.18867257192957	0.675253221058509
-0.710353171758292	0.576626278576446
-0.707968822210247	0.57416494779138
-0.530588147709039	0.202983488424755
-0.784081161574614	0.346813224493689
0.0521201893982747	0.0335540829820168
-1.04359703690809	0.420463940972424
-0.1727591713563	0.0996559189700908
-0.213898098881287	0.116799673412977
0.0620972476243696	0.0417925002487076
0.406694562393111	0.400612952889484
-0.244276397580335	0.161729796925699
-0.602915153602496	0.449531867195019
-1.49692064042857	1.05807460235161
-0.204774061104063	0.13937451709625
0.47924145884818	0.301229448468025
-0.273962892420383	0.139149962876956
-0.414706129624355	0.23671734293077
-0.135645971725733	0.112964661407456
0.0507583313970484	0.0326037918262279
1.22884983223125	0.846230646380521
-0.0256218817739652	0.0131208397951926
0.555210709353792	0.440885773410279
-0.213466892396278	0.116568162085987
0.735003178743305	0.718710528748221
-0.187528419251045	0.149426072923081
-0.0815651588643144	0.0708488133617633
-0.558219013917007	0.642733664326086
-0.964982788259323	0.596964914051815
-0.742182711888573	0.257807372285815
-0.18585763258086	0.163156521622826
-1.23419558777371	1.87612967623025
-1.14743105043728	1.74919777111494
-0.944944125182286	1.08634549403484
-0.132670734170435	0.0799649689390541
0.169861751434722	0.134431017789526
0.00743647492549078	0.00552472225694938
-0.911944284511454	0.860103332913009
-0.401090447404199	0.417731920749638
-0.549528223868757	0.552279595174718
1.21117420100251	1.57672850352058
-1.5888224884745	2.15354223892133
-1.57829527511848	1.55012176107584
-1.00549630243412	0.506795601514535
-0.475249943907421	0.321055120057898
-0.797577543396815	0.352994042797012
-0.323913474642042	0.150503288100066
-0.48963912814474	0.332730312647959
-0.320921831295806	0.239187606783509
-1.15345350292765	0.353548980162923
-1.8342610889082	0.756597291586424
-0.0541728611480679	0.0355327855474116
-0.523200775386727	0.278827649119662
-0.0880717877794927	0.0389501603878795
-0.355732694341743	0.217822290725118
1.03551454610907	1.09813907838386
-0.457755061107078	0.360535985863312
-0.0855178007128823	0.0642680893128438
1.37541728350799	1.85871680294371
-0.0311443219554837	0.0208808799011957
-0.409476854429729	0.287479051009679
0.676396224252286	0.31663611417973
-0.211193586521466	0.144101036949744
-1.1851836078729	0.672885903753995
-0.809850294956721	0.445122074812449
-0.132585847479102	0.0798879722434476
0.423362649547664	0.170139296386735
-0.161385083784685	0.0928755699973628
0.644483847429584	0.456245356140861
-0.257270517944661	0.218686258844625
0.0625657041866408	0.0421160300213856
-0.167290191158928	0.0964417431670075
-0.908280659959864	0.854971106639233
-0.111204771880128	0.08254786160233
1.45673903616448	1.46041383808484
-0.0148384771466378	0.012087766693821
-0.145240359683954	0.143860057069331
0.157101324660637	0.130505537680488
-0.397298562374908	0.383419962762581
-0.885470591912278	0.971493866327682
-0.100870093855483	0.0856159395887615
-0.238769756106847	0.206588542283009
-0.531082729875166	0.643561558892358
-0.352170356661625	0.349147984151779
-0.671503920206736	0.40370347871096
0.626139939519892	0.563485484771289
-0.416656038729352	0.294247442497655
-0.00401681166144654	0.00210255159443741
-0.916286323847953	0.775638838313048
-0.363664142019236	0.105826742826499
-0.707149882191022	0.572053520415663
-0.815700090548173	0.546080287940496
1.22503054901346	0.842789606194151
1.0106991753988	0.954317320824918
-0.524894167988038	0.491195747812845
-0.944743825058511	0.702051082861067
0.0574072077037771	0.0385805629169095
-0.758408183835762	0.950988089930661
-0.255181647687942	0.216930051871133
0.0743338065244684	0.0555390165006673
-0.209010108948668	0.142726769557272
0.376951855310105	0.169457183106491
-0.301778285501297	0.193811039153011
-0.818391632674825	0.64020742500779
-0.679720813673451	0.408905777161293
-1.53164925455074	0.552638815903533
0.638013969192827	0.451434665635899
-0.793098515782442	0.351690335205156
-0.601779615448737	0.449019205495632
0.37985305747941	0.170449110965173
-0.0212386460815509	0.0109434973217516
0.0219479990829901	0.0126679105797947
-0.694885484534479	0.493844284041073
-0.200557782870399	0.136252177708063
-0.358330596664284	0.26023547717636
0.478970459257413	0.425772490568329
-0.251529953836216	0.167070122964068
1.1155785033733	1.13777106246259
0.0893704470194872	0.0711697797995728
-0.172490127370855	0.153251286584028
-0.293029239154416	0.247188293219617
-2.08857336254039	0.966845001646058
-0.515051358639817	0.274425622246119
0.0637479505524343	0.0443859435956169
-0.405147501388645	0.39288889969419
-0.131868995102023	0.10954211669095
-0.43509829756225	0.416505368444941
-0.267624481335639	0.136078797670415
-0.457642602673889	0.360613333132548
-0.258444506614326	0.131033565820012
0.935193971618358	0.630612251167567
-0.751605087981974	0.261127701993451
-0.515374687303333	0.274640995826127
-0.019888858005451	0.0102538525262334
-0.919889978192812	0.780475013498904
-0.0512664608450398	0.0336190862171202
-0.80446329841046	0.832370980749061
-0.655614984861296	0.599873067016407
0.157554920527906	0.107088046231097
0.447795179151663	0.302309699653803
0.650086353252472	0.206202657488722
0.972224918751002	0.788497866575852
0.677615247691154	0.316121581682209
-0.237667142195238	0.0778820329379753
-0.808211327967073	0.445069035822316
-0.234259276164921	0.0768738569502217
-0.643123124462485	0.156504140249688
-1.11280192993521	0.769256021071474
0.42311339457533	0.169929187550257
0.125388482656794	0.0599694684115581
-0.62948967269876	0.305802345342453
-0.181420297320444	0.14414788503787
0.0561072459620447	0.0360859377387245
0.297055851156959	0.178172130380708
-0.047653000393582	0.0229104951822283
-2.13567602394631	1.65558910463034
0.685405582425768	0.685687452191105
0.161843450637447	0.110116901568808
0.0267961772976071	0.0154346193888642
-0.121002313402992	0.099693889823609
0.367854835274351	0.312077000441088
-0.743439486446231	0.831835984125012
-0.733695145684634	0.766501207541721
-0.251704154007076	0.219039159407813
-0.516357593757313	0.5284410422189
-0.523770231976625	0.402986391746028
-0.267259189939473	0.135896801529097
-1.48903052237299	1.04796782867244
-1.04359703690809	0.420463940972424
0.935515179855096	0.245440180005837
-2.58428653566473	0.675727611967995
-0.239989727913181	0.158450558302414
-0.0995327385834636	0.0618386720501573
0.0196039229232349	0.0112917038337841
-0.495175610840538	0.4282649956388
-0.125937257159256	0.0756372976031362
-0.059700434526415	0.0391513947684084
-0.718572817485128	0.584154130680119
0.162509823681259	0.115408139316932
-0.326821576885831	0.272060898363983
0.133184111334162	0.0638448148763491
-1.11966530116927	0.777239382865669
1.06109786076104	0.647283928512055
-0.170657202371693	0.0621653392334387
-0.246607769456179	0.080675852517704
-0.362166381635235	0.105626912484328
-1.53235676509745	0.553502300358264
0.43321504341374	0.312456704140033
-0.0839878828407929	0.037152443352735
1.13270508779057	1.39693696386826
-1.20923891744991	1.68649071644175
0.98756597097296	1.17600214098669
-0.6154406675896	0.296876098741659
-0.296804259821658	0.250589083139422
-0.418939806055826	0.2949140809921
-0.131245617412775	0.0788667926085585
-0.400210556027046	0.35527763499139
0.173383644382911	0.145615174683373
-0.303557341534049	0.279015691593476
0.327656980717324	0.309144375300995
-1.29372102355982	0.59176400453293
-1.08467142428569	1.16206976091251
0.249421189863766	0.219190804586677
0.743343106002863	1.05546388678584
-0.535172636042657	0.580948582743248
-0.473031997216597	0.447147138340748
-1.90035413475187	2.74590342756339
-0.817768208843294	0.640561590805998
-0.363074920327927	0.105749762822137
-0.595572560351557	0.442732090423512
-0.0873232356264259	0.0385758374805926
-0.460294093368773	0.361842348456948
0.761704595054786	0.596546190856102
0.155280719097194	0.0951185987691199
0.0143057298463659	0.0083498404777732
-0.0368387375628901	0.0246993636157458
-0.364068393096616	0.297769354876863
0.33338301934871	0.307054808131011
1.60004631193854	2.04054474600908
-0.816459111809018	0.451369912632416
-0.0286204237904597	0.014629810590741
-0.673073281832884	0.403652628879946
0.140458165206262	0.0418615852654621
-0.423394547068522	0.24377349253437
-2.49147613591662	1.41463001246942
-0.828344721820534	0.456537931999351
-0.538890908730252	0.206797385443168
-1.5375444255416	0.556007810250909
-0.808616430305201	1.05834661495254
-1.20320671834031	1.66900995857184
0.480970063666014	0.520760452898622
-0.103210689629148	0.0762286852664457
-0.281305818781375	0.284940907798664
0.322244793189098	0.312114578476202
-0.102913111014011	0.076055326923838
0.37890549330718	0.38766719845761
0.229572135645201	0.235133827851859
0.533100932528886	0.607142324574089
-0.105009579289617	0.0976443723332138
-0.445043644401318	0.389453140938511
-0.0245162329097103	0.0167416500146771
0.851550974289407	1.07796859300343
-0.312135983320197	0.232152853093295
-0.228148633948464	0.231587971913914
-0.256898545417575	0.241015461172542
-0.557085491955691	0.474599244335032
-0.555149351994935	0.472526587491051
-0.738565759844509	0.821139666493956
-0.257355388021099	0.171290264314259
-0.811770257190396	0.632919408250745
-0.926041013768244	0.78779959855359
-0.464311228222415	0.366561566905812
-0.71436745204903	0.63820099693719
-0.550043192539696	0.466611055136777
0.0364943430310976	0.0223335864422676
0.173048116109084	0.132759902259488
-0.21634575179935	0.170290543962917
-1.11210608573044	1.33483580576935
0.456568138624887	0.486109507913908
-0.404860491940913	0.422399888041111
-0.0572206625488344	0.0451387935999292
-0.431443721409025	0.411571059442146
-0.807640299050472	0.62850805125794
-0.138877598633326	0.115507439383495
-0.234784855802275	0.222111651194757
0.738050284744746	0.812730095111076
-0.0734527051297488	0.0561489804399213
-0.360026517931189	0.29413137609073
-0.505468032553043	0.513686250386576
-0.0653473898471816	0.0506426619183272
0.0983965956315649	0.0807284244224294
-0.00748375421499916	0.00519916989157302
-0.176144627547122	0.123019052103987
0.166331065049693	0.135333487441615
-0.0313106126865546	0.0209977659766852
0.0221435262373384	0.0127103506302046
-0.166065614994437	0.0958440700039233
-0.304068767229529	0.279741769882484
-0.321655451902092	0.320284452326947
0.170739114129882	0.154101043148302
-0.203994974620563	0.181381114388809
-0.217509168202597	0.171295529518798
-0.0620600882679433	0.0530919128645689
-0.29022509863409	0.289691807980047
0.0612899363990128	0.0543409366596794
0.165397967246214	0.138136874161993
0.164965772814886	0.13404256538247
-0.179111369880115	0.125209963731818
-0.302017153910514	0.223154742479876
0.664864646939127	0.577372811303998
-0.297774508586644	0.19117998771852
-2.08433551908383	0.96418035335272
-0.891651052686286	0.910205933285007
-0.35633770734311	0.217931335362953
-1.06563972653219	0.866784128738526
-0.181189887827911	0.178355811989751
-0.802723304312353	0.885924788794717
-0.635709922881482	0.721519941190917
-0.345405133793469	0.341082638652254
-1.03632286911677	1.17599406152031
-0.527672059982958	0.494196234031308
0.908070896411397	1.3766156661552
-1.5871647111477	2.1540732144722
-0.354216250373635	0.287837966950255
0.0204802460631172	0.0117885035860708
0.244221344550096	0.213916262075349
-0.446657134821045	0.391357093982023
0.444285975254746	0.419283194295792
1.09327579474079	0.974034776867893
-0.208688243174992	0.163621392386356
-0.598335854673113	0.595492773973625
-2.06022033732842	2.80180803673284
-0.285280157327361	0.266293327984122
-0.598536661788781	0.596169220971911
-0.0252464728745442	0.0172382456148018
-0.215854262665151	0.169454605786761
0.499442200520295	0.430208248398482
0.281203495820413	0.309979172961692
0.759780453135649	0.895786455234355
-0.256687800906515	0.24068241242222
-0.456054185301401	0.402318878663591
-0.392343605149104	0.34612325118931
1.26947695158193	1.98014603104314
0.265775951310706	0.214066313947632
-1.06589392779431	1.43246897231514
-0.402714951262282	0.389852143535079
-0.0493658227735265	0.0386981784550842
0.363679130443554	0.317957418496433
0.688775155547406	0.866188318838138
-0.699290856960968	0.792883081028252
-0.425607509700839	0.468648769899813
-0.886319290115866	1.03836816206852
-0.308064793520508	0.284265716306422
-0.568949629571489	0.609677680542596
0.182385635771383	0.149448964770708
-0.315955332109509	0.23502945924324
-0.0462510927999906	0.0309749965533824
-0.409035359317294	0.364462716714793
-0.0720576360173017	0.0549322298744198
-0.154694768423343	0.151663999832829
-1.15397329908587	1.30221248949397
-0.355286403267731	0.257627789365722
-0.598856618525385	0.445167356981182
-0.676067612116538	0.406304924872321
-0.815231742871169	0.784329108032294
0.0257987310273135	0.0148439693041025
-0.114968246990152	0.082998571396685
0.507095259659397	0.52521123805127
0.824617615607511	0.866103560385905
0.274973247875959	0.196812929265144
-0.73764428074379	0.86706939423972
-0.0873326508400178	0.0656606143870437
-0.497640050730677	0.430973276819821
-0.810392851107444	0.838617876453643
-1.36750912694433	1.79052486661645
-0.245780661605082	0.162972348754147
-1.95892058930446	1.95148554661094
-0.9754127104853	1.05751923187092
-0.482250850773799	0.458360105326604
-0.932322306953057	1.20903538466252
-0.203940712268942	0.159409391054954
-0.28007427034181	0.213061340110874
-0.322851765570279	0.267633893972376
-0.903858773946246	0.850365190285776
-0.725179049955279	0.706003598496575
-0.235072702744651	0.202943490152814
0.241011904925431	0.221320881823874
0.0496818826134919	0.0319778774885343
0.856529634430502	0.980915166582677
-0.0232495560634984	0.0158943154419457
0.152853738377145	0.0933813593010372
0.148934306011283	0.0910714210207045
0.156259710231549	0.101191102668392
-0.803099604860247	0.830381897210159
-0.882933151056913	0.896460889744445
-0.621510553211575	0.516292677457333
0.0276250163493547	0.0158616768601375
-0.354708496114166	0.375745744916851
-0.40386249995512	0.419971842139776
0.167101384490733	0.127779300148897
0.163445954163566	0.111250373202825
0.277948065340151	0.217389333509428
0.0487006233029978	0.0411741337830387
-0.151761538605861	0.108381669251951
-0.403474277616706	0.39094090204082
-0.446231026233416	0.484568398547662
-1.20941786360527	1.26760654412347
-1.18255751301292	1.49406748384336
-1.54173570352901	1.77154535406503
-0.239475651087027	0.184909847802033
-0.19524330059103	0.156354139332834
-0.665559446723778	0.842864491296328
0.176317016423006	0.140042541293452
0.172941493957818	0.159907999302306
0.237521235329493	0.229271600732052
0.415230011570655	0.397935894603829
-0.265325545560798	0.226749252021454
-0.452714904678865	0.355087452661619
-0.816962552596622	0.547016997135493
-0.603591540855936	0.449621800830891
-1.04436802647587	0.420175062937639
-0.551048924956761	0.468038487747977
-0.800099222162367	0.824467392145037
-0.46252408191835	0.365009837024598
0.258817226570643	0.222132437578244
0.0249246207237441	0.0199686485770237
-0.751928909062771	0.937749210655415
-0.870429141132291	0.946540917093851
-0.726417494352733	0.652464664412197
-0.44372318500928	0.493674589912683
-0.665435339177498	0.842060610875821
-0.217722769894875	0.190615305923901
0.0753156685212181	0.0563077920871096
-0.517729914086201	0.275741616685388
-0.010248372822529	0.00711935552615438
-1.04172710721011	1.18965316029743
0.42791787344274	0.17200805643275
-0.247382144467545	0.163981562232668
-0.425522458508471	0.245023422739718
-0.215050115918706	0.117377802270631
-2.00132921762361	1.40545024382112
-0.80381808708726	0.831630708988364
1.21122603926422	1.45829222836168
-0.456333133195275	0.359236596174216
-1.02010751456016	0.932414658403238
-0.517944061308473	0.555010591760256
-0.273427363325595	0.252981726380367
0.0171395534381806	0.0126019795869684
0.0570270138398933	0.0382734981102186
0.0780589200674977	0.0547132204330215
-0.808346155290822	1.00634455214663
-0.944035401254122	1.08557143886779
-0.286141182199203	0.240260048045837
0.0233036331546759	0.0134576240920546
-1.53780412589235	1.7619877717934
-0.302247983781565	0.194037287382179
-0.261034691133972	0.132422789849965
-0.80714911285625	0.445060429873085
-1.29344278343992	0.590245914120149
0.141352593528157	0.0674675107674592
-0.523442435155266	0.402832078628032
-1.89508029793252	2.74448397867072
-0.299679522287113	0.27489113579638
-0.486235664504609	0.329483118529843
0.871263749071677	0.886460931643923
0.487149275556606	0.433465903855515
0.612397804701014	0.744813637852198
-0.34668850558157	0.365522387122705
-0.3318662315471	0.301807120616107
-1.21752277871053	1.27750719876793
-1.08045328169735	1.15310146664592
-0.458401752045477	0.361244246624113
-0.516316225195004	0.275119017843791
-0.205304003441385	0.139371445735362
-0.326323997702978	0.151896080069932
-0.405545550719045	0.283984825717503
-0.806597044236134	0.891793313655231
-0.364225386558332	0.327586365426453
-0.191639010170296	0.15318282549153
-0.241206907504809	0.229149415957269
-0.664274873252663	0.839684688606902
-0.181942455028134	0.163053268189976
0.240263957788164	0.215688201283641
0.388844802576731	0.305567854167486
-0.569367469876666	0.523155512184692
-0.180266290663055	0.146712789346141
0.0475450402786	0.0401615313737102
-1.07733961155391	1.14978473261316
0.772444436476666	0.727919952190354
0.353836213176484	0.308050284981551
1.03332876158891	1.0926221392403
0.124375165075932	0.0533849944335024
0.423375643886594	0.303460524222797
-0.626989967104852	0.305062602121671
0.290699443155015	0.187501137983317
-1.50619967584359	0.774272712546176
-0.232817046683503	0.076320654332776
-2.366229943981	2.17236184775178
-0.0170601182917508	0.0118023108675
-0.229784484405253	0.197591830336211
-0.208739286603764	0.1634043838636
0.171238250068843	0.12199169778287
-0.617772812786892	0.657776997670089
-0.0640275367123871	0.0558957206966064
-0.399831072940253	0.354306417635616
-0.0581899748481369	0.0380817113374716
-0.163180267906409	0.131791439132681
-0.617355273971708	0.656029063151548
-0.0937975505220982	0.0791231138115897
0.744944211420012	0.9057811345582
-0.77291616597344	1.06909124901066
0.823755959090892	0.863489328144878
3.9240314702215	1.72721837440263
-0.354524686930058	0.216300382928582
-0.125104058575646	0.0503589027236967
-0.119298863429266	0.0714548014176158
-0.583226223498624	0.539813387399489
-0.288236515146855	0.242010481411215
-0.0343669848818151	0.0230385613810387
0.245253712411528	0.214689126150154
-0.383714803051056	0.378068940685906
-0.0532139355314005	0.0460514566765164
0.166935822646727	0.153748563384494
-0.0710934800145313	0.0612676654295243
0.586794917935313	0.441182789701947
-1.37510735155191	1.61639716613392
-0.0518712368881131	0.0249649060118607
-2.00570448925072	1.41598957456666
-0.805859206124126	0.70423827818518
-1.18817024161391	0.674901362088127
-1.35310153277593	0.857816757154541
-0.230383700487341	0.198074828116783
-0.523112797970832	0.489743129908311
-0.488737599691321	0.466099379204595
-0.583993243007282	0.541558015865282
-1.11810797843392	1.09902687462616
-0.176975498338896	0.10214964059572
-0.561765601541046	0.479151779199972
-0.115154318997598	0.0965986193264756
-0.0682005469578468	0.059658722723612
-0.710455215986802	1.10999807907076
-0.663380927406593	0.837763068359622
-0.622143539993575	0.664150064497726
-0.516278145771114	0.526904503784345
0.431752089147695	0.417497788565826
-0.717167472456961	0.640203196281535
0.7106242688362	0.588519218517835
-0.100088314347977	0.0620748199239883
-0.878029413808066	0.960635889226629
-0.806946923161895	0.892160344452547
-0.969114292567144	1.43554180780861
-0.334675159564886	0.305108908949915
0.300305765525075	0.322588780966744
-0.871197362113654	1.13758207725585
-1.16999497591106	1.03174986732365
0.415816960527618	0.411941021470278
1.01040654534898	0.954461449540347
-0.978861802473322	0.609263279438663
0.43134291394804	0.310929516636086
-0.33741563775192	0.157371459850069
-0.711235975300294	0.576103001552858
-0.487937213408881	0.331374493631556
-1.06663507254344	0.86851455273016
-0.18161098206667	0.127153050755321
0.243175315536521	0.218991854956773
-0.254039161085	0.257863479021418
-1.83039375345674	2.53773470153208
-0.641133652588347	0.729405417165564
-0.357264513583885	0.291646659032547
0.382319388837851	0.40275727985041
-0.378647200675029	0.422832115172769
-0.441975979415033	0.386459161306033
-0.561343836153669	0.569159515264386
-0.550831648174292	0.467180020799421
0.170009206475979	0.125887887384887
-0.239173169641879	0.184662091963525
0.52325229524341	0.300184217486634
-0.164095458102122	0.0945320198773901
0.162941968770069	0.11578994006926
-0.459258446541539	0.36213342230189
-0.560129494401137	0.717266941271103
-0.429473807478709	0.47415869287699
0.00102973981325648	0.00075527315680177
-0.489013851473979	0.531966206909918
0.737457202406234	0.812002010133178
-0.433832977580305	0.414623755702408
0.805554157200825	1.25019943215695
0.52109473678801	0.605352376647944
-0.00567447186515291	0.00393039360245814
0.0727450356537428	0.052675960218053
0.388304550121568	0.305469479244264
-0.0906366837198948	0.0400878634997561
-0.669926886653881	0.401137573033332
-0.508023619894867	0.517137123657406
-0.754011947105717	0.943062717418861
-0.749864477866344	0.886477106280378
-0.184141372959212	0.164696431110686
-0.363305950569379	0.2976858147601
0.16374472069684	0.111651276263834
-0.265514741702411	0.200351704666315
0.051540606436372	0.0331585809227804
-0.373932452308724	0.36574937436678
-0.18620994355577	0.1768805322734
-0.520422533049772	0.602475424485223
-0.902043603888546	0.847192018894478
-0.316449583040752	0.313072119369363
0.469483247605817	0.503847642585435
-0.197525013584567	0.174929580074089
-0.631553961930859	0.80590731774402
-0.885332092605048	1.03546161906686
0.00397933606081832	0.00281657202632341
-0.166268678092062	0.134312790772288
-0.481550966043595	0.644870597302383
-0.0680303089848451	0.0518059840460857
0.661044913554403	0.572107328178976
0.0909198233223005	0.0705765355461732
-0.209329825105687	0.142897027115966
0.136350366930182	0.0776308163586684
1.11096880553957	1.13367858132256
-0.0994145973900089	0.0619152113054516
-0.868165057404241	1.06973295776335
-0.182238671393205	0.144803979967202
-0.121390869038754	0.112510374833568
-0.985937627504278	1.62891503365307
-0.360708192318848	0.261628130258475
-0.954560413539665	1.10242957908403
0.163474917524149	0.153379999670265
-0.0136761053788052	0.00949048225394843
-0.281868193848984	0.235700590460144
0.285723024347154	0.297153618426575
0.278064743519849	0.20858508589847
0.308833259810888	0.199958301282428
0.135051061969902	0.0769038650758793
-0.363894424012744	0.264541925772604
0.575331238601108	0.633027934551678
0.00563325177754429	0.00398078308291247
-0.810553464295865	1.00809461774118
-0.124173369153902	0.0900179434034627
-0.874511621155606	1.0840930780837
-0.288221015587702	0.269461330189187
-0.641988949787638	0.888138154396568
-0.0227184127870023	0.02066830448344
-0.191958911684738	0.183276591826387
-0.14447747248004	0.102904016812235
-0.0969759757809828	0.0820997977342984
-0.0714202368301591	0.0456715671486019
0.126830956660733	0.0544283366570393
-0.409370833141335	0.329308158176495
-0.722096306636539	0.647676869154719
-0.350420714469343	0.370256874891256
0.104273363084103	0.0918977520998874
-0.209804244961939	0.1643796964406
-0.588297996049035	0.749680159326799
0.905844438290524	1.01358336009082
0.0116642063662588	0.00859405308855612
-0.375028539184835	0.367161209577757
-0.569615831910204	0.762262551072615
-0.482770747219113	0.595042552566456
-0.246833773246137	0.248993643715808
-0.80578928981087	0.536448228199931
0.416768020435354	0.480215295517705
-0.510687846726008	0.52078547774834
-0.63537660040565	0.720631154872528
-0.317786013638762	0.262686919699519
-0.399455830011035	0.415125743581793
0.0739720390083514	0.0552856857684857
-1.64052339308042	2.82748010724423
0.0969597819507124	0.0754761783234184
-0.469642117831176	0.519077572642735
-0.655321566998696	0.789202240151579
-0.299190811618627	0.253254608455018
-0.361192860296446	0.295513763993049
-0.344361943469681	0.637298273599854
-0.315535312239298	0.422474740763326
-0.377625188911823	0.509995454777937
-0.934216699565876	1.21040798262931
-0.38211512419192	0.518631809539552
-0.331455152453106	0.154161017264476
0.0336212222390477	0.0205962812506087
-0.604870821658093	1.00727790634685
0.394196515263029	0.311043692890136
-0.457222547462172	0.359816799629396
-0.210150067908411	0.30386508700673
-0.43666898942225	0.587300560264502
-0.11333613713325	0.126976759661071
0.15255130279976	0.168588543301953
-0.498256106247656	0.431565573385113
-0.187221572550346	0.197269324285429
-1.16330654568167	1.31518422597519
0.144474050794948	0.0826499218258593
-0.203077479545016	0.158378101945026
-0.0660601425234955	0.0421767169890563
-0.995297725202398	1.35250870338334
0.422895683976177	0.687807468589942
-0.0687684976833352	0.0778210188584594
-0.305516362928824	0.445671166421944
-0.554133724751728	0.637790181995006
-0.528098604628091	0.40674782612279
-1.02318225539041	0.938134805112164
0.0376783915972006	0.023065747916524
-0.965137074802332	1.49471402604627
-0.333286202288981	0.4128891332238
0.0159029652219506	0.0164431540005359
-0.100253313348307	0.112331010575273
-0.50372233623609	0.671455042838429
0.367278638130243	0.311201725257271
-1.06911591783682	1.13600081203573
-0.212357666886368	0.166604196552392
-0.266426625811711	0.201371464671842
-0.350980428023702	0.253850680038351
-0.462689074128202	0.364800356159846
-0.972990724461852	0.602972775420947
-0.417943272346069	0.239521024391519
-0.0229416118562123	0.0117815516774126
-0.709526629281467	0.573599204716678
-0.199379701693381	0.19136539719884
-0.422018410647388	0.620153836809404
0.0077946311278815	0.00407376556168712
-0.108347868323346	0.100923445167555
0.288277231211507	0.412743382626328
-0.594673077650433	0.680109962002899
-0.452003134272907	0.79298242656416
-0.0753138547410702	0.091378037136225
-0.0928375803964745	0.0932756435587093
-0.652978688217855	1.08608872942724
-0.365484328664206	0.328847476827296
-0.208074644371124	0.11346619637295
-1.04843348997268	0.42268378687421
0.304478333210685	0.182909893537583
-0.886596470623755	1.82556888326881
-0.896470476102609	0.918190004015792
0.703827708987121	0.790046874809487
-0.15653105143587	0.214746002124002
-0.408021203111633	0.455137228848748
-0.331489304861333	0.4507306317224
0.125069873097857	0.127152157597068
-0.625020204826712	0.520573578880328
-0.342853182352265	0.360175922450961
-0.131063780485656	0.0789421350189171
-0.486999936028877	0.330484040626199
-0.762044603161865	1.78878331993815
-0.668965673542148	0.400394019775305
-0.455663955815007	0.610465228618441
0.0287969080197979	0.0176757903474214
-0.602782365545516	0.4492172948021
0.833390730168274	0.608224394860573
-0.433097936296786	0.448152756358851
-0.114490762162708	0.137700628236124
-0.212643478144627	0.116206722491313
-0.808595574768507	0.629143107238815
-0.251797108217221	0.167270254486337
-0.0895527089180174	0.0768856774023325
0.511651983208907	0.607933967133256
-0.475085766393723	0.812964479993836
0.26619434500385	0.306316752014221
-0.371876073076477	0.566135803899227
-0.3233037356017	0.349506609216648
-0.129497731322726	0.0777746227788123
-0.60230962969546	0.448428855355048
-0.56853841009891	0.366536473238961
-0.355312998613347	0.566548517057369
-0.0400534289286067	0.0486207058906038
-0.206721858194717	0.140903477797221
-0.788816222150508	0.349478464433716
0.0271581812600081	0.021208757953567
-0.0510299712797837	0.024570292981371
-0.433941775015643	0.249985229823995
-0.350910883380174	0.214261066707174
-0.261034691133972	0.132422789849965
-0.000895358982408421	0.000730578987352133
-0.522306675967838	0.818258781456155
-0.949313914539421	0.706800753855902
-0.0723254421914882	0.0623785076278887
-0.333467925396593	0.454562627306616
-0.626970022420255	0.671916462719681
-0.165158061584004	0.163210718281425
-0.800694825983222	1.49018851305733
-0.568806814167492	0.759790955720623
-0.35009795712588	0.399472400703778
-0.270146319268534	0.271863631684505
0.0299324444472466	0.0245203068073695
-0.986632669597717	1.33451139262047
-0.261496826355715	0.132454340081604
-0.811323434502441	0.63315963153278
-0.436783696491263	0.380940926966014
0.169091553362327	0.174611403996957
-0.148142953217759	0.105720389279268
0.555439769396878	0.623752535540159
-0.143716262776919	0.142117613556279
0.0990075699730532	0.0832703997329611
-0.264351988639619	0.225763565084418
-0.189238989375237	0.166480185598648
0.54138728670815	0.619818473253799
-0.654225371601256	0.976865985850065
-0.946917005272514	1.45063369808175
-0.305813848204483	0.281076901020894
-0.514204429250709	0.525028129270377
-0.298586687938641	0.323794528239788
0.0227354153334773	0.0177590518115549
-0.551168598753172	0.4678905903721
0.0367787152130463	0.0224653809746655
0.0347876542846573	0.0272369056474898
-0.527547074749335	0.678011775758044
-0.481041203796111	0.55703202665601
-0.869827823290869	1.01215799093664
-0.406486398021668	0.478056170060647
0.0716696318537135	0.0662622722189395
-0.100503648825698	0.0851446464430215
-0.235980278382435	0.223242024327684
-0.129038121719893	0.118139599561894
-0.188599852757214	0.169731883694032
-1.73871118767479	3.18369604449347
-1.30854923573402	1.80578910416128
-0.423953117667262	0.465528846280866
-0.682132229534331	0.724538926788535
-0.237813537203713	0.275284855987095
0.240033266549406	0.226961314229407
-0.445108033851205	0.390748446230541
-0.0188046930506776	0.0151441805497331
-0.272804518185235	0.206866102165156
0.352517463274269	0.295403459095864
0.781989622688843	0.843021856386358
0.0996091129914661	0.0816140393880973
-0.202395235357317	0.194577280393061
-1.17276804425548	2.13440366352284
-0.548317293468927	0.628734972454866
-0.414244651417894	0.506389449275013
0.211709281783844	0.237531301936322
-0.768791823128425	1.14938943322393
-0.325831847291397	0.295087165167365
-0.819471013300052	1.17954213402627
-0.0133164293645093	0.0109583681313591
-0.202840322662112	0.209376456989453
0.348419145250244	0.313554640623219
-0.798135946158041	0.879259068320872
-0.267259189939473	0.135896801529097
-0.802867075489854	0.441491894537113
-0.705409459279834	0.570261501593196
-1.43793567244825	1.76772244388749
-0.759064172058452	0.952014488517458
0.353185909212942	0.308267473214092
-0.242412606273349	0.187506678161339
-0.433472178576002	0.480206420404064
0.248346761430378	0.211693774970113
0.175377765907349	0.155166015277096
-0.57975158714829	0.655816292019751
-0.408194701164587	0.328457549715633
0.373934418502382	0.463677641573164
-0.0779505242273837	0.0608904272161768
-0.212710692484604	0.166896732513337
0.559668089357191	0.628907375732607
-0.248096626270766	0.215721138509093
-0.402026205420145	0.418589757992276
-0.579295728179889	0.70631091684165
-0.5100446638934	0.519985235401975
-0.142273926392997	0.116193228043782
-0.16168206479058	0.130187678987174
-0.0696395563500835	0.0530744019110136
-0.253702456884725	0.237619302319208
-0.0611494057497913	0.0474443395958652
-0.122303575441941	0.0886932208296263
-0.226742108862962	0.217620369575203
-0.308897858189792	0.312239746802821
-1.08576939839488	1.38294528871162
-1.23511483137767	1.47368189430892
-0.206068561449221	0.160934510336432
-0.536599674448781	0.583236920568672
0.247243014177307	0.22905841727914
-0.0205890554516567	0.0167604006980209
-0.53472013375529	0.650240215810488
-0.274104738711854	0.253909160055481
0.928542219309568	1.37237957200014
-0.646943199261055	0.77528371696202
-0.660118285661268	0.650934829564729
-0.309783816297074	0.285474134370859
-0.468530653946235	0.481144457174861
-0.172524297122867	0.14005641039077
-0.0721007827960401	0.0549067116480629
-0.212798148136823	0.14537084237483
0.0773794033816474	0.0543010598271324
-0.0299647857047577	0.0152799033949346
0.954630325631249	1.24297066202753
-0.0264503971813753	0.0180713553877305
-0.0378460318496294	0.0306104414697109
-0.063214588998203	0.0541869378772497
0.0947588686328369	0.0792885593344867
-0.511628809362265	0.588819793519047
-0.269867720657459	0.249001525485537
-0.703467871752782	0.842076082793181
-0.497861486343437	0.544428802880115
-0.275231516147563	0.236579600408197
-0.740429366620884	0.870612031791764
-1.36814435771889	1.96397048249576
-0.513794789810337	0.524963324371546
-0.67452451135123	0.713847911546714
-1.47095893338197	1.33383007628801
-0.878212031017381	0.960815705554362
-0.926918156853266	0.788219853894801
-0.484730359004201	0.328545551971631
-0.397831950629512	0.352164667327864
-0.763759313889047	1.00583157571897
-0.15935675932343	0.128369861476823
-0.359690991603908	0.348192954820964
0.517821672630117	0.521474039510117
0.263255672023834	0.212052760691274
-0.269734693841329	0.204292393539012
-1.12116122177945	1.10289403939857
-0.705959278411202	0.570876586180076
-0.687211373222062	0.812776229214324
0.285713728040776	0.195346111364838
-1.05945161490108	1.6866416565111
-0.573272156093331	0.61670065999238
-1.17500930271523	1.7165561586975
-0.127705976081327	0.0767429643068259
-0.515845415223481	0.274922047301599
-1.28238398497909	1.41810101009212
-0.549657297409593	0.63033404101034
-1.06276383407948	1.69586577970173
-0.429433370267365	0.409253854104152
-1.05602407062363	1.21164347225306
-0.989470888502057	1.33845367927014
-0.553808545983624	0.558220896928812
-0.864549342923537	1.23819979001691
-0.652080916265975	0.940029435554551
0.106633982144385	0.0920260928834659
-0.000401103158098159	0.000397713031946685
-0.163129430829953	0.161204000011808
0.0117618972445784	0.0069287082103203
-0.26298354769403	0.133627508680891
-0.164706578943493	0.13307681722437
-0.752632132805756	0.939275678975319
-0.170020674537179	0.151042555715963
-0.817850639952942	1.12703110168874
-0.105878217550716	0.0783046833476131
-0.288676586941016	0.242778303804171
0.258256530804668	0.214528824368182
0.550017344418714	0.435776954354734
0.364722207901603	0.389386353549765
-0.453932331752319	0.529438582980359
-0.67715575008363	0.897878194382147
-0.376232589548121	0.419437143946155
-0.973898619138905	1.38049783315092
-0.195023096975986	0.186643360227721
-0.207800138105071	0.113410652726812
-1.5375444255416	0.556007810250909
-0.357903443150388	0.259450726273349
-0.158676836580032	0.142829216514327
-0.201530262821499	0.161843055243103
-0.164756976273256	0.0948786739043964
-0.606089536344275	0.606584752732002
-0.462428773431656	0.472388412319142
0.0777301619227094	0.0747890542025897
-1.60872924445488	2.46777751840135
-0.549997254227053	0.553038039257227
-0.412014418659254	0.290196546065999
-0.552180445964773	0.634224026720884
-0.352821190669459	0.373490047638929
0.34636022613049	0.311506490737261
-0.859796720729334	1.1154147668616
-1.57595409796286	1.538864234788
-0.120007758265199	0.0717453847924852
-0.602909847847167	0.602421471399642
0.0452872097953232	0.0290796510097084
-0.565634984624932	0.363079409151474
-0.270806091115317	0.137661938077245
-0.328998711203005	0.153120897504069
-0.671662685579412	0.402737641168277
-0.566495494648219	0.363721613663582
-0.248182952047066	0.1921481661468
0.0648744319870346	0.0436070850025644
0.399466553686522	0.316331376482761
-0.364005834967683	0.298309449828489
-0.32097583485732	0.266220044340463
-0.341740580978434	0.358588555273961
-0.16036550766795	0.129171523134122
-0.0494429154572282	0.0324071847938017
-1.49383232516287	2.12130532234723
-0.727078671410845	1.0868051210113
-0.177483838337433	0.144477921693973
0.0134108801227045	0.00983486199285157
-0.283079197213613	0.263472722376165
-1.12020993499165	1.77465606962858
-0.682960300425645	0.725042974438064
0.413798406176143	0.313711800710306
-0.53025065764751	0.574500109935279
-1.17929607176794	1.94225111435267
0.175657392408854	0.159262472862511
-0.182005500192294	0.15925817252382
-1.00460935758164	1.28984460910527
-0.64030961864469	0.728987638520628
0.154501082874623	0.0997206742863064
-0.125129408645547	0.0908447398436829
-0.648770684148097	0.775953804950512
-0.00753331282431383	0.0052604152282079
-0.646072318022905	0.589989728344169
-0.924594858837493	1.26064469663908
-0.621865390619736	0.664229623605858
-0.617548016793691	0.749022694111514
0.02633592077305	0.0200123957488557
0.304766851082408	0.299084187439365
-0.146475088653471	0.104395567856037
0.245835896303227	0.215359724255777
-0.620987319458992	0.662129191785023
0.0890012789133253	0.070832854544031
-0.28833577738564	0.242629270056045
0.739649410732141	0.814119554319992
-0.888461229990743	0.906554806184613
-0.370220846425037	0.334313200810703
-0.755643611776956	0.946547027460958
-0.374394137581314	0.366658112131007
-0.276275495227233	0.278934432950338
0.0717797937518903	0.0519023887435289
-0.139237532052103	0.126040464165077
-0.707572699905392	0.573582180363393
-0.6138698938606	0.652359516362387
-0.168403176677407	0.0971543728724519
-0.136680563382023	0.12335717471802
-0.492168311843103	0.4248305394412
-0.405079608488429	0.35985677711343
-0.211834793485587	0.115408725385113
-0.555430047891574	0.637277649884777
-1.0681761375626	1.62683666067487
-1.18040540857208	1.72695247544859
-0.459475736680564	0.536841114084271
-1.18927474093894	0.674314702205785
-0.996922463819315	0.500245115175116
0.476343160018263	0.299002158650091
0.114825598804828	0.0389239887904741
0.00563325177754429	0.00398078308291247
-0.31159956885191	0.23176995067446
-1.06347042383864	0.864655932638692
-1.04786382925772	0.422554751457188
-0.233689169788626	0.076674255613353
-0.666280631376187	0.398734085771687
-0.048483340844854	0.0233439188759277
-0.166720587533231	0.0607503375240969
0.132236167244569	0.063295469237266
-0.30668993294906	0.227254015363866
-0.541948836718086	0.54295983215819
0.164936559512053	0.125939691730552
-1.00444688718254	1.29139883814636
-0.614240797994961	0.826139068423415
0.0362976054877645	0.0298174361098513
0.562754954549044	0.633604422357036
0.417083698540873	0.413101490828723
-0.0660545877464055	0.0421696408156779
0.162380864503449	0.13535134864645
-0.161256176850909	0.130048236397822
1.06143672225921	1.33272404105111
0.50324622640685	0.520147100512357
-0.176550490222832	0.157495703991195
0.596101187314041	0.789878412817442
0.5795806816777	0.779439929871341
-0.493797287114742	0.425522831260847
-0.660304338986162	0.652263797215466
-0.690761656237209	0.489898555561593
-0.80821227610574	0.89473677434519
-0.965441432515115	1.49284969827138
0.577740185122046	0.556377537213219
-1.21123499295117	1.27042906123518
-0.713640231503391	0.635456158204574
-0.722631507584459	0.700178777634473
-0.740764301673645	0.724927971399428
-0.996604366722644	1.2737706179077
-2.66020968212829	2.9949405661097
-0.903033664595441	0.849556471142966
-0.208946498032192	0.113784779954025
-0.452164300285605	0.397890923614074
-0.551119822344261	0.555586103271531
0.46301444392689	0.496283396258737
0.434826255421343	0.407857627204081
0.276321861837633	0.215566535802445
1.1912229267117	2.25873861471938
-0.258400462001939	0.24278147672696
-0.0234538406748576	0.0160063813662678
-0.806603755742011	0.945124115212393
-0.174028158482006	0.121460043047049
-0.329762882976895	0.29968257281066
-0.808463056372107	0.77664397992725
-1.50945429387638	1.94799792638641
0.437159069798699	0.498301280794106
0.235182358212158	0.226761243454573
-0.211873753193385	0.20132282944855
0.397000177909766	0.48180005183339
-0.359057229821337	0.260856405597042
0.053084210865976	0.0341584756997144
-0.525449930763732	0.492871992577399
-0.603023160647585	0.449171129269407
-0.373595581636783	0.416026873737417
-0.585050162329608	0.664793150669873
-1.85199635305331	1.17594909821342
0.371056022348203	0.166697220282981
-0.411606579711645	0.174215663689476
0.873941445516223	0.468704502863131
0.443732970873086	0.495017756878452
-0.071587079409576	0.0458256393041404
-1.04272005949682	0.419280018630572
-0.536205624460728	0.205369028212502
-1.29400316630539	0.590898975396601
0.656158020331686	0.91718301475397
-1.07651606865198	1.15042327933611
0.266222337828025	0.214916325329185
0.248878458169168	0.327394090018076
-0.489863613359943	0.570431386877339
0.550140962047616	0.831246959519237
-0.412257728345184	0.514514426132086
0.871179919773024	0.886620380237935
-1.15633469851551	2.08538127108166
-0.0210628232212105	0.0144000163022322
0.381605025129177	0.313080060480721
-0.878601482466133	1.20666589349243
0.219264860210901	0.270929511495346
-0.423212348463894	0.637181375955259
0.0139596078067323	0.0120950976632826
-0.472754269153387	0.446284286173659
-0.640002233569286	0.582871996619785
-0.365299790981873	0.299172966316463
-0.3615791202388	0.262552355779834
-0.444131091636119	0.427172813727133
-0.432409171742971	0.535266970564314
-0.204253655786128	0.139115195534496
-0.333462346010832	0.15544043726936
-0.622081631644923	0.516529913840639
-1.99205424969338	2.59383812802188
-0.291004593906464	0.245189065623746
-1.02489942604887	0.938966085658453
-0.145485607877084	0.157888659443084
-0.523151348755355	0.402188604096903
-0.402758868692923	0.357399587366171
-1.99178513782304	2.58854336148359
-0.170140947928296	0.0981702297399198
1.11648825831915	1.13950900366964
0.327432206357783	0.371588621607041
-0.611080390036588	0.738300740923236
0.00240219691600896	0.00220347999881896
-0.409843100044794	0.429240961370024
-0.204275884545633	0.245058131655038
0.352218619395233	0.39049341469593
0.0796115257408331	0.0578163765582352
0.905844438290524	1.01358336009082
-0.641371610870965	0.584855029627888
-0.358951976408399	0.260712286296548
0.459172406719816	0.311705389184428
0.263569908421086	0.204542070286975
0.288848121534208	0.307650888613398
-0.388732420365398	0.583857806283499
0.102899517866243	0.120329237670502
-0.0249253367806501	0.0257909950061258
0.04359136903649	0.0280048293386876
-0.411800556044568	0.290065948240237
-0.376965433006761	0.369614453060522
-0.413360386723721	0.402933170016611
-0.189782162266734	0.166500086176156
-0.146148437414436	0.104207276387753
-0.933021390121186	1.13939777194405
-0.0557225448325347	0.0267580454350921
-0.0459236230435092	0.0221260521686091
-0.167734705918524	0.0611523983971872
-0.128120237141696	0.0768559869519401
-0.676826379314762	0.716583020309024
-0.361094383005638	0.261827580388809
-0.539003042837417	0.206891853429863
-0.816141692172838	0.546639215669628
-0.143752465553508	0.102327640182086
0.10107239723295	0.0851142843851382
-0.366646537051982	0.26706560975329
0.412168048428746	0.311619556086844
-0.501828680195478	0.435407882933842
-1.11471423163494	1.09409044528252
-0.521598613896781	0.399630274184577
0.897120510588098	0.777075865883175
-0.484265052290203	0.328905791492658
-0.0336659299353374	0.0225804426017835
-1.36684812172805	1.78957401651204
-0.466491605493584	0.478133721372539
-0.270953259903043	0.20537412575069
0.140191645391206	0.0798221197821379
-0.419568259366223	0.240686462071727
0.517151622017387	0.42725388330412
-0.0892796166513226	0.0671696231712048
-0.431504746751094	0.411997583790765
0.597249353736935	0.554321171391535
0.0808573117507923	0.0639594764275233
-0.803975727634789	0.702158155791686
0.530229117499601	0.537304096566236
-1.43929387716451	1.77385472045335
0.073635265481337	0.0533273711555724
-0.0794610144009213	0.0509232378757231
0.646525941279224	0.898783113390315
-0.326040358047719	0.325767007567626
0.483909257056709	0.509297354353998
-0.67487533421092	0.405801360945323
-0.351524592518183	0.214737257426806
-0.508819759721107	0.269805676976633
-0.359057229821337	0.260856405597042
-0.0566735487838951	0.0372068413556799
-0.101209484541933	0.0874531057317669
-0.863825388958094	1.12404244571791
-0.251443147543291	0.16718612282629
-0.463397838000822	0.365722998000597
-0.689496858751323	0.777131443348076
-0.549452231134061	0.553699105339459
-0.112992867153701	0.0837771766745459
-0.704682993642144	0.569388101667049
0.244909588239184	0.220329281286201
-0.442213030007336	0.386929723696846
0.0154952724763464	0.0113925791100649
-0.201694686976504	0.137196214085606
-0.594673077650433	0.680109962002899
1.07744605763981	1.45267262801061
-0.410560470413992	0.39922809839017
-0.505468032553043	0.513686250386576
-0.656446940362436	0.645965575851486
-0.529613806746047	0.569859442145251
-0.334292622359608	0.304564695677657
-0.461767453403153	0.47185734470894
-1.12282383404613	1.10428195225052
0.402321563531729	0.302471879655736
0.264551163641353	0.213257679827744
1.44992775044151	1.44697630143717
0.29084739830378	0.198822080413861
-0.0220530958698755	0.0113238028019292
-0.445947224403853	0.391614679285497
-0.721599023161835	0.645598905760174
-0.816177721817587	0.714130763288528
-0.419925247302307	0.177942559842652
-0.453000942179398	0.398871640975054
0.96261897060946	1.04919571947005
-0.0352017457291417	0.0235882341840871
0.168266322334385	0.119731137163666
-0.314633436887341	0.234236037007187
-0.162987665666967	0.11291021122504
0.0095373194547283	0.00501439340692541
-0.431844562760126	0.248792263706045
-0.709553948637732	0.575212303471081
-0.654898899367887	0.644779701480219
-0.247580948724098	0.191836568975647
-0.967585968212263	1.04666135688349
0.0355230951173695	0.0217499584993498
0.29238376616475	0.18853917572793
-0.0517039793087341	0.0248171375513156
-0.362166381635235	0.105626912484328
0.125541488754479	0.0538572524062044
-1.06598896861499	0.86565348347203
-0.358139684551223	0.259681884499113
-1.18694826867483	1.50340287399476
-0.507150286242923	0.516177595836963
-0.277677741513517	0.211002334292087
1.88323639472182	1.61413277535423
0.284085521255613	0.194196024246923
0.156031581781956	0.100817532570854
-0.636572090140867	0.577886889102184
-0.187788039521145	0.149479555574726
0.498683536839765	0.513559611438612
-0.395361407609793	0.349543144639252
-0.310690343549846	0.286481225429763
0.390186930530771	0.307627891434341
-0.867561876436602	1.00432900735369
0.356960700752705	0.311666010855689
-0.225407606500828	0.198323312717015
-0.408196299075897	0.455382115263012
0.241793211810271	0.234098922058802
-0.28227798217373	0.302621340795434
-2.88816153541285	3.78078746258178
-0.106187497909867	0.0662058224872502
-0.807847050273963	0.538741005340651
-0.812815588889099	0.633073258154213
0.523016118199005	0.528717751273724
-0.0998793573000842	0.0755282760109347
-0.8179116112382	0.548889099067227
-0.425333634438135	0.24407833717264
0.317952059667506	0.175850913156667
-0.122874423402176	0.0892383136829217
-0.218442564450512	0.172069347421574
-0.572578179391283	0.527414127473656
-0.168536412658417	0.136333986474787
-0.422492337544237	0.242261257910111
-0.0214104186951523	0.0110277060806506
0.280298001918186	0.19108984994584
-0.266592608785638	0.135062450999918
0.518928479697563	0.522836103118017
0.597750036449344	0.722222670325676
-0.920936077273106	1.31176431503735
-1.04658607286788	1.19683516834643
-1.61552193609004	2.48749659799334
-0.624310605649048	0.302828046887611
-0.270726487568997	0.137686856751388
-0.408658317651551	0.172462484592832
-0.00496547384716498	0.00349995412704203
-0.25192629006616	0.21354487712476
-1.09035240363067	1.59253926572412
0.152492386123632	0.0933746258733546
-0.0518712368881131	0.0249649060118607
1.0337967962804	1.09346364158804
-0.182620714894402	0.127792572662492
0.737250425821412	0.811682608196494
-0.220462349962282	0.120390887991802
0.136559381566588	0.0585291574469929
-0.809688505295765	0.7091335494378
0.730615967912425	0.713578594072799
0.37427547117805	0.305738266836598
0.152784749894518	0.0988597448635667
-0.127611679372078	0.0766497209664428
-0.953155990144941	1.10064320649794
-0.408267628578395	0.328711276348891
0.156171108776616	0.101179533168929
0.933468842535967	0.629477308633037
0.379913529433626	0.170777812231944
0.424935578467476	0.170987715399205
0.305770912905568	0.183784453386072
-0.0981608609990276	0.0611065210488683
-0.0507821724880726	0.0333037279239958
-0.0469716470792134	0.0307618271636534
0.173118466869113	0.132561545479306
-0.515374687303333	0.274640995826127
0.424686162586357	0.17084869480222
0.273279569079628	0.195596708670435
0.159978205550595	0.117785550052325
-0.100656034922579	0.074304210694722
0.0773036025961729	0.0561245933116464
-0.24679388638363	0.235167708955403
-0.547362715599413	0.598500687321008
-0.0752552809434624	0.0482164825739402
0.059723176970475	0.0416099190394829
0.180167045044141	0.147686185815047
-0.526641108153363	0.49439283039402
-0.288970573820091	0.269960136796915
-1.09156350703292	1.39535097005801
-0.0158671707731703	0.0110026552128146
0.16122129145456	0.109766517525608
-0.0254480469188658	0.0173958338813653
0.581666249002005	0.302167196037622
-0.412656054429682	0.174681011524449
-0.109840851405886	0.0441180348982198
-0.815022796688299	0.547406731837517
-0.235094801150004	0.181150118921689
-0.918692167883281	1.37095631912746
0.161286373063286	0.109632650529674
-0.127605699261698	0.0512896699368977
-0.0222527996256082	0.0114530802883579
-0.128362767726421	0.0516183444162896
0.49889743048775	0.429552594862592
-0.58592501961636	0.665228963732773
-0.670652881921114	0.664295860008536
-0.331527816995936	0.301447970218402
-0.181297828060242	0.127018104352316
-0.573020551141695	0.527738309031788
0.147507865368904	0.0901113554780244
-0.0803043962779948	0.0355992518776308
1.08301116189533	0.818985009666046
-0.597943977764669	0.444448433232848
-0.524216831202732	0.491049912793638
-0.234825838604354	0.180870355621858
-0.32514909251439	0.151041337765175
-0.78810398399432	0.348831685910165
-0.0269234318928467	0.0137413748324584
0.163289842143126	0.12043976444562
-0.361438659207614	0.295062362792152
0.160778133398705	0.104240806713105
0.25868433367389	0.214964799962859
-0.366517752999923	0.330147925446255
-0.401522234708421	0.322122833580454
-0.503095205074891	0.435689283865921
-0.210363460509023	0.183272612780615
-0.0356473065253098	0.018105725005458
1.08051111565716	1.46727126617229
-0.518980011388026	0.397887180157061
0.668368229261474	0.312768205499108
-1.11890819310537	0.774622297810129
0.145828384011954	0.0367587486446884
0.372399343899737	0.167140159545225
-0.907407194701316	0.85368768889623
-0.248403722375833	0.164773968884918
-1.36140014815711	1.77373179689225
-0.400098804538058	0.355149993335928
-0.308608068957042	0.228573614753041
-1.2524053225354	0.959242157006895
-1.00524769573252	0.505793543555981
0.133246353397963	0.0637431305249746
-0.146003329741763	0.103982646973579
0.290625282030227	0.29620068397179
0.419034673369742	0.402758735430113
-0.00335411544461366	0.00240484819511486
-0.610137013098917	0.611305255216334
-0.241181577437236	0.159013225490147
-0.541762025292057	0.617339148593279
-0.473241231361101	0.486288231699113
-0.066234239630632	0.0515070226138733
0.32696347187999	0.308958697457815
0.280415166643554	0.296625879004545
0.441579924955793	0.415967634164243
-0.226344533379351	0.199338081731932
-0.360612460324852	0.294975394626733
0.149527783414501	0.0375652210591108
-0.420424849941728	0.178268943095334
1.02118575779327	0.386986467154184
-0.0851067978648522	0.0377019577383759
-0.887618540719341	0.904223529562127
-0.333685189066712	0.326246575795958
-0.591796018953823	0.58569742723224
0.274873207275624	0.197039341596822
-0.283675252489006	0.180326325536689
-0.978861802473322	0.609263279438663
-0.20995968483125	0.164707109633399
-0.402059122987969	0.357239105383794
-0.111858742710778	0.0936907865872886
-0.0848486821792768	0.0637313373669284
0.523831721500933	0.434524571158512
0.410943267394121	0.311171981510261
0.663122449488123	0.5729848213722
0.016458176914418	0.00954977603309841
0.369893513487104	0.165943605424061
-0.930729802729106	1.20290629211152
-0.753284226844302	0.942412475517105
-0.74876162482423	0.88794844278038
-0.362805717989624	0.325624381358624
-0.90526482092329	0.849108298416081
-0.163793329784282	0.0597182116427333
-0.128164201718866	0.0770235936098087
-0.676214879169639	0.67082508967388
-0.625233722394189	0.519036656433644
-0.0488804972451053	0.0235319358470361
0.48043510659457	0.302149570642856
-1.580825344579	1.55281766018195
-0.732141365536121	0.714628899377475
-0.710748782605079	0.576880302900513
-0.203482847818687	0.138416544902006
-0.438753083764471	0.382546403547751
0.178851445278894	0.132729427728574
0.502057574114193	0.432112556767887
0.134007588043216	0.0703947611814763
-0.633986054279258	0.573860017887019
-0.0799878005966982	0.0354658614475926
0.879043619987642	0.472755150184904
0.323057978652354	0.178686581965832
0.12358856102015	0.0472406880187794
-1.34061966337796	0.845881199932722
1.13015144781492	1.39193035660466
0.773478292726808	0.730431368777858
0.154896786470855	0.104685675365302
-0.0174704793700203	0.0119741618379822
-0.123653054850768	0.0741995076224657
1.31262627398235	0.575986404326764
-2.08578796571711	0.965562416707721
-0.211906143148332	0.115803402542726
-0.479783334008689	0.324982313401193
-0.179856663095427	0.12578752123054
-0.357088369119126	0.291098337440927
-0.354621560084197	0.288354684480639
-0.398180647371279	0.353158460410638
-0.906532566769914	0.852831184995794
-0.0455385352083555	0.029794817438339
-0.724954761483212	0.703118673718813
-0.0533807769389962	0.0350091529122209
-0.0752315294411297	0.0481413586599085
-0.137465441495199	0.111845926216354
-0.214400611496591	0.187401552756227
0.139085026730033	0.0793362178142796
-0.233901330056976	0.180058479906933
0.593229227077535	0.448923789812491
-0.41323615205198	0.174757850001927
0.932312496738066	0.6289019498196
1.01938669987078	0.386305411802006
0.285632146543926	0.194872386993983
0.0657594637118098	0.0443040570814837
-0.920952975912724	0.782840986565173
0.136521879287965	0.0653982312527402
0.584137801647847	0.303971114344916
0.124668373869305	0.0534876113266994
-0.0127112409201397	0.00669918391943485
-0.0984864403022318	0.0725608560556044
0.0956150543440467	0.0742602407832537
-0.95583658064401	1.47111597853875
0.049469565557696	0.0317689283082375
-0.697474538622589	0.495747045895962
1.10241496898494	0.985541903756748
-0.0434644616277461	0.0209715556575863
0.133719957549112	0.0453066786126365
-0.810310090433236	0.710156151521525
-0.883300207975262	0.96909942241303
0.976710127264623	0.79594208363375
-0.405706587833261	0.326071624874715
-0.496910868019959	0.430376866581402
-0.648854402391363	0.592770814761692
-0.274772878022873	0.208715422805057
1.02967977016502	1.49633907844972
-0.474992740459241	0.489652925944924
0.893860450708447	0.773569245425657
0.739148441592146	0.814460958633363
0.166579401908251	0.118342093781498
0.831022503540219	0.75454479910559
-0.132187688243673	0.0796596892216945
0.12179621988377	0.0465965388459672
-0.0806731947887289	0.0357206382053144
-1.92299912407528	2.38428002147005
0.164118412082781	0.12113411242269
0.156739893922719	0.101529708204896
-0.355006911601143	0.352176939512635
-1.03557670594704	1.26456831532585
-0.0793463890833087	0.03521425570834
-1.34809297318271	0.852835582156573
-0.0526031862060218	0.0344648881712329
-1.23675521576141	1.47142107716352
-0.530540813419785	0.575316303770519
-0.890055997208235	0.908914531589078
0.00987200196599147	0.00696334734479499
0.385605982131614	0.302585535286064
-0.412585354234203	0.290689843400921
-0.237416623792839	0.205250853179919
-0.0516834394304506	0.0406806028166818
0.0173693413922134	0.0127609730637749
0.248728009235649	0.224146433709472
0.121894418079529	0.113061874034146
0.239128819463174	0.231242880148008
-0.019734662681037	0.0135010402171579
1.0108689292644	1.30052538455398
-0.998309395168808	0.500810095205061
0.315789071425905	0.17429689037599
-1.51308953704211	0.779721954830417
-0.236606371241214	0.0776017669502627
-0.188063333401348	0.149967644580311
-0.181515846502509	0.175410530046465
0.365729218812885	0.309158899043942
-0.457965475042872	0.360978017085325
-0.521315414763281	0.400911238411319
0.897880663556655	0.77822112454895
-0.960150418198793	1.03241051947592
-0.313289084859484	0.232997354237905
-0.945411080605879	1.16251332582718
-0.613390581736391	0.741017619070937
0.72282893664021	0.602138406316518
0.158520832636489	0.107729382658282
0.931406209890286	0.627665453408919
-0.306745296742079	0.227515161569869
-0.25889713188639	0.131359750868756
-0.375584786098228	0.394455844113914
-0.467449765337394	0.514581074955806
-0.313012320244574	0.310141064384329
-4.01299394869743	1.76442641905919
-0.743134960269164	0.780102179536876
-0.169727786996245	0.0979455744126709
-0.26700518478164	0.135568800337019
-0.307287391158727	0.227162502333826
-0.290382316009337	0.185525549896673
-1.22770031177701	1.46056685287046
0.369485116849662	0.313567447788957
-0.249628169439261	0.165846860127456
0.550071205720593	0.543313806536629
1.30190588058669	1.52179370558874
-0.174857052183133	0.0635999691348714
0.288606642033734	0.185785016439652
0.433954647143081	0.174597287039438
1.22347228463854	0.841038919394943
0.895287481519163	0.775570428352671
-0.482102979181881	0.327207192994924
-0.05787470780533	0.0379923355516995
-0.460741270553597	0.362966787606324
-0.323238713947161	0.268031037416787
-0.256131891752377	0.129709400379022
-0.67605804255157	0.407087048444411
0.696578277712093	0.455958015250249
0.0406643045278225	0.024841752623083
-0.524335739502413	0.403844973821182
0.151857341268948	0.102856882197718
-0.721664113385416	0.646382547358932
-1.372254506389	1.97599854929799
-0.524249366705329	0.403763891596429
-0.404704043619976	0.32515946576357
0.623391279810277	0.559125816993716
-0.949489327669553	1.0956500959024
0.465202820205025	0.499644202073882
-0.406596549472151	0.361506689045722
-0.0238675343636118	0.0122392201446032
0.710729039596319	0.590170331766336
0.169290661333036	0.125316182596243
-4.2302686863378	2.0231880974477
1.43432010058299	0.893143282214638
2.24732800033311	1.72623223696592
-0.42068139610652	0.178138779139834
-0.130424425441626	0.0949070932191229
-0.334938241086589	0.305176393646769
-0.188387828244421	0.15032316260549
0.838750217883308	0.761658245269896
-0.788915540437304	0.349290087251084
-1.17121849482217	1.03330843219238
-0.0519995348619939	0.0340955357083704
-0.0710110054171995	0.0542030145281031
-0.93541004850298	1.21401890240792
-0.366916098420302	0.330674381568403
-0.729517243023358	0.71131766467248
0.415111085386149	0.314508709308949
0.63013182543378	0.445387825900595
-0.0686675083045189	0.0439130633144001
0.140785309842846	0.0419396944428236
-0.643696965234543	0.587478232669354
-0.203174324420736	0.175874806831548
-0.325179349074499	0.269964220380197
-0.94185411455639	0.697828580555987
-0.789622472173722	0.349483656755185
-1.24425259404811	0.948169895757633
-1.50797963865712	0.776533934641885
-0.677059823468583	0.407208320335559
-0.427206332447071	0.246211159976315
-1.12149494720552	1.10518986380545
-0.181141862499039	0.1268007746686
-0.6957496471717	0.494989075225732
-1.29307840715644	1.43507539895434
0.595185389559748	0.554098217052852
0.415560268822476	0.315079250852218
-0.330290420678813	0.153721356460474
-0.0264893583722876	0.0135585818942584
-0.327613534158169	0.152332701514415
-0.460297463372358	0.36246569386233
-0.494063868190795	0.427190590155252
0.0355230951173695	0.0217499584993498
-0.0482776284224612	0.0316303642953226
0.0617480933061547	0.0414326755634113
0.161707179804011	0.127187687054918
1.2550848070177	0.693178123428776
0.76206243453599	0.452755860136155
-0.812905455170033	0.449284509756125
0.285846612034894	0.195527856922398
-0.808582039774636	0.952784529049505
0.526272064904876	0.532983416403451
-0.640364495618962	0.583363906877743
-0.649914759634317	0.779490231119988
-0.251624749597313	0.166974331813458
-0.406510365586072	0.326309732016451
0.265056705905608	0.213843303572991
0.257787510620946	0.220858094951121
-0.655869487754764	0.600024806837446
-0.404979829624497	0.392757379462889
-0.646961031522375	0.590054028741747
0.282885838433409	0.203620566333431
-0.305786300389741	0.226456275807659
-0.241560246013931	0.159692079333238
-0.627787446837567	0.305516134916016
2.88602060669665	1.95261611931363
-0.795941889014967	0.352582915736233
0.641793342672919	0.747695122610838
-0.888437850065265	0.904156381867541
-0.0127880619977041	0.00887966742002947
-0.479783334008689	0.324982313401193
-0.329365868316713	0.153301014137715
-0.00176455227069535	0.00092277217719955
1.14267533081638	1.52434782120023
0.170455085515792	0.126097066537042
-0.193924333043713	0.155075244201524
-0.864541646126598	1.06378475961972
-0.898546095040294	0.919976663282183
-0.406923379633063	0.362876188556084
-0.168901691557673	0.0974282902157682
-0.699516177036773	0.499481037029131
-0.479558521913478	0.324461701972328
-0.628108144227066	0.708664535298044
-0.220380594817695	0.193137217717902
-0.984152419211683	1.39891227560972
-1.64758946896852	2.31730939496065
-0.149908346540925	0.107014163153926
-0.545810209745922	0.548676631977318
-0.526333045487202	0.49323125017448
-1.53327386150544	0.554071585244721
-1.83448317285978	0.756769538624434
-0.409960400838201	0.172873237512939
-0.0759200721007232	0.0485797771662683
-0.788554975426877	0.348914829418651
-0.741848012858367	0.258096023054699
-0.806504056304195	0.443811756059223
-0.169927228543243	0.0981693526195096
-0.56854225900914	0.366509999920599
0.256133216796276	0.219366497880628
-1.49762680447867	1.05821121675642
-0.521593955586678	0.488098474155099
0.0893236643627739	0.0745515755347529
0.372572675580378	0.316337598317723
-0.2074190217319	0.162342406128304
-0.811924007310055	1.01272060538217
0.298195528073322	0.178599841566552
-0.652146830962751	0.782613173752678
-0.311651557245354	0.231784265462133
0.588432359085417	0.444359206207524
0.840379747881159	0.616720000860019
0.80323955999135	1.02801350207228
-0.16564088831048	0.133867696002555
-0.193042825211762	0.15424324368079
0.144707667757662	0.0826478531255168
-0.456729156706839	0.359508855291114
-0.239924368096107	0.158317490328623
0.284740589668061	0.204819496573925
-0.368133127558671	0.331612290807289
0.245870018357999	0.227427323145771
-0.12306346963078	0.0893991121308206
0.40955753608571	0.309839751699588
-0.324398256476375	0.150739750676104
-0.245644697002354	0.162637913116018
0.823777283485356	0.744213504243985
0.281987168809807	0.202546285103489
0.143386816909437	0.0818244575075854
0.597149130770019	0.555398478387912
-0.340555037403237	0.310983949319758
-0.0703609653652031	0.0450225934923373
0.0867774425373907	0.0671131785186007
0.586492747269084	0.442040324940137
-0.209306276057226	0.113931610731365
-0.919379658787531	1.24557778233827
-0.0896800461691824	0.0675495327090777
-1.67171237954203	1.75786321928945
-0.237167925237963	0.182897464263384
0.872521608456028	0.886749811543165
0.156565210155178	0.118733500561753
-0.719206723422681	0.645020606908117
0.341707067457472	0.171235638787958
-1.15139926544857	1.29581884140863
-0.935980657529737	1.14537654223959
-0.644996874056949	0.588065147471052
-1.74701186423712	1.48445015184541
-0.722540480289858	0.647889579219278
0.519609944716065	0.429432362593543
0.0579690136403307	0.0388342648336676
0.764058913983435	0.599557444104084
-1.15188997403914	1.29879374063241
-0.518906322004107	0.276521401306439
0.143665287756915	0.0427236629465922
-0.531219473395044	0.499205919963135
-0.167007946678184	0.0608040704424062
-1.0055170664969	0.505458413299925
-0.220959017757963	0.19381001911874
-1.36954915836547	1.144352500906
0.417967066566061	0.316812051582068
0.694700672064094	0.944492144679296
-0.600280179615873	0.688114159451757
-0.242397228120168	0.210057377599141
0.165645229605467	0.126653283860133
-1.14800150731192	1.53084776603469
-0.730136129863087	0.762604603155557
-0.499782699675292	0.43262269377606
0.821286279998748	0.743332430722497
0.894155912844501	0.774842527101301
0.239154299282736	0.214628909247457
0.0709272197439947	0.0496423739327742
-0.407796411448229	0.396247922664351
-1.56183541368453	2.32601208477534
-0.814721978366228	0.637408248804156
-0.0281988943848184	0.0144209040069324
-0.0488804972451053	0.0235319358470361
-0.52731372798669	0.406127380150812
-0.305660656778057	0.226263219649611
-0.458805960152238	0.361252028810334
0.0367716642074362	0.0225075582785078
0.315101009757295	0.173529906724198
-0.0189769203147372	0.00981661955885189
1.22027348126546	0.838484660856868
-0.207979394929184	0.141981707588769
0.687379274969468	0.449399715514929
1.10885820689927	1.1281477222749
-0.256283599944003	0.240460321842609
-0.135796159008565	0.0990388836851954
0.116905857140522	0.108118265785427
-1.11161577624269	1.33332409373604
-0.444339899844844	0.388511869689106
0.644677246522089	0.658685140027874
-0.0727116430451819	0.0465518136450625
-0.275524719781155	0.255423813162477
0.422795997827517	0.407251814599942
-0.165694655071393	0.14990641048071
1.12998621808047	1.28064791880815
-1.17823220427283	1.04311862024441
-0.707149882191022	0.572053520415663
-0.321244741920482	0.239406606729463
-0.09515040875943	0.0717272617519877
-0.89042463883214	0.909151122808627
-0.90232277605541	0.848527316048708
-0.669107210766456	0.401175977581011
-0.628084835768516	0.524297074299468
-0.511888508228291	0.272084462032796
-0.216349212383938	0.170164185983166
-0.311751763960908	0.231985156570829
-0.238048417060954	0.0780891030505443
-2.01165833277621	1.42193583692929
-0.643506271279338	0.156786530055825
-0.360456731308573	0.104884503482122
0.130708929261949	0.0687638640291719
-0.692302989032314	0.492485866913609
-0.696855814339497	0.496966942408312
-0.290707733329248	0.244797964003163
0.0352031428611313	0.0215106184742146
-0.817984829276709	0.549853696758891
-0.747138937936057	0.885335687088682
0.00318461278379187	0.00226104899063781
-0.858882871303495	1.27993274336985
-0.873878141549506	1.01970433438927
-0.329045778950023	0.152976200254856
-0.521772844123569	0.4000818152191
0.0289745301437771	0.0232262648406293
-0.956815128266823	1.40928804659897
-0.81229449723846	1.01148492475079
-0.448848885964947	0.35076936840708
-0.327388548372014	0.152023976899769
-0.39929640870594	0.31948757280352
-1.11373081810986	1.09232152801575
-0.705464926531425	0.570418036549452
-1.38102128735015	2.4875349900809
0.289222302610905	0.198172942519818
-0.705279385728296	0.571007732142285
-0.806665027683436	0.444806365814789
-0.412290403925535	0.290545231134936
-0.416258978129526	0.293962514462313
-0.643184268963989	0.586533964337472
0.523710247789829	0.300986573280643
-1.01576904034579	1.22965224592503
-1.17983267854279	1.72797754673967
0.748584365474802	0.912864609052696
0.738085949985491	0.971035585035869
0.414938939798751	0.410095629155863
0.825516454155317	0.746382296255134
-1.11675583943694	1.09724253765024
0.761496748687436	0.595625716552578
0.337131625722405	0.310697032519558
-0.00546858518467953	0.00378621188857356
-0.101983625527022	0.0753011950419099
-0.406115135560944	0.394465154393102
1.07555901801335	1.45739330550965
-0.247115536401652	0.124007245192174
-0.484265052290203	0.328905791492658
-0.309253457912443	0.305187559897896
-0.483998340480891	0.327390967827166
-0.402461427402826	0.35764432545372
-0.607526018454646	0.453810924636841
-0.567413943433413	0.365493492578201
-0.815949188491666	0.547485378970504
-0.596300282286482	0.442992261476952
-0.707183479101852	0.504819017901275
-0.538440187846927	0.206758866526095
-0.426712035513248	0.245597852297579
0.510303034449659	0.183694667904733
-0.495117118959807	0.427749269363313
0.428461841491524	0.172250582533061
-0.423131071867169	0.179320024632959
-0.578665651418057	0.70419262563127
0.632391198154646	0.446403039889921
-0.0753821318804663	0.0482500880559065
-0.576004721406767	0.700197915344194
0.768635105588518	0.913297816443001
-0.56679609009165	0.823947877525238
-0.41385622499533	0.434395229371267
-0.223488119576552	0.230280562554434
-0.394842741974939	0.380006251279695
-0.648459892216146	0.869164669237967
-0.518138445708913	0.395876263468495
-0.168639659146686	0.0973157820875157
-0.566133348197308	0.364572640369321
-0.427645194493348	0.24649303595482
-0.538614196730549	0.206624351562852
-1.61447594943021	1.95412720161179
-0.623063274037091	0.518761436550762
-0.815746386127183	0.635073404353941
-0.167527449292993	0.0610228882448846
0.839544531567623	0.616083801521991
-1.10943109662913	0.763600397819092
0.629219757558947	0.567931429821765
0.693312336234451	0.453152059810842
-0.306219577623713	0.227147678248374
-0.244218588523115	0.212087056115177
0.390157637054608	0.402573356340622
-1.00662862704494	1.61265006731729
-0.990968597136218	1.34138323332201
0.833250200712378	0.757572856829345
-0.295646004826168	0.189678057047924
0.76877505810755	0.604086886017677
-0.700682732076695	0.83789095746967
0.230557959347957	0.245195567646699
-0.451448525218162	0.613925740208899
-0.723163584111264	0.701681778937524
0.00151280412558783	0.00081248300087346
-1.6240701727978	1.26013112946063
-0.498823366009375	0.546103188677036
-0.51367560218535	0.524486380071515
-0.766526855110088	1.14325552186032
-0.555149994330095	0.560235469215624
-0.602394105525362	0.447718872760402
-0.515051358639817	0.274425622246119
-1.74412329283258	1.48274470412101
-0.692629919605357	0.824807954369795
-0.328679558688356	0.152835350935582
-0.622182527552928	0.302074532621127
0.126580946763741	0.0484205414565657
-0.537851012915914	0.506735045088116
-0.739537230825823	0.256790305287863
-2.5921020928315	0.67750903851891
-2.58453548475525	0.676764203908389
-0.350690672121524	0.213183889392655
-0.236305907551276	0.0774158597277084
0.140856107682898	0.0418399406262348
-0.539996981034029	0.588328695135696
-0.512950289642425	0.273372069632629
-0.947581844041247	0.702591026030547
-0.516006252058165	0.856803835364627
-0.573069357258305	0.693904268034846
-0.740955051845193	1.07409697543855
-1.00232952128595	0.503607892077094
-0.328679558688356	0.152835350935582
-1.00071253580956	0.502391908964939
0.314618665353831	0.173876596048657
0.0866403550060126	0.0737595050137534
-0.00315103893852929	0.00165864001677976
0.510303034449659	0.183694667904733
-1.18897524813586	0.674978266110169
0.1393097200573	0.0414857340564309
0.142761726532005	0.0424383939640617
-0.176208202634952	0.0641050752213532
0.517011032305669	0.185903633300896
0.131416766923374	0.0564326013447517
0.183941630480988	0.195934510698827
-0.0792272585628511	0.0816203097446729
-0.436171373495203	0.587232416410018
-0.590103139963968	0.780617180567393
0.840299597495566	0.617895660674521
-0.267259189939473	0.135896801529097
0.136102142644639	0.04598579768964
-1.15751711758073	1.54739485688586
-0.0500381426698603	0.0445518947207486
0.13734647710181	0.140800716030058
-0.127947203055979	0.076943798327974
-4.01299394869743	1.76442641905919
-0.484265052290203	0.328905791492658
-0.0545766346636379	0.0422053704690794
0.287528958455393	0.184802008278382
0.420112298980173	0.55663345096782
-0.176415562038545	0.123253491235838
-0.953288477664222	0.708811956091128
-0.438162827433758	0.454651356392499
-1.29344278343992	0.590245914120149
-0.643123124462485	0.156504140249688
-0.708385180993167	0.629903067533275
-1.5380893189947	0.555528608035834
-1.83277758245026	0.754444070298794
-0.630264637780198	0.306854983141789
-0.647461655721112	0.157598110120326
-1.15067412918645	0.352834915266282
-0.209782210017285	0.114580526934442
-0.516674702873881	0.395729753212563
-0.735157760997472	0.254663419862201
0.138983315146558	0.0414025350222139
-0.296553488680458	0.353160824296295
-1.01475915558565	1.31205648365758
-0.126659547104284	0.0921170634630378
-0.989270694947822	0.992086874442143
-0.0939426095971078	0.0583419970288403
-0.209532607896428	0.164156697204032
-0.436630756919295	0.614563844031381
-0.519794429616462	0.601354637196006
-0.426009994622452	0.24416311286684
-0.52134086192046	0.277281832836691
-0.0214162368945116	0.0146332018395638
-1.2130993764851	1.69444642656889
0.502246560226453	0.433258782574279
-1.24738715831465	0.954033261982856
0.0631281868035485	0.0440819996299033
-0.0105854166649817	0.00967791469218857
-0.132303037807431	0.133551330392974
0.307202589588252	0.395000106030302
-0.600362066563188	0.799495377726171
-0.173438507266335	0.121009501567647
-1.49762680447867	1.05821121675642
-1.66184616118707	1.73354092318658
-0.000321771713542217	0.000255593971323762
-0.160348899813002	0.158123531882675
0.223856674815833	0.237015981722711
-0.35216301859624	0.349441725353818
1.07267331188191	1.35767247448921
-0.819634977721345	0.550829598602346
-0.572294876683644	0.527251007470624
-0.775311127961562	1.1634895771619
-0.0388895008189357	0.0314713623904553
-0.271885881621661	0.31436012972857
-0.205562975954815	0.19847771789468
-0.577975354397705	0.704087537498264
-0.545683183997516	0.548036818287911
-1.17565424399182	1.03949919803782
-0.360080716519792	0.294195196955003
-0.972216427314618	0.602759450303125
-0.167814284601087	0.0611122958404124
-1.15392338036234	0.354212278509058
-0.993719971161017	0.497671136898656
0.0956242257232384	0.081986240759683
-0.626168371127749	0.522158313284932
-1.15439361670696	0.354342573020678
-0.0556183204186848	0.0267012708067225
-0.555217697707663	0.471584310534563
-0.566360445875724	0.606747069840089
-0.411150400095051	0.288151083428579
-0.692532972708487	1.0017299523272
-0.318411798108069	0.237362933274665
-0.79390713873614	0.351551459161185
0.520445447447052	0.430813040000187
-0.0834817846062436	0.0370346255583982
-0.740941800230378	0.257318537190623
-3.76853265433323	1.5149268511572
-0.860306460419678	1.11678772707807
-0.383171835994901	0.429609094313151
-0.541904790015814	0.809590884663841
-0.991125334727001	0.991891807805332
0.252579603376324	0.215953885659654
-1.38019106516693	1.62292190328119
1.22980600381595	0.846899896730581
-0.0780272370696748	0.0499683561072023
0.785281437387096	1.15843371768744
0.386250965734082	0.407935340069525
-0.0655488397403078	0.0430337281924175
0.088985251885227	0.0648722539128622
-0.102163423486185	0.0754471835623543
-0.0758589167199189	0.0485866785729112
-0.425962132359888	0.245201298332041
2.25361276255154	1.7364247596494
-0.358725853577644	0.260667423159262
0.619567718854601	0.790431718305161
0.424474090678766	0.56429860179768
0.441415072824174	0.504419107658011
-0.336745757446414	0.351875433682274
-0.350199992192173	0.213844306594528
0.0555737389107264	0.0357887103573284
0.480921527017502	0.302663010387787
0.651662812270722	0.826676807017898
0.234421644736057	0.240905126861701
-0.401372342895995	0.496649904700454
-0.43532237691496	0.450989044131778
-0.81032422037321	0.840038361044135
-0.324550046423997	0.150926811049504
0.0232697650676645	0.0134312586341144
-0.187017826188416	0.193878667475104
-0.242786229620112	0.230886607238545
0.0785283351260855	0.075593283439007
0.64502781270028	0.753464653629081
-0.28811845074184	0.325608359265029
-0.325384852808826	0.294342058731633
-1.36553454667542	1.3872086328991
-0.713803656187235	0.579998560331575
-0.482769569891793	0.327448627479854
-0.264713356748478	0.199710961147885
-0.262164130575202	0.133179784820661
-0.0601820858294807	0.039468842651272
-0.117328396366128	0.0472382814820246
-0.242894765745569	0.0796348330145537
-0.262677747700059	0.133160093281085
-0.570237725400334	0.367066302080315
-0.190045972464768	0.15160745931456
0.130130225074194	0.055891225054438
-0.354374396218792	0.288187850124151
-0.311126053200633	0.231295329470963
-1.53807547202409	1.76448091000794
-0.360957161266939	0.407136507707257
-0.968204745788732	0.600636523115894
-0.810541407797998	1.00882231941644
-0.770465029710956	1.10913499851853
-0.743134960269164	0.780102179536876
-0.530160274560785	0.57481302410394
-0.641633572012731	0.765013042054235
-0.643889763897163	0.156661592959279
-0.363619197342818	0.105894774191241
-0.619707870158474	0.30020422367339
-0.630055962189897	0.306429394145344
-0.661400785455624	0.834861376305715
-0.17948218427599	0.160628197431185
-0.123675948298108	0.0740657972159089
-0.622772639596291	0.301726262715513
-0.815022796688299	0.547406731837517
-0.722469159494652	0.648978725858312
0.839979406510925	0.616396412895242
-0.788010854383733	0.348646522023297
-0.511365346755456	0.272394249548573
0.577889008184146	0.299844258167883
1.88238373854928	1.61342829165069
-0.267714144955106	0.136100539505666
-1.15347733768864	0.353947479713194
0.0389088180415507	0.0238265257039112
-0.536390913513823	0.693367635316051
0.717324807973398	0.811530020294836
-0.658336978726178	0.953919744979686
-0.500373106128082	0.64458642915049
0.591082044570926	0.446766933361733
-0.703203772510218	0.50155290377967
-0.416626445408699	0.238684340228297
-1.23271945250466	1.46527495267696
0.811257534867953	1.21586272579156
-0.30982899961872	0.349766939801775
-0.370030643338768	0.303692780143316
-1.83855370151719	2.16536120821196
-1.85249669358767	1.17748689509848
-0.078572371521343	0.0348537957440428
-0.191248363156224	0.152785734286752
0.0149626197282728	0.0109880131399947
0.367742485398072	0.311386130497255
0.453998229849234	0.497698433376262
-0.709046231765752	0.573343140233275
-5.09920182476321	3.89218049827648
-0.819725147997293	0.549368519507661
-0.622182527552928	0.302074532621127
-0.29749355911622	0.190677526543484
-0.414828580143038	0.175497670231101
-1.83272146163845	0.753687558534757
1.25801897563274	0.694425653582333
-0.157227046461758	0.112547215343922
-0.242323132990394	0.0794545395999312
0.805628040967924	0.339040267176394
-0.487880433166619	0.331357426659168
-0.0455017115860752	0.0297850260473508
-0.976104159759752	0.607863548771747
-0.330444142477973	0.275354041851792
-0.359402675301978	0.321819383195278
-1.57733021383844	1.54609051876242
0.0196355092088327	0.0149159052360739
-0.284456182001383	0.181141598753146
-0.727871877141291	0.709464390041462
-0.375002742654639	0.39334213255091
-0.00867200117430792	0.00451749302471345
-0.416426702650503	0.176259986735965
-0.428922601763221	0.442073851763117
-0.212266514361873	0.145186348784111
-0.167814284601087	0.0611122958404124
-0.797290903043392	0.353405248491079
-0.630264637780198	0.306854983141789
0.387198431692498	0.318619436229072
0.315457490605058	0.174389651558313
1.31410625822521	0.57783656828618
-0.163793329784282	0.0597182116427333
-0.425117835627454	0.244765663779858
0.421218083319536	0.169306142598634
-0.0862153061797636	0.038182813753959
0.137491058495855	0.0464919533469216
-1.06351307015786	0.865457472648448
0.236648709421342	0.233124223539069
0.480848901840009	0.66143020697293
-0.306487823197288	0.409472374741346
-0.240367767178598	0.185780218195119
-0.418469619141922	0.239778237626456
-1.29372102355982	0.59176400453293
-1.18058569353961	0.667579924296952
-0.69183095073965	0.999964022303535
-0.28783976505373	0.345804575507283
-0.00152503450736729	0.00077780321121567
-1.11973781780432	0.776730039319451
0.93871391671757	0.245790150722076
-0.0793463890833087	0.03521425570834
-0.221181122130192	0.174342806491404
-0.296479401054729	0.314527058867214
-0.810080458071336	0.840849065008569
0.166410583342724	0.162672347626704
-0.169963009045945	0.137814523251117
0.135805977315208	0.045997318265274
-1.86913928162532	1.19217437959548
0.133962793640632	0.0641477163722926
-0.537326396515919	0.205816889414991
-0.643889763897163	0.156661592959279
-0.793098515782442	0.351690335205156
-0.26956938939156	0.204031133191389
-1.83539757756382	0.75750800966345
-0.0720369535469034	0.0319496928258303
1.25430116810845	0.692170239986747
0.591341038462644	0.446371365519591
-0.405379144253444	0.325637992683085
-0.970640715548483	0.602070267812576
-0.496066093947635	0.429390917714873
-0.622678214123344	0.518476866137916
-0.594352526387426	0.680414418879885
-0.478074498534698	0.587320450736169
-0.0216587853245798	0.0111535367349073
-0.719288882413976	0.953250612268301
-0.355498002429758	0.217311193308992
-0.384453357615637	0.378880248734467
-1.29354534993742	1.44010661758273
-0.623484586687404	0.302800553007253
-0.242025564504491	0.0793476290892232
-0.538440187846927	0.206758866526095
-1.27203827016742	1.21307577439237
2.1154242232078	2.16201706352752
-0.023384241113221	0.0120008957218302
-0.741848012858367	0.258096023054699
2.33849736371749	1.1750977249438
-0.420155887615966	0.178117963222853
0.342491531144225	0.171570981982343
-0.0455403352952954	0.0219451358815445
0.320503237143382	0.177159524291351
-0.272929326899322	0.252473491434546
-0.336012779583412	0.379647973173537
-0.239223918216172	0.245094911561235
-0.365484328664206	0.328847476827296
-0.232817046683503	0.076320654332776
-0.429493618127958	0.504036839821539
-0.181283973872421	0.186564819236461
-0.171217135368666	0.0988882213647534
0.680232414984775	0.442160160940287
-0.415880213118191	0.176088333213337
-0.337900914676481	0.157545838366693
-0.740440751130989	0.82597350100182
-0.134961444329013	0.123927836528605
0.280649732629939	0.191471354504457
-0.733018739280127	1.01836903182017
-0.203705736316361	0.138572110955352
-0.512157764202943	0.272974519735246
0.458086380381618	0.310559264773378
0.131666765306145	0.0503231715267364
0.126580946763741	0.0484205414565657
-0.196566090006953	0.229188659370388
-0.410715038650377	0.458771527878909
-1.04359703690809	0.420463940972424
-0.363619197342818	0.105894774191241
-0.54298951890346	0.208686132634316
-1.0440627882473	0.420113469192121
-0.543552235605529	0.208968478049413
-0.543552235605529	0.208968478049413
1.1065883199806	0.992717785699165
-0.0696395563500835	0.0530744019110136
-1.11445430607988	0.769726422269136
-0.448516608979681	0.39414491694797
-0.917878673578809	1.24639618919574
-0.746151045211633	0.259667037559905
-0.263525383338003	0.134033111124304
-0.512210393105524	0.272112497617259
-1.14699119250833	1.52904659793067
-0.707632311797586	0.572320380432468
0.127368387880844	0.0487264991670796
1.04661731927128	0.507649762836834
0.434205852502874	0.174573220965599
0.649897891813891	0.206374526154303
-0.357284835734928	0.218372875577589
-4.23083021944514	2.02311603996682
-0.515374687303333	0.274640995826127
-0.456990282280605	0.500842963984231
-0.196515405992878	0.220799106385791
-0.314420760658289	0.411497804679699
-0.683407653802212	1.07348766567398
-0.353563068106034	0.287413863980654
-0.63127269362914	0.307180413649044
-0.541383651327926	0.589473723969971
-0.291653676661548	0.291186773065763
-0.403592632588825	0.324036671647826
-0.826773471541753	1.57504639507792
-0.309995756013953	0.230481033031572
-0.820073693745454	0.551188497375695
-2.29900129298328	1.17810099608835
-0.672779142044464	0.404667128086811
0.135538095266814	0.0458551699678765
-0.565184406862697	0.753965801224506
-0.398645981146228	0.467577449176083
0.637844900967666	0.903026289841824
-1.85468770980262	1.1786986284249
-1.1859909634831	0.67111093873212
-1.53717500364267	0.554960306214636
0.589302139108598	0.445167491095265
-2.29929471138622	1.1783275149489
-1.02412818975625	1.24322564843295
-1.53327386150544	0.554071585244721
1.06721919932182	0.652696600407374
-0.046928354292585	0.0225655251749012
-0.0674399152453356	0.0431155832328012
-0.61829456980276	0.65781516003805
-1.06217670518547	0.86174871770474
-1.29228716924778	1.43875515418453
-1.03273305151119	1.26124982972563
-0.206054631640376	0.112166522186619
0.484216842101631	0.304598477743333
-0.97759572025601	0.608036368533696
-0.488048201781345	0.419522500324683
1.06000014830255	0.646295868895285
1.06030347331641	0.646536204389874
0.132620938429534	0.0568874520951038
-0.119179601913398	0.0479937579676386
-0.211402770228878	0.115136591950371
0.482975414404131	0.303686743250901
0.136181721877305	0.0518856090147792
-0.914366285850604	0.771259886967738
0.30220004132557	0.296042407141871
-0.8636019000396	0.996744425992189
-0.524295447936774	0.608716659917303
-0.288548924480942	0.269717601036621
-0.69535549865944	0.826534447206501
-0.627700642762886	0.523907785170797
-1.18269376360502	0.669000973844369
-0.935685480072356	1.14516159995839
-0.487577309811957	0.464939191812121
-0.21334271191965	0.203046430332509
-0.81157030999399	0.542987381330407
-0.753778872193015	0.987565232561854
-0.32376315474032	0.268616592802288
0.36457356531171	0.163001689287133
-0.298429311198725	0.191314244479076
0.632513327787088	0.447516466195101
-0.0831166930913799	0.0368197999642231
-0.594065876000889	0.678750438858985
-0.0635430173677645	0.049330948435104
0.510668821075204	0.183517588552839
-0.114397417474736	0.0461317845792404
-3.7650365789172	1.51294271983965
-2.08603393409466	0.96449409129375
1.2550848070177	0.693178123428776
-0.369264997016825	0.33299469623538
-1.83448317285978	0.756769538624434
-0.975307555569783	0.60720885021355
-0.145230919702763	0.103100449093771
-0.160624347496751	0.129469126363261
-0.416932295672681	0.176432436193325
-1.02468317273271	1.24855870087809
-0.458402891529876	0.502742644003372
-0.629660057232783	0.525211272130235
-1.07713688801927	1.14913263508205
-2.81038348596458	3.51233580240573
0.146032243178881	0.0833658748132276
-0.249544610767363	0.165518366601418
0.167880678479042	0.124098801622047
0.0837991078174899	0.0628641116728408
-0.352854703316518	0.215696217851148
-0.355365935184747	0.216663746873944
0.384300367805115	0.315446527605803
-0.176460685366138	0.12309323341414
-0.264406533445697	0.134136213790559
-0.246299381311088	0.163413939329262
-0.822602246581283	0.553291962291517
-0.468431926173022	0.441239149658567
-0.538693463672583	0.537644979696272
-0.0264667648627245	0.0177459713578514
-0.248099525840877	0.164392019962094
0.0740404068923249	0.0536737352168328
-0.802659409201469	0.768671736385345
-0.271755819662386	0.205525505140874
-0.464793947730075	0.476012203755663
0.0391430026827325	0.0239260907318781
-0.718922743706185	0.642445107518762
-0.863544085527437	0.9983906097991
-0.287458932679172	0.1832416164038
-0.162772252332467	0.131254308997201
-0.785169599684833	0.347346077464268
-2.00105708412771	1.40607091702422
-1.6304712130631	1.27083794996585
-0.512157764202943	0.272974519735246
-1.06413975257899	0.862900879855309
-0.317537095423508	0.262435894536531
-0.0737801582726325	0.0471447499803215
-0.00217123781900996	0.00113503979606285
-0.749614813615948	0.93137997726689
-0.971975928770517	1.05138672008032
0.521846956073877	0.4321761937112
-0.665921465850882	0.658986084273751
0.265772902504066	0.197882954738316
-0.548054331726977	0.627888540019183
-1.30034902701297	1.62362133805861
-0.642101696848943	0.585209137637916
-1.44926966949914	1.56637406912897
-0.319989227659464	0.265138343063985
0.287892675839221	0.197180205286595
-0.486297497720269	0.463239701454615
-0.81302253073973	0.635792152602218
-0.579351303544718	0.535858095033442
-0.595133706571369	0.591714910204263
-0.0257951477353503	0.0204725490913856
-0.730345676112574	0.710947907230926
-0.688520787694621	0.815869542653108
-0.553434438187071	0.558580534711279
-0.953340615943686	1.10344748569589
-0.129234623718861	0.094174022310005
0.559433408507237	0.445148346732476
-0.20995968483125	0.164707109633399
-0.664462490496611	0.698326957644265
-0.49763260433641	0.430151340481169
0.598352983632518	0.644725606753511
-0.468941536660016	0.518123628362071
-0.189549834109902	0.16685639508505
-0.904978357771135	1.34141700900056
0.148585866998194	0.0958581883095159
1.04132595813318	1.10476559545647
0.933579277174227	0.630060354373161
0.942209830507994	0.635325438034938
-0.507405172451794	0.269556982742218
-0.207482702970923	0.162540556087934
-0.143565035877647	0.102075370402496
-1.29690104163846	1.61864082249284
-0.813776378165354	0.714772922466338
-1.43375015565714	2.15214780259832
-0.243760753831283	0.211582290383439
0.258993931829229	0.215021610697309
-0.10661116066431	0.0908334642149723
-0.609437156960722	0.610187453306166
0.039866523573102	0.025593311147884
-0.478596523142046	0.45412990221442
-0.579718789333016	0.535764064800424
-0.317193125831848	0.236548023054025
0.628961670079773	0.663902549900508
-0.206022917501716	0.140316763376944
0.35531011102148	0.310297953831588
1.41683015175049	1.59883292431306
0.28118710656873	0.191830143626703
-0.493974592179303	0.472028126172857
-0.172069241838032	0.119932255633662
-1.36294720117164	1.95127647438524
-0.0478481299573432	0.0313212717805295
-0.395989522646616	0.350464780257616
-0.993616555217508	1.26369237839958
-0.613317101546453	0.652067024089727
-0.204513538509479	0.159794635939662
-0.437700537039785	0.419304425784833
-0.29633547903619	0.250546214222108
0.168139925926621	0.12438945395292
-1.03318834922066	0.949528087473161
-0.359197657115698	0.260771692688654
-0.623934840732071	0.519769911004072
0.266222337828025	0.214916325329185
-0.202492380068327	0.137634555621388
-0.366150656286877	0.329914882121195
-0.62106041809556	0.663778159329467
0.0312987944205693	0.01920238811787
-0.919255443316355	1.2485943221454
-0.166090166518306	0.134139070819856
-0.180389313946245	0.126199128699245
0.259216310402577	0.215621794042587
-0.311222617337149	0.231497490843323
-0.422955496723321	0.243459792570078
-0.45509783634905	0.358124967007804
-0.369838949945686	0.33348023098293
0.475938781244199	0.423193624097743
0.594715411212806	0.552948245925691
-0.799829782733168	0.763945034301539
-0.738331340964305	0.775054548207334
-0.554258447000009	0.471576861620068
-0.849846030576965	1.14610698352938
-0.207418158929586	0.180388430990745
-0.016481616827248	0.011422735904059
-0.589350016365719	0.672548473132409
-0.598392093584778	0.595920445035066
-0.0292290037974518	0.0199003411357318
-0.30885546144766	0.285183398865642
-0.809185988820408	0.706870772654395
-0.508047875617459	0.269827365910371
-0.0969267574024485	0.0731512136646581
0.0421971793481508	0.0271390826884681
-0.619771519735214	0.661812185494459
0.162045230527447	0.135045456296145
0.73319370273004	0.803715131228852
0.162247281826962	0.105323003925377
-0.62021406901498	0.515640983530506
-0.0324929382264795	0.0217714087927413
-0.149207452594709	0.106563025523868
-0.021924200706086	0.0149981603272386
-0.743227829996766	0.831408462720038
0.57337282493818	0.55061116785762
-0.594377287189226	0.590588869186776
0.0300041682033454	0.0183835764047228
-0.810285433370067	0.708094430034972
-0.477531352816533	0.452703231387243
0.145576470978578	0.0831528002212904
-0.818960990267178	0.641758275138778
0.895840016675489	1.11436453115333
0.0769308881257263	0.0539332132392224
-0.234994947117231	0.202635200211111
-0.660500314247959	0.650220074814156
-0.215387416231531	0.188379173565421
0.273824735840927	0.205318091843257
-0.0148523843372287	0.0102027685054525
-0.362288367151118	0.325613652209152
-0.953869768025825	0.708605008785887
-0.328512567410627	0.152882934099669
-0.828169329520782	0.648608839070475
0.0681190714617565	0.0475715854340777
-0.0438105028079513	0.0286763164189631
0.262418497020023	0.21837136985504
-1.21261842643008	1.27418887337721
0.874002667352456	0.890720997008172
-0.210877691236239	0.183972590479129
-0.374107816996528	0.366195005864635
-0.358279306744697	0.292310144782547
-0.650079571580547	0.59444105617218
-0.599230356485915	0.686983955314978
-0.0133922925014825	0.00922668583281974
-0.599652042334828	0.447107315089035
-0.428861311958611	0.246706860922904
-0.0765256697813192	0.0339312694353969
-0.746821774243893	0.835150504319759
-0.80946747336206	0.777661700299229
-0.164387942822071	0.0946748838876151
-0.00135793707982648	0.000710475360033175
-0.121088961547046	0.0487649822681702
-0.505629188481164	0.267825639225062
0.0215540704254256	0.0124478208158663
-0.105058649042554	0.0777277111752706
0.0534004484438478	0.0343579546258934
0.463621347056297	0.425587455183939
0.769161109272101	0.458726226836139
0.835680628417657	0.610916079100267
-0.357988863093337	0.291863069346307
-0.207584959741739	0.14113763352488
-0.235358995400824	0.180971123035978
0.443415179866115	0.417321221193444
0.160721223168755	0.130235360114989
-0.875596952307329	1.02083224166358
-0.0820685445736253	0.0364020461771077
0.273349640689729	0.204430984487535
0.137544770231396	0.0523698783608667
-0.421219984668851	0.178376295691611
-0.810474288164623	0.447003156352787
-0.725752945619522	0.705063881146397
-0.235244471081509	0.203144681010027
-0.753656279818211	0.844886489899143
-0.922031302160627	0.784562867208052
-0.52731372798669	0.406127380150812
-0.893017175239671	0.913421735363183
-1.00951280160404	0.508764632003384
-1.25160921053035	0.957787703210555
-0.176946101053873	0.123711640300972
0.167192224760112	0.153973785049815
-0.53839216113225	0.611169994126569
-0.708029455133088	0.572598662132774
-0.64110973724623	0.583466694687879
-0.629118950857677	0.524745662061351
0.449702699205443	0.304292859965443
1.37055893681133	1.05438992870057
0.126517413282581	0.0542784291940882
0.578198367883177	0.300213667840215
0.0793788177989891	0.0576160599263422
-0.88667174154367	0.973272333369291
-0.317876723346677	0.236834599931517
2.10529828850034	1.46384578993631
-0.0372091385412037	0.0249505611722642
-0.150839687515401	0.107797833469797
-0.017538809470265	0.0121595728585154
0.165507849783219	0.117552466522243
-0.313180625570759	0.258223503271009
-0.814166435892414	0.715380176246832
-0.240762106413458	0.185606213144063
0.581024449651978	0.641601818959511
-0.236748818315157	0.204371711630212
-0.246258446814367	0.163386183842877
-0.318630225695887	0.295434277804007
-2.04448357777687	2.1610972595803
-0.701948506809139	0.500907471050578
0.144707667757662	0.0826478531255168
-0.672984205650301	0.711787712539348
-1.36869550461444	1.60480465448533
-1.19836532300108	1.24848667787433
-0.625680941888358	0.521920823794748
0.132915548409005	0.0635606906286475
0.424902921823802	0.170593983933991
1.38206042371231	1.06647173732271
0.022876228481829	0.0132083589279964
0.778374056116553	0.837379472156422
0.274762285257984	0.214429367667047
-0.980324274321609	1.31694435338376
-0.414014329975852	0.370011929965819
0.0337643860518321	0.0206059296722269
0.286489342541394	0.206277545049955
-0.17790037108451	0.12438365737209
0.436279496636411	0.409401141065627
-0.369264997016825	0.33299469623538
-0.00940479568267906	0.00654015892433122
-0.0366923786446765	0.0245988060905424
-0.317631884163104	0.262222553457151
-1.34158278925388	0.845970571455589
-1.85947365057212	1.1860234310602
-0.260217735858802	0.132041011967463
-0.135539681175833	0.0817158659730966
0.156617506229767	0.106456153001109
-0.716497254414854	0.581959636656924
-0.665828033469553	0.398417530058067
-0.398371143841715	0.318586282196934
0.314961881183527	0.311509475200135
-0.591577970262128	0.676032588412335
-1.37076914094588	1.79304956126199
0.290983788034311	0.199115860299981
-0.725709228322894	0.706184817753351
0.397777786845492	0.314720476709184
-0.173614179164597	0.0631315478454414
1.25163765370796	0.687961909754693
-0.996951852885058	0.500309713813726
0.274126095575096	0.196226594335658
-1.64086678919814	2.30552069637266
-1.32038115020866	1.8274243534338
0.0179679704440987	0.0131946101226309
-0.482047787019179	0.32687804842335
-1.27440050327405	1.21069264993848
-0.722955569412806	0.648955314094191
1.39297770461648	1.73679728027815
0.45422955203122	0.415036054354735
-0.370037199913254	0.334081090948147
-0.40018682979633	0.320508759898617
-0.0615447042717509	0.0536051938081266
-0.0728921637251211	0.055541533275401
-0.42508286799778	0.244774726639616
-0.0335502164540765	0.0224956796654721
-1.27251814019413	1.2130949254069
0.831358561604676	0.605803272525958
-1.36753370065876	1.14586286536213
-0.335474880484524	0.305968786980803
-0.700944557607681	0.878991974511163
-0.29442219807679	0.248663643770833
-0.817523645770407	0.548021861899395
-0.511540845871858	0.272261220085654
-0.666645707377897	0.39873241164251
-0.975860100311684	0.607337302838219
-0.264799809236029	0.13468569590973
-0.116490965625942	0.0469648901038593
-0.921836747596134	0.783615117042508
0.162925662353427	0.105768350663786
-0.416549293293125	0.293661256105399
-0.131789594476617	0.0794127614855522
-0.264256775323489	0.134340929172496
-0.121968457227465	0.0491257814845276
1.23075613109954	0.849917599567846
-0.211444946223704	0.115115488098298
0.230759921984974	0.216590102846264
0.265775951310706	0.214066313947632
0.599432166951626	0.559035966147483
-0.205600801343893	0.140186196370234
-1.85154720864715	1.70569058627129
-0.41784753083378	0.239153891115606
0.157378332389137	0.111347409727628
1.11392874232464	1.13825512812297
0.314248339881759	0.310300456177134
-0.257517876765996	0.241282169296952
-0.110911065065664	0.0822977446667429
-0.811612579745309	0.447647759016902
-0.295646004826168	0.189678057047924
-1.27183147208747	1.20783459553983
0.455188577101095	0.415699187038158
0.164368549159337	0.106746982365565
0.0805534499820009	0.0652532077604306
0.365990966971311	0.309130202359793
-0.501415135125678	0.43448047539884
-0.360547179139917	0.323400281552041
-0.904728621353923	0.851915112761694
-1.50933407130767	0.77729948010748
-0.537315035936971	0.206219810031048
0.970639028043135	0.788836703638372
-0.638625858470948	0.58051713901584
-0.192156661776628	0.153507334164062
-0.571613683485661	0.525958594827843
-0.00336566900213599	0.00174444428080664
-0.250184244896491	0.166260972825976
0.432965793249319	0.311845183410698
-0.330638543187264	0.300660252873547
-0.627631572446756	0.523365988170007
-1.44238248558117	1.77919348356234
-0.459701542474877	0.361150463852328
-0.324943441993112	0.27016355066519
-0.799242079289403	0.93487960181289
0.560118843402554	0.629310049163279
0.558575050269302	0.444498125888038
-0.582240392942573	0.539565619687322
-0.809413726786408	0.631181979704769
-0.741848012858367	0.258096023054699
-1.37703147319863	2.32109786031574
-0.462481844272869	0.508971122015525
-1.07415141716033	1.14103347638776
-0.411336703163519	0.174112307825355
-0.177007790049868	0.0643755652653329
-1.12022186645478	0.776919708070814
-0.228495669755941	0.17505581478233
-0.293651541827874	0.187121955588873
-0.898177372162834	0.919396895491568
0.0748920053754804	0.0542195896445055
-0.625966193544888	0.304092312163021
-0.790166934135272	0.349752325890181
1.75930782875001	0.985527496464087
-0.280063590743632	0.234083134340907
0.0989407640330037	0.0747912533802771
0.500283516731797	0.430073164073899
-0.421906183061224	0.298015863515588
0.0403109632073073	0.0324379961299217
-0.251034465860231	0.166586828875042
-0.132530642679363	0.0796364979977216
0.515188829011069	0.517099370610201
0.0377687186978561	0.0231307768733319
-0.151546195997398	0.108329384980822
0.174236755536324	0.137906663266112
-1.15253539705602	0.353154418604941
-0.554258447000009	0.471576861620068
-1.15392338036234	0.354212278509058
-0.203208522396334	0.110555718435398
0.254812867775448	0.224173035546664
0.168161672360295	0.140876416032601
-0.183610257552855	0.146118981212639
-0.401759542511969	0.356794581475142
0.816787942634093	0.854155235828453
-0.320802432620242	0.265968383660913
-0.15749601556648	0.112770291704256
0.13912027261828	0.0264101516649031
0.426763417978963	0.171717622830452
-0.537769173978919	0.206050731976013
-0.0297596526720856	0.0199638130412107
0.519403369416405	0.523513919243771
0.255226415021843	0.224733641520027
-0.614006544855305	0.743473939874671
0.280299970701187	0.19083342450008
-1.06341171015173	0.86109114641334
0.573644987797486	0.630556331260896
-0.806828517582757	0.890916404505137
-0.477314144841897	0.452724059311412
-0.261429572969396	0.246043214631288
1.37598175044679	1.8584429751452
0.106499681628685	0.0959052269741244
0.0803916170670578	0.0603006356139846
0.125438755776582	0.0539125712291976
-0.811022634654999	0.778920047396089
0.157580323249715	0.0965326622834306
-1.53327386150544	0.554071585244721
-0.691804311988579	0.4907785769771
-0.617092381967387	0.657418043578881
-0.643123124462485	0.156504140249688
-2.08433551908383	0.96418035335272
-0.16434390508375	0.0946625894302244
-1.35277553099781	0.859897434488365
-1.36378714833626	1.13735943363792
-0.129437448615957	0.0777637672911519
0.431033069519722	0.173555585006391
-1.85219007468335	1.1778386619725
0.417014017631065	0.167271314671911
-0.0714920512281565	0.045764456077014
-0.59402899502638	0.680030310205828
-0.173650662525572	0.121156403333826
0.077669565652565	0.0545391994246389
-0.410223241060393	0.330229027674093
0.0231260249355462	0.0133085773047384
-0.0871874594013035	0.053963988928168
0.717526350262745	0.597467100210854
-0.676921250590071	0.717788402781412
-0.201519061411445	0.157012328454016
-0.0786758026998414	0.0588320044411559
-0.579032928727048	0.535646824121945
-1.15707876120986	0.354760041850164
-0.711370602383288	0.575871067114403
-0.569797358018383	0.367162518067779
-0.945163132093068	0.701774961086693
-0.598210708431456	0.445304930289155
-0.247164897617055	0.164093880020015
-1.2945637325033	0.591302991254098
0.14575993281085	0.0834298188868844
0.931950133432299	0.244413497437813
0.900648799627312	0.780015320688872
0.771398839212453	0.727583109656673
0.172846628444164	0.127975142162914
-0.886517548291884	0.902257744914604
-0.26864501757936	0.203386970248223
-0.0892261902631192	0.0671873589073361
-1.11876388475112	0.775953300784841
-0.21441255072258	0.146397680741805
0.147685616873541	0.0372140815523598
0.653242855413462	0.207522075223881
0.127401176765911	0.0486776025592294
0.31346238141484	0.188692367728499
0.273977904367951	0.195996981065812
-0.666793519440148	0.701894144649685
-0.213022459818522	0.145703383960488
-0.811088524631228	0.711185595984366
-0.411336703163519	0.174112307825355
0.0701486804222536	0.0490012445063505
-0.574931287757806	0.529913523042661
0.442911610124101	0.416504887902412
0.321905407466395	0.293603064472541
-0.0731745825361102	0.0467362815278358
-0.614676036256374	0.65389479298018
-0.251797108217221	0.167270254486337
-0.0808096939208594	0.0358093487069885
0.552752012321317	0.43843045277755
0.318349525747495	0.176153323122017
-1.0424602576406	0.419767093556931
-0.997785834488091	0.500156493842972
-0.936631483958113	1.21574106239936
-1.11556590702395	0.77330701344695
-1.26844958830436	1.20076640591946
-0.362710949837822	0.10577213020672
-0.171459560951733	0.0624735259319497
0.312114662326805	0.172010728971765
-0.423394547068522	0.24377349253437
0.684486046708031	0.446179738104794
-0.166720587533231	0.0607503375240969
-0.644006342900786	0.156718049862583
0.132055846316588	0.0447762654002208
-0.973796169452033	0.605537456656926
0.281959177405896	0.202835957776514
0.0215540704254256	0.0124478208158663
0.0732780686313746	0.0512683556347637
-0.815279778623029	0.637180449132497
-0.118167975302211	0.0475958821832056
-0.328290720757545	0.153037061163128
-0.428435867968471	0.246677885717854
0.933419268668555	0.91667193070711
-0.394255481769217	0.348231132362981
-0.516052287626137	0.395168768847825
-0.647461655721112	0.157598110120326
0.150921468814773	0.0379194736694598
0.80254307274593	0.337440554502806
0.140458165206262	0.0418615852654621
-0.568601219726511	0.365204110733809
-0.346921260486146	0.249963076245506
-0.328512567410627	0.152882934099669
-2.65689929040684	1.65630387417082
0.128193918224566	0.0489929274062112
-0.626309483031997	0.520814632331375
0.139884098064408	0.0416988824150201
-0.11222121740687	0.0452297350951107
-0.811245710650039	0.711141177670262
-0.72033698740473	0.645469087383093
0.294684973439405	0.189911883695519
0.161085288117446	0.122710469292339
-0.504461964970176	0.511591762450692
0.136091441543412	0.0717761886159093
-0.514904041419268	0.27427589806961
0.148598486564552	0.0373599031239063
0.147649013295955	0.0371443901885897
-0.238048417060954	0.0780891030505443
0.123113728309991	0.0471196042066694
1.14658011508691	1.42183009649558
0.278661389945084	0.209150142231646
-0.404808051081007	0.324399283029405
0.637154252768667	0.450316644728236
-0.265680088338612	0.134726889732687
-0.0702650109975575	0.0449659922509068
-0.54674013503798	0.463167751249163
-0.261045670936457	0.222540163876331
-0.615481831589513	0.655247866294466
0.0130480999317436	0.00764228121603646
-0.336979804446656	0.307100722122733
0.835492938159897	0.610789526965992
0.13114174684669	0.0689993178400246
-0.804584083953277	0.702284472104276
-0.62747991981702	0.304622139923601
-2.30379628491797	1.18259983140649
-0.508518334792099	0.270216667097813
-0.918160154711036	1.24543822201121
-0.285197416533059	0.265857041814362
-0.267714144955106	0.136100539505666
-0.376694578848272	0.34125841936962
-0.950596016934819	0.706756150534827
0.271097432547231	0.202607049869268
0.686385111516802	0.686168612054341
0.451026531902018	0.304767978114441
3.62653315041301	1.43316175170825
-0.367917894368281	0.107101339671787
0.367297507151026	0.164673936832453
0.60239247809103	0.650101557029559
-0.463931214249038	0.366247828124558
-0.909818342635572	0.857196430676622
0.376666796937908	0.307184175063574
-1.0013127043792	1.00735058506074
-0.411364566275804	0.289276946449264
-0.407718734990559	0.286217034461378
-1.07852538934384	1.14913864491983
0.273997644932499	0.205386136424211
-0.0985860443036118	0.072608400325712
-0.150113402093945	0.107152933454697
0.160358575461291	0.109108865180169
-0.535921830813524	0.20531687711624
-0.644006342900786	0.156718049862583
-0.414557503610828	0.175513398695098
-4.2302686863378	2.0231880974477
-0.359921624151069	0.219917309454842
0.160214669950463	0.113679554246191
-0.814546483792715	0.714618208765471
-1.75004377167198	1.49019686902335
0.129425010246068	0.0618624382421176
-0.927082814602149	0.79023300118825
-0.0222527996256082	0.0114530802883579
0.139556940401302	0.0415648034416572
-0.916904776418469	0.77595868723963
-0.16591837923165	0.11504379961581
0.389398018102193	0.390476320740494
-0.396374178405425	0.35118002202659
0.319940801077387	0.317659704727872
-0.193021827928648	0.154392419569958
0.73452994287781	0.717298129425745
0.143483817561919	0.0756324905449606
-0.166720587533231	0.0607503375240969
-1.53662981716208	0.555438343483155
1.55234099320278	0.77224776836491
-1.07440335341421	1.14722029434499
-0.10140526613734	0.074876635776648
0.36047016896972	0.315447525727142
-0.80845562282498	0.896196110723141
-0.746630216982732	0.884242330939608
0.552738751522903	0.438550866601849
-0.631028628659685	0.713833014087162
0.241113556793263	0.21071917522565
-0.119351313863804	0.0864527424278892
0.362044255381454	0.304983210637797
0.0232190371328644	0.0133686405202686
-0.207936073985339	0.162948916179219
0.364929877795628	0.308642301352664
0.584167966074744	0.303330891607886
-0.365891443704633	0.300162260612149
-0.877218232982152	1.08727610513401
-0.409905459549552	0.398630446772849
-1.24819862176529	0.952972425642158
-0.945990331919955	0.700704885807712
0.131865266319974	0.0749920129125115
-0.0743156844102708	0.0475892032871591
-0.925450668797717	0.784666162700562
0.933932101635886	0.630595689162009
0.652695254572546	0.207024892635355
-0.806665027683436	0.444806365814789
-1.12349195584596	0.77965447925011
-0.805734059146864	0.624389501453908
-0.385288328410083	0.379844453650561
-0.710393296397381	0.633626427419459
-0.292633265406102	0.1871334894611
0.00397433279346437	0.00208607035806647
0.873420383053492	0.88740979009393
0.865186041503064	0.995175790255747
-0.189633473071348	0.15144541863845
-1.12243442380461	1.10307277128182
-0.415861981910471	0.293607906857215
-0.301685916666071	0.193003799052264
-0.969469535498745	0.600654183775125
-0.618494720318737	0.298535133903102
-0.212643478144627	0.116206722491313
-0.164801068250608	0.0949307485806781
-0.355777739246008	0.289561322980516
-0.621806127426652	0.517261779626448
-0.173648650492238	0.100179405104259
-0.263891522182683	0.134239415908934
0.343012639743442	0.171809951467849
-0.154857757157792	0.110743658968127
0.129016766819201	0.0553994024226449
-1.18227704138275	1.04239296455731
-0.252250129104006	0.167729317132738
-0.637274597093313	0.723740634849602
-1.21171088879204	1.68547527002818
-0.362976010242745	0.326339226532058
-0.279465164590182	0.212538122934862
-0.0317424241838218	0.0216841110188672
-0.353298074656582	0.25562983554809
-1.69216023873969	0.969042717897292
1.02122213309023	0.386053669499024
1.75955206319763	0.987433265790141
-0.362674464141624	0.295932273427383
-0.327353091653597	0.272465630317399
-0.17143660698516	0.139123744809161
-0.300604274090808	0.275896765050852
1.01076023887769	0.952827206091767
-1.53576781788775	1.76162641593315
0.88127898506826	0.89834464447238
-0.523646002462544	0.401767602084364
-0.299889140138361	0.274886096382611
0.171763986600113	0.1271998342101
-0.00408331127086892	0.00281309944157174
-0.764636196272967	0.960182181135255
-0.237123141741509	0.182810585753707
-0.978861802473322	0.609263279438663
-0.824769924561092	1.13642747018962
-0.810533769367897	0.955368669901547
-0.790273493952531	0.349226699508649
-0.432609453390979	0.564550496185421
-0.0987015386170974	0.121390026636974
-0.636552389082067	0.577884670091529
-1.13897682314391	1.81495541483642
-0.00427981979482927	0.00303703653008833
0.00159324563345875	0.000854349509300853
0.478301552548586	0.425986310396101
0.378269313391257	0.425779434958361
0.915243930763359	1.39357757736434
-0.584593716141262	0.711957533505123
-0.106680377877955	0.078998455655386
-0.537560000088423	0.585078013150873
0.284757694491867	0.182813336199018
-0.284892628192072	0.265746982502826
-0.0188481227166401	0.0129083343939898
-0.49400444378947	0.538938839021489
-0.00624660249334382	0.00433219519979077
-0.180265486704646	0.143059713524969
0.378160665222627	0.309506757886176
-0.275119910127189	0.236633229972593
-0.285466776084016	0.266530936701008
0.00708104038667638	0.00499128742197861
-0.358774231354822	0.321178371633833
-0.58014351204597	0.537137680151093
-0.32163880278731	0.266886377826957
0.240395886124986	0.227282511113541
-0.980161591054955	1.31846475615455
-0.373508017687037	0.337852895361272
0.314491767907159	0.311244911960336
-0.332824385183448	0.375182222287773
-0.283456843155832	0.264329683783994
-0.00273678279168824	0.00187061696124355
-1.26451158590418	1.83296611698745
-0.0206369733399819	0.0143094587395459
-0.0305773293996084	0.0242854194066541
0.941136851701507	1.14614148406877
-0.945507844751468	1.44822900606683
-0.297096280118089	0.251198513136369
0.321058807925191	0.302010608801307
-0.545127997309007	0.69207621252493
0.00216410889329457	0.00154777998135121
0.168281783825837	0.133032885449214
-0.0693484961623278	0.0443095590628001
-0.0359048463127097	0.0240696750075148
0.0474172749807394	0.0407862268923372
0.278456550255218	0.318184302969348
0.639937060978557	0.74511105965411
-0.0412181879042137	0.03701568994028
-0.301142710113914	0.276547290806711
0.58116209970792	0.64054288431521
-0.272649319610796	0.206568662517728
-0.551799052202452	0.555884463875466
-0.0814930266887707	0.0694496823477163
-0.0853198078366956	0.0765536609945256
0.183341761872282	0.170649571559621
0.24250942300691	0.235076516003309
-0.735217804466397	0.770569141564949
-0.812147375408936	0.780048162199423
-0.514378397540572	0.392897546748631
-0.993498990533822	0.996205991896881
-0.184312429711348	0.146648586182627
-0.0243408281071051	0.0198494937224647
-0.654768869693664	0.64444679217525
-0.310364735663182	0.230269860939195
-1.15420538313257	1.30332017101933
-0.145928108023575	0.10385812208754
0.144060798177726	0.0823667328235491
0.8830886188897	0.474571024627739
-0.629018825519835	0.524602721340349
-0.418580029248622	0.177413239267987
-0.703802630858504	0.568252252979751
-0.921815019774598	0.781258721043132
-0.00111960408569278	0.000566403939700912
-0.876303093873252	1.02301602019905
0.288217450780897	0.185724523409779
0.780674667287292	0.933082324053302
-0.0972479451656337	0.0605020176843847
-1.17612186924195	1.03874052967306
1.57533207586357	1.71229018938023
-0.351713320448758	0.214317340250941
0.891725955314292	0.770867453724341
-1.03686084156488	0.415624583219163
0.449287492760954	0.30405075471908
-1.04158325318629	0.418585395243696
-0.456084816253184	0.358560647894054
-1.03033878445343	0.946355269480152
-0.166527618388747	0.0961367301070877
0.0270778882267681	0.0155685084810777
-0.208521948574923	0.142386277801568
0.0215701298729767	0.0124604432290441
0.165074182734526	0.101235900745815
-0.407360580835383	0.327144285850893
-0.663501055523861	0.655475937248308
-0.152763535002926	0.109258332294366
-0.804845919295861	0.771078754204864
-1.11654818603277	1.09403576230346
-1.12777393847451	1.10873441170923
0.298837482264406	0.179165818112593
-0.810430049282713	0.631862039172652
0.0351833490747731	0.0215601381204998
-0.40062501088701	0.320632120689955
0.940786759468584	1.14626138007138
-0.480430496876586	0.324964259110209
-1.28819855740747	1.43044035918668
0.160850508811094	0.109490265382471
0.325784838049182	0.307709256219128
-0.812111988735261	1.01190967872545
0.0829450757204603	0.0622737127707988
0.0692800729292129	0.0484701194867236
-0.579236064630554	0.625481388694976
-0.450020191974001	0.395829592082897
0.256769091756635	0.220088131190687
-1.66526290466107	1.74254690373112
0.481722879737104	0.429233358560934
0.144833384931966	0.0879459768496822
-0.521490251186542	0.399703060529956
-0.481636691365021	0.326675934763467
-0.268958310619888	0.230413496021944
-0.362611089059538	0.325721811699031
-0.88429484071188	1.03558040855714
-1.6349280131907	1.2749146610072
-0.708365008221984	0.574619855744562
-0.237477952696761	0.0778886575961749
0.0229111860119809	0.0132370987982962
-0.0255127055097917	0.0130689126142779
0.65414904119533	0.208020876626531
-1.83909918131213	0.759394746718806
-2.79758285097727	1.90588898999596
-0.600529232595741	0.447868625967349
-1.11144567211201	0.767183690223101
-1.36553550364973	1.14364622054744
0.145025302125423	0.0764826062105693
-1.22919826044924	1.46269256751545
-0.0777176146398077	0.0497298725944066
0.0561001259970001	0.0376297109669806
-0.0288048766762248	0.0193274606816824
-0.0177154722321568	0.00918671427008145
0.130303680116296	0.0559691112641248
-0.362710949837822	0.10577213020672
-4.22622944798756	2.01853094611435
-1.8342610889082	0.756597291586424
0.132620364305083	0.0449502398034842
-0.813728571064795	0.545202611331926
-1.00122021034096	0.504272179395878
-0.511834790617261	0.272590660970267
-1.15847376642875	0.355686548405735
-0.165145037809874	0.060131898293132
-0.357976130305758	0.259222324077597
-0.950162296481992	1.09771709954722
0.772589862383645	0.46085706692606
0.069585039552886	0.0487138700125257
-0.0993628465055077	0.0617772208551554
1.37954211462387	1.06448198134245
-0.0505895186876131	0.0243568444600755
0.137049883482728	0.0408453847208138
-3.76396710128731	1.51165110521982
-1.29022979001745	0.588813145008997
-1.20208717366731	1.25401967621439
-0.192676051707911	0.154127931681034
0.423323907395382	0.407526935167421
0.340194327494211	0.304681302984418
0.823777283485356	0.744213504243985
-1.06554833930601	0.865519098555879
0.247872364405201	0.223633764972522
-0.0491129972653384	0.0321943603204509
0.349482134454305	0.303961631644448
-0.483181297766613	0.459305571227714
0.295342098315962	0.190298844381201
0.371461915173445	0.302652322617821
0.0683755489887941	0.0460673489997613
0.128433605172811	0.0550768295516118
-0.415670475534429	0.292937712413732
0.483812550935694	0.304355174727422
-0.167443831401717	0.0609707855596089
-0.923098221073173	0.782761688578485
0.312114662326805	0.172010728971765
-1.99927975915299	1.40502165518509
-1.15300618747366	0.353816991053109
-0.170402316023952	0.0619786214139739
-0.966940660552862	0.599473912443824
-1.50647323937646	0.775812020822925
-0.6216793085348	0.301711881748498
0.426520663994385	0.306716930207088
0.304257767941556	0.183054885441808
0.314618665353831	0.173876596048657
-0.596233495458931	0.44293333728265
-1.15347733768864	0.353947479713194
-1.5318146928413	0.553494474919415
-3.09408861819707	0.962829753125291
-0.32563272308196	0.151477531492349
-0.326600253440071	0.15205844971033
-0.362710949837822	0.10577213020672
0.477663326990961	0.299727886960773
-1.24950503715855	0.95819365898845
-0.246209611722111	0.16314054462544
-0.0685070004992168	0.0437798399484783
0.142969460726913	0.0870101068866627
-1.49147403361534	1.04953241656711
0.282828335217677	0.193151823779464
-0.490874734653791	0.333104085954098
-0.544386763003421	0.209013480388639
0.13912027261828	0.0264101516649031
-1.83852721907032	0.758081437860242
-0.451237040641699	0.353578312528206
-0.311751763960908	0.231985156570829
0.458256475076577	0.310224013461816
-0.347081330965802	0.342764654210823
-0.70935940193688	0.573167381454459
0.138592611798645	0.0527473964394852
-0.652692220986072	0.641217914033446
0.590945459198746	0.445679870610419
0.42899800788126	0.414973271509658
0.742689614654222	0.819262364375608
-0.20857861596163	0.163481064217271
-0.690683244589727	0.78062490379971
0.291640773718765	0.174014373545821
1.44953225483033	0.901011436063116
-0.302388820834772	0.194364308195509
0.12081662451116	0.0577069288574741
-1.62675588433234	1.26618998989457
0.587939523930927	0.305747829044804
0.513791165711859	0.185017905562863
-0.807889665940061	0.445090215852943
-1.15439361670696	0.354342573020678
-0.0852822118609865	0.0377752939808722
-0.242621469297197	0.079366965399588
-1.0464197700532	0.420992950185341
-1.24817486404999	0.955109343498242
-0.484430269072482	0.328344077078277
-0.0521483865189225	0.0250344105909821
-1.84024402602088	0.759932191900061
-0.995876692813988	0.499784780994487
0.822540176798795	0.744940893870637
0.131516546146559	0.0693026647781535
-0.327971186553783	0.152704560446098
-0.0831977721764975	0.0368280039842016
-0.37188304563938	0.108148706742955
0.30968129824355	0.186471247121623
-0.243493376878012	0.161045985102521
-0.209457820419342	0.164140823297696
-0.0478218825007421	0.031321230997736
0.596371578571134	0.555572025197321
0.0583386390057086	0.0391641591398034
1.21419783795068	1.01699964744668
-0.695107760520963	0.495004441176271
1.01970949094797	0.387091911393297
1.43784625468668	0.477947615428851
-1.80379071234984	0.398266610487963
-0.250970115456774	0.166903468182741
0.0864098883001875	0.0686840215559756
-0.503301060585617	0.511014090401382
0.32506493913132	0.287406907702064
1.12942177060582	1.28308707443293
0.672145456483834	0.314698451840055
0.163044765081246	0.120295676499569
0.968409809236678	1.0567100253841
-1.01656312697007	1.23242959288416
-0.289961111322239	0.244355685550807
0.535434438607112	0.446154238649109
-0.356594337945757	0.258857887805517
-0.213900946525056	0.116605619069915
-0.206880525293093	0.112722472441053
0.0469430737725466	0.0301489337490624
0.368543868364901	0.16530009719778
-0.361043050450901	0.104884007498578
-0.946047502248765	0.701497840966992
-0.509126965155849	0.270330743997816
-1.18947620893422	0.675916339428314
-0.64477214166203	0.156983480169134
-0.671499874386725	0.402636294093631
-1.52845204149787	0.551521368985269
0.138978869484541	0.0732322759029268
-0.309678093838835	0.230228072198132
-0.640433285495798	0.155891307450366
-0.640820070260403	0.156173374069777
-0.680627266948483	0.409682185907745
-0.967878266042252	0.600339561264681
-0.420372248338153	0.241312727380223
-1.049308717888	0.422479383129619
-0.949718459192691	0.70573004177119
-0.403974548880384	0.282413789611165
-0.120510829352026	0.0485852204996473
-0.239106827612661	0.0784166702528438
-1.03979555880417	0.418029576607972
1.03034501653896	1.08854409114374
-1.67330084618172	1.75792020823186
0.0850599218709645	0.0639262002027771
-1.98497132267171	2.57178181845432
0.768361012288775	0.603913338275079
-0.973905502991611	0.605472271502329
-0.176608613402045	0.123057321248977
-1.00576782189646	0.506470893521155
-1.53327386150544	0.554071585244721
-1.04843348997268	0.42268378687421
-0.416258978129526	0.293962514462313
-0.408308746583462	0.363979541598272
-0.0720216185371602	0.046089195162769
0.0800796145500749	0.0581489702202368
-0.244456517357984	0.161948137694619
-0.516639568550203	0.27526511515395
-0.189170833830553	0.150806251998003
-0.717663352473679	0.641397138452372
0.0360133766444109	0.0219838507112256
-0.403739018690411	0.359389130322754
-0.413238216854833	0.333227808490685
-0.723371366346192	0.700406860283406
0.121969436589159	0.0523853124302879
1.55445101701898	0.77392392602277
-1.75254605598111	1.49495872172508
-0.59663758713599	0.443245409121214
-1.04436802647587	0.420175062937639
-0.742923963799081	0.258084826658777
-1.51091888098795	0.778169586560806
-0.627271651111178	0.30471867167267
-1.1883210277933	1.50503320890936
-0.0146706772969737	0.00766184979862233
-0.333372300116353	0.15549695719915
-1.24545968313315	0.948925109799567
-0.694898567048944	0.493265225226555
0.938893491503473	0.924182831839472
-0.0385920351501794	0.0258790362323933
-0.643889763897163	0.156661592959279
-0.325797667661219	0.151660824849553
-0.167527449292993	0.0610228882448846
-0.566495494648219	0.363721613663582
-0.478439317235871	0.324045617400871
-1.00444860123223	0.506172705694347
-0.0825395420491026	0.0366252099743335
-1.1816892950742	0.668303686027136
-0.700611369195902	0.499191372178565
-0.00672425081685391	0.00469847194596863
0.160068861364255	0.108936373103898
0.477556943433765	0.424843735024535
0.964483874778368	1.04911842211581
-0.1087787354416	0.0805725435868196
0.841085266690211	0.617515843561577
-0.71360605098283	0.579532167527046
0.649844875202924	0.206303215221175
1.8098322354038	0.711329755606344
-1.83277758245026	0.754444070298794
-0.0940951375032733	0.0583678070814744
-0.405541500196555	0.3606564891613
-0.145399072975205	0.119058072715713
0.925130052533537	1.30575192806726
-0.213682599504224	0.167894304404383
-1.36781035920354	1.3965254762737
-0.194415035305278	0.171758363372779
-0.49059709123291	0.423107042332365
0.515169400275166	0.669178948443846
0.569666589425084	0.624523822093
-1.76017516724021	2.33655315422169
0.702547959644963	0.579416593984606
-0.489464216055729	0.332033642495403
0.375371225326836	0.168758685101821
-0.164828852092369	0.0950361130851849
0.139689985488633	0.0735712723848562
-1.18367666131833	0.669799021842769
-0.0731117156352848	0.0467435752638586
-0.012874845973964	0.00671557586604573
-0.484916409974628	0.328040005351047
-0.322181506151539	0.267567297049489
-0.644770889342653	0.156875139887313
-0.741276499011426	0.25781621104378
-0.969000170418027	0.600298147342671
-1.1217854935896	1.10483094455233
-0.630473166615879	0.30660408881549
-1.8396714502032	0.75990222543046
-0.115191383174165	0.0464576903941925
-0.12272398838714	0.088995817071338
0.495625461607329	0.424439631485097
0.0864299339573052	0.0649734757227418
-0.0857459919383282	0.0644132476889488
-0.902854490445341	0.846057583487708
-0.0648280826581756	0.0413413773708708
0.669992340809613	0.313365566917382
-0.172391061207443	0.0627462855582972
-2.4824628459085	1.40379274287435
-0.624957539650513	0.303252493920291
-0.150067055034347	0.107151157630526
-0.863122856685494	1.12071164285227
-0.583631383617731	0.541049599530014
-0.964751985093589	1.35856659228321
0.447206693589744	0.301999359991636
-0.246314178679879	0.16331148804541
0.0739319935359746	0.0536201005525528
-0.0893508903502283	0.0672448603538337
-0.623989868249575	0.518614273230056
-0.155199662690657	0.124314325068012
-0.884650354380526	0.899217059494726
-0.0488640707947314	0.037618813653509
0.0308707577540891	0.0189089779873523
-0.512359952516654	0.27232903431051
1.11262386481299	1.1337945837076
-0.486234713417028	0.329933439330952
-0.626766920440267	0.304444801690903
-0.488815759721939	0.331997158319589
-1.3476092886828	0.851975746518692
-0.812921064690675	0.781781372836485
0.139884098064408	0.0416988824150201
-0.742419833798786	0.258214778445979
-0.64834559013069	0.157812973783057
-1.18438248532705	0.671369337946268
-0.672038132367614	0.404074349929437
-0.247164897617055	0.164093880020015
-0.242894765745569	0.0796348330145537
-0.119470237064633	0.0481183717796714
-0.534681401761577	0.204992678078054
-0.0814332596195109	0.0361314352079487
-0.354256070487053	0.256120814276258
-0.150731784794174	0.107710039203071
-0.416466624325534	0.293641072553474
0.129379052429454	0.0619611830049989
0.304995494839742	0.183130249061053
0.772434360507655	0.607545894759558
-0.998862767943058	0.501030953283926
2.74534949223189	0.773319630917041
0.651896042016441	0.207030647505349
-1.53127286779506	0.553105673100975
0.27348917073011	0.195332621855271
-0.806314884191029	0.892085334705246
0.0971735293585895	0.0755945006471568
0.732115329676345	0.71536799883872
0.874184957089826	0.88951928535418
-0.0556183204186848	0.0267012708067225
0.277854137397527	0.199461260816419
-0.581005749157659	0.538576899054818
-0.364464897864226	0.29830922237215
-0.478173040269934	0.452084399717043
-0.403222266817511	0.32354357192743
0.483033895997785	0.507061397258932
-0.252642464438707	0.168054947249646
-0.514213164772954	0.273652144323934
-0.67483146678996	0.712859149337508
-0.520941858744206	0.399514017214329
-0.204912547983577	0.111557325544127
-0.308498160264267	0.228824534768094
-0.501720089024288	0.434867105586623
-0.814994603117114	0.547205389048885
-0.699056761887594	0.498866195667108
0.126380894026797	0.0428651612574455
1.01482142364915	0.384344164321906
-0.791463174895768	0.350267087353982
0.427618951405446	0.306630191458529
0.126029498362731	0.0540764454807436
-0.630560001867424	0.306878318745572
-0.479558521913478	0.324461701972328
-0.351363725322775	0.214625819458324
0.761003100870547	0.451652448221097
0.346213310665834	0.300590728408186
-1.29075073841374	1.43282483519899
0.461701970437448	0.424073391080976
0.0477811354924123	0.0307237078023862
-0.482761051353486	0.326642479662171
-0.511738853585488	0.271721764120885
1.0195371096822	0.38582119059101
-0.787013983945816	0.348297448415918
1.0683124931025	0.654397108616216
0.00107177102796858	0.000566441240773845
-0.294651276361667	0.248484914092727
-0.512991570195311	0.476398698403896
-1.11859937428408	1.34912995132203
0.0688047768764259	0.0481463820350674
-0.923239787730002	0.785591002040997
-0.574426224836193	0.618103338189734
0.55942946827476	0.445277745107773
-1.0874995172292	1.38858129032678
0.0892231530311025	0.0691800462467761
-0.168313303703598	0.149282734462783
-0.801428239089586	0.766635739960855
-0.114515882432147	0.0827158957290602
0.31578270157001	0.174411816035567
-0.200183357456871	0.135857951828444
-0.60170523384345	0.44899386800093
-0.0846351485350611	0.0374911557959136
-0.723634803425285	0.703008690367113
-1.52845204149787	0.551521368985269
-0.408533289871901	0.287261953987067
-0.620597346620587	0.515692419216296
-1.06502054082575	0.86084014193953
0.339152595378325	0.169705060508916
-1.15345350292765	0.353548980162923
-1.50565668230454	0.773683960093725
-0.0814625770543385	0.0360704631690969
0.373476592419735	0.167453590695361
-0.17444210792439	0.1214919391773
-0.132870504256214	0.0800041923423848
-0.266071452424054	0.135090267132759
-0.124311820539015	0.0500573671176849
-0.181297828060242	0.127018104352316
0.0329217867729965	0.0201602455521377
0.0341477461810321	0.0208367190323166
-0.087524536922868	0.065812495450845
0.397097095557418	0.313822257045226
-0.0501377795131865	0.0328344835205326
-1.24902418947761	0.956592859088228
1.43602101245823	0.478148523404795
-1.05301088609873	0.423664779352419
0.425158099758077	0.170968360882111
0.275150313317022	0.206293413804634
-0.0296386342323868	0.0235165441566807
0.0719949875250293	0.05043094537141
-0.112601839033993	0.0836106874598319
0.467765938034083	0.413305175231575
0.449105471201086	0.3035863483998
0.450633314717041	0.491112997044799
-0.149908346540925	0.107014163153926
0.849446961598287	0.965411670112111
-0.533130282305457	0.621424016517751
0.453913254375303	0.414370792437862
0.271204839282939	0.219231711321284
0.14938177953239	0.0853512977083369
-0.326323997702978	0.151896080069932
-0.025070657537287	0.0128441336812748
-0.275901717560698	0.209690966582124
-0.132578401303742	0.0797387601467299
-0.811364180416828	0.840856008659199
-0.742753785982603	0.258086652205378
-0.546073363836721	0.209381800174409
-0.0513917421375359	0.0246808887946929
0.391580672640928	0.309049670576031
-0.17179620288785	0.119553421431582
0.125792710466476	0.0480720739069019
0.129329958097978	0.055546912018024
-0.546073363836721	0.209381800174409
-0.00521055680413171	0.00271070336014346
-0.162820059877519	0.0938122971080574
-1.29910988710549	0.594809212556218
-0.249864445518931	0.165773864431863
0.466205939759777	0.428884934292551
0.467998326608579	0.502461882507314
0.0270601093324836	0.020563075657758
-0.254869601686446	0.216297259274668
-0.406322351263168	0.393969955235345
-0.576784642718031	0.622537305448831
-0.135273607759929	0.0814694245901202
-2.80693301906257	1.91980782759208
-1.53219054338251	0.553674997524989
-0.419899321881331	0.178034045801847
0.563261233729647	0.538787164700475
0.0977037663488755	0.0820604210880703
-0.494810563341938	0.427887039118327
0.272112040112701	0.203201624067243
-0.00993188375622801	0.00691099861100677
-0.260217735858802	0.132041011967463
0.418672030862854	0.483246092399036
-0.210803078447852	0.165384639393772
-0.568963215325934	0.611051107811576
-0.25575843069271	0.239738819294706
-0.512443932182871	0.523255596866418
0.405388153926238	0.398959621835691
-1.24887176087008	1.65162817642562
-1.22893341180244	1.46160789478922
-0.620999827384365	0.662101022189152
0.411247532658829	0.311488272302637
0.155860297213591	0.105894964287859
-0.271065856134873	0.20500310469241
0.177377422884194	0.140700182024986
-0.597585376930731	0.594679316361189
-0.168000685961785	0.0967424703724173
-1.83334580943494	0.755859310527549
1.55965785379346	0.778082411244399
0.13298152746469	0.0507632417340983
-0.0831977721764975	0.0368280039842016
-0.000652409951749548	0.000357221682175904
-1.87296896355464	3.04431327937615
0.122804691738757	0.0469618730681739
-0.40868183516454	0.286844018262652
-2.08578796571711	0.965562416707721
-0.269075763914989	0.136717412817091
0.72646328580726	0.793492055428677
0.480850939358861	0.506165997836105
-0.44203253101117	0.387276896785031
-0.53107819635969	0.499673785053797
-0.895462407857978	0.915363665285963
-0.807302625421705	0.834776917010608
-0.819438493251505	0.642346795698942
-0.367012159161167	0.106980484577588
-1.29022979001745	0.588813145008997
-0.162442973725322	0.0592138065020847
-0.802867075489854	0.441491894537113
-0.219757555898443	0.19280097201281
0.0872357245291578	0.0675919744267251
-0.240887986096874	0.20844168991312
0.0263947289575356	0.0200390323704994
-0.0887344658620459	0.0392150268983429
-0.489001818655302	0.421245181439393
0.0097363210618898	0.0071901877890281
-0.577382902103585	0.534078862316061
-0.272266982886981	0.25140250714204
0.16701849024138	0.135898036749654
-0.230823372038359	0.176716056591725
0.375036993701507	0.393584025892715
-0.143242951222595	0.117146359869416
-0.887618303637685	1.46768312130045
0.515827827890035	0.518896416423576
0.0491746231228296	0.0328957168370469
-0.814277736318746	0.450336369915053
-0.79390713873614	0.351551459161185
-0.971224569380134	0.603915993343662
-1.04698922224577	0.421366979566404
0.323792471282361	0.179144033058871
-1.30025868981571	1.6247194310417
-0.23649982916162	0.204307525753789
0.129881955529576	0.0620681178684851
-2.30408487932824	1.18298687653825
0.326326490074767	0.299043343154603
-0.219741498221592	0.209958413829366
-0.29465034720539	0.294980518287563
-0.20229152423683	0.179768984536494
0.252863666805391	0.216195540333888
-0.0511898752489513	0.0449601579659382
0.0960344706319699	0.0787152501122731
-0.812411875933938	0.713114670863727
0.140130255519626	0.041673932144754
-0.0803043962779948	0.0355992518776308
0.687772303744744	0.449635253760807
-0.190395135698183	0.167662658883915
-0.0721411904244324	0.0622169844518006
-0.166102930132367	0.174475277204933
-0.661616846006094	0.834489481983207
-0.95110806344394	1.52631589833137
-0.805310360792653	0.888784285685197
-0.00876742761016438	0.0061006307078805
-0.390089193165556	0.374124970890549
0.335990153869508	0.309444357385877
-0.654738619281241	0.64369559397886
-1.09547714671884	1.60274178784571
-0.185363981496438	0.147513585750492
-0.612102444351919	0.770361348348669
-1.36890659408278	1.96292142382348
-0.648936701304049	0.740458696665466
0.339437136366401	0.313449926802615
-0.316369926358225	0.235568979059354
-0.208575746830593	0.14226625387881
0.141032246035876	0.0743658694189612
0.648941210685989	0.205808664712113
1.03413850979787	1.09331066883036
0.281092903884506	0.191615087835706
-0.527874142392507	0.570461939740062
-0.406446521936888	0.326824736383867
0.670719906081891	0.584079717153178
-0.548040451965792	0.210304981022337
0.0240984481923682	0.0138658981798986
1.74473453646024	1.35382484950648
0.174527228083022	0.146707680725845
0.172647353975681	0.156211241879204
-0.00946068097151362	0.00783793253902789
0.670332646766973	0.859669918046985
0.233548557138306	0.234878095335753
-0.2194914266807	0.209697827540002
-0.0676231259757957	0.0514718188445009
0.91881276533291	1.4013252983481
-1.05912666696095	0.85789904726658
-1.69529681250159	0.971337166925857
1.22019079425339	1.02496540075091
0.250402868843606	0.213546841878533
0.231640384913106	0.222713371476757
-0.249383615533394	0.232291541678803
-0.0864985847983477	0.0739691125187077
-0.109400289752452	0.091350799591949
-0.446749056614566	0.429821817678012
-0.204660779973721	0.181921792411045
0.0707015650233224	0.04950003220949
0.162694129725013	0.128144324327297
-0.161585349352707	0.0930773153932571
-0.713505558598255	0.636034757958431
0.00115878928260507	0.000914076892649373
0.0674306027028291	0.0454124608728331
-0.519120169030083	0.398689597418142
0.162204158792193	0.115235167929497
-1.11808484456221	1.10044396381154
-0.461654924889279	0.363346668838914
-0.464629251119928	0.36723138412994
-0.20560663074279	0.111912392461016
-0.0369608148775369	0.0247735416496221
-0.521558678107001	0.783043542457303
-0.166797071115656	0.182440782286778
-0.565645047317862	0.884440516729913
0.287865994619092	0.353825904110461
0.318186908000181	0.31558744319521
-0.0172707028625676	0.00896933353031232
-0.00329685379995546	0.00236491319561342
0.774679149844705	1.33680003159161
-0.130087700407259	0.121319434131952
-0.268040151503855	0.268909743683838
-0.204837515257296	0.260686606500195
-0.553608551271097	0.773310912475763
-0.0804188502157824	0.0938460506882731
-0.243754380373425	0.299265634137208
-0.167992402665675	0.0968787375747798
0.41258435678562	0.312722327398807
0.0707615219021119	0.0512225517596937
0.592664580034706	0.447765086011814
-0.175032884742357	0.122297288501601
1.87783354341577	1.60688593300024
0.404753187315331	0.5488103913935
0.186764284281388	0.230492325468587
0.363578168257623	0.567782851207619
0.0697667907538029	0.0881406718648354
-0.234641942153506	0.180468206891144
-0.350595686714077	0.253561724979128
-0.6904959799627	0.489771115117119
-0.518054592371676	0.27605811217211
0.59527109786053	0.553850676354453
-0.839518424163375	1.74475239723122
-0.317530650375362	0.360742391026393
-1.91843779078428	2.37629065506723
-0.288607305684538	0.310643538089687
0.187783544895732	0.249430400110324
-0.976571935823551	0.608016971713913
0.841519854755515	0.618121432341251
-0.380045152033879	0.400375829297936
0.457967317331242	0.502991618589692
0.907649551181273	1.01498601040197
-0.524569416356271	0.491606978224607
0.43582921349659	0.40865680263825
-0.236797233807505	0.204558744433859
1.20582951632681	1.79841070800207
1.85718054701593	2.04419385941942
-0.154630643600877	0.110688410923503
0.406184504549587	0.41199673751674
0.613475264642003	0.640233111698792
0.436449455029032	0.314619370623855
0.169679613341894	0.138325742790068
-0.598655774156873	0.596754710058398
-0.227938069136641	0.200546896843733
-0.553091020228592	0.558363290057122
0.981858588648535	1.37632646047937
0.155571200204057	0.125306676679715
-0.104427295610867	0.0772361872285545
0.0038605160342993	0.00273124846985787
-1.29604607722806	1.44133102910376
-0.123684237869632	0.0898456929146711
-0.277046281787441	0.279928853926273
0.309766112994531	0.305489100118101
0.0953456804197359	0.0780937058927013
-0.166490353237654	0.134724385495529
0.0719646325602714	0.0504318529728935
0.0215713330782416	0.016850825615509
-0.262078592734897	0.223071988497078
-0.401615596563045	0.356858787552342
0.226337127815274	0.226480764317113
-0.219134389488448	0.20942001010897
-0.43067609485261	0.409893674075307
-0.0989188913599563	0.083845268363323
-0.358308428165466	0.3207312616052
-0.0721006211792289	0.0550338485016742
0.698925735786899	0.78397735390497
0.0903179618225613	0.0698491367275861
0.0824884777483332	0.0635550844659946
-0.247738476517595	0.230587818691874
-0.052826215046439	0.0408096200920916
-0.305033252701701	0.326019429639497
-0.349504006747162	0.369264561947507
-0.0143574876939426	0.0130335059911521
0.255080656800683	0.218319599998371
-0.0939595976227119	0.0583808992303142
0.145535816646171	0.0831287287910972
-0.176671014694225	0.123250208127032
-0.207162048743527	0.141278720752151
-0.40409023483068	0.359787191084537
0.0241360380928916	0.0183144031380829
0.576669949738397	0.43139768443982
-0.717124170634338	0.642497885125779
0.294743415435828	0.190548630911104
-2.08082668123839	0.960637539306021
0.52334700504643	0.300587963321945
-0.739798199098655	0.256488865469576
0.370205061874355	0.165907058237598
-0.704127449892073	0.502410195862932
-1.11802414941227	1.09914027537678
0.723519077345381	0.7038178816442
-0.237779905435115	0.0777921527193649
-0.631568377012149	0.307429315176704
-0.995942447109805	1.00177041151872
-1.83528069034894	0.756548371776701
0.420079703738835	0.300567744462167
-0.281604890531135	0.235603532403288
-0.205857684775801	0.178749653613066
-0.354801522548542	0.257201193204339
-0.683294766278451	0.726278015782777
0.064369174756856	0.0433277935423826
0.0720086718727433	0.050416399241621
-0.488746691014414	0.420928013152825
-1.34970148552498	0.855826771926243
-0.232247150318379	0.076049180021852
0.122850580679262	0.046993631496274
0.407409619088874	0.413477580251928
-0.442231204551456	0.387171269783504
0.401519695577481	0.416921796891153
0.948059690789392	1.15727347604998
0.366780730976507	0.310870203627617
0.0425695908715523	0.0273815162009299
-0.207652163131555	0.141717380599118
-0.810150432537075	0.446867569420495
-0.318445826713398	0.263741402591224
0.730201784457395	0.88073664209083
-0.70546854258449	0.503659214771633
0.0216183267626312	0.0124901660875617
-1.0293203974039	0.946293351191654
0.131976766260658	0.0631291092268192
1.43602101245823	0.478148523404795
-0.975860100311684	0.607337302838219
-0.325035175033878	0.15125996636252
-1.66751226714559	1.73717312395626
1.42235086887598	1.61180455415754
0.52380754734597	0.529603044676997
-0.0939964691725914	0.0583380210732051
-1.29882524856631	0.59401691909246
-0.422092422370994	0.242362397626299
-0.176045866802373	0.122978289352374
-0.408730764212009	0.28699067265563
-0.413491293569074	0.174736744287676
0.294667318051349	0.176259984632587
-0.117286194918503	0.0472237307229723
0.741609188580402	0.901168559471058
-0.885869897629751	0.901288785921829
0.0937672181975648	0.0748922056950967
-0.88816100447695	0.975745202966056
-0.522710177781201	0.489391495000636
-0.407663710630473	0.395641058366996
0.385405765496535	0.31607406967132
0.912769936832992	1.21358118457036
-0.694272211820824	0.494289770517977
0.629268739393452	0.444632212407088
-0.813952134178135	0.450015870122352
-0.17858676244803	0.124848817120084
0.534454147350645	0.522606794317874
-0.0313106126865546	0.0209977659766852
-0.3418096076057	0.312631709501612
-0.319740712152784	0.317978004291847
-0.102512027803745	0.0756998099568266
-0.20928697359547	0.164104890440442
-0.568109425395975	0.609772498153773
-0.494495095591896	0.427372601009188
-1.16707210054796	1.02759406612173
-0.216483762977209	0.118256061943051
0.129866277748802	0.0682825052257345
-0.56861807451102	0.365271406558509
-0.132998144569332	0.0967567186042187
-0.803750040086609	0.943885238209707
-0.891071704704664	0.91003329436782
-0.183401397992234	0.128175226441393
0.495432328721965	0.424223520793384
-0.0279950885687093	0.0143100383846937
-0.740941800230378	0.257318537190623
-0.647461655721112	0.157598110120326
0.932444120238111	0.244842742206832
-1.15799700419576	0.355156175000868
-0.210643047593592	0.115010796681534
-0.547737010417208	0.463952308364303
-1.0647638603936	0.866105247626106
-0.627568130771192	0.304412357300944
-0.162299155743143	0.0589588339396475
-1.29826407772452	0.593186558976334
-0.673598597498251	0.404437902877806
-0.353259807149278	0.255927447919666
-0.818370181218578	0.635979109864796
-1.17279036402644	1.03696107634346
-0.0504453270149743	0.0242156051609838
-0.530588147709039	0.202983488424755
1.60495715201939	1.11991234809176
0.382896058344147	0.314422249685884
2.22109418087669	3.11816693270346
0.0630349512714763	0.0424256435449396
-1.37002350044317	1.96210155094334
-0.556231042903518	0.473675838927427
0.0355230951173695	0.0217499584993498
1.80520382516112	0.709003956616184
0.135241571366043	0.0457978406238609
3.16115247598748	2.56563751043619
-0.0807754922613998	0.0517633811034497
-0.278211475413366	0.232211906645805
0.170550412307624	0.146608011949637
0.0932270442127713	0.0743686606888866
-0.66301933461728	0.654728417640286
0.428341956766789	0.307883658675897
-0.297877604975705	0.315822113774622
-0.71923303833869	0.64533592525584
-0.327781004312426	0.15246966295957
-0.167814284601087	0.0611122958404124
-0.522183101902769	0.401792337373683
-1.17279036402644	1.03696107634346
0.760695117665183	0.450903712225301
0.931807719911504	0.915618166853674
-0.532386925988541	0.410397841807049
1.39988888727102	1.74981513981713
1.59371936739275	1.10621090638277
-0.421200252252011	0.240936501014172
1.80409513671821	0.707822997900645
-0.643123124462485	0.156504140249688
1.43925987176693	0.479237157391687
0.936401569876498	0.245675339056074
1.02259212061632	0.388312776500153
-0.623013435317941	0.302368918701401
-0.166720587533231	0.0607503375240969
-0.647461655721112	0.157598110120326
-0.167443831401717	0.0609707855596089
-1.53381589120228	0.553464419719289
1.80928263677467	0.710925581726897
2.73450850306995	1.68191107971364
-1.11481592684238	0.771402249745594
-1.63220418392598	1.27174305201106
-1.0392274109635	0.417783469942854
0.144241227938778	0.0428872731898325
-1.80379071234984	0.398266610487963
-0.681797803193881	0.479403320956669
0.765871516201092	0.719106318875164
0.307066293057038	0.16877701731085
-1.69720730503155	0.975333759899732
-0.644770889342653	0.156875139887313
-0.742419833798786	0.258214778445979
-2.49147613591662	1.41463001246942
-0.247478481764825	0.164157833652457
-1.15019981108223	0.352703694647943
-0.821138611675956	0.453605447444927
-0.177808262203433	0.0645801841448118
-0.241453949883888	0.0791674426738944
0.663546937124024	0.309571686481876
-2.48542531419186	1.40732739266837
-1.86586748765021	1.19138782694422
-0.809989203905682	0.446628653615682
1.22664476222598	0.84543378068884
0.832941551587924	0.609678219275722
1.31497186902393	0.578443560062359
1.07126379407969	0.655990875060389
-1.29304881501921	0.589720200234689
1.80701548129766	0.709687594083792
1.95062146582611	0.454190159391569
-0.64834559013069	0.157812973783057
-1.80368476738292	0.398254084963023
-1.04333787761146	0.419567920605661
0.133148229099586	0.0637613248523892
-0.213083292363292	0.116326963852888
0.649540136788795	0.206300566749324
1.43645613213741	0.478161609320723
-1.80379071234984	0.398266610487963
-1.04786382925772	0.422554751457188
-1.1856888043001	0.67203509782204
-0.461500010949746	0.364170014885141
-2.08970743638331	0.967957362748596
-0.644006342900786	0.156718049862583
-0.330383234339374	0.15410561364646
-0.043904430449079	0.0211737585083368
0.137209797477049	0.0464410009267909
-0.560385199322134	0.359423831049786
-0.412656054429682	0.174681011524449
0.0398457179413439	0.0243943987141705
-1.17184200978831	1.03131349845496
0.130744221929315	0.0626632101184184
2.38814212188634	2.02300238625742
-1.34394573945735	0.851419822932225
-0.599652042334828	0.447107315089035
-0.124365798011406	0.0499424995822588
0.147685616873541	0.0372140815523598
-0.944312272832795	0.701189699835829
0.122186085285506	0.0524942434773105
-2.29493484602112	1.17310466907998
-1.50379949164865	0.772972900650777
-0.741848012858367	0.258096023054699
-0.372235623119104	0.108110512872481
-0.539003042837417	0.206891853429863
-0.643123124462485	0.156504140249688
-0.602444716915055	0.448691574687273
0.317217413989239	0.175139024815237
0.514659313486759	0.185330599053687
0.144184442104643	0.0760223882107043
0.12390321693711	0.0474121589883158
3.62849380145916	1.43519617024906
0.51408721869374	0.185096174251148
-1.80368476738292	0.398254084963023
-0.644006342900786	0.156718049862583
0.140184451576725	0.0265585662587612
0.129193281029703	0.0437930146230249
0.884934808416744	0.475702387456337
-0.164339324198145	0.0599109386152847
2.09861260850692	0.938820950420943
1.31324002887349	0.576609113923133
-1.80379071234984	0.398266610487963
0.132888220671258	0.0450543248212034
-2.13859141255554	1.66186499350306
-0.166134594567427	0.0604355676372109
-0.362710949837822	0.10577213020672
-0.236606371241214	0.0776017669502627
-1.04359703690809	0.420463940972424
-1.53554019388682	0.554309681981325
-0.75622472696521	0.262024992995885
-0.121968457227465	0.0491257814845276
-1.35599392659846	0.861617773162915
-0.976329648089416	0.607608921091153
0.140489700625155	0.0854570978208236
-0.172354825536987	0.099479451614604
0.129329958097978	0.055546912018024
1.31439790772862	0.577085966346076
-0.327540557729094	0.152267111977313
-1.62068367877115	1.25734683539074
-2.00769160013893	1.41649813569194
1.0216909072254	0.38745924007158
0.767799701970214	0.456310591846597
-0.331110603098132	0.154060635422326
0.649897891813891	0.206374526154303
3.25219401652934	1.09882975306147
-1.83158005250286	0.754669101876136
-0.644006342900786	0.156718049862583
-2.2584234634566	1.91621117104227
-0.373105271927743	0.336972740181493
-0.247558072547133	0.164376440181307
0.167436904486281	0.131927506562449
0.363626727864344	0.307015163508942
0.259873090162215	0.208929333565558
0.821280675555362	0.742582055842749
-1.85730844908765	1.18231703217901
-0.366106353055766	0.106564775009011
2.74534949223189	0.773319630917041
0.151399210332705	0.0379807126979956
-0.786469190370634	0.347830565965969
-1.50026573748787	1.06019899774502
0.932500003101408	0.91395867201344
-0.423427314874383	0.243505432334603
-1.24590007509955	0.950102373716756
-1.29231840462832	0.589747004566986
0.510580201392862	0.183534349617947
-0.560872852086613	0.359830141064885
-0.349815824143322	0.213616026715487
-0.972373043069387	1.05383587398318
0.55212798385085	0.438502169022831
0.144060798177726	0.0823667328235491
0.806886142301205	0.340161855421042
-0.97270445553115	0.602497874436307
0.138978869484541	0.0732322759029268
-1.69291950385573	0.971533404209272
-0.365726974895693	0.299286869020161
-0.15361775820484	0.109691605675585
0.145181287744197	0.0885579921719761
-0.621380920190511	0.664356503139494
-0.811658042954601	0.78032873081884
-0.560432756691085	0.477227384794443
-0.511688134628304	0.272694362663271
0.140176586815333	0.0473370975808659
-0.248293252961244	0.164401651298245
-1.34550273455977	0.851022645563198
0.131592549884353	0.0446096178723685
-0.630855439029098	0.306392234871307
-0.540582499054048	0.207502129989812
-0.80999659141422	0.706195789089638
-1.43627330546121	2.15785662148298
-0.206487622317194	0.140676133257438
0.915354320178681	1.02595214599672
-0.0480423282539362	0.023140441947529
-0.569390592689001	0.367218368520605
0.134672383551299	0.0401871605730982
-0.643123124462485	0.156504140249688
0.143549438263141	0.0362330396689423
3.2530948013434	1.10108931722157
0.51174254082849	0.184178364192085
1.05288883879139	1.22263128954587
-0.0172449931765985	0.008953792813871
0.133719957549112	0.0453066786126365
-0.334602401031508	0.155409746283205
3.25586177376341	1.1013084673078
0.316296949065931	0.174848732322315
-0.561231104633916	0.359964396533018
-1.05907231989293	0.855044304990291
0.161729755558939	0.104871634825681
0.337878084467889	0.168714217834284
0.665961191700831	0.311172226911801
0.586700897552625	0.305200443374874
-0.121280080649147	0.0487804450733573
-1.53127286779506	0.553105673100975
-0.361163975260435	0.221190779770064
-0.711730160539369	0.578262486282972
-0.656927962000787	0.684705033607957
-0.725111007381858	0.705525003750936
-1.06112508881562	0.859835568578098
0.277315624065798	0.207944429126988
-0.0541205311608756	0.0418350417739277
-0.444663880409867	0.389883511642184
0.341078528940107	0.314827078427195
-0.339250302384887	0.310239294400169
1.39644056695852	1.74036517826518
0.941175772687738	0.633227996381129
-0.41814270626221	0.294810745429221
-1.47983252522724	1.34635141025227
-0.259945484509688	0.131760825063714
-1.11197827040658	0.768453862723094
-0.239106827612661	0.0784166702528438
-0.548738024839405	0.210411862583112
-0.809826220144981	0.446245617678367
-0.287345941034019	0.241694193575505
-0.605153890245787	0.451745504890344
-0.555744208428456	0.471434974779555
-0.0855262323678045	0.0378440214613796
0.517582841363913	0.186137922585082
-2.58428653566473	0.675727611967995
-1.15300618747366	0.353816991053109
-0.538151618981623	0.206588191897496
-0.569807804681702	0.36694573852181
-0.362144912777765	0.263016179965615
0.892331389343383	0.76845197759251
0.684094643455578	0.445630478641505
-0.166720587533231	0.0607503375240969
0.137049883482728	0.0408453847208138
0.515196751570498	0.295012371530204
0.762569705028303	0.453094907806685
-0.296925953410147	0.190522303941537
-0.0493455272673935	0.0237560589056198
0.121268869178493	0.0463486821952637
0.661926149270296	0.308255415749718
-1.53717500364267	0.554960306214636
-0.264345626631133	0.134482207269924
1.80701548129766	0.709687594083792
-0.626470669551696	0.304366021568912
0.137315356908544	0.0657497491531512
-0.809972697197248	0.899104363649574
-2.08139224285987	0.961563288351015
0.585725049578334	0.441624759775881
-1.12099143445338	1.09873770668177
-0.254811562495684	0.169475925163154
0.480149909926637	0.301071841442375
1.0741575279269	0.80707664271172
0.0789284001620065	0.0553968367183776
-0.94233085354055	0.698810697035159
-0.118856877381459	0.0859938028073472
-1.44642302112663	1.78548243565769
-0.161570408997354	0.115752234437478
-0.809427492833671	0.777928477698384
1.23170590943973	0.848915648871265
0.889024421229709	0.766290942853989
1.12402411350132	1.27335596057237
1.55642181666941	0.775769693892146
1.02060878637423	0.387301323550052
-0.541296447427492	0.20764222744423
0.132236167244569	0.063295469237266
-3.08953695583634	0.959084825597379
-1.51672370337924	0.781246735871237
-2.58817701744193	0.677412741892899
-1.0430285489592	0.420216988954647
-0.973796169452033	0.605537456656926
-0.211549484616249	0.144457772088698
0.336332900952569	0.309772914266175
-0.542142876918705	0.208312018224663
0.145145665393506	0.0430929431178775
1.43925987176693	0.479237157391687
-0.00779494604470646	0.00405466668645612
-0.269863262543129	0.204364128226205
-0.420042839528636	0.296258741565456
0.30084218085156	0.180103717957697
0.929079478569565	0.623636303038695
1.59767238467285	1.11212005742068
-1.70121289846943	0.976997786877677
0.577709652351922	0.299809050922006
-2.08546760183352	0.964798104494995
0.154088634259372	0.0995458396294313
0.266735784105374	0.207240649451208
0.048464938905557	0.0409302189282706
-0.32363251989284	0.26874288087125
-0.0814625770543385	0.0360704631690969
-0.277794996486056	0.21102075993808
-0.267506322901979	0.252831389696429
-0.81052246358827	1.11000212032114
-0.161728791928455	0.130229906126709
-1.44838733781342	1.78665798894811
0.447417357730269	0.301913738010541
0.0170258311962811	0.0124846103934877
-0.122975862159566	0.0892673997492399
-0.215357601371042	0.169323557953558
0.16288910168428	0.131983257156544
-0.0478754872850485	0.0376092403949914
-0.537778478525922	0.58549584556251
-0.501872185745663	0.43510181906345
1.07940912321415	0.812694077735859
-0.143395894264209	0.101944119819248
-0.477192028843579	0.452338508436122
0.136149693891106	0.0406054953419776
-0.161409800498605	0.0587422036398654
-1.18977748735544	0.674885270912236
-0.293625246075501	0.1876354934617
-0.74730280862006	0.259785520477436
-2.65504705678976	1.6551990377451
-1.0475588652018	0.42149621463875
-0.967567499596673	1.4334240496173
-0.501491957620915	0.610849982034442
-0.41449005898684	0.292308311010934
-0.454340197931547	0.357219600450407
-0.456655261190679	0.359225139694188
-0.706254589277335	0.570317486505692
0.797468141763966	0.335094894845618
0.426509628253346	0.171575902443478
-0.47909733714855	0.324185357701239
-0.21226765882761	0.14510015037012
0.739061274522672	0.814593377936336
-0.568576624601465	0.610263183518883
-1.20651923298112	1.26239052610092
-1.12022989831613	1.10284840886927
0.000215857009737156	0.0000961659813352486
-0.976188003308756	0.606384985477429
-0.172809901996153	0.0629242283980546
-0.669659616228296	0.400165466055191
0.0973883821665741	0.0798996087856697
-0.231679103099677	0.19951955621691
-0.707676152123373	0.846259864407831
-0.807845576783972	0.895361362741712
-0.270341706041388	0.204742942033623
-0.234829575212863	0.0770304092976012
0.12245680493383	0.0525949064803283
0.283121968703435	0.22154669254844
0.171889650217218	0.135975339364672
-0.810441923242116	0.899598987142146
-0.690167518687213	0.779325049759463
0.101108531125462	0.0786979550627979
1.01156637558625	0.955405364363082
-0.0879045009777601	0.0753414126691774
-0.233814208266773	0.201777134224876
-0.6352822073514	0.844364036749306
-0.301437882631047	0.27668456784827
-0.145785588844617	0.103926113001086
0.0568228518562132	0.0482573975676919
-0.0708907155968743	0.0541014273094803
-1.20132053977769	1.2539191028131
0.00275815424759118	0.00144978096031532
0.510777912927357	0.440660200752865
-0.212266896740048	0.115654738063251
2.62475362537753	2.65756221958216
-0.0854251761604191	0.0378431603717914
-0.0722662872372854	0.0462133760977127
-0.0467628275554732	0.022532922254598
0.139369721109985	0.0415084196349322
-0.415880213118191	0.176088333213337
-0.91483224125072	0.863355564524128
-0.413451632847349	0.174827366740274
-0.697310253027861	0.49719164674714
-0.263669088371171	0.133482410170888
0.0211961781869728	0.0160943139848576
-0.273100616358105	0.207204902795443
-0.192264258571577	0.153639321821069
-2.08578796571711	0.965562416707721
-0.236606371241214	0.0776017669502627
-1.14972585591097	0.352042822396007
-1.06302970065881	1.42656842615727
-0.291417212106535	0.186284899031669
-0.115985853788578	0.0467592443534002
0.142185918422229	0.0422239014432829
-0.461547323753269	0.36374584807364
0.258595653611077	0.222040587514638
-0.575155443876776	0.620039241242903
0.0913257320143168	0.0727892877236103
-0.814662444070649	0.636406040259623
-0.169460973809033	0.0978331368238395
-0.539839679278571	0.207260587364668
0.720168372535092	0.599595930121097
1.04477301317624	0.506956885971242
0.281489271959016	0.191930044865825
-0.105070853593617	0.0777224621972166
-0.293781287729841	0.293986343790491
-0.322891611292022	0.268286604049964
-1.1784021508569	0.664862597475393
-0.414812336223945	0.175551517343517
-1.15392338036234	0.354212278509058
-0.299418408931928	0.30032908893687
-0.108154597864523	0.0903991264883935
0.00408815861517428	0.00289316505521803
-0.20279423809191	0.137424501291654
0.446748173562575	0.301857834480827
-0.572659411154227	0.527164850208883
0.276360895011035	0.207108365212435
-0.242734191410465	0.230768026048863
-0.395061188504997	0.348589419067565
-0.450239964805744	0.502133560678524
-0.299938885223074	0.300746124481693
0.966063804837277	1.05430129649277
-0.630759578979734	0.52631005168457
-0.551132350235853	0.555574158057826
-0.319636382679894	0.264906512452314
0.126239101106392	0.0542789650402848
-0.171838572012273	0.0991764905076796
1.11951303830168	1.1466164695446
-0.353641802256052	0.287610997960532
0.383876582004026	0.172370700785179
-0.972161240964337	0.604991472966361
-1.15799700419576	0.355156175000868
-0.074477767199229	0.0477020428276908
0.154265114520136	0.104573610537253
1.74187099870135	1.34816174617117
0.117920806810751	0.0506001312792459
0.243437067008169	0.213112562231577
-1.36174560273918	1.38420208068124
-0.233451213869834	0.179649903254106
-0.3966238862441	0.382567667153964
-0.309938617277683	0.230057951988983
-0.501828680195478	0.435407882933842
-0.591296615037095	0.550206794388815
-0.52033592808183	0.399252979088012
-0.249342942183175	0.21695785534462
0.430349240731947	0.488256071573354
-0.445702967427869	0.390642094187798
-0.429486200331792	0.409425874751515
0.710470673496164	0.801308506680545
-0.245876126166461	0.228651727066495
0.163338535162507	0.139896334145618
-0.45623222215454	0.592865893920834
-0.0038242563653705	0.00272545337614389
0.232521894472965	0.238547369460932
-0.240571005435994	0.246771475573208
-0.017575021475211	0.0120498282848263
0.00658961858900502	0.00490859675582242
-0.49176167415113	0.424312589632978
-0.761062774721657	1.04524558260569
-0.562668984879158	0.815500985817891
-0.75290523077344	0.940937006601163
-0.196878836737689	0.226106806036127
0.244209675022397	0.207421844662455
0.0886483948746396	0.0686726312331207
0.0962231528461332	0.080750806948643
0.236162969050385	0.217142806694417
0.171069954654842	0.147357341215777
0.500545726124701	0.589039682897497
0.406963678443379	0.465260724127422
-0.355638676092519	0.398985564633725
-0.0915004047258079	0.0688454130643402
-0.632867950837524	0.716658424015118
-0.0911279736198448	0.0782696348147475
0.0625657041866408	0.0421160300213856
0.363132057637821	0.307138055092445
0.613884086495726	0.665368875141252
0.26268112451736	0.218688486048846
0.158945490947073	0.124772897433057
-0.707481189309657	0.573472143406637
-0.241315978041272	0.186160460753384
0.0663166940179355	0.0445980412253762
-0.107932858676579	0.0919280790057882
-0.749999739909091	0.889518790683676
-0.0744817374691091	0.0643735281705935
-0.748422236837059	0.932312513905435
-0.817484444483216	1.12352262216628
-0.242263876094439	0.230168999675863
0.0890676646301335	0.0689264788684287
0.176585105577826	0.135625224303631
0.255903808060723	0.231912638348647
-0.217317603424884	0.170904038988073
-0.892402126878103	0.9121234437788
0.144253927498819	0.0823721303915854
-0.176780403119829	0.123254946017746
0.491134356184885	0.420408819817038
-0.677927909831421	0.901654658976808
-1.02229774880802	0.937523911076373
-0.213652947929371	0.146050158102778
0.32271035861649	0.303411332953471
-0.163140309028348	0.131682678458037
0.246836895743175	0.216574843837493
-0.330967983908057	0.30092386703404
0.51922306992526	0.585085991232672
0.170472828585048	0.1390773423819
0.00392749901538691	0.00278097424624479
-0.0817067657137163	0.0524006170059795
0.271189240195921	0.284395500658465
-0.30439984499469	0.280152272520751
-0.604425432697254	0.694783258066132
-0.506850158195828	0.619444198567035
-0.642584324169095	0.856551330434773
-0.0933304151825508	0.0802666446304015
-0.441014709658913	0.53886297080244
-0.20624388391282	0.140567458577101
-0.555924899681195	0.562227487487494
-0.640615209009816	0.763547341942256
-0.667313023084005	0.914160150744696
0.489009984644816	0.586199626852588
-0.805857374113865	0.891914989928795
0.617693842169311	0.808335877250887
-0.0803930346640838	0.0697342822256343
-0.865715109665424	1.06700570528065
0.473232103969076	0.420173740897647
0.165074713380925	0.121896628155623
0.264684285653366	0.197021462164679
-0.00226886429899778	0.00154339946340418
0.283865780594362	0.193360020962335
-1.08384826069193	1.38161332496969
-1.04969995341582	1.20244478010308
-0.0303156683608932	0.0240507185214781
-0.399797057587699	0.385966109833301
-0.0185719127719086	0.0127105123903383
-0.307389418272937	0.227915705950158
0.0457238255081729	0.0293652131935093
0.433920306399558	0.406307340763819
-0.0645137235708152	0.049066515732309
-0.985823815902448	1.33212614334105
0.0797292419254963	0.0578861968215775
-0.403739018690411	0.359389130322754
0.343103588964014	0.307927603617105
-0.073672180089733	0.0754879338081219
0.251203351935706	0.233321338180465
-0.287395363984472	0.268310617711285
-0.436646989631921	0.484344557819928
0.568561113006595	0.545254034224646
-0.683847409711988	0.766494382309599
-0.152138606670315	0.149009794098362
-0.0325392250449474	0.026255814236153
0.60560227293038	0.858136745957178
0.165833872116826	0.145734426707384
-0.277940568270301	0.211438993378744
0.0251074414852941	0.0190513216396246
0.0182974896795142	0.013894781340208
0.114839429111758	0.106019709276475
0.23793269928409	0.229850576258944
-0.504204010028037	0.76050717620082
-0.0712413151810557	0.0614511341149459
-0.00864868614822879	0.00710598591069542
-0.478909706242019	0.588813735089345
-0.642028973991797	0.583479488759468
0.0935713180408012	0.0726527400925567
-0.48583910491824	0.462334895844266
-0.288520001501446	0.26877629642102
-0.37916677439534	0.51210166700576
-0.692781894732848	0.78396098763078
-0.285707529291119	0.328170893505451
-0.164412027455815	0.181901672730419
-0.691095781022943	0.820959688870815
0.00479199763637988	0.00389751017413673
-0.414807142634269	0.464085416482592
-0.137603236323157	0.114670455184588
-0.268839447509097	0.29566195121184
0.238463281253947	0.213865706663493
0.237216229317241	0.239349104960055
-0.0608726412348393	0.0538611045204317
-0.103374413310635	0.096056652624325
-0.02624000569439	0.0211138084099953
-0.289336871823242	0.311619112391473
-0.732134304962427	1.0978653946067
-0.0294939682980486	0.0262563875669653
-0.348229310147607	0.36747524739326
0.0836035403401335	0.0820289812616158
-0.522211941215583	0.669286921211725
-0.630279409515655	0.712410807037079
-0.135519369366901	0.12469831803667
-0.46359630327567	0.510061877009691
-0.173808745106999	0.121318255112307
-0.353683757088501	0.215735087591467
-0.17226279513517	0.0627452428304373
0.128433605172811	0.0550768295516118
1.31876238356208	0.579389020639623
-0.439523839666965	0.456457439730701
0.171706809858988	0.136036063301864
-0.10201880578962	0.0848075857761601
-0.46518329679852	0.367353447375953
-0.172948934265454	0.0999212966519445
0.0197093816280956	0.0113594573874853
-0.0336507933545118	0.0225573656125652
-0.144147570010734	0.102489504478483
0.239147232090804	0.225633496100161
-0.597259802047015	0.684451466059044
-1.2325856343576	1.46569153136865
-0.212034685055179	0.144755691272712
-0.135309261402713	0.081423095048793
-0.329154122534381	0.298547369336535
-0.672903934541664	0.749445586905226
-0.31151967803828	0.288099800566307
-0.00261751895852245	0.00135413702261574
-1.31881019324982	1.82972450505102
-0.233312162129123	0.220317845067118
-1.14538570223114	1.52546611424261
-0.417345868715737	0.29436556172591
0.519222960623594	0.429187040688712
-0.204244023195994	0.138899485009
-0.300783840652236	0.221787683665094
-0.422932540183742	0.24254163637543
-0.358340149285053	0.26023331337589
-0.562420594365679	0.361577431350628
-0.474140564832758	0.448689891387753
-0.628494072188749	0.709847132743881
-0.262815973912622	0.224443110247416
-0.179921051862285	0.142724683606755
-0.167062355693826	0.135017906447364
0.0767903117533346	0.0590419995349567
1.75955206319763	0.987433265790141
0.304976022127	0.183216303803791
-0.240183700389505	0.0784506439732385
0.368596073882526	0.165384111372272
0.0669103871833527	0.0467252138890382
-0.742064661734849	0.827482287840787
-0.368193557433601	0.332144249617146
-0.207383119095944	0.113147421425224
0.76834868992731	0.458017918262384
-0.273376308916645	0.138411041996862
-1.43413228944491	1.96452730728189
-0.0921288299276545	0.0675713608279944
-0.561656325277453	0.56776521363905
-0.908256858266176	1.40764214552596
-0.233094006258391	0.179347036411352
-0.733448967444565	0.715812193976759
-0.356547060934969	0.258837375245298
-0.954156153867299	1.10197394671183
-0.0342896061165273	0.0272588303341936
-0.555261331853373	0.638939857355525
-0.13556073681339	0.112918643904774
-0.659283565554745	0.830792347333166
-1.43938041050229	2.16284861468954
-0.489732527569727	0.421622787893825
-0.945168017798111	0.702747508611664
-0.169137704169049	0.117754379294658
-1.85678563359534	1.18385440418256
-0.425510376205807	0.244945365719067
0.0326036387922578	0.0199500884575387
-0.305508082255055	0.280984650388183
0.171087493623363	0.135294739653961
-0.01847732431952	0.015051338166278
-0.150739746942679	0.147416924841038
-0.492978960990594	0.53712565931696
-0.729153555485699	0.711140699816594
0.0458039889825542	0.0378161721823199
-0.512627474711197	0.2731710900261
-0.509682047330638	0.270398995188589
0.484987271676199	0.305689780341154
0.575999808619687	0.554295884459805
0.24132728651004	0.222682593046668
-0.44147358490623	0.424357915050995
-0.239402602456856	0.207360350071961
-0.532916888577377	0.500526747566077
-0.0240714189222176	0.012365493268298
-0.580019666361383	0.6270913468285
-1.36641362004496	2.1212446521647
-0.801054959289639	1.04291867394269
-0.0377276507934699	0.0252559365671266
0.276969707405744	0.207692492413218
-0.246063003160759	0.233678632218681
-0.395832959509435	0.38040658068439
-0.223215168526336	0.213660789829948
-0.0366354829299162	0.0295630035347502
-0.682328034911463	0.945610643473174
-0.578636436889206	0.535128209436609
-0.600290938523396	0.598933528568083
-0.358939846436304	0.293252729246634
-0.018630035229615	0.0149597098637466
-0.239717785599996	0.185066824390669
-0.807616131737433	0.895220958444917
-0.449936338927557	0.788173250893557
0.126135947742558	0.132187913803857
-0.0916091632390833	0.0962936127859155
0.233858537895253	0.267395691924774
-0.0349860720101561	0.0234292656468913
-0.108857354910111	0.0910019406619294
0.614476734117677	0.727738104321895
0.266320319828179	0.361138216700234
-0.0532882581249173	0.0576965326099976
-0.280407530738878	0.353245846035238
-0.0916086039257465	0.0857069087587957
-0.685114119318356	1.2050047203608
0.750271564046415	0.915067792858098
-0.0663828109881515	0.0635324712464322
-0.267791667962924	0.202674649541377
-0.0390678586418022	0.0261974004487517
-0.146695130600751	0.120183666180752
-1.07972853224185	1.65547890459376
-0.596903845062533	0.683053536201987
-0.370512221749014	0.505911453262787
-0.46773248705549	0.601690532313713
-0.313100094253045	0.488456613548645
-0.40236621336723	0.472936616271462
-0.599381872056205	0.446642947322745
0.141240119988702	0.0807195126366614
0.269389219765524	0.217680916074106
-0.397190362108871	0.352023251915553
0.141717577651002	0.0677124739909564
-0.406285240485848	0.362182564441678
-0.0731519060743355	0.0570387070946986
-0.313356190929613	0.233380855316629
0.47031980895524	0.506041330641585
-0.568249344758468	0.658194454802009
0.526117465652323	0.532456015410089
-0.126857680508764	0.104984583608813
-0.763669504979352	1.09308215603653
-0.45616952592163	0.564024742751421
-0.608109771366759	0.609107810333857
0.149147810571313	0.0909320806229173
-0.405365903385681	0.361202816536092
-0.26102830266455	0.245799253039617
0.0239351341065522	0.0181764407851463
0.478938117240805	0.300551817160667
-0.664103477386413	0.396877276663583
-0.667814130807347	0.846973136133892
-0.530475471386513	0.498833897909076
-0.11808544923773	0.0993740578145622
0.715816812391429	0.956136296173985
0.304652657619926	0.29926012172815
-0.23826321095465	0.206136112785599
-0.55965795399663	0.717581440777393
-0.77997646944014	1.21566160836923
-0.294910624911755	0.188898481401554
-0.245448788236423	0.162779115551341
-0.566480734210856	0.363838341982903
-0.815870154818471	0.548380010866602
-0.0698881695208784	0.0447191775720387
-0.506854108276481	0.51553380006968
-0.424333262371895	0.466393158419675
-0.0494052594474536	0.0323448508889916
0.0106289869350099	0.00749571876372226
-0.598844533018364	0.446077359167432
-0.424600126490398	0.436007021983646
-0.614203815702435	0.652321722564277
-0.101106743016075	0.074641134987166
-1.03344880012024	1.44943503356761
-0.321487407394875	0.320014854417157
-0.947176369638061	0.703104624093113
-1.19918715189334	1.24683184442815
-0.121304558309684	0.0488871655410963
0.139123689525208	0.0794621707054214
-0.511566278804616	0.271834433941878
-0.652571484553565	0.640580081725029
-0.532684378491135	0.410080553935145
-1.30328950548187	1.63209451711774
0.0558474894153133	0.0375230566859936
-0.475302190809096	0.450114935533058
-0.128223008521908	0.0771588657378829
-0.626200654811	0.705103212326957
-0.215296051004593	0.147264202914331
-0.135141868960342	0.0814576950185968
-0.973796169452033	0.605537456656926
-1.25156024862779	1.65578072417577
-1.0433294908328	1.88388564406859
-0.995106930223988	0.498734018483358
0.318445561629445	0.175940758234391
-0.80586457604445	0.834396857596511
-0.348525797864715	0.212608225067621
-1.00122021034096	0.504272179395878
-0.353311948140147	0.216063950545025
-0.000522383349607469	0.000234836557499205
-0.423655878943367	0.179601389929487
-0.678706747650327	0.407474194983065
-0.698924419624479	0.832422498762437
-1.24683774256587	0.951815423471067
-0.466379479490489	0.368499615554716
-0.63757324627211	0.579577934939055
0.0632320031076274	0.0424847526599
0.315855364426883	0.174539805534243
-0.427958241744065	0.246123795085292
-0.942171156609337	1.15704372799319
-0.42594877390372	0.245226419573118
-1.46023512791394	1.58560074532
-0.579815805139481	0.535202649516652
-0.425402091195103	0.244206165925495
-0.167527449292993	0.0610228882448846
-0.326323997702978	0.151896080069932
-1.06392992443761	0.865889741304906
-1.22834341123392	1.46060854465894
-1.15755644738434	0.355289941594665
0.148123932113398	0.037298775193441
-0.502774869010204	0.436297775718566
-0.602849281223479	0.449262859313928
-0.244630310743339	0.16185076061529
-0.207915458595617	0.16240791237477
-0.393916262545091	0.313631719410243
-0.820328896297793	0.453218857592401
-0.0329647973149441	0.0220884594437436
-0.108547714009166	0.0802893859620153
