x	y
-3.08953695583634	0.959084825597379
-1.5375444255416	0.556007810250909
2.10377263435065	0.942725364613812
-1.15300618747366	0.353816991053109
-0.649148438045261	0.157773093407476
1.4406577565604	0.479253975897627
-1.15439361670696	0.354342573020678
-1.53273207896643	0.55406409993797
-0.630787049505991	0.306927415607941
-1.15707876120986	0.354760041850164
-0.741611944171996	0.257255485732723
-1.28938794131991	0.588317996070523
-1.0449372111498	0.420548668733196
0.802668187105503	0.338057252899506
-0.21303576485683	0.116307001582815
-0.427945719495329	0.180962282747988
-0.513272759962694	0.273175218672746
0.51408721869374	0.185096174251148
-1.24311370617094	0.948992245983262
0.314265096845931	0.173043231667695
-0.329484947660693	0.153315497365354
0.455317772487981	0.308193716069401
-0.813290055131559	0.544781157754072
-1.03979555880417	0.418029576607972
-0.265680088338612	0.134726889732687
-0.644770889342653	0.156875139887313
-0.471784712254413	0.317587672736787
-0.915407190072985	0.774234907592952
-0.55094087572977	0.467910409468756
0.49449829303658	0.424078266062502
-1.07207664271719	0.87161672918424
-0.233090421744174	0.179074492236157
-0.598792172399938	0.445179873876018
-1.04010501166836	0.418219287530912
-0.542426008365989	0.208214347777777
-2.58453548475525	0.676764203908389
-0.738055403900028	0.256318943131305
-0.697995700562468	0.497084821891176
0.628421874785165	0.443419930229472
-1.02584459614499	0.936978236200217
-0.401776558360319	0.32214379103069
-1.61396890214334	1.95086097548496
-0.133993753512428	0.0806581168629811
-0.702785273524643	0.50148767634592
-0.478008703596645	0.32289402922381
-0.643123124462485	0.156504140249688
-1.15755644738434	0.355289941594665
-0.238920608592102	0.0782667689841429
-1.15439361670696	0.354342573020678
-2.58478470503525	0.675813541092272
-0.132585847479102	0.0798879722434476
-0.293444314469199	0.187494386958444
-0.206953338836129	0.112917294697934
-1.85029672653875	1.7055956023924
-0.811612579745309	0.447647759016902
-0.363619197342818	0.105894774191241
1.95062146582611	0.454190159391569
1.80610961993801	0.709606900893752
-0.995876692813988	0.499784780994487
-0.206898920249728	0.11272547580432
-0.167007946678184	0.0608040704424062
-3.46630912179766	1.25319506698382
1.02349375759299	0.388665902021623
1.0200314996791	0.386398513169522
1.31410625822521	0.57783656828618
0.127401176765911	0.0486776025592294
-0.532268449414276	0.203648560086131
-0.66973242431044	0.400970475872426
-1.29135050930103	0.589403957324184
-0.521091040515102	0.399695850028083
0.0000406127531683798	0.000024867177481351
-0.269632631338682	0.137081909150369
-0.170657202371693	0.0621653392334387
-0.32563272308196	0.151477531492349
0.120182684810184	0.0515186182126252
-0.0723515809107083	0.032035908331745
-0.537589304181351	0.206094574742513
1.30497232776527	0.570494376515154
-0.974921246768842	0.606258996844825
-1.19028033076577	0.675237057384142
-0.120079525726609	0.0482923024138984
-0.741848012858367	0.258096023054699
-0.802706819524476	0.440671084799848
-3.46630912179766	1.25319506698382
-0.813389546274975	0.44945820776594
-1.57384835927362	1.53804159219978
-0.16374721549796	0.0944179580380232
-1.197039815666	0.679608412415949
-0.165914588337371	0.0604424067058836
-0.421367023737716	0.242113912934631
-2.49039353423768	1.41333144607305
-0.269178785445282	0.136815478570772
-0.161531889154233	0.092996240934517
-0.10415839299107	0.0648266301905556
0.166291224027082	0.127113491877666
-0.179986567189824	0.142652136106852
0.882073173610616	0.474794386552053
0.292538418876112	0.188679260978156
-0.348767747399799	0.212560207186579
-0.548738024839405	0.210411862583112
-0.428838813976849	0.246825606171573
-0.514580896371279	0.274144878789277
-0.328455393536155	0.152917151977076
-0.513420266568726	0.273568751895235
1.310612918568	0.574810701056327
-0.788370303416665	0.349083376814077
-0.896032979570918	0.912972430677614
-0.929456579952901	0.791470704962469
-0.242475969352803	0.160392177424084
0.404173033501739	0.32039095629563
1.2203331179025	1.0232126458001
-0.943559444851677	0.699366463589569
-1.17757847501281	1.04279502037189
-0.424302852751071	0.244044023750557
-0.415339581641874	0.292445584719419
-0.17033943525127	0.0983764257848588
-0.243323606494359	0.161209864526848
-0.158534783117471	0.0910636662831682
-0.12009353626733	0.0719268843776835
-1.18508469500302	0.669348667926545
0.509805060222284	0.183409050611913
1.25147853562227	0.688305735419213
0.127144848043385	0.0545432860660862
-0.244336422490329	0.0799101684604419
-0.561672810384885	0.359988968233621
-3.16876522115194	2.7954282005478
-1.37692631737589	1.15627246231384
-0.625775778030522	0.303824775281169
-0.486023939109371	0.330088675844576
-0.274459090545464	0.139521960306714
0.277541802203527	0.208415361522365
-0.732065007346639	0.713449816972161
-1.48139133441317	1.3491719011534
-1.62233992293478	1.25552283712023
-1.37100442570558	1.39852532600471
-0.0684504490732659	0.0437224567051344
0.880426571779853	0.473158031385284
0.421468110990343	0.169206090394133
-0.328026516260394	0.152601612632177
-1.0430285489592	0.420216988954647
-1.00603941475763	0.506000097131875
-0.806665027683436	0.444806365814789
-1.25201117929818	0.959393693139495
-1.36796324526099	1.14588409538728
-0.424180796187914	0.179791775745621
-0.362166381635235	0.105626912484328
-0.263158357219577	0.133723857633802
0.578198367883177	0.300213667840215
-0.742753785982603	0.258086652205378
0.30085766545219	0.180197144572391
-0.119179601913398	0.0479937579676386
-0.487880433166619	0.331357426659168
-0.423833680385088	0.244021591434346
-1.11145094456318	1.08513813605869
-1.85778557311896	1.18542503264011
0.883460076279947	0.47443693356026
-1.34873174522312	0.855035644442332
0.138409379468777	0.04119030738446
-0.357909997986639	0.104187393238945
1.25475418153282	0.692440407310782
-0.295459068124728	0.189494358481747
0.126239101106392	0.0542789650402848
-0.54298951890346	0.208686132634316
0.377174167356593	0.169574825269419
0.139884098064408	0.0416988824150201
-1.15392338036234	0.354212278509058
0.118894298508083	0.0510162078672821
-0.424072779971921	0.243357662356344
-0.209076546297762	0.114080533630669
-0.167267366049274	0.0609436470739813
-3.05553140445198	2.48642016393216
-0.53917516246793	0.207092528951807
-0.792553264813643	0.351420601868644
-0.620002138882619	0.300070997693757
-0.697024969743402	0.495284678404771
0.00611121961822019	0.00319107950849092
-1.00629014066517	0.50655340703826
-0.353657894526862	0.215684415544774
-0.349327005236082	0.213119296841413
-0.815432338152614	0.547874890341549
-0.0310557355474781	0.0158148924600919
-0.162965906332895	0.0935333234730336
-0.978064099285306	0.608853761232835
-0.361520264687184	0.262881236849164
-0.809503694285443	0.539626288666945
-1.15347733768864	0.353947479713194
0.140458165206262	0.0418615852654621
-1.30360431603777	0.595903269975718
-1.15847376642875	0.355686548405735
1.01881061691072	0.386619941894425
-4.22970734461248	2.02243382061396
-0.362166381635235	0.105626912484328
1.31032217925647	0.575449353150941
-1.15253539705602	0.353154418604941
1.02226842375779	0.387145037531902
0.150481785037224	0.0377820806483386
2.09851806560284	0.940645540920032
-0.97571835338528	0.605753934992484
0.145828384011954	0.0367587486446884
-0.426307489516712	0.245295110365977
-0.0858970926150639	0.0380543051371307
-0.809910726539183	0.447682017792057
0.669587425737389	0.312207493068068
-0.538440187846927	0.206758866526095
-0.206186304934423	0.112212465009243
-1.03310393121587	0.944763587838765
-0.403963050640476	0.32446831579851
0.125726787972574	0.060094766008292
0.337565419310773	0.16870015582955
-0.408389278763485	0.172521995430745
-0.693756805740537	0.493246929479588
-0.809180697992508	0.44623869353402
-0.57309066764613	0.36985245402238
-0.79390713873614	0.351551459161185
-2.09002422236249	0.96852720746282
-1.83482918178446	0.757249944313784
3.92214982720788	1.72640548457834
1.80610961993801	0.709606900893752
2.7496138177855	0.775189687209382
-0.408699691565855	0.172271152898569
-0.412425499224897	0.174466513228787
0.139373629020068	0.0264474830594518
0.932444120238111	0.244842742206832
0.931565691852841	0.244293555241305
-3.08991345953591	0.960747174631736
-0.363074920327927	0.105749762822137
1.43597684438283	0.892719605342506
-2.30742983135701	1.18288262366019
0.376599525112476	0.16921731006543
0.373362220133253	0.167630063347766
0.69287268278269	0.45263933052889
-0.243764577644916	0.0798103968979659
1.25182762709119	0.690977558044493
-0.699056761887594	0.498866195667108
-0.414886686696198	0.292592483979226
-0.965727902950096	1.04231905512296
0.0314500938205356	0.018063600999414
-3.46584456958788	1.25353297605489
-0.302471777636535	0.194029320648223
-0.598979272267541	0.446341157746867
-0.0788820761921738	0.0349480502850329
-1.37386500320612	1.4016346007213
0.156195479479391	0.101031600488282
-1.15392338036234	0.354212278509058
-1.04786382925772	0.422554751457188
-0.238350157281475	0.0780664823782393
-1.0403638965725	0.418077260779257
-0.2614421806946	0.132770280914834
-0.532556235592668	0.203847975527694
-1.86078209934007	1.19005138228785
-0.322346680132763	0.149614936795576
-0.00105344459377253	0.000529519289676127
-1.11637380154194	0.772563268325899
-0.53832996700255	0.206517294988811
0.650991162239829	0.206772040177897
-0.364212438746839	0.106078206157018
-1.0441657216201	0.420510686701662
2.09581547295033	0.939333405111585
0.14311796249796	0.0361933240878638
0.648941210685989	0.205808664712113
-0.644388443682788	0.157000626677781
-0.644388443682788	0.157000626677781
-0.643506271279338	0.156786530055825
-1.53554019388682	0.554309681981325
3.62466075691912	1.43256044684919
-1.807243397525	0.398882182291443
-0.240585380889817	0.0787794162503464
0.139556940401302	0.0415648034416572
-2.65083471607336	1.64837477403483
0.425961192082242	0.171382412553361
0.873726337166721	0.468403337899536
0.145145665393506	0.0430929431178775
-0.326491111277252	0.151972062797545
0.50688951495116	0.182261063083595
-0.675606111794728	0.40676717289067
-0.818788343088583	0.550065134223435
-1.57950457370681	1.549473214311
-0.416683138160911	0.176658736963844
-0.533557645822484	0.204456510973878
-0.542142876918705	0.208312018224663
0.314222664084823	0.173554444458514
0.161692828313715	0.104815681177343
-0.261582251621878	0.132715207405314
-0.785658995472806	0.346832194339898
-1.04786382925772	0.422554751457188
-0.425239461187466	0.180015805516723
-0.237176848830075	0.0778020280962772
0.122586734723362	0.0469091239037621
-0.164080448154753	0.0597916313207312
-0.362530893266771	0.105463937638037
1.43973986105876	0.479489791047764
-0.334915337566587	0.156158117535452
0.445672434231567	0.300462098031026
-0.626470669551696	0.304366021568912
0.384158012927627	0.172422166834675
0.809574821393993	0.341052482546636
-1.69135381624542	0.970191108056336
-0.643506271279338	0.156786530055825
0.650802186307997	0.206632813066924
-3.76396710128731	1.51165110521982
0.145429742663103	0.0366530573157977
0.146301463254213	0.0369121679082859
-3.08991345953591	0.960747174631736
-3.7650365789172	1.51294271983965
0.13912027261828	0.0264101516649031
-1.80368476738292	0.398254084963023
-1.80379071234984	0.398266610487963
1.81640780036404	0.710662762624049
0.139373629020068	0.0264474830594518
0.140184451576725	0.0265585662587612
0.143337222216575	0.0426016228100372
-1.15755644738434	0.355289941594665
0.13075083502815	0.0442922816393792
0.119018965046509	0.0567744906243749
-1.29022979001745	0.588813145008997
-1.69825190750329	0.976427151754855
-0.17226279513517	0.0627452428304373
-0.0471605586455034	0.0227174127316181
0.336778908732161	0.168269421615906
-0.510772702401671	0.271193178895793
0.134467301811698	0.0706685099839836
0.121357765157884	0.0579893190720553
0.482031088347344	0.303398379558976
0.131787374311868	0.044628168520868
0.129566273275525	0.0620577690433059
-0.508518334792099	0.270216667097813
0.285494630969297	0.195125050717816
-1.1151913631653	0.773107733002286
-0.949718459192691	0.70573004177119
-0.567247948552321	0.364124628683096
0.88387435492894	0.47501719388829
2.24156656055466	1.71842761201335
-1.35132638410262	0.859114496556006
-0.971833497365363	0.604606902651878
-2.30267800536255	1.18088997769813
-1.00524769573252	0.505793543555981
-2.58428653566473	0.675727611967995
0.799437652307309	0.33605302588236
0.485829624319505	0.306092585531553
-0.801410721718433	0.354742276019017
-0.252607460842918	0.167719342341177
0.127931809070693	0.0489078759226262
0.127632326063365	0.0547626704571631
-0.419401659278084	0.177662597528162
-0.532268449414276	0.203648560086131
-0.362710949837822	0.10577213020672
0.80254307274593	0.337440554502806
-0.64834559013069	0.157812973783057
-0.367012159161167	0.106980484577588
1.9537169353899	0.454657075827859
0.931950133432299	0.244413497437813
-0.744670437196719	0.258381731549564
1.44017683745973	0.479001218015642
-3.08991345953591	0.960747174631736
-3.08991345953591	0.960747174631736
1.95062146582611	0.454190159391569
0.144030943602207	0.0363402578839825
-1.53865164996877	0.554549078543857
0.134344345393478	0.0512753138279318
-1.83448317285978	0.756769538624434
-2.58453548475525	0.676764203908389
-0.411082008987883	0.173889028123327
-0.511071193568433	0.271573094840258
-0.0811454814620396	0.0359345049697033
-0.353645286201633	0.256319467845354
-0.4841243616193	0.327683643832233
-0.0861047120415675	0.0381519307365012
-0.0242272876731577	0.0124276076447983
-1.18438248532705	0.671369337946268
-0.534681401761577	0.204992678078054
-0.167267366049274	0.0609436470739813
-0.609595866568319	0.455459522171808
-0.161120528411383	0.0927516859911269
-0.0725478261091249	0.0463300328976997
-0.710264403889483	0.575402462974599
0.528034553737565	0.438561812817125
-0.821798039286953	0.551845471866082
-1.7415369793556	1.4750110046861
-0.212337790615821	0.166811134317589
-0.086605392523412	0.0535916879857964
-0.133669418245703	0.0804655543405063
0.126239101106392	0.0542789650402848
-0.515374687303333	0.274640995826127
-0.0434237634861346	0.0209545562365899
-2.13464813346013	1.65309096682977
-3.46630912179766	1.25319506698382
-3.76557168292632	1.51230600255237
-0.632754498634469	0.307671611133835
-0.788370303416665	0.349083376814077
-1.51756152316806	0.780175270599071
-1.11062281849349	0.766383855724684
-1.50933407130767	0.77729948010748
-0.914817814088485	0.773865175361803
-0.326005707438094	0.151777723979142
-0.0632354064558687	0.0301744842395379
-0.357909997986639	0.104187393238945
0.509513819382944	0.183136146303308
0.935515179855096	0.245440180005837
0.13912027261828	0.0264101516649031
-3.09029030460571	0.960832707527767
-1.5318146928413	0.553494474919415
-1.15392338036234	0.354212278509058
0.148123932113398	0.037298775193441
-1.15755644738434	0.355289941594665
-0.233957416924537	0.0766762835938485
-0.738055403900028	0.256318943131305
0.1413598194657	0.0421025960431846
-0.643506271279338	0.156786530055825
0.128629618148228	0.0436530854985291
-1.29416690786798	0.591404736908153
0.686936014355253	0.449013976060219
2.10207987286809	1.46126990001147
0.378762667658984	0.169993980789793
-0.167401196860935	0.0966450595679503
0.153578094797765	0.09385430682516
2.88757513484202	1.95314035890623
0.297304178547283	0.17776242559369
-0.208294345753614	0.163204930021813
-1.11490694993085	0.770213863377402
-0.812262143697915	0.448628542776614
-0.0517039793087341	0.0248171375513156
-0.361957029825101	0.295303730821937
-0.444094240309235	0.389224660220778
-0.146008262705745	0.104078133384594
-0.215176100895378	0.117496671863838
-0.316275581359483	0.235612784585409
-0.665961452815672	0.700453894131728
-0.285739137938159	0.182133932677396
0.668944452885241	0.580605768090418
-0.290444931532228	0.185441918804172
0.150663761321886	0.0861704022617631
-0.625630468736276	0.519899157313404
0.450610123170696	0.30515900839034
-0.723252384295112	0.702023727421042
-0.511340151221931	0.271895618876989
-1.049308717888	0.422479383129619
-0.366106353055766	0.106564775009011
-1.53327386150544	0.554071585244721
-1.50189456800915	1.06010611741294
-1.11573118341866	0.771407101014656
0.29728882850484	0.192054901499672
1.37228985346067	1.05139543770596
0.120679617389109	0.0517845452499848
-0.54029754085068	0.207542814541063
-0.54298951890346	0.208686132634316
-1.00312683086785	0.505013319506012
-1.15067412918645	0.352834915266282
0.654507105141339	0.207585170258097
0.931565691852841	0.244293555241305
0.13598650647372	0.0404355840598389
1.80319051359514	0.706471839910208
0.140458165206262	0.0418615852654621
2.74534949223189	0.773319630917041
1.95062146582611	0.454190159391569
-1.15392338036234	0.354212278509058
-0.363619197342818	0.105894774191241
0.138699758667585	0.0263265295910935
-0.113229209503186	0.0456243767897171
-0.741276499011426	0.25781621104378
0.343323478769832	0.172022552740681
-1.5081031271544	0.776833803061459
-0.248619367227669	0.0812155232076932
-1.30360431603777	0.595903269975718
1.30547870129105	0.571841073068374
-0.361163975260435	0.221190779770064
-0.810235170096758	0.447921924365261
0.31625424974816	0.174550884644848
0.583740308053269	0.303522529373027
-1.69020032264078	0.967609276335167
0.506024897221242	0.182012241745483
0.118407598937391	0.0508206599120364
-0.165890440720782	0.0954502273110121
0.295144474233263	0.190339802510294
-1.57663000446843	1.54812993524924
-1.01989397272386	0.931493202219025
-0.202794704247774	0.110284174454155
0.0559875868691537	0.0375661521959466
-0.511466597359255	0.390120781779569
-0.807067499171011	0.834527614705725
-0.92938308926557	0.791720346730966
0.0803144100251713	0.0584080096828263
-0.513918500417784	0.273111266914354
0.480149909926637	0.301071841442375
0.509435415274993	0.183330389793874
-1.04215155805216	0.41903356624497
1.02150850319604	0.387098107061976
0.425412613553604	0.171082204341707
-0.816459111809018	0.451369912632416
-0.531148099883968	0.203294637691648
-0.113444437950685	0.0456296251389543
-1.62527191911616	1.25911770566053
-0.121593828718454	0.0489641661787328
-0.11899778782661	0.0479881095001215
-1.29798623806601	0.594484945125978
-0.237747525916144	0.077958682705542
-0.419373905236508	0.177724611943894
-0.641207204081918	0.156050090719873
-0.360713154621022	0.104928044856164
-1.80379071234984	0.398266610487963
-0.644770889342653	0.156875139887313
-0.644388443682788	0.157000626677781
0.150443359742849	0.0377633287087368
-0.644388443682788	0.157000626677781
1.8098322354038	0.711329755606344
-0.643889763897163	0.156661592959279
3.25399732634696	1.10138712863889
-3.08991345953591	0.960747174631736
-1.04786382925772	0.422554751457188
-0.537877518920207	0.206535210663043
-2.29772465048247	1.17491160342402
-0.623515226401515	0.302693603610376
-1.02538823402372	0.940053466122714
0.136471442907569	0.0407207925774643
-1.1751168510503	1.03870005267634
1.25214778019186	0.690181006466159
0.324547557840437	0.179522446941246
0.631667744327565	0.446717162913474
1.51233074404151	1.29062058516589
-0.232817046683503	0.076320654332776
-0.162392456466541	0.0933076412361154
-0.401847181459163	0.321953594470921
0.880778265284383	0.473618441757393
0.688651651717137	0.44929837238098
-0.991755725499652	0.99622410297504
-0.921742001948736	0.780961985400116
0.828520260942316	0.753343627977392
-0.0217867613156302	0.0112104646921532
-0.725142594969482	0.651250987520096
0.251199705302462	0.214692074702204
-0.483125301892233	0.326652036794678
0.829255000713259	0.604880697428882
-0.625670173867328	0.303791256789512
-0.0494517820850231	0.0237892633426435
-1.53662981716208	0.555438343483155
-0.165145037809874	0.060131898293132
-0.234829575212863	0.0770304092976012
-0.168826785810383	0.0614599992409636
0.13075083502815	0.0442922816393792
-0.810559258382344	0.447337938049415
0.332737864531056	0.166302782783439
-0.0514305548208297	0.0247511118428318
0.796628576513548	0.334546331757879
-1.18269376360502	0.669000973844369
-2.09426725327089	0.969284496520593
-1.83391433948043	0.756511402066625
-1.80368476738292	0.398254084963023
-1.53235676509745	0.553502300358264
-2.58453548475525	0.676764203908389
-1.15847376642875	0.355686548405735
0.143912405765303	0.04271032796887
-2.58843250021574	0.677477739401539
-3.08953695583634	0.959084825597379
-1.80368476738292	0.398254084963023
0.931565691852841	0.244293555241305
-0.643506271279338	0.156786530055825
0.932829613639135	0.244963311679429
-1.04843348997268	0.42268378687421
0.153252105409293	0.0383013054251703
0.420418606770294	0.168895551588938
-0.539276806409919	0.207127681793212
-1.50701639972444	0.77640312788577
-0.627271651111178	0.30471867167267
0.321828504787558	0.177809906261087
-0.242032446089015	0.160077207244166
-0.204133591545995	0.111172620205022
0.0249670018627976	0.0143534203508395
-0.670926751126792	0.401112372192473
-0.793361717726206	0.351281994271046
-0.211424462342861	0.115198918800688
-0.519072987456633	0.398339792996389
0.326175197162775	0.161861380530468
0.633818495641874	0.448733057584611
0.526368559655683	0.303371242405286
0.304703069560387	0.183403322487961
-0.402930599524327	0.322892576201738
-0.311695056696891	0.231815960214667
0.693534441546807	0.454231306768744
-1.01406396248812	1.22784157372257
-0.605408645642294	0.451231320072805
-0.787013983945816	0.348297448415918
0.148934306011283	0.0910714210207045
-0.419630490333242	0.177957182429578
-1.83391433948043	0.756511402066625
0.136084377685652	0.0460683789796626
0.805628040967924	0.339040267176394
0.429938313744793	0.173061238352031
0.5885200200499	0.306560093369923
-0.213517329305621	0.11612537481661
-0.623276269853019	0.302199451643414
0.141946794169481	0.0808866025024672
0.147649013295955	0.0371443901885897
-1.83482918178446	0.757249944313784
-0.738391052425425	0.256391693854344
-0.640820070260403	0.156173374069777
0.139373629020068	0.0264474830594518
0.13912027261828	0.0264101516649031
-0.643889763897163	0.156661592959279
-1.15707876120986	0.354760041850164
1.01482142364915	0.384344164321906
0.142861834434777	0.0423357518642175
-0.168535700512318	0.0614396736428628
0.123003504610651	0.0587802644431533
0.126239101106392	0.0542789650402848
-0.0477295093126407	0.023000559264419
0.685656773107769	0.447625529864102
0.42756477352697	0.171975522232766
-0.945168017798111	0.702747508611664
0.336951372798464	0.1688159810196
1.07513752055781	0.809277481947108
-1.00122021034096	0.504272179395878
-0.624366200496861	0.302594176713297
0.127695954893036	0.0609866611199307
0.165737095981642	0.117917102776211
-0.296633755295842	0.189649748201057
1.87655033312677	1.60637313133325
-0.0724967390565595	0.0464089002931616
-0.708365008221984	0.574619855744562
-0.500438122370936	0.433139763293869
-0.0259536705951809	0.0132870128477384
-0.288665779983698	0.184222441166464
-0.674422025418653	0.405303457767107
-0.0183502043462393	0.0094788407686807
-0.625966193544888	0.304092312163021
0.140097789724673	0.0738237723794857
0.452966235198653	0.307028985409091
0.138983315146558	0.0414025350222139
-0.564080323114053	0.36234672245654
2.33763139679723	1.17482410750653
0.13187780450232	0.063130295057045
-0.360086522253743	0.220656879252795
-0.113229209503186	0.0456243767897171
-0.787558915132848	0.34862507972379
0.800885599752655	0.336516454156011
0.650086353252472	0.206202657488722
0.140184451576725	0.0265585662587612
-3.46630912179766	1.25319506698382
-1.80368476738292	0.398254084963023
0.646495256830482	0.205229626326689
-2.58478470503525	0.675813541092272
-2.58453548475525	0.676764203908389
-3.76907032896904	1.51568182757693
-0.359911076994201	0.104872867536805
1.01970949094797	0.387091911393297
-0.167814284601087	0.0611122958404124
0.648390697278338	0.205622460530046
0.766374324991823	0.455174740726428
-0.0810748454046284	0.0359315236089499
-1.04272005949682	0.419280018630572
-0.825986758857643	0.555751324962607
0.584446343651271	0.30420040934434
0.52543680880182	0.302548653932377
-0.803510310744523	0.621951329535305
0.775179797002557	0.83339332084728
-4.57934125606892	2.5641345675886
1.43482864449378	0.89236402657912
-0.41613474123821	0.176119518306245
-1.16877014926218	1.03071705340691
-0.674579186591896	0.403946189829987
-0.673685005183004	0.405305943964604
-0.924270294924739	0.786670069144927
-0.45396146205468	0.356651583618337
-0.571112358846001	0.367951493245928
-1.00226572798608	0.504507891976322
-1.24610147547542	0.954335417219538
0.456328694624478	0.309374386650826
-0.916286323847953	0.775638838313048
1.00103602123048	0.939548946344957
-0.699705824385605	0.49875738416029
-0.0531336080043328	0.0254950632819331
-0.362710949837822	0.10577213020672
-1.04698922224577	0.421366979566404
-0.239491259504407	0.0784232627618526
1.93850934880016	1.21002839413002
0.426552218843411	0.171425080148201
0.513791165711859	0.185017905562863
0.121357765157884	0.0579893190720553
-0.78810398399432	0.348831685910165
-0.547759660466298	0.210426051094333
2.09703789272299	0.940172538936034
0.64559347674232	0.204972394147955
-1.15300618747366	0.353816991053109
1.43554514923892	0.477898562880183
0.927601018172465	0.243257788968905
-0.362710949837822	0.10577213020672
-3.08953695583634	0.959084825597379
0.140184451576725	0.0265585662587612
-0.643506271279338	0.156786530055825
-0.37188304563938	0.108148706742955
-0.787838323415458	0.347899913845856
-0.631064140132954	0.307206484600334
-1.51037574582068	0.777682475780668
-1.69107016721539	0.968675997618047
0.126346136685917	0.0482983004587781
-1.00094665223007	0.503351866236424
-0.175400923860514	0.0637938706001571
-0.815243489645598	0.450618140483456
-0.174273378634405	0.137520637754763
-0.331441173224477	0.154198338712517
-0.946024065489024	0.703544572842523
0.311718287630475	0.171830578783785
0.589248558838848	0.445353993798939
0.370305089139202	0.165917275900182
0.914071530997933	1.02556701273398
-0.172345387988234	0.0994309038053228
0.133280037885517	0.057191022827319
-0.804868069561973	0.76928485650438
-0.0698881695208784	0.0447191775720387
-0.62546181692	0.303728034164568
-0.702785273524643	0.50148767634592
1.06097332758384	0.648818621807937
-0.42508286799778	0.244774726639616
-0.802283966787531	0.620580447514077
-0.116490965625942	0.0469648901038593
-0.648735146604395	0.157899750679971
-2.58478470503525	0.675813541092272
-0.414286829670234	0.175347041504799
-0.423922225337341	0.179630079646446
0.874005490157051	0.468720582420416
0.130564350619715	0.0498651977453956
-0.808048219331921	0.444553312294288
0.367804682936512	0.164972913507321
-0.265530218162955	0.13487948078875
-0.538730061851111	0.206193824014181
0.132323532241134	0.0448554349010625
-0.361622063644185	0.105340752849314
1.43693291937878	0.478412112216202
-1.80368476738292	0.398254084963023
0.139930142590356	0.0265210820862786
-3.46927590533187	1.25338166490445
-0.641207204081918	0.156050090719873
-1.80368476738292	0.398254084963023
1.03023328314932	0.389634401862167
1.01938669987078	0.386305411802006
-2.58478470503525	0.675813541092272
-0.81726865115257	0.452122092823001
0.671567285471957	0.313972657940135
0.451894852361309	0.30611913170236
0.320945079104456	0.177437777429789
-0.605241779767705	0.451154898705119
-0.681794652271491	0.409683865085222
0.669203698295707	0.312886079456326
0.122184371878577	0.0583686623583005
-0.0255316945053369	0.01307431395949
0.16647501922104	0.118497670153706
-1.123417495051	0.779824011828794
0.128967983450184	0.061639141336212
-0.497766242878458	0.431250778498061
0.686100353188408	0.448261047174541
0.0426756787588319	0.0260802279437921
-0.58352864359554	0.54097983411517
0.382868385237995	0.171942997143963
0.14575993281085	0.0834298188868844
-0.267176077052558	0.13591841993887
-0.81919634413193	0.550323186373875
-0.239331176332905	0.15798925245543
-1.53381589120228	0.553464419719289
-0.536752738777067	0.205726898813731
-0.786469190370634	0.347830565965969
-0.534955549485768	0.20533826801366
-0.364163724519504	0.105904858966181
-1.29445922726731	0.591331147636597
1.06374498727003	0.649872934824751
-0.0535355743675058	0.0257109021875868
-0.679801456421323	0.409304970371834
0.130009568369876	0.0558574013678145
0.133629137503167	0.0703650397539002
0.146737983479964	0.0369987654124611
0.371562012619632	0.166997408838697
0.131222837903894	0.0444544196344765
1.43645613213741	0.478161609320723
-0.644770889342653	0.156875139887313
0.932444120238111	0.244842742206832
1.9537169353899	0.454657075827859
-1.80379071234984	0.398266610487963
-0.237176848830075	0.0778020280962772
-1.15707876120986	0.354760041850164
1.43554514923892	0.477898562880183
-0.788637278420783	0.348623215590649
-0.41720757119757	0.17681933779099
-0.420155887615966	0.178117963222853
-0.124599982417495	0.0501711996108527
-0.239491259504407	0.0784232627618526
1.25561416805772	0.693634697863814
0.933932101635886	0.630595689162009
-0.821752454270986	0.55251985436663
1.02588899965521	1.07950291491928
0.762569705028303	0.453094907806685
-0.120658467502121	0.0723008178808814
-0.670468082548495	0.40213056066319
0.428061822578966	0.308025751204628
0.336069502764965	0.168025547665756
-0.0544869146912194	0.0261250747418763
0.369609597440143	0.16563504821207
-0.349554020394049	0.21314085011179
0.459937336827595	0.421854975374712
-1.00603941475763	0.506000097131875
0.153666309597858	0.0994582476430903
0.833250200712378	0.757572856829345
0.41207325224002	0.311703335760258
1.22634327915626	0.845162682271321
1.04714491608127	0.508623915304983
-0.484916409974628	0.328040005351047
1.43784625468668	0.477947615428851
0.140210488911627	0.0417260592948838
-0.515845415223481	0.274922047301599
-1.49588973845055	1.0567077456611
-0.230193097249573	0.0753084240214501
0.140458165206262	0.0418615852654621
-0.648735146604395	0.157899750679971
0.135115516978732	0.045691814158371
0.435821892975191	0.17499363788814
-0.540114053535069	0.207176036194891
0.514954766217988	0.185204661003018
-0.167188873627767	0.0609436443586466
-1.30190523483154	0.594740147039289
0.65414904119533	0.208020876626531
0.130926243753371	0.0443397136390041
-0.171715828002281	0.062535222119982
0.650802186307997	0.206632813066924
-0.644006342900786	0.156718049862583
0.150921468814773	0.0379194736694598
0.139930142590356	0.0265210820862786
-1.05301088609873	0.423664779352419
0.650444653728205	0.206870989076807
-2.30267800536255	1.18088997769813
-0.627568130771192	0.304412357300944
-1.12936798660794	0.783677374166958
-0.253474198275828	0.168423141515066
0.12390321693711	0.0474121589883158
-0.508988876196452	0.270530855057286
-0.0233679333222726	0.0119946680206666
0.129816865868205	0.0557669238399026
1.59737388525948	1.11220467514033
-0.208902725332258	0.14265243764909
1.44058024393133	0.89621876159708
-0.301391992124902	0.193272673969164
0.0418366296512254	0.0256073758146587
-1.47342158116119	1.33453068956593
0.141779574715649	0.0747403675728138
0.668674674115125	0.31247028693812
0.124691919402326	0.0476845886414482
-0.0766800962418046	0.0339843320149693
0.152228753655968	0.0930756401404129
-0.297369921544407	0.190793803413121
-0.537877518920207	0.206535210663043
-0.986158896624863	0.613489358947922
-0.81244664687086	0.544252106541388
-0.239678349640492	0.0785174602984043
-0.788816222150508	0.349478464433716
0.772589862383645	0.46085706692606
-0.0758470415286782	0.0336550832931381
-1.0698611760024	0.871232023705752
0.343795736682887	0.17232092686562
-0.535791908283722	0.205464292080573
-0.0834817846062436	0.0370346255583982
-0.0490116769256635	0.0235976671121185
-0.168621485035434	0.0613849497001624
-0.643889763897163	0.156661592959279
-0.165914588337371	0.0604424067058836
0.13345272036125	0.0452283641533281
0.13912027261828	0.0264101516649031
-0.740941800230378	0.257318537190623
-0.241156977507758	0.0789592581942133
-1.15755644738434	0.355289941594665
-2.58453548475525	0.676764203908389
-0.668200352156095	0.399967855641412
-0.234259276164921	0.0768738569502217
-0.419644717458482	0.241051381094827
-0.104596189843545	0.0773748278004503
-1.35132638410262	0.859114496556006
-0.415337954656273	0.175690846010217
-0.260672495273471	0.132299262543906
0.161204180171721	0.109782458729062
1.00495924863127	1.20145059807799
0.289592374384007	0.198046318102131
0.046032763136318	0.0295556423900596
0.856961940371135	0.981254783127162
0.286290088999113	0.206055506240002
0.0121858994377176	0.00715605779539144
0.27608050357136	0.215727350171097
-0.60117965400236	0.446782757218648
0.767202088591967	0.7215570814899
-0.81095946382378	0.447257894885346
-0.0235952440730226	0.0121129395892697
2.54702436961341	1.41996679520183
-1.05271012413604	0.424128793776784
0.127222675433409	0.0431873188523152
-0.359381488336092	0.219610665411627
-0.543951619434175	0.208833717025581
-0.0871597565535891	0.0385938591795615
-0.204482067868055	0.111313384036919
0.425829554790683	0.305922279120329
-1.74268211565143	1.47887710268926
-0.416683138160911	0.176658736963844
0.367297507151026	0.164673936832453
-0.540021211439973	0.207221505212573
0.134551053521162	0.0455179755309149
1.80556115744	0.709204238553249
-1.03979555880417	0.418029576607972
1.04849182639768	0.509718584989272
0.13912027261828	0.0264101516649031
0.432903576451917	0.173744486867223
0.509231731203745	0.182998706753304
0.139930142590356	0.0265210820862786
-1.80368476738292	0.398254084963023
0.149973970581625	0.0968703851039534
0.294985989055543	0.19033056768139
-0.713630107369332	0.579011999273876
-0.0244921090537049	0.0125766281254766
-1.18897362198673	0.675564151778305
0.373462753108017	0.304972879290905
0.441811255520938	0.297058286066837
-1.27788867928309	1.22167081759673
-0.810800266159152	0.841314987434073
0.180316353829245	0.138751111579826
0.255571452850429	0.212066989894082
0.269345517673216	0.209778612451852
-0.0706419082001266	0.0452052735049124
1.2129457920482	1.00985374494341
-0.361916239588334	0.295862686489129
-0.63947977517839	0.581532864003312
-0.673025246940528	0.40337982690995
-0.413175354447277	0.291254269058587
0.773231235359115	0.460264140640941
-0.208660235503811	0.113840312453136
-3.76557168292632	1.51230600255237
0.483280669311129	0.304222408057293
-0.237747525916144	0.077958682705542
-0.238048417060954	0.0780891030505443
0.12179621988377	0.0465965388459672
-0.292892417750821	0.187486393274811
-1.54183385012035	0.556979646258816
-0.163793329784282	0.0597182116427333
0.931950133432299	0.244413497437813
-1.29484267117576	0.591893520060509
1.02060878637423	0.387301323550052
1.43973986105876	0.479489791047764
-1.80379071234984	0.398266610487963
2.74877977095104	0.77489585677119
-1.53645538754434	0.554877978644979
-1.80368476738292	0.398254084963023
-0.643123124462485	0.156504140249688
-1.29826368209722	0.593438485703413
-0.169855723368467	0.0618000920799006
-0.367012159161167	0.106980484577588
-0.167267366049274	0.0609436470739813
-1.18108746823986	0.667836294529972
-0.668825870713596	0.400906944610353
0.626697099682179	0.441536899462179
1.25267810736268	0.690636942339763
-2.13939597880028	1.65909596703478
0.277731090791362	0.198784161880986
0.578019540255315	0.299585860173611
0.277181229848997	0.198565518465108
0.275150313317022	0.206293413804634
0.294395999357606	0.189965605542576
-0.407321618105568	0.285927867228114
0.628378109068253	0.566275465292501
-0.170187781574408	0.0982248432379748
-1.99240396519208	2.58631875344313
-0.166934602350077	0.0608019750654022
-0.163944165666177	0.0596761278477429
-1.83482918178446	0.757249944313784
1.01682123680428	0.384721876109016
-1.03865945292652	0.417336231168104
-0.98289893003697	0.611980142467555
-0.243691256522987	0.079660254038021
-0.331915279432379	0.154466033541477
0.809850197578332	0.341145799087641
-1.53273207896643	0.55406409993797
1.80801736892668	0.709604687458265
-1.80368476738292	0.398254084963023
0.645241128115201	0.204592987808019
-0.643506271279338	0.156786530055825
0.122986899620161	0.0528369155358614
-0.60578874708651	0.452172723282406
-0.408533289871901	0.287261953987067
-0.209782210017285	0.114580526934442
0.142553944681424	0.0752313171113709
-0.625233722394189	0.519036656433644
-0.490431844330274	0.333250852732921
-0.333372300116353	0.15549695719915
0.0611834670781761	0.041030952094193
-0.414572758381088	0.292285650883929
-0.239000547314808	0.18454093098958
-0.710353171758292	0.576626278576446
-0.359269787221918	0.29370489099377
-0.501597443974286	0.43469810304834
-0.62054871858109	0.515409516700633
-0.355493149029641	0.289158734706868
-0.812032039868313	0.781132158756177
-0.35845544263212	0.104471490348146
-0.623808555562437	0.302503468469617
-0.999109679756036	0.50221030256292
-0.513153722157741	0.272672395964921
-0.746151045211633	0.259667037559905
0.648993667183473	0.205806233366664
0.128065802893217	0.0434680575192894
0.140184451576725	0.0265585662587612
-0.363619197342818	0.105894774191241
-0.751938483930106	0.261119155161525
0.139556940401302	0.0415648034416572
-3.46584456958788	1.25353297605489
-2.58428653566473	0.675727611967995
-0.481064547479616	0.325050485754409
0.527518220518914	0.303678674446064
-0.358939846436304	0.293252729246634
-0.129497731322726	0.0777746227788123
0.93381390763045	0.918873931252801
-0.81223894596937	0.711914927463457
-0.0547777427183787	0.0263097135910096
0.315986693082388	0.174138897430031
1.06079436478751	0.647243198837456
-1.8893670447	2.72852565195968
-0.305287196327657	0.22590556785208
-0.160231816809526	0.0921003691248401
-0.613872465592276	0.507431350774832
-1.36226362711879	1.1378909209625
0.452925354191013	0.307101982456113
-1.17641141585241	1.03801387712038
-0.278308092230203	0.211730526352817
0.58377704657832	0.303150071868655
-0.359911076994201	0.104872867536805
-1.8359662765192	0.757377146649207
-0.540582499054048	0.207502129989812
-0.0505086267400446	0.0242676073759967
-2.08433551908383	0.96418035335272
1.95135265955319	0.45428366780025
0.932829613639135	0.244963311679429
-0.643123124462485	0.156504140249688
-1.80368476738292	0.398254084963023
-0.814301198328126	0.63650284899418
-1.62060794677221	1.25491370236137
-1.20799306186029	1.26705577768792
0.0039626642635835	0.0020614648565363
-0.130771961017215	0.0785621820286069
0.446927488583187	0.301589479911062
-0.456430785275377	0.358889002094352
-0.816003161474676	0.639021345159429
-0.510251773689649	0.270862164199566
-0.169048978482533	0.0976261686122079
-0.698964180796277	0.83538215190044
-0.888974073310619	0.90750101216137
-0.230853684682091	0.17714754963583
-0.270831853112979	0.20505973759172
-0.519612683083124	0.397331391912484
-1.34539356043861	0.851895569809918
-0.79229075965778	0.35123286452189
-0.117040473860693	0.0471715774952561
-0.741276499011426	0.25781621104378
-0.359365673988087	0.104727737543846
-0.640433285495798	0.155891307450366
0.139556940401302	0.0415648034416572
1.43882340562666	0.478615560848155
-0.7389639873091	0.256670839118185
-0.298785504496544	0.191753674247174
-0.062865427953779	0.0300547520357064
-0.423866384852391	0.243593035160767
-0.277311228191202	0.210691570090062
-1.11647156293069	0.769913397506182
-0.808408437276316	0.706624446859683
-0.0956363163720227	0.0594189225000809
-0.0290652733831103	0.0148521841434383
-0.969469535498745	0.600654183775125
-1.117289646214	0.772494912080192
-0.675245030276533	0.405928255241179
-0.523770231976625	0.402986391746028
0.320118876725991	0.176789034298096
-0.513420266568726	0.273568751895235
-0.808856829608844	0.445864983359907
-0.622685844723612	0.302347225159659
-0.126990381575363	0.0510044695449791
-1.15300618747366	0.353816991053109
0.932829613639135	0.244963311679429
0.146774179931898	0.0369732700828277
0.147685616873541	0.0372140815523598
0.932444120238111	0.244842742206832
-0.363074920327927	0.105749762822137
-0.809351683312009	0.631220170188069
-1.34840251695369	0.854162434156937
-0.46375306040237	0.366389287829793
-1.07115699073014	0.872402363970758
-0.505308563976792	0.267994550539962
-0.427555582456128	0.2461134271671
-1.21483122633475	1.27438490387704
-0.435459142468051	0.379440810911104
-0.817108856387584	0.639004375124211
-0.709248004469249	0.575490369973014
-0.714925168699708	0.639232145695285
-0.691134075903044	0.489871765422388
-0.631568377012149	0.307429315176704
-2.80235371350081	1.91522772048343
-0.544114473045216	0.20913830975888
-0.16844086651219	0.0971453031744996
-0.631289314708455	0.30706898772303
-2.94057824220057	2.19776997021801
-0.788272066928701	0.34905422630462
-1.16305893466411	0.356419765567601
1.43925987176693	0.479237157391687
1.01540222010121	0.384610211569901
0.649897891813891	0.206374526154303
0.139930142590356	0.0265210820862786
-0.243192926623713	0.0796302555049372
-1.49635751175509	1.05714113680821
-0.328344974336437	0.152671643464158
-1.0449372111498	0.420548668733196
-0.791745678755755	0.350963339322673
-0.561300908994077	0.360056204152977
-0.265983727488892	0.135177195179416
-0.0505895186876131	0.0243568444600755
-0.998585881831741	0.501553845830247
-0.32221898277157	0.149693959123285
-1.00337604243393	0.504614190424239
-1.11189768170654	0.768087519596131
-0.822653626928631	0.553661250377998
-0.481016008673802	0.325824275516267
-1.49414890663327	1.05218621405596
-0.325520395364441	0.151540356213755
-0.432691314083212	0.249192462994727
-0.484947804513458	0.328873241421033
-0.535791908283722	0.205464292080573
-0.417100995520347	0.238888801118027
-0.362710949837822	0.10577213020672
-1.86355951557331	1.19040339594553
-0.364212438746839	0.106078206157018
0.147685616873541	0.0372140815523598
-0.740110783258044	0.256652541676967
-0.644388443682788	0.157000626677781
-1.15253539705602	0.353154418604941
-1.07935482112324	1.15367166661867
-1.45318244318891	1.57408477867936
-1.67281679421507	1.7577467010139
-0.0176909777947936	0.00917891824051954
-0.71180537574139	0.576445601476977
-0.528440065113433	0.407440615720726
-0.173303206896686	0.100050977645283
-0.566985710757788	0.365119183362499
-0.627467866925332	0.522642479879689
0.150663761321886	0.0861704022617631
0.131666765306145	0.0503231715267364
0.129193281029703	0.0437930146230249
-1.35536040153333	0.862182924796811
-0.568232112591278	0.366299944456757
-0.171459560951733	0.0624735259319497
-1.35310548344178	0.858853174028594
-1.74667402400814	1.4890274890448
-0.411762662877669	0.289624048207494
-0.669566045043408	0.400161370823064
-1.00602031713653	0.506810651252999
-1.83539757756382	0.75750800966345
0.935515179855096	0.245440180005837
-0.336609567506129	0.156963649053611
-0.788272066928701	0.34905422630462
0.932829613639135	0.244963311679429
-1.53219054338251	0.553674997524989
-1.50407258663811	0.773202804817807
-0.643506271279338	0.156786530055825
-0.918206897881056	0.778346232546555
-0.879411621303113	0.963057212691941
0.851211314679707	0.970952386990739
0.933927540837272	0.629926849645895
0.301273541984543	0.194901622390581
-0.237880894736293	0.183471819464909
-1.30219407706137	0.595893702113712
-0.623723717658762	0.302294524216482
0.52543680880182	0.302548653932377
0.155307047644019	0.100601273564797
0.512289539752178	0.292247098330432
0.375308450248779	0.16867150412803
-0.627611402148862	0.304233027488454
0.143337222216575	0.0426016228100372
-1.45193542352443	1.56735296864751
-0.484616075472202	0.329050806923862
0.771694334317528	0.608114556844904
-0.953012425776111	0.707177719298801
-1.03152347465795	0.947748298427537
1.12615046652023	1.27761894505791
-0.94686999930814	0.702894604214951
-4.02168307194439	1.76744583803716
-0.212633770019006	0.116121687032809
-0.362710949837822	0.10577213020672
-0.738629090206008	0.25643862371353
-1.24568852861115	0.953926353551548
-1.28895188893223	1.43099874782136
0.13187780450232	0.063130295057045
-0.160738777409609	0.0924608237976326
0.623364083317194	0.657040906271699
0.659732121614394	0.680688495316088
-0.347653650885375	0.211885763785368
0.55340014492284	0.438272238589249
1.56147829102762	1.68640627689534
-0.267630364979044	0.202238919469256
0.557717391493421	0.443731261206033
-0.0313420812511514	0.0159414494929693
-0.41613474123821	0.176119518306245
2.10142264111892	0.943067738907912
-0.179167443849725	0.125198164806653
0.000446714153364329	0.000236483672318606
-1.29050862589699	0.588908618687569
-0.475027683663339	0.320653965935984
-0.710353171758292	0.576626278576446
-0.168226763261124	0.0971166168824291
-1.2945637325033	0.591302991254098
-1.5360848806456	0.555230368935604
-1.28721982484962	1.42672959149499
-0.883301082574977	0.896790446537274
-0.260622600593223	0.132363581503456
0.0264035909180407	0.0152054979103167
1.39951455411801	1.74667821095745
-0.814923885180813	0.635186977103426
0.516714904121659	0.18565931107904
0.340137787520046	0.17037003822384
-0.904787910471836	0.849891387695442
0.154208976141931	0.0944769705898114
0.314176618435738	0.173567898724346
1.94144560225041	1.21446043138424
0.340449397287037	0.170534423098523
0.127039346781078	0.0546228640259558
-0.309678093838835	0.230228072198132
0.131458424064963	0.062955729452556
-0.818078270864465	0.452510550348246
-0.516168575206898	0.274983924325663
0.144028739283892	0.0877898466642811
-2.58478470503525	0.675813541092272
-0.742753785982603	0.258086652205378
-0.815333356989205	0.450189165743112
-0.746151045211633	0.259667037559905
-0.641207204081918	0.156050090719873
-0.363074920327927	0.105749762822137
-0.511095096651744	0.27159009320338
-0.298673037517112	0.191242672075309
0.154506577501663	0.0945580344390499
-0.63127269362914	0.307180413649044
-0.634853088102568	0.309008180667536
-1.02141241537124	0.936243394790978
-0.573935008628658	0.369876130384145
-1.35213894457686	0.85806919903808
-0.942282560835125	0.698386515616471
-0.819658966122755	0.549696884205384
-0.103148157990619	0.0641823345114422
0.291371510870831	0.19943335543863
0.0411945634877559	0.0251997316018207
-0.482713001545323	0.326475822956477
0.799710015319836	0.336365637644939
-0.534119830392118	0.204770125602286
0.148206000622824	0.0903442791110213
-0.423697581346612	0.243202439050646
-0.809665519689178	0.446612988994613
0.12700523353947	0.0544603295988651
-1.83448317285978	0.756769538624434
0.582765949884679	0.30342180730096
-0.0994145973900089	0.0619152113054516
-0.541858189636432	0.207923122154612
0.375308450248779	0.16867150412803
-0.356161954643486	0.2584654569987
-0.509137774704411	0.270546596341906
-0.414031981947508	0.175185312090786
-0.541240021617112	0.207271274065937
-0.359911076994201	0.104872867536805
-1.29372102355982	0.59176400453293
-1.51510428309365	0.779900794511156
-1.00365027729542	0.505622069288915
-0.692050083625848	0.491599789931626
-1.01816731877113	0.926930228081424
-0.491663108840338	0.333637173265632
-0.477971028949848	0.323411769345152
-0.820919906444474	0.55158846754751
-1.49738690873902	1.05834426048038
-0.823942514298023	0.645607660573591
-0.623988257607338	0.302983573474036
-0.332821657950973	0.155177146785148
-0.630264637780198	0.306854983141789
-0.26298354769403	0.133627508680891
-2.30096949220809	1.17941012456883
-1.11931686094493	0.775913708158158
0.475207192850132	0.29757567781968
0.133508382553801	0.0637779348552704
-1.20700987079294	1.25995032532559
0.728286065778389	0.709020318923171
0.149815133789385	0.0858005002534621
-0.814199034851726	0.450210051056419
-0.119213425596225	0.0480776361981399
0.161127484529562	0.092156170537108
0.770442914831167	0.459469911751833
-0.424144424128514	0.243392394019766
-1.30416491301501	0.59603816184704
-2.58453548475525	0.676764203908389
-0.672779142044464	0.404667128086811
-0.16967972554601	0.0978156990967379
-0.35954487787551	0.26092581105955
-0.564826184632266	0.363529041061493
-0.511218585972841	0.272330654250048
-1.69796970555818	0.977658925190942
-0.486377752866684	0.330545230488287
-0.0353191534328047	0.0236475816818225
-0.121752264627313	0.0881376145561401
-0.64381550536682	0.587873486926022
-0.557238064631177	0.47457375797875
-0.128909529330307	0.0776123224847499
-0.522045979925814	0.604641544942215
-1.49307417564616	1.04898161557924
-0.818225209203147	0.547112639787114
-2.25797365742278	1.91567859572911
-0.367012159161167	0.106980484577588
-1.15345350292765	0.353548980162923
-0.792680090086977	0.350591169840765
-0.626781417742501	0.304966990645863
-1.5375444255416	0.556007810250909
-1.30331477632031	0.596501146476413
-1.00524769573252	0.505793543555981
-0.268079632017027	0.136322450303649
1.0473932362929	0.508125929471314
0.145456107233915	0.0767108341938294
0.427674790849806	0.495671170591706
0.286660096269664	0.196083402745414
1.06614447210105	0.652625234867664
-0.412656054429682	0.174681011524449
1.76619355220641	0.992787073850311
0.506024897221242	0.182012241745483
-0.751027518459726	0.261129168281002
0.146301463254213	0.0369121679082859
0.13912027261828	0.0264101516649031
-1.30246548422077	0.594875039253612
-1.23150662943872	1.46805869004704
-0.127279376494828	0.0511950369644519
-0.922434064074119	0.785084267090614
-0.572771678037883	0.368498620989284
-0.00764186869976637	0.00397652926866679
-0.260255468951772	0.132082717345964
-0.166303823066915	0.0957267531752673
-0.525804621796573	0.40432024073461
-0.811073367755719	0.778676715377863
-0.926514341007008	0.787697341641071
0.767477227064934	0.457263049587896
-0.330868247851591	0.154319001711918
-1.15847376642875	0.355686548405735
-1.29910988710549	0.594809212556218
0.139556940401302	0.0415648034416572
-0.793794159552739	0.351089409133937
-1.04987858754822	0.422210250802028
-3.76557168292632	1.51230600255237
0.508862718541535	0.182846501147302
-1.15347733768864	0.353947479713194
-0.234259276164921	0.0768738569502217
0.974516731240439	0.792967246261721
1.37678266858051	1.05869861920075
-0.31485042429015	0.291606300110848
-0.0452693175323539	0.0296255207865818
0.310364480694781	0.171085900001028
-0.968204745788732	0.600636523115894
0.142206421270329	0.0359541333965371
-3.46538037258837	1.25291021678476
0.139373629020068	0.0264474830594518
3.25399732634696	1.10138712863889
-0.744670437196719	0.258381731549564
-2.08619397262715	0.965015392493155
-3.47021758744757	1.25549793829818
-0.0934262242570627	0.0580518356195885
-0.425522458508471	0.245023422739718
-0.513272759962694	0.273175218672746
0.589008870493087	0.444800429200698
-0.483854450059539	0.328399653556904
-0.53973627715052	0.207373309478453
-0.0817510717846955	0.03628092827398
-0.534119830392118	0.204770125602286
-1.28994819211541	0.588720908127976
-0.644388443682788	0.157000626677781
-0.64834559013069	0.157812973783057
-0.740941800230378	0.257318537190623
-0.781425630857237	0.344538461065501
-1.5318146928413	0.553494474919415
0.144569280114635	0.042929282273931
1.01733621069892	0.384794828984133
0.510303034449659	0.183694667904733
0.510875541395758	0.183928738190787
-0.630578266299989	0.30669451888515
0.132595400611282	0.0634178986334133
-0.0604076130625248	0.0396366846477247
-0.715267655423761	0.639264575324641
-0.787013983945816	0.348297448415918
0.341596799672475	0.171218517732813
-0.739537230825823	0.256790305287863
-0.640820070260403	0.156173374069777
-0.644388443682788	0.157000626677781
-2.58453548475525	0.676764203908389
1.01881061691072	0.386619941894425
-1.29910988710549	0.594809212556218
-0.407128943174159	0.285952571310409
-0.168637057401282	0.0973919607362052
0.15414149283501	0.0997517443288345
-0.242848314190245	0.160814628349407
-2.05778888300181	2.19456127213147
-0.35845544263212	0.104471490348146
-1.80379071234984	0.398266610487963
0.139556940401302	0.0415648034416572
-0.535791908283722	0.205464292080573
2.74617618045436	0.774720201883077
-0.539276806409919	0.207127681793212
0.147685616873541	0.0372140815523598
0.430233238224466	0.173265323266744
-0.423321509709182	0.242888070930423
-0.678895556830819	0.408528904160708
0.421766683738154	0.169549998799388
-0.672938010649287	0.403678139214381
-1.05069813031946	0.421974056128662
2.74617618045436	0.774720201883077
2.0967159187814	0.940286941886901
-1.80379071234984	0.398266610487963
-0.408391300736694	0.2863495879309
-2.08676081704898	0.965329892444669
-3.4697465656871	1.25533488138392
-1.80368476738292	0.398254084963023
0.141726775817505	0.0358473898154438
-0.362710949837822	0.10577213020672
-0.809910726539183	0.447682017792057
-0.363619197342818	0.105894774191241
-0.627271651111178	0.30471867167267
-0.643506271279338	0.156786530055825
-0.643123124462485	0.156504140249688
-1.83818577064438	0.758655290136435
-0.363074920327927	0.105749762822137
0.140184451576725	0.0265585662587612
-1.15300618747366	0.353816991053109
-1.8359662765192	0.757377146649207
-1.80379071234984	0.398266610487963
0.935515179855096	0.245440180005837
-1.15799700419576	0.355156175000868
-1.5338107001665	0.553849543857526
-1.80368476738292	0.398254084963023
-1.53273207896643	0.55406409993797
-0.532995646687439	0.203967396031416
-1.16165682669275	0.355854814021849
-1.5360848806456	0.555230368935604
-3.47021758744757	1.25549793829818
0.932829613639135	0.244963311679429
-1.15345350292765	0.353548980162923
-2.48408411143577	1.40436240737091
-0.819247674453655	0.550751531422089
-0.291981451231088	0.186855827491253
-0.290577056853616	0.18579118487008
-0.172006496439189	0.0626524689585257
-1.50075792575536	1.06060707448395
-0.172553571489637	0.0627808480754489
-0.343690679133313	0.159872102649439
-1.04359703690809	0.420463940972424
0.147470984841552	0.0436723193874914
-0.263588703942151	0.133713358669305
-0.35595597033253	0.257974665294286
-0.208771779466402	0.142122163009944
0.418122959761949	0.298491122691814
-1.0327940234542	0.948648455585579
-0.40952575049731	0.287625889465196
0.133507076242699	0.0639237566531705
-1.86108918104676	1.18782867718156
-1.06807658733516	0.868957692877184
-1.35211244541581	0.855471546225998
-0.645801814822048	0.589398247311351
-0.288525943030243	0.184297876815433
-0.0472453001038751	0.0227342266484063
-0.69142844717882	0.491484464781606
-0.94300527446076	0.695880956321125
-0.50927407102079	0.270830688340003
-0.97596501430248	0.606588215630359
0.134001010727258	0.064216901640919
-0.312345843254442	0.23205766740057
-0.0788884271803217	0.0349565199223425
0.487006881501932	0.306285239297443
-0.624034825459207	0.519893725504532
-0.787825204296024	0.348755440723153
-0.808461508975758	0.446279743728504
-1.86078209934007	1.19005138228785
0.281575845426465	0.202563786544105
-0.413572660975527	0.290761429694744
-0.42041028264147	0.241371640138569
-0.787825204296024	0.348755440723153
-1.01273996973095	0.50969386444819
-0.573947134446448	0.370538412900676
0.13029932403335	0.0685177717336874
-0.126655077737056	0.0758677843753706
-0.106914291226095	0.0665269562534104
-0.0472035284646347	0.0227413249463087
-0.0951044290470978	0.0590274678741018
-0.422042630092705	0.241885564257792
0.337727189507284	0.168802351707471
-1.24011120623423	0.942689300527887
-1.74350919006473	1.48017625912631
-0.714819742223586	0.580620202478175
-0.818552035945755	0.641362286503482
-0.945550946940575	0.700406876139165
0.125348191887986	0.0537822052600892
-1.06705162296416	0.869305261320489
-0.41720757119757	0.17681933779099
-1.47100001723516	1.33105922463553
-0.21804202454138	0.119155473490606
-0.743896854421394	0.258064932248095
-1.28882787339485	0.587667232482263
-0.737818425892552	0.255841649506686
-0.242025564504491	0.0793476290892232
-1.15253539705602	0.353154418604941
-2.08635409087462	0.965683537778705
0.122849604150566	0.046952856778001
-1.53717500364267	0.554960306214636
-0.420155887615966	0.178117963222853
-0.163534484401185	0.0596231662713251
-0.242323132990394	0.0794545395999312
0.146301463254213	0.0369121679082859
-0.412656054429682	0.174681011524449
-1.11663723897387	0.771816982361445
0.525083611534692	0.302161439128028
-1.04359703690809	0.420463940972424
-0.56926419136632	0.48619414082018
-0.119760951485887	0.0482068970784072
-0.0552821919694661	0.0265547912458412
-0.426825815516633	0.245537908179685
0.14427008012724	0.082476615962319
-1.35147937653146	0.85910561299321
-1.37052580721729	1.14666745645003
-0.816203301211474	0.546620696133472
-0.277559338964546	0.210781103049781
-0.200079362956788	0.135760237800777
-1.12614337958419	0.781299194877903
-0.34141226952325	0.206632392514012
-1.74477540413986	1.47799385451201
-0.361802623855853	0.105358062763741
-1.5380893189947	0.555528608035834
-2.29844323093777	1.17734622143086
-0.571076099230206	0.368086470013306
-1.07565577000959	1.14784745268839
-2.0066672202574	1.41815089581466
-0.420135801586733	0.29646136451882
-0.719557492178977	0.643175591417083
0.847258738758523	0.623229748413304
0.340611056318224	0.170606212003357
-1.24994131075454	0.958626699894741
-0.21434313517683	0.1172039919672
-0.568527931400303	0.365767479596839
-0.580523813292639	0.537636686537357
0.00206274232387492	0.00106305644001115
0.136072505841479	0.0717615816627767
-0.165368118811875	0.0602246818930713
-0.745822468806859	0.25909130793883
-1.50755969563052	0.776743410627958
0.315060626262257	0.174121322137803
-0.167267366049274	0.0609436470739813
-0.67605804255157	0.407087048444411
-0.413380121168497	0.291521804079312
0.892340624547099	0.772358441710073
-0.306420794587826	0.227165041512045
-0.0530946678995782	0.025503851221442
1.29725220247883	1.65833989555158
0.129749512526583	0.0439402422989819
-0.413506572329231	0.174720453334601
-0.0514705083368446	0.024777142095871
-0.971907459537104	0.602993921245492
-1.18947620893422	0.675916339428314
-0.816068400601649	0.637459535561071
-0.258631447927422	0.172098248802093
-0.12247362403796	0.0493446725033237
-0.692852439085353	0.491679298206421
-1.18438075890342	0.671114459292441
-1.76081363737793	2.3410856670805
-1.48401468841344	1.35109083022251
0.278237154378509	0.199807252385167
-0.490873050390483	0.421641087182061
-0.352620898527136	0.215638225577746
0.275161865767553	0.214298022571194
0.833348823763482	0.610271069113962
-0.58055513670045	0.626791966609251
-0.0976809068796141	0.0607749089685749
0.545350903442643	0.431084958615621
-0.105839749263633	0.0659532847785978
-0.269449074367626	0.136932630100447
-0.625966193544888	0.304092312163021
1.00326105832794	0.938939074182134
-0.617307372268718	0.511584534694503
-0.513962995696915	0.273116994304614
0.312162160065535	0.171541180111918
-0.263437495875409	0.13395743332601
-0.787013983945816	0.348297448415918
-0.626262289418769	0.30408029518159
-0.812987098868551	0.449383680829805
-1.57246222998252	1.53573509225745
-0.26298354769403	0.133627508680891
0.321338953662323	0.177704982400412
1.07619950832065	0.808933344802142
0.513588171565583	0.533250732991679
-0.811716398727332	0.633156789951491
-0.539839679278571	0.207260587364668
2.00469350191518	1.8859958077142
-0.56853841009891	0.366536473238961
-0.6236927736243	0.302603267131734
-0.0476014008626157	0.0229316892611167
0.425961192082242	0.171382412553361
-0.414031981947508	0.175185312090786
-0.0858970926150639	0.0380543051371307
1.08191165988021	0.816543204815855
-2.80266758483314	1.91614236049163
-0.428472030781199	0.24642666575675
-0.625984455329668	0.30451398202405
-0.534955549485768	0.20533826801366
-0.943884513827666	0.700018222010555
0.146978031093021	0.0896541095253216
0.445460907765896	0.300540202392766
0.374073290858064	0.167964973658043
-0.415354340451682	0.175826033861495
0.151135547808592	0.0925329456345328
0.149333998417939	0.0913544669489153
-1.36294261785922	1.13768580435882
-0.358725853577644	0.260667423159262
-0.0533244719268497	0.0349793323052073
-0.360318850217746	0.261346670140617
-0.424140416007495	0.243485036416162
-1.07788955730457	1.15208213526499
-0.316208949708751	0.235125135850089
-0.6949157887612	0.494702428911423
-0.425522458508471	0.245023422739718
-0.1659103769714	0.0956672833048384
-1.69135381624542	0.970191108056336
0.122850580679262	0.046993631496274
-0.997198553489377	0.501228101461149
-0.816278822930133	0.548407197236424
-1.83528069034894	0.756548371776701
-0.25889713188639	0.131359750868756
-0.162847187500631	0.0936431474736419
-0.947686867625908	0.702004610911899
0.133600703669548	0.0701961405489552
-0.118167975302211	0.0475958821832056
0.124429853890431	0.047598960284698
-0.697958912478812	0.496577945754503
0.522888997137128	0.300202762761362
0.149061440748621	0.0961493341379017
0.522615183239266	0.433416818662905
-1.02348331005722	0.938915638894195
-1.37594275989975	1.40556698345451
-0.0545118447745388	0.0357512123059001
-1.17346539171589	1.03420762673956
-0.0988423996475341	0.0614364030693352
-0.474563567357175	0.320134802208991
-0.748692670861159	0.259686293548182
-0.354894583903918	0.289095496358284
0.310759754252373	0.187173639768784
0.42201668048743	0.169638953784636
0.510303034449659	0.183694667904733
-1.5375444255416	0.556007810250909
-0.818859242316597	0.550569231340529
-1.18649439916376	0.671368430358505
-0.0522131096970464	0.0250678114248565
-1.11821498992671	1.09795500080699
-0.459385449876436	0.36215675229972
-0.0522521693777397	0.0250886404743207
0.60448156465526	0.56570727553745
0.0716526062425113	0.0534525054403808
-0.212288459628606	0.11560871183891
0.138546652857294	0.073004230887717
-0.206218121381071	0.161152743368902
-0.702326854708205	0.500592156934532
-1.1558078179969	1.30558173575746
-0.486183525728778	0.329957479378062
0.354838200319205	0.309558600029348
0.779770437087809	0.838622835981293
0.349527887324328	0.314981200154675
-0.431722090199877	0.412361508290424
-0.0966696607038767	0.071137287914105
0.0388449461753681	0.0237690757912983
-0.71946563126446	0.696708234322315
-0.350020482983891	0.213493572571889
-0.427151908658671	0.245912854816931
-1.11471423163494	1.09409044528252
0.251402099176354	0.214340152042067
0.133226013421952	0.0701800976561517
0.128065802893217	0.0434680575192894
-1.18548364950592	0.671962875148079
-0.806199772018422	0.704797546824057
0.83215959219196	0.608599350234734
-1.01711281325716	0.927940146286723
0.0409848611561106	0.0250799301257849
-1.24481567528794	0.95255917918957
0.685755978222786	0.446142524187523
0.147455654349781	0.0900387903011263
-0.255767364828088	0.129333730401687
0.342067507302419	0.171143599604409
-0.431799924319685	0.248381388244841
-0.788637278420783	0.348623215590649
0.0429419487496741	0.0276185036096544
-2.05143857399754	2.18547373795232
-0.166434308633506	0.11547139384468
-0.213881798331635	0.146368321677605
-0.31250419084893	0.232613197758953
0.171288596627891	0.126835005808045
-0.355023996518849	0.217012452008701
0.169357980251651	0.129698293468134
0.427183499433256	0.307289322897404
-0.666733306147682	0.398951393363164
0.132323532241134	0.0448554349010625
-1.29742468940065	0.593905209910399
0.670521006679873	0.313565928273777
0.270522845465594	0.210953000989775
-0.416158815280474	0.176424715546526
-0.513097266168019	0.273265217134103
-0.366106353055766	0.106564775009011
-1.50755969563052	0.776743410627958
-0.265894798609758	0.13503914670355
-0.628822974371584	0.304813760918812
-0.219601969406919	0.119985617118448
-0.566065200509358	0.363441922461679
-1.18138834069444	0.669088912855268
-0.569367443147163	0.366744808241688
-0.00107280010372826	0.00052595659309942
1.01422713649369	0.958984380069879
-0.701449665109374	0.499909964206373
0.686200625314771	0.446848917150624
1.22205756028129	0.840595401316405
-0.969938981469097	0.600856663465701
0.283790532806779	0.204349593992562
0.325928551130085	0.307756641682088
0.0034990281089088	0.00181624228798492
-0.0211000591983273	0.0144340685994325
0.703094224190078	0.708658968692477
1.41809279655084	1.60351007475546
-0.116896962364672	0.0845601507883622
-0.523356286321187	0.489679629310335
-0.726019034920746	0.652289147389814
-0.10458643820267	0.0651398506265735
-0.949741642752729	0.70720020753102
-1.35066643427294	0.856608547819219
-0.817064780969871	0.547773594480023
0.877392950857311	0.470185603938096
0.459192177273062	0.311319743078075
-1.36746892269097	1.39350756073022
-0.022499301491481	0.0115656818494339
-0.674051632959596	0.40493462754534
0.146774179931898	0.0369732700828277
-0.482713001545323	0.326475822956477
-0.817941059368385	0.548946834739911
-2.22134481503871	2.65885943737729
-1.47079169346507	1.33185912171734
0.0348730365667204	0.0213554759841168
-0.215485848794345	0.11764652455031
-0.813554999992809	0.449650984268995
-0.809180697992508	0.44623869353402
-0.0472035284646347	0.0227413249463087
1.21626418341459	1.01838826656207
0.294897950281714	0.176479713952924
-0.350234543562738	0.213950377405786
-0.213073290607664	0.11645263884113
-0.951299693493885	0.708569218330698
-0.419644717458482	0.241051381094827
-0.369212243745174	0.268943064038013
0.0233476430253493	0.0134733734005729
-0.15421572438796	0.110138126056126
-1.55012184016528	1.78555110381644
-1.51975473350907	1.97108149668826
0.552213442329162	0.438803380449542
1.03845391982021	1.10099162026471
-0.67651004890608	0.40727283601777
-0.29877359649719	0.191615895298309
-0.239387929089768	0.18467180672719
1.88025341832747	1.60685139583798
-0.952590455866605	0.709179711100154
-0.556293106351009	0.355096255949913
0.636656940319683	0.450523086183729
0.334072823446583	0.166986809158879
0.0276128015550437	0.0158720997314075
-1.50837743383326	0.775968801494011
-1.03953690806935	0.417771635817701
-0.115406714289766	0.0465279298350222
0.840379747881159	0.616720000860019
-0.353492374835184	0.216301381417022
-0.162408415527757	0.0935889214282717
0.118407598937391	0.0508206599120364
0.316825975852719	0.174727092444281
-0.617206563353496	0.511669975338775
-0.118964218175896	0.047911892474698
0.367756312537484	0.164917584080915
-1.0430285489592	0.420216988954647
-0.709166717595496	0.575025598995585
-0.919430567357461	0.77935389274041
0.704893360348019	0.582856813925689
-0.109472705280342	0.0682588489305102
-0.29078732491048	0.185770309503568
0.00794136303319039	0.00559751122017002
-0.0319803373901317	0.0214437685492346
0.0429963195177876	0.0276241355221454
0.498231655311313	0.428771278801785
1.62855242758683	1.51733979759535
0.649698814252378	0.667103464723787
0.28550746401235	0.205673353186231
0.0163647496055765	0.00949570254281983
2.54561939521382	1.4182407785019
-0.535517937221125	0.205561517916868
-0.206105908718221	0.1123714331894
0.288858522071504	0.185462943628012
-0.810504613394363	0.631115077683635
-0.415608883219363	0.17598019938734
-1.36549932810232	1.14146375840873
-0.788915540437304	0.349290087251084
-0.813794991843424	0.449938009289746
-0.423321509709182	0.242888070930423
-0.422972630237496	0.242741866605676
-0.631876832906864	0.307130924818037
-1.17311170360498	1.03325238130144
-0.416426702650503	0.176259986735965
0.769161109272101	0.458726226836139
0.665949267418422	0.309927397353133
-0.35982673026102	0.261488931713856
0.0318356855630278	0.019524947266795
-0.101497248921711	0.0631454828798748
-0.0267025766532745	0.013664210173959
-0.566050373151008	0.363388785975787
-0.0745745865446053	0.0477735926522293
-2.00769160013893	1.41649813569194
0.149346441555523	0.09130925986708
-0.295240886324857	0.189372875343123
-0.97111055432494	0.602581615270454
-0.0831977721764975	0.0368280039842016
-0.0212386460815509	0.0109434973217516
0.126239101106392	0.0542789650402848
1.25958016502306	0.695917467871454
-0.508336558590758	0.270190425497173
-1.18108746823986	0.667836294529972
-1.1862024933294	0.670941131317295
-0.641589586090136	0.584999975323819
-0.323505922521654	0.150284110252351
-0.419373905236508	0.177724611943894
1.25267810736268	0.690636942339763
-0.696891893003245	0.496772322847406
-0.699287051921572	0.498459361025782
-0.287244649108814	0.183265314957082
-0.941433787635752	0.697213896320641
0.807025615865971	0.338994460187892
-0.161955146658891	0.0589102517704039
-0.0866874895275825	0.0383942253461441
-0.210149744566364	0.114460474050187
0.318790652403905	0.176397973097876
0.359857727295818	0.30343762239126
-2.1305401917697	3.54714983845732
0.36940491364372	0.313538738593779
0.160120478070423	0.117842376898504
0.734154962430766	0.716214310628798
-0.351990427233195	0.254477959979411
-0.552876599093995	0.470204710899019
-0.364187606082413	0.264876969597597
-0.925566497454826	0.787234546469441
-0.708576724044609	0.504878403075978
-0.415625943139248	0.175609558697721
0.929655551366963	0.62327946960025
0.337253092201084	0.168566323584193
0.52509997633889	0.302589055268402
0.154168160045199	0.104621028262971
-1.12011612086321	0.777516918928453
-0.419206492400939	0.240739672467485
-0.413491293569074	0.174736744287676
-0.630264637780198	0.306854983141789
-0.170392374170515	0.0984464108303595
-0.164314266593343	0.0946690891690439
-0.512682015957348	0.272427704581861
-0.166720587533231	0.0607503375240969
0.375086899156727	0.168553234624934
-0.704790003119979	0.570458614800854
0.52589424032571	0.302813570212805
0.890033019679678	0.7705235211039
0.931713996769357	0.913435654299419
0.276533018699608	0.187655945097187
0.267089256221914	0.199379890035028
-0.0519111298835311	0.0249772380023043
-0.187261557386331	0.149270508303562
-0.0822901003914311	0.0527306871611153
-1.12409923711653	0.777935232015377
-1.04124180825515	0.418513150870408
-0.0531523968118615	0.0255410941694232
-0.353657894526862	0.215684415544774
0.00380234093468011	0.0019752946696617
-0.165145037809874	0.060131898293132
-0.994116403669632	0.998053141932898
-0.217624078036676	0.118921866575655
-0.716806050746435	0.641908425383086
1.21725273989621	1.0191572793076
-0.41081226088766	0.173851415262344
1.53018549707212	1.85438861594417
-0.0476014008626157	0.0229316892611167
-0.649223881787838	0.593311263656637
0.624808719053921	0.562701287932775
0.0480952884362096	0.0309336297232536
-0.986944693360201	0.987130263652845
-1.61766401359556	1.95600802877811
-1.36424258422925	1.5990668346386
0.173419588125469	0.118421491673792
-1.37624324028114	1.15411418795695
-0.35633770734311	0.217931335362953
-1.0014834948517	0.503689162250359
-1.36098019336999	1.13608311958779
-0.534955549485768	0.20533826801366
0.390464238688241	0.306959711368358
0.692815029628414	0.453158485002263
-0.209768092334948	0.114545356392942
0.428884876273104	0.172685936510533
-0.115243154263125	0.0464459414859408
-0.129957540751161	0.0780389703082467
0.277823797082251	0.198800516202156
0.151753905466919	0.0868974191335047
-0.071964295027673	0.0460732755879164
-0.372818348454448	0.3370613436585
-0.242904103348699	0.160598999794174
-0.627761379186413	0.523166322262666
-1.5375444255416	0.556007810250909
-1.35808723545672	0.863017177080032
-0.979139727125653	0.608890004565689
0.999157873986565	0.93753487847229
-0.0706419082001266	0.0452052735049124
0.167666990734433	0.114330153943735
0.690371988468738	0.451250664311632
-0.518524306873108	0.27638815782859
0.427045807277416	0.306714389297639
-1.48092181587229	1.34590772957348
0.131963687075937	0.0694182486908307
-0.423355291060943	0.299221224342702
-0.0125629507916892	0.00871053869861786
-0.899314620628493	0.842940624651547
-0.807067499171011	0.834527614705725
-0.210707241491564	0.14363333033974
-0.243786455572349	0.161336138356658
-0.345200883639746	0.209851753194517
-1.68943020109639	0.968333269055803
-0.947726951402637	0.703691447016697
-0.416785316042567	0.293672534642375
-0.094238141866526	0.058476679830162
-1.29372102355982	0.59176400453293
0.139747804703051	0.0668862225769132
-1.11217465786551	1.09034501861781
-0.352570243910573	0.2546635786976
-0.359917072224319	0.293458421826184
-0.484430269072482	0.328344077078277
-0.510426701085264	0.271751432762041
-0.167401196860935	0.0966450595679503
-1.11700825096541	0.772176747551192
-0.0892639340349504	0.0553343564326386
-0.818887969532787	0.452269507371494
-0.568232112591278	0.366299944456757
0.58691134476517	0.441641917027943
-0.413300560550438	0.291021897870751
-0.462238295772668	0.364814106670636
0.392423546568708	0.30984883885138
-0.4972393409954	0.429945994787508
-0.126713527975208	0.0921843435373363
-0.158195654614512	0.127123115545882
-0.488520616548684	0.332210182699101
-1.02569080428924	0.939272890221998
-0.14954645685219	0.106750519025479
0.280670652429706	0.201721344846709
0.0118231512244236	0.0069694811267919
-0.3572078608085	0.21855250936022
-0.0873223342370119	0.0386003679724586
1.01125897496667	0.956598354052782
0.157464129489751	0.107063082147925
1.36443528260876	1.83076581566188
-0.211885802334244	0.144803071083374
0.25355421927328	0.216868303021256
0.157047684757702	0.0962561432581822
-0.0746263267628316	0.0476754309926361
-0.282540415582424	0.236809950888978
0.410336300714785	0.310096370016043
0.592822102698013	0.448681297279322
0.272054058753106	0.194294113780261
-0.456883677346829	0.359703614971345
-0.305099231769368	0.226084977643011
-0.485966721346293	0.33031135465659
-1.17389214566692	1.03617926927492
-0.417450353129446	0.294586837649988
0.585419725717184	0.304820371771566
-0.972050476357458	0.603141239346648
-0.35538650775295	0.288257367477382
-0.707265302510447	0.573217420175672
-0.310372466416873	0.230794963255769
-1.25327928104617	0.960983267233427
-0.0146009962583545	0.0100358412542921
-0.211815855235747	0.144574953058046
-0.816698239534227	0.638608022405113
-0.558094392693968	0.47516242484542
0.454243905865958	0.307440177504244
0.313780472628344	0.173309757761123
-0.00314529577618373	0.00164490127502343
-0.0531528618989397	0.0255569082141609
-0.810645304343421	0.446308751148556
-0.538988830342672	0.206637222810477
-0.0625646466148904	0.0410765093205032
0.147433831982287	0.0842824035725178
-0.356570587336889	0.218388807728404
-0.788637278420783	0.348623215590649
-0.422865270096431	0.179172734425968
-0.0231161587931037	0.0118778517953465
-1.06480537623955	0.866568338248985
0.286592420189757	0.195846779500452
1.33017505918503	1.21318534524258
-0.287978663093084	0.183828686814987
-0.721459802732783	0.646820141921068
-0.236710916191345	0.204598954133758
-0.0367230622303795	0.0246295410736249
0.582587599598586	0.56195146089351
0.454858967228427	0.3083965904412
-0.347784535926626	0.211814754132436
-1.11743848132408	1.09651025415327
-0.42508286799778	0.244774726639616
-1.29854797059543	0.594785420705011
-0.824716900377551	0.55420441355122
-0.554949797661602	0.471745420491917
-0.787466869404932	0.348223508763215
-0.805022614557455	0.701402482596932
-0.73085957426556	0.712484243056083
-1.37686416163947	1.61947699737661
-1.00469749739312	0.506244413010356
-0.479046549983296	0.323949661892194
-0.0157304411667579	0.00819502780055982
-0.416406198179431	0.176293113457099
-1.45936939909166	1.58566884482659
-1.23752922205856	1.47441713633266
-0.989813708378319	0.99318731392628
-1.46016898576584	1.58695342257764
-1.36411614996045	1.38703395052923
-0.217230826612229	0.170917754392548
-0.370459132701811	0.361683515654094
0.0539354707829873	0.0361916477141584
-0.209960691201966	0.164705952217872
0.266724918386991	0.222593773425314
0.544358906116844	0.536158469239273
-0.811167941918701	0.708554285863733
0.497013775742237	0.427418236971186
0.727716868063653	0.709696828941371
-0.784904468227469	0.346585951872652
-0.352817375919411	0.215119829078715
0.140191645391206	0.0798221197821379
0.380076853953887	0.311734065128664
-0.0118700076873352	0.00824146757155837
-0.693305170004698	0.492670701818979
-0.218168860537951	0.149372000625386
0.461469600247778	0.313560142950721
-0.353311948140147	0.216063950545025
-1.00340133741183	0.504524662617514
-0.712219058464631	0.578280699576113
-1.66783267067716	1.74391041734129
-0.0082413528972514	0.00430500329769488
0.284658761634041	0.205046415660028
-0.971393724144778	1.05299128140927
-0.213936979881687	0.116826759664399
-0.395997891725513	0.316073420401099
-0.0321643399910554	0.0215456574983744
0.379336090113529	0.310754145002817
-0.300807720404589	0.192985883345916
-0.817984829276709	0.549853696758891
-0.560396545632746	0.359105105439255
-0.703802630858504	0.568252252979751
0.130658112595085	0.0442562319396043
-0.0501880683020486	0.0241675506636703
-0.817108856387584	0.639004375124211
1.0731846249518	1.35670714380335
-0.125829980006002	0.0756566754954742
-1.00097145155495	0.503111416233042
-0.214313152717054	0.11706524674546
-0.81493987527028	0.545237714158414
-0.197135063109623	0.133262607508955
-0.904464392307574	0.84901395666149
-0.0162212551311873	0.0084308301804891
-1.06330412604675	0.861245742935026
-1.06849434036423	0.868952040215186
0.460381117217197	0.42118486092687
0.0275476224478459	0.0158328590131658
-0.480894516174945	0.456210248328096
-2.0066672202574	1.41815089581466
-1.07765665265506	1.14911920465269
-0.406991744643133	0.326128580763707
0.28184170254573	0.211899856969905
-0.452175109704995	0.354947813225296
-0.267631841132849	0.202495747749559
-0.31304668660893	0.258070385139747
1.21227199030785	1.32722094575921
0.389418711085553	0.30661336743832
0.130187649341207	0.0441073748021701
1.22424223406451	1.0287679395182
-1.02229774880802	0.937523911076373
0.658096598940211	0.567156920431314
0.711430655733659	0.589885797868723
0.146220631548882	0.0836635675984434
-1.66594591189407	1.74612343026542
-0.678895556830819	0.408528904160708
-0.430557609592936	0.248067938511448
-2.09002422236249	0.96852720746282
-0.290769100235238	0.186073116272895
0.634464944716172	0.448637107719169
0.160156152392529	0.108837550943964
-0.355917815454952	0.217648062469647
1.4410885772277	0.898444379742483
0.136363976488978	0.0718885907773711
-0.460948005454411	0.363120093504732
0.735925578516349	0.808840226729707
-0.405717367760933	0.361601900904935
-0.418949176852818	0.295763975711744
-0.590410150894994	0.673672478555817
-0.80915372104344	0.897663472019564
0.934277210231113	0.630111182815121
-0.16739473286691	0.116316662632502
0.333285920359292	0.16655605601407
-0.512629215954195	0.272722763646202
0.134284439062011	0.0454806903417194
-0.0876321072750047	0.0387798763662611
0.527540008301331	0.30408129424637
0.0653646605306368	0.0439429258071499
-0.129988320987643	0.0782572747970384
-0.0259346374698575	0.013276051501772
0.450610123170696	0.30515900839034
1.43777185015725	0.894537489531786
-0.667218214032253	0.70319427656969
-0.0297374181788034	0.0151755900063531
-1.52899469498403	0.551909382987037
-2.58478470503525	0.675813541092272
0.142761726532005	0.0424383939640617
-2.08433551908383	0.96418035335272
-1.85202341896748	1.7059357350865
-0.515624081667607	0.274938314308358
-1.27540884173859	1.21293629858029
0.473920269111816	0.42075558484974
-1.47737534775436	1.34371094106628
-0.414657967519004	0.292503355824439
-0.569797358018383	0.367162518067779
0.425706706311112	0.171161852825946
-0.807448595453626	0.628273315189107
-1.02635786371554	0.942738998672221
0.26773176696271	0.199922333646949
-0.34807641830653	0.251038543895188
-1.16782551345866	1.69586949277408
0.52636800900515	0.437224929986285
-0.183706529256771	0.146099274421595
-0.312284959540389	0.232391960228629
0.0310783728130744	0.0190624968403518
-0.127505053760432	0.0767133970447355
0.503290208871918	0.434103642212444
-0.153921638956207	0.110042436640789
0.133276490633245	0.0638472250525847
-0.119685566782326	0.0481687091447422
0.583061486658868	0.302968243382615
0.809904822385338	0.945556735207482
0.454818678433401	0.308229206635712
1.55585578875958	0.776687781318743
-1.63393254898568	1.27021761684624
1.81210894888404	0.710969215120519
-0.36030085181549	0.261509708094517
0.526201250433545	0.436573574492634
-0.477818113448952	0.323105692183379
-0.300902033116898	0.193188714015852
-0.643506271279338	0.156786530055825
-1.85697952831152	1.18469831923786
-0.971907459537104	0.602993921245492
-0.817148688292155	0.71757793526601
-0.812851621725588	0.544225567131587
-0.425867844283664	0.244980604998569
-1.02377438612159	0.936023027036427
-0.529766713442823	0.408121438540454
-0.322121156294305	0.267430908495987
-0.100242964970157	0.0624223526978837
-0.271278776155574	0.137987870845051
-0.0786228341191576	0.0504071230106541
-0.627371594940489	0.522591676043609
-0.484205464527631	0.328817275342529
-0.211475305846475	0.115572051561274
-0.0534384410021384	0.0350198993020997
-0.644476543999975	0.587242222903547
0.272596094554189	0.203980881384488
0.261545105364993	0.202836397896124
-1.99414115580021	2.59549978195868
0.0614668249659489	0.0395643342146005
-1.04786382925772	0.422554751457188
-0.970205040213817	0.601212400413758
-0.329484947660693	0.153315497365354
-0.00736735619763673	0.00384481078682066
0.160922961073478	0.109556214909567
-0.717783403059017	0.641180418088535
-0.628962005303292	0.305951356252255
-0.294031102368762	0.187997560378311
-0.299461510287701	0.192381463239284
-0.296988722196633	0.190452293504976
-1.04215155805216	0.41903356624497
-0.787558915132848	0.34862507972379
-1.19275803323518	0.677638444782413
0.767480492358912	0.456386624048345
0.0157028590767031	0.00914436497693899
0.529960880037159	0.305539448678409
0.590064470461574	0.445632182745991
-0.479580450717262	0.323990528732384
0.0327511545689692	0.0200719087730943
-0.815460467387708	0.547763751865615
1.95624931551636	2.31221790352684
-1.16917835408828	1.03130179259404
-0.60372427680409	0.449948252483188
-0.298583887885654	0.19179731810496
0.923790841663971	0.618353730234535
-1.37082998909491	1.15053004334124
-0.273451675760112	0.206814395714591
0.299721265912911	0.180016394501858
1.62733888095439	1.51418287004272
-1.27828940306261	1.22184686100321
-0.0666370297383393	0.0425366701545029
-0.484483802452921	0.328569436675866
-0.409763708704338	0.173063603492995
-0.328609905030074	0.15316434310685
-0.41449005898684	0.292308311010934
-0.350618735032304	0.214013686612081
-1.63175360160968	1.27206776890636
-3.09408861819707	0.962829753125291
-0.741848012858367	0.258096023054699
-0.64834559013069	0.157812973783057
-1.29260010942573	0.590704652352426
-0.801952967139215	0.355014879449777
-1.30302588056994	0.594461453633065
-1.45360355415414	1.57160169674011
-0.814612310526511	0.714706032695328
0.275839798160474	0.19737118887127
0.0384409579453341	0.0235280222527176
-1.0491472797594	1.20142150012393
-0.736849363062085	0.720629766701519
-0.00616501494278601	0.0032287321469607
0.157601322176208	0.111602558339746
-0.177423704753555	0.12407489648299
-1.36635768239599	1.60169958930473
-1.24697494177244	0.955201914643093
-0.705982024090223	0.571334648395342
-0.403520396716909	0.323515530811036
-0.520447005824765	0.399876860312716
-0.566480734210856	0.363838341982903
0.151811673127852	0.0929404531647986
-0.0573418615537403	0.0376283814043816
0.662857197982697	0.573369374344052
-0.0498080079209596	0.0326026037509259
-0.166260196995038	0.0956714276067821
1.44186900755889	0.898971030095399
0.309339403197145	0.186096256730086
-0.0240442266189825	0.0123482432289098
-0.296520548840888	0.190258946047217
-1.06413975257899	0.862900879855309
-1.00312683086785	0.505013319506012
-0.649148438045261	0.157773093407476
-1.52899469498403	0.551909382987037
-0.359911076994201	0.104872867536805
-0.791745678755755	0.350963339322673
0.139884098064408	0.0416988824150201
0.80254307274593	0.337440554502806
-0.703709767116009	0.501973445856079
-0.423799749456812	0.244025519206386
0.133260765268866	0.070124837849219
-0.673685005183004	0.405305943964604
-0.50678637960762	0.268945990361325
-0.453473797811186	0.355909264670475
-0.556394795967648	0.562923512585443
-1.84316547013881	2.16929966341029
-1.24272244234478	1.48413507369451
-0.151953496952329	0.108422909985364
-0.622623637472062	0.518506856188446
-0.81540919773814	0.636917357604428
-0.414286829670234	0.175347041504799
-1.62727971479539	1.26697180106819
-1.67233153309321	1.75504151043669
-1.46908344104781	1.33101521931378
0.583242110525996	0.302479287687799
-0.0960813194068808	0.0597695543347006
0.156792354261628	0.106436330545493
-0.235998789909003	0.181762894349379
-0.106227836471794	0.0662079595638225
-0.438630099662001	0.382595936782793
-0.312660189402568	0.232705169053157
-2.26147765133012	1.91638791759966
0.667002104134902	0.579594279180558
0.283476413391727	0.203766573059409
-0.351524592518183	0.214737257426806
-0.458514382095855	0.361447097675396
-0.878061128950483	0.96053779687109
-1.57761936122399	1.54418150011751
0.0476098618988533	0.0306287127635266
-0.71923303833869	0.64533592525584
-1.57398396905137	1.54187101219905
-0.634580138125943	0.308501427330075
-0.965919078430186	0.597197897345228
-0.78810398399432	0.348831685910165
-0.265318351573278	0.134553024100092
-1.04550658635032	0.420677883175507
0.139947662100296	0.041632372501591
0.655055294702571	0.20808355560833
1.31468004021919	0.577244755259019
-0.329744148971619	0.15366894971624
-0.0848158376650714	0.0375725267748889
0.135679858700265	0.071507574193623
0.324664885775615	0.179604414389216
-0.704970271761809	0.570023726378634
-0.804782997502859	0.701476921433677
-0.809977769012121	0.71008677648468
-0.294835836765522	0.189024011753477
-0.510722742261306	0.271031091913741
-0.425072060550476	0.244586835697973
-0.103578652652186	0.064546867010028
-0.696019432765337	0.496250171648313
-0.667919626907471	0.400371850518655
-0.625165952692346	0.303517921019859
-0.513787203793804	0.273500210328847
-1.12424586678286	0.779020347548116
-0.790394189627804	0.349534409883907
-0.68388271378397	0.411468562673923
-1.0678768153917	0.868009225735139
-0.128406865066324	0.0935437623812808
0.870988824407598	0.885715759260695
0.934279126626589	0.92009837910297
-0.362830153227127	0.263415575112175
-0.0172951490466944	0.00897229880856935
-0.488404186226275	0.331488444002697
-0.485668133534067	0.329544430234545
-1.18498216471043	0.671126215295338
-1.00312683086785	0.505013319506012
-0.0472035284646347	0.0227413249463087
-4.01299394869743	1.76442641905919
-0.814277736318746	0.450336369915053
-1.3657433100715	1.59838228260541
-0.307969632580963	0.228556433293895
0.537597678031265	0.527558579196901
-0.143822323097571	0.152796246137798
-0.1071497535716	0.0793562954859307
1.44819333391956	2.05531821978727
-0.460431241026337	0.361511528094667
0.102816701822223	0.084580525478051
-0.304096907752534	0.324842338735268
-1.53549221914162	2.46125560889019
-0.201029926314016	0.136532977998554
0.167365392317433	0.128003461385273
-0.454542239734338	0.40084226733301
-1.37315159333211	1.61539888404925
-0.212654695260251	0.1160619831393
-1.17901256901538	1.04257826658574
-0.535791908283722	0.205464292080573
-1.51591355638878	0.782037064263787
-1.49241077825321	1.05092101851777
-0.627271651111178	0.30471867167267
-1.04873903928095	0.422350290876866
-0.995353970503877	0.499322809407602
-0.971907459537104	0.602993921245492
-0.415367264171831	0.176060665426675
-0.355276684749407	0.217468546476234
-0.135539681175833	0.0817158659730966
-0.0976352429247346	0.0985158680916343
-0.305982527658003	0.281981175099438
0.340449397287037	0.170534423098523
-0.520005136234022	0.398449861863709
-0.505515614067362	0.267946777051886
-0.805478061267914	0.443522013003723
0.341868407701362	0.171233077090058
-1.69372803704822	0.971560882630988
-1.35147937653146	0.85910561299321
-0.644144224610704	0.58712490281297
0.359900162818497	0.314781995259842
-0.437899525928441	0.454242522106368
-0.0644482439171971	0.0615858802526595
-0.402579061194571	0.419645083487737
-0.236526094158909	0.182310322423081
-0.369692655741606	0.333763943253566
0.322775607134595	0.303564869950882
0.457178049681527	0.418604701574348
-0.578550691519219	0.53532162126537
0.163324615686888	0.128780303947612
-1.20854438969932	1.26519260908956
-0.274008151963914	0.207984322708901
-1.29854797059543	0.594785420705011
-1.18468253728705	0.671335078239347
-0.515158693873472	0.274611324040043
0.651349240994328	0.207129762624853
-2.08692041005003	0.965378729425355
0.793252185647743	0.332669784800747
-0.643506271279338	0.156786530055825
-1.15347733768864	0.353947479713194
2.74617618045436	0.774720201883077
-0.640433285495798	0.155891307450366
-1.24398863047767	0.949634972877581
-2.09002422236249	0.96852720746282
1.60279866066839	1.11972136728936
0.101332378212165	0.0833639119704639
0.267189889792591	0.199496005791072
-1.62727971479539	1.26697180106819
-0.515914861046914	0.274313085340846
-1.2945637325033	0.591302991254098
-1.54238163545367	0.556701514145195
-0.0981181427339726	0.0610745010471243
-0.217611061436123	0.118944052938338
-1.57837252967266	1.54931303011035
-0.717222847157086	0.641815629591117
-0.25609508282528	0.170385608121388
-0.097807597851227	0.0607212305055287
-1.17788810020739	1.04046105927791
-0.475302190809096	0.450114935533058
-0.216010348174434	0.169993068493841
0.590885162228454	0.445490598661964
-0.259400372425109	0.131595577211311
-0.415150464556487	0.292812263174687
-0.121088961547046	0.0487649822681702
0.580976637686067	0.301580238283322
0.0498492451734115	0.032065727068237
-0.720917806129715	0.696301782354629
-0.2868958777728	0.240725657848536
-1.47364220349798	1.34060353128727
-0.164209148095099	0.0946300359290445
-0.279451216763347	0.233152198444745
-0.809977769012121	0.71008677648468
-0.570756830538539	0.365369633834792
-0.943130699176109	0.698968593414352
-0.793381333108006	0.351169698411901
-0.969469535498745	0.600654183775125
-1.02836101421033	0.943776530480254
-0.510301782607894	0.270949179100825
-0.245841510309243	0.163060810347952
1.46666833990819	1.4702986739214
0.546970309603899	0.539869061155665
-0.913025119186307	0.86159904486236
-1.02386115276046	0.93514171477895
-0.977734680573789	0.608475510538094
-0.0956946452838708	0.0595016840028771
-0.678975217151969	0.408677100367832
-0.557178784364527	0.47421467693626
-0.357656943081399	0.218812637228246
-0.691885665636832	0.491943772291783
-3.05587383420658	2.48769375411183
-0.736908958226035	0.255490300483238
-0.738055403900028	0.256318943131305
-1.50674280471803	0.774612138867927
-1.18817024161391	0.674901362088127
-1.36422103466936	1.14031033709438
-0.812328673737204	0.780132445653281
-1.49397867367935	1.05144316674074
-0.166575930814302	0.096081522068841
-1.50701639972444	0.77640312788577
-1.49415412752846	1.05175536829704
-0.330609211155798	0.153855602486934
0.129433150721	0.0680273627020872
-0.408888438195861	0.328650199676759
-0.232434603928026	0.178300277676226
-0.3632664404465	0.264438034109981
-0.787558915132848	0.34862507972379
-1.24683774256587	0.951815423471067
-0.925970018612905	0.78739720641734
-0.174038178456592	0.0632687436691289
-0.424072779971921	0.243357662356344
-1.18648690635223	0.672882608825773
-1.15347733768864	0.353947479713194
-0.643123124462485	0.156504140249688
-1.30190523483154	0.594740147039289
-0.815761825627739	0.546325534891551
-0.40707406111588	0.171761381054793
-0.700441185426732	0.499718752742598
-0.90260047895192	0.848669958231512
-0.698313384706939	0.496124750355125
-0.714012952913571	0.578817893934298
-0.352653762874181	0.215682565489248
-0.164607335200939	0.0946041860469896
-0.788915540437304	0.349290087251084
-0.784081161574614	0.346813224493689
0.464926620808785	0.315666122404492
0.126867977855145	0.0545019814636371
-1.36996963905547	1.14976753334249
0.0694903095506238	0.048625975868131
-0.420627162118045	0.296990353436847
-0.0447440994560819	0.0215768535810756
-0.151309908029987	0.108119353666194
-0.244368426935251	0.232761181884131
0.383348649156214	0.314208417820276
-0.573943366808424	0.370335840242162
-0.132458197551904	0.0797459969721953
-1.37144516533434	1.6007637706691
-2.05177096081073	2.18670796750153
-4.22566924723604	2.01819924476989
-3.77014641652566	1.51341591434115
-0.413761434958365	0.17508532022509
1.80556115744	0.709204238553249
1.04216854941531	0.504654487179358
-0.415880213118191	0.176088333213337
-0.481691823137533	0.326847954754854
-1.11243023999625	0.768755280205111
-1.3597053341624	1.13482352861351
-0.348422929514968	0.212240581641676
-0.478274328663215	0.32333334893996
-0.93175037876157	0.792958733047913
-0.60258633035054	0.449966942706493
-0.95543496276535	0.710770118679855
-1.12201167360969	0.778614957357804
-0.563335751652723	0.360180443835818
-1.7516774897836	1.49256992075234
-0.780882296179975	0.344333091725545
-1.18947620893422	0.675916339428314
-2.80416648218999	1.9159200684382
-0.671956462790676	0.40420043143652
-0.551502167243523	0.467721189618875
-0.512950289642425	0.273372069632629
-0.601584400576908	0.447187313213124
-0.0264638624853149	0.0135470417482716
-0.242323132990394	0.0794545395999312
0.882351811122834	0.474688457945604
-0.128108853113123	0.0514893734101583
-0.322536872422511	0.149854138830521
-0.80714911285625	0.445060429873085
-1.11729467069405	0.77373431351674
-2.49011268293944	1.41310863165816
-0.2060373150302	0.112210826477324
-0.624661830631615	0.303154266509194
-1.00417383279281	0.506023554653868
-1.35018391583421	0.856342220204093
-0.475849357702866	0.321359075820342
-1.18598523004556	0.672531822676205
0.373414055043821	0.167570580005263
-0.534119830392118	0.204770125602286
1.63579674652371	1.52962339180386
-0.48705901475596	0.330577585118423
-0.972050476357458	0.603141239346648
-0.544512919265376	0.209060965089162
-0.261944832063451	0.13290694564692
-0.419899321881331	0.178034045801847
-1.51563689472901	0.779107446892683
-1.1192872007393	0.776707936486982
-0.362710949837822	0.10577213020672
-1.19028033076577	0.675237057384142
-0.414557503610828	0.175513398695098
-1.53219054338251	0.553674997524989
-1.53327386150544	0.554071585244721
0.425483209780123	0.171231898189555
-1.12477177054214	1.10604639174344
0.252142130147062	0.221600902950472
-0.738218907772643	0.774406219100056
-1.55290241742679	2.29995842836464
-0.594302930107118	0.589809793414156
-1.18917499872805	0.675385979454538
-2.08619397262715	0.965015392493155
0.803676101253231	0.338560822354516
1.4406577565604	0.479253975897627
3.25399732634696	1.10138712863889
-0.645166441735812	0.157071156419286
-1.8342610889082	0.756597291586424
3.2530948013434	1.10108931722157
-0.534955549485768	0.20533826801366
-0.199837251766642	0.192133005801644
-1.049308717888	0.422479383129619
0.14311796249796	0.0361933240878638
-0.643889763897163	0.156661592959279
-0.819744588783379	0.550353387220667
0.773609813833786	0.608988998186464
-0.330213495069083	0.299772359068627
-0.366054690905782	0.329501251942544
-0.217091156781578	0.190044882304904
-0.184146986712504	0.146525558755999
-1.06902717080236	0.870366032873326
0.132236167244569	0.063295469237266
-0.792008151205469	0.350994474519001
-1.04276979621639	0.418727010408207
0.42756477352697	0.171975522232766
-0.641207204081918	0.156050090719873
0.140785309842846	0.0419396944428236
1.30720354168202	0.572959867621651
-0.788370303416665	0.349083376814077
-0.174857052183133	0.0635999691348714
-1.03629297752344	0.415379442071346
-0.167267366049274	0.0609436470739813
-1.49935661184424	1.05982053507317
0.103477081412195	0.083005264145637
-0.55295139216263	0.468668783265924
0.127632326063365	0.0547626704571631
-0.238048417060954	0.0780891030505443
0.133719957549112	0.0453066786126365
-0.115696238437404	0.0466631346161035
0.150481785037224	0.0377820806483386
-1.0720524917555	1.14151518744459
0.158332359903091	0.116138181018702
0.0388242128481317	0.0237479165920392
-0.242297263118082	0.187092047229336
-0.394847519073265	0.470973498127828
-0.739950580090563	0.776491533407171
-4.01817667966541	1.76873594417854
-0.168535700512318	0.0614396736428628
-1.04272005949682	0.419280018630572
-1.04729435938822	0.422179438065331
2.74534949223189	0.773319630917041
-0.643506271279338	0.156786530055825
-2.58453548475525	0.676764203908389
0.128065802893217	0.0434680575192894
-0.644770889342653	0.156875139887313
-0.745822468806859	0.25909130793883
-0.359365673988087	0.104727737543846
-0.255035558920236	0.239033765051912
-0.00655384645226721	0.00342021163218084
-0.419105204222685	0.177722426333996
0.142836544444112	0.0424005568045196
0.139930142590356	0.0265210820862786
-0.643506271279338	0.156786530055825
-1.02450383148242	0.938502125685839
-0.0495798765483037	0.0325107938425998
0.0160557106569414	0.00935465644909507
0.484516388783546	0.304923328191343
-0.548452384951752	0.464703522645568
-0.453034872342095	0.398980473041853
-0.266931771902454	0.2014869901154
-0.813279766229848	0.633605413090011
-0.246820768506357	0.163526101231794
-1.67281679421507	1.7577467010139
-1.06263705400782	0.864003088284265
-0.291883895422592	0.186564199184086
0.302915566402772	0.182045691472644
0.478846126372326	0.29972231274913
0.141075126493884	0.0805463351870129
-0.536765936421278	0.205647858335616
-0.534801701416111	0.204575075952591
-1.29175805648946	0.589095158331848
-0.295240886324857	0.189372875343123
-0.242803227363923	0.160700680934659
-0.817295738060577	0.640315226666251
-0.262770460211448	0.133240632678087
-0.326005707438094	0.151777723979142
-1.69560017546339	0.973781826707912
-0.363664142019236	0.105826742826499
0.130238282667823	0.068578061002799
-1.15347733768864	0.353947479713194
-0.359484589487651	0.219779215433927
-0.363619197342818	0.105894774191241
2.34407919420168	1.17828821559008
0.805769324127157	0.339679478238357
-0.791483874342572	0.350227377994833
1.60309610088266	1.11768161836883
-0.605909965729136	0.45273381329706
-0.137704064476216	0.0829855754774327
-0.57223441001551	0.369333114028188
-1.50109261173439	1.06161793637589
-0.0493455272673935	0.0237560589056198
-0.512682015957348	0.272427704581861
-0.354363088204908	0.216877282376883
-0.421691506757398	0.242153672030705
-0.560444870894977	0.359511130361459
-1.86076460829128	1.18726623827983
0.131929033420281	0.0504202941929281
-0.356547060934969	0.258837375245298
-0.206535459144385	0.112601212568515
-0.423920454216568	0.243510466988922
-0.896838650369231	0.918385518962861
-0.416589490893376	0.238276328744048
-1.197039815666	0.679608412415949
-0.0889031541733683	0.0393204936109883
-0.266804313887327	0.135653406642141
-0.630768616520417	0.307077689658054
-0.788915540437304	0.349290087251084
-0.124599982417495	0.0501711996108527
2.09793872874783	0.940098510185472
-0.630055962189897	0.306429394145344
-0.793507528998074	0.351437351531063
0.141934018068002	0.0422115362011609
-0.644006342900786	0.156718049862583
-1.15707876120986	0.354760041850164
-0.415100345459572	0.175724403640198
0.131666765306145	0.0503231715267364
-0.519788863152693	0.277117875134294
-0.804890288408098	0.443379003162437
-1.12030022945332	0.776578403124021
-1.1851836078729	0.672885903753995
-1.6931598169394	0.972708084489676
0.0242309201587629	0.0139720522395097
-1.24908829108986	0.957648865879811
-0.411573855266021	0.289515302498075
-0.525968442785984	0.40443856800388
-0.415880213118191	0.176088333213337
-1.25118561968465	0.958033541694004
-0.2474343036585	0.164174063226243
-0.454876121517292	0.357126560111683
-0.356303834303578	0.258400333890545
-0.516752545789194	0.275094413469916
-2.25970503279676	1.91287157588
-1.18518562190076	0.671777571048883
-0.626599442940161	0.521915616682067
-0.117372225466347	0.0472598191570808
0.130396150838963	0.0685368583627842
-0.160455647058438	0.0922701367111423
-0.264345626631133	0.134482207269924
-1.30836813413814	0.597198409118283
-0.644770889342653	0.156875139887313
0.143665287756915	0.0427236629465922
-0.367012159161167	0.106980484577588
-2.58453548475525	0.676764203908389
1.43925987176693	0.479237157391687
-0.165627450344726	0.0602663481172659
0.148123932113398	0.037298775193441
-0.36125776400353	0.10521302829144
0.146737983479964	0.0369987654124611
-0.363074920327927	0.105749762822137
-0.644388443682788	0.157000626677781
-0.243691256522987	0.079660254038021
0.522668643078456	0.300880070035023
0.371321037027816	0.166503233216642
1.06158848364818	0.647991448870788
1.07763650510238	0.812980070481568
0.138043773533244	0.0786936823172713
-0.60578874708651	0.452172723282406
0.686200625314771	0.446848917150624
-0.330383234339374	0.15410561364646
-0.949296588675852	0.705813791743459
-0.341768826770744	0.15921447815767
0.133167282638648	0.0699326825744602
-0.567383377857096	0.365832523858924
-0.823040475286732	0.553733961165383
-1.11601733834798	0.773914970969735
-1.11758684299043	0.773438319212849
-1.21557715446488	1.27626516580299
-0.634558401780338	0.308934493339009
0.297055851156959	0.178172130380708
-0.751027518459726	0.261129168281002
-0.54382907098793	0.20875137125439
-0.52265776330571	0.402120194728292
-1.47542444137915	1.34342768297342
-0.207617447667481	0.112695057322706
-1.03686084156488	0.415624583219163
-0.643889763897163	0.156661592959279
0.65414904119533	0.208020876626531
-0.538988830342672	0.206637222810477
2.74534949223189	0.773319630917041
-2.58453548475525	0.676764203908389
1.44017683745973	0.479001218015642
0.138983315146558	0.0414025350222139
-1.04816955160128	0.42197561480355
-1.29669727350146	0.591734238376283
0.338513170226462	0.169233151440634
-1.11984780800731	0.776633175688314
0.312891222089629	0.172626690728688
1.4351810937811	0.892049446373279
1.80892476946184	0.710964612544011
0.891725955314292	0.770867453724341
-0.259854860195403	0.131853467817397
0.12127262000712	0.0579514606332432
-0.662955529763297	0.651763865728665
-0.250349435279268	0.165869336447192
-0.942711083537745	0.69878414220021
-2.30884595313841	1.18481911681381
0.0192998949170715	0.0111272934868422
0.518041920294969	0.297327512194329
0.588894152077611	0.444379929212892
-0.35708400268599	0.25891761166665
-0.946875829010271	0.704131126132554
-1.34847644890474	0.856852747886889
-0.416258978129526	0.293962514462313
-0.944692684929399	0.69874189755715
-0.512157764202943	0.272974519735246
-1.15300618747366	0.353816991053109
-0.787558915132848	0.34862507972379
-1.0049723971438	0.506574590675267
-1.15300618747366	0.353816991053109
0.142727172563101	0.0269105320645235
0.139556940401302	0.0415648034416572
1.01970949094797	0.387091911393297
-3.09447285673231	0.961828946915894
-1.80368476738292	0.398254084963023
-0.746151045211633	0.259667037559905
-1.83761336669059	0.757343583394005
-2.09115886201322	0.968679872642059
0.378619910981365	0.170101004100737
-0.412656054429682	0.174681011524449
-0.0755462971594816	0.0335077812279625
-0.246849938926745	0.163665208388337
-0.354750880584283	0.216789623607333
-0.816287695651942	0.638060997468059
-0.256495548387	0.129932248741133
-0.702785273524643	0.50148767634592
0.125716132666771	0.0539064402522061
-0.265074761385572	0.134564176603984
-0.171848181149981	0.0625529988223328
-1.36340120888254	1.14296013564768
-0.52019855714027	0.277219025223957
-0.622218834354935	0.301646273579908
-0.220877036527779	0.12068349436155
-0.314744231799973	0.234363395644306
-1.49692064042857	1.05807460235161
-1.28938794131991	0.588317996070523
-2.80235371350081	1.91522772048343
-3.76450171843679	1.51272854782687
-0.236606371241214	0.0776017669502627
-3.08991345953591	0.960747174631736
-2.58478470503525	0.675813541092272
-3.08991345953591	0.960747174631736
-1.29994893345059	0.594341305014164
-1.70277852175866	0.978771721272547
0.142864446105089	0.0480724264144545
-1.54090200312273	1.77387220251489
0.520127950441917	0.298756430343204
0.515956337999109	0.295382076471136
-0.805478061267914	0.443522013003723
-0.808691777146191	0.540227645889679
-0.0493217362227661	0.0237355994274185
-1.00043487315502	0.503226775995486
-1.85901208149974	1.72187357296959
-0.417182514644126	0.294026592456135
-1.8359662765192	0.757377146649207
-1.80368476738292	0.398254084963023
-1.69320532908324	0.971042444496919
-1.80368476738292	0.398254084963023
-0.171268892229677	0.0989186167302658
-0.6691937520225	0.4014477270877
-0.213881797309599	0.116803698969525
-0.121280080649147	0.0487804450733573
-0.406027894577019	0.170982229358737
-0.261127333855765	0.1325248144209
-0.41742937465577	0.238494145890119
-0.573950467619211	0.370156185182048
-1.2931604748656	0.591359256359774
-1.80368476738292	0.398254084963023
-2.58453548475525	0.676764203908389
-1.80368476738292	0.398254084963023
-0.237176848830075	0.0778020280962772
-0.357804118967906	0.259833621251533
-0.327707707614758	0.152403371064979
-1.11593955994912	0.771888746390829
-1.36425579300492	1.38366878165597
-0.668287122265846	0.400711618245175
-0.595896180892296	0.442392963350506
-0.135356102368593	0.0815563587968851
-1.47281083194261	1.33895991147161
-1.12469801312098	0.779298612267088
-0.333691830091661	0.155561116107088
-0.163958399127485	0.0944174626581365
-0.809012016274273	0.706618139812703
-0.424678390410647	0.244587975832324
0.0557351225929898	0.0358419806602447
-0.0218315689483298	0.0112416004312396
-0.806193605888724	0.770892045559602
-0.971907459537104	0.602993921245492
-0.0846351485350611	0.0374911557959136
-0.534393347384375	0.205023861194337
-0.173614179164597	0.0631315478454414
-1.07032241553686	0.872010776744315
-1.11197827040658	0.768453862723094
-1.06727981987178	0.867230440436613
-1.85039446879521	1.70275351169684
-0.0120158302810231	0.00634772547540572
-0.256949275956112	0.130188817593751
0.137619703042039	0.0726017510873867
-0.296285345559475	0.189529212095896
-0.504197238518573	0.266962865536482
0.484987271676199	0.305689780341154
-0.813834857569305	0.545622396409539
-0.415880213118191	0.176088333213337
-0.664187361553476	0.396702262481625
-0.26261780359056	0.133509087957349
-0.336445356250298	0.156826104557485
-0.56854225900914	0.366509999920599
-0.697923016848588	0.495822475560587
-1.02377438612159	0.936023027036427
-0.999633587695849	0.502675021948371
0.581969310447795	0.302983355056771
-0.0826927787797058	0.0366898485093226
-0.258220335909556	0.130817720183787
-0.493073395929401	0.425130232616411
0.44953190545404	0.303223692565868
-0.421367023737716	0.242113912934631
-0.139024093924245	0.0837614939411292
-0.415819512587211	0.23779154930177
-0.811675766491287	0.543815940179191
-0.813794991843424	0.449938009289746
-0.814199034851726	0.450210051056419
0.839027456170114	0.616720617336749
-0.963578949654989	0.595426965206904
-0.512480393893973	0.27309171763842
-0.692262905477413	0.492196783531433
-0.717289424182581	0.58305977799549
-0.415634602521529	0.17611682369115
-0.564344806296486	0.361401513612508
-0.215469567507625	0.117589403325663
1.94671176072443	1.21876302854207
-0.128578562876045	0.0516600808348327
-0.788816222150508	0.349478464433716
-1.49738690873902	1.05834426048038
-0.259400372425109	0.131595577211311
-0.330609211155798	0.153855602486934
0.511447846039878	0.183898335950935
-0.41213126151368	0.174476836425326
-0.416683138160911	0.176658736963844
-0.544386763003421	0.209013480388639
-0.657100980367862	0.647959855064268
-1.1547506215075	0.354173653078364
-2.01103211308029	1.41907812916353
-1.51672370337924	0.781246735871237
-0.236036093012264	0.0773277810609913
-3.08991345953591	0.960747174631736
-0.804111323351935	0.767423812637834
-0.56567573925304	0.364414480316411
0.933324263209431	0.244705909364566
-1.15114881056694	0.35245741836246
1.43554514923892	0.477898562880183
0.130304023458337	0.0497578171777221
-0.644388443682788	0.157000626677781
-4.22510923707724	2.01714949266729
-0.671946639562232	0.710558927413474
-1.18387792747148	0.670672405513553
-0.743325166733626	0.258205235128744
-0.233689169788626	0.076674255613353
0.127478278749746	0.0609668402790495
-0.619707870158474	0.30020422367339
0.651349240994328	0.207129762624853
-1.80368476738292	0.398254084963023
2.74877977095104	0.77489585677119
2.74534949223189	0.773319630917041
-1.49977156007574	0.767970511223639
0.139930142590356	0.0265210820862786
-1.15439361670696	0.354342573020678
0.935126029437946	0.245318397037238
-1.84024402602088	0.759932191900061
-3.16466239626657	2.78679186993994
-2.08139224285987	0.961563288351015
-0.415608883219363	0.17598019938734
-0.209795090411459	0.11444574731201
-0.937793376395441	0.691914675572918
-0.538988830342672	0.206637222810477
1.55669334526495	0.777212571863682
-0.363255768460324	0.105782299807354
0.130130225074194	0.055891225054438
0.885030405097769	0.476402560264289
-2.14125046628901	1.66075495877162
2.09703789272299	0.940172538936034
-1.18438075890342	0.671114459292441
-0.997475099438893	0.500572605366309
-0.538167038511063	0.20623016620555
-0.163793329784282	0.0597182116427333
-0.424447277157623	0.179911651412099
-0.701418683009279	0.565432431420469
-0.417943272346069	0.239521024391519
-1.12258869049289	0.779354444218934
-0.0201258600498818	0.0103828476585748
-1.49471630010334	1.05399312842145
1.04716699047905	0.50803185827175
-1.25327928104617	0.960983267233427
0.123003504610651	0.0587802644431533
-0.00395927921294282	0.00206866011665319
-0.625690448615245	0.303992002521077
-0.26754559587544	0.136149310799411
-1.50269237167381	1.05896056383092
-0.572667980980269	0.369230833011633
-0.239975824588399	0.0786192096818251
-0.742419833798786	0.258214778445979
-0.209782210017285	0.114580526934442
-0.242894765745569	0.0796348330145537
-0.1297066212795	0.0781053128662752
-0.647851670947045	0.591775270532741
-0.326736226100362	0.151788918588291
-0.210673988267273	0.114997485250019
-0.160061280688517	0.0583136921813335
-1.74789310434051	1.48696595977818
-0.112725163918855	0.0454339502474393
-0.131874309188073	0.07941260951962
-0.163060003114284	0.0938917156025334
-0.0574104278710393	0.0275089293623559
-1.69239843499757	0.972196555916096
0.476822692621015	0.299103377807117
-0.714910265702141	0.580465954174943
-0.292118073678469	0.187013932361237
-0.643123124462485	0.156504140249688
0.801831777002685	0.337763886330832
-0.0444000779862448	0.0214144362783253
0.135233102927473	0.0647208671830805
-0.600264343789219	0.447507324589772
-0.786748384546598	0.347623898535113
-0.34482168768647	0.209740607519922
0.0490014032059236	0.0315194673261152
-0.21389863368482	0.14625081478422
-0.420723474210493	0.240658348488264
-0.698868357096804	0.498039665282321
0.0185790417124341	0.0107438519432158
-0.165932750964412	0.095339886672455
-0.681697408173826	0.410132064572508
-0.258310927598667	0.130748935227371
-0.00314529577618373	0.00164490127502343
-0.0749433354847669	0.0479987862455081
-0.352843145469897	0.214969391345704
0.410080287369566	0.31037532709536
-0.416466624325534	0.293641072553474
-1.5369997817935	0.555799845674469
-0.742182711888573	0.257807372285815
1.76594373027782	0.990847446672898
-0.806181032774349	0.444433026770381
-0.0275746753665008	0.0141038378425911
-0.515158693873472	0.274611324040043
0.380135878970675	0.170864492809039
-0.820512492226444	0.551399623718752
1.04477301317624	0.506956885971242
0.13783494805858	0.0786629214993861
-0.42723602111632	0.246127542710907
-0.0585911013627047	0.0280827703710243
-1.68810457226927	0.96688634759205
-0.162988659613012	0.0594305969388654
0.654507105141339	0.207585170258097
1.74949268410141	1.78086158424004
0.145886833422079	0.0769182701753044
-0.164052849140934	0.0597221791440503
0.133592638462362	0.0573486605282302
-0.810150432537075	0.446867569420495
-0.425920131063042	0.245283083372055
-1.17757847501281	1.04279502037189
0.58475417863079	0.304390555192014
-0.0515988965540409	0.0247293008253788
-0.817576179500733	0.639427784617591
-3.4706889709537	1.25393147494203
0.147211981908801	0.0371529932006973
0.139930142590356	0.0265210820862786
-0.812259758193646	0.447343116999364
1.43882340562666	0.478615560848155
1.25664969996917	0.694322095482239
0.125024213476998	0.0477238325571395
-0.0769494987673118	0.034086214290673
-0.537877518920207	0.206535210663043
0.126881444562926	0.0605538371427187
-0.238535498919549	0.0782368452146959
-0.79229075965778	0.35123286452189
-0.35047880774818	0.213790876736069
0.13279405965443	0.0569890673700884
-3.4697465656871	1.25533488138392
-0.673877256020823	0.404931215263638
1.43708163641992	0.89510606428613
-0.538151618981623	0.206588191897496
0.336478932913549	0.168473024829597
-1.63085265862763	1.27150290753829
-1.53219054338251	0.553674997524989
-3.08953695583634	0.959084825597379
-0.361622063644185	0.105340752849314
-1.15707876120986	0.354760041850164
-0.237779905435115	0.0777921527193649
0.144816855539053	0.0429958878810455
-0.242025564504491	0.0793476290892232
-0.265550880113815	0.134825021245281
-0.329094468580607	0.153485560574559
-0.292680610841765	0.187271931573189
1.76515090442274	0.989745744509004
-0.350051243337098	0.252804955675117
-0.427151908658671	0.245912854816931
-0.0077742164362331	0.00405527125296218
0.456428265170963	0.309152409016551
-0.622833876548889	0.51679872523165
-0.122763213546705	0.0494421799513675
-0.0181113323717984	0.00938672155539116
0.12700523353947	0.0544603295988651
0.292495928884083	0.188765611614573
-0.559527177288456	0.358617539104982
-0.0556175948445807	0.0266565839664332
-0.404760728860494	0.324219386543888
-1.80379071234984	0.398266610487963
-2.58817701744193	0.677412741892899
-0.792553264813643	0.351420601868644
0.139884098064408	0.0416988824150201
-0.241751693846918	0.0791910993295349
-0.0791991584272068	0.0351226828039932
0.12978568391941	0.0387494734151033
-0.811768571872164	0.447028583857112
-0.238619080974611	0.0782457591467586
-0.329317511719044	0.153288395629677
-1.03953690806935	0.417771635817701
0.0249834651427943	0.0144011787457168
0.897471407785937	0.777351478099387
-0.676403941376473	0.405955967487611
-0.676883674714643	0.407554839655206
-0.3572078608085	0.21855250936022
-0.571087568802147	0.367832925673355
1.03636563173148	1.09600582780753
-0.784625312207766	0.347139882397849
-1.5360848806456	0.555230368935604
0.144241227938778	0.0428872731898325
0.429138140572359	0.17277091636147
0.12245680493383	0.0525949064803283
-0.124064151874363	0.0499563084162275
0.0449401109913978	0.0274526977922976
0.92699926145671	0.622943589266408
1.04429005735424	0.506486200775635
-0.606597305907546	0.452893233318587
-0.0235376767499677	0.0120872228619828
-0.291822493857382	0.186605331515348
0.631860246751458	0.446520823803786
-0.806595603560183	0.443018431562435
-0.921628606836559	0.783859866557854
-0.544114473045216	0.20913830975888
-0.825986758857643	0.555751324962607
-0.0168248467277179	0.00874631728717136
-0.326491111277252	0.151972062797545
-0.680627266948483	0.409682185907745
0.144241227938778	0.0428872731898325
0.306859166076695	0.184603512462995
-0.120295244528641	0.0485077000078596
-0.00471002553034647	0.00245190962566736
-0.513153722157741	0.272672395964921
-1.37307569705899	1.40156057671453
-0.258529715924361	0.131033710877358
-0.573520871954267	0.370001554679252
-0.803570760766828	0.622976910431056
-0.16967972554601	0.0978156990967379
-0.333691830091661	0.155561116107088
-1.5078339709167	0.77562890929677
-1.37179293660574	1.4005720069531
-1.85778557311896	1.18542503264011
0.580770647807191	0.301205332462493
0.367250953360033	0.164667889175643
-0.589984171745512	0.436349760963169
-4.85559733379719	3.1672559113616
-0.347524934896682	0.211595046798826
-1.5369997817935	0.555799845674469
-0.128868038243657	0.0518065115847343
1.43231451842469	0.887360616059391
-1.18209130665259	0.667705455793904
-0.78489108076276	0.346823398999766
-0.975860100311684	0.607337302838219
-0.520259008810366	0.277239527135241
0.673976334457528	0.315562558766203
-1.11609390614292	0.773686298460228
-1.18766800775792	0.674330132585566
-0.235735416566093	0.0772160964519024
-0.417943272346069	0.239521024391519
-1.04436802647587	0.420175062937639
