x	y
-1.80379071234984	0.398266610487963
-0.644388443682788	0.157000626677781
-1.80379071234984	0.398266610487963
1.95062146582611	0.454190159391569
0.147211981908801	0.0371529932006973
-2.58428653566473	0.675727611967995
-1.80368476738292	0.398254084963023
0.135344827059028	0.0258639507496658
1.95135265955319	0.45428366780025
0.139373629020068	0.0264474830594518
0.139930142590356	0.0265210820862786
-1.80368476738292	0.398254084963023
-1.807243397525	0.398882182291443
0.13912027261828	0.0264101516649031
-0.644770889342653	0.156875139887313
-2.58453548475525	0.676764203908389
0.140184451576725	0.0265585662587612
-1.80379071234984	0.398266610487963
-1.80368476738292	0.398254084963023
-1.807243397525	0.398882182291443
-1.80368476738292	0.398254084963023
0.13912027261828	0.0264101516649031
0.935515179855096	0.245440180005837
1.95062146582611	0.454190159391569
0.139373629020068	0.0264474830594518
1.95135265955319	0.45428366780025
-0.644770889342653	0.156875139887313
-1.80368476738292	0.398254084963023
-0.64834559013069	0.157812973783057
-0.644388443682788	0.157000626677781
-2.58453548475525	0.676764203908389
0.13912027261828	0.0264101516649031
1.9537169353899	0.454657075827859
-2.58843250021574	0.677477739401539
-2.58453548475525	0.676764203908389
1.95135265955319	0.45428366780025
-1.80368476738292	0.398254084963023
0.139373629020068	0.0264474830594518
3.25219401652934	1.09882975306147
0.13912027261828	0.0264101516649031
-0.644388443682788	0.157000626677781
0.13912027261828	0.0264101516649031
1.95062146582611	0.454190159391569
1.95135265955319	0.45428366780025
0.139930142590356	0.0265210820862786
0.932829613639135	0.244963311679429
0.138699758667585	0.0263265295910935
1.95062146582611	0.454190159391569
1.9537169353899	0.454657075827859
2.74534949223189	0.773319630917041
0.13912027261828	0.0264101516649031
0.13912027261828	0.0264101516649031
0.932444120238111	0.244842742206832
0.140184451576725	0.0265585662587612
1.95062146582611	0.454190159391569
0.933324263209431	0.244705909364566
0.139373629020068	0.0264474830594518
-1.80379071234984	0.398266610487963
-1.80379071234984	0.398266610487963
0.14311796249796	0.0361933240878638
1.95062146582611	0.454190159391569
1.95062146582611	0.454190159391569
0.932444120238111	0.244842742206832
1.43602101245823	0.478148523404795
0.142727172563101	0.0269105320645235
0.933324263209431	0.244705909364566
-2.58453548475525	0.676764203908389
0.139930142590356	0.0265210820862786
-1.80368476738292	0.398254084963023
-1.80379071234984	0.398266610487963
0.142727172563101	0.0269105320645235
-2.58453548475525	0.676764203908389
-0.644388443682788	0.157000626677781
1.95062146582611	0.454190159391569
0.142727172563101	0.0269105320645235
0.147211981908801	0.0371529932006973
1.9537169353899	0.454657075827859
1.95135265955319	0.45428366780025
0.13912027261828	0.0264101516649031
-2.58478470503525	0.675813541092272
1.95062146582611	0.454190159391569
0.146301463254213	0.0369121679082859
0.140184451576725	0.0265585662587612
0.139373629020068	0.0264474830594518
1.95135265955319	0.45428366780025
-1.807243397525	0.398882182291443
-1.80368476738292	0.398254084963023
3.25219401652934	1.09882975306147
1.95135265955319	0.45428366780025
0.939107808803008	0.245913360600712
0.139373629020068	0.0264474830594518
0.140785309842846	0.0419396944428236
-0.645166441735812	0.157071156419286
2.74700474235958	0.773735225227364
-1.15755644738434	0.355289941594665
0.139373629020068	0.0264474830594518
0.13912027261828	0.0264101516649031
-1.80379071234984	0.398266610487963
-0.648735146604395	0.157899750679971
0.13912027261828	0.0264101516649031
-2.58428653566473	0.675727611967995
-1.80379071234984	0.398266610487963
-3.08991345953591	0.960747174631736
0.140184451576725	0.0265585662587612
1.95062146582611	0.454190159391569
0.139373629020068	0.0264474830594518
0.140184451576725	0.0265585662587612
1.95135265955319	0.45428366780025
1.95062146582611	0.454190159391569
-0.644006342900786	0.156718049862583
-2.58817701744193	0.677412741892899
-0.643506271279338	0.156786530055825
-0.362710949837822	0.10577213020672
0.933324263209431	0.244705909364566
2.74617618045436	0.774720201883077
-0.64834559013069	0.157812973783057
-0.534119830392118	0.204770125602286
-0.538167038511063	0.20623016620555
-2.58817701744193	0.677412741892899
0.139373629020068	0.0264474830594518
0.140184451576725	0.0265585662587612
-0.643123124462485	0.156504140249688
-1.80368476738292	0.398254084963023
0.13912027261828	0.0264101516649031
0.146301463254213	0.0369121679082859
0.933710809861868	0.244826616527384
-1.15300618747366	0.353816991053109
-1.15253539705602	0.353154418604941
-0.36125776400353	0.10521302829144
-0.117877731994865	0.0474656693086417
-1.15392338036234	0.354212278509058
0.138699758667585	0.0263265295910935
0.139373629020068	0.0264474830594518
0.936401569876498	0.245675339056074
-3.08991345953591	0.960747174631736
0.140184451576725	0.0265585662587612
-1.80368476738292	0.398254084963023
-1.80368476738292	0.398254084963023
0.143992581516926	0.0427137531860369
-1.80379071234984	0.398266610487963
-1.80379071234984	0.398266610487963
0.13912027261828	0.0264101516649031
0.13912027261828	0.0264101516649031
1.95062146582611	0.454190159391569
-0.64477214166203	0.156983480169134
0.136156966750329	0.025975077128062
0.142727172563101	0.0269105320645235
0.652253897170883	0.207102973093912
1.95062146582611	0.454190159391569
-2.30096949220809	1.17941012456883
0.932829613639135	0.244963311679429
0.931565691852841	0.244293555241305
-0.644388443682788	0.157000626677781
-1.80368476738292	0.398254084963023
-2.58453548475525	0.676764203908389
-0.647852271039411	0.15768507802046
0.653790201953018	0.20742302218683
0.147211981908801	0.0371529932006973
-0.643506271279338	0.156786530055825
3.25219401652934	1.09882975306147
0.13912027261828	0.0264101516649031
-1.80379071234984	0.398266610487963
0.142727172563101	0.0269105320645235
0.140184451576725	0.0265585662587612
0.932829613639135	0.244963311679429
0.932444120238111	0.244842742206832
-1.80368476738292	0.398254084963023
0.139373629020068	0.0264474830594518
-2.58453548475525	0.676764203908389
0.139930142590356	0.0265210820862786
-0.644388443682788	0.157000626677781
0.139373629020068	0.0264474830594518
-1.80368476738292	0.398254084963023
-1.15394884803957	0.353566779644249
-1.80379071234984	0.398266610487963
1.43925987176693	0.479237157391687
-1.80379071234984	0.398266610487963
1.43693291937878	0.478412112216202
0.142727172563101	0.0269105320645235
-2.58453548475525	0.676764203908389
1.80218392775286	0.706553037006594
-3.46584456958788	1.25353297605489
-0.644006342900786	0.156718049862583
0.14311796249796	0.0361933240878638
0.936011360767503	0.245553152580958
0.139373629020068	0.0264474830594518
0.931950133432299	0.244413497437813
1.43645613213741	0.478161609320723
0.13912027261828	0.0264101516649031
-1.80368476738292	0.398254084963023
-2.58453548475525	0.676764203908389
0.931565691852841	0.244293555241305
0.140184451576725	0.0265585662587612
-2.58478470503525	0.675813541092272
0.145828384011954	0.0367587486446884
0.139930142590356	0.0265210820862786
-3.46584456958788	1.25353297605489
3.25219401652934	1.09882975306147
-0.362710949837822	0.10577213020672
2.74877977095104	0.77489585677119
-0.239189944575117	0.078331525521977
0.139930142590356	0.0265210820862786
-1.80379071234984	0.398266610487963
3.25586177376341	1.1013084673078
0.139930142590356	0.0265210820862786
0.65414904119533	0.208020876626531
0.13912027261828	0.0264101516649031
1.43693291937878	0.478412112216202
-1.80368476738292	0.398254084963023
0.13912027261828	0.0264101516649031
0.140184451576725	0.0265585662587612
0.142727172563101	0.0269105320645235
-1.80379071234984	0.398266610487963
-2.58453548475525	0.676764203908389
-1.80379071234984	0.398266610487963
2.74617618045436	0.774720201883077
1.95135265955319	0.45428366780025
-2.58453548475525	0.676764203908389
-0.362166381635235	0.105626912484328
0.140184451576725	0.0265585662587612
0.140184451576725	0.0265585662587612
0.147649013295955	0.0371443901885897
0.929363107220915	0.243670370746797
-2.58428653566473	0.675727611967995
-1.807243397525	0.398882182291443
1.8098322354038	0.711329755606344
0.134993392187805	0.0402831505348415
2.74700474235958	0.773735225227364
1.95135265955319	0.45428366780025
0.14311796249796	0.0361933240878638
0.139373629020068	0.0264474830594518
1.43602101245823	0.478148523404795
0.140184451576725	0.0265585662587612
2.74534949223189	0.773319630917041
-1.15300618747366	0.353816991053109
-3.08991345953591	0.960747174631736
-1.80368476738292	0.398254084963023
2.74617618045436	0.774720201883077
-2.58428653566473	0.675727611967995
-1.80379071234984	0.398266610487963
-1.80379071234984	0.398266610487963
3.25219401652934	1.09882975306147
0.140184451576725	0.0265585662587612
-1.15847376642875	0.355686548405735
-2.58453548475525	0.676764203908389
0.139930142590356	0.0265210820862786
0.142727172563101	0.0269105320645235
0.935126029437946	0.245318397037238
-1.80368476738292	0.398254084963023
0.13912027261828	0.0264101516649031
0.135344827059028	0.0258639507496658
-1.80379071234984	0.398266610487963
1.95135265955319	0.45428366780025
-1.80368476738292	0.398254084963023
-1.80368476738292	0.398254084963023
0.142761726532005	0.0424383939640617
0.139373629020068	0.0264474830594518
0.142637387713013	0.0360861991956938
1.31349145731342	0.576107730106197
0.139373629020068	0.0264474830594518
-3.09066749133914	0.959393078286489
-1.807243397525	0.398882182291443
1.43511052997664	0.477089390053173
-0.362166381635235	0.105626912484328
0.147211981908801	0.0371529932006973
0.140184451576725	0.0265585662587612
0.932444120238111	0.244842742206832
0.13912027261828	0.0264101516649031
3.25399732634696	1.10138712863889
0.139373629020068	0.0264474830594518
-1.80379071234984	0.398266610487963
0.13912027261828	0.0264101516649031
0.148123932113398	0.037298775193441
0.931950133432299	0.244413497437813
-1.80368476738292	0.398254084963023
-3.09447285673231	0.961828946915894
3.25586177376341	1.1013084673078
1.95135265955319	0.45428366780025
0.13912027261828	0.0264101516649031
0.140184451576725	0.0265585662587612
0.140184451576725	0.0265585662587612
1.95135265955319	0.45428366780025
1.80746835953378	0.709202041495987
-1.15345350292765	0.353548980162923
-2.58453548475525	0.676764203908389
2.74700474235958	0.773735225227364
0.139369721109985	0.0415084196349322
0.139930142590356	0.0265210820862786
1.95135265955319	0.45428366780025
1.95135265955319	0.45428366780025
-0.644006342900786	0.156718049862583
-0.644006342900786	0.156718049862583
2.74617618045436	0.774720201883077
-0.643889763897163	0.156661592959279
0.139930142590356	0.0265210820862786
3.25219401652934	1.09882975306147
-3.08991345953591	0.960747174631736
-1.80379071234984	0.398266610487963
-0.643506271279338	0.156786530055825
-0.643506271279338	0.156786530055825
0.933324263209431	0.244705909364566
3.25399732634696	1.10138712863889
1.95135265955319	0.45428366780025
-1.53235676509745	0.553502300358264
0.139373629020068	0.0264474830594518
1.02407216663448	0.388349697761366
-3.09029030460571	0.960832707527767
2.74534949223189	0.773319630917041
2.09961472965319	0.942156643014485
-1.80368476738292	0.398254084963023
1.95135265955319	0.45428366780025
0.931950133432299	0.244413497437813
-2.58428653566473	0.675727611967995
-2.58428653566473	0.675727611967995
1.95135265955319	0.45428366780025
-0.644770889342653	0.156875139887313
0.932829613639135	0.244963311679429
-1.807243397525	0.398882182291443
-0.643123124462485	0.156504140249688
2.74877977095104	0.77489585677119
-1.15847376642875	0.355686548405735
0.142727172563101	0.0269105320645235
-2.58453548475525	0.676764203908389
-2.58428653566473	0.675727611967995
0.13912027261828	0.0264101516649031
-0.651837519275806	0.158387554668589
1.95135265955319	0.45428366780025
0.148123932113398	0.037298775193441
0.932829613639135	0.244963311679429
-2.58453548475525	0.676764203908389
-3.09029030460571	0.960832707527767
0.139373629020068	0.0264474830594518
-1.80368476738292	0.398254084963023
0.140184451576725	0.0265585662587612
-1.80368476738292	0.398254084963023
1.95135265955319	0.45428366780025
0.139373629020068	0.0264474830594518
1.9537169353899	0.454657075827859
1.95062146582611	0.454190159391569
0.150481785037224	0.0377820806483386
-1.80379071234984	0.398266610487963
1.95062146582611	0.454190159391569
0.646143141275968	0.205158328067658
0.140184451576725	0.0265585662587612
0.139930142590356	0.0265210820862786
0.140184451576725	0.0265585662587612
1.95062146582611	0.454190159391569
0.13912027261828	0.0264101516649031
0.139373629020068	0.0264474830594518
-1.80368476738292	0.398254084963023
0.932829613639135	0.244963311679429
3.62653315041301	1.43316175170825
0.13912027261828	0.0264101516649031
0.13912027261828	0.0264101516649031
-0.362710949837822	0.10577213020672
0.936401569876498	0.245675339056074
0.932444120238111	0.244842742206832
0.933710809861868	0.244826616527384
1.95135265955319	0.45428366780025
3.25399732634696	1.10138712863889
-2.58453548475525	0.676764203908389
0.142469531863295	0.0268725113483955
0.139930142590356	0.0265210820862786
0.135344827059028	0.0258639507496658
-0.644006342900786	0.156718049862583
-1.16257519536487	0.356251231866774
0.146737983479964	0.0369987654124611
1.43973986105876	0.479489791047764
-1.807243397525	0.398882182291443
-0.362710949837822	0.10577213020672
-1.80368476738292	0.398254084963023
1.43645613213741	0.478161609320723
0.139373629020068	0.0264474830594518
-1.807243397525	0.398882182291443
1.95062146582611	0.454190159391569
1.95135265955319	0.45428366780025
1.95062146582611	0.454190159391569
0.650991162239829	0.206772040177897
2.09523747403063	0.938787999909388
-1.80368476738292	0.398254084963023
0.140184451576725	0.0265585662587612
-1.80379071234984	0.398266610487963
0.146301463254213	0.0369121679082859
1.95135265955319	0.45428366780025
-1.15755644738434	0.355289941594665
-1.807243397525	0.398882182291443
1.9537169353899	0.454657075827859
2.7496138177855	0.775189687209382
1.95062146582611	0.454190159391569
0.139373629020068	0.0264474830594518
0.140184451576725	0.0265585662587612
-0.644388443682788	0.157000626677781
3.2530948013434	1.10108931722157
1.95135265955319	0.45428366780025
0.13912027261828	0.0264101516649031
0.140184451576725	0.0265585662587612
0.139373629020068	0.0264474830594518
0.931950133432299	0.244413497437813
0.147211981908801	0.0371529932006973
0.935515179855096	0.245440180005837
-1.807243397525	0.398882182291443
0.139930142590356	0.0265210820862786
0.135344827059028	0.0258639507496658
-1.807243397525	0.398882182291443
1.95135265955319	0.45428366780025
-0.364163724519504	0.105904858966181
-1.53235676509745	0.553502300358264
1.95062146582611	0.454190159391569
-3.09029030460571	0.960832707527767
1.95135265955319	0.45428366780025
0.150443359742849	0.0377633287087368
-1.83875848168522	0.759162449562453
-0.640820070260403	0.156173374069777
0.147685616873541	0.0372140815523598
1.95062146582611	0.454190159391569
0.140785309842846	0.0419396944428236
-0.643506271279338	0.156786530055825
-1.15347733768864	0.353947479713194
0.142637387713013	0.0360861991956938
0.931950133432299	0.244413497437813
0.139930142590356	0.0265210820862786
-1.80368476738292	0.398254084963023
-1.80368476738292	0.398254084963023
0.14311796249796	0.0361933240878638
0.140184451576725	0.0265585662587612
-2.58817701744193	0.677412741892899
0.509730325059622	0.183209946756868
-1.80379071234984	0.398266610487963
-2.58428653566473	0.675727611967995
-0.643889763897163	0.156661592959279
0.13912027261828	0.0264101516649031
-3.09029030460571	0.960832707527767
-0.644770889342653	0.156875139887313
0.140184451576725	0.0265585662587612
-1.80379071234984	0.398266610487963
0.147685616873541	0.0372140815523598
1.95135265955319	0.45428366780025
1.95135265955319	0.45428366780025
0.142727172563101	0.0269105320645235
-0.647461655721112	0.157598110120326
0.136156966750329	0.025975077128062
-1.80368476738292	0.398254084963023
3.62943539911313	1.43554672159634
1.9537169353899	0.454657075827859
1.95062146582611	0.454190159391569
0.140184451576725	0.0265585662587612
2.74534949223189	0.773319630917041
3.62849380145916	1.43519617024906
-3.4706889709537	1.25393147494203
1.9537169353899	0.454657075827859
0.139930142590356	0.0265210820862786
1.95062146582611	0.454190159391569
-1.80368476738292	0.398254084963023
1.95135265955319	0.45428366780025
0.513791165711859	0.185017905562863
0.649540136788795	0.206300566749324
0.142469531863295	0.0268725113483955
2.74617618045436	0.774720201883077
-1.80368476738292	0.398254084963023
0.139373629020068	0.0264474830594518
2.74617618045436	0.774720201883077
-0.741848012858367	0.258096023054699
3.62559622686951	1.43343777832231
0.140184451576725	0.0265585662587612
-1.80368476738292	0.398254084963023
0.650802186307997	0.206632813066924
0.936401569876498	0.245675339056074
0.139373629020068	0.0264474830594518
3.25767918892079	1.1021663566718
0.139930142590356	0.0265210820862786
-1.80368476738292	0.398254084963023
2.74877977095104	0.77489585677119
-2.58478470503525	0.675813541092272
-1.15392338036234	0.354212278509058
-2.58478470503525	0.675813541092272
-2.58428653566473	0.675727611967995
-3.08991345953591	0.960747174631736
1.9537169353899	0.454657075827859
0.13912027261828	0.0264101516649031
0.932444120238111	0.244842742206832
0.13912027261828	0.0264101516649031
-0.643123124462485	0.156504140249688
-0.362166381635235	0.105626912484328
0.140184451576725	0.0265585662587612
-0.64834559013069	0.157812973783057
-3.09029030460571	0.960832707527767
-0.359365673988087	0.104727737543846
-0.643123124462485	0.156504140249688
0.140184451576725	0.0265585662587612
0.147685616873541	0.0372140815523598
0.140184451576725	0.0265585662587612
0.135344827059028	0.0258639507496658
1.43511052997664	0.477089390053173
1.95062146582611	0.454190159391569
0.13912027261828	0.0264101516649031
-1.80368476738292	0.398254084963023
2.75223851146771	0.774442567945191
-1.80368476738292	0.398254084963023
0.1413598194657	0.0421025960431846
1.43463558957201	0.476840630255681
1.80928263677467	0.710925581726897
1.95062146582611	0.454190159391569
1.95135265955319	0.45428366780025
-3.09408861819707	0.962829753125291
0.139930142590356	0.0265210820862786
1.43602101245823	0.478148523404795
0.140184451576725	0.0265585662587612
-1.80379071234984	0.398266610487963
2.74617618045436	0.774720201883077
0.650991162239829	0.206772040177897
0.136156966750329	0.025975077128062
0.928481199205008	0.243805258274956
1.95135265955319	0.45428366780025
-0.644388443682788	0.157000626677781
-0.643506271279338	0.156786530055825
0.146774179931898	0.0369732700828277
0.13912027261828	0.0264101516649031
3.26047275345248	1.10202229496322
2.74617618045436	0.774720201883077
-2.58817701744193	0.677412741892899
-0.644388443682788	0.157000626677781
-2.58428653566473	0.675727611967995
0.139930142590356	0.0265210820862786
1.95062146582611	0.454190159391569
1.95135265955319	0.45428366780025
2.74534949223189	0.773319630917041
0.13912027261828	0.0264101516649031
1.95135265955319	0.45428366780025
-1.80368476738292	0.398254084963023
-0.644770889342653	0.156875139887313
-1.80368476738292	0.398254084963023
0.13912027261828	0.0264101516649031
0.139930142590356	0.0265210820862786
1.95135265955319	0.45428366780025
-0.643123124462485	0.156504140249688
-0.35845544263212	0.104471490348146
1.43645613213741	0.478161609320723
0.139373629020068	0.0264474830594518
2.74534949223189	0.773319630917041
2.74534949223189	0.773319630917041
0.932444120238111	0.244842742206832
-1.80379071234984	0.398266610487963
2.74617618045436	0.774720201883077
-2.58453548475525	0.676764203908389
0.13912027261828	0.0264101516649031
-0.645166441735812	0.157071156419286
-1.80379071234984	0.398266610487963
0.142206421270329	0.0359541333965371
0.932829613639135	0.244963311679429
2.74617618045436	0.774720201883077
2.74534949223189	0.773319630917041
1.43554514923892	0.477898562880183
0.140184451576725	0.0265585662587612
0.139930142590356	0.0265210820862786
0.932829613639135	0.244963311679429
-0.643123124462485	0.156504140249688
1.95135265955319	0.45428366780025
1.95062146582611	0.454190159391569
0.142727172563101	0.0269105320645235
3.25399732634696	1.10138712863889
-1.80379071234984	0.398266610487963
0.929363107220915	0.243670370746797
1.95062146582611	0.454190159391569
1.95135265955319	0.45428366780025
0.932829613639135	0.244963311679429
0.13912027261828	0.0264101516649031
1.95062146582611	0.454190159391569
0.13912027261828	0.0264101516649031
3.6333004232004	1.43322989837651
0.931166434102395	0.244280970808413
-0.644006342900786	0.156718049862583
0.657867026628534	0.208713496770991
1.95062146582611	0.454190159391569
1.0216909072254	0.38745924007158
0.13912027261828	0.0264101516649031
1.43645613213741	0.478161609320723
0.139884098064408	0.0416988824150201
0.927601018172465	0.243257788968905
-0.361802623855853	0.105358062763741
0.933710809861868	0.244826616527384
0.142727172563101	0.0269105320645235
1.95135265955319	0.45428366780025
2.74617618045436	0.774720201883077
2.74534949223189	0.773319630917041
0.139373629020068	0.0264474830594518
0.140184451576725	0.0265585662587612
0.136156966750329	0.025975077128062
-2.58453548475525	0.676764203908389
-0.64834559013069	0.157812973783057
-0.640820070260403	0.156173374069777
0.140184451576725	0.0265585662587612
-1.80368476738292	0.398254084963023
0.652695254572546	0.207024892635355
-0.643506271279338	0.156786530055825
0.143665287756915	0.0427236629465922
0.139930142590356	0.0265210820862786
-3.08991345953591	0.960747174631736
1.95135265955319	0.45428366780025
3.25676960114744	1.10310692759313
-0.366654353091532	0.106615070232639
0.139930142590356	0.0265210820862786
1.43645613213741	0.478161609320723
-2.58453548475525	0.676764203908389
0.139373629020068	0.0264474830594518
0.932829613639135	0.244963311679429
-2.58478470503525	0.675813541092272
2.74534949223189	0.773319630917041
0.142727172563101	0.0269105320645235
0.933324263209431	0.244705909364566
-0.643506271279338	0.156786530055825
0.936401569876498	0.245675339056074
0.148047531695805	0.0438361046687506
-1.80379071234984	0.398266610487963
0.14311796249796	0.0361933240878638
0.649897891813891	0.206374526154303
0.150004967546857	0.037720852406733
-1.80379071234984	0.398266610487963
3.25490159683282	1.09988604599349
0.139930142590356	0.0265210820862786
3.25399732634696	1.10138712863889
-0.361622063644185	0.105340752849314
0.650802186307997	0.206632813066924
0.13912027261828	0.0264101516649031
-3.09029030460571	0.960832707527767
-2.58817701744193	0.677412741892899
0.139930142590356	0.0265210820862786
-0.362166381635235	0.105626912484328
0.13912027261828	0.0264101516649031
0.140184451576725	0.0265585662587612
1.43784625468668	0.477947615428851
2.74617618045436	0.774720201883077
-0.643123124462485	0.156504140249688
1.95062146582611	0.454190159391569
0.13912027261828	0.0264101516649031
-3.46584456958788	1.25353297605489
-1.80379071234984	0.398266610487963
0.649897891813891	0.206374526154303
1.95135265955319	0.45428366780025
2.74877977095104	0.77489585677119
-0.644388443682788	0.157000626677781
-0.644388443682788	0.157000626677781
0.140184451576725	0.0265585662587612
0.935515179855096	0.245440180005837
-1.80379071234984	0.398266610487963
-1.80379071234984	0.398266610487963
0.140458165206262	0.0418615852654621
2.74534949223189	0.773319630917041
-3.09408861819707	0.962829753125291
0.13912027261828	0.0264101516649031
-2.58428653566473	0.675727611967995
-0.419401659278084	0.177662597528162
-0.172951544095509	0.062824148255308
-0.644388443682788	0.157000626677781
0.145429742663103	0.0366530573157977
0.139373629020068	0.0264474830594518
0.140184451576725	0.0265585662587612
1.95062146582611	0.454190159391569
-1.80368476738292	0.398254084963023
-1.80368476738292	0.398254084963023
-1.80368476738292	0.398254084963023
1.95062146582611	0.454190159391569
-0.644006342900786	0.156718049862583
-1.80368476738292	0.398254084963023
-1.80379071234984	0.398266610487963
0.13912027261828	0.0264101516649031
2.74617618045436	0.774720201883077
1.95135265955319	0.45428366780025
0.139930142590356	0.0265210820862786
1.01450480132645	0.384141080456392
-0.643506271279338	0.156786530055825
0.372573690524045	0.167245867378279
0.139373629020068	0.0264474830594518
-2.58453548475525	0.676764203908389
0.146831091835794	0.0369592007582587
2.54999871340608	1.42058297047591
0.803413969531267	0.33795722026847
-1.04873903928095	0.422350290876866
-3.46630912179766	1.25319506698382
0.652253897170883	0.207102973093912
0.13912027261828	0.0264101516649031
3.62943539911313	1.43554672159634
1.95062146582611	0.454190159391569
0.140184451576725	0.0265585662587612
0.928481199205008	0.243805258274956
1.01970949094797	0.387091911393297
0.139930142590356	0.0265210820862786
-0.648735146604395	0.157899750679971
0.935515179855096	0.245440180005837
2.74534949223189	0.773319630917041
1.95062146582611	0.454190159391569
-1.80368476738292	0.398254084963023
1.9537169353899	0.454657075827859
1.95062146582611	0.454190159391569
-1.80368476738292	0.398254084963023
3.2530948013434	1.10108931722157
1.95062146582611	0.454190159391569
0.148123932113398	0.037298775193441
0.139930142590356	0.0265210820862786
0.133719957549112	0.0453066786126365
2.54265145020253	1.41421387133784
-0.362710949837822	0.10577213020672
0.139930142590356	0.0265210820862786
0.142727172563101	0.0269105320645235
1.9537169353899	0.454657075827859
0.13912027261828	0.0264101516649031
0.651349240994328	0.207129762624853
0.932444120238111	0.244842742206832
1.95062146582611	0.454190159391569
-0.643506271279338	0.156786530055825
1.02349375759299	0.388665902021623
3.62747153154789	1.43107841687111
1.43554514923892	0.477898562880183
-1.80379071234984	0.398266610487963
1.9537169353899	0.454657075827859
0.932829613639135	0.244963311679429
0.13912027261828	0.0264101516649031
1.01540222010121	0.384610211569901
-0.644006342900786	0.156718049862583
1.95062146582611	0.454190159391569
0.13912027261828	0.0264101516649031
-0.644770889342653	0.156875139887313
1.95062146582611	0.454190159391569
0.140184451576725	0.0265585662587612
0.646143141275968	0.205158328067658
-1.80379071234984	0.398266610487963
1.95135265955319	0.45428366780025
0.136156966750329	0.025975077128062
1.95062146582611	0.454190159391569
0.139373629020068	0.0264474830594518
0.136156966750329	0.025975077128062
1.95062146582611	0.454190159391569
1.9537169353899	0.454657075827859
-3.08991345953591	0.960747174631736
-3.09029030460571	0.960832707527767
-0.643889763897163	0.156661592959279
1.95135265955319	0.45428366780025
1.43602101245823	0.478148523404795
3.62559622686951	1.43343777832231
0.13912027261828	0.0264101516649031
2.74617618045436	0.774720201883077
0.142469531863295	0.0268725113483955
0.139373629020068	0.0264474830594518
0.139930142590356	0.0265210820862786
-0.644388443682788	0.157000626677781
1.95135265955319	0.45428366780025
1.95135265955319	0.45428366780025
0.142469531863295	0.0268725113483955
0.13912027261828	0.0264101516649031
1.43554514923892	0.477898562880183
-1.80368476738292	0.398254084963023
0.148598486564552	0.0373599031239063
0.932444120238111	0.244842742206832
-0.64834559013069	0.157812973783057
1.44348376717917	0.479628088721833
-0.644388443682788	0.157000626677781
1.95135265955319	0.45428366780025
0.140184451576725	0.0265585662587612
-0.640433285495798	0.155891307450366
0.153733421849462	0.0384586410081059
0.146737983479964	0.0369987654124611
1.95135265955319	0.45428366780025
2.7496138177855	0.775189687209382
-1.80379071234984	0.398266610487963
-1.80379071234984	0.398266610487963
1.80746835953378	0.709202041495987
-2.58453548475525	0.676764203908389
1.95062146582611	0.454190159391569
1.95135265955319	0.45428366780025
0.142727172563101	0.0269105320645235
0.142727172563101	0.0269105320645235
0.139373629020068	0.0264474830594518
2.7496138177855	0.775189687209382
2.74617618045436	0.774720201883077
0.932829613639135	0.244963311679429
1.95062146582611	0.454190159391569
-1.15847376642875	0.355686548405735
0.139930142590356	0.0265210820862786
0.13912027261828	0.0264101516649031
-0.362166381635235	0.105626912484328
0.147211981908801	0.0371529932006973
0.139373629020068	0.0264474830594518
-0.644388443682788	0.157000626677781
-1.807243397525	0.398882182291443
-1.80368476738292	0.398254084963023
0.146737983479964	0.0369987654124611
1.43517917219405	0.47735697092426
1.02439581816121	0.388554234754345
1.9537169353899	0.454657075827859
0.935515179855096	0.245440180005837
1.95135265955319	0.45428366780025
-2.58843250021574	0.677477739401539
0.139930142590356	0.0265210820862786
0.142469531863295	0.0268725113483955
0.932444120238111	0.244842742206832
0.139373629020068	0.0264474830594518
1.95135265955319	0.45428366780025
-0.648735146604395	0.157899750679971
1.95062146582611	0.454190159391569
0.14311796249796	0.0361933240878638
-3.09029030460571	0.960832707527767
-2.58428653566473	0.675727611967995
-1.80379071234984	0.398266610487963
0.140184451576725	0.0265585662587612
0.139930142590356	0.0265210820862786
0.139373629020068	0.0264474830594518
0.143549438263141	0.0362330396689423
-2.58478470503525	0.675813541092272
-1.80368476738292	0.398254084963023
0.139373629020068	0.0264474830594518
1.95135265955319	0.45428366780025
-1.80368476738292	0.398254084963023
0.932829613639135	0.244963311679429
0.139373629020068	0.0264474830594518
0.13912027261828	0.0264101516649031
-1.80379071234984	0.398266610487963
-2.58428653566473	0.675727611967995
-0.644770889342653	0.156875139887313
-1.807243397525	0.398882182291443
1.95062146582611	0.454190159391569
2.74534949223189	0.773319630917041
2.74877977095104	0.77489585677119
2.74534949223189	0.773319630917041
-1.80368476738292	0.398254084963023
1.95135265955319	0.45428366780025
2.74534949223189	0.773319630917041
0.13912027261828	0.0264101516649031
0.135344827059028	0.0258639507496658
-1.80379071234984	0.398266610487963
1.95135265955319	0.45428366780025
1.95062146582611	0.454190159391569
0.139930142590356	0.0265210820862786
-2.58453548475525	0.676764203908389
-1.80368476738292	0.398254084963023
-0.644388443682788	0.157000626677781
0.142469531863295	0.0268725113483955
-1.80368476738292	0.398254084963023
0.136156966750329	0.025975077128062
0.146737983479964	0.0369987654124611
1.95062146582611	0.454190159391569
2.74700474235958	0.773735225227364
-1.80379071234984	0.398266610487963
0.13912027261828	0.0264101516649031
-1.80368476738292	0.398254084963023
1.95135265955319	0.45428366780025
1.9537169353899	0.454657075827859
2.74877977095104	0.77489585677119
-0.644388443682788	0.157000626677781
-0.740369846039464	0.257039463862401
2.74617618045436	0.774720201883077
0.147685616873541	0.0372140815523598
0.14311796249796	0.0361933240878638
-0.643889763897163	0.156661592959279
0.932829613639135	0.244963311679429
-1.80368476738292	0.398254084963023
-1.80379071234984	0.398266610487963
-1.80368476738292	0.398254084963023
-3.09066749133914	0.959393078286489
0.936401569876498	0.245675339056074
0.142727172563101	0.0269105320645235
1.02259212061632	0.388312776500153
-0.643506271279338	0.156786530055825
-0.644006342900786	0.156718049862583
0.140184451576725	0.0265585662587612
-0.367012159161167	0.106980484577588
0.139930142590356	0.0265210820862786
-1.15426973051376	0.353644768316328
0.140184451576725	0.0265585662587612
1.95135265955319	0.45428366780025
-1.807243397525	0.398882182291443
-1.807243397525	0.398882182291443
0.139373629020068	0.0264474830594518
0.932829613639135	0.244963311679429
-1.15253539705602	0.353154418604941
1.95135265955319	0.45428366780025
0.139930142590356	0.0265210820862786
0.147211981908801	0.0371529932006973
0.932829613639135	0.244963311679429
0.139930142590356	0.0265210820862786
0.932829613639135	0.244963311679429
0.139373629020068	0.0264474830594518
-3.09029030460571	0.960832707527767
0.145828384011954	0.0367587486446884
-1.80379071234984	0.398266610487963
0.139930142590356	0.0265210820862786
-3.09370472754254	0.961571400894305
-1.807243397525	0.398882182291443
3.2530948013434	1.10108931722157
-0.645166441735812	0.157071156419286
1.95135265955319	0.45428366780025
1.95135265955319	0.45428366780025
-0.643506271279338	0.156786530055825
-0.644006342900786	0.156718049862583
0.145429742663103	0.0366530573157977
2.7496138177855	0.775189687209382
-0.644770889342653	0.156875139887313
3.25586177376341	1.1013084673078
-0.740369846039464	0.257039463862401
0.13912027261828	0.0264101516649031
3.25399732634696	1.10138712863889
0.140184451576725	0.0265585662587612
0.142469531863295	0.0268725113483955
0.932444120238111	0.244842742206832
-1.80368476738292	0.398254084963023
-0.645166441735812	0.157071156419286
-1.15067412918645	0.352834915266282
-1.80368476738292	0.398254084963023
-2.58428653566473	0.675727611967995
-1.80368476738292	0.398254084963023
1.95062146582611	0.454190159391569
1.95062146582611	0.454190159391569
2.74534949223189	0.773319630917041
2.74534949223189	0.773319630917041
0.146301463254213	0.0369121679082859
0.931950133432299	0.244413497437813
0.139373629020068	0.0264474830594518
3.25399732634696	1.10138712863889
-0.643889763897163	0.156661592959279
0.931565691852841	0.244293555241305
-0.741276499011426	0.25781621104378
-1.80368476738292	0.398254084963023
-2.58478470503525	0.675813541092272
-2.58428653566473	0.675727611967995
1.95135265955319	0.45428366780025
1.95062146582611	0.454190159391569
1.95062146582611	0.454190159391569
0.931565691852841	0.244293555241305
-1.80368476738292	0.398254084963023
-1.80368476738292	0.398254084963023
-1.15392338036234	0.354212278509058
0.13912027261828	0.0264101516649031
0.150921468814773	0.0379194736694598
-1.80379071234984	0.398266610487963
1.95062146582611	0.454190159391569
2.74617618045436	0.774720201883077
2.74617618045436	0.774720201883077
0.135344827059028	0.0258639507496658
1.9537169353899	0.454657075827859
2.74617618045436	0.774720201883077
-0.643123124462485	0.156504140249688
-0.36125776400353	0.10521302829144
0.139373629020068	0.0264474830594518
-2.58453548475525	0.676764203908389
-2.58428653566473	0.675727611967995
0.13912027261828	0.0264101516649031
-1.80368476738292	0.398254084963023
-2.58428653566473	0.675727611967995
0.139373629020068	0.0264474830594518
-1.80379071234984	0.398266610487963
-1.80368476738292	0.398254084963023
0.142469531863295	0.0268725113483955
-1.80379071234984	0.398266610487963
0.649294064553561	0.206116617727131
-0.644006342900786	0.156718049862583
0.13912027261828	0.0264101516649031
-0.363074920327927	0.105749762822137
1.95062146582611	0.454190159391569
0.140184451576725	0.0265585662587612
-0.647852271039411	0.15768507802046
-1.807243397525	0.398882182291443
-1.807243397525	0.398882182291443
2.74534949223189	0.773319630917041
-3.09029030460571	0.960832707527767
0.651349240994328	0.207129762624853
-3.09029030460571	0.960832707527767
0.139373629020068	0.0264474830594518
0.139930142590356	0.0265210820862786
0.929363107220915	0.243670370746797
-1.80368476738292	0.398254084963023
0.147211981908801	0.0371529932006973
0.139373629020068	0.0264474830594518
-0.363255768460324	0.105782299807354
0.13912027261828	0.0264101516649031
-0.641207204081918	0.156050090719873
0.139373629020068	0.0264474830594518
-3.46584456958788	1.25353297605489
0.139373629020068	0.0264474830594518
-2.58453548475525	0.676764203908389
-0.644770889342653	0.156875139887313
1.9537169353899	0.454657075827859
0.146737983479964	0.0369987654124611
-0.644388443682788	0.157000626677781
-0.643506271279338	0.156786530055825
0.933324263209431	0.244705909364566
-0.643506271279338	0.156786530055825
0.139930142590356	0.0265210820862786
1.95062146582611	0.454190159391569
1.95135265955319	0.45428366780025
1.01881061691072	0.386619941894425
2.74617618045436	0.774720201883077
0.928481199205008	0.243805258274956
-2.58453548475525	0.676764203908389
-3.08991345953591	0.960747174631736
-0.64834559013069	0.157812973783057
-0.641207204081918	0.156050090719873
0.654507105141339	0.207585170258097
0.142469531863295	0.0268725113483955
1.95062146582611	0.454190159391569
0.932829613639135	0.244963311679429
1.43693291937878	0.478412112216202
1.95135265955319	0.45428366780025
-2.58817701744193	0.677412741892899
-1.80379071234984	0.398266610487963
-1.80368476738292	0.398254084963023
1.80928263677467	0.710925581726897
-1.80368476738292	0.398254084963023
0.932829613639135	0.244963311679429
0.935515179855096	0.245440180005837
-1.80368476738292	0.398254084963023
0.139373629020068	0.0264474830594518
1.9537169353899	0.454657075827859
-0.644006342900786	0.156718049862583
0.935126029437946	0.245318397037238
0.935126029437946	0.245318397037238
3.62943539911313	1.43554672159634
-0.367559864207876	0.107030285212501
2.74617618045436	0.774720201883077
0.139373629020068	0.0264474830594518
-2.58453548475525	0.676764203908389
0.65469668159777	0.207920986734369
1.80375022148517	0.707092166054158
-0.36125776400353	0.10521302829144
-1.5375444255416	0.556007810250909
-0.745575630010693	0.259159802580382
0.139930142590356	0.0265210820862786
-0.747055356811924	0.259655588067032
1.80556115744	0.709204238553249
0.147685616873541	0.0372140815523598
-0.643506271279338	0.156786530055825
-1.80368476738292	0.398254084963023
1.95135265955319	0.45428366780025
1.95062146582611	0.454190159391569
2.74534949223189	0.773319630917041
0.13912027261828	0.0264101516649031
0.932444120238111	0.244842742206832
0.139373629020068	0.0264474830594518
3.25586177376341	1.1013084673078
-1.80368476738292	0.398254084963023
1.9537169353899	0.454657075827859
-0.644770889342653	0.156875139887313
0.139373629020068	0.0264474830594518
-0.643506271279338	0.156786530055825
0.135571700409456	0.0404808758649131
-1.16257519536487	0.356251231866774
0.13912027261828	0.0264101516649031
0.140184451576725	0.0265585662587612
0.139930142590356	0.0265210820862786
1.95135265955319	0.45428366780025
1.95062146582611	0.454190159391569
-2.58453548475525	0.676764203908389
3.25399732634696	1.10138712863889
-2.58453548475525	0.676764203908389
0.432314675828163	0.173628004819236
0.14311796249796	0.0361933240878638
-0.541581111975942	0.207841648639235
0.147685616873541	0.0372140815523598
-1.51350928137133	0.779171832844678
0.649540136788795	0.206300566749324
1.02549223592864	0.388513835126415
2.74617618045436	0.774720201883077
0.645241128115201	0.204592987808019
0.932829613639135	0.244963311679429
3.92108680118811	1.72391382633942
0.140184451576725	0.0265585662587612
0.139373629020068	0.0264474830594518
0.140184451576725	0.0265585662587612
0.146737983479964	0.0369987654124611
-1.80368476738292	0.398254084963023
1.95135265955319	0.45428366780025
1.95135265955319	0.45428366780025
1.95062146582611	0.454190159391569
1.95062146582611	0.454190159391569
0.135344827059028	0.0258639507496658
-0.643506271279338	0.156786530055825
0.929363107220915	0.243670370746797
0.13912027261828	0.0264101516649031
0.140184451576725	0.0265585662587612
-0.328512567410627	0.152882934099669
-0.740369846039464	0.257039463862401
0.135361904332866	0.0580617245754066
-0.162442973725322	0.0592138065020847
-1.80379071234984	0.398266610487963
2.74617618045436	0.774720201883077
0.139930142590356	0.0265210820862786
-0.644388443682788	0.157000626677781
-0.534955549485768	0.20533826801366
0.147211981908801	0.0371529932006973
0.139930142590356	0.0265210820862786
1.43602101245823	0.478148523404795
0.650802186307997	0.206632813066924
-3.4697465656871	1.25533488138392
-2.58478470503525	0.675813541092272
1.95135265955319	0.45428366780025
-1.80368476738292	0.398254084963023
0.65414904119533	0.208020876626531
-0.363619197342818	0.105894774191241
0.139930142590356	0.0265210820862786
-0.647852271039411	0.15768507802046
1.79947484413765	0.704371810531648
1.95135265955319	0.45428366780025
-1.80379071234984	0.398266610487963
1.95135265955319	0.45428366780025
1.95135265955319	0.45428366780025
0.139930142590356	0.0265210820862786
0.652800991167172	0.207004492672909
0.933710809861868	0.244826616527384
-1.80368476738292	0.398254084963023
0.142469531863295	0.0268725113483955
0.136156966750329	0.025975077128062
0.142727172563101	0.0269105320645235
0.139373629020068	0.0264474830594518
2.74700474235958	0.773735225227364
1.95135265955319	0.45428366780025
0.932829613639135	0.244963311679429
0.139930142590356	0.0265210820862786
-1.80379071234984	0.398266610487963
-0.363255768460324	0.105782299807354
0.932829613639135	0.244963311679429
-1.80379071234984	0.398266610487963
1.95062146582611	0.454190159391569
-2.58453548475525	0.676764203908389
0.13912027261828	0.0264101516649031
-1.80379071234984	0.398266610487963
0.932444120238111	0.244842742206832
0.139373629020068	0.0264474830594518
0.13912027261828	0.0264101516649031
0.13912027261828	0.0264101516649031
0.652695254572546	0.207024892635355
1.02226842375779	0.387145037531902
1.43554514923892	0.477898562880183
0.139930142590356	0.0265210820862786
0.140184451576725	0.0265585662587612
-2.58453548475525	0.676764203908389
0.139930142590356	0.0265210820862786
1.95062146582611	0.454190159391569
-0.644388443682788	0.157000626677781
0.139930142590356	0.0265210820862786
-0.362710949837822	0.10577213020672
1.95062146582611	0.454190159391569
0.140184451576725	0.0265585662587612
-1.5360848806456	0.555230368935604
-1.15347733768864	0.353947479713194
1.95135265955319	0.45428366780025
0.142469531863295	0.0268725113483955
0.13912027261828	0.0264101516649031
2.7496138177855	0.775189687209382
1.95135265955319	0.45428366780025
-1.80379071234984	0.398266610487963
-1.80368476738292	0.398254084963023
1.95062146582611	0.454190159391569
1.02093077092512	0.38619737974925
0.139373629020068	0.0264474830594518
1.95062146582611	0.454190159391569
2.74534949223189	0.773319630917041
2.74617618045436	0.774720201883077
0.146774179931898	0.0369732700828277
0.139373629020068	0.0264474830594518
0.13912027261828	0.0264101516649031
-2.58843250021574	0.677477739401539
-2.58453548475525	0.676764203908389
0.927601018172465	0.243257788968905
0.139373629020068	0.0264474830594518
-0.644388443682788	0.157000626677781
0.140184451576725	0.0265585662587612
1.95062146582611	0.454190159391569
-1.80379071234984	0.398266610487963
-1.80368476738292	0.398254084963023
0.931166434102395	0.244280970808413
1.95062146582611	0.454190159391569
1.95062146582611	0.454190159391569
2.74534949223189	0.773319630917041
1.95062146582611	0.454190159391569
0.146737983479964	0.0369987654124611
0.146301463254213	0.0369121679082859
0.142727172563101	0.0269105320645235
-2.58453548475525	0.676764203908389
-0.643123124462485	0.156504140249688
0.651896042016441	0.207030647505349
-1.15523188215757	0.353945404845372
-1.15392338036234	0.354212278509058
0.65414904119533	0.208020876626531
2.7496138177855	0.775189687209382
1.95062146582611	0.454190159391569
-1.15439361670696	0.354342573020678
0.136156966750329	0.025975077128062
0.933324263209431	0.244705909364566
0.147211981908801	0.0371529932006973
-1.80379071234984	0.398266610487963
-0.362710949837822	0.10577213020672
-2.58453548475525	0.676764203908389
0.13912027261828	0.0264101516649031
0.932444120238111	0.244842742206832
0.142727172563101	0.0269105320645235
2.74617618045436	0.774720201883077
-0.643889763897163	0.156661592959279
0.136156966750329	0.025975077128062
0.140184451576725	0.0265585662587612
-2.58453548475525	0.676764203908389
-1.80368476738292	0.398254084963023
0.931950133432299	0.244413497437813
-0.643506271279338	0.156786530055825
1.95062146582611	0.454190159391569
0.139930142590356	0.0265210820862786
1.95135265955319	0.45428366780025
2.74617618045436	0.774720201883077
0.142469531863295	0.0268725113483955
-1.80379071234984	0.398266610487963
-1.80379071234984	0.398266610487963
-1.80379071234984	0.398266610487963
-0.644388443682788	0.157000626677781
1.95062146582611	0.454190159391569
0.135344827059028	0.0258639507496658
3.25399732634696	1.10138712863889
0.139373629020068	0.0264474830594518
0.136792407148554	0.0407124662882074
0.584933081207528	0.304607318650711
1.31205222453913	0.576575770191727
0.319329887852886	0.176440025578113
0.646143141275968	0.205158328067658
-0.36234773438668	0.105369001563162
2.74534949223189	0.773319630917041
0.127139358897129	0.0486135320129704
0.142469531863295	0.0268725113483955
1.43645613213741	0.478161609320723
0.932829613639135	0.244963311679429
1.30605403751126	0.572176134773053
-3.76853265433323	1.5149268511572
0.150443359742849	0.0377633287087368
1.43736854221364	0.477697177929381
-1.80368476738292	0.398254084963023
-3.09408861819707	0.962829753125291
3.62653315041301	1.43316175170825
3.62466075691912	1.43256044684919
0.139373629020068	0.0264474830594518
-1.83448317285978	0.756769538624434
-1.80379071234984	0.398266610487963
-1.80368476738292	0.398254084963023
0.140184451576725	0.0265585662587612
-0.643506271279338	0.156786530055825
-1.80368476738292	0.398254084963023
-1.80368476738292	0.398254084963023
-0.644388443682788	0.157000626677781
-0.640433285495798	0.155891307450366
1.95135265955319	0.45428366780025
0.142727172563101	0.0269105320645235
-1.807243397525	0.398882182291443
1.95062146582611	0.454190159391569
0.13912027261828	0.0264101516649031
1.94562167363321	1.21770261975638
3.2530948013434	1.10108931722157
-0.644388443682788	0.157000626677781
0.344569203206856	0.1726551819544
-0.543110168951612	0.208257998232427
-1.15300618747366	0.353816991053109
0.65074859981898	0.206366756402058
0.13912027261828	0.0264101516649031
3.25676960114744	1.10310692759313
0.797194402815309	0.335204194265314
1.01913264922984	0.38618919405726
-0.643123124462485	0.156504140249688
0.512922403195653	0.184486383498599
0.148123932113398	0.037298775193441
0.139373629020068	0.0264474830594518
-0.643889763897163	0.156661592959279
0.13912027261828	0.0264101516649031
0.801452247780404	0.337326448224681
-0.644388443682788	0.157000626677781
-3.09029030460571	0.960832707527767
0.150004967546857	0.037720852406733
-0.644388443682788	0.157000626677781
-2.58843250021574	0.677477739401539
0.146301463254213	0.0369121679082859
0.140184451576725	0.0265585662587612
1.9537169353899	0.454657075827859
-2.58428653566473	0.675727611967995
-0.742753785982603	0.258086652205378
0.140184451576725	0.0265585662587612
0.136156966750329	0.025975077128062
-0.367370736590504	0.106848889573284
0.142727172563101	0.0269105320645235
1.95062146582611	0.454190159391569
1.01881061691072	0.386619941894425
-1.80368476738292	0.398254084963023
-1.15439361670696	0.354342573020678
0.140184451576725	0.0265585662587612
0.136156966750329	0.025975077128062
0.13912027261828	0.0264101516649031
1.95135265955319	0.45428366780025
-3.08953695583634	0.959084825597379
-1.80379071234984	0.398266610487963
1.95135265955319	0.45428366780025
1.95135265955319	0.45428366780025
-2.58428653566473	0.675727611967995
0.933710809861868	0.244826616527384
0.142469531863295	0.0268725113483955
0.928481199205008	0.243805258274956
0.139373629020068	0.0264474830594518
1.95062146582611	0.454190159391569
0.935126029437946	0.245318397037238
0.142637387713013	0.0360861991956938
0.139373629020068	0.0264474830594518
-0.742419833798786	0.258214778445979
-1.80379071234984	0.398266610487963
-2.58478470503525	0.675813541092272
-1.80379071234984	0.398266610487963
-1.80379071234984	0.398266610487963
-2.58453548475525	0.676764203908389
0.139930142590356	0.0265210820862786
1.95062146582611	0.454190159391569
0.147211981908801	0.0371529932006973
0.13912027261828	0.0264101516649031
-2.58478470503525	0.675813541092272
0.147211981908801	0.0371529932006973
0.140184451576725	0.0265585662587612
0.146737983479964	0.0369987654124611
0.13912027261828	0.0264101516649031
-0.640820070260403	0.156173374069777
0.931565691852841	0.244293555241305
-1.15347733768864	0.353947479713194
1.95062146582611	0.454190159391569
0.147211981908801	0.0371529932006973
-1.80379071234984	0.398266610487963
0.933710809861868	0.244826616527384
-0.362166381635235	0.105626912484328
0.931950133432299	0.244413497437813
-1.80379071234984	0.398266610487963
0.933710809861868	0.244826616527384
2.74617618045436	0.774720201883077
0.653242855413462	0.207522075223881
-1.80379071234984	0.398266610487963
-1.80368476738292	0.398254084963023
-0.647852271039411	0.15768507802046
-2.58453548475525	0.676764203908389
0.13912027261828	0.0264101516649031
1.95135265955319	0.45428366780025
1.95135265955319	0.45428366780025
-2.58478470503525	0.675813541092272
2.74877977095104	0.77489585677119
1.95062146582611	0.454190159391569
1.9537169353899	0.454657075827859
2.74700474235958	0.773735225227364
0.13912027261828	0.0264101516649031
-1.80379071234984	0.398266610487963
-1.80368476738292	0.398254084963023
-1.80368476738292	0.398254084963023
-3.09370472754254	0.961571400894305
1.95062146582611	0.454190159391569
1.95135265955319	0.45428366780025
-0.644770889342653	0.156875139887313
1.95062146582611	0.454190159391569
-2.58478470503525	0.675813541092272
0.932829613639135	0.244963311679429
0.13912027261828	0.0264101516649031
-1.5318146928413	0.553494474919415
0.146301463254213	0.0369121679082859
-0.644006342900786	0.156718049862583
0.140184451576725	0.0265585662587612
1.95062146582611	0.454190159391569
0.142727172563101	0.0269105320645235
1.95135265955319	0.45428366780025
-0.643506271279338	0.156786530055825
-3.09029030460571	0.960832707527767
0.135344827059028	0.0258639507496658
0.928481199205008	0.243805258274956
1.43463558957201	0.476840630255681
0.140184451576725	0.0265585662587612
-1.80368476738292	0.398254084963023
1.95062146582611	0.454190159391569
0.13912027261828	0.0264101516649031
-1.80379071234984	0.398266610487963
-1.80368476738292	0.398254084963023
0.146737983479964	0.0369987654124611
0.931950133432299	0.244413497437813
1.43602101245823	0.478148523404795
0.135344827059028	0.0258639507496658
-1.80379071234984	0.398266610487963
0.148598486564552	0.0373599031239063
1.43511052997664	0.477089390053173
-0.643506271279338	0.156786530055825
-2.58817701744193	0.677412741892899
-1.80368476738292	0.398254084963023
0.142727172563101	0.0269105320645235
0.13912027261828	0.0264101516649031
1.95062146582611	0.454190159391569
1.95135265955319	0.45428366780025
-0.647852271039411	0.15768507802046
-0.648735146604395	0.157899750679971
3.25399732634696	1.10138712863889
-1.80379071234984	0.398266610487963
-1.15799700419576	0.355156175000868
0.135344827059028	0.0258639507496658
-1.80379071234984	0.398266610487963
1.95062146582611	0.454190159391569
0.649897891813891	0.206374526154303
0.139930142590356	0.0265210820862786
-1.80368476738292	0.398254084963023
0.139373629020068	0.0264474830594518
0.150481785037224	0.0377820806483386
0.13912027261828	0.0264101516649031
1.95062146582611	0.454190159391569
0.136156966750329	0.025975077128062
1.95062146582611	0.454190159391569
-1.80379071234984	0.398266610487963
0.14311796249796	0.0361933240878638
0.139930142590356	0.0265210820862786
-1.80368476738292	0.398254084963023
-0.644388443682788	0.157000626677781
0.140184451576725	0.0265585662587612
-0.371332425761918	0.107991313233765
2.74700474235958	0.773735225227364
0.932444120238111	0.244842742206832
1.95135265955319	0.45428366780025
-1.80368476738292	0.398254084963023
-0.643123124462485	0.156504140249688
0.146346358967967	0.0368510834186678
-0.361622063644185	0.105340752849314
0.13912027261828	0.0264101516649031
-0.644006342900786	0.156718049862583
0.13912027261828	0.0264101516649031
-0.235165124888598	0.0769431925548772
-1.80368476738292	0.398254084963023
-0.647852271039411	0.15768507802046
3.2530948013434	1.10108931722157
0.139373629020068	0.0264474830594518
0.150921468814773	0.0379194736694598
0.13912027261828	0.0264101516649031
-0.359911076994201	0.104872867536805
2.74877977095104	0.77489585677119
-1.80368476738292	0.398254084963023
-3.08991345953591	0.960747174631736
-1.807243397525	0.398882182291443
0.13912027261828	0.0264101516649031
-1.80379071234984	0.398266610487963
2.74617618045436	0.774720201883077
0.148598486564552	0.0373599031239063
-1.80379071234984	0.398266610487963
0.139373629020068	0.0264474830594518
0.932444120238111	0.244842742206832
1.43554514923892	0.477898562880183
-1.15345350292765	0.353548980162923
-2.58453548475525	0.676764203908389
-2.58478470503525	0.675813541092272
0.139373629020068	0.0264474830594518
1.9537169353899	0.454657075827859
-0.644006342900786	0.156718049862583
0.652253897170883	0.207102973093912
0.136156966750329	0.025975077128062
-2.58817701744193	0.677412741892899
0.145913540346097	0.0367609236539561
-2.58817701744193	0.677412741892899
-0.643506271279338	0.156786530055825
-1.80379071234984	0.398266610487963
-1.80368476738292	0.398254084963023
-1.15439361670696	0.354342573020678
0.13912027261828	0.0264101516649031
0.142727172563101	0.0269105320645235
-0.643123124462485	0.156504140249688
-0.644388443682788	0.157000626677781
0.142727172563101	0.0269105320645235
-1.80368476738292	0.398254084963023
-2.58428653566473	0.675727611967995
1.95062146582611	0.454190159391569
-0.640820070260403	0.156173374069777
1.43925987176693	0.479237157391687
-2.58453548475525	0.676764203908389
1.95062146582611	0.454190159391569
-0.364212438746839	0.106078206157018
0.932444120238111	0.244842742206832
2.74617618045436	0.774720201883077
-0.644006342900786	0.156718049862583
-1.80368476738292	0.398254084963023
0.142637387713013	0.0360861991956938
0.932444120238111	0.244842742206832
-0.644770889342653	0.156875139887313
-1.80368476738292	0.398254084963023
-1.80368476738292	0.398254084963023
2.74617618045436	0.774720201883077
0.933710809861868	0.244826616527384
0.13912027261828	0.0264101516649031
0.135344827059028	0.0258639507496658
-3.09370472754254	0.961571400894305
0.140184451576725	0.0265585662587612
-1.807243397525	0.398882182291443
1.43645613213741	0.478161609320723
1.95062146582611	0.454190159391569
2.74877977095104	0.77489585677119
-1.15347733768864	0.353947479713194
-1.80368476738292	0.398254084963023
-2.58428653566473	0.675727611967995
0.932444120238111	0.244842742206832
-0.644006342900786	0.156718049862583
0.140184451576725	0.0265585662587612
0.651349240994328	0.207129762624853
0.931950133432299	0.244413497437813
-1.80368476738292	0.398254084963023
-1.15439361670696	0.354342573020678
-0.747055356811924	0.259655588067032
-1.80368476738292	0.398254084963023
3.25399732634696	1.10138712863889
-1.8396714502032	0.75990222543046
0.139373629020068	0.0264474830594518
0.931950133432299	0.244413497437813
0.140184451576725	0.0265585662587612
0.931565691852841	0.244293555241305
0.933324263209431	0.244705909364566
1.95062146582611	0.454190159391569
-1.80368476738292	0.398254084963023
2.74700474235958	0.773735225227364
-0.643506271279338	0.156786530055825
3.25586177376341	1.1013084673078
1.43602101245823	0.478148523404795
0.650444653728205	0.206870989076807
-0.644388443682788	0.157000626677781
2.74534949223189	0.773319630917041
0.650444653728205	0.206870989076807
-1.80379071234984	0.398266610487963
0.135344827059028	0.0258639507496658
0.139373629020068	0.0264474830594518
1.80837546568447	0.710560744847372
0.142727172563101	0.0269105320645235
-0.363074920327927	0.105749762822137
3.62755366930347	1.43264967739041
0.931950133432299	0.244413497437813
-1.15347733768864	0.353947479713194
0.140184451576725	0.0265585662587612
0.140184451576725	0.0265585662587612
-2.58478470503525	0.675813541092272
-3.09447285673231	0.961828946915894
-1.80368476738292	0.398254084963023
1.95062146582611	0.454190159391569
0.935126029437946	0.245318397037238
-0.643506271279338	0.156786530055825
0.932829613639135	0.244963311679429
-1.80379071234984	0.398266610487963
2.74617618045436	0.774720201883077
-0.163534484401185	0.0596231662713251
-0.643123124462485	0.156504140249688
-0.7389639873091	0.256670839118185
-2.58428653566473	0.675727611967995
0.932444120238111	0.244842742206832
0.144241227938778	0.0428872731898325
-1.80368476738292	0.398254084963023
0.131592549884353	0.0446096178723685
-3.09029030460571	0.960832707527767
-1.15300618747366	0.353816991053109
-3.47021758744757	1.25549793829818
1.95062146582611	0.454190159391569
-1.15803450000539	0.355059130854004
0.135344827059028	0.0258639507496658
1.95062146582611	0.454190159391569
-2.58453548475525	0.676764203908389
0.936011360767503	0.245553152580958
0.147211981908801	0.0371529932006973
-2.58453548475525	0.676764203908389
0.140184451576725	0.0265585662587612
0.936401569876498	0.245675339056074
-1.15392338036234	0.354212278509058
1.95062146582611	0.454190159391569
1.95062146582611	0.454190159391569
-2.58478470503525	0.675813541092272
2.74617618045436	0.774720201883077
-0.644388443682788	0.157000626677781
1.95135265955319	0.45428366780025
0.147649013295955	0.0371443901885897
0.13912027261828	0.0264101516649031
1.43925987176693	0.479237157391687
2.74700474235958	0.773735225227364
-1.80379071234984	0.398266610487963
0.64559347674232	0.204972394147955
-2.58817701744193	0.677412741892899
1.95062146582611	0.454190159391569
-1.53327386150544	0.554071585244721
-2.58453548475525	0.676764203908389
0.139373629020068	0.0264474830594518
0.928481199205008	0.243805258274956
-2.58428653566473	0.675727611967995
-0.644388443682788	0.157000626677781
-1.80368476738292	0.398254084963023
0.139373629020068	0.0264474830594518
2.74617618045436	0.774720201883077
0.140184451576725	0.0265585662587612
-3.47021758744757	1.25549793829818
-2.58428653566473	0.675727611967995
-1.80368476738292	0.398254084963023
-3.09029030460571	0.960832707527767
0.135344827059028	0.0258639507496658
0.136156966750329	0.025975077128062
0.139373629020068	0.0264474830594518
2.75223851146771	0.774442567945191
0.134993392187805	0.0402831505348415
0.13912027261828	0.0264101516649031
2.7496138177855	0.775189687209382
-1.80379071234984	0.398266610487963
2.74534949223189	0.773319630917041
1.02060878637423	0.387301323550052
3.2530948013434	1.10108931722157
0.13912027261828	0.0264101516649031
2.7496138177855	0.775189687209382
0.139373629020068	0.0264474830594518
1.43602101245823	0.478148523404795
0.13912027261828	0.0264101516649031
-1.80379071234984	0.398266610487963
-1.80368476738292	0.398254084963023
0.142727172563101	0.0269105320645235
0.146301463254213	0.0369121679082859
0.932444120238111	0.244842742206832
0.139373629020068	0.0264474830594518
2.74700474235958	0.773735225227364
-3.09066749133914	0.959393078286489
1.95062146582611	0.454190159391569
-0.367012159161167	0.106980484577588
-1.80379071234984	0.398266610487963
0.140184451576725	0.0265585662587612
-1.80368476738292	0.398254084963023
-0.643506271279338	0.156786530055825
-0.643506271279338	0.156786530055825
0.649897891813891	0.206374526154303
-0.644388443682788	0.157000626677781
-0.644388443682788	0.157000626677781
-2.58843250021574	0.677477739401539
-3.47021758744757	1.25549793829818
2.74534949223189	0.773319630917041
2.7496138177855	0.775189687209382
0.13912027261828	0.0264101516649031
1.95135265955319	0.45428366780025
1.95135265955319	0.45428366780025
-1.80379071234984	0.398266610487963
-1.80379071234984	0.398266610487963
-0.640433285495798	0.155891307450366
0.142727172563101	0.0269105320645235
-0.643506271279338	0.156786530055825
1.95062146582611	0.454190159391569
0.135344827059028	0.0258639507496658
0.148598486564552	0.0373599031239063
0.136156966750329	0.025975077128062
1.95062146582611	0.454190159391569
2.74617618045436	0.774720201883077
-2.58453548475525	0.676764203908389
-1.80368476738292	0.398254084963023
1.95062146582611	0.454190159391569
-1.80368476738292	0.398254084963023
2.74617618045436	0.774720201883077
-1.15392338036234	0.354212278509058
2.74534949223189	0.773319630917041
-1.80379071234984	0.398266610487963
1.95135265955319	0.45428366780025
-1.80368476738292	0.398254084963023
0.13912027261828	0.0264101516649031
-0.643506271279338	0.156786530055825
0.13912027261828	0.0264101516649031
-1.80379071234984	0.398266610487963
-0.643123124462485	0.156504140249688
-2.58453548475525	0.676764203908389
-1.80368476738292	0.398254084963023
0.139373629020068	0.0264474830594518
0.13912027261828	0.0264101516649031
1.95135265955319	0.45428366780025
-0.644388443682788	0.157000626677781
-0.644388443682788	0.157000626677781
1.95062146582611	0.454190159391569
0.932444120238111	0.244842742206832
1.95062146582611	0.454190159391569
0.929363107220915	0.243670370746797
0.139373629020068	0.0264474830594518
-1.80368476738292	0.398254084963023
1.95062146582611	0.454190159391569
2.74617618045436	0.774720201883077
1.80610961993801	0.709606900893752
0.139373629020068	0.0264474830594518
-2.58428653566473	0.675727611967995
-1.80379071234984	0.398266610487963
3.2530948013434	1.10108931722157
-3.76396710128731	1.51165110521982
-3.08953695583634	0.959084825597379
1.95062146582611	0.454190159391569
-0.366464707125696	0.106727724314083
-1.53554019388682	0.554309681981325
-0.363074920327927	0.105749762822137
-1.15300618747366	0.353816991053109
3.62849380145916	1.43519617024906
1.95135265955319	0.45428366780025
0.139373629020068	0.0264474830594518
0.142469531863295	0.0268725113483955
0.933324263209431	0.244705909364566
0.139373629020068	0.0264474830594518
3.25586177376341	1.1013084673078
-3.08991345953591	0.960747174631736
2.74534949223189	0.773319630917041
-1.80379071234984	0.398266610487963
-0.746151045211633	0.259667037559905
-1.80379071234984	0.398266610487963
-1.80368476738292	0.398254084963023
1.9537169353899	0.454657075827859
0.509435415274993	0.183330389793874
0.933324263209431	0.244705909364566
1.95135265955319	0.45428366780025
0.139930142590356	0.0265210820862786
0.931950133432299	0.244413497437813
-2.58453548475525	0.676764203908389
-1.80368476738292	0.398254084963023
-2.58453548475525	0.676764203908389
1.95062146582611	0.454190159391569
-1.80379071234984	0.398266610487963
-1.15755644738434	0.355289941594665
1.43602101245823	0.478148523404795
0.145828384011954	0.0367587486446884
0.135344827059028	0.0258639507496658
-0.644006342900786	0.156718049862583
1.95062146582611	0.454190159391569
0.146301463254213	0.0369121679082859
0.139930142590356	0.0265210820862786
1.95135265955319	0.45428366780025
0.142469531863295	0.0268725113483955
1.43645613213741	0.478161609320723
1.80873246914913	0.707964219460994
0.653242855413462	0.207522075223881
2.74877977095104	0.77489585677119
1.02317008310264	0.387996770477132
1.95062146582611	0.454190159391569
0.646143141275968	0.205158328067658
0.931950133432299	0.244413497437813
1.55642181666941	0.775769693892146
-2.66057533110306	1.65455146996458
-0.817825957064707	0.451976889503254
-0.364760989388525	0.106129027528873
1.04374081788366	0.506748469358095
0.131592549884353	0.0446096178723685
-1.83158005250286	0.754669101876136
-4.01411754197199	1.76498747005377
0.13912027261828	0.0264101516649031
0.813090156003244	0.341117376900325
-1.15394884803957	0.353566779644249
-2.58453548475525	0.676764203908389
1.95135265955319	0.45428366780025
0.147649013295955	0.0371443901885897
0.932444120238111	0.244842742206832
0.135344827059028	0.0258639507496658
2.74617618045436	0.774720201883077
-2.58428653566473	0.675727611967995
0.933324263209431	0.244705909364566
0.139373629020068	0.0264474830594518
0.140184451576725	0.0265585662587612
-0.647852271039411	0.15768507802046
0.139373629020068	0.0264474830594518
0.931565691852841	0.244293555241305
-1.80379071234984	0.398266610487963
-1.80368476738292	0.398254084963023
-0.644388443682788	0.157000626677781
0.148123932113398	0.037298775193441
-0.643889763897163	0.156661592959279
-2.58478470503525	0.675813541092272
-1.15347733768864	0.353947479713194
-1.80379071234984	0.398266610487963
0.139373629020068	0.0264474830594518
0.139930142590356	0.0265210820862786
-0.788637278420783	0.348623215590649
-0.363619197342818	0.105894774191241
-0.742182711888573	0.257807372285815
0.126346136685917	0.0482983004587781
-0.809180697992508	0.44623869353402
0.151399210332705	0.0379807126979956
0.142469531863295	0.0268725113483955
0.148047531695805	0.0438361046687506
-0.232817046683503	0.076320654332776
0.436908103149097	0.175483990881676
0.931565691852841	0.244293555241305
-0.644388443682788	0.157000626677781
-1.80368476738292	0.398254084963023
2.74617618045436	0.774720201883077
0.932444120238111	0.244842742206832
0.139373629020068	0.0264474830594518
2.74700474235958	0.773735225227364
-2.58478470503525	0.675813541092272
-1.80379071234984	0.398266610487963
2.74617618045436	0.774720201883077
0.13912027261828	0.0264101516649031
-1.807243397525	0.398882182291443
0.139930142590356	0.0265210820862786
0.146301463254213	0.0369121679082859
-1.80368476738292	0.398254084963023
-1.80368476738292	0.398254084963023
-1.80368476738292	0.398254084963023
-1.80379071234984	0.398266610487963
1.95062146582611	0.454190159391569
2.74534949223189	0.773319630917041
0.13912027261828	0.0264101516649031
1.43834434492453	0.478363981232013
0.13912027261828	0.0264101516649031
0.142727172563101	0.0269105320645235
-1.52845204149787	0.551521368985269
-1.15755644738434	0.355289941594665
0.936011360767503	0.245553152580958
-1.15392338036234	0.354212278509058
3.62466075691912	1.43256044684919
-0.260535594172838	0.13224844779826
0.143337222216575	0.0426016228100372
-0.64834559013069	0.157812973783057
-1.15347733768864	0.353947479713194
0.931565691852841	0.244293555241305
3.2530948013434	1.10108931722157
1.43925987176693	0.479237157391687
0.932829613639135	0.244963311679429
0.147211981908801	0.0371529932006973
0.146774179931898	0.0369732700828277
-2.58428653566473	0.675727611967995
0.139930142590356	0.0265210820862786
0.146301463254213	0.0369121679082859
1.95135265955319	0.45428366780025
0.148123932113398	0.037298775193441
-1.80379071234984	0.398266610487963
-0.644388443682788	0.157000626677781
-1.807243397525	0.398882182291443
0.140184451576725	0.0265585662587612
0.13912027261828	0.0264101516649031
-2.58428653566473	0.675727611967995
-2.58453548475525	0.676764203908389
-1.807243397525	0.398882182291443
-1.80379071234984	0.398266610487963
1.95135265955319	0.45428366780025
0.135344827059028	0.0258639507496658
1.43645613213741	0.478161609320723
-1.15439361670696	0.354342573020678
-3.46584456958788	1.25353297605489
1.0216909072254	0.38745924007158
0.133273399379646	0.0451030381230293
-2.58478470503525	0.675813541092272
0.144241227938778	0.0428872731898325
0.933710809861868	0.244826616527384
2.09903484483183	0.941607866167158
2.74700474235958	0.773735225227364
3.25490159683282	1.09988604599349
-0.643889763897163	0.156661592959279
-3.4736685411804	1.2537371526055
-2.58428653566473	0.675727611967995
-1.807243397525	0.398882182291443
0.146737983479964	0.0369987654124611
0.140184451576725	0.0265585662587612
1.95135265955319	0.45428366780025
0.139373629020068	0.0264474830594518
-0.647852271039411	0.15768507802046
0.935126029437946	0.245318397037238
0.13912027261828	0.0264101516649031
0.135344827059028	0.0258639507496658
0.146774179931898	0.0369732700828277
0.931950133432299	0.244413497437813
3.25399732634696	1.10138712863889
0.153733421849462	0.0384586410081059
-1.15347733768864	0.353947479713194
-1.80368476738292	0.398254084963023
0.932444120238111	0.244842742206832
-0.644388443682788	0.157000626677781
2.74877977095104	0.77489585677119
-0.233957416924537	0.0766762835938485
0.146737983479964	0.0369987654124611
-3.08991345953591	0.960747174631736
0.140184451576725	0.0265585662587612
0.126658533583156	0.0429599674774459
-2.58428653566473	0.675727611967995
0.13912027261828	0.0264101516649031
-1.80368476738292	0.398254084963023
-1.80368476738292	0.398254084963023
1.9537169353899	0.454657075827859
-0.645166441735812	0.157071156419286
0.936401569876498	0.245675339056074
-1.80379071234984	0.398266610487963
-1.14972585591097	0.352042822396007
-0.366464707125696	0.106727724314083
0.13912027261828	0.0264101516649031
-1.04436802647587	0.420175062937639
0.936401569876498	0.245675339056074
0.649540136788795	0.206300566749324
0.1413598194657	0.0421025960431846
0.936011360767503	0.245553152580958
-0.368465304895136	0.107151020414935
0.139930142590356	0.0265210820862786
0.151399210332705	0.0379807126979956
0.933324263209431	0.244705909364566
0.150004967546857	0.037720852406733
0.142469531863295	0.0268725113483955
0.931950133432299	0.244413497437813
0.148123932113398	0.037298775193441
-1.80368476738292	0.398254084963023
1.95135265955319	0.45428366780025
-1.807243397525	0.398882182291443
0.13912027261828	0.0264101516649031
-1.807243397525	0.398882182291443
-0.370980083174422	0.107732575808367
0.931565691852841	0.244293555241305
0.142727172563101	0.0269105320645235
-2.58478470503525	0.675813541092272
-2.58453548475525	0.676764203908389
-1.53327386150544	0.554071585244721
-1.15799700419576	0.355156175000868
-0.643506271279338	0.156786530055825
1.55164699462515	0.772711785861097
1.43925987176693	0.479237157391687
0.64559347674232	0.204972394147955
-2.58453548475525	0.676764203908389
0.931950133432299	0.244413497437813
-2.58428653566473	0.675727611967995
0.140184451576725	0.0265585662587612
0.139930142590356	0.0265210820862786
-0.644388443682788	0.157000626677781
-1.80379071234984	0.398266610487963
-1.80368476738292	0.398254084963023
0.139373629020068	0.0264474830594518
0.657867026628534	0.208713496770991
0.931950133432299	0.244413497437813
1.95135265955319	0.45428366780025
-2.58453548475525	0.676764203908389
2.74534949223189	0.773319630917041
-0.64834559013069	0.157812973783057
0.140184451576725	0.0265585662587612
0.138699758667585	0.0263265295910935
-0.644388443682788	0.157000626677781
0.655055294702571	0.20808355560833
-2.58478470503525	0.675813541092272
1.9537169353899	0.454657075827859
-0.643506271279338	0.156786530055825
-1.80368476738292	0.398254084963023
-0.644388443682788	0.157000626677781
-2.58453548475525	0.676764203908389
0.13912027261828	0.0264101516649031
-2.58428653566473	0.675727611967995
-1.15439361670696	0.354342573020678
0.932829613639135	0.244963311679429
1.95062146582611	0.454190159391569
1.95062146582611	0.454190159391569
0.140184451576725	0.0265585662587612
0.140184451576725	0.0265585662587612
3.62653315041301	1.43316175170825
1.95135265955319	0.45428366780025
-3.08953695583634	0.959084825597379
-1.15345350292765	0.353548980162923
0.511447846039878	0.183898335950935
1.43693291937878	0.478412112216202
0.653242855413462	0.207522075223881
1.95135265955319	0.45428366780025
-2.58453548475525	0.676764203908389
1.95135265955319	0.45428366780025
-0.644770889342653	0.156875139887313
0.140184451576725	0.0265585662587612
-3.08991345953591	0.960747174631736
0.141934018068002	0.0422115362011609
1.95062146582611	0.454190159391569
0.135344827059028	0.0258639507496658
1.43882340562666	0.478615560848155
-0.644770889342653	0.156875139887313
0.140184451576725	0.0265585662587612
1.95135265955319	0.45428366780025
-1.80379071234984	0.398266610487963
-1.80368476738292	0.398254084963023
-2.58843250021574	0.677477739401539
0.139373629020068	0.0264474830594518
1.9537169353899	0.454657075827859
1.01881061691072	0.386619941894425
2.74617618045436	0.774720201883077
1.44017683745973	0.479001218015642
0.135344827059028	0.0258639507496658
-1.80368476738292	0.398254084963023
0.936011360767503	0.245553152580958
0.1413598194657	0.0421025960431846
0.148123932113398	0.037298775193441
1.9537169353899	0.454657075827859
-1.80368476738292	0.398254084963023
0.13912027261828	0.0264101516649031
0.139884098064408	0.0416988824150201
-1.80368476738292	0.398254084963023
-1.54238163545367	0.556701514145195
0.139930142590356	0.0265210820862786
3.62466075691912	1.43256044684919
1.80556115744	0.709204238553249
2.74534949223189	0.773319630917041
0.140184451576725	0.0265585662587612
0.13175865494629	0.0446170289070746
-3.46538037258837	1.25291021678476
0.146301463254213	0.0369121679082859
0.932444120238111	0.244842742206832
-1.8359662765192	0.757377146649207
-1.80368476738292	0.398254084963023
2.74534949223189	0.773319630917041
0.931565691852841	0.244293555241305
0.146737983479964	0.0369987654124611
-0.644006342900786	0.156718049862583
-3.09029030460571	0.960832707527767
0.13912027261828	0.0264101516649031
0.136156966750329	0.025975077128062
0.805769324127157	0.339679478238357
0.140184451576725	0.0265585662587612
-2.58453548475525	0.676764203908389
2.7496138177855	0.775189687209382
-2.58817701744193	0.677412741892899
-1.80368476738292	0.398254084963023
-2.58453548475525	0.676764203908389
-1.53554019388682	0.554309681981325
-2.58843250021574	0.677477739401539
-1.80379071234984	0.398266610487963
1.43146070068228	0.47602253118107
0.140184451576725	0.0265585662587612
-1.80368476738292	0.398254084963023
0.139930142590356	0.0265210820862786
1.95135265955319	0.45428366780025
1.9537169353899	0.454657075827859
0.139373629020068	0.0264474830594518
-2.58478470503525	0.675813541092272
0.140184451576725	0.0265585662587612
0.936011360767503	0.245553152580958
-0.643506271279338	0.156786530055825
0.139930142590356	0.0265210820862786
-0.742419833798786	0.258214778445979
-0.743325166733626	0.258205235128744
-1.80379071234984	0.398266610487963
-2.58428653566473	0.675727611967995
-3.08991345953591	0.960747174631736
-1.80368476738292	0.398254084963023
1.95135265955319	0.45428366780025
-1.80379071234984	0.398266610487963
-1.15345350292765	0.353548980162923
-1.15392338036234	0.354212278509058
-1.80379071234984	0.398266610487963
-2.58453548475525	0.676764203908389
1.95062146582611	0.454190159391569
1.95062146582611	0.454190159391569
1.95062146582611	0.454190159391569
0.65414904119533	0.208020876626531
0.145828384011954	0.0367587486446884
-1.80368476738292	0.398254084963023
-1.04873903928095	0.422350290876866
1.01970949094797	0.387091911393297
0.13912027261828	0.0264101516649031
0.651349240994328	0.207129762624853
0.140458165206262	0.0418615852654621
0.147211981908801	0.0371529932006973
0.51174254082849	0.184178364192085
-0.647852271039411	0.15768507802046
1.95062146582611	0.454190159391569
0.146301463254213	0.0369121679082859
0.931950133432299	0.244413497437813
0.139369721109985	0.0415084196349322
0.148598486564552	0.0373599031239063
0.935126029437946	0.245318397037238
0.651896042016441	0.207030647505349
0.931950133432299	0.244413497437813
-1.80379071234984	0.398266610487963
0.13912027261828	0.0264101516649031
-2.58453548475525	0.676764203908389
0.151399210332705	0.0379807126979956
0.140184451576725	0.0265585662587612
-1.80379071234984	0.398266610487963
1.95062146582611	0.454190159391569
-1.80368476738292	0.398254084963023
2.74877977095104	0.77489585677119
1.95062146582611	0.454190159391569
1.43834434492453	0.478363981232013
1.95062146582611	0.454190159391569
0.142261903209059	0.0422917434711763
2.74534949223189	0.773319630917041
-1.80379071234984	0.398266610487963
1.80556115744	0.709204238553249
0.140785309842846	0.0419396944428236
-3.09066749133914	0.959393078286489
1.43925987176693	0.479237157391687
3.25399732634696	1.10138712863889
0.13912027261828	0.0264101516649031
1.95135265955319	0.45428366780025
1.9537169353899	0.454657075827859
0.13912027261828	0.0264101516649031
1.02201384172153	0.387406801790706
0.147211981908801	0.0371529932006973
1.02259212061632	0.388312776500153
0.147685616873541	0.0372140815523598
-0.643123124462485	0.156504140249688
0.146774179931898	0.0369732700828277
2.7496138177855	0.775189687209382
-0.641207204081918	0.156050090719873
0.139373629020068	0.0264474830594518
0.502595143350432	0.18021963298351
0.139373629020068	0.0264474830594518
-1.80379071234984	0.398266610487963
-0.643123124462485	0.156504140249688
-2.58478470503525	0.675813541092272
-1.80379071234984	0.398266610487963
1.95062146582611	0.454190159391569
1.43511052997664	0.477089390053173
1.31176150416243	0.575573951673107
1.43645613213741	0.478161609320723
0.931950133432299	0.244413497437813
-2.58428653566473	0.675727611967995
0.932444120238111	0.244842742206832
-2.58453548475525	0.676764203908389
1.95135265955319	0.45428366780025
1.95135265955319	0.45428366780025
-0.644388443682788	0.157000626677781
0.13912027261828	0.0264101516649031
0.147211981908801	0.0371529932006973
3.62559622686951	1.43343777832231
-0.641207204081918	0.156050090719873
-0.238048417060954	0.0780891030505443
0.928481199205008	0.243805258274956
0.649897891813891	0.206374526154303
0.932444120238111	0.244842742206832
0.932829613639135	0.244963311679429
0.142469531863295	0.0268725113483955
0.140785309842846	0.0419396944428236
0.650802186307997	0.206632813066924
-1.80368476738292	0.398254084963023
-2.58453548475525	0.676764203908389
0.146301463254213	0.0369121679082859
0.936401569876498	0.245675339056074
1.43645613213741	0.478161609320723
2.74877977095104	0.77489585677119
2.74617618045436	0.774720201883077
-1.80368476738292	0.398254084963023
0.135344827059028	0.0258639507496658
0.140184451576725	0.0265585662587612
1.95135265955319	0.45428366780025
1.95062146582611	0.454190159391569
-1.807243397525	0.398882182291443
0.933324263209431	0.244705909364566
1.43602101245823	0.478148523404795
0.931565691852841	0.244293555241305
0.504293805962934	0.181091765107361
0.146774179931898	0.0369732700828277
0.936401569876498	0.245675339056074
0.932829613639135	0.244963311679429
-0.644388443682788	0.157000626677781
3.25219401652934	1.09882975306147
2.7496138177855	0.775189687209382
-2.58453548475525	0.676764203908389
3.62559622686951	1.43343777832231
0.651706549248349	0.206607040468535
0.139930142590356	0.0265210820862786
0.932444120238111	0.244842742206832
0.644691758976379	0.204407522619992
3.63037846631015	1.4338640049762
1.95135265955319	0.45428366780025
0.933324263209431	0.244705909364566
1.43645613213741	0.478161609320723
0.653242855413462	0.207522075223881
0.135344827059028	0.0258639507496658
0.935515179855096	0.245440180005837
1.43602101245823	0.478148523404795
1.95135265955319	0.45428366780025
-2.58478470503525	0.675813541092272
-1.80379071234984	0.398266610487963
-1.80379071234984	0.398266610487963
-0.643506271279338	0.156786530055825
0.65469668159777	0.207920986734369
-0.644388443682788	0.157000626677781
0.142727172563101	0.0269105320645235
-1.80379071234984	0.398266610487963
-4.0146797874846	1.7640616471764
0.932444120238111	0.244842742206832
-0.362166381635235	0.105626912484328
-1.80379071234984	0.398266610487963
-0.644388443682788	0.157000626677781
-0.644388443682788	0.157000626677781
-1.80368476738292	0.398254084963023
0.147470984841552	0.0436723193874914
-1.53164925455074	0.552638815903533
0.1413598194657	0.0421025960431846
-0.536354313754785	0.205687389529939
0.150004967546857	0.037720852406733
-0.238238452952737	0.0780615880676397
-0.741848012858367	0.258096023054699
1.0200314996791	0.386398513169522
0.135344827059028	0.0258639507496658
-2.58453548475525	0.676764203908389
-0.643889763897163	0.156661592959279
0.652253897170883	0.207102973093912
-0.643506271279338	0.156786530055825
0.135344827059028	0.0258639507496658
0.149527783414501	0.0375652210591108
-0.643889763897163	0.156661592959279
-1.5318146928413	0.553494474919415
-2.58453548475525	0.676764203908389
0.146301463254213	0.0369121679082859
0.144030943602207	0.0363402578839825
-1.80368476738292	0.398254084963023
1.95062146582611	0.454190159391569
0.141726775817505	0.0358473898154438
-0.644770889342653	0.156875139887313
0.139373629020068	0.0264474830594518
0.649540136788795	0.206300566749324
0.932444120238111	0.244842742206832
0.93871391671757	0.245790150722076
3.25399732634696	1.10138712863889
-1.80368476738292	0.398254084963023
0.142469531863295	0.0268725113483955
-0.746726771319564	0.259871772377509
1.95062146582611	0.454190159391569
-2.58428653566473	0.675727611967995
-1.80379071234984	0.398266610487963
-2.58478470503525	0.675813541092272
0.932444120238111	0.244842742206832
-1.80368476738292	0.398254084963023
-1.80379071234984	0.398266610487963
-1.80379071234984	0.398266610487963
-3.76450171843679	1.51272854782687
0.13912027261828	0.0264101516649031
0.13912027261828	0.0264101516649031
0.931950133432299	0.244413497437813
2.74534949223189	0.773319630917041
-2.58817701744193	0.677412741892899
-1.15300618747366	0.353816991053109
-3.08991345953591	0.960747174631736
1.436097211687	0.477124097113075
-2.58453548475525	0.676764203908389
0.146301463254213	0.0369121679082859
1.43554514923892	0.477898562880183
0.139373629020068	0.0264474830594518
0.935515179855096	0.245440180005837
0.932444120238111	0.244842742206832
-1.80379071234984	0.398266610487963
0.139930142590356	0.0265210820862786
0.512153653238601	0.183805277487341
1.01970949094797	0.387091911393297
-1.80379071234984	0.398266610487963
-3.09370472754254	0.961571400894305
2.74700474235958	0.773735225227364
1.9537169353899	0.454657075827859
-2.58428653566473	0.675727611967995
0.149527783414501	0.0375652210591108
-1.80379071234984	0.398266610487963
0.151399210332705	0.0379807126979956
1.95062146582611	0.454190159391569
-1.80368476738292	0.398254084963023
0.140184451576725	0.0265585662587612
2.74617618045436	0.774720201883077
1.43645613213741	0.478161609320723
1.95135265955319	0.45428366780025
0.13912027261828	0.0264101516649031
3.25676960114744	1.10310692759313
-1.15394884803957	0.353566779644249
-1.80368476738292	0.398254084963023
-1.80368476738292	0.398254084963023
2.74534949223189	0.773319630917041
-2.58453548475525	0.676764203908389
-2.58453548475525	0.676764203908389
-0.64834559013069	0.157812973783057
1.95135265955319	0.45428366780025
0.13912027261828	0.0264101516649031
0.13912027261828	0.0264101516649031
-0.644770889342653	0.156875139887313
0.935515179855096	0.245440180005837
0.147211981908801	0.0371529932006973
-3.09029030460571	0.960832707527767
-3.46584456958788	1.25353297605489
-2.58453548475525	0.676764203908389
0.13912027261828	0.0264101516649031
-1.15847376642875	0.355686548405735
0.931950133432299	0.244413497437813
0.932829613639135	0.244963311679429
0.651896042016441	0.207030647505349
-0.645166441735812	0.157071156419286
-1.80368476738292	0.398254084963023
-0.640820070260403	0.156173374069777
-1.80379071234984	0.398266610487963
2.74700474235958	0.773735225227364
0.936011360767503	0.245553152580958
-1.80379071234984	0.398266610487963
-1.80368476738292	0.398254084963023
-2.58817701744193	0.677412741892899
0.932829613639135	0.244963311679429
3.918269745807	1.72279408442701
0.649294064553561	0.206116617727131
3.25767918892079	1.1021663566718
1.44348376717917	0.479628088721833
0.650991162239829	0.206772040177897
3.25955780844985	1.10146325935908
2.74617618045436	0.774720201883077
1.95062146582611	0.454190159391569
0.932829613639135	0.244963311679429
-0.644388443682788	0.157000626677781
0.149527783414501	0.0375652210591108
-0.643506271279338	0.156786530055825
2.7496138177855	0.775189687209382
-0.643123124462485	0.156504140249688
1.95062146582611	0.454190159391569
3.62559622686951	1.43343777832231
-3.76450171843679	1.51272854782687
-2.65984351625257	1.65864433130785
-0.232817046683503	0.076320654332776
-0.242323132990394	0.0794545395999312
1.44176291987984	0.477019537863166
1.02111307473612	0.386556758838255
-0.806504056304195	0.443811756059223
-0.644770889342653	0.156875139887313
0.802281286210352	0.337872104439243
-0.362710949837822	0.10577213020672
-1.53289908476652	0.552896511345182
0.13912027261828	0.0264101516649031
0.13912027261828	0.0264101516649031
0.139373629020068	0.0264474830594518
0.13912027261828	0.0264101516649031
-1.80368476738292	0.398254084963023
-1.80368476738292	0.398254084963023
-3.08953695583634	0.959084825597379
3.918269745807	1.72279408442701
1.80375022148517	0.707092166054158
-0.737482026667645	0.256039848593742
-1.80368476738292	0.398254084963023
0.135344827059028	0.0258639507496658
2.74877977095104	0.77489585677119
0.373414055043821	0.167570580005263
0.515526842938941	0.185438865140755
0.13912027261828	0.0264101516649031
1.95135265955319	0.45428366780025
-1.80379071234984	0.398266610487963
0.140184451576725	0.0265585662587612
0.139373629020068	0.0264474830594518
-1.80368476738292	0.398254084963023
-1.807243397525	0.398882182291443
-0.645166441735812	0.157071156419286
2.74617618045436	0.774720201883077
0.147649013295955	0.0371443901885897
-0.235132025937081	0.0770784326047616
-0.746480385939584	0.259149400296474
1.43693291937878	0.478412112216202
0.510007909511423	0.183564268952108
0.794921024342068	0.333276719528644
-1.52899469498403	0.551909382987037
-1.00017512509455	0.503265020673797
-2.08195799798244	0.962058428527573
0.371035516927059	0.166062735334707
0.651349240994328	0.207129762624853
-0.645166441735812	0.157071156419286
-3.46677402954847	1.25130611721134
-3.09408861819707	0.962829753125291
0.13912027261828	0.0264101516649031
-1.5375444255416	0.556007810250909
-1.28994819211541	0.588720908127976
0.135344827059028	0.0258639507496658
1.95062146582611	0.454190159391569
0.0358030656011466	0.0218905868754327
-0.363664142019236	0.105826742826499
1.95062146582611	0.454190159391569
0.13912027261828	0.0264101516649031
1.95062146582611	0.454190159391569
-1.80368476738292	0.398254084963023
1.95135265955319	0.45428366780025
0.505733117049643	0.181688891875415
-0.115191383174165	0.0464576903941925
1.59141680718356	1.10372953203747
0.425961192082242	0.171382412553361
0.131029538502094	0.0444244541563046
0.37109870850574	0.166395457666345
-0.363074920327927	0.105749762822137
1.0221273100189	0.38678380018213
-1.84081690904406	0.759188618862807
0.135805977315208	0.045997318265274
0.14103192177006	0.0419706320314239
2.74617618045436	0.774720201883077
-0.234259276164921	0.0768738569502217
0.932444120238111	0.244842742206832
-3.46630912179766	1.25319506698382
0.139930142590356	0.0265210820862786
-3.09029030460571	0.960832707527767
-0.652722162914945	0.158602682980072
-1.15300618747366	0.353816991053109
0.140184451576725	0.0265585662587612
0.13912027261828	0.0264101516649031
-2.58478470503525	0.675813541092272
0.12499623973525	0.0598405348323026
-0.362710949837822	0.10577213020672
-0.643889763897163	0.156661592959279
0.139373629020068	0.0264474830594518
-1.15439361670696	0.354342573020678
-1.80368476738292	0.398254084963023
0.139373629020068	0.0264474830594518
0.139373629020068	0.0264474830594518
1.95062146582611	0.454190159391569
-0.367917894368281	0.107101339671787
0.12684271834842	0.0485397725759886
0.145828384011954	0.0367587486446884
0.660689171352795	0.209007982869015
0.127695954893036	0.0609866611199307
-0.238535498919549	0.0782368452146959
1.75913037391034	0.983766882364901
0.132323532241134	0.0448554349010625
-1.49692064042857	1.05807460235161
-0.238048417060954	0.0780891030505443
-1.5375444255416	0.556007810250909
1.80429809838357	0.707492948913978
1.95062146582611	0.454190159391569
0.136156966750329	0.025975077128062
0.136156966750329	0.025975077128062
0.147211981908801	0.0371529932006973
-1.80379071234984	0.398266610487963
0.142469531863295	0.0268725113483955
1.95062146582611	0.454190159391569
0.139373629020068	0.0264474830594518
-2.58428653566473	0.675727611967995
-0.640820070260403	0.156173374069777
0.139930142590356	0.0265210820862786
0.139930142590356	0.0265210820862786
-2.30408487932824	1.18298687653825
0.145721737644136	0.0432014390679942
-2.58843250021574	0.677477739401539
2.74617618045436	0.774720201883077
1.95135265955319	0.45428366780025
-0.644770889342653	0.156875139887313
0.142727172563101	0.0269105320645235
-1.80379071234984	0.398266610487963
-1.29938699897853	0.594317002812756
-0.35845544263212	0.104471490348146
3.91920866228273	1.72418967780064
-0.647461655721112	0.157598110120326
-0.236181965656757	0.077314184171995
0.588373362451164	0.306131960336255
1.43786474996169	0.896112083814067
-0.212320904362995	0.115996656411138
1.0668767184585	0.652310037019915
-1.06267958889401	0.863946178160766
-1.54183385012035	0.556979646258816
0.145828384011954	0.0367587486446884
0.425412613553604	0.171082204341707
0.931950133432299	0.244413497437813
-3.46584456958788	1.25353297605489
1.43834434492453	0.478363981232013
-0.643123124462485	0.156504140249688
-0.644770889342653	0.156875139887313
0.136156966750329	0.025975077128062
2.74617618045436	0.774720201883077
0.136156966750329	0.025975077128062
-1.80379071234984	0.398266610487963
-0.644006342900786	0.156718049862583
-1.80379071234984	0.398266610487963
0.139930142590356	0.0265210820862786
0.13912027261828	0.0264101516649031
0.144030943602207	0.0363402578839825
-2.58428653566473	0.675727611967995
0.14311796249796	0.0361933240878638
-0.355835088677261	0.217025963189066
0.931565691852841	0.244293555241305
0.139930142590356	0.0265210820862786
1.95062146582611	0.454190159391569
0.14311796249796	0.0361933240878638
-0.640820070260403	0.156173374069777
0.13912027261828	0.0264101516649031
-0.171459560951733	0.0624735259319497
-3.47021758744757	1.25549793829818
-0.419362064307265	0.177688744777064
-0.806504056304195	0.443811756059223
-0.819847659478136	0.642743248611107
0.65414904119533	0.208020876626531
-1.35147937653146	0.85910561299321
-0.512933127219099	0.271647398379886
0.133563093420314	0.0703367732323981
-3.09029030460571	0.960832707527767
0.432062682383114	0.173762924234813
0.936401569876498	0.245675339056074
-0.741848012858367	0.258096023054699
-2.58453548475525	0.676764203908389
0.136156966750329	0.025975077128062
2.74700474235958	0.773735225227364
0.140184451576725	0.0265585662587612
-1.80379071234984	0.398266610487963
0.65414904119533	0.208020876626531
0.136156966750329	0.025975077128062
1.95135265955319	0.45428366780025
0.139373629020068	0.0264474830594518
0.140184451576725	0.0265585662587612
0.136156966750329	0.025975077128062
-1.80379071234984	0.398266610487963
0.139373629020068	0.0264474830594518
-0.362166381635235	0.105626912484328
-2.58453548475525	0.676764203908389
-2.58453548475525	0.676764203908389
0.139930142590356	0.0265210820862786
-0.996922463819315	0.500245115175116
-1.15253539705602	0.353154418604941
0.139930142590356	0.0265210820862786
0.932829613639135	0.244963311679429
0.140184451576725	0.0265585662587612
1.95135265955319	0.45428366780025
0.139373629020068	0.0264474830594518
-1.80368476738292	0.398254084963023
-2.5921020928315	0.67750903851891
0.139884098064408	0.0416988824150201
0.645241128115201	0.204592987808019
0.505159659700077	0.181649970886899
0.652695254572546	0.207024892635355
0.13893463580392	0.0664698775041549
2.55110244694292	1.42040702493511
-0.361622063644185	0.105340752849314
-3.08953695583634	0.959084825597379
2.74877977095104	0.77489585677119
-0.643889763897163	0.156661592959279
1.95062146582611	0.454190159391569
0.933710809861868	0.244826616527384
2.74617618045436	0.774720201883077
-0.644388443682788	0.157000626677781
0.13912027261828	0.0264101516649031
1.95135265955319	0.45428366780025
2.74534949223189	0.773319630917041
0.933710809861868	0.244826616527384
0.143549438263141	0.0362330396689423
-1.15755644738434	0.355289941594665
0.651349240994328	0.207129762624853
0.139373629020068	0.0264474830594518
1.95135265955319	0.45428366780025
-1.80368476738292	0.398254084963023
0.147685616873541	0.0372140815523598
0.140184451576725	0.0265585662587612
0.13912027261828	0.0264101516649031
-0.640433285495798	0.155891307450366
-1.80368476738292	0.398254084963023
0.139930142590356	0.0265210820862786
-0.644770889342653	0.156875139887313
-2.58428653566473	0.675727611967995
0.139373629020068	0.0264474830594518
-1.80379071234984	0.398266610487963
-0.641207204081918	0.156050090719873
-0.644006342900786	0.156718049862583
-1.807243397525	0.398882182291443
-3.09408861819707	0.962829753125291
-0.361622063644185	0.105340752849314
0.931565691852841	0.244293555241305
1.43882340562666	0.478615560848155
-0.367012159161167	0.106980484577588
-3.46491653046888	1.25066289274388
0.927601018172465	0.243257788968905
0.657507650280972	0.208311874525367
2.7496138177855	0.775189687209382
-3.77312140195183	1.51499536469158
1.95135265955319	0.45428366780025
0.142206421270329	0.0359541333965371
2.74617618045436	0.774720201883077
0.146737983479964	0.0369987654124611
-0.644770889342653	0.156875139887313
0.932829613639135	0.244963311679429
0.139930142590356	0.0265210820862786
0.650086353252472	0.206202657488722
0.13912027261828	0.0264101516649031
1.80037781238315	0.705873091583144
-1.80368476738292	0.398254084963023
0.135344827059028	0.0258639507496658
-1.53273207896643	0.55406409993797
0.147211981908801	0.0371529932006973
-1.80379071234984	0.398266610487963
1.95135265955319	0.45428366780025
1.95062146582611	0.454190159391569
0.135344827059028	0.0258639507496658
0.933324263209431	0.244705909364566
0.932444120238111	0.244842742206832
0.13912027261828	0.0264101516649031
0.142727172563101	0.0269105320645235
0.139930142590356	0.0265210820862786
-1.807243397525	0.398882182291443
-1.80379071234984	0.398266610487963
0.139373629020068	0.0264474830594518
0.139930142590356	0.0265210820862786
-0.640433285495798	0.155891307450366
-0.643889763897163	0.156661592959279
-2.58453548475525	0.676764203908389
-0.644388443682788	0.157000626677781
0.932444120238111	0.244842742206832
1.43834434492453	0.478363981232013
0.136934224057857	0.0463018278790837
-0.362530893266771	0.105463937638037
0.145828384011954	0.0367587486446884
2.74534949223189	0.773319630917041
3.92309059860542	1.72743139836869
0.146558706502964	0.0434202356977088
0.931950133432299	0.244413497437813
-1.53127286779506	0.553105673100975
-2.58453548475525	0.676764203908389
0.140184451576725	0.0265585662587612
0.142206421270329	0.0359541333965371
0.931950133432299	0.244413497437813
-1.80368476738292	0.398254084963023
-2.58453548475525	0.676764203908389
1.95062146582611	0.454190159391569
2.75223851146771	0.774442567945191
-1.15486421229877	0.353960755591684
-2.58453548475525	0.676764203908389
0.13912027261828	0.0264101516649031
0.936401569876498	0.245675339056074
0.650444653728205	0.206870989076807
0.140184451576725	0.0265585662587612
-0.644388443682788	0.157000626677781
-1.80379071234984	0.398266610487963
-1.15847376642875	0.355686548405735
0.145913540346097	0.0367609236539561
1.02349375759299	0.388665902021623
0.932444120238111	0.244842742206832
0.147211981908801	0.0371529932006973
0.135344827059028	0.0258639507496658
0.13912027261828	0.0264101516649031
-1.53645538754434	0.554877978644979
0.147211981908801	0.0371529932006973
1.95135265955319	0.45428366780025
-0.644388443682788	0.157000626677781
1.43834434492453	0.478363981232013
0.935515179855096	0.245440180005837
2.74617618045436	0.774720201883077
2.74617618045436	0.774720201883077
0.136156966750329	0.025975077128062
2.74877977095104	0.77489585677119
-0.644006342900786	0.156718049862583
2.74534949223189	0.773319630917041
0.13912027261828	0.0264101516649031
-0.644770889342653	0.156875139887313
0.142469531863295	0.0268725113483955
-1.53662981716208	0.555438343483155
-1.80368476738292	0.398254084963023
0.135344827059028	0.0258639507496658
0.932829613639135	0.244963311679429
0.651896042016441	0.207030647505349
0.932444120238111	0.244842742206832
0.147211981908801	0.0371529932006973
-0.644388443682788	0.157000626677781
-1.15439361670696	0.354342573020678
-2.58817701744193	0.677412741892899
-0.643506271279338	0.156786530055825
0.139373629020068	0.0264474830594518
2.74534949223189	0.773319630917041
-1.80368476738292	0.398254084963023
2.74534949223189	0.773319630917041
1.95135265955319	0.45428366780025
0.64559347674232	0.204972394147955
0.139930142590356	0.0265210820862786
1.95135265955319	0.45428366780025
-1.80368476738292	0.398254084963023
0.139373629020068	0.0264474830594518
0.150481785037224	0.0377820806483386
1.95062146582611	0.454190159391569
1.95062146582611	0.454190159391569
2.74877977095104	0.77489585677119
0.145828384011954	0.0367587486446884
0.139930142590356	0.0265210820862786
2.74700474235958	0.773735225227364
-0.643889763897163	0.156661592959279
0.140184451576725	0.0265585662587612
-2.58453548475525	0.676764203908389
-2.58428653566473	0.675727611967995
1.95135265955319	0.45428366780025
-1.807243397525	0.398882182291443
0.13912027261828	0.0264101516649031
-1.80379071234984	0.398266610487963
0.13912027261828	0.0264101516649031
-2.58428653566473	0.675727611967995
1.80837546568447	0.710560744847372
3.25399732634696	1.10138712863889
0.148598486564552	0.0373599031239063
3.25219401652934	1.09882975306147
0.13912027261828	0.0264101516649031
-0.361802623855853	0.105358062763741
0.139930142590356	0.0265210820862786
1.95135265955319	0.45428366780025
1.95062146582611	0.454190159391569
1.95135265955319	0.45428366780025
0.13912027261828	0.0264101516649031
-1.80379071234984	0.398266610487963
0.933710809861868	0.244826616527384
0.932829613639135	0.244963311679429
0.936011360767503	0.245553152580958
0.142727172563101	0.0269105320645235
0.139373629020068	0.0264474830594518
1.95135265955319	0.45428366780025
0.13912027261828	0.0264101516649031
-2.58453548475525	0.676764203908389
0.139930142590356	0.0265210820862786
0.933710809861868	0.244826616527384
-0.640820070260403	0.156173374069777
0.139930142590356	0.0265210820862786
-1.80379071234984	0.398266610487963
2.74534949223189	0.773319630917041
3.26047275345248	1.10202229496322
0.932829613639135	0.244963311679429
2.74617618045436	0.774720201883077
0.139373629020068	0.0264474830594518
1.95062146582611	0.454190159391569
-0.786426928980553	0.347312013098396
-3.09029030460571	0.960832707527767
3.25399732634696	1.10138712863889
1.95135265955319	0.45428366780025
0.135344827059028	0.0258639507496658
-1.80379071234984	0.398266610487963
-0.64834559013069	0.157812973783057
1.43693291937878	0.478412112216202
-1.15394884803957	0.353566779644249
-0.641207204081918	0.156050090719873
3.2530948013434	1.10108931722157
3.25399732634696	1.10138712863889
2.74534949223189	0.773319630917041
0.932829613639135	0.244963311679429
3.9173309331028	1.71936764839118
-1.80379071234984	0.398266610487963
-0.644006342900786	0.156718049862583
0.144569280114635	0.042929282273931
-0.362166381635235	0.105626912484328
-0.644388443682788	0.157000626677781
-1.15300618747366	0.353816991053109
0.648993667183473	0.205806233366664
-2.58453548475525	0.676764203908389
1.9537169353899	0.454657075827859
1.43554514923892	0.477898562880183
0.13912027261828	0.0264101516649031
0.933710809861868	0.244826616527384
-0.644770889342653	0.156875139887313
-0.643889763897163	0.156661592959279
0.139930142590356	0.0265210820862786
1.95062146582611	0.454190159391569
0.935126029437946	0.245318397037238
1.43693291937878	0.478412112216202
0.13912027261828	0.0264101516649031
0.650991162239829	0.206772040177897
-0.362166381635235	0.105626912484328
-1.53219054338251	0.553674997524989
-1.80379071234984	0.398266610487963
0.139930142590356	0.0265210820862786
1.8098322354038	0.711329755606344
0.142261903209059	0.0422917434711763
0.145828384011954	0.0367587486446884
0.13912027261828	0.0264101516649031
0.142206421270329	0.0359541333965371
0.650991162239829	0.206772040177897
1.95062146582611	0.454190159391569
0.13912027261828	0.0264101516649031
-1.15300618747366	0.353816991053109
0.140184451576725	0.0265585662587612
-0.237747525916144	0.077958682705542
-1.15253539705602	0.353154418604941
0.928481199205008	0.243805258274956
2.74534949223189	0.773319630917041
0.142469531863295	0.0268725113483955
-0.644006342900786	0.156718049862583
-1.15439361670696	0.354342573020678
2.74534949223189	0.773319630917041
1.95135265955319	0.45428366780025
0.146774179931898	0.0369732700828277
0.150921468814773	0.0379194736694598
0.139930142590356	0.0265210820862786
0.138515396205365	0.0351017639698387
1.43328619377867	0.475825500287185
-0.35900113863639	0.104616647983879
0.147211981908801	0.0371529932006973
-0.643889763897163	0.156661592959279
0.147211981908801	0.0371529932006973
0.651349240994328	0.207129762624853
-0.644006342900786	0.156718049862583
-0.644006342900786	0.156718049862583
0.64559347674232	0.204972394147955
0.141726775817505	0.0358473898154438
-1.1547506215075	0.354173653078364
0.931166434102395	0.244280970808413
0.932829613639135	0.244963311679429
0.139373629020068	0.0264474830594518
3.25399732634696	1.10138712863889
0.146831091835794	0.0369592007582587
0.646143141275968	0.205158328067658
0.139373629020068	0.0264474830594518
0.932829613639135	0.244963311679429
0.933710809861868	0.244826616527384
-1.80368476738292	0.398254084963023
1.95135265955319	0.45428366780025
1.43645613213741	0.478161609320723
1.9537169353899	0.454657075827859
1.95062146582611	0.454190159391569
0.139930142590356	0.0265210820862786
-0.644388443682788	0.157000626677781
-0.644388443682788	0.157000626677781
2.74700474235958	0.773735225227364
1.95062146582611	0.454190159391569
0.653601146228235	0.207521943701603
-0.746151045211633	0.259667037559905
0.139373629020068	0.0264474830594518
0.65469668159777	0.207920986734369
-3.09029030460571	0.960832707527767
-0.1645988737961	0.0599392345868267
-1.53717500364267	0.554960306214636
0.932829613639135	0.244963311679429
0.137882546354006	0.0410247735746319
-1.80368476738292	0.398254084963023
0.932444120238111	0.244842742206832
-0.363074920327927	0.105749762822137
-0.366464707125696	0.106727724314083
-1.53219054338251	0.553674997524989
-0.640820070260403	0.156173374069777
1.80701548129766	0.709687594083792
1.95135265955319	0.45428366780025
2.74534949223189	0.773319630917041
-1.80379071234984	0.398266610487963
-0.643123124462485	0.156504140249688
3.62466075691912	1.43256044684919
1.95062146582611	0.454190159391569
1.02549223592864	0.388513835126415
2.09491544551037	0.937355918392519
0.139373629020068	0.0264474830594518
1.43693291937878	0.478412112216202
1.02201384172153	0.387406801790706
0.139930142590356	0.0265210820862786
-1.53327386150544	0.554071585244721
0.135892687142016	0.0405226661566277
0.507462935020791	0.182299507478559
-2.58453548475525	0.676764203908389
-0.742419833798786	0.258214778445979
-0.644006342900786	0.156718049862583
-0.643506271279338	0.156786530055825
-0.238920608592102	0.0782667689841429
-0.538714119684408	0.206903909568311
-1.15486421229877	0.353960755591684
-0.643123124462485	0.156504140249688
-1.54183385012035	0.556979646258816
3.25399732634696	1.10138712863889
-3.09029030460571	0.960832707527767
-1.80379071234984	0.398266610487963
-1.80379071234984	0.398266610487963
-0.364163724519504	0.105904858966181
0.649897891813891	0.206374526154303
1.43554514923892	0.477898562880183
-0.361802623855853	0.105358062763741
0.139373629020068	0.0264474830594518
-1.15347733768864	0.353947479713194
0.505159659700077	0.181649970886899
1.43973986105876	0.479489791047764
0.931950133432299	0.244413497437813
-1.807243397525	0.398882182291443
3.2530948013434	1.10108931722157
0.936011360767503	0.245553152580958
-2.58428653566473	0.675727611967995
-3.08953695583634	0.959084825597379
-0.643123124462485	0.156504140249688
-1.84024402602088	0.759932191900061
0.13912027261828	0.0264101516649031
0.148123932113398	0.037298775193441
2.74534949223189	0.773319630917041
0.139373629020068	0.0264474830594518
1.95062146582611	0.454190159391569
0.508648817829669	0.18261000234337
-0.644388443682788	0.157000626677781
1.02349375759299	0.388665902021623
0.13912027261828	0.0264101516649031
-3.09029030460571	0.960832707527767
1.95062146582611	0.454190159391569
0.150921468814773	0.0379194736694598
1.95062146582611	0.454190159391569
0.149527783414501	0.0375652210591108
2.74617618045436	0.774720201883077
0.147685616873541	0.0372140815523598
-1.80379071234984	0.398266610487963
1.80610961993801	0.709606900893752
-1.80368476738292	0.398254084963023
0.13912027261828	0.0264101516649031
0.933324263209431	0.244705909364566
1.02226842375779	0.387145037531902
-0.364760989388525	0.106129027528873
-1.16165682669275	0.355854814021849
1.95135265955319	0.45428366780025
1.95062146582611	0.454190159391569
-0.644006342900786	0.156718049862583
3.92014768119151	1.72455292462658
-1.15345350292765	0.353548980162923
1.95135265955319	0.45428366780025
0.933710809861868	0.244826616527384
0.933710809861868	0.244826616527384
0.139373629020068	0.0264474830594518
2.74534949223189	0.773319630917041
0.139930142590356	0.0265210820862786
-1.80379071234984	0.398266610487963
0.140184451576725	0.0265585662587612
-2.58843250021574	0.677477739401539
0.932444120238111	0.244842742206832
-1.15847376642875	0.355686548405735
0.136149693891106	0.0406054953419776
1.95135265955319	0.45428366780025
0.650802186307997	0.206632813066924
0.13912027261828	0.0264101516649031
-0.367370736590504	0.106848889573284
-1.80368476738292	0.398254084963023
1.95062146582611	0.454190159391569
-1.15755644738434	0.355289941594665
0.651349240994328	0.207129762624853
-0.644770889342653	0.156875139887313
3.9240314702215	1.72721837440263
-2.58453548475525	0.676764203908389
0.139373629020068	0.0264474830594518
-1.807243397525	0.398882182291443
-1.80379071234984	0.398266610487963
3.25586177376341	1.1013084673078
2.10051794173385	0.942924711508684
-1.80379071234984	0.398266610487963
-0.644770889342653	0.156875139887313
-1.80368476738292	0.398254084963023
-1.80368476738292	0.398254084963023
0.931950133432299	0.244413497437813
0.932444120238111	0.244842742206832
1.95062146582611	0.454190159391569
1.01733621069892	0.384794828984133
0.64559347674232	0.204972394147955
1.0216909072254	0.38745924007158
0.651896042016441	0.207030647505349
-1.53273207896643	0.55406409993797
-0.367559864207876	0.107030285212501
0.931565691852841	0.244293555241305
3.62372673657912	1.42967681844102
0.140130255519626	0.041673932144754
0.148123932113398	0.037298775193441
0.803676101253231	0.338560822354516
3.25399732634696	1.10138712863889
0.935515179855096	0.245440180005837
2.7496138177855	0.775189687209382
-2.58428653566473	0.675727611967995
-1.80368476738292	0.398254084963023
0.932829613639135	0.244963311679429
0.932444120238111	0.244842742206832
1.9537169353899	0.454657075827859
-1.807243397525	0.398882182291443
2.74617618045436	0.774720201883077
3.25676960114744	1.10310692759313
1.95135265955319	0.45428366780025
0.139373629020068	0.0264474830594518
1.02259212061632	0.388312776500153
0.650991162239829	0.206772040177897
1.95135265955319	0.45428366780025
0.139884098064408	0.0416988824150201
0.140184451576725	0.0265585662587612
1.43554514923892	0.477898562880183
0.140184451576725	0.0265585662587612
0.139373629020068	0.0264474830594518
-1.807243397525	0.398882182291443
0.65469668159777	0.207920986734369
-0.644770889342653	0.156875139887313
-1.80368476738292	0.398254084963023
-3.08991345953591	0.960747174631736
0.932444120238111	0.244842742206832
-0.645166441735812	0.157071156419286
-3.76450171843679	1.51272854782687
-1.04786382925772	0.422554751457188
1.95062146582611	0.454190159391569
2.74700474235958	0.773735225227364
0.13912027261828	0.0264101516649031
0.649540136788795	0.206300566749324
-1.80379071234984	0.398266610487963
0.139930142590356	0.0265210820862786
-0.359365673988087	0.104727737543846
1.4406577565604	0.479253975897627
1.43511052997664	0.477089390053173
3.25219401652934	1.09882975306147
0.139884098064408	0.0416988824150201
-0.643506271279338	0.156786530055825
0.927601018172465	0.243257788968905
2.74534949223189	0.773319630917041
0.136156966750329	0.025975077128062
0.135344827059028	0.0258639507496658
1.95135265955319	0.45428366780025
-1.80368476738292	0.398254084963023
1.80801736892668	0.709604687458265
0.14103192177006	0.0419706320314239
0.147685616873541	0.0372140815523598
0.135344827059028	0.0258639507496658
0.146737983479964	0.0369987654124611
-2.58428653566473	0.675727611967995
-3.46677402954847	1.25130611721134
0.932829613639135	0.244963311679429
3.25676960114744	1.10310692759313
1.43973986105876	0.479489791047764
3.25586177376341	1.1013084673078
0.139373629020068	0.0264474830594518
-1.80368476738292	0.398254084963023
-0.643506271279338	0.156786530055825
0.13912027261828	0.0264101516649031
1.95135265955319	0.45428366780025
-0.794335740703746	0.351453106240875
0.932829613639135	0.244963311679429
1.8098322354038	0.711329755606344
2.74877977095104	0.77489585677119
-2.58478470503525	0.675813541092272
-0.363255768460324	0.105782299807354
-3.46538037258837	1.25291021678476
-1.53662981716208	0.555438343483155
0.932829613639135	0.244963311679429
-3.46584456958788	1.25353297605489
1.95062146582611	0.454190159391569
0.139930142590356	0.0265210820862786
0.134672383551299	0.0401871605730982
0.935126029437946	0.245318397037238
-3.08953695583634	0.959084825597379
1.9537169353899	0.454657075827859
0.932444120238111	0.244842742206832
-3.09447285673231	0.961828946915894
-1.15392338036234	0.354212278509058
-0.644388443682788	0.157000626677781
0.139930142590356	0.0265210820862786
2.74617618045436	0.774720201883077
1.95135265955319	0.45428366780025
0.936011360767503	0.245553152580958
0.148598486564552	0.0373599031239063
2.74617618045436	0.774720201883077
1.95135265955319	0.45428366780025
-0.643889763897163	0.156661592959279
2.75223851146771	0.774442567945191
0.931565691852841	0.244293555241305
-0.363853877285648	0.105873302795216
-0.644006342900786	0.156718049862583
0.140184451576725	0.0265585662587612
0.936011360767503	0.245553152580958
-3.46927590533187	1.25338166490445
0.646143141275968	0.205158328067658
0.148123932113398	0.037298775193441
0.148598486564552	0.0373599031239063
0.651349240994328	0.207129762624853
3.25219401652934	1.09882975306147
0.139884098064408	0.0416988824150201
1.95062146582611	0.454190159391569
0.150481785037224	0.0377820806483386
-0.644388443682788	0.157000626677781
0.514659313486759	0.185330599053687
1.9537169353899	0.454657075827859
-1.80379071234984	0.398266610487963
0.935126029437946	0.245318397037238
0.936011360767503	0.245553152580958
0.150004967546857	0.037720852406733
0.140458165206262	0.0418615852654621
2.74617618045436	0.774720201883077
-0.368465304895136	0.107151020414935
0.140184451576725	0.0265585662587612
1.9537169353899	0.454657075827859
1.80646672530512	0.709284888569376
-0.643123124462485	0.156504140249688
0.128350501127829	0.043512403302682
-0.644388443682788	0.157000626677781
-0.644770889342653	0.156875139887313
-3.76557168292632	1.51230600255237
2.74877977095104	0.77489585677119
0.931565691852841	0.244293555241305
1.95062146582611	0.454190159391569
-0.367012159161167	0.106980484577588
-0.747630638147624	0.259859955972283
